strain_i,strain_j,meta_r,clade_i,clade_j,pair_type
AFE,AKH,0.005186072526549383,8. Mixed origin,13. African palm wine,Different clade
AFE,AKI,-0.003159708909394069,8. Mixed origin,M3. Mosaic region 3,Different clade
AFE,AKM,0.011603129512519083,8. Mixed origin,19. Malaysian,Different clade
AFE,AMP,0.0032618484959491163,8. Mixed origin,M1. Mosaic region 1,Different clade
AFE,ANG,0.03053472429834257,8. Mixed origin,23. North American oak,Different clade
AFE,ANN,0.011808033682314747,8. Mixed origin,12. West African cocoa,Different clade
AFE,ATS,0.0017386011379437992,8. Mixed origin,8. Mixed origin,Same clade
AFE,BAF,0.008665781821920094,8. Mixed origin,13. African palm wine,Different clade
AFE,BAG,0.01704901200462128,8. Mixed origin,15. CHNII,Different clade
AFE,BAI,0.019739173927894215,8. Mixed origin,18. Far East Asia,Different clade
AFE,BAK,0.01890326351330958,8. Mixed origin,18. Far East Asia,Different clade
AFE,BAL,0.016013721370504292,8. Mixed origin,16. CHNI,Different clade
AFE,BAM,0.006916414061381078,8. Mixed origin,14. CHNIII,Different clade
AFE,BAN,0.015153266634955344,8. Mixed origin,20. CHN V,Different clade
AFE,BAP,0.007348064483111116,8. Mixed origin,20. CHN V,Different clade
AFE,BBQ,7.76528646325288e-4,8. Mixed origin,4. Mediterranean oak,Different clade
AFE,BCK,0.01768023860653032,8. Mixed origin,10. French Guiana human,Different clade
AFE,BDB,0.018099152255953696,8. Mixed origin,M2. Mosaic region 2,Different clade
AFE,BDP,0.005411191269424,8. Mixed origin,10. French Guiana human,Different clade
AFE,BEF,0.014769751037111124,8. Mixed origin,26. Asian fermentation,Different clade
AFE,BFH,-8.444073238869909e-4,8. Mixed origin,5. French dairy,Different clade
AFE,BFP,0.03103980314328532,8. Mixed origin,4. Mediterranean oak,Different clade
AFE,BGD,-0.01819201478376557,8. Mixed origin,5. French dairy,Different clade
AFE,BGF,0.015226596363890295,8. Mixed origin,5. French dairy,Different clade
AFE,BHG,0.019291011952652076,8. Mixed origin,M2. Mosaic region 2,Different clade
AFE,BHK,0.04767521389775861,8. Mixed origin,M1. Mosaic region 1,Different clade
AFE,BHM,0.02538846362400922,8. Mixed origin,M1. Mosaic region 1,Different clade
AFE,BHQ,0.0045072895645248455,8. Mixed origin,26. Asian fermentation,Different clade
AFE,BMA,0.0072191530115507455,8. Mixed origin,19. Malaysian,Different clade
AFE,BMB,0.043311160632766875,8. Mixed origin,19. Malaysian,Different clade
AFE,BMC,0.016678611145667436,8. Mixed origin,19. Malaysian,Different clade
AFE,BNC,-0.03318796159783753,8. Mixed origin,10. French Guiana human,Different clade
AFE,BNV,0.014663876870832064,8. Mixed origin,1. Wine/European,Different clade
AFE,BQM,0.056141569081487264,8. Mixed origin,1. Wine/European,Different clade
AFE,BVG,0.029962600359523587,8. Mixed origin,3. Brazilian bioethanol,Different clade
AFE,CAE,-0.002660396162065293,8. Mixed origin,1. Wine/European,Different clade
AFE,CBN,0.02619488204835022,8. Mixed origin,7. Mosaic beer,Different clade
AFE,CCD,0.016169185759604018,8. Mixed origin,21. Ecuadorean,Different clade
AFE,CCG,-0.016940171663613224,8. Mixed origin,21. Ecuadorean,Different clade
AFE,CCN,-0.0038656835827590827,8. Mixed origin,18. Far East Asia,Different clade
AFE,CCQ,-0.015017563650604453,8. Mixed origin,18. Far East Asia,Different clade
AFE,CCR,0.026149699403302685,8. Mixed origin,18. Far East Asia,Different clade
AFE,CCS,0.0037630518668881523,8. Mixed origin,18. Far East Asia,Different clade
AFE,CCV,0.03798700518345385,8. Mixed origin,24. Asian islands,Different clade
AFE,CDE,0.005201803371807226,8. Mixed origin,M3. Mosaic region 3,Different clade
AFE,CDL,-0.013789417714825178,8. Mixed origin,18. Far East Asia,Different clade
AFE,CDT,-0.028528352006813994,8. Mixed origin,2. Alpechin,Different clade
AFE,CEG,-0.02372534897067274,8. Mixed origin,17. Taiwanese,Different clade
AFE,CFF,0.025088983858044752,8. Mixed origin,7. Mosaic beer,Different clade
AFE,CGL,0.05137830386734966,8. Mixed origin,26. Asian fermentation,Different clade
AFE,CGN,0.01878537836700331,8. Mixed origin,26. Asian fermentation,Different clade
AFE,CGS,0.009141043278367572,8. Mixed origin,1. Wine/European,Different clade
AFE,CLB,0.03910455257700959,8. Mixed origin,4. Mediterranean oak,Different clade
AFE,CLI,-0.027033460107849648,8. Mixed origin,25. Sake,Different clade
AFE,CLN,0.010748454905261025,8. Mixed origin,25. Sake,Different clade
AFE,CLP,0.017670384316469095,8. Mixed origin,25. Sake,Different clade
AFE,CMI,-0.009524966293739334,8. Mixed origin,25. Sake,Different clade
AFE,CPI,0.022318756151732632,8. Mixed origin,9. Mexican agave,Different clade
AFE,CPK,0.02357730772144525,8. Mixed origin,9. Mexican agave,Different clade
AFE,CPN,0.03777668880801753,8. Mixed origin,9. Mexican agave,Different clade
AFE,CQD,-0.0017183003554966264,8. Mixed origin,12. West African cocoa,Different clade
AFE,CQF,0.01811201152625758,8. Mixed origin,12. West African cocoa,Different clade
AFE,SACE_YCE,-0.01931432308137262,8. Mixed origin,M3. Mosaic region 3,Different clade
AFE,SACE_YCK,-0.011060452265142521,8. Mixed origin,26. Asian fermentation,Different clade
AFE,SACE_YCM,0.0026027578106204595,8. Mixed origin,24. Asian islands,Different clade
AFE,SACE_YCR,0.013962038036005093,8. Mixed origin,18. Far East Asia,Different clade
AFE,SACE_YCU,-0.0019331747965321592,8. Mixed origin,23. North American oak,Different clade
AKH,AFE,0.005186072526549383,13. African palm wine,8. Mixed origin,Different clade
AKH,AKI,0.0410692272281235,13. African palm wine,M3. Mosaic region 3,Different clade
AKH,AKM,0.0826266917026021,13. African palm wine,19. Malaysian,Different clade
AKH,AMP,0.04800297741808943,13. African palm wine,M1. Mosaic region 1,Different clade
AKH,ANG,0.0911664817220324,13. African palm wine,23. North American oak,Different clade
AKH,ANN,0.12329238451730769,13. African palm wine,12. West African cocoa,Different clade
AKH,ATS,0.06135142042924909,13. African palm wine,8. Mixed origin,Different clade
AKH,BAF,0.06337186502347623,13. African palm wine,13. African palm wine,Same clade
AKH,BAG,0.0901410965375694,13. African palm wine,15. CHNII,Different clade
AKH,BAI,0.08998807830716897,13. African palm wine,18. Far East Asia,Different clade
AKH,BAK,0.08562109089500912,13. African palm wine,18. Far East Asia,Different clade
AKH,BAL,0.09282106907603384,13. African palm wine,16. CHNI,Different clade
AKH,BAM,0.05971990869763985,13. African palm wine,14. CHNIII,Different clade
AKH,BAN,0.09423814178490031,13. African palm wine,20. CHN V,Different clade
AKH,BAP,0.061660176332764736,13. African palm wine,20. CHN V,Different clade
AKH,BBQ,0.06746816406333678,13. African palm wine,4. Mediterranean oak,Different clade
AKH,BCK,0.06271139561495755,13. African palm wine,10. French Guiana human,Different clade
AKH,BDB,0.058668130957867215,13. African palm wine,M2. Mosaic region 2,Different clade
AKH,BDP,0.04282711336999499,13. African palm wine,10. French Guiana human,Different clade
AKH,BEF,0.07651706681214078,13. African palm wine,26. Asian fermentation,Different clade
AKH,BFH,0.06969510836369816,13. African palm wine,5. French dairy,Different clade
AKH,BFP,0.08424374524143247,13. African palm wine,4. Mediterranean oak,Different clade
AKH,BGD,0.036883881333122266,13. African palm wine,5. French dairy,Different clade
AKH,BGF,0.02706173121828021,13. African palm wine,5. French dairy,Different clade
AKH,BHG,0.08838563388454991,13. African palm wine,M2. Mosaic region 2,Different clade
AKH,BHK,0.04619219677606006,13. African palm wine,M1. Mosaic region 1,Different clade
AKH,BHM,0.024545021007889162,13. African palm wine,M1. Mosaic region 1,Different clade
AKH,BHQ,0.09285144802148891,13. African palm wine,26. Asian fermentation,Different clade
AKH,BMA,0.10063128921260633,13. African palm wine,19. Malaysian,Different clade
AKH,BMB,0.12017762961535683,13. African palm wine,19. Malaysian,Different clade
AKH,BMC,0.05196550209417909,13. African palm wine,19. Malaysian,Different clade
AKH,BNC,0.06792284818960308,13. African palm wine,10. French Guiana human,Different clade
AKH,BNV,0.058397136810734,13. African palm wine,1. Wine/European,Different clade
AKH,BQM,0.09180450561285691,13. African palm wine,1. Wine/European,Different clade
AKH,BVG,0.06644276479883357,13. African palm wine,3. Brazilian bioethanol,Different clade
AKH,CAE,0.05140788483890466,13. African palm wine,1. Wine/European,Different clade
AKH,CBN,0.06406832690424054,13. African palm wine,7. Mosaic beer,Different clade
AKH,CCD,0.07963480165389492,13. African palm wine,21. Ecuadorean,Different clade
AKH,CCG,0.07283428179098676,13. African palm wine,21. Ecuadorean,Different clade
AKH,CCN,0.08615369517232264,13. African palm wine,18. Far East Asia,Different clade
AKH,CCQ,0.09360408861540016,13. African palm wine,18. Far East Asia,Different clade
AKH,CCR,0.0899641638160999,13. African palm wine,18. Far East Asia,Different clade
AKH,CCS,0.126550505041719,13. African palm wine,18. Far East Asia,Different clade
AKH,CCV,0.08086264245978252,13. African palm wine,24. Asian islands,Different clade
AKH,CDE,0.08677041044793055,13. African palm wine,M3. Mosaic region 3,Different clade
AKH,CDL,0.11227789170896511,13. African palm wine,18. Far East Asia,Different clade
AKH,CDT,0.05436333911596993,13. African palm wine,2. Alpechin,Different clade
AKH,CEG,0.10445907963655367,13. African palm wine,17. Taiwanese,Different clade
AKH,CFF,0.10173101478305435,13. African palm wine,7. Mosaic beer,Different clade
AKH,CGL,0.09079162938665454,13. African palm wine,26. Asian fermentation,Different clade
AKH,CGN,0.11748050615734588,13. African palm wine,26. Asian fermentation,Different clade
AKH,CGS,0.10833858879051486,13. African palm wine,1. Wine/European,Different clade
AKH,CLB,0.08265469182263147,13. African palm wine,4. Mediterranean oak,Different clade
AKH,CLI,0.09549655294249347,13. African palm wine,25. Sake,Different clade
AKH,CLN,0.05367872495571522,13. African palm wine,25. Sake,Different clade
AKH,CLP,0.08815642472199205,13. African palm wine,25. Sake,Different clade
AKH,CMI,0.06043465152280552,13. African palm wine,25. Sake,Different clade
AKH,CPI,0.07019135209602037,13. African palm wine,9. Mexican agave,Different clade
AKH,CPK,0.11049238047169291,13. African palm wine,9. Mexican agave,Different clade
AKH,CPN,0.08722564138424108,13. African palm wine,9. Mexican agave,Different clade
AKH,CQD,0.12913300778704054,13. African palm wine,12. West African cocoa,Different clade
AKH,CQF,0.10825877921459477,13. African palm wine,12. West African cocoa,Different clade
AKH,SACE_YCE,0.032351406858365114,13. African palm wine,M3. Mosaic region 3,Different clade
AKH,SACE_YCK,0.01467791551389412,13. African palm wine,26. Asian fermentation,Different clade
AKH,SACE_YCM,0.004923733982396006,13. African palm wine,24. Asian islands,Different clade
AKH,SACE_YCR,0.09087648252958841,13. African palm wine,18. Far East Asia,Different clade
AKH,SACE_YCU,0.06480735233850489,13. African palm wine,23. North American oak,Different clade
AKI,AFE,-0.003159708909394069,M3. Mosaic region 3,8. Mixed origin,Different clade
AKI,AKH,0.0410692272281235,M3. Mosaic region 3,13. African palm wine,Different clade
AKI,AKM,0.07276306818553245,M3. Mosaic region 3,19. Malaysian,Different clade
AKI,AMP,0.052431390830708656,M3. Mosaic region 3,M1. Mosaic region 1,Different clade
AKI,ANG,0.07100990900600292,M3. Mosaic region 3,23. North American oak,Different clade
AKI,ANN,0.09704151732286428,M3. Mosaic region 3,12. West African cocoa,Different clade
AKI,ATS,0.04711534434088926,M3. Mosaic region 3,8. Mixed origin,Different clade
AKI,BAF,0.08316949790642945,M3. Mosaic region 3,13. African palm wine,Different clade
AKI,BAG,0.0409428805926,M3. Mosaic region 3,15. CHNII,Different clade
AKI,BAI,0.08633696027802205,M3. Mosaic region 3,18. Far East Asia,Different clade
AKI,BAK,0.060711074615247995,M3. Mosaic region 3,18. Far East Asia,Different clade
AKI,BAL,0.035177887192439625,M3. Mosaic region 3,16. CHNI,Different clade
AKI,BAM,0.03307909702347695,M3. Mosaic region 3,14. CHNIII,Different clade
AKI,BAN,0.032327051883520766,M3. Mosaic region 3,20. CHN V,Different clade
AKI,BAP,0.050894137582841274,M3. Mosaic region 3,20. CHN V,Different clade
AKI,BBQ,0.08389706520243799,M3. Mosaic region 3,4. Mediterranean oak,Different clade
AKI,BCK,0.037004737622502004,M3. Mosaic region 3,10. French Guiana human,Different clade
AKI,BDB,0.035349980073336305,M3. Mosaic region 3,M2. Mosaic region 2,Different clade
AKI,BDP,0.06703945293225365,M3. Mosaic region 3,10. French Guiana human,Different clade
AKI,BEF,0.0842881696664875,M3. Mosaic region 3,26. Asian fermentation,Different clade
AKI,BFH,0.010161489527158618,M3. Mosaic region 3,5. French dairy,Different clade
AKI,BFP,0.07724630685327981,M3. Mosaic region 3,4. Mediterranean oak,Different clade
AKI,BGD,0.007131837737079357,M3. Mosaic region 3,5. French dairy,Different clade
AKI,BGF,0.012775236233624731,M3. Mosaic region 3,5. French dairy,Different clade
AKI,BHG,0.038157562442681536,M3. Mosaic region 3,M2. Mosaic region 2,Different clade
AKI,BHK,0.05396040582004299,M3. Mosaic region 3,M1. Mosaic region 1,Different clade
AKI,BHM,0.018005254710804476,M3. Mosaic region 3,M1. Mosaic region 1,Different clade
AKI,BHQ,0.0502611779667943,M3. Mosaic region 3,26. Asian fermentation,Different clade
AKI,BMA,0.03799723390972691,M3. Mosaic region 3,19. Malaysian,Different clade
AKI,BMB,0.06794622139570751,M3. Mosaic region 3,19. Malaysian,Different clade
AKI,BMC,0.02326457095758355,M3. Mosaic region 3,19. Malaysian,Different clade
AKI,BNC,0.05637870857895938,M3. Mosaic region 3,10. French Guiana human,Different clade
AKI,BNV,0.009120045331186103,M3. Mosaic region 3,1. Wine/European,Different clade
AKI,BQM,0.021015281187064062,M3. Mosaic region 3,1. Wine/European,Different clade
AKI,BVG,0.03169905179544044,M3. Mosaic region 3,3. Brazilian bioethanol,Different clade
AKI,CAE,0.06552244569936323,M3. Mosaic region 3,1. Wine/European,Different clade
AKI,CBN,0.06788349914889032,M3. Mosaic region 3,7. Mosaic beer,Different clade
AKI,CCD,0.05800155751645351,M3. Mosaic region 3,21. Ecuadorean,Different clade
AKI,CCG,0.041491698314452395,M3. Mosaic region 3,21. Ecuadorean,Different clade
AKI,CCN,0.04542133828758904,M3. Mosaic region 3,18. Far East Asia,Different clade
AKI,CCQ,0.0516667040062021,M3. Mosaic region 3,18. Far East Asia,Different clade
AKI,CCR,0.0658206055873092,M3. Mosaic region 3,18. Far East Asia,Different clade
AKI,CCS,0.09947563103102214,M3. Mosaic region 3,18. Far East Asia,Different clade
AKI,CCV,0.07247497973402155,M3. Mosaic region 3,24. Asian islands,Different clade
AKI,CDE,0.07322080599437544,M3. Mosaic region 3,M3. Mosaic region 3,Same clade
AKI,CDL,0.04855011650037767,M3. Mosaic region 3,18. Far East Asia,Different clade
AKI,CDT,0.04643269361311441,M3. Mosaic region 3,2. Alpechin,Different clade
AKI,CEG,0.04746447628039833,M3. Mosaic region 3,17. Taiwanese,Different clade
AKI,CFF,0.10375707966718459,M3. Mosaic region 3,7. Mosaic beer,Different clade
AKI,CGL,0.025643930032947026,M3. Mosaic region 3,26. Asian fermentation,Different clade
AKI,CGN,0.06145677895433994,M3. Mosaic region 3,26. Asian fermentation,Different clade
AKI,CGS,0.04153781459017975,M3. Mosaic region 3,1. Wine/European,Different clade
AKI,CLB,0.04986423590435697,M3. Mosaic region 3,4. Mediterranean oak,Different clade
AKI,CLI,0.02012652990956339,M3. Mosaic region 3,25. Sake,Different clade
AKI,CLN,0.04033861662254861,M3. Mosaic region 3,25. Sake,Different clade
AKI,CLP,0.03411557287705161,M3. Mosaic region 3,25. Sake,Different clade
AKI,CMI,0.03121307747031725,M3. Mosaic region 3,25. Sake,Different clade
AKI,CPI,0.058990469640781105,M3. Mosaic region 3,9. Mexican agave,Different clade
AKI,CPK,0.06346556712967331,M3. Mosaic region 3,9. Mexican agave,Different clade
AKI,CPN,0.08483312697946467,M3. Mosaic region 3,9. Mexican agave,Different clade
AKI,CQD,0.05073021080641972,M3. Mosaic region 3,12. West African cocoa,Different clade
AKI,CQF,0.07421192513891575,M3. Mosaic region 3,12. West African cocoa,Different clade
AKI,SACE_YCE,0.018605536963359533,M3. Mosaic region 3,M3. Mosaic region 3,Same clade
AKI,SACE_YCK,0.04591401546919972,M3. Mosaic region 3,26. Asian fermentation,Different clade
AKI,SACE_YCM,0.03703163705192451,M3. Mosaic region 3,24. Asian islands,Different clade
AKI,SACE_YCR,0.05454534653558649,M3. Mosaic region 3,18. Far East Asia,Different clade
AKI,SACE_YCU,0.048067476875979606,M3. Mosaic region 3,23. North American oak,Different clade
AKM,AFE,0.011603129512519083,19. Malaysian,8. Mixed origin,Different clade
AKM,AKH,0.0826266917026021,19. Malaysian,13. African palm wine,Different clade
AKM,AKI,0.07276306818553245,19. Malaysian,M3. Mosaic region 3,Different clade
AKM,AMP,0.05771739412147351,19. Malaysian,M1. Mosaic region 1,Different clade
AKM,ANG,0.10848521481208932,19. Malaysian,23. North American oak,Different clade
AKM,ANN,0.11585851062735106,19. Malaysian,12. West African cocoa,Different clade
AKM,ATS,0.03261276500028294,19. Malaysian,8. Mixed origin,Different clade
AKM,BAF,0.09060653203561327,19. Malaysian,13. African palm wine,Different clade
AKM,BAG,0.05078083115235491,19. Malaysian,15. CHNII,Different clade
AKM,BAI,0.1061050201196385,19. Malaysian,18. Far East Asia,Different clade
AKM,BAK,0.10508974959332974,19. Malaysian,18. Far East Asia,Different clade
AKM,BAL,0.10592354702888236,19. Malaysian,16. CHNI,Different clade
AKM,BAM,0.08688847303493534,19. Malaysian,14. CHNIII,Different clade
AKM,BAN,0.11340825554700706,19. Malaysian,20. CHN V,Different clade
AKM,BAP,0.08856993212968817,19. Malaysian,20. CHN V,Different clade
AKM,BBQ,0.07248924416266804,19. Malaysian,4. Mediterranean oak,Different clade
AKM,BCK,0.07550942846401522,19. Malaysian,10. French Guiana human,Different clade
AKM,BDB,0.032237177849261535,19. Malaysian,M2. Mosaic region 2,Different clade
AKM,BDP,0.06213358760674529,19. Malaysian,10. French Guiana human,Different clade
AKM,BEF,0.07056671607424761,19. Malaysian,26. Asian fermentation,Different clade
AKM,BFH,0.07101890554738302,19. Malaysian,5. French dairy,Different clade
AKM,BFP,0.07241546582484674,19. Malaysian,4. Mediterranean oak,Different clade
AKM,BGD,0.008758127745377757,19. Malaysian,5. French dairy,Different clade
AKM,BGF,0.048852965920555574,19. Malaysian,5. French dairy,Different clade
AKM,BHG,0.06535623348852765,19. Malaysian,M2. Mosaic region 2,Different clade
AKM,BHK,0.09053038015537315,19. Malaysian,M1. Mosaic region 1,Different clade
AKM,BHM,0.02076850478781484,19. Malaysian,M1. Mosaic region 1,Different clade
AKM,BHQ,0.12289099746550848,19. Malaysian,26. Asian fermentation,Different clade
AKM,BMA,0.14641397956336108,19. Malaysian,19. Malaysian,Same clade
AKM,BMB,0.15002450019386396,19. Malaysian,19. Malaysian,Same clade
AKM,BMC,0.11347856469646071,19. Malaysian,19. Malaysian,Same clade
AKM,BNC,0.0659674081783848,19. Malaysian,10. French Guiana human,Different clade
AKM,BNV,0.0508152154891364,19. Malaysian,1. Wine/European,Different clade
AKM,BQM,0.09386128179697573,19. Malaysian,1. Wine/European,Different clade
AKM,BVG,0.0909695556290351,19. Malaysian,3. Brazilian bioethanol,Different clade
AKM,CAE,0.0800065941995127,19. Malaysian,1. Wine/European,Different clade
AKM,CBN,0.06726006742688741,19. Malaysian,7. Mosaic beer,Different clade
AKM,CCD,0.11704950704009488,19. Malaysian,21. Ecuadorean,Different clade
AKM,CCG,0.07331684221269706,19. Malaysian,21. Ecuadorean,Different clade
AKM,CCN,0.08077948360936106,19. Malaysian,18. Far East Asia,Different clade
AKM,CCQ,0.09320272191033367,19. Malaysian,18. Far East Asia,Different clade
AKM,CCR,0.09148470238881001,19. Malaysian,18. Far East Asia,Different clade
AKM,CCS,0.11737570250619325,19. Malaysian,18. Far East Asia,Different clade
AKM,CCV,0.0851287673605112,19. Malaysian,24. Asian islands,Different clade
AKM,CDE,0.09818403301126014,19. Malaysian,M3. Mosaic region 3,Different clade
AKM,CDL,0.10250958060653974,19. Malaysian,18. Far East Asia,Different clade
AKM,CDT,0.02628730043877063,19. Malaysian,2. Alpechin,Different clade
AKM,CEG,0.04956549221288005,19. Malaysian,17. Taiwanese,Different clade
AKM,CFF,0.0871327397348743,19. Malaysian,7. Mosaic beer,Different clade
AKM,CGL,0.07944921559789439,19. Malaysian,26. Asian fermentation,Different clade
AKM,CGN,0.12078407018837814,19. Malaysian,26. Asian fermentation,Different clade
AKM,CGS,0.07529610586000116,19. Malaysian,1. Wine/European,Different clade
AKM,CLB,0.0841791104991133,19. Malaysian,4. Mediterranean oak,Different clade
AKM,CLI,0.08634746420015117,19. Malaysian,25. Sake,Different clade
AKM,CLN,0.05853305273292532,19. Malaysian,25. Sake,Different clade
AKM,CLP,0.08457879137929178,19. Malaysian,25. Sake,Different clade
AKM,CMI,0.07752373918927162,19. Malaysian,25. Sake,Different clade
AKM,CPI,0.06618135779422223,19. Malaysian,9. Mexican agave,Different clade
AKM,CPK,0.10703052343857042,19. Malaysian,9. Mexican agave,Different clade
AKM,CPN,0.07420199359595839,19. Malaysian,9. Mexican agave,Different clade
AKM,CQD,0.1252651855171704,19. Malaysian,12. West African cocoa,Different clade
AKM,CQF,0.10949964500200605,19. Malaysian,12. West African cocoa,Different clade
AKM,SACE_YCE,0.0656322209576822,19. Malaysian,M3. Mosaic region 3,Different clade
AKM,SACE_YCK,0.02778882021572717,19. Malaysian,26. Asian fermentation,Different clade
AKM,SACE_YCM,0.042477260473458366,19. Malaysian,24. Asian islands,Different clade
AKM,SACE_YCR,0.12124555099476854,19. Malaysian,18. Far East Asia,Different clade
AKM,SACE_YCU,0.07636650462641863,19. Malaysian,23. North American oak,Different clade
AMP,AFE,0.0032618484959491163,M1. Mosaic region 1,8. Mixed origin,Different clade
AMP,AKH,0.04800297741808943,M1. Mosaic region 1,13. African palm wine,Different clade
AMP,AKI,0.052431390830708656,M1. Mosaic region 1,M3. Mosaic region 3,Different clade
AMP,AKM,0.05771739412147351,M1. Mosaic region 1,19. Malaysian,Different clade
AMP,ANG,0.04968061560965148,M1. Mosaic region 1,23. North American oak,Different clade
AMP,ANN,0.055192931438502374,M1. Mosaic region 1,12. West African cocoa,Different clade
AMP,ATS,0.09645180384367298,M1. Mosaic region 1,8. Mixed origin,Different clade
AMP,BAF,0.067011987590904,M1. Mosaic region 1,13. African palm wine,Different clade
AMP,BAG,0.0611956544899857,M1. Mosaic region 1,15. CHNII,Different clade
AMP,BAI,0.06594180285966851,M1. Mosaic region 1,18. Far East Asia,Different clade
AMP,BAK,0.08596067925196718,M1. Mosaic region 1,18. Far East Asia,Different clade
AMP,BAL,0.08916272436175651,M1. Mosaic region 1,16. CHNI,Different clade
AMP,BAM,0.06749478506226628,M1. Mosaic region 1,14. CHNIII,Different clade
AMP,BAN,0.07797781405206947,M1. Mosaic region 1,20. CHN V,Different clade
AMP,BAP,0.06304449493523327,M1. Mosaic region 1,20. CHN V,Different clade
AMP,BBQ,0.07636959375195787,M1. Mosaic region 1,4. Mediterranean oak,Different clade
AMP,BCK,0.08062959957536261,M1. Mosaic region 1,10. French Guiana human,Different clade
AMP,BDB,0.07270031462821692,M1. Mosaic region 1,M2. Mosaic region 2,Different clade
AMP,BDP,0.06548354273789475,M1. Mosaic region 1,10. French Guiana human,Different clade
AMP,BEF,0.0892912394647444,M1. Mosaic region 1,26. Asian fermentation,Different clade
AMP,BFH,0.06050558414068685,M1. Mosaic region 1,5. French dairy,Different clade
AMP,BFP,0.08611979592131584,M1. Mosaic region 1,4. Mediterranean oak,Different clade
AMP,BGD,0.016162848097774282,M1. Mosaic region 1,5. French dairy,Different clade
AMP,BGF,0.05633167660184756,M1. Mosaic region 1,5. French dairy,Different clade
AMP,BHG,0.05016374703985263,M1. Mosaic region 1,M2. Mosaic region 2,Different clade
AMP,BHK,0.06974977201287932,M1. Mosaic region 1,M1. Mosaic region 1,Same clade
AMP,BHM,0.027873451096850854,M1. Mosaic region 1,M1. Mosaic region 1,Same clade
AMP,BHQ,0.09653162101918528,M1. Mosaic region 1,26. Asian fermentation,Different clade
AMP,BMA,0.057509283998877066,M1. Mosaic region 1,19. Malaysian,Different clade
AMP,BMB,0.046514374082332145,M1. Mosaic region 1,19. Malaysian,Different clade
AMP,BMC,0.022578433681751317,M1. Mosaic region 1,19. Malaysian,Different clade
AMP,BNC,0.08487906904473906,M1. Mosaic region 1,10. French Guiana human,Different clade
AMP,BNV,0.061009955617977396,M1. Mosaic region 1,1. Wine/European,Different clade
AMP,BQM,0.0896084016622767,M1. Mosaic region 1,1. Wine/European,Different clade
AMP,BVG,0.04902179253610933,M1. Mosaic region 1,3. Brazilian bioethanol,Different clade
AMP,CAE,0.11397910521296535,M1. Mosaic region 1,1. Wine/European,Different clade
AMP,CBN,0.04180643095552743,M1. Mosaic region 1,7. Mosaic beer,Different clade
AMP,CCD,0.08949048614538517,M1. Mosaic region 1,21. Ecuadorean,Different clade
AMP,CCG,0.08493138323391143,M1. Mosaic region 1,21. Ecuadorean,Different clade
AMP,CCN,0.053138208788990546,M1. Mosaic region 1,18. Far East Asia,Different clade
AMP,CCQ,0.09276046522158701,M1. Mosaic region 1,18. Far East Asia,Different clade
AMP,CCR,0.08356822257241846,M1. Mosaic region 1,18. Far East Asia,Different clade
AMP,CCS,0.07585195157563052,M1. Mosaic region 1,18. Far East Asia,Different clade
AMP,CCV,0.05814497125497112,M1. Mosaic region 1,24. Asian islands,Different clade
AMP,CDE,0.06328747273610802,M1. Mosaic region 1,M3. Mosaic region 3,Different clade
AMP,CDL,0.08818760441964724,M1. Mosaic region 1,18. Far East Asia,Different clade
AMP,CDT,0.08576588147994832,M1. Mosaic region 1,2. Alpechin,Different clade
AMP,CEG,0.06846310310732523,M1. Mosaic region 1,17. Taiwanese,Different clade
AMP,CFF,0.10902266233895612,M1. Mosaic region 1,7. Mosaic beer,Different clade
AMP,CGL,0.1105154181657867,M1. Mosaic region 1,26. Asian fermentation,Different clade
AMP,CGN,0.13550551681236075,M1. Mosaic region 1,26. Asian fermentation,Different clade
AMP,CGS,0.12353750992524724,M1. Mosaic region 1,1. Wine/European,Different clade
AMP,CLB,0.07599100363089487,M1. Mosaic region 1,4. Mediterranean oak,Different clade
AMP,CLI,0.11085442034680046,M1. Mosaic region 1,25. Sake,Different clade
AMP,CLN,0.051495716159893026,M1. Mosaic region 1,25. Sake,Different clade
AMP,CLP,0.08883768671853093,M1. Mosaic region 1,25. Sake,Different clade
AMP,CMI,0.04887487789382637,M1. Mosaic region 1,25. Sake,Different clade
AMP,CPI,0.08974130159565048,M1. Mosaic region 1,9. Mexican agave,Different clade
AMP,CPK,0.08304437580051921,M1. Mosaic region 1,9. Mexican agave,Different clade
AMP,CPN,0.05494961426259922,M1. Mosaic region 1,9. Mexican agave,Different clade
AMP,CQD,0.054936138411051355,M1. Mosaic region 1,12. West African cocoa,Different clade
AMP,CQF,0.09865568879900849,M1. Mosaic region 1,12. West African cocoa,Different clade
AMP,SACE_YCE,0.05092413647165829,M1. Mosaic region 1,M3. Mosaic region 3,Different clade
AMP,SACE_YCK,0.023947514830246326,M1. Mosaic region 1,26. Asian fermentation,Different clade
AMP,SACE_YCM,0.01118093429082662,M1. Mosaic region 1,24. Asian islands,Different clade
AMP,SACE_YCR,0.08535659908687267,M1. Mosaic region 1,18. Far East Asia,Different clade
AMP,SACE_YCU,0.09283409606666236,M1. Mosaic region 1,23. North American oak,Different clade
ANG,AFE,0.03053472429834257,23. North American oak,8. Mixed origin,Different clade
ANG,AKH,0.0911664817220324,23. North American oak,13. African palm wine,Different clade
ANG,AKI,0.07100990900600292,23. North American oak,M3. Mosaic region 3,Different clade
ANG,AKM,0.10848521481208932,23. North American oak,19. Malaysian,Different clade
ANG,AMP,0.04968061560965148,23. North American oak,M1. Mosaic region 1,Different clade
ANG,ANN,0.16242847447793266,23. North American oak,12. West African cocoa,Different clade
ANG,ATS,0.04575934368856655,23. North American oak,8. Mixed origin,Different clade
ANG,BAF,0.0901933349960214,23. North American oak,13. African palm wine,Different clade
ANG,BAG,0.10166001938381321,23. North American oak,15. CHNII,Different clade
ANG,BAI,0.16786477276898923,23. North American oak,18. Far East Asia,Different clade
ANG,BAK,0.17791440440840878,23. North American oak,18. Far East Asia,Different clade
ANG,BAL,0.1604777524445527,23. North American oak,16. CHNI,Different clade
ANG,BAM,0.1455603548060681,23. North American oak,14. CHNIII,Different clade
ANG,BAN,0.13603668232900634,23. North American oak,20. CHN V,Different clade
ANG,BAP,0.11551045474691263,23. North American oak,20. CHN V,Different clade
ANG,BBQ,0.10989992991694375,23. North American oak,4. Mediterranean oak,Different clade
ANG,BCK,0.0901330799695116,23. North American oak,10. French Guiana human,Different clade
ANG,BDB,0.05768141072566297,23. North American oak,M2. Mosaic region 2,Different clade
ANG,BDP,0.09384147016521503,23. North American oak,10. French Guiana human,Different clade
ANG,BEF,0.10170864364705963,23. North American oak,26. Asian fermentation,Different clade
ANG,BFH,0.07714206209473091,23. North American oak,5. French dairy,Different clade
ANG,BFP,0.15923926305254932,23. North American oak,4. Mediterranean oak,Different clade
ANG,BGD,0.05600777897640497,23. North American oak,5. French dairy,Different clade
ANG,BGF,0.054504773185943003,23. North American oak,5. French dairy,Different clade
ANG,BHG,0.11541901421817091,23. North American oak,M2. Mosaic region 2,Different clade
ANG,BHK,0.08364040075778946,23. North American oak,M1. Mosaic region 1,Different clade
ANG,BHM,0.05261467571309662,23. North American oak,M1. Mosaic region 1,Different clade
ANG,BHQ,0.13489942498040364,23. North American oak,26. Asian fermentation,Different clade
ANG,BMA,0.1319344310257319,23. North American oak,19. Malaysian,Different clade
ANG,BMB,0.12454226492157412,23. North American oak,19. Malaysian,Different clade
ANG,BMC,0.08597895843365591,23. North American oak,19. Malaysian,Different clade
ANG,BNC,0.04055623738355238,23. North American oak,10. French Guiana human,Different clade
ANG,BNV,0.0657190640029585,23. North American oak,1. Wine/European,Different clade
ANG,BQM,0.11532158564910398,23. North American oak,1. Wine/European,Different clade
ANG,BVG,0.08762891384197066,23. North American oak,3. Brazilian bioethanol,Different clade
ANG,CAE,0.09469733788567843,23. North American oak,1. Wine/European,Different clade
ANG,CBN,0.12368819599598785,23. North American oak,7. Mosaic beer,Different clade
ANG,CCD,0.13431222169041487,23. North American oak,21. Ecuadorean,Different clade
ANG,CCG,0.09980117753911853,23. North American oak,21. Ecuadorean,Different clade
ANG,CCN,0.10051900211458133,23. North American oak,18. Far East Asia,Different clade
ANG,CCQ,0.14996406190541717,23. North American oak,18. Far East Asia,Different clade
ANG,CCR,0.18078751695926887,23. North American oak,18. Far East Asia,Different clade
ANG,CCS,0.19175764461954428,23. North American oak,18. Far East Asia,Different clade
ANG,CCV,0.12676179569808446,23. North American oak,24. Asian islands,Different clade
ANG,CDE,0.11782631350208517,23. North American oak,M3. Mosaic region 3,Different clade
ANG,CDL,0.17886464073708294,23. North American oak,18. Far East Asia,Different clade
ANG,CDT,0.06274348621166825,23. North American oak,2. Alpechin,Different clade
ANG,CEG,0.08513789699610802,23. North American oak,17. Taiwanese,Different clade
ANG,CFF,0.1388270347374132,23. North American oak,7. Mosaic beer,Different clade
ANG,CGL,0.11655063119991584,23. North American oak,26. Asian fermentation,Different clade
ANG,CGN,0.12071577938305021,23. North American oak,26. Asian fermentation,Different clade
ANG,CGS,0.12883436951593685,23. North American oak,1. Wine/European,Different clade
ANG,CLB,0.15950129814201872,23. North American oak,4. Mediterranean oak,Different clade
ANG,CLI,0.114860089518725,23. North American oak,25. Sake,Different clade
ANG,CLN,0.0810342078302725,23. North American oak,25. Sake,Different clade
ANG,CLP,0.04822999189267903,23. North American oak,25. Sake,Different clade
ANG,CMI,0.07964473977502036,23. North American oak,25. Sake,Different clade
ANG,CPI,0.08274306595503386,23. North American oak,9. Mexican agave,Different clade
ANG,CPK,0.1408261730112022,23. North American oak,9. Mexican agave,Different clade
ANG,CPN,0.11944673314180083,23. North American oak,9. Mexican agave,Different clade
ANG,CQD,0.1448696187494759,23. North American oak,12. West African cocoa,Different clade
ANG,CQF,0.15806200153407765,23. North American oak,12. West African cocoa,Different clade
ANG,SACE_YCE,0.046929594793338324,23. North American oak,M3. Mosaic region 3,Different clade
ANG,SACE_YCK,0.046855490360573106,23. North American oak,26. Asian fermentation,Different clade
ANG,SACE_YCM,0.07450839277448057,23. North American oak,24. Asian islands,Different clade
ANG,SACE_YCR,0.16600923411799198,23. North American oak,18. Far East Asia,Different clade
ANG,SACE_YCU,0.132798888035815,23. North American oak,23. North American oak,Same clade
ANN,AFE,0.011808033682314747,12. West African cocoa,8. Mixed origin,Different clade
ANN,AKH,0.12329238451730769,12. West African cocoa,13. African palm wine,Different clade
ANN,AKI,0.09704151732286428,12. West African cocoa,M3. Mosaic region 3,Different clade
ANN,AKM,0.11585851062735106,12. West African cocoa,19. Malaysian,Different clade
ANN,AMP,0.055192931438502374,12. West African cocoa,M1. Mosaic region 1,Different clade
ANN,ANG,0.16242847447793266,12. West African cocoa,23. North American oak,Different clade
ANN,ATS,0.10836450561417936,12. West African cocoa,8. Mixed origin,Different clade
ANN,BAF,0.11885075313790064,12. West African cocoa,13. African palm wine,Different clade
ANN,BAG,0.07345546153339229,12. West African cocoa,15. CHNII,Different clade
ANN,BAI,0.170259498354727,12. West African cocoa,18. Far East Asia,Different clade
ANN,BAK,0.17666568879614383,12. West African cocoa,18. Far East Asia,Different clade
ANN,BAL,0.14033766110139498,12. West African cocoa,16. CHNI,Different clade
ANN,BAM,0.09246101797041369,12. West African cocoa,14. CHNIII,Different clade
ANN,BAN,0.1258707986929183,12. West African cocoa,20. CHN V,Different clade
ANN,BAP,0.1290449545801573,12. West African cocoa,20. CHN V,Different clade
ANN,BBQ,0.1282361279516667,12. West African cocoa,4. Mediterranean oak,Different clade
ANN,BCK,0.12778897603989836,12. West African cocoa,10. French Guiana human,Different clade
ANN,BDB,0.10136851411057328,12. West African cocoa,M2. Mosaic region 2,Different clade
ANN,BDP,0.11225672245995155,12. West African cocoa,10. French Guiana human,Different clade
ANN,BEF,0.10890731172473139,12. West African cocoa,26. Asian fermentation,Different clade
ANN,BFH,0.12987846579388876,12. West African cocoa,5. French dairy,Different clade
ANN,BFP,0.10325812534955053,12. West African cocoa,4. Mediterranean oak,Different clade
ANN,BGD,0.05172711440525192,12. West African cocoa,5. French dairy,Different clade
ANN,BGF,0.05631655817767104,12. West African cocoa,5. French dairy,Different clade
ANN,BHG,0.1438039650096154,12. West African cocoa,M2. Mosaic region 2,Different clade
ANN,BHK,0.1409208070564802,12. West African cocoa,M1. Mosaic region 1,Different clade
ANN,BHM,0.09024752269280198,12. West African cocoa,M1. Mosaic region 1,Different clade
ANN,BHQ,0.15755818130879023,12. West African cocoa,26. Asian fermentation,Different clade
ANN,BMA,0.14289358904044944,12. West African cocoa,19. Malaysian,Different clade
ANN,BMB,0.15983286215976722,12. West African cocoa,19. Malaysian,Different clade
ANN,BMC,0.11132620863356564,12. West African cocoa,19. Malaysian,Different clade
ANN,BNC,0.09495733857284182,12. West African cocoa,10. French Guiana human,Different clade
ANN,BNV,0.10064528155050016,12. West African cocoa,1. Wine/European,Different clade
ANN,BQM,0.11483588169903297,12. West African cocoa,1. Wine/European,Different clade
ANN,BVG,0.13921439126803925,12. West African cocoa,3. Brazilian bioethanol,Different clade
ANN,CAE,0.11883924059963627,12. West African cocoa,1. Wine/European,Different clade
ANN,CBN,0.11894904846259245,12. West African cocoa,7. Mosaic beer,Different clade
ANN,CCD,0.1243755274466628,12. West African cocoa,21. Ecuadorean,Different clade
ANN,CCG,0.09729658142549638,12. West African cocoa,21. Ecuadorean,Different clade
ANN,CCN,0.11983486811873494,12. West African cocoa,18. Far East Asia,Different clade
ANN,CCQ,0.1444344043806188,12. West African cocoa,18. Far East Asia,Different clade
ANN,CCR,0.17255296643755552,12. West African cocoa,18. Far East Asia,Different clade
ANN,CCS,0.18704163387976877,12. West African cocoa,18. Far East Asia,Different clade
ANN,CCV,0.11725705601147789,12. West African cocoa,24. Asian islands,Different clade
ANN,CDE,0.08493830419630713,12. West African cocoa,M3. Mosaic region 3,Different clade
ANN,CDL,0.15995983145497503,12. West African cocoa,18. Far East Asia,Different clade
ANN,CDT,0.07429958554284227,12. West African cocoa,2. Alpechin,Different clade
ANN,CEG,0.06842905911952349,12. West African cocoa,17. Taiwanese,Different clade
ANN,CFF,0.14695430147719185,12. West African cocoa,7. Mosaic beer,Different clade
ANN,CGL,0.14518063395584865,12. West African cocoa,26. Asian fermentation,Different clade
ANN,CGN,0.16655682707323471,12. West African cocoa,26. Asian fermentation,Different clade
ANN,CGS,0.14592178942427114,12. West African cocoa,1. Wine/European,Different clade
ANN,CLB,0.15118279565990791,12. West African cocoa,4. Mediterranean oak,Different clade
ANN,CLI,0.13418186185969203,12. West African cocoa,25. Sake,Different clade
ANN,CLN,0.06112274268983382,12. West African cocoa,25. Sake,Different clade
ANN,CLP,0.099218718209446,12. West African cocoa,25. Sake,Different clade
ANN,CMI,0.0793478462425068,12. West African cocoa,25. Sake,Different clade
ANN,CPI,0.13949477480021938,12. West African cocoa,9. Mexican agave,Different clade
ANN,CPK,0.17221503684399916,12. West African cocoa,9. Mexican agave,Different clade
ANN,CPN,0.18690921665977125,12. West African cocoa,9. Mexican agave,Different clade
ANN,CQD,0.19038258165970598,12. West African cocoa,12. West African cocoa,Same clade
ANN,CQF,0.22709952835261207,12. West African cocoa,12. West African cocoa,Same clade
ANN,SACE_YCE,0.09477704881999005,12. West African cocoa,M3. Mosaic region 3,Different clade
ANN,SACE_YCK,0.0653120474642905,12. West African cocoa,26. Asian fermentation,Different clade
ANN,SACE_YCM,0.0813873396382125,12. West African cocoa,24. Asian islands,Different clade
ANN,SACE_YCR,0.16750079296730497,12. West African cocoa,18. Far East Asia,Different clade
ANN,SACE_YCU,0.10393686594602075,12. West African cocoa,23. North American oak,Different clade
ATS,AFE,0.0017386011379437992,8. Mixed origin,8. Mixed origin,Same clade
ATS,AKH,0.06135142042924909,8. Mixed origin,13. African palm wine,Different clade
ATS,AKI,0.04711534434088926,8. Mixed origin,M3. Mosaic region 3,Different clade
ATS,AKM,0.03261276500028294,8. Mixed origin,19. Malaysian,Different clade
ATS,AMP,0.09645180384367298,8. Mixed origin,M1. Mosaic region 1,Different clade
ATS,ANG,0.04575934368856655,8. Mixed origin,23. North American oak,Different clade
ATS,ANN,0.10836450561417936,8. Mixed origin,12. West African cocoa,Different clade
ATS,BAF,0.09424362557629162,8. Mixed origin,13. African palm wine,Different clade
ATS,BAG,0.07776625190793213,8. Mixed origin,15. CHNII,Different clade
ATS,BAI,0.06914314891278353,8. Mixed origin,18. Far East Asia,Different clade
ATS,BAK,0.07079730255224459,8. Mixed origin,18. Far East Asia,Different clade
ATS,BAL,0.09303618904382364,8. Mixed origin,16. CHNI,Different clade
ATS,BAM,0.08277567693357887,8. Mixed origin,14. CHNIII,Different clade
ATS,BAN,0.08600111406414401,8. Mixed origin,20. CHN V,Different clade
ATS,BAP,0.06979527009531354,8. Mixed origin,20. CHN V,Different clade
ATS,BBQ,0.07575827071467581,8. Mixed origin,4. Mediterranean oak,Different clade
ATS,BCK,0.07303553852751342,8. Mixed origin,10. French Guiana human,Different clade
ATS,BDB,0.09798383152776492,8. Mixed origin,M2. Mosaic region 2,Different clade
ATS,BDP,0.09732945093900619,8. Mixed origin,10. French Guiana human,Different clade
ATS,BEF,0.06859976979319306,8. Mixed origin,26. Asian fermentation,Different clade
ATS,BFH,0.06763669937013853,8. Mixed origin,5. French dairy,Different clade
ATS,BFP,0.051660808166428734,8. Mixed origin,4. Mediterranean oak,Different clade
ATS,BGD,0.04479706709426683,8. Mixed origin,5. French dairy,Different clade
ATS,BGF,0.050405760880174844,8. Mixed origin,5. French dairy,Different clade
ATS,BHG,0.03185121528091531,8. Mixed origin,M2. Mosaic region 2,Different clade
ATS,BHK,0.0687465932521311,8. Mixed origin,M1. Mosaic region 1,Different clade
ATS,BHM,0.04463508374358181,8. Mixed origin,M1. Mosaic region 1,Different clade
ATS,BHQ,0.07022587102779829,8. Mixed origin,26. Asian fermentation,Different clade
ATS,BMA,0.0682479794106077,8. Mixed origin,19. Malaysian,Different clade
ATS,BMB,0.048047826459046594,8. Mixed origin,19. Malaysian,Different clade
ATS,BMC,0.0741169925199244,8. Mixed origin,19. Malaysian,Different clade
ATS,BNC,0.07581942714203463,8. Mixed origin,10. French Guiana human,Different clade
ATS,BNV,0.08690629361030267,8. Mixed origin,1. Wine/European,Different clade
ATS,BQM,0.03963960896318584,8. Mixed origin,1. Wine/European,Different clade
ATS,BVG,0.061222671723249474,8. Mixed origin,3. Brazilian bioethanol,Different clade
ATS,CAE,0.10764899055680313,8. Mixed origin,1. Wine/European,Different clade
ATS,CBN,0.05522710951336886,8. Mixed origin,7. Mosaic beer,Different clade
ATS,CCD,0.10177583015102543,8. Mixed origin,21. Ecuadorean,Different clade
ATS,CCG,0.08653579313770873,8. Mixed origin,21. Ecuadorean,Different clade
ATS,CCN,0.09485724208550676,8. Mixed origin,18. Far East Asia,Different clade
ATS,CCQ,0.11058806370564005,8. Mixed origin,18. Far East Asia,Different clade
ATS,CCR,0.10061181606573183,8. Mixed origin,18. Far East Asia,Different clade
ATS,CCS,0.11550551127612388,8. Mixed origin,18. Far East Asia,Different clade
ATS,CCV,0.10900787317868117,8. Mixed origin,24. Asian islands,Different clade
ATS,CDE,0.08575279980110628,8. Mixed origin,M3. Mosaic region 3,Different clade
ATS,CDL,0.08021709144392902,8. Mixed origin,18. Far East Asia,Different clade
ATS,CDT,0.07483540017249421,8. Mixed origin,2. Alpechin,Different clade
ATS,CEG,0.07069896792100676,8. Mixed origin,17. Taiwanese,Different clade
ATS,CFF,0.10227522469682025,8. Mixed origin,7. Mosaic beer,Different clade
ATS,CGL,0.1065938869242057,8. Mixed origin,26. Asian fermentation,Different clade
ATS,CGN,0.09937255819597085,8. Mixed origin,26. Asian fermentation,Different clade
ATS,CGS,0.1081676325988958,8. Mixed origin,1. Wine/European,Different clade
ATS,CLB,0.040213882708656355,8. Mixed origin,4. Mediterranean oak,Different clade
ATS,CLI,0.09183217812961027,8. Mixed origin,25. Sake,Different clade
ATS,CLN,0.06221966493526692,8. Mixed origin,25. Sake,Different clade
ATS,CLP,0.07516498648387746,8. Mixed origin,25. Sake,Different clade
ATS,CMI,0.07078387751381661,8. Mixed origin,25. Sake,Different clade
ATS,CPI,0.06912033220572096,8. Mixed origin,9. Mexican agave,Different clade
ATS,CPK,0.11466332287220866,8. Mixed origin,9. Mexican agave,Different clade
ATS,CPN,0.0806833887324166,8. Mixed origin,9. Mexican agave,Different clade
ATS,CQD,0.07562525829533757,8. Mixed origin,12. West African cocoa,Different clade
ATS,CQF,0.1027498096672535,8. Mixed origin,12. West African cocoa,Different clade
ATS,SACE_YCE,0.06687690126362844,8. Mixed origin,M3. Mosaic region 3,Different clade
ATS,SACE_YCK,0.017087741837159314,8. Mixed origin,26. Asian fermentation,Different clade
ATS,SACE_YCM,0.05379030813666562,8. Mixed origin,24. Asian islands,Different clade
ATS,SACE_YCR,0.07391446360737065,8. Mixed origin,18. Far East Asia,Different clade
ATS,SACE_YCU,0.05998297508409524,8. Mixed origin,23. North American oak,Different clade
BAF,AFE,0.008665781821920094,13. African palm wine,8. Mixed origin,Different clade
BAF,AKH,0.06337186502347623,13. African palm wine,13. African palm wine,Same clade
BAF,AKI,0.08316949790642945,13. African palm wine,M3. Mosaic region 3,Different clade
BAF,AKM,0.09060653203561327,13. African palm wine,19. Malaysian,Different clade
BAF,AMP,0.067011987590904,13. African palm wine,M1. Mosaic region 1,Different clade
BAF,ANG,0.0901933349960214,13. African palm wine,23. North American oak,Different clade
BAF,ANN,0.11885075313790064,13. African palm wine,12. West African cocoa,Different clade
BAF,ATS,0.09424362557629162,13. African palm wine,8. Mixed origin,Different clade
BAF,BAG,0.10689753037972388,13. African palm wine,15. CHNII,Different clade
BAF,BAI,0.10333893861755872,13. African palm wine,18. Far East Asia,Different clade
BAF,BAK,0.11070010002453656,13. African palm wine,18. Far East Asia,Different clade
BAF,BAL,0.10918965215110597,13. African palm wine,16. CHNI,Different clade
BAF,BAM,0.10270528895238214,13. African palm wine,14. CHNIII,Different clade
BAF,BAN,0.09929433034316357,13. African palm wine,20. CHN V,Different clade
BAF,BAP,0.09148754659531004,13. African palm wine,20. CHN V,Different clade
BAF,BBQ,0.11640483188955235,13. African palm wine,4. Mediterranean oak,Different clade
BAF,BCK,0.10883367117496168,13. African palm wine,10. French Guiana human,Different clade
BAF,BDB,0.059941463173175974,13. African palm wine,M2. Mosaic region 2,Different clade
BAF,BDP,0.07658252902280743,13. African palm wine,10. French Guiana human,Different clade
BAF,BEF,0.12000657738572776,13. African palm wine,26. Asian fermentation,Different clade
BAF,BFH,0.05928879750954897,13. African palm wine,5. French dairy,Different clade
BAF,BFP,0.07166890888177183,13. African palm wine,4. Mediterranean oak,Different clade
BAF,BGD,0.015492906257877042,13. African palm wine,5. French dairy,Different clade
BAF,BGF,0.05846103722812701,13. African palm wine,5. French dairy,Different clade
BAF,BHG,0.0962083034842652,13. African palm wine,M2. Mosaic region 2,Different clade
BAF,BHK,0.06350018113148602,13. African palm wine,M1. Mosaic region 1,Different clade
BAF,BHM,0.06183132428720966,13. African palm wine,M1. Mosaic region 1,Different clade
BAF,BHQ,0.10804196777872775,13. African palm wine,26. Asian fermentation,Different clade
BAF,BMA,0.1107258956272661,13. African palm wine,19. Malaysian,Different clade
BAF,BMB,0.09497702154434087,13. African palm wine,19. Malaysian,Different clade
BAF,BMC,0.06578855544512766,13. African palm wine,19. Malaysian,Different clade
BAF,BNC,0.04730259729771323,13. African palm wine,10. French Guiana human,Different clade
BAF,BNV,0.06932289658310978,13. African palm wine,1. Wine/European,Different clade
BAF,BQM,0.07999917583761805,13. African palm wine,1. Wine/European,Different clade
BAF,BVG,0.10398844744624187,13. African palm wine,3. Brazilian bioethanol,Different clade
BAF,CAE,0.10358327954008217,13. African palm wine,1. Wine/European,Different clade
BAF,CBN,0.10532218037559131,13. African palm wine,7. Mosaic beer,Different clade
BAF,CCD,0.10235486168549654,13. African palm wine,21. Ecuadorean,Different clade
BAF,CCG,0.07066328338994397,13. African palm wine,21. Ecuadorean,Different clade
BAF,CCN,0.06608645835071672,13. African palm wine,18. Far East Asia,Different clade
BAF,CCQ,0.10410756028534786,13. African palm wine,18. Far East Asia,Different clade
BAF,CCR,0.11238198293471938,13. African palm wine,18. Far East Asia,Different clade
BAF,CCS,0.1522291151783308,13. African palm wine,18. Far East Asia,Different clade
BAF,CCV,0.10987740162918139,13. African palm wine,24. Asian islands,Different clade
BAF,CDE,0.10858447262251707,13. African palm wine,M3. Mosaic region 3,Different clade
BAF,CDL,0.1387865227282994,13. African palm wine,18. Far East Asia,Different clade
BAF,CDT,0.09385143783834729,13. African palm wine,2. Alpechin,Different clade
BAF,CEG,0.11057676371249374,13. African palm wine,17. Taiwanese,Different clade
BAF,CFF,0.09922135075900085,13. African palm wine,7. Mosaic beer,Different clade
BAF,CGL,0.08064483362578055,13. African palm wine,26. Asian fermentation,Different clade
BAF,CGN,0.12113174343087654,13. African palm wine,26. Asian fermentation,Different clade
BAF,CGS,0.08216386460727032,13. African palm wine,1. Wine/European,Different clade
BAF,CLB,0.06555522700993052,13. African palm wine,4. Mediterranean oak,Different clade
BAF,CLI,0.04998824499484787,13. African palm wine,25. Sake,Different clade
BAF,CLN,0.06489011792322355,13. African palm wine,25. Sake,Different clade
BAF,CLP,0.09102371969239657,13. African palm wine,25. Sake,Different clade
BAF,CMI,0.06586622688845317,13. African palm wine,25. Sake,Different clade
BAF,CPI,0.09430648002125194,13. African palm wine,9. Mexican agave,Different clade
BAF,CPK,0.13738916933341117,13. African palm wine,9. Mexican agave,Different clade
BAF,CPN,0.13251745479668245,13. African palm wine,9. Mexican agave,Different clade
BAF,CQD,0.10877985022406518,13. African palm wine,12. West African cocoa,Different clade
BAF,CQF,0.11171662885699356,13. African palm wine,12. West African cocoa,Different clade
BAF,SACE_YCE,0.07422683647320209,13. African palm wine,M3. Mosaic region 3,Different clade
BAF,SACE_YCK,0.050496734482285116,13. African palm wine,26. Asian fermentation,Different clade
BAF,SACE_YCM,0.05969038100997025,13. African palm wine,24. Asian islands,Different clade
BAF,SACE_YCR,0.09894357107597469,13. African palm wine,18. Far East Asia,Different clade
BAF,SACE_YCU,0.09971498445052546,13. African palm wine,23. North American oak,Different clade
BAG,AFE,0.01704901200462128,15. CHNII,8. Mixed origin,Different clade
BAG,AKH,0.0901410965375694,15. CHNII,13. African palm wine,Different clade
BAG,AKI,0.0409428805926,15. CHNII,M3. Mosaic region 3,Different clade
BAG,AKM,0.05078083115235491,15. CHNII,19. Malaysian,Different clade
BAG,AMP,0.0611956544899857,15. CHNII,M1. Mosaic region 1,Different clade
BAG,ANG,0.10166001938381321,15. CHNII,23. North American oak,Different clade
BAG,ANN,0.07345546153339229,15. CHNII,12. West African cocoa,Different clade
BAG,ATS,0.07776625190793213,15. CHNII,8. Mixed origin,Different clade
BAG,BAF,0.10689753037972388,15. CHNII,13. African palm wine,Different clade
BAG,BAI,0.0893115794552312,15. CHNII,18. Far East Asia,Different clade
BAG,BAK,0.09356947460806755,15. CHNII,18. Far East Asia,Different clade
BAG,BAL,0.12910248954973477,15. CHNII,16. CHNI,Different clade
BAG,BAM,0.07256569116323558,15. CHNII,14. CHNIII,Different clade
BAG,BAN,0.07744659289961793,15. CHNII,20. CHN V,Different clade
BAG,BAP,0.0641912905714147,15. CHNII,20. CHN V,Different clade
BAG,BBQ,0.10860049354150561,15. CHNII,4. Mediterranean oak,Different clade
BAG,BCK,0.057602427981524866,15. CHNII,10. French Guiana human,Different clade
BAG,BDB,0.06304653161079093,15. CHNII,M2. Mosaic region 2,Different clade
BAG,BDP,0.06277820257567057,15. CHNII,10. French Guiana human,Different clade
BAG,BEF,0.06949279872558116,15. CHNII,26. Asian fermentation,Different clade
BAG,BFH,0.03691192301139431,15. CHNII,5. French dairy,Different clade
BAG,BFP,0.0667804878091289,15. CHNII,4. Mediterranean oak,Different clade
BAG,BGD,0.04212439352384267,15. CHNII,5. French dairy,Different clade
BAG,BGF,0.052061867690848994,15. CHNII,5. French dairy,Different clade
BAG,BHG,0.08585019503989944,15. CHNII,M2. Mosaic region 2,Different clade
BAG,BHK,0.05695989654754026,15. CHNII,M1. Mosaic region 1,Different clade
BAG,BHM,-2.601130822598516e-5,15. CHNII,M1. Mosaic region 1,Different clade
BAG,BHQ,0.10304430054992914,15. CHNII,26. Asian fermentation,Different clade
BAG,BMA,0.08200645389539016,15. CHNII,19. Malaysian,Different clade
BAG,BMB,0.06529955423660533,15. CHNII,19. Malaysian,Different clade
BAG,BMC,0.05520889517163822,15. CHNII,19. Malaysian,Different clade
BAG,BNC,0.06673037504481773,15. CHNII,10. French Guiana human,Different clade
BAG,BNV,0.05928085684887376,15. CHNII,1. Wine/European,Different clade
BAG,BQM,0.06443900620081928,15. CHNII,1. Wine/European,Different clade
BAG,BVG,0.07326073373525528,15. CHNII,3. Brazilian bioethanol,Different clade
BAG,CAE,0.08783914186908896,15. CHNII,1. Wine/European,Different clade
BAG,CBN,0.07754725017574356,15. CHNII,7. Mosaic beer,Different clade
BAG,CCD,0.10029942141644414,15. CHNII,21. Ecuadorean,Different clade
BAG,CCG,0.10283037965917911,15. CHNII,21. Ecuadorean,Different clade
BAG,CCN,0.06833348765527127,15. CHNII,18. Far East Asia,Different clade
BAG,CCQ,0.12748837459569723,15. CHNII,18. Far East Asia,Different clade
BAG,CCR,0.13248294362136487,15. CHNII,18. Far East Asia,Different clade
BAG,CCS,0.16750980404967175,15. CHNII,18. Far East Asia,Different clade
BAG,CCV,0.09840361720038705,15. CHNII,24. Asian islands,Different clade
BAG,CDE,0.10796511175645414,15. CHNII,M3. Mosaic region 3,Different clade
BAG,CDL,0.10910411152115916,15. CHNII,18. Far East Asia,Different clade
BAG,CDT,0.019278597726112467,15. CHNII,2. Alpechin,Different clade
BAG,CEG,0.1138079819336996,15. CHNII,17. Taiwanese,Different clade
BAG,CFF,0.09633607198153275,15. CHNII,7. Mosaic beer,Different clade
BAG,CGL,0.0850511142595561,15. CHNII,26. Asian fermentation,Different clade
BAG,CGN,0.11398101965976933,15. CHNII,26. Asian fermentation,Different clade
BAG,CGS,0.0821762170292988,15. CHNII,1. Wine/European,Different clade
BAG,CLB,0.11434209061931681,15. CHNII,4. Mediterranean oak,Different clade
BAG,CLI,0.1063074091881381,15. CHNII,25. Sake,Different clade
BAG,CLN,0.09660217831467421,15. CHNII,25. Sake,Different clade
BAG,CLP,0.09826431401375177,15. CHNII,25. Sake,Different clade
BAG,CMI,0.08930641876023973,15. CHNII,25. Sake,Different clade
BAG,CPI,0.09572576943930483,15. CHNII,9. Mexican agave,Different clade
BAG,CPK,0.10900856715613702,15. CHNII,9. Mexican agave,Different clade
BAG,CPN,0.09779006186037462,15. CHNII,9. Mexican agave,Different clade
BAG,CQD,0.09876347733368884,15. CHNII,12. West African cocoa,Different clade
BAG,CQF,0.11092499512143766,15. CHNII,12. West African cocoa,Different clade
BAG,SACE_YCE,0.06184731785065967,15. CHNII,M3. Mosaic region 3,Different clade
BAG,SACE_YCK,0.056883516121916805,15. CHNII,26. Asian fermentation,Different clade
BAG,SACE_YCM,0.05093569621988861,15. CHNII,24. Asian islands,Different clade
BAG,SACE_YCR,0.11626042962852058,15. CHNII,18. Far East Asia,Different clade
BAG,SACE_YCU,0.049645069856328126,15. CHNII,23. North American oak,Different clade
BAI,AFE,0.019739173927894215,18. Far East Asia,8. Mixed origin,Different clade
BAI,AKH,0.08998807830716897,18. Far East Asia,13. African palm wine,Different clade
BAI,AKI,0.08633696027802205,18. Far East Asia,M3. Mosaic region 3,Different clade
BAI,AKM,0.1061050201196385,18. Far East Asia,19. Malaysian,Different clade
BAI,AMP,0.06594180285966851,18. Far East Asia,M1. Mosaic region 1,Different clade
BAI,ANG,0.16786477276898923,18. Far East Asia,23. North American oak,Different clade
BAI,ANN,0.170259498354727,18. Far East Asia,12. West African cocoa,Different clade
BAI,ATS,0.06914314891278353,18. Far East Asia,8. Mixed origin,Different clade
BAI,BAF,0.10333893861755872,18. Far East Asia,13. African palm wine,Different clade
BAI,BAG,0.0893115794552312,18. Far East Asia,15. CHNII,Different clade
BAI,BAK,0.16970942609424414,18. Far East Asia,18. Far East Asia,Same clade
BAI,BAL,0.1251644186657962,18. Far East Asia,16. CHNI,Different clade
BAI,BAM,0.14897558445890452,18. Far East Asia,14. CHNIII,Different clade
BAI,BAN,0.1754574008543599,18. Far East Asia,20. CHN V,Different clade
BAI,BAP,0.14575914937073395,18. Far East Asia,20. CHN V,Different clade
BAI,BBQ,0.1507631193814361,18. Far East Asia,4. Mediterranean oak,Different clade
BAI,BCK,0.11591475137136589,18. Far East Asia,10. French Guiana human,Different clade
BAI,BDB,0.0772112783051218,18. Far East Asia,M2. Mosaic region 2,Different clade
BAI,BDP,0.0724086005325607,18. Far East Asia,10. French Guiana human,Different clade
BAI,BEF,0.07923427151110496,18. Far East Asia,26. Asian fermentation,Different clade
BAI,BFH,0.07193426595976779,18. Far East Asia,5. French dairy,Different clade
BAI,BFP,0.1434986649366605,18. Far East Asia,4. Mediterranean oak,Different clade
BAI,BGD,0.01885389528744787,18. Far East Asia,5. French dairy,Different clade
BAI,BGF,0.028055851947158355,18. Far East Asia,5. French dairy,Different clade
BAI,BHG,0.1175240666845725,18. Far East Asia,M2. Mosaic region 2,Different clade
BAI,BHK,0.07755062848850595,18. Far East Asia,M1. Mosaic region 1,Different clade
BAI,BHM,0.0613310933022094,18. Far East Asia,M1. Mosaic region 1,Different clade
BAI,BHQ,0.1603824454796412,18. Far East Asia,26. Asian fermentation,Different clade
BAI,BMA,0.11796306757229712,18. Far East Asia,19. Malaysian,Different clade
BAI,BMB,0.08232617315185879,18. Far East Asia,19. Malaysian,Different clade
BAI,BMC,0.13053954923968766,18. Far East Asia,19. Malaysian,Different clade
BAI,BNC,0.07351029371405346,18. Far East Asia,10. French Guiana human,Different clade
BAI,BNV,0.059445070014006784,18. Far East Asia,1. Wine/European,Different clade
BAI,BQM,0.09341837055452304,18. Far East Asia,1. Wine/European,Different clade
BAI,BVG,0.09082078030892704,18. Far East Asia,3. Brazilian bioethanol,Different clade
BAI,CAE,0.08547179287938612,18. Far East Asia,1. Wine/European,Different clade
BAI,CBN,0.07019799968400038,18. Far East Asia,7. Mosaic beer,Different clade
BAI,CCD,0.14671773073824826,18. Far East Asia,21. Ecuadorean,Different clade
BAI,CCG,0.12894559090940338,18. Far East Asia,21. Ecuadorean,Different clade
BAI,CCN,0.1165359723995819,18. Far East Asia,18. Far East Asia,Same clade
BAI,CCQ,0.16163173274022438,18. Far East Asia,18. Far East Asia,Same clade
BAI,CCR,0.2110006260259108,18. Far East Asia,18. Far East Asia,Same clade
BAI,CCS,0.20881940590661746,18. Far East Asia,18. Far East Asia,Same clade
BAI,CCV,0.13855035146446046,18. Far East Asia,24. Asian islands,Different clade
BAI,CDE,0.12206536616142372,18. Far East Asia,M3. Mosaic region 3,Different clade
BAI,CDL,0.21177012654441216,18. Far East Asia,18. Far East Asia,Same clade
BAI,CDT,0.043306063717742725,18. Far East Asia,2. Alpechin,Different clade
BAI,CEG,0.10351323635800613,18. Far East Asia,17. Taiwanese,Different clade
BAI,CFF,0.1320400843809176,18. Far East Asia,7. Mosaic beer,Different clade
BAI,CGL,0.13045364410902302,18. Far East Asia,26. Asian fermentation,Different clade
BAI,CGN,0.1425050216586643,18. Far East Asia,26. Asian fermentation,Different clade
BAI,CGS,0.10012208474776561,18. Far East Asia,1. Wine/European,Different clade
BAI,CLB,0.14663771981081294,18. Far East Asia,4. Mediterranean oak,Different clade
BAI,CLI,0.103236238614736,18. Far East Asia,25. Sake,Different clade
BAI,CLN,0.09490964022893765,18. Far East Asia,25. Sake,Different clade
BAI,CLP,0.07560967472252132,18. Far East Asia,25. Sake,Different clade
BAI,CMI,0.12454379242423838,18. Far East Asia,25. Sake,Different clade
BAI,CPI,0.0944941885848779,18. Far East Asia,9. Mexican agave,Different clade
BAI,CPK,0.11433564974956079,18. Far East Asia,9. Mexican agave,Different clade
BAI,CPN,0.14802464151152217,18. Far East Asia,9. Mexican agave,Different clade
BAI,CQD,0.1015800588159423,18. Far East Asia,12. West African cocoa,Different clade
BAI,CQF,0.15760126981395628,18. Far East Asia,12. West African cocoa,Different clade
BAI,SACE_YCE,0.01581908335493519,18. Far East Asia,M3. Mosaic region 3,Different clade
BAI,SACE_YCK,0.07861690673316506,18. Far East Asia,26. Asian fermentation,Different clade
BAI,SACE_YCM,0.08507933228644779,18. Far East Asia,24. Asian islands,Different clade
BAI,SACE_YCR,0.19106748642606722,18. Far East Asia,18. Far East Asia,Same clade
BAI,SACE_YCU,0.117798622973582,18. Far East Asia,23. North American oak,Different clade
BAK,AFE,0.01890326351330958,18. Far East Asia,8. Mixed origin,Different clade
BAK,AKH,0.08562109089500912,18. Far East Asia,13. African palm wine,Different clade
BAK,AKI,0.060711074615247995,18. Far East Asia,M3. Mosaic region 3,Different clade
BAK,AKM,0.10508974959332974,18. Far East Asia,19. Malaysian,Different clade
BAK,AMP,0.08596067925196718,18. Far East Asia,M1. Mosaic region 1,Different clade
BAK,ANG,0.17791440440840878,18. Far East Asia,23. North American oak,Different clade
BAK,ANN,0.17666568879614383,18. Far East Asia,12. West African cocoa,Different clade
BAK,ATS,0.07079730255224459,18. Far East Asia,8. Mixed origin,Different clade
BAK,BAF,0.11070010002453656,18. Far East Asia,13. African palm wine,Different clade
BAK,BAG,0.09356947460806755,18. Far East Asia,15. CHNII,Different clade
BAK,BAI,0.16970942609424414,18. Far East Asia,18. Far East Asia,Same clade
BAK,BAL,0.15585386579247468,18. Far East Asia,16. CHNI,Different clade
BAK,BAM,0.09754717937564072,18. Far East Asia,14. CHNIII,Different clade
BAK,BAN,0.1757288302063389,18. Far East Asia,20. CHN V,Different clade
BAK,BAP,0.16732901398262698,18. Far East Asia,20. CHN V,Different clade
BAK,BBQ,0.15026092536960362,18. Far East Asia,4. Mediterranean oak,Different clade
BAK,BCK,0.12246981298897583,18. Far East Asia,10. French Guiana human,Different clade
BAK,BDB,0.07033171020265847,18. Far East Asia,M2. Mosaic region 2,Different clade
BAK,BDP,0.07228372023566618,18. Far East Asia,10. French Guiana human,Different clade
BAK,BEF,0.11470749844214377,18. Far East Asia,26. Asian fermentation,Different clade
BAK,BFH,0.07929526119123902,18. Far East Asia,5. French dairy,Different clade
BAK,BFP,0.12881186751097953,18. Far East Asia,4. Mediterranean oak,Different clade
BAK,BGD,0.06508457065691428,18. Far East Asia,5. French dairy,Different clade
BAK,BGF,0.036688487542398895,18. Far East Asia,5. French dairy,Different clade
BAK,BHG,0.09503105841657851,18. Far East Asia,M2. Mosaic region 2,Different clade
BAK,BHK,0.06613280923638899,18. Far East Asia,M1. Mosaic region 1,Different clade
BAK,BHM,0.04487301523194441,18. Far East Asia,M1. Mosaic region 1,Different clade
BAK,BHQ,0.13245462817530546,18. Far East Asia,26. Asian fermentation,Different clade
BAK,BMA,0.13560333155669918,18. Far East Asia,19. Malaysian,Different clade
BAK,BMB,0.13170137772316098,18. Far East Asia,19. Malaysian,Different clade
BAK,BMC,0.07980093708372185,18. Far East Asia,19. Malaysian,Different clade
BAK,BNC,0.08292845769766928,18. Far East Asia,10. French Guiana human,Different clade
BAK,BNV,0.11473168361777174,18. Far East Asia,1. Wine/European,Different clade
BAK,BQM,0.10108817384112567,18. Far East Asia,1. Wine/European,Different clade
BAK,BVG,0.09874288241639977,18. Far East Asia,3. Brazilian bioethanol,Different clade
BAK,CAE,0.11238097684250592,18. Far East Asia,1. Wine/European,Different clade
BAK,CBN,0.09392232047421072,18. Far East Asia,7. Mosaic beer,Different clade
BAK,CCD,0.13311158683257554,18. Far East Asia,21. Ecuadorean,Different clade
BAK,CCG,0.13762357828426827,18. Far East Asia,21. Ecuadorean,Different clade
BAK,CCN,0.12195937737854921,18. Far East Asia,18. Far East Asia,Same clade
BAK,CCQ,0.16882892789423834,18. Far East Asia,18. Far East Asia,Same clade
BAK,CCR,0.23101267833840736,18. Far East Asia,18. Far East Asia,Same clade
BAK,CCS,0.2240779958567347,18. Far East Asia,18. Far East Asia,Same clade
BAK,CCV,0.16068359970800009,18. Far East Asia,24. Asian islands,Different clade
BAK,CDE,0.13924634121959661,18. Far East Asia,M3. Mosaic region 3,Different clade
BAK,CDL,0.1960440806066314,18. Far East Asia,18. Far East Asia,Same clade
BAK,CDT,0.04264135332857325,18. Far East Asia,2. Alpechin,Different clade
BAK,CEG,0.10296095910055639,18. Far East Asia,17. Taiwanese,Different clade
BAK,CFF,0.141268682704812,18. Far East Asia,7. Mosaic beer,Different clade
BAK,CGL,0.10873958685392154,18. Far East Asia,26. Asian fermentation,Different clade
BAK,CGN,0.1690425712864924,18. Far East Asia,26. Asian fermentation,Different clade
BAK,CGS,0.10669501717828087,18. Far East Asia,1. Wine/European,Different clade
BAK,CLB,0.16460375809298897,18. Far East Asia,4. Mediterranean oak,Different clade
BAK,CLI,0.1397575186315841,18. Far East Asia,25. Sake,Different clade
BAK,CLN,0.059769785344304806,18. Far East Asia,25. Sake,Different clade
BAK,CLP,0.12791344014071898,18. Far East Asia,25. Sake,Different clade
BAK,CMI,0.08611201708733021,18. Far East Asia,25. Sake,Different clade
BAK,CPI,0.09713749854729636,18. Far East Asia,9. Mexican agave,Different clade
BAK,CPK,0.1171585223989073,18. Far East Asia,9. Mexican agave,Different clade
BAK,CPN,0.12295584498174665,18. Far East Asia,9. Mexican agave,Different clade
BAK,CQD,0.1334236488881666,18. Far East Asia,12. West African cocoa,Different clade
BAK,CQF,0.1522575511500006,18. Far East Asia,12. West African cocoa,Different clade
BAK,SACE_YCE,0.09101543103541171,18. Far East Asia,M3. Mosaic region 3,Different clade
BAK,SACE_YCK,0.048965880788661785,18. Far East Asia,26. Asian fermentation,Different clade
BAK,SACE_YCM,0.08854141249097673,18. Far East Asia,24. Asian islands,Different clade
BAK,SACE_YCR,0.209128133008148,18. Far East Asia,18. Far East Asia,Same clade
BAK,SACE_YCU,0.12634374623940015,18. Far East Asia,23. North American oak,Different clade
BAL,AFE,0.016013721370504292,16. CHNI,8. Mixed origin,Different clade
BAL,AKH,0.09282106907603384,16. CHNI,13. African palm wine,Different clade
BAL,AKI,0.035177887192439625,16. CHNI,M3. Mosaic region 3,Different clade
BAL,AKM,0.10592354702888236,16. CHNI,19. Malaysian,Different clade
BAL,AMP,0.08916272436175651,16. CHNI,M1. Mosaic region 1,Different clade
BAL,ANG,0.1604777524445527,16. CHNI,23. North American oak,Different clade
BAL,ANN,0.14033766110139498,16. CHNI,12. West African cocoa,Different clade
BAL,ATS,0.09303618904382364,16. CHNI,8. Mixed origin,Different clade
BAL,BAF,0.10918965215110597,16. CHNI,13. African palm wine,Different clade
BAL,BAG,0.12910248954973477,16. CHNI,15. CHNII,Different clade
BAL,BAI,0.1251644186657962,16. CHNI,18. Far East Asia,Different clade
BAL,BAK,0.15585386579247468,16. CHNI,18. Far East Asia,Different clade
BAL,BAM,0.12865713971480675,16. CHNI,14. CHNIII,Different clade
BAL,BAN,0.12931542276827743,16. CHNI,20. CHN V,Different clade
BAL,BAP,0.13540256923457217,16. CHNI,20. CHN V,Different clade
BAL,BBQ,0.14274723932103175,16. CHNI,4. Mediterranean oak,Different clade
BAL,BCK,0.10306996967057971,16. CHNI,10. French Guiana human,Different clade
BAL,BDB,0.12186739128746257,16. CHNI,M2. Mosaic region 2,Different clade
BAL,BDP,0.08275097382767639,16. CHNI,10. French Guiana human,Different clade
BAL,BEF,0.0640313670880115,16. CHNI,26. Asian fermentation,Different clade
BAL,BFH,0.07609509343356699,16. CHNI,5. French dairy,Different clade
BAL,BFP,0.13322188014169214,16. CHNI,4. Mediterranean oak,Different clade
BAL,BGD,0.06611734187218216,16. CHNI,5. French dairy,Different clade
BAL,BGF,0.07293979230218597,16. CHNI,5. French dairy,Different clade
BAL,BHG,0.07260712588935683,16. CHNI,M2. Mosaic region 2,Different clade
BAL,BHK,0.04804576597637273,16. CHNI,M1. Mosaic region 1,Different clade
BAL,BHM,0.06213987713338768,16. CHNI,M1. Mosaic region 1,Different clade
BAL,BHQ,0.13444137528388525,16. CHNI,26. Asian fermentation,Different clade
BAL,BMA,0.09891344287777139,16. CHNI,19. Malaysian,Different clade
BAL,BMB,0.11926419842054538,16. CHNI,19. Malaysian,Different clade
BAL,BMC,0.10570688239711812,16. CHNI,19. Malaysian,Different clade
BAL,BNC,0.07796874208050515,16. CHNI,10. French Guiana human,Different clade
BAL,BNV,0.08462189490310842,16. CHNI,1. Wine/European,Different clade
BAL,BQM,0.11830608972383215,16. CHNI,1. Wine/European,Different clade
BAL,BVG,0.07985884372686111,16. CHNI,3. Brazilian bioethanol,Different clade
BAL,CAE,0.12160452026547848,16. CHNI,1. Wine/European,Different clade
BAL,CBN,0.09084868485697986,16. CHNI,7. Mosaic beer,Different clade
BAL,CCD,0.1407819867874113,16. CHNI,21. Ecuadorean,Different clade
BAL,CCG,0.1356686104308491,16. CHNI,21. Ecuadorean,Different clade
BAL,CCN,0.06799641250322891,16. CHNI,18. Far East Asia,Different clade
BAL,CCQ,0.18821148934120363,16. CHNI,18. Far East Asia,Different clade
BAL,CCR,0.17050059175218488,16. CHNI,18. Far East Asia,Different clade
BAL,CCS,0.14076677743125074,16. CHNI,18. Far East Asia,Different clade
BAL,CCV,0.1509971243335407,16. CHNI,24. Asian islands,Different clade
BAL,CDE,0.12283322097166677,16. CHNI,M3. Mosaic region 3,Different clade
BAL,CDL,0.16313084146188567,16. CHNI,18. Far East Asia,Different clade
BAL,CDT,0.05401231016786148,16. CHNI,2. Alpechin,Different clade
BAL,CEG,0.09670177582627053,16. CHNI,17. Taiwanese,Different clade
BAL,CFF,0.11258457481612348,16. CHNI,7. Mosaic beer,Different clade
BAL,CGL,0.12100409238650452,16. CHNI,26. Asian fermentation,Different clade
BAL,CGN,0.14406514875786272,16. CHNI,26. Asian fermentation,Different clade
BAL,CGS,0.09388338416699127,16. CHNI,1. Wine/European,Different clade
BAL,CLB,0.15003939263249388,16. CHNI,4. Mediterranean oak,Different clade
BAL,CLI,0.12478334304229281,16. CHNI,25. Sake,Different clade
BAL,CLN,0.0913793808166366,16. CHNI,25. Sake,Different clade
BAL,CLP,0.13150278242847604,16. CHNI,25. Sake,Different clade
BAL,CMI,0.07128087846287667,16. CHNI,25. Sake,Different clade
BAL,CPI,0.13479192757543945,16. CHNI,9. Mexican agave,Different clade
BAL,CPK,0.10322390514190703,16. CHNI,9. Mexican agave,Different clade
BAL,CPN,0.12670946683212436,16. CHNI,9. Mexican agave,Different clade
BAL,CQD,0.14259487473079865,16. CHNI,12. West African cocoa,Different clade
BAL,CQF,0.15216302677593635,16. CHNI,12. West African cocoa,Different clade
BAL,SACE_YCE,0.05696158064859757,16. CHNI,M3. Mosaic region 3,Different clade
BAL,SACE_YCK,0.05273555675476372,16. CHNI,26. Asian fermentation,Different clade
BAL,SACE_YCM,0.06477096679025159,16. CHNI,24. Asian islands,Different clade
BAL,SACE_YCR,0.18645225619734887,16. CHNI,18. Far East Asia,Different clade
BAL,SACE_YCU,0.15144325101290995,16. CHNI,23. North American oak,Different clade
BAM,AFE,0.006916414061381078,14. CHNIII,8. Mixed origin,Different clade
BAM,AKH,0.05971990869763985,14. CHNIII,13. African palm wine,Different clade
BAM,AKI,0.03307909702347695,14. CHNIII,M3. Mosaic region 3,Different clade
BAM,AKM,0.08688847303493534,14. CHNIII,19. Malaysian,Different clade
BAM,AMP,0.06749478506226628,14. CHNIII,M1. Mosaic region 1,Different clade
BAM,ANG,0.1455603548060681,14. CHNIII,23. North American oak,Different clade
BAM,ANN,0.09246101797041369,14. CHNIII,12. West African cocoa,Different clade
BAM,ATS,0.08277567693357887,14. CHNIII,8. Mixed origin,Different clade
BAM,BAF,0.10270528895238214,14. CHNIII,13. African palm wine,Different clade
BAM,BAG,0.07256569116323558,14. CHNIII,15. CHNII,Different clade
BAM,BAI,0.14897558445890452,14. CHNIII,18. Far East Asia,Different clade
BAM,BAK,0.09754717937564072,14. CHNIII,18. Far East Asia,Different clade
BAM,BAL,0.12865713971480675,14. CHNIII,16. CHNI,Different clade
BAM,BAN,0.14101777511007568,14. CHNIII,20. CHN V,Different clade
BAM,BAP,0.11099129105840005,14. CHNIII,20. CHN V,Different clade
BAM,BBQ,0.06773431072965415,14. CHNIII,4. Mediterranean oak,Different clade
BAM,BCK,0.074852307738781515,14. CHNIII,10. French Guiana human,Different clade
BAM,BDB,0.09047004363735815,14. CHNIII,M2. Mosaic region 2,Different clade
BAM,BDP,0.07293720130931307,14. CHNIII,10. French Guiana human,Different clade
BAM,BEF,0.09696667717742932,14. CHNIII,26. Asian fermentation,Different clade
BAM,BFH,0.05873587772480968,14. CHNIII,5. French dairy,Different clade
BAM,BFP,0.11704164568867546,14. CHNIII,4. Mediterranean oak,Different clade
BAM,BGD,0.028088412725044896,14. CHNIII,5. French dairy,Different clade
BAM,BGF,0.029753141482769783,14. CHNIII,5. French dairy,Different clade
BAM,BHG,0.10335261010495277,14. CHNIII,M2. Mosaic region 2,Different clade
BAM,BHK,0.06142656232763522,14. CHNIII,M1. Mosaic region 1,Different clade
BAM,BHM,0.0272471776735363,14. CHNIII,M1. Mosaic region 1,Different clade
BAM,BHQ,0.11271723553160555,14. CHNIII,26. Asian fermentation,Different clade
BAM,BMA,0.12111778460661723,14. CHNIII,19. Malaysian,Different clade
BAM,BMB,0.1074277528189816,14. CHNIII,19. Malaysian,Different clade
BAM,BMC,0.06739515184982016,14. CHNIII,19. Malaysian,Different clade
BAM,BNC,0.08976710002312269,14. CHNIII,10. French Guiana human,Different clade
BAM,BNV,0.0744596869617608,14. CHNIII,1. Wine/European,Different clade
BAM,BQM,0.10787138642107624,14. CHNIII,1. Wine/European,Different clade
BAM,BVG,0.09447466351605927,14. CHNIII,3. Brazilian bioethanol,Different clade
BAM,CAE,0.09724754196524754,14. CHNIII,1. Wine/European,Different clade
BAM,CBN,0.046506011825082176,14. CHNIII,7. Mosaic beer,Different clade
BAM,CCD,0.14326389535573475,14. CHNIII,21. Ecuadorean,Different clade
BAM,CCG,0.08574386940030222,14. CHNIII,21. Ecuadorean,Different clade
BAM,CCN,0.06821924489181634,14. CHNIII,18. Far East Asia,Different clade
BAM,CCQ,0.12705079098285174,14. CHNIII,18. Far East Asia,Different clade
BAM,CCR,0.15404069130570747,14. CHNIII,18. Far East Asia,Different clade
BAM,CCS,0.1369740715772263,14. CHNIII,18. Far East Asia,Different clade
BAM,CCV,0.11993150438198388,14. CHNIII,24. Asian islands,Different clade
BAM,CDE,0.10241931372040301,14. CHNIII,M3. Mosaic region 3,Different clade
BAM,CDL,0.11416163291684715,14. CHNIII,18. Far East Asia,Different clade
BAM,CDT,0.03048216402986745,14. CHNIII,2. Alpechin,Different clade
BAM,CEG,0.0807702689338521,14. CHNIII,17. Taiwanese,Different clade
BAM,CFF,0.12201676244739951,14. CHNIII,7. Mosaic beer,Different clade
BAM,CGL,0.08335851796482185,14. CHNIII,26. Asian fermentation,Different clade
BAM,CGN,0.11673043492751944,14. CHNIII,26. Asian fermentation,Different clade
BAM,CGS,0.09435701867168747,14. CHNIII,1. Wine/European,Different clade
BAM,CLB,0.104497606967708,14. CHNIII,4. Mediterranean oak,Different clade
BAM,CLI,0.10808062547191706,14. CHNIII,25. Sake,Different clade
BAM,CLN,0.11433831744744498,14. CHNIII,25. Sake,Different clade
BAM,CLP,0.05967918983665993,14. CHNIII,25. Sake,Different clade
BAM,CMI,0.09559124083780825,14. CHNIII,25. Sake,Different clade
BAM,CPI,0.10080989771811692,14. CHNIII,9. Mexican agave,Different clade
BAM,CPK,0.10294661203734012,14. CHNIII,9. Mexican agave,Different clade
BAM,CPN,0.10093993126049162,14. CHNIII,9. Mexican agave,Different clade
BAM,CQD,0.08742799075543067,14. CHNIII,12. West African cocoa,Different clade
BAM,CQF,0.094376280550511,14. CHNIII,12. West African cocoa,Different clade
BAM,SACE_YCE,0.050796663695569656,14. CHNIII,M3. Mosaic region 3,Different clade
BAM,SACE_YCK,0.03228144349892656,14. CHNIII,26. Asian fermentation,Different clade
BAM,SACE_YCM,0.0775512870660543,14. CHNIII,24. Asian islands,Different clade
BAM,SACE_YCR,0.10157326751625598,14. CHNIII,18. Far East Asia,Different clade
BAM,SACE_YCU,0.11856749619649425,14. CHNIII,23. North American oak,Different clade
BAN,AFE,0.015153266634955344,20. CHN V,8. Mixed origin,Different clade
BAN,AKH,0.09423814178490031,20. CHN V,13. African palm wine,Different clade
BAN,AKI,0.032327051883520766,20. CHN V,M3. Mosaic region 3,Different clade
BAN,AKM,0.11340825554700706,20. CHN V,19. Malaysian,Different clade
BAN,AMP,0.07797781405206947,20. CHN V,M1. Mosaic region 1,Different clade
BAN,ANG,0.13603668232900634,20. CHN V,23. North American oak,Different clade
BAN,ANN,0.1258707986929183,20. CHN V,12. West African cocoa,Different clade
BAN,ATS,0.08600111406414401,20. CHN V,8. Mixed origin,Different clade
BAN,BAF,0.09929433034316357,20. CHN V,13. African palm wine,Different clade
BAN,BAG,0.07744659289961793,20. CHN V,15. CHNII,Different clade
BAN,BAI,0.1754574008543599,20. CHN V,18. Far East Asia,Different clade
BAN,BAK,0.1757288302063389,20. CHN V,18. Far East Asia,Different clade
BAN,BAL,0.12931542276827743,20. CHN V,16. CHNI,Different clade
BAN,BAM,0.14101777511007568,20. CHN V,14. CHNIII,Different clade
BAN,BAP,0.15111301373941238,20. CHN V,20. CHN V,Same clade
BAN,BBQ,0.13643839763673135,20. CHN V,4. Mediterranean oak,Different clade
BAN,BCK,0.10626483026539255,20. CHN V,10. French Guiana human,Different clade
BAN,BDB,0.08232695888762362,20. CHN V,M2. Mosaic region 2,Different clade
BAN,BDP,0.04655415889627327,20. CHN V,10. French Guiana human,Different clade
BAN,BEF,0.09779980271493806,20. CHN V,26. Asian fermentation,Different clade
BAN,BFH,0.06614209033512485,20. CHN V,5. French dairy,Different clade
BAN,BFP,0.09858075935058418,20. CHN V,4. Mediterranean oak,Different clade
BAN,BGD,0.06955445418467696,20. CHN V,5. French dairy,Different clade
BAN,BGF,0.032693782920046675,20. CHN V,5. French dairy,Different clade
BAN,BHG,0.07269570794083852,20. CHN V,M2. Mosaic region 2,Different clade
BAN,BHK,0.05879376435439849,20. CHN V,M1. Mosaic region 1,Different clade
BAN,BHM,0.019857273302365672,20. CHN V,M1. Mosaic region 1,Different clade
BAN,BHQ,0.11703660804336292,20. CHN V,26. Asian fermentation,Different clade
BAN,BMA,0.11972786746593499,20. CHN V,19. Malaysian,Different clade
BAN,BMB,0.14606137814508205,20. CHN V,19. Malaysian,Different clade
BAN,BMC,0.07549302536830657,20. CHN V,19. Malaysian,Different clade
BAN,BNC,0.08719466297025971,20. CHN V,10. French Guiana human,Different clade
BAN,BNV,0.06813285498654865,20. CHN V,1. Wine/European,Different clade
BAN,BQM,0.09585134679049229,20. CHN V,1. Wine/European,Different clade
BAN,BVG,0.05855436947191466,20. CHN V,3. Brazilian bioethanol,Different clade
BAN,CAE,0.08190844723727596,20. CHN V,1. Wine/European,Different clade
BAN,CBN,0.07279850330558227,20. CHN V,7. Mosaic beer,Different clade
BAN,CCD,0.13878472006601683,20. CHN V,21. Ecuadorean,Different clade
BAN,CCG,0.14527455768780406,20. CHN V,21. Ecuadorean,Different clade
BAN,CCN,0.12003104866019032,20. CHN V,18. Far East Asia,Different clade
BAN,CCQ,0.16775140659610796,20. CHN V,18. Far East Asia,Different clade
BAN,CCR,0.17253622135891009,20. CHN V,18. Far East Asia,Different clade
BAN,CCS,0.20610214698734997,20. CHN V,18. Far East Asia,Different clade
BAN,CCV,0.11613841305725112,20. CHN V,24. Asian islands,Different clade
BAN,CDE,0.11684902830424411,20. CHN V,M3. Mosaic region 3,Different clade
BAN,CDL,0.17538225985143793,20. CHN V,18. Far East Asia,Different clade
BAN,CDT,0.024483783012675522,20. CHN V,2. Alpechin,Different clade
BAN,CEG,0.08162705688632112,20. CHN V,17. Taiwanese,Different clade
BAN,CFF,0.1156746385170136,20. CHN V,7. Mosaic beer,Different clade
BAN,CGL,0.0740170689480014,20. CHN V,26. Asian fermentation,Different clade
BAN,CGN,0.11594290046034145,20. CHN V,26. Asian fermentation,Different clade
BAN,CGS,0.07032890052695348,20. CHN V,1. Wine/European,Different clade
BAN,CLB,0.14734969980605062,20. CHN V,4. Mediterranean oak,Different clade
BAN,CLI,0.12339297382907351,20. CHN V,25. Sake,Different clade
BAN,CLN,0.12101248312704883,20. CHN V,25. Sake,Different clade
BAN,CLP,0.08687546751359175,20. CHN V,25. Sake,Different clade
BAN,CMI,0.07724786682202218,20. CHN V,25. Sake,Different clade
BAN,CPI,0.07845040440677187,20. CHN V,9. Mexican agave,Different clade
BAN,CPK,0.10223063737787168,20. CHN V,9. Mexican agave,Different clade
BAN,CPN,0.08998596190168226,20. CHN V,9. Mexican agave,Different clade
BAN,CQD,0.08393938281254597,20. CHN V,12. West African cocoa,Different clade
BAN,CQF,0.1474744192973502,20. CHN V,12. West African cocoa,Different clade
BAN,SACE_YCE,0.030175946607921993,20. CHN V,M3. Mosaic region 3,Different clade
BAN,SACE_YCK,0.01604196899270013,20. CHN V,26. Asian fermentation,Different clade
BAN,SACE_YCM,0.08760991577827612,20. CHN V,24. Asian islands,Different clade
BAN,SACE_YCR,0.18574335566141684,20. CHN V,18. Far East Asia,Different clade
BAN,SACE_YCU,0.12167227316489389,20. CHN V,23. North American oak,Different clade
BAP,AFE,0.007348064483111116,20. CHN V,8. Mixed origin,Different clade
BAP,AKH,0.061660176332764736,20. CHN V,13. African palm wine,Different clade
BAP,AKI,0.050894137582841274,20. CHN V,M3. Mosaic region 3,Different clade
BAP,AKM,0.08856993212968817,20. CHN V,19. Malaysian,Different clade
BAP,AMP,0.06304449493523327,20. CHN V,M1. Mosaic region 1,Different clade
BAP,ANG,0.11551045474691263,20. CHN V,23. North American oak,Different clade
BAP,ANN,0.1290449545801573,20. CHN V,12. West African cocoa,Different clade
BAP,ATS,0.06979527009531354,20. CHN V,8. Mixed origin,Different clade
BAP,BAF,0.09148754659531004,20. CHN V,13. African palm wine,Different clade
BAP,BAG,0.0641912905714147,20. CHN V,15. CHNII,Different clade
BAP,BAI,0.14575914937073395,20. CHN V,18. Far East Asia,Different clade
BAP,BAK,0.16732901398262698,20. CHN V,18. Far East Asia,Different clade
BAP,BAL,0.13540256923457217,20. CHN V,16. CHNI,Different clade
BAP,BAM,0.11099129105840005,20. CHN V,14. CHNIII,Different clade
BAP,BAN,0.15111301373941238,20. CHN V,20. CHN V,Same clade
BAP,BBQ,0.13929045847259042,20. CHN V,4. Mediterranean oak,Different clade
BAP,BCK,0.08034822859843152,20. CHN V,10. French Guiana human,Different clade
BAP,BDB,0.10001682262842891,20. CHN V,M2. Mosaic region 2,Different clade
BAP,BDP,0.052603142953635634,20. CHN V,10. French Guiana human,Different clade
BAP,BEF,0.08591313099533268,20. CHN V,26. Asian fermentation,Different clade
BAP,BFH,0.06251333467814736,20. CHN V,5. French dairy,Different clade
BAP,BFP,0.13627284345708354,20. CHN V,4. Mediterranean oak,Different clade
BAP,BGD,0.04948684075797582,20. CHN V,5. French dairy,Different clade
BAP,BGF,0.040313725286968784,20. CHN V,5. French dairy,Different clade
BAP,BHG,0.07599362962263517,20. CHN V,M2. Mosaic region 2,Different clade
BAP,BHK,0.08231425234200267,20. CHN V,M1. Mosaic region 1,Different clade
BAP,BHM,0.0529257928526751,20. CHN V,M1. Mosaic region 1,Different clade
BAP,BHQ,0.10905848085464682,20. CHN V,26. Asian fermentation,Different clade
BAP,BMA,0.08617069925327656,20. CHN V,19. Malaysian,Different clade
BAP,BMB,0.10594965239318674,20. CHN V,19. Malaysian,Different clade
BAP,BMC,0.07120920406067566,20. CHN V,19. Malaysian,Different clade
BAP,BNC,0.08656652924332026,20. CHN V,10. French Guiana human,Different clade
BAP,BNV,0.08916007021612227,20. CHN V,1. Wine/European,Different clade
BAP,BQM,0.09735057907027941,20. CHN V,1. Wine/European,Different clade
BAP,BVG,0.0636631132741994,20. CHN V,3. Brazilian bioethanol,Different clade
BAP,CAE,0.08965605335372982,20. CHN V,1. Wine/European,Different clade
BAP,CBN,0.056040928031760834,20. CHN V,7. Mosaic beer,Different clade
BAP,CCD,0.14813658204730357,20. CHN V,21. Ecuadorean,Different clade
BAP,CCG,0.1478195270269406,20. CHN V,21. Ecuadorean,Different clade
BAP,CCN,0.07457081651495723,20. CHN V,18. Far East Asia,Different clade
BAP,CCQ,0.1301197799894503,20. CHN V,18. Far East Asia,Different clade
BAP,CCR,0.13971320645457255,20. CHN V,18. Far East Asia,Different clade
BAP,CCS,0.1535666796080283,20. CHN V,18. Far East Asia,Different clade
BAP,CCV,0.14998899716931502,20. CHN V,24. Asian islands,Different clade
BAP,CDE,0.10990934945477991,20. CHN V,M3. Mosaic region 3,Different clade
BAP,CDL,0.14385759591335676,20. CHN V,18. Far East Asia,Different clade
BAP,CDT,0.0456218420564564,20. CHN V,2. Alpechin,Different clade
BAP,CEG,0.08680208582353445,20. CHN V,17. Taiwanese,Different clade
BAP,CFF,0.11861568793535654,20. CHN V,7. Mosaic beer,Different clade
BAP,CGL,0.08474933246207703,20. CHN V,26. Asian fermentation,Different clade
BAP,CGN,0.10464540791328404,20. CHN V,26. Asian fermentation,Different clade
BAP,CGS,0.11363940335604582,20. CHN V,1. Wine/European,Different clade
BAP,CLB,0.11921194938048144,20. CHN V,4. Mediterranean oak,Different clade
BAP,CLI,0.09734833462912193,20. CHN V,25. Sake,Different clade
BAP,CLN,0.07745679881788671,20. CHN V,25. Sake,Different clade
BAP,CLP,0.0914943596134352,20. CHN V,25. Sake,Different clade
BAP,CMI,0.07760873745570795,20. CHN V,25. Sake,Different clade
BAP,CPI,0.07019473996155438,20. CHN V,9. Mexican agave,Different clade
BAP,CPK,0.09436228781610456,20. CHN V,9. Mexican agave,Different clade
BAP,CPN,0.11619464538190669,20. CHN V,9. Mexican agave,Different clade
BAP,CQD,0.09193765582661723,20. CHN V,12. West African cocoa,Different clade
BAP,CQF,0.09901956210558029,20. CHN V,12. West African cocoa,Different clade
BAP,SACE_YCE,0.046457108981608077,20. CHN V,M3. Mosaic region 3,Different clade
BAP,SACE_YCK,0.057137159731957404,20. CHN V,26. Asian fermentation,Different clade
BAP,SACE_YCM,0.09481248215954677,20. CHN V,24. Asian islands,Different clade
BAP,SACE_YCR,0.13756552214097517,20. CHN V,18. Far East Asia,Different clade
BAP,SACE_YCU,0.1335037817392274,20. CHN V,23. North American oak,Different clade
BBQ,AFE,7.76528646325288e-4,4. Mediterranean oak,8. Mixed origin,Different clade
BBQ,AKH,0.06746816406333678,4. Mediterranean oak,13. African palm wine,Different clade
BBQ,AKI,0.08389706520243799,4. Mediterranean oak,M3. Mosaic region 3,Different clade
BBQ,AKM,0.07248924416266804,4. Mediterranean oak,19. Malaysian,Different clade
BBQ,AMP,0.07636959375195787,4. Mediterranean oak,M1. Mosaic region 1,Different clade
BBQ,ANG,0.10989992991694375,4. Mediterranean oak,23. North American oak,Different clade
BBQ,ANN,0.1282361279516667,4. Mediterranean oak,12. West African cocoa,Different clade
BBQ,ATS,0.07575827071467581,4. Mediterranean oak,8. Mixed origin,Different clade
BBQ,BAF,0.11640483188955235,4. Mediterranean oak,13. African palm wine,Different clade
BBQ,BAG,0.10860049354150561,4. Mediterranean oak,15. CHNII,Different clade
BBQ,BAI,0.1507631193814361,4. Mediterranean oak,18. Far East Asia,Different clade
BBQ,BAK,0.15026092536960362,4. Mediterranean oak,18. Far East Asia,Different clade
BBQ,BAL,0.14274723932103175,4. Mediterranean oak,16. CHNI,Different clade
BBQ,BAM,0.06773431072965415,4. Mediterranean oak,14. CHNIII,Different clade
BBQ,BAN,0.13643839763673135,4. Mediterranean oak,20. CHN V,Different clade
BBQ,BAP,0.13929045847259042,4. Mediterranean oak,20. CHN V,Different clade
BBQ,BCK,0.09074279007538781,4. Mediterranean oak,10. French Guiana human,Different clade
BBQ,BDB,0.04372712236188542,4. Mediterranean oak,M2. Mosaic region 2,Different clade
BBQ,BDP,0.032890732411347795,4. Mediterranean oak,10. French Guiana human,Different clade
BBQ,BEF,0.05828509604435688,4. Mediterranean oak,26. Asian fermentation,Different clade
BBQ,BFH,0.06781844521564874,4. Mediterranean oak,5. French dairy,Different clade
BBQ,BFP,0.10383458112316818,4. Mediterranean oak,4. Mediterranean oak,Same clade
BBQ,BGD,0.06534613983381482,4. Mediterranean oak,5. French dairy,Different clade
BBQ,BGF,0.04711827984552188,4. Mediterranean oak,5. French dairy,Different clade
BBQ,BHG,0.06720763065436434,4. Mediterranean oak,M2. Mosaic region 2,Different clade
BBQ,BHK,0.0962038168424955,4. Mediterranean oak,M1. Mosaic region 1,Different clade
BBQ,BHM,0.027683858876349207,4. Mediterranean oak,M1. Mosaic region 1,Different clade
BBQ,BHQ,0.09312554493930181,4. Mediterranean oak,26. Asian fermentation,Different clade
BBQ,BMA,0.12405204103069167,4. Mediterranean oak,19. Malaysian,Different clade
BBQ,BMB,0.10978291713361368,4. Mediterranean oak,19. Malaysian,Different clade
BBQ,BMC,0.07686134069385428,4. Mediterranean oak,19. Malaysian,Different clade
BBQ,BNC,0.05507644850371799,4. Mediterranean oak,10. French Guiana human,Different clade
BBQ,BNV,0.07801644616614753,4. Mediterranean oak,1. Wine/European,Different clade
BBQ,BQM,0.07472763745474972,4. Mediterranean oak,1. Wine/European,Different clade
BBQ,BVG,0.08839308786165692,4. Mediterranean oak,3. Brazilian bioethanol,Different clade
BBQ,CAE,0.10442824754545857,4. Mediterranean oak,1. Wine/European,Different clade
BBQ,CBN,0.07622752185628029,4. Mediterranean oak,7. Mosaic beer,Different clade
BBQ,CCD,0.12236879944134299,4. Mediterranean oak,21. Ecuadorean,Different clade
BBQ,CCG,0.10866226523439244,4. Mediterranean oak,21. Ecuadorean,Different clade
BBQ,CCN,0.09917447343414451,4. Mediterranean oak,18. Far East Asia,Different clade
BBQ,CCQ,0.1584111465347348,4. Mediterranean oak,18. Far East Asia,Different clade
BBQ,CCR,0.18205427724459736,4. Mediterranean oak,18. Far East Asia,Different clade
BBQ,CCS,0.16887746783988017,4. Mediterranean oak,18. Far East Asia,Different clade
BBQ,CCV,0.10796897301830127,4. Mediterranean oak,24. Asian islands,Different clade
BBQ,CDE,0.12328038390713902,4. Mediterranean oak,M3. Mosaic region 3,Different clade
BBQ,CDL,0.18111202144198302,4. Mediterranean oak,18. Far East Asia,Different clade
BBQ,CDT,0.03458160447660059,4. Mediterranean oak,2. Alpechin,Different clade
BBQ,CEG,0.05215959178322211,4. Mediterranean oak,17. Taiwanese,Different clade
BBQ,CFF,0.1255123643076684,4. Mediterranean oak,7. Mosaic beer,Different clade
BBQ,CGL,0.11957453100924073,4. Mediterranean oak,26. Asian fermentation,Different clade
BBQ,CGN,0.12722760387453894,4. Mediterranean oak,26. Asian fermentation,Different clade
BBQ,CGS,0.1389828620373643,4. Mediterranean oak,1. Wine/European,Different clade
BBQ,CLB,0.12525462696592643,4. Mediterranean oak,4. Mediterranean oak,Same clade
BBQ,CLI,0.07510175249016302,4. Mediterranean oak,25. Sake,Different clade
BBQ,CLN,0.07538224572009034,4. Mediterranean oak,25. Sake,Different clade
BBQ,CLP,0.13258466417489154,4. Mediterranean oak,25. Sake,Different clade
BBQ,CMI,0.062212718940113015,4. Mediterranean oak,25. Sake,Different clade
BBQ,CPI,0.0588021894112326,4. Mediterranean oak,9. Mexican agave,Different clade
BBQ,CPK,0.10163929986561117,4. Mediterranean oak,9. Mexican agave,Different clade
BBQ,CPN,0.11141750989877862,4. Mediterranean oak,9. Mexican agave,Different clade
BBQ,CQD,0.10938239991492026,4. Mediterranean oak,12. West African cocoa,Different clade
BBQ,CQF,0.12347460493237501,4. Mediterranean oak,12. West African cocoa,Different clade
BBQ,SACE_YCE,0.04385900567046953,4. Mediterranean oak,M3. Mosaic region 3,Different clade
BBQ,SACE_YCK,0.046331604667006095,4. Mediterranean oak,26. Asian fermentation,Different clade
BBQ,SACE_YCM,0.061545503775206345,4. Mediterranean oak,24. Asian islands,Different clade
BBQ,SACE_YCR,0.16210694604990214,4. Mediterranean oak,18. Far East Asia,Different clade
BBQ,SACE_YCU,0.11425913909663729,4. Mediterranean oak,23. North American oak,Different clade
BCK,AFE,0.01768023860653032,10. French Guiana human,8. Mixed origin,Different clade
BCK,AKH,0.06271139561495755,10. French Guiana human,13. African palm wine,Different clade
BCK,AKI,0.037004737622502004,10. French Guiana human,M3. Mosaic region 3,Different clade
BCK,AKM,0.07550942846401522,10. French Guiana human,19. Malaysian,Different clade
BCK,AMP,0.08062959957536261,10. French Guiana human,M1. Mosaic region 1,Different clade
BCK,ANG,0.0901330799695116,10. French Guiana human,23. North American oak,Different clade
BCK,ANN,0.12778897603989836,10. French Guiana human,12. West African cocoa,Different clade
BCK,ATS,0.07303553852751342,10. French Guiana human,8. Mixed origin,Different clade
BCK,BAF,0.10883367117496168,10. French Guiana human,13. African palm wine,Different clade
BCK,BAG,0.057602427981524866,10. French Guiana human,15. CHNII,Different clade
BCK,BAI,0.11591475137136589,10. French Guiana human,18. Far East Asia,Different clade
BCK,BAK,0.12246981298897583,10. French Guiana human,18. Far East Asia,Different clade
BCK,BAL,0.10306996967057971,10. French Guiana human,16. CHNI,Different clade
BCK,BAM,0.074852307738781515,10. French Guiana human,14. CHNIII,Different clade
BCK,BAN,0.10626483026539255,10. French Guiana human,20. CHN V,Different clade
BCK,BAP,0.08034822859843152,10. French Guiana human,20. CHN V,Different clade
BCK,BBQ,0.09074279007538781,10. French Guiana human,4. Mediterranean oak,Different clade
BCK,BDB,0.09552869137045059,10. French Guiana human,M2. Mosaic region 2,Different clade
BCK,BDP,0.09891919808826234,10. French Guiana human,10. French Guiana human,Same clade
BCK,BEF,0.09716382775550028,10. French Guiana human,26. Asian fermentation,Different clade
BCK,BFH,0.06022881449152284,10. French Guiana human,5. French dairy,Different clade
BCK,BFP,0.09154244811531452,10. French Guiana human,4. Mediterranean oak,Different clade
BCK,BGD,0.06444320896098042,10. French Guiana human,5. French dairy,Different clade
BCK,BGF,0.04769185432020836,10. French Guiana human,5. French dairy,Different clade
BCK,BHG,0.07647383179250461,10. French Guiana human,M2. Mosaic region 2,Different clade
BCK,BHK,0.09054537682517133,10. French Guiana human,M1. Mosaic region 1,Different clade
BCK,BHM,0.031533018143884144,10. French Guiana human,M1. Mosaic region 1,Different clade
BCK,BHQ,0.1375498074980817,10. French Guiana human,26. Asian fermentation,Different clade
BCK,BMA,0.09690820842834753,10. French Guiana human,19. Malaysian,Different clade
BCK,BMB,0.06912645670544766,10. French Guiana human,19. Malaysian,Different clade
BCK,BMC,0.04229704705135108,10. French Guiana human,19. Malaysian,Different clade
BCK,BNC,0.125317841120657,10. French Guiana human,10. French Guiana human,Same clade
BCK,BNV,0.09518493278707872,10. French Guiana human,1. Wine/European,Different clade
BCK,BQM,0.066014328158011,10. French Guiana human,1. Wine/European,Different clade
BCK,BVG,0.12812071672409925,10. French Guiana human,3. Brazilian bioethanol,Different clade
BCK,CAE,0.09822657031610542,10. French Guiana human,1. Wine/European,Different clade
BCK,CBN,0.07997559393293946,10. French Guiana human,7. Mosaic beer,Different clade
BCK,CCD,0.08855739474133269,10. French Guiana human,21. Ecuadorean,Different clade
BCK,CCG,0.07825826205862746,10. French Guiana human,21. Ecuadorean,Different clade
BCK,CCN,0.05458874418893793,10. French Guiana human,18. Far East Asia,Different clade
BCK,CCQ,0.09190460446136407,10. French Guiana human,18. Far East Asia,Different clade
BCK,CCR,0.09203436717607705,10. French Guiana human,18. Far East Asia,Different clade
BCK,CCS,0.08377388828857132,10. French Guiana human,18. Far East Asia,Different clade
BCK,CCV,0.07756603423261987,10. French Guiana human,24. Asian islands,Different clade
BCK,CDE,0.0797558600540037,10. French Guiana human,M3. Mosaic region 3,Different clade
BCK,CDL,0.078540983694132,10. French Guiana human,18. Far East Asia,Different clade
BCK,CDT,0.07623563500602712,10. French Guiana human,2. Alpechin,Different clade
BCK,CEG,0.08080351979216549,10. French Guiana human,17. Taiwanese,Different clade
BCK,CFF,0.1127851920462822,10. French Guiana human,7. Mosaic beer,Different clade
BCK,CGL,0.08124439079480301,10. French Guiana human,26. Asian fermentation,Different clade
BCK,CGN,0.14507317005302714,10. French Guiana human,26. Asian fermentation,Different clade
BCK,CGS,0.13846942679386134,10. French Guiana human,1. Wine/European,Different clade
BCK,CLB,0.09640496488629755,10. French Guiana human,4. Mediterranean oak,Different clade
BCK,CLI,0.1008646639379079,10. French Guiana human,25. Sake,Different clade
BCK,CLN,0.06616664396979562,10. French Guiana human,25. Sake,Different clade
BCK,CLP,0.0731907471377995,10. French Guiana human,25. Sake,Different clade
BCK,CMI,0.09166806448725634,10. French Guiana human,25. Sake,Different clade
BCK,CPI,0.11115337030277633,10. French Guiana human,9. Mexican agave,Different clade
BCK,CPK,0.17035692320491447,10. French Guiana human,9. Mexican agave,Different clade
BCK,CPN,0.13388239983655698,10. French Guiana human,9. Mexican agave,Different clade
BCK,CQD,0.09142677020474015,10. French Guiana human,12. West African cocoa,Different clade
BCK,CQF,0.12570203486836576,10. French Guiana human,12. West African cocoa,Different clade
BCK,SACE_YCE,0.04543938762225761,10. French Guiana human,M3. Mosaic region 3,Different clade
BCK,SACE_YCK,0.05433988673938938,10. French Guiana human,26. Asian fermentation,Different clade
BCK,SACE_YCM,0.025030272738149027,10. French Guiana human,24. Asian islands,Different clade
BCK,SACE_YCR,0.08081098297890993,10. French Guiana human,18. Far East Asia,Different clade
BCK,SACE_YCU,0.09271091048359593,10. French Guiana human,23. North American oak,Different clade
BDB,AFE,0.018099152255953696,M2. Mosaic region 2,8. Mixed origin,Different clade
BDB,AKH,0.058668130957867215,M2. Mosaic region 2,13. African palm wine,Different clade
BDB,AKI,0.035349980073336305,M2. Mosaic region 2,M3. Mosaic region 3,Different clade
BDB,AKM,0.032237177849261535,M2. Mosaic region 2,19. Malaysian,Different clade
BDB,AMP,0.07270031462821692,M2. Mosaic region 2,M1. Mosaic region 1,Different clade
BDB,ANG,0.05768141072566297,M2. Mosaic region 2,23. North American oak,Different clade
BDB,ANN,0.10136851411057328,M2. Mosaic region 2,12. West African cocoa,Different clade
BDB,ATS,0.09798383152776492,M2. Mosaic region 2,8. Mixed origin,Different clade
BDB,BAF,0.059941463173175974,M2. Mosaic region 2,13. African palm wine,Different clade
BDB,BAG,0.06304653161079093,M2. Mosaic region 2,15. CHNII,Different clade
BDB,BAI,0.0772112783051218,M2. Mosaic region 2,18. Far East Asia,Different clade
BDB,BAK,0.07033171020265847,M2. Mosaic region 2,18. Far East Asia,Different clade
BDB,BAL,0.12186739128746257,M2. Mosaic region 2,16. CHNI,Different clade
BDB,BAM,0.09047004363735815,M2. Mosaic region 2,14. CHNIII,Different clade
BDB,BAN,0.08232695888762362,M2. Mosaic region 2,20. CHN V,Different clade
BDB,BAP,0.10001682262842891,M2. Mosaic region 2,20. CHN V,Different clade
BDB,BBQ,0.04372712236188542,M2. Mosaic region 2,4. Mediterranean oak,Different clade
BDB,BCK,0.09552869137045059,M2. Mosaic region 2,10. French Guiana human,Different clade
BDB,BDP,0.04566713909624926,M2. Mosaic region 2,10. French Guiana human,Different clade
BDB,BEF,0.05210705495864195,M2. Mosaic region 2,26. Asian fermentation,Different clade
BDB,BFH,0.054064453356717466,M2. Mosaic region 2,5. French dairy,Different clade
BDB,BFP,0.0720874867268541,M2. Mosaic region 2,4. Mediterranean oak,Different clade
BDB,BGD,0.03292067616333411,M2. Mosaic region 2,5. French dairy,Different clade
BDB,BGF,0.02449544997119592,M2. Mosaic region 2,5. French dairy,Different clade
BDB,BHG,0.04185773364374134,M2. Mosaic region 2,M2. Mosaic region 2,Same clade
BDB,BHK,0.09549061426198056,M2. Mosaic region 2,M1. Mosaic region 1,Different clade
BDB,BHM,0.024524991834825156,M2. Mosaic region 2,M1. Mosaic region 1,Different clade
BDB,BHQ,0.06942864722176308,M2. Mosaic region 2,26. Asian fermentation,Different clade
BDB,BMA,0.057015961518361635,M2. Mosaic region 2,19. Malaysian,Different clade
BDB,BMB,0.07536557917480866,M2. Mosaic region 2,19. Malaysian,Different clade
BDB,BMC,0.01887163659279823,M2. Mosaic region 2,19. Malaysian,Different clade
BDB,BNC,0.07200198719368385,M2. Mosaic region 2,10. French Guiana human,Different clade
BDB,BNV,0.09426513322330635,M2. Mosaic region 2,1. Wine/European,Different clade
BDB,BQM,0.08798230819257992,M2. Mosaic region 2,1. Wine/European,Different clade
BDB,BVG,0.07760230601155817,M2. Mosaic region 2,3. Brazilian bioethanol,Different clade
BDB,CAE,0.10775038632482595,M2. Mosaic region 2,1. Wine/European,Different clade
BDB,CBN,0.013081810822608146,M2. Mosaic region 2,7. Mosaic beer,Different clade
BDB,CCD,0.09215307847672333,M2. Mosaic region 2,21. Ecuadorean,Different clade
BDB,CCG,0.07054613662147896,M2. Mosaic region 2,21. Ecuadorean,Different clade
BDB,CCN,0.05488662545922511,M2. Mosaic region 2,18. Far East Asia,Different clade
BDB,CCQ,0.08375963400457596,M2. Mosaic region 2,18. Far East Asia,Different clade
BDB,CCR,0.09213376137720768,M2. Mosaic region 2,18. Far East Asia,Different clade
BDB,CCS,0.07883805260403397,M2. Mosaic region 2,18. Far East Asia,Different clade
BDB,CCV,0.1323894220076255,M2. Mosaic region 2,24. Asian islands,Different clade
BDB,CDE,0.04983378313401825,M2. Mosaic region 2,M3. Mosaic region 3,Different clade
BDB,CDL,0.07182281462605108,M2. Mosaic region 2,18. Far East Asia,Different clade
BDB,CDT,0.09088999170976399,M2. Mosaic region 2,2. Alpechin,Different clade
BDB,CEG,0.054814587687036315,M2. Mosaic region 2,17. Taiwanese,Different clade
BDB,CFF,0.09360382400231093,M2. Mosaic region 2,7. Mosaic beer,Different clade
BDB,CGL,0.055017581401550934,M2. Mosaic region 2,26. Asian fermentation,Different clade
BDB,CGN,0.06325172935675748,M2. Mosaic region 2,26. Asian fermentation,Different clade
BDB,CGS,0.10439921340302809,M2. Mosaic region 2,1. Wine/European,Different clade
BDB,CLB,0.1093165707377101,M2. Mosaic region 2,4. Mediterranean oak,Different clade
BDB,CLI,0.13778893425870942,M2. Mosaic region 2,25. Sake,Different clade
BDB,CLN,0.09823771483304702,M2. Mosaic region 2,25. Sake,Different clade
BDB,CLP,0.0397254299686471,M2. Mosaic region 2,25. Sake,Different clade
BDB,CMI,0.09008511701202644,M2. Mosaic region 2,25. Sake,Different clade
BDB,CPI,0.060051765445473713,M2. Mosaic region 2,9. Mexican agave,Different clade
BDB,CPK,0.09558464634142935,M2. Mosaic region 2,9. Mexican agave,Different clade
BDB,CPN,0.0660175088261089,M2. Mosaic region 2,9. Mexican agave,Different clade
BDB,CQD,0.06008634973469115,M2. Mosaic region 2,12. West African cocoa,Different clade
BDB,CQF,0.06312828506592057,M2. Mosaic region 2,12. West African cocoa,Different clade
BDB,SACE_YCE,0.09558276372517048,M2. Mosaic region 2,M3. Mosaic region 3,Different clade
BDB,SACE_YCK,0.0391183603962139,M2. Mosaic region 2,26. Asian fermentation,Different clade
BDB,SACE_YCM,0.04894762820432711,M2. Mosaic region 2,24. Asian islands,Different clade
BDB,SACE_YCR,0.05050894452859722,M2. Mosaic region 2,18. Far East Asia,Different clade
BDB,SACE_YCU,0.08238076373113432,M2. Mosaic region 2,23. North American oak,Different clade
BDP,AFE,0.005411191269424,10. French Guiana human,8. Mixed origin,Different clade
BDP,AKH,0.04282711336999499,10. French Guiana human,13. African palm wine,Different clade
BDP,AKI,0.06703945293225365,10. French Guiana human,M3. Mosaic region 3,Different clade
BDP,AKM,0.06213358760674529,10. French Guiana human,19. Malaysian,Different clade
BDP,AMP,0.06548354273789475,10. French Guiana human,M1. Mosaic region 1,Different clade
BDP,ANG,0.09384147016521503,10. French Guiana human,23. North American oak,Different clade
BDP,ANN,0.11225672245995155,10. French Guiana human,12. West African cocoa,Different clade
BDP,ATS,0.09732945093900619,10. French Guiana human,8. Mixed origin,Different clade
BDP,BAF,0.07658252902280743,10. French Guiana human,13. African palm wine,Different clade
BDP,BAG,0.06277820257567057,10. French Guiana human,15. CHNII,Different clade
BDP,BAI,0.0724086005325607,10. French Guiana human,18. Far East Asia,Different clade
BDP,BAK,0.07228372023566618,10. French Guiana human,18. Far East Asia,Different clade
BDP,BAL,0.08275097382767639,10. French Guiana human,16. CHNI,Different clade
BDP,BAM,0.07293720130931307,10. French Guiana human,14. CHNIII,Different clade
BDP,BAN,0.04655415889627327,10. French Guiana human,20. CHN V,Different clade
BDP,BAP,0.052603142953635634,10. French Guiana human,20. CHN V,Different clade
BDP,BBQ,0.032890732411347795,10. French Guiana human,4. Mediterranean oak,Different clade
BDP,BCK,0.09891919808826234,10. French Guiana human,10. French Guiana human,Same clade
BDP,BDB,0.04566713909624926,10. French Guiana human,M2. Mosaic region 2,Different clade
BDP,BEF,0.05540590980620145,10. French Guiana human,26. Asian fermentation,Different clade
BDP,BFH,0.04510758180050199,10. French Guiana human,5. French dairy,Different clade
BDP,BFP,0.05776194757438444,10. French Guiana human,4. Mediterranean oak,Different clade
BDP,BGD,0.019258484953524713,10. French Guiana human,5. French dairy,Different clade
BDP,BGF,0.031538185521499854,10. French Guiana human,5. French dairy,Different clade
BDP,BHG,0.061266702311493726,10. French Guiana human,M2. Mosaic region 2,Different clade
BDP,BHK,0.07395779104538786,10. French Guiana human,M1. Mosaic region 1,Different clade
BDP,BHM,0.03385507216077307,10. French Guiana human,M1. Mosaic region 1,Different clade
BDP,BHQ,0.08046406087572705,10. French Guiana human,26. Asian fermentation,Different clade
BDP,BMA,0.05358459073083205,10. French Guiana human,19. Malaysian,Different clade
BDP,BMB,0.06135328712677101,10. French Guiana human,19. Malaysian,Different clade
BDP,BMC,0.05678424480883142,10. French Guiana human,19. Malaysian,Different clade
BDP,BNC,0.1066912603500355,10. French Guiana human,10. French Guiana human,Same clade
BDP,BNV,0.07212992175716745,10. French Guiana human,1. Wine/European,Different clade
BDP,BQM,0.07015553890836358,10. French Guiana human,1. Wine/European,Different clade
BDP,BVG,0.06505686029986467,10. French Guiana human,3. Brazilian bioethanol,Different clade
BDP,CAE,0.09326419168442501,10. French Guiana human,1. Wine/European,Different clade
BDP,CBN,0.04648195343746463,10. French Guiana human,7. Mosaic beer,Different clade
BDP,CCD,0.07998170527874873,10. French Guiana human,21. Ecuadorean,Different clade
BDP,CCG,0.04902727119350824,10. French Guiana human,21. Ecuadorean,Different clade
BDP,CCN,0.031124512185376117,10. French Guiana human,18. Far East Asia,Different clade
BDP,CCQ,0.07176128599184994,10. French Guiana human,18. Far East Asia,Different clade
BDP,CCR,0.0889685923060024,10. French Guiana human,18. Far East Asia,Different clade
BDP,CCS,0.053624741600830604,10. French Guiana human,18. Far East Asia,Different clade
BDP,CCV,0.07230766705986805,10. French Guiana human,24. Asian islands,Different clade
BDP,CDE,0.045359291014930345,10. French Guiana human,M3. Mosaic region 3,Different clade
BDP,CDL,0.06700419024565353,10. French Guiana human,18. Far East Asia,Different clade
BDP,CDT,0.030093546345616666,10. French Guiana human,2. Alpechin,Different clade
BDP,CEG,0.04514736642306705,10. French Guiana human,17. Taiwanese,Different clade
BDP,CFF,0.06950035030475234,10. French Guiana human,7. Mosaic beer,Different clade
BDP,CGL,0.06264107803068387,10. French Guiana human,26. Asian fermentation,Different clade
BDP,CGN,0.09211051985708264,10. French Guiana human,26. Asian fermentation,Different clade
BDP,CGS,0.0926866513065446,10. French Guiana human,1. Wine/European,Different clade
BDP,CLB,0.06538635061948454,10. French Guiana human,4. Mediterranean oak,Different clade
BDP,CLI,0.08447250739940769,10. French Guiana human,25. Sake,Different clade
BDP,CLN,0.06186473604574049,10. French Guiana human,25. Sake,Different clade
BDP,CLP,0.05028870968699496,10. French Guiana human,25. Sake,Different clade
BDP,CMI,0.06317489465324425,10. French Guiana human,25. Sake,Different clade
BDP,CPI,0.0764090145253184,10. French Guiana human,9. Mexican agave,Different clade
BDP,CPK,0.11584073707810012,10. French Guiana human,9. Mexican agave,Different clade
BDP,CPN,0.05877455947876069,10. French Guiana human,9. Mexican agave,Different clade
BDP,CQD,0.07819809817541078,10. French Guiana human,12. West African cocoa,Different clade
BDP,CQF,0.099746048293241,10. French Guiana human,12. West African cocoa,Different clade
BDP,SACE_YCE,0.04128894739204032,10. French Guiana human,M3. Mosaic region 3,Different clade
BDP,SACE_YCK,0.061280444780446176,10. French Guiana human,26. Asian fermentation,Different clade
BDP,SACE_YCM,0.0037690145528754384,10. French Guiana human,24. Asian islands,Different clade
BDP,SACE_YCR,0.0836941239923824,10. French Guiana human,18. Far East Asia,Different clade
BDP,SACE_YCU,0.06241540963392161,10. French Guiana human,23. North American oak,Different clade
BEF,AFE,0.014769751037111124,26. Asian fermentation,8. Mixed origin,Different clade
BEF,AKH,0.07651706681214078,26. Asian fermentation,13. African palm wine,Different clade
BEF,AKI,0.0842881696664875,26. Asian fermentation,M3. Mosaic region 3,Different clade
BEF,AKM,0.07056671607424761,26. Asian fermentation,19. Malaysian,Different clade
BEF,AMP,0.0892912394647444,26. Asian fermentation,M1. Mosaic region 1,Different clade
BEF,ANG,0.10170864364705963,26. Asian fermentation,23. North American oak,Different clade
BEF,ANN,0.10890731172473139,26. Asian fermentation,12. West African cocoa,Different clade
BEF,ATS,0.06859976979319306,26. Asian fermentation,8. Mixed origin,Different clade
BEF,BAF,0.12000657738572776,26. Asian fermentation,13. African palm wine,Different clade
BEF,BAG,0.06949279872558116,26. Asian fermentation,15. CHNII,Different clade
BEF,BAI,0.07923427151110496,26. Asian fermentation,18. Far East Asia,Different clade
BEF,BAK,0.11470749844214377,26. Asian fermentation,18. Far East Asia,Different clade
BEF,BAL,0.0640313670880115,26. Asian fermentation,16. CHNI,Different clade
BEF,BAM,0.09696667717742932,26. Asian fermentation,14. CHNIII,Different clade
BEF,BAN,0.09779980271493806,26. Asian fermentation,20. CHN V,Different clade
BEF,BAP,0.08591313099533268,26. Asian fermentation,20. CHN V,Different clade
BEF,BBQ,0.05828509604435688,26. Asian fermentation,4. Mediterranean oak,Different clade
BEF,BCK,0.09716382775550028,26. Asian fermentation,10. French Guiana human,Different clade
BEF,BDB,0.05210705495864195,26. Asian fermentation,M2. Mosaic region 2,Different clade
BEF,BDP,0.05540590980620145,26. Asian fermentation,10. French Guiana human,Different clade
BEF,BFH,0.07083565045950044,26. Asian fermentation,5. French dairy,Different clade
BEF,BFP,0.08812564465432014,26. Asian fermentation,4. Mediterranean oak,Different clade
BEF,BGD,0.06489916398346719,26. Asian fermentation,5. French dairy,Different clade
BEF,BGF,0.06570057656184576,26. Asian fermentation,5. French dairy,Different clade
BEF,BHG,0.09351555973623162,26. Asian fermentation,M2. Mosaic region 2,Different clade
BEF,BHK,0.039940191200099534,26. Asian fermentation,M1. Mosaic region 1,Different clade
BEF,BHM,0.06940296991698154,26. Asian fermentation,M1. Mosaic region 1,Different clade
BEF,BHQ,0.1257220746456958,26. Asian fermentation,26. Asian fermentation,Same clade
BEF,BMA,0.0814339430724246,26. Asian fermentation,19. Malaysian,Different clade
BEF,BMB,0.07733692082378293,26. Asian fermentation,19. Malaysian,Different clade
BEF,BMC,0.045902618427766675,26. Asian fermentation,19. Malaysian,Different clade
BEF,BNC,0.06529172292679906,26. Asian fermentation,10. French Guiana human,Different clade
BEF,BNV,0.07092926550123473,26. Asian fermentation,1. Wine/European,Different clade
BEF,BQM,0.09295133982898345,26. Asian fermentation,1. Wine/European,Different clade
BEF,BVG,0.05695694883478379,26. Asian fermentation,3. Brazilian bioethanol,Different clade
BEF,CAE,0.10152796847065941,26. Asian fermentation,1. Wine/European,Different clade
BEF,CBN,0.03048561219261486,26. Asian fermentation,7. Mosaic beer,Different clade
BEF,CCD,0.08276427522693508,26. Asian fermentation,21. Ecuadorean,Different clade
BEF,CCG,0.06305540589920974,26. Asian fermentation,21. Ecuadorean,Different clade
BEF,CCN,0.08452640676272292,26. Asian fermentation,18. Far East Asia,Different clade
BEF,CCQ,0.11188611445544391,26. Asian fermentation,18. Far East Asia,Different clade
BEF,CCR,0.13117054821756968,26. Asian fermentation,18. Far East Asia,Different clade
BEF,CCS,0.11757473248535691,26. Asian fermentation,18. Far East Asia,Different clade
BEF,CCV,0.1394021661737588,26. Asian fermentation,24. Asian islands,Different clade
BEF,CDE,0.08060381400570484,26. Asian fermentation,M3. Mosaic region 3,Different clade
BEF,CDL,0.09216724162850869,26. Asian fermentation,18. Far East Asia,Different clade
BEF,CDT,0.06680850204735761,26. Asian fermentation,2. Alpechin,Different clade
BEF,CEG,0.07045929958797141,26. Asian fermentation,17. Taiwanese,Different clade
BEF,CFF,0.0932801799845166,26. Asian fermentation,7. Mosaic beer,Different clade
BEF,CGL,0.11063002752464501,26. Asian fermentation,26. Asian fermentation,Same clade
BEF,CGN,0.13732989331445122,26. Asian fermentation,26. Asian fermentation,Same clade
BEF,CGS,0.1189814420392063,26. Asian fermentation,1. Wine/European,Different clade
BEF,CLB,0.06989998592874062,26. Asian fermentation,4. Mediterranean oak,Different clade
BEF,CLI,0.14318353977674783,26. Asian fermentation,25. Sake,Different clade
BEF,CLN,0.07216226060120408,26. Asian fermentation,25. Sake,Different clade
BEF,CLP,0.09290788263879238,26. Asian fermentation,25. Sake,Different clade
BEF,CMI,0.08547711819946961,26. Asian fermentation,25. Sake,Different clade
BEF,CPI,0.08940031441393485,26. Asian fermentation,9. Mexican agave,Different clade
BEF,CPK,0.12191518660401486,26. Asian fermentation,9. Mexican agave,Different clade
BEF,CPN,0.09203199002593294,26. Asian fermentation,9. Mexican agave,Different clade
BEF,CQD,0.11427810799558484,26. Asian fermentation,12. West African cocoa,Different clade
BEF,CQF,0.12188118120593715,26. Asian fermentation,12. West African cocoa,Different clade
BEF,SACE_YCE,0.004655516448830846,26. Asian fermentation,M3. Mosaic region 3,Different clade
BEF,SACE_YCK,-0.0041852899364605125,26. Asian fermentation,26. Asian fermentation,Same clade
BEF,SACE_YCM,0.08309499582605623,26. Asian fermentation,24. Asian islands,Different clade
BEF,SACE_YCR,0.13311180046894483,26. Asian fermentation,18. Far East Asia,Different clade
BEF,SACE_YCU,0.05898739618813065,26. Asian fermentation,23. North American oak,Different clade
BFH,AFE,-8.444073238869909e-4,5. French dairy,8. Mixed origin,Different clade
BFH,AKH,0.06969510836369816,5. French dairy,13. African palm wine,Different clade
BFH,AKI,0.010161489527158618,5. French dairy,M3. Mosaic region 3,Different clade
BFH,AKM,0.07101890554738302,5. French dairy,19. Malaysian,Different clade
BFH,AMP,0.06050558414068685,5. French dairy,M1. Mosaic region 1,Different clade
BFH,ANG,0.07714206209473091,5. French dairy,23. North American oak,Different clade
BFH,ANN,0.12987846579388876,5. French dairy,12. West African cocoa,Different clade
BFH,ATS,0.06763669937013853,5. French dairy,8. Mixed origin,Different clade
BFH,BAF,0.05928879750954897,5. French dairy,13. African palm wine,Different clade
BFH,BAG,0.03691192301139431,5. French dairy,15. CHNII,Different clade
BFH,BAI,0.07193426595976779,5. French dairy,18. Far East Asia,Different clade
BFH,BAK,0.07929526119123902,5. French dairy,18. Far East Asia,Different clade
BFH,BAL,0.07609509343356699,5. French dairy,16. CHNI,Different clade
BFH,BAM,0.05873587772480968,5. French dairy,14. CHNIII,Different clade
BFH,BAN,0.06614209033512485,5. French dairy,20. CHN V,Different clade
BFH,BAP,0.06251333467814736,5. French dairy,20. CHN V,Different clade
BFH,BBQ,0.06781844521564874,5. French dairy,4. Mediterranean oak,Different clade
BFH,BCK,0.06022881449152284,5. French dairy,10. French Guiana human,Different clade
BFH,BDB,0.054064453356717466,5. French dairy,M2. Mosaic region 2,Different clade
BFH,BDP,0.04510758180050199,5. French dairy,10. French Guiana human,Different clade
BFH,BEF,0.07083565045950044,5. French dairy,26. Asian fermentation,Different clade
BFH,BFP,0.09642478317413128,5. French dairy,4. Mediterranean oak,Different clade
BFH,BGD,0.031983603775456566,5. French dairy,5. French dairy,Same clade
BFH,BGF,0.0789466274495729,5. French dairy,5. French dairy,Same clade
BFH,BHG,0.02584572223962718,5. French dairy,M2. Mosaic region 2,Different clade
BFH,BHK,0.07210424641062038,5. French dairy,M1. Mosaic region 1,Different clade
BFH,BHM,0.057507662142055695,5. French dairy,M1. Mosaic region 1,Different clade
BFH,BHQ,0.12874705423966504,5. French dairy,26. Asian fermentation,Different clade
BFH,BMA,0.058948933240283496,5. French dairy,19. Malaysian,Different clade
BFH,BMB,0.0888145555692059,5. French dairy,19. Malaysian,Different clade
BFH,BMC,0.08077726035550163,5. French dairy,19. Malaysian,Different clade
BFH,BNC,0.06353856134984202,5. French dairy,10. French Guiana human,Different clade
BFH,BNV,0.02383679963790159,5. French dairy,1. Wine/European,Different clade
BFH,BQM,0.04936372434816207,5. French dairy,1. Wine/European,Different clade
BFH,BVG,0.05895878073015066,5. French dairy,3. Brazilian bioethanol,Different clade
BFH,CAE,0.0958174094726905,5. French dairy,1. Wine/European,Different clade
BFH,CBN,0.05142624063386951,5. French dairy,7. Mosaic beer,Different clade
BFH,CCD,0.05853194904430655,5. French dairy,21. Ecuadorean,Different clade
BFH,CCG,0.04065564705794851,5. French dairy,21. Ecuadorean,Different clade
BFH,CCN,0.03792420055695565,5. French dairy,18. Far East Asia,Different clade
BFH,CCQ,0.0745469473503747,5. French dairy,18. Far East Asia,Different clade
BFH,CCR,0.057397438374044145,5. French dairy,18. Far East Asia,Different clade
BFH,CCS,0.09303589399018466,5. French dairy,18. Far East Asia,Different clade
BFH,CCV,0.06458636289262547,5. French dairy,24. Asian islands,Different clade
BFH,CDE,0.07573321375745053,5. French dairy,M3. Mosaic region 3,Different clade
BFH,CDL,0.05509775575246355,5. French dairy,18. Far East Asia,Different clade
BFH,CDT,0.06126690285317206,5. French dairy,2. Alpechin,Different clade
BFH,CEG,0.061312624867035495,5. French dairy,17. Taiwanese,Different clade
BFH,CFF,0.09007154670217081,5. French dairy,7. Mosaic beer,Different clade
BFH,CGL,0.06978524420238458,5. French dairy,26. Asian fermentation,Different clade
BFH,CGN,0.10825520055353477,5. French dairy,26. Asian fermentation,Different clade
BFH,CGS,0.07226192530718242,5. French dairy,1. Wine/European,Different clade
BFH,CLB,0.08291174464754762,5. French dairy,4. Mediterranean oak,Different clade
BFH,CLI,0.05651818738777231,5. French dairy,25. Sake,Different clade
BFH,CLN,0.041393448407629,5. French dairy,25. Sake,Different clade
BFH,CLP,0.043466540016179445,5. French dairy,25. Sake,Different clade
BFH,CMI,0.06856233712963107,5. French dairy,25. Sake,Different clade
BFH,CPI,0.024641604946870694,5. French dairy,9. Mexican agave,Different clade
BFH,CPK,0.06415102078244475,5. French dairy,9. Mexican agave,Different clade
BFH,CPN,0.07032186253244174,5. French dairy,9. Mexican agave,Different clade
BFH,CQD,0.06203637400138334,5. French dairy,12. West African cocoa,Different clade
BFH,CQF,0.09382451801749399,5. French dairy,12. West African cocoa,Different clade
BFH,SACE_YCE,0.08825451647560045,5. French dairy,M3. Mosaic region 3,Different clade
BFH,SACE_YCK,0.03683906398960912,5. French dairy,26. Asian fermentation,Different clade
BFH,SACE_YCM,0.06998349090497376,5. French dairy,24. Asian islands,Different clade
BFH,SACE_YCR,0.07204305311203697,5. French dairy,18. Far East Asia,Different clade
BFH,SACE_YCU,0.0774947920735516,5. French dairy,23. North American oak,Different clade
BFP,AFE,0.03103980314328532,4. Mediterranean oak,8. Mixed origin,Different clade
BFP,AKH,0.08424374524143247,4. Mediterranean oak,13. African palm wine,Different clade
BFP,AKI,0.07724630685327981,4. Mediterranean oak,M3. Mosaic region 3,Different clade
BFP,AKM,0.07241546582484674,4. Mediterranean oak,19. Malaysian,Different clade
BFP,AMP,0.08611979592131584,4. Mediterranean oak,M1. Mosaic region 1,Different clade
BFP,ANG,0.15923926305254932,4. Mediterranean oak,23. North American oak,Different clade
BFP,ANN,0.10325812534955053,4. Mediterranean oak,12. West African cocoa,Different clade
BFP,ATS,0.051660808166428734,4. Mediterranean oak,8. Mixed origin,Different clade
BFP,BAF,0.07166890888177183,4. Mediterranean oak,13. African palm wine,Different clade
BFP,BAG,0.0667804878091289,4. Mediterranean oak,15. CHNII,Different clade
BFP,BAI,0.1434986649366605,4. Mediterranean oak,18. Far East Asia,Different clade
BFP,BAK,0.12881186751097953,4. Mediterranean oak,18. Far East Asia,Different clade
BFP,BAL,0.13322188014169214,4. Mediterranean oak,16. CHNI,Different clade
BFP,BAM,0.11704164568867546,4. Mediterranean oak,14. CHNIII,Different clade
BFP,BAN,0.09858075935058418,4. Mediterranean oak,20. CHN V,Different clade
BFP,BAP,0.13627284345708354,4. Mediterranean oak,20. CHN V,Different clade
BFP,BBQ,0.10383458112316818,4. Mediterranean oak,4. Mediterranean oak,Same clade
BFP,BCK,0.09154244811531452,4. Mediterranean oak,10. French Guiana human,Different clade
BFP,BDB,0.0720874867268541,4. Mediterranean oak,M2. Mosaic region 2,Different clade
BFP,BDP,0.05776194757438444,4. Mediterranean oak,10. French Guiana human,Different clade
BFP,BEF,0.08812564465432014,4. Mediterranean oak,26. Asian fermentation,Different clade
BFP,BFH,0.09642478317413128,4. Mediterranean oak,5. French dairy,Different clade
BFP,BGD,0.04513536789701288,4. Mediterranean oak,5. French dairy,Different clade
BFP,BGF,0.08419364980153814,4. Mediterranean oak,5. French dairy,Different clade
BFP,BHG,0.05545014874293535,4. Mediterranean oak,M2. Mosaic region 2,Different clade
BFP,BHK,0.055307937696827736,4. Mediterranean oak,M1. Mosaic region 1,Different clade
BFP,BHM,0.08724621202644459,4. Mediterranean oak,M1. Mosaic region 1,Different clade
BFP,BHQ,0.09168493825454777,4. Mediterranean oak,26. Asian fermentation,Different clade
BFP,BMA,0.06578261552391215,4. Mediterranean oak,19. Malaysian,Different clade
BFP,BMB,0.07817158754122694,4. Mediterranean oak,19. Malaysian,Different clade
BFP,BMC,0.04343533423263332,4. Mediterranean oak,19. Malaysian,Different clade
BFP,BNC,0.0235261025322595,4. Mediterranean oak,10. French Guiana human,Different clade
BFP,BNV,0.06192776007084627,4. Mediterranean oak,1. Wine/European,Different clade
BFP,BQM,0.1132170808042556,4. Mediterranean oak,1. Wine/European,Different clade
BFP,BVG,0.10283224632427848,4. Mediterranean oak,3. Brazilian bioethanol,Different clade
BFP,CAE,0.09527066335510283,4. Mediterranean oak,1. Wine/European,Different clade
BFP,CBN,0.03826746401512439,4. Mediterranean oak,7. Mosaic beer,Different clade
BFP,CCD,0.08936643047746735,4. Mediterranean oak,21. Ecuadorean,Different clade
BFP,CCG,0.08988251137738497,4. Mediterranean oak,21. Ecuadorean,Different clade
BFP,CCN,0.07360182204069846,4. Mediterranean oak,18. Far East Asia,Different clade
BFP,CCQ,0.11117978847787814,4. Mediterranean oak,18. Far East Asia,Different clade
BFP,CCR,0.1388720149995985,4. Mediterranean oak,18. Far East Asia,Different clade
BFP,CCS,0.13844267114159858,4. Mediterranean oak,18. Far East Asia,Different clade
BFP,CCV,0.13419016026637418,4. Mediterranean oak,24. Asian islands,Different clade
BFP,CDE,0.09349411337978238,4. Mediterranean oak,M3. Mosaic region 3,Different clade
BFP,CDL,0.12925245481897835,4. Mediterranean oak,18. Far East Asia,Different clade
BFP,CDT,0.06870688387476327,4. Mediterranean oak,2. Alpechin,Different clade
BFP,CEG,0.051023895190475024,4. Mediterranean oak,17. Taiwanese,Different clade
BFP,CFF,0.11428875752679776,4. Mediterranean oak,7. Mosaic beer,Different clade
BFP,CGL,0.07648964260270052,4. Mediterranean oak,26. Asian fermentation,Different clade
BFP,CGN,0.09652308550254915,4. Mediterranean oak,26. Asian fermentation,Different clade
BFP,CGS,0.1117209416031141,4. Mediterranean oak,1. Wine/European,Different clade
BFP,CLB,0.1379901092258988,4. Mediterranean oak,4. Mediterranean oak,Same clade
BFP,CLI,0.07064588500317273,4. Mediterranean oak,25. Sake,Different clade
BFP,CLN,0.02108758155733689,4. Mediterranean oak,25. Sake,Different clade
BFP,CLP,0.06299035487469785,4. Mediterranean oak,25. Sake,Different clade
BFP,CMI,0.0677590363505452,4. Mediterranean oak,25. Sake,Different clade
BFP,CPI,0.0994289294301904,4. Mediterranean oak,9. Mexican agave,Different clade
BFP,CPK,0.10005456492841443,4. Mediterranean oak,9. Mexican agave,Different clade
BFP,CPN,0.09575162532572165,4. Mediterranean oak,9. Mexican agave,Different clade
BFP,CQD,0.11164675418286966,4. Mediterranean oak,12. West African cocoa,Different clade
BFP,CQF,0.13291002366320542,4. Mediterranean oak,12. West African cocoa,Different clade
BFP,SACE_YCE,0.05792954264447038,4. Mediterranean oak,M3. Mosaic region 3,Different clade
BFP,SACE_YCK,0.0447235329981013,4. Mediterranean oak,26. Asian fermentation,Different clade
BFP,SACE_YCM,0.06365449959771612,4. Mediterranean oak,24. Asian islands,Different clade
BFP,SACE_YCR,0.10050514233219628,4. Mediterranean oak,18. Far East Asia,Different clade
BFP,SACE_YCU,0.08615216391304645,4. Mediterranean oak,23. North American oak,Different clade
BGD,AFE,-0.01819201478376557,5. French dairy,8. Mixed origin,Different clade
BGD,AKH,0.036883881333122266,5. French dairy,13. African palm wine,Different clade
BGD,AKI,0.007131837737079357,5. French dairy,M3. Mosaic region 3,Different clade
BGD,AKM,0.008758127745377757,5. French dairy,19. Malaysian,Different clade
BGD,AMP,0.016162848097774282,5. French dairy,M1. Mosaic region 1,Different clade
BGD,ANG,0.05600777897640497,5. French dairy,23. North American oak,Different clade
BGD,ANN,0.05172711440525192,5. French dairy,12. West African cocoa,Different clade
BGD,ATS,0.04479706709426683,5. French dairy,8. Mixed origin,Different clade
BGD,BAF,0.015492906257877042,5. French dairy,13. African palm wine,Different clade
BGD,BAG,0.04212439352384267,5. French dairy,15. CHNII,Different clade
BGD,BAI,0.01885389528744787,5. French dairy,18. Far East Asia,Different clade
BGD,BAK,0.06508457065691428,5. French dairy,18. Far East Asia,Different clade
BGD,BAL,0.06611734187218216,5. French dairy,16. CHNI,Different clade
BGD,BAM,0.028088412725044896,5. French dairy,14. CHNIII,Different clade
BGD,BAN,0.06955445418467696,5. French dairy,20. CHN V,Different clade
BGD,BAP,0.04948684075797582,5. French dairy,20. CHN V,Different clade
BGD,BBQ,0.06534613983381482,5. French dairy,4. Mediterranean oak,Different clade
BGD,BCK,0.06444320896098042,5. French dairy,10. French Guiana human,Different clade
BGD,BDB,0.03292067616333411,5. French dairy,M2. Mosaic region 2,Different clade
BGD,BDP,0.019258484953524713,5. French dairy,10. French Guiana human,Different clade
BGD,BEF,0.06489916398346719,5. French dairy,26. Asian fermentation,Different clade
BGD,BFH,0.031983603775456566,5. French dairy,5. French dairy,Same clade
BGD,BFP,0.04513536789701288,5. French dairy,4. Mediterranean oak,Different clade
BGD,BGF,0.009757359118831464,5. French dairy,5. French dairy,Same clade
BGD,BHG,0.05260569225539381,5. French dairy,M2. Mosaic region 2,Different clade
BGD,BHK,0.047573293078252414,5. French dairy,M1. Mosaic region 1,Different clade
BGD,BHM,-0.013252716024629733,5. French dairy,M1. Mosaic region 1,Different clade
BGD,BHQ,0.07207515608467388,5. French dairy,26. Asian fermentation,Different clade
BGD,BMA,0.04408551423214674,5. French dairy,19. Malaysian,Different clade
BGD,BMB,0.06050547130396732,5. French dairy,19. Malaysian,Different clade
BGD,BMC,0.01869152226368269,5. French dairy,19. Malaysian,Different clade
BGD,BNC,0.050618355234421736,5. French dairy,10. French Guiana human,Different clade
BGD,BNV,0.08558730445794513,5. French dairy,1. Wine/European,Different clade
BGD,BQM,0.04452511003828239,5. French dairy,1. Wine/European,Different clade
BGD,BVG,0.018147089863552634,5. French dairy,3. Brazilian bioethanol,Different clade
BGD,CAE,0.05454288643921375,5. French dairy,1. Wine/European,Different clade
BGD,CBN,0.025548600843486393,5. French dairy,7. Mosaic beer,Different clade
BGD,CCD,0.014631422092505677,5. French dairy,21. Ecuadorean,Different clade
BGD,CCG,0.0686046922920097,5. French dairy,21. Ecuadorean,Different clade
BGD,CCN,0.019551577426735457,5. French dairy,18. Far East Asia,Different clade
BGD,CCQ,0.0480183918835236,5. French dairy,18. Far East Asia,Different clade
BGD,CCR,0.049616420086979085,5. French dairy,18. Far East Asia,Different clade
BGD,CCS,0.05404858487978143,5. French dairy,18. Far East Asia,Different clade
BGD,CCV,0.06297565683504433,5. French dairy,24. Asian islands,Different clade
BGD,CDE,0.03691837743021302,5. French dairy,M3. Mosaic region 3,Different clade
BGD,CDL,0.0489288110896955,5. French dairy,18. Far East Asia,Different clade
BGD,CDT,0.07213296468850126,5. French dairy,2. Alpechin,Different clade
BGD,CEG,0.07297007695333273,5. French dairy,17. Taiwanese,Different clade
BGD,CFF,0.03500543574271713,5. French dairy,7. Mosaic beer,Different clade
BGD,CGL,0.05676993774861979,5. French dairy,26. Asian fermentation,Different clade
BGD,CGN,0.06655580786422521,5. French dairy,26. Asian fermentation,Different clade
BGD,CGS,0.04898389820403277,5. French dairy,1. Wine/European,Different clade
BGD,CLB,0.0654073166413865,5. French dairy,4. Mediterranean oak,Different clade
BGD,CLI,0.05896169793566991,5. French dairy,25. Sake,Different clade
BGD,CLN,0.04189796696102988,5. French dairy,25. Sake,Different clade
BGD,CLP,0.06793820007164564,5. French dairy,25. Sake,Different clade
BGD,CMI,0.010558372779353908,5. French dairy,25. Sake,Different clade
BGD,CPI,0.05846628527162925,5. French dairy,9. Mexican agave,Different clade
BGD,CPK,0.11856597696491275,5. French dairy,9. Mexican agave,Different clade
BGD,CPN,0.058134179429265714,5. French dairy,9. Mexican agave,Different clade
BGD,CQD,0.06193519473899774,5. French dairy,12. West African cocoa,Different clade
BGD,CQF,0.043873281796836444,5. French dairy,12. West African cocoa,Different clade
BGD,SACE_YCE,0.0231617626233653,5. French dairy,M3. Mosaic region 3,Different clade
BGD,SACE_YCK,0.01916474391387506,5. French dairy,26. Asian fermentation,Different clade
BGD,SACE_YCM,0.014316433016852035,5. French dairy,24. Asian islands,Different clade
BGD,SACE_YCR,0.05599019271951573,5. French dairy,18. Far East Asia,Different clade
BGD,SACE_YCU,0.05387467301131114,5. French dairy,23. North American oak,Different clade
BGF,AFE,0.015226596363890295,5. French dairy,8. Mixed origin,Different clade
BGF,AKH,0.02706173121828021,5. French dairy,13. African palm wine,Different clade
BGF,AKI,0.012775236233624731,5. French dairy,M3. Mosaic region 3,Different clade
BGF,AKM,0.048852965920555574,5. French dairy,19. Malaysian,Different clade
BGF,AMP,0.05633167660184756,5. French dairy,M1. Mosaic region 1,Different clade
BGF,ANG,0.054504773185943003,5. French dairy,23. North American oak,Different clade
BGF,ANN,0.05631655817767104,5. French dairy,12. West African cocoa,Different clade
BGF,ATS,0.050405760880174844,5. French dairy,8. Mixed origin,Different clade
BGF,BAF,0.05846103722812701,5. French dairy,13. African palm wine,Different clade
BGF,BAG,0.052061867690848994,5. French dairy,15. CHNII,Different clade
BGF,BAI,0.028055851947158355,5. French dairy,18. Far East Asia,Different clade
BGF,BAK,0.036688487542398895,5. French dairy,18. Far East Asia,Different clade
BGF,BAL,0.07293979230218597,5. French dairy,16. CHNI,Different clade
BGF,BAM,0.029753141482769783,5. French dairy,14. CHNIII,Different clade
BGF,BAN,0.032693782920046675,5. French dairy,20. CHN V,Different clade
BGF,BAP,0.040313725286968784,5. French dairy,20. CHN V,Different clade
BGF,BBQ,0.04711827984552188,5. French dairy,4. Mediterranean oak,Different clade
BGF,BCK,0.04769185432020836,5. French dairy,10. French Guiana human,Different clade
BGF,BDB,0.02449544997119592,5. French dairy,M2. Mosaic region 2,Different clade
BGF,BDP,0.031538185521499854,5. French dairy,10. French Guiana human,Different clade
BGF,BEF,0.06570057656184576,5. French dairy,26. Asian fermentation,Different clade
BGF,BFH,0.0789466274495729,5. French dairy,5. French dairy,Same clade
BGF,BFP,0.08419364980153814,5. French dairy,4. Mediterranean oak,Different clade
BGF,BGD,0.009757359118831464,5. French dairy,5. French dairy,Same clade
BGF,BHG,0.018532741031896095,5. French dairy,M2. Mosaic region 2,Different clade
BGF,BHK,0.07043550144665883,5. French dairy,M1. Mosaic region 1,Different clade
BGF,BHM,0.05202294368899123,5. French dairy,M1. Mosaic region 1,Different clade
BGF,BHQ,0.008783590875908761,5. French dairy,26. Asian fermentation,Different clade
BGF,BMA,0.01933237471309196,5. French dairy,19. Malaysian,Different clade
BGF,BMB,0.07009452235938331,5. French dairy,19. Malaysian,Different clade
BGF,BMC,0.05123341062577403,5. French dairy,19. Malaysian,Different clade
BGF,BNC,0.04315836007452043,5. French dairy,10. French Guiana human,Different clade
BGF,BNV,0.06486914814556674,5. French dairy,1. Wine/European,Different clade
BGF,BQM,0.0497770794070557,5. French dairy,1. Wine/European,Different clade
BGF,BVG,0.06599856809010037,5. French dairy,3. Brazilian bioethanol,Different clade
BGF,CAE,0.02316251119990054,5. French dairy,1. Wine/European,Different clade
BGF,CBN,0.0042943396111764865,5. French dairy,7. Mosaic beer,Different clade
BGF,CCD,0.0476871883413733,5. French dairy,21. Ecuadorean,Different clade
BGF,CCG,0.0331252555114191,5. French dairy,21. Ecuadorean,Different clade
BGF,CCN,0.03637634931638091,5. French dairy,18. Far East Asia,Different clade
BGF,CCQ,0.0565544372863063,5. French dairy,18. Far East Asia,Different clade
BGF,CCR,0.05835833789743648,5. French dairy,18. Far East Asia,Different clade
BGF,CCS,0.06725295246633364,5. French dairy,18. Far East Asia,Different clade
BGF,CCV,0.038358944220840484,5. French dairy,24. Asian islands,Different clade
BGF,CDE,0.06515197888650989,5. French dairy,M3. Mosaic region 3,Different clade
BGF,CDL,0.06102813582534352,5. French dairy,18. Far East Asia,Different clade
BGF,CDT,0.08834513827966024,5. French dairy,2. Alpechin,Different clade
BGF,CEG,0.05724287756893267,5. French dairy,17. Taiwanese,Different clade
BGF,CFF,0.06365580869166465,5. French dairy,7. Mosaic beer,Different clade
BGF,CGL,0.0710198457390672,5. French dairy,26. Asian fermentation,Different clade
BGF,CGN,0.05583034524228965,5. French dairy,26. Asian fermentation,Different clade
BGF,CGS,0.039960773727387856,5. French dairy,1. Wine/European,Different clade
BGF,CLB,0.08554253839178148,5. French dairy,4. Mediterranean oak,Different clade
BGF,CLI,0.018358426654440797,5. French dairy,25. Sake,Different clade
BGF,CLN,0.0037408933389298216,5. French dairy,25. Sake,Different clade
BGF,CLP,0.028776098076000716,5. French dairy,25. Sake,Different clade
BGF,CMI,0.061649589007477426,5. French dairy,25. Sake,Different clade
BGF,CPI,0.07436436790819285,5. French dairy,9. Mexican agave,Different clade
BGF,CPK,0.04480484659345075,5. French dairy,9. Mexican agave,Different clade
BGF,CPN,0.06103330892401803,5. French dairy,9. Mexican agave,Different clade
BGF,CQD,0.07689868580545829,5. French dairy,12. West African cocoa,Different clade
BGF,CQF,0.0612555346680767,5. French dairy,12. West African cocoa,Different clade
BGF,SACE_YCE,0.0520625573567131,5. French dairy,M3. Mosaic region 3,Different clade
BGF,SACE_YCK,-0.018510566462692692,5. French dairy,26. Asian fermentation,Different clade
BGF,SACE_YCM,0.04632686584595726,5. French dairy,24. Asian islands,Different clade
BGF,SACE_YCR,0.035991486604958184,5. French dairy,18. Far East Asia,Different clade
BGF,SACE_YCU,0.06336834617396345,5. French dairy,23. North American oak,Different clade
BHG,AFE,0.019291011952652076,M2. Mosaic region 2,8. Mixed origin,Different clade
BHG,AKH,0.08838563388454991,M2. Mosaic region 2,13. African palm wine,Different clade
BHG,AKI,0.038157562442681536,M2. Mosaic region 2,M3. Mosaic region 3,Different clade
BHG,AKM,0.06535623348852765,M2. Mosaic region 2,19. Malaysian,Different clade
BHG,AMP,0.05016374703985263,M2. Mosaic region 2,M1. Mosaic region 1,Different clade
BHG,ANG,0.11541901421817091,M2. Mosaic region 2,23. North American oak,Different clade
BHG,ANN,0.1438039650096154,M2. Mosaic region 2,12. West African cocoa,Different clade
BHG,ATS,0.03185121528091531,M2. Mosaic region 2,8. Mixed origin,Different clade
BHG,BAF,0.0962083034842652,M2. Mosaic region 2,13. African palm wine,Different clade
BHG,BAG,0.08585019503989944,M2. Mosaic region 2,15. CHNII,Different clade
BHG,BAI,0.1175240666845725,M2. Mosaic region 2,18. Far East Asia,Different clade
BHG,BAK,0.09503105841657851,M2. Mosaic region 2,18. Far East Asia,Different clade
BHG,BAL,0.07260712588935683,M2. Mosaic region 2,16. CHNI,Different clade
BHG,BAM,0.10335261010495277,M2. Mosaic region 2,14. CHNIII,Different clade
BHG,BAN,0.07269570794083852,M2. Mosaic region 2,20. CHN V,Different clade
BHG,BAP,0.07599362962263517,M2. Mosaic region 2,20. CHN V,Different clade
BHG,BBQ,0.06720763065436434,M2. Mosaic region 2,4. Mediterranean oak,Different clade
BHG,BCK,0.07647383179250461,M2. Mosaic region 2,10. French Guiana human,Different clade
BHG,BDB,0.04185773364374134,M2. Mosaic region 2,M2. Mosaic region 2,Same clade
BHG,BDP,0.061266702311493726,M2. Mosaic region 2,10. French Guiana human,Different clade
BHG,BEF,0.09351555973623162,M2. Mosaic region 2,26. Asian fermentation,Different clade
BHG,BFH,0.02584572223962718,M2. Mosaic region 2,5. French dairy,Different clade
BHG,BFP,0.05545014874293535,M2. Mosaic region 2,4. Mediterranean oak,Different clade
BHG,BGD,0.05260569225539381,M2. Mosaic region 2,5. French dairy,Different clade
BHG,BGF,0.018532741031896095,M2. Mosaic region 2,5. French dairy,Different clade
BHG,BHK,0.05782085942280403,M2. Mosaic region 2,M1. Mosaic region 1,Different clade
BHG,BHM,0.013533164226068494,M2. Mosaic region 2,M1. Mosaic region 1,Different clade
BHG,BHQ,0.10597402772400415,M2. Mosaic region 2,26. Asian fermentation,Different clade
BHG,BMA,0.06914026991214645,M2. Mosaic region 2,19. Malaysian,Different clade
BHG,BMB,0.069726612907411,M2. Mosaic region 2,19. Malaysian,Different clade
BHG,BMC,0.05787332508159006,M2. Mosaic region 2,19. Malaysian,Different clade
BHG,BNC,0.08082589125387864,M2. Mosaic region 2,10. French Guiana human,Different clade
BHG,BNV,0.10338794061329826,M2. Mosaic region 2,1. Wine/European,Different clade
BHG,BQM,0.08030055684015515,M2. Mosaic region 2,1. Wine/European,Different clade
BHG,BVG,0.03332938430159791,M2. Mosaic region 2,3. Brazilian bioethanol,Different clade
BHG,CAE,0.08975029371225884,M2. Mosaic region 2,1. Wine/European,Different clade
BHG,CBN,0.07782860474585196,M2. Mosaic region 2,7. Mosaic beer,Different clade
BHG,CCD,0.08817140418651373,M2. Mosaic region 2,21. Ecuadorean,Different clade
BHG,CCG,0.07127780693656151,M2. Mosaic region 2,21. Ecuadorean,Different clade
BHG,CCN,0.08364104526032798,M2. Mosaic region 2,18. Far East Asia,Different clade
BHG,CCQ,0.12111608635048965,M2. Mosaic region 2,18. Far East Asia,Different clade
BHG,CCR,0.09771327118619058,M2. Mosaic region 2,18. Far East Asia,Different clade
BHG,CCS,0.09337841895021749,M2. Mosaic region 2,18. Far East Asia,Different clade
BHG,CCV,0.04830912490078492,M2. Mosaic region 2,24. Asian islands,Different clade
BHG,CDE,0.07614743718835693,M2. Mosaic region 2,M3. Mosaic region 3,Different clade
BHG,CDL,0.09758866781044634,M2. Mosaic region 2,18. Far East Asia,Different clade
BHG,CDT,0.04072288956655258,M2. Mosaic region 2,2. Alpechin,Different clade
BHG,CEG,0.03584951811877222,M2. Mosaic region 2,17. Taiwanese,Different clade
BHG,CFF,0.0601159240057675,M2. Mosaic region 2,7. Mosaic beer,Different clade
BHG,CGL,0.06880342164794293,M2. Mosaic region 2,26. Asian fermentation,Different clade
BHG,CGN,0.10132963864389961,M2. Mosaic region 2,26. Asian fermentation,Different clade
BHG,CGS,0.10207692713377366,M2. Mosaic region 2,1. Wine/European,Different clade
BHG,CLB,0.09948126805847109,M2. Mosaic region 2,4. Mediterranean oak,Different clade
BHG,CLI,0.07891811042845147,M2. Mosaic region 2,25. Sake,Different clade
BHG,CLN,0.06764470623626816,M2. Mosaic region 2,25. Sake,Different clade
BHG,CLP,0.058250646227680426,M2. Mosaic region 2,25. Sake,Different clade
BHG,CMI,0.07851596279479,M2. Mosaic region 2,25. Sake,Different clade
BHG,CPI,0.07049844167919371,M2. Mosaic region 2,9. Mexican agave,Different clade
BHG,CPK,0.0931469083511781,M2. Mosaic region 2,9. Mexican agave,Different clade
BHG,CPN,0.06403553313627568,M2. Mosaic region 2,9. Mexican agave,Different clade
BHG,CQD,0.10664163765385654,M2. Mosaic region 2,12. West African cocoa,Different clade
BHG,CQF,0.1439362942809448,M2. Mosaic region 2,12. West African cocoa,Different clade
BHG,SACE_YCE,0.045787368847349616,M2. Mosaic region 2,M3. Mosaic region 3,Different clade
BHG,SACE_YCK,0.04005630066471153,M2. Mosaic region 2,26. Asian fermentation,Different clade
BHG,SACE_YCM,0.049306495623664966,M2. Mosaic region 2,24. Asian islands,Different clade
BHG,SACE_YCR,0.0817542211233102,M2. Mosaic region 2,18. Far East Asia,Different clade
BHG,SACE_YCU,0.05704424833508605,M2. Mosaic region 2,23. North American oak,Different clade
BHK,AFE,0.04767521389775861,M1. Mosaic region 1,8. Mixed origin,Different clade
BHK,AKH,0.04619219677606006,M1. Mosaic region 1,13. African palm wine,Different clade
BHK,AKI,0.05396040582004299,M1. Mosaic region 1,M3. Mosaic region 3,Different clade
BHK,AKM,0.09053038015537315,M1. Mosaic region 1,19. Malaysian,Different clade
BHK,AMP,0.06974977201287932,M1. Mosaic region 1,M1. Mosaic region 1,Same clade
BHK,ANG,0.08364040075778946,M1. Mosaic region 1,23. North American oak,Different clade
BHK,ANN,0.1409208070564802,M1. Mosaic region 1,12. West African cocoa,Different clade
BHK,ATS,0.0687465932521311,M1. Mosaic region 1,8. Mixed origin,Different clade
BHK,BAF,0.06350018113148602,M1. Mosaic region 1,13. African palm wine,Different clade
BHK,BAG,0.05695989654754026,M1. Mosaic region 1,15. CHNII,Different clade
BHK,BAI,0.07755062848850595,M1. Mosaic region 1,18. Far East Asia,Different clade
BHK,BAK,0.06613280923638899,M1. Mosaic region 1,18. Far East Asia,Different clade
BHK,BAL,0.04804576597637273,M1. Mosaic region 1,16. CHNI,Different clade
BHK,BAM,0.06142656232763522,M1. Mosaic region 1,14. CHNIII,Different clade
BHK,BAN,0.05879376435439849,M1. Mosaic region 1,20. CHN V,Different clade
BHK,BAP,0.08231425234200267,M1. Mosaic region 1,20. CHN V,Different clade
BHK,BBQ,0.0962038168424955,M1. Mosaic region 1,4. Mediterranean oak,Different clade
BHK,BCK,0.09054537682517133,M1. Mosaic region 1,10. French Guiana human,Different clade
BHK,BDB,0.09549061426198056,M1. Mosaic region 1,M2. Mosaic region 2,Different clade
BHK,BDP,0.07395779104538786,M1. Mosaic region 1,10. French Guiana human,Different clade
BHK,BEF,0.039940191200099534,M1. Mosaic region 1,26. Asian fermentation,Different clade
BHK,BFH,0.07210424641062038,M1. Mosaic region 1,5. French dairy,Different clade
BHK,BFP,0.055307937696827736,M1. Mosaic region 1,4. Mediterranean oak,Different clade
BHK,BGD,0.047573293078252414,M1. Mosaic region 1,5. French dairy,Different clade
BHK,BGF,0.07043550144665883,M1. Mosaic region 1,5. French dairy,Different clade
BHK,BHG,0.05782085942280403,M1. Mosaic region 1,M2. Mosaic region 2,Different clade
BHK,BHM,0.06715613598781235,M1. Mosaic region 1,M1. Mosaic region 1,Same clade
BHK,BHQ,0.05943734664886396,M1. Mosaic region 1,26. Asian fermentation,Different clade
BHK,BMA,0.07488706902131913,M1. Mosaic region 1,19. Malaysian,Different clade
BHK,BMB,0.10147407888835286,M1. Mosaic region 1,19. Malaysian,Different clade
BHK,BMC,0.07804865301754398,M1. Mosaic region 1,19. Malaysian,Different clade
BHK,BNC,0.041230073804846994,M1. Mosaic region 1,10. French Guiana human,Different clade
BHK,BNV,0.112181036664065,M1. Mosaic region 1,1. Wine/European,Different clade
BHK,BQM,0.07235933587447928,M1. Mosaic region 1,1. Wine/European,Different clade
BHK,BVG,0.06290905486117045,M1. Mosaic region 1,3. Brazilian bioethanol,Different clade
BHK,CAE,0.07406419341208184,M1. Mosaic region 1,1. Wine/European,Different clade
BHK,CBN,0.09598476680540942,M1. Mosaic region 1,7. Mosaic beer,Different clade
BHK,CCD,0.08744263275588617,M1. Mosaic region 1,21. Ecuadorean,Different clade
BHK,CCG,0.07410916348334108,M1. Mosaic region 1,21. Ecuadorean,Different clade
BHK,CCN,0.02607214371739107,M1. Mosaic region 1,18. Far East Asia,Different clade
BHK,CCQ,0.050511827604350225,M1. Mosaic region 1,18. Far East Asia,Different clade
BHK,CCR,0.052379740704205986,M1. Mosaic region 1,18. Far East Asia,Different clade
BHK,CCS,0.09369196129674988,M1. Mosaic region 1,18. Far East Asia,Different clade
BHK,CCV,0.08396154783061956,M1. Mosaic region 1,24. Asian islands,Different clade
BHK,CDE,0.09421670905596044,M1. Mosaic region 1,M3. Mosaic region 3,Different clade
BHK,CDL,0.06403955492102571,M1. Mosaic region 1,18. Far East Asia,Different clade
BHK,CDT,0.0575341427438424,M1. Mosaic region 1,2. Alpechin,Different clade
BHK,CEG,0.06301336365508112,M1. Mosaic region 1,17. Taiwanese,Different clade
BHK,CFF,0.06778493932505741,M1. Mosaic region 1,7. Mosaic beer,Different clade
BHK,CGL,0.05791094342282907,M1. Mosaic region 1,26. Asian fermentation,Different clade
BHK,CGN,0.0789723408362511,M1. Mosaic region 1,26. Asian fermentation,Different clade
BHK,CGS,0.09666118461775923,M1. Mosaic region 1,1. Wine/European,Different clade
BHK,CLB,0.07328300049799956,M1. Mosaic region 1,4. Mediterranean oak,Different clade
BHK,CLI,0.07628206628391913,M1. Mosaic region 1,25. Sake,Different clade
BHK,CLN,0.049504275396723293,M1. Mosaic region 1,25. Sake,Different clade
BHK,CLP,0.05852673299323701,M1. Mosaic region 1,25. Sake,Different clade
BHK,CMI,0.0457060715105836,M1. Mosaic region 1,25. Sake,Different clade
BHK,CPI,0.0682930711528679,M1. Mosaic region 1,9. Mexican agave,Different clade
BHK,CPK,0.1354426905125586,M1. Mosaic region 1,9. Mexican agave,Different clade
BHK,CPN,0.09670187455304927,M1. Mosaic region 1,9. Mexican agave,Different clade
BHK,CQD,0.09746987436222446,M1. Mosaic region 1,12. West African cocoa,Different clade
BHK,CQF,0.10700927399885224,M1. Mosaic region 1,12. West African cocoa,Different clade
BHK,SACE_YCE,0.040881573045120384,M1. Mosaic region 1,M3. Mosaic region 3,Different clade
BHK,SACE_YCK,0.02004290889971084,M1. Mosaic region 1,26. Asian fermentation,Different clade
BHK,SACE_YCM,0.006742181178507358,M1. Mosaic region 1,24. Asian islands,Different clade
BHK,SACE_YCR,0.04789641865935216,M1. Mosaic region 1,18. Far East Asia,Different clade
BHK,SACE_YCU,0.07818612745837832,M1. Mosaic region 1,23. North American oak,Different clade
BHM,AFE,0.02538846362400922,M1. Mosaic region 1,8. Mixed origin,Different clade
BHM,AKH,0.024545021007889162,M1. Mosaic region 1,13. African palm wine,Different clade
BHM,AKI,0.018005254710804476,M1. Mosaic region 1,M3. Mosaic region 3,Different clade
BHM,AKM,0.02076850478781484,M1. Mosaic region 1,19. Malaysian,Different clade
BHM,AMP,0.027873451096850854,M1. Mosaic region 1,M1. Mosaic region 1,Same clade
BHM,ANG,0.05261467571309662,M1. Mosaic region 1,23. North American oak,Different clade
BHM,ANN,0.09024752269280198,M1. Mosaic region 1,12. West African cocoa,Different clade
BHM,ATS,0.04463508374358181,M1. Mosaic region 1,8. Mixed origin,Different clade
BHM,BAF,0.06183132428720966,M1. Mosaic region 1,13. African palm wine,Different clade
BHM,BAG,-2.601130822598516e-5,M1. Mosaic region 1,15. CHNII,Different clade
BHM,BAI,0.0613310933022094,M1. Mosaic region 1,18. Far East Asia,Different clade
BHM,BAK,0.04487301523194441,M1. Mosaic region 1,18. Far East Asia,Different clade
BHM,BAL,0.06213987713338768,M1. Mosaic region 1,16. CHNI,Different clade
BHM,BAM,0.0272471776735363,M1. Mosaic region 1,14. CHNIII,Different clade
BHM,BAN,0.019857273302365672,M1. Mosaic region 1,20. CHN V,Different clade
BHM,BAP,0.0529257928526751,M1. Mosaic region 1,20. CHN V,Different clade
BHM,BBQ,0.027683858876349207,M1. Mosaic region 1,4. Mediterranean oak,Different clade
BHM,BCK,0.031533018143884144,M1. Mosaic region 1,10. French Guiana human,Different clade
BHM,BDB,0.024524991834825156,M1. Mosaic region 1,M2. Mosaic region 2,Different clade
BHM,BDP,0.03385507216077307,M1. Mosaic region 1,10. French Guiana human,Different clade
BHM,BEF,0.06940296991698154,M1. Mosaic region 1,26. Asian fermentation,Different clade
BHM,BFH,0.057507662142055695,M1. Mosaic region 1,5. French dairy,Different clade
BHM,BFP,0.08724621202644459,M1. Mosaic region 1,4. Mediterranean oak,Different clade
BHM,BGD,-0.013252716024629733,M1. Mosaic region 1,5. French dairy,Different clade
BHM,BGF,0.05202294368899123,M1. Mosaic region 1,5. French dairy,Different clade
BHM,BHG,0.013533164226068494,M1. Mosaic region 1,M2. Mosaic region 2,Different clade
BHM,BHK,0.06715613598781235,M1. Mosaic region 1,M1. Mosaic region 1,Same clade
BHM,BHQ,0.007516607222995367,M1. Mosaic region 1,26. Asian fermentation,Different clade
BHM,BMA,-0.007542854505861656,M1. Mosaic region 1,19. Malaysian,Different clade
BHM,BMB,0.013637999394100828,M1. Mosaic region 1,19. Malaysian,Different clade
BHM,BMC,0.02923181513738182,M1. Mosaic region 1,19. Malaysian,Different clade
BHM,BNC,0.05033719530717507,M1. Mosaic region 1,10. French Guiana human,Different clade
BHM,BNV,0.049866470477157504,M1. Mosaic region 1,1. Wine/European,Different clade
BHM,BQM,0.04414063832105237,M1. Mosaic region 1,1. Wine/European,Different clade
BHM,BVG,0.07181355447538575,M1. Mosaic region 1,3. Brazilian bioethanol,Different clade
BHM,CAE,0.055835520260866585,M1. Mosaic region 1,1. Wine/European,Different clade
BHM,CBN,0.048751253054911486,M1. Mosaic region 1,7. Mosaic beer,Different clade
BHM,CCD,0.057225162836646734,M1. Mosaic region 1,21. Ecuadorean,Different clade
BHM,CCG,0.041568050231385205,M1. Mosaic region 1,21. Ecuadorean,Different clade
BHM,CCN,0.04416767803859651,M1. Mosaic region 1,18. Far East Asia,Different clade
BHM,CCQ,0.010684476732954785,M1. Mosaic region 1,18. Far East Asia,Different clade
BHM,CCR,0.0024429099235717833,M1. Mosaic region 1,18. Far East Asia,Different clade
BHM,CCS,0.045347371005366705,M1. Mosaic region 1,18. Far East Asia,Different clade
BHM,CCV,0.09104498427302322,M1. Mosaic region 1,24. Asian islands,Different clade
BHM,CDE,0.019064137918361326,M1. Mosaic region 1,M3. Mosaic region 3,Different clade
BHM,CDL,0.024438869909660307,M1. Mosaic region 1,18. Far East Asia,Different clade
BHM,CDT,0.020813012363084228,M1. Mosaic region 1,2. Alpechin,Different clade
BHM,CEG,0.020058371844970134,M1. Mosaic region 1,17. Taiwanese,Different clade
BHM,CFF,0.074471253715546,M1. Mosaic region 1,7. Mosaic beer,Different clade
BHM,CGL,0.051726777166545244,M1. Mosaic region 1,26. Asian fermentation,Different clade
BHM,CGN,0.05930331139797709,M1. Mosaic region 1,26. Asian fermentation,Different clade
BHM,CGS,0.07170508661943446,M1. Mosaic region 1,1. Wine/European,Different clade
BHM,CLB,0.02696447924345015,M1. Mosaic region 1,4. Mediterranean oak,Different clade
BHM,CLI,0.04085122822690721,M1. Mosaic region 1,25. Sake,Different clade
BHM,CLN,0.04684555942951006,M1. Mosaic region 1,25. Sake,Different clade
BHM,CLP,0.06530552837944299,M1. Mosaic region 1,25. Sake,Different clade
BHM,CMI,0.021965127594693917,M1. Mosaic region 1,25. Sake,Different clade
BHM,CPI,0.09420134409966341,M1. Mosaic region 1,9. Mexican agave,Different clade
BHM,CPK,0.07259050152703168,M1. Mosaic region 1,9. Mexican agave,Different clade
BHM,CPN,0.05713490225136875,M1. Mosaic region 1,9. Mexican agave,Different clade
BHM,CQD,0.06255011236624845,M1. Mosaic region 1,12. West African cocoa,Different clade
BHM,CQF,0.0614201597231106,M1. Mosaic region 1,12. West African cocoa,Different clade
BHM,SACE_YCE,0.01752186515151741,M1. Mosaic region 1,M3. Mosaic region 3,Different clade
BHM,SACE_YCK,0.008743895991431253,M1. Mosaic region 1,26. Asian fermentation,Different clade
BHM,SACE_YCM,0.034545728406319476,M1. Mosaic region 1,24. Asian islands,Different clade
BHM,SACE_YCR,0.032462941250023816,M1. Mosaic region 1,18. Far East Asia,Different clade
BHM,SACE_YCU,0.04486807128494805,M1. Mosaic region 1,23. North American oak,Different clade
BHQ,AFE,0.0045072895645248455,26. Asian fermentation,8. Mixed origin,Different clade
BHQ,AKH,0.09285144802148891,26. Asian fermentation,13. African palm wine,Different clade
BHQ,AKI,0.0502611779667943,26. Asian fermentation,M3. Mosaic region 3,Different clade
BHQ,AKM,0.12289099746550848,26. Asian fermentation,19. Malaysian,Different clade
BHQ,AMP,0.09653162101918528,26. Asian fermentation,M1. Mosaic region 1,Different clade
BHQ,ANG,0.13489942498040364,26. Asian fermentation,23. North American oak,Different clade
BHQ,ANN,0.15755818130879023,26. Asian fermentation,12. West African cocoa,Different clade
BHQ,ATS,0.07022587102779829,26. Asian fermentation,8. Mixed origin,Different clade
BHQ,BAF,0.10804196777872775,26. Asian fermentation,13. African palm wine,Different clade
BHQ,BAG,0.10304430054992914,26. Asian fermentation,15. CHNII,Different clade
BHQ,BAI,0.1603824454796412,26. Asian fermentation,18. Far East Asia,Different clade
BHQ,BAK,0.13245462817530546,26. Asian fermentation,18. Far East Asia,Different clade
BHQ,BAL,0.13444137528388525,26. Asian fermentation,16. CHNI,Different clade
BHQ,BAM,0.11271723553160555,26. Asian fermentation,14. CHNIII,Different clade
BHQ,BAN,0.11703660804336292,26. Asian fermentation,20. CHN V,Different clade
BHQ,BAP,0.10905848085464682,26. Asian fermentation,20. CHN V,Different clade
BHQ,BBQ,0.09312554493930181,26. Asian fermentation,4. Mediterranean oak,Different clade
BHQ,BCK,0.1375498074980817,26. Asian fermentation,10. French Guiana human,Different clade
BHQ,BDB,0.06942864722176308,26. Asian fermentation,M2. Mosaic region 2,Different clade
BHQ,BDP,0.08046406087572705,26. Asian fermentation,10. French Guiana human,Different clade
BHQ,BEF,0.1257220746456958,26. Asian fermentation,26. Asian fermentation,Same clade
BHQ,BFH,0.12874705423966504,26. Asian fermentation,5. French dairy,Different clade
BHQ,BFP,0.09168493825454777,26. Asian fermentation,4. Mediterranean oak,Different clade
BHQ,BGD,0.07207515608467388,26. Asian fermentation,5. French dairy,Different clade
BHQ,BGF,0.008783590875908761,26. Asian fermentation,5. French dairy,Different clade
BHQ,BHG,0.10597402772400415,26. Asian fermentation,M2. Mosaic region 2,Different clade
BHQ,BHK,0.05943734664886396,26. Asian fermentation,M1. Mosaic region 1,Different clade
BHQ,BHM,0.007516607222995367,26. Asian fermentation,M1. Mosaic region 1,Different clade
BHQ,BMA,0.09075078208279802,26. Asian fermentation,19. Malaysian,Different clade
BHQ,BMB,0.12404698512618767,26. Asian fermentation,19. Malaysian,Different clade
BHQ,BMC,0.10277766049553709,26. Asian fermentation,19. Malaysian,Different clade
BHQ,BNC,0.07976438931137714,26. Asian fermentation,10. French Guiana human,Different clade
BHQ,BNV,0.12192399907572225,26. Asian fermentation,1. Wine/European,Different clade
BHQ,BQM,0.04974188102398034,26. Asian fermentation,1. Wine/European,Different clade
BHQ,BVG,0.062183014320193825,26. Asian fermentation,3. Brazilian bioethanol,Different clade
BHQ,CAE,0.095518183131321,26. Asian fermentation,1. Wine/European,Different clade
BHQ,CBN,0.12995340179676357,26. Asian fermentation,7. Mosaic beer,Different clade
BHQ,CCD,0.11099309472076425,26. Asian fermentation,21. Ecuadorean,Different clade
BHQ,CCG,0.07477716210789984,26. Asian fermentation,21. Ecuadorean,Different clade
BHQ,CCN,0.09227550804377486,26. Asian fermentation,18. Far East Asia,Different clade
BHQ,CCQ,0.14745212124616602,26. Asian fermentation,18. Far East Asia,Different clade
BHQ,CCR,0.14991777206955942,26. Asian fermentation,18. Far East Asia,Different clade
BHQ,CCS,0.1331434262140538,26. Asian fermentation,18. Far East Asia,Different clade
BHQ,CCV,0.12726414281837567,26. Asian fermentation,24. Asian islands,Different clade
BHQ,CDE,0.09926902778327046,26. Asian fermentation,M3. Mosaic region 3,Different clade
BHQ,CDL,0.11823669074060572,26. Asian fermentation,18. Far East Asia,Different clade
BHQ,CDT,0.10200554332321336,26. Asian fermentation,2. Alpechin,Different clade
BHQ,CEG,0.09280426932238975,26. Asian fermentation,17. Taiwanese,Different clade
BHQ,CFF,0.1389930363866919,26. Asian fermentation,7. Mosaic beer,Different clade
BHQ,CGL,0.1259773295443095,26. Asian fermentation,26. Asian fermentation,Same clade
BHQ,CGN,0.2005731546890788,26. Asian fermentation,26. Asian fermentation,Same clade
BHQ,CGS,0.13013928419817614,26. Asian fermentation,1. Wine/European,Different clade
BHQ,CLB,0.09722203824554093,26. Asian fermentation,4. Mediterranean oak,Different clade
BHQ,CLI,0.16746924479098674,26. Asian fermentation,25. Sake,Different clade
BHQ,CLN,0.07954571126828919,26. Asian fermentation,25. Sake,Different clade
BHQ,CLP,0.12555288025666833,26. Asian fermentation,25. Sake,Different clade
BHQ,CMI,0.08794759877127635,26. Asian fermentation,25. Sake,Different clade
BHQ,CPI,0.1321357387005918,26. Asian fermentation,9. Mexican agave,Different clade
BHQ,CPK,0.15114362881376064,26. Asian fermentation,9. Mexican agave,Different clade
BHQ,CPN,0.1359125565720144,26. Asian fermentation,9. Mexican agave,Different clade
BHQ,CQD,0.14922333437212781,26. Asian fermentation,12. West African cocoa,Different clade
BHQ,CQF,0.1542792729237024,26. Asian fermentation,12. West African cocoa,Different clade
BHQ,SACE_YCE,0.03620457420308158,26. Asian fermentation,M3. Mosaic region 3,Different clade
BHQ,SACE_YCK,0.056985952525041225,26. Asian fermentation,26. Asian fermentation,Same clade
BHQ,SACE_YCM,0.06433454513260178,26. Asian fermentation,24. Asian islands,Different clade
BHQ,SACE_YCR,0.1229410869965889,26. Asian fermentation,18. Far East Asia,Different clade
BHQ,SACE_YCU,0.08212049711408585,26. Asian fermentation,23. North American oak,Different clade
BMA,AFE,0.0072191530115507455,19. Malaysian,8. Mixed origin,Different clade
BMA,AKH,0.10063128921260633,19. Malaysian,13. African palm wine,Different clade
BMA,AKI,0.03799723390972691,19. Malaysian,M3. Mosaic region 3,Different clade
BMA,AKM,0.14641397956336108,19. Malaysian,19. Malaysian,Same clade
BMA,AMP,0.057509283998877066,19. Malaysian,M1. Mosaic region 1,Different clade
BMA,ANG,0.1319344310257319,19. Malaysian,23. North American oak,Different clade
BMA,ANN,0.14289358904044944,19. Malaysian,12. West African cocoa,Different clade
BMA,ATS,0.0682479794106077,19. Malaysian,8. Mixed origin,Different clade
BMA,BAF,0.1107258956272661,19. Malaysian,13. African palm wine,Different clade
BMA,BAG,0.08200645389539016,19. Malaysian,15. CHNII,Different clade
BMA,BAI,0.11796306757229712,19. Malaysian,18. Far East Asia,Different clade
BMA,BAK,0.13560333155669918,19. Malaysian,18. Far East Asia,Different clade
BMA,BAL,0.09891344287777139,19. Malaysian,16. CHNI,Different clade
BMA,BAM,0.12111778460661723,19. Malaysian,14. CHNIII,Different clade
BMA,BAN,0.11972786746593499,19. Malaysian,20. CHN V,Different clade
BMA,BAP,0.08617069925327656,19. Malaysian,20. CHN V,Different clade
BMA,BBQ,0.12405204103069167,19. Malaysian,4. Mediterranean oak,Different clade
BMA,BCK,0.09690820842834753,19. Malaysian,10. French Guiana human,Different clade
BMA,BDB,0.057015961518361635,19. Malaysian,M2. Mosaic region 2,Different clade
BMA,BDP,0.05358459073083205,19. Malaysian,10. French Guiana human,Different clade
BMA,BEF,0.0814339430724246,19. Malaysian,26. Asian fermentation,Different clade
BMA,BFH,0.058948933240283496,19. Malaysian,5. French dairy,Different clade
BMA,BFP,0.06578261552391215,19. Malaysian,4. Mediterranean oak,Different clade
BMA,BGD,0.04408551423214674,19. Malaysian,5. French dairy,Different clade
BMA,BGF,0.01933237471309196,19. Malaysian,5. French dairy,Different clade
BMA,BHG,0.06914026991214645,19. Malaysian,M2. Mosaic region 2,Different clade
BMA,BHK,0.07488706902131913,19. Malaysian,M1. Mosaic region 1,Different clade
BMA,BHM,-0.007542854505861656,19. Malaysian,M1. Mosaic region 1,Different clade
BMA,BHQ,0.09075078208279802,19. Malaysian,26. Asian fermentation,Different clade
BMA,BMB,0.15217496514884085,19. Malaysian,19. Malaysian,Same clade
BMA,BMC,0.11517061866429569,19. Malaysian,19. Malaysian,Same clade
BMA,BNC,0.08968704986469028,19. Malaysian,10. French Guiana human,Different clade
BMA,BNV,0.08103467714439072,19. Malaysian,1. Wine/European,Different clade
BMA,BQM,0.08303004980185162,19. Malaysian,1. Wine/European,Different clade
BMA,BVG,0.047295154556097584,19. Malaysian,3. Brazilian bioethanol,Different clade
BMA,CAE,0.06802876302967134,19. Malaysian,1. Wine/European,Different clade
BMA,CBN,0.08217578124216895,19. Malaysian,7. Mosaic beer,Different clade
BMA,CCD,0.1413700538023332,19. Malaysian,21. Ecuadorean,Different clade
BMA,CCG,0.10452767763619904,19. Malaysian,21. Ecuadorean,Different clade
BMA,CCN,0.07959322321036917,19. Malaysian,18. Far East Asia,Different clade
BMA,CCQ,0.14059605721806606,19. Malaysian,18. Far East Asia,Different clade
BMA,CCR,0.11581236843159934,19. Malaysian,18. Far East Asia,Different clade
BMA,CCS,0.14637906138042434,19. Malaysian,18. Far East Asia,Different clade
BMA,CCV,0.12225631468477305,19. Malaysian,24. Asian islands,Different clade
BMA,CDE,0.11614706941185042,19. Malaysian,M3. Mosaic region 3,Different clade
BMA,CDL,0.15133252571300437,19. Malaysian,18. Far East Asia,Different clade
BMA,CDT,0.03525683086804387,19. Malaysian,2. Alpechin,Different clade
BMA,CEG,0.10627898108795511,19. Malaysian,17. Taiwanese,Different clade
BMA,CFF,0.09928112352528769,19. Malaysian,7. Mosaic beer,Different clade
BMA,CGL,0.11067520089762767,19. Malaysian,26. Asian fermentation,Different clade
BMA,CGN,0.14144355879225076,19. Malaysian,26. Asian fermentation,Different clade
BMA,CGS,0.08516083408374221,19. Malaysian,1. Wine/European,Different clade
BMA,CLB,0.10928080212962328,19. Malaysian,4. Mediterranean oak,Different clade
BMA,CLI,0.07784718256830753,19. Malaysian,25. Sake,Different clade
BMA,CLN,0.05922115754411329,19. Malaysian,25. Sake,Different clade
BMA,CLP,0.08147983634310405,19. Malaysian,25. Sake,Different clade
BMA,CMI,0.08630656058710293,19. Malaysian,25. Sake,Different clade
BMA,CPI,0.08828016681103683,19. Malaysian,9. Mexican agave,Different clade
BMA,CPK,0.1011003078762656,19. Malaysian,9. Mexican agave,Different clade
BMA,CPN,0.12488612889508797,19. Malaysian,9. Mexican agave,Different clade
BMA,CQD,0.11812428159563104,19. Malaysian,12. West African cocoa,Different clade
BMA,CQF,0.10781583732115786,19. Malaysian,12. West African cocoa,Different clade
BMA,SACE_YCE,0.051681625061615506,19. Malaysian,M3. Mosaic region 3,Different clade
BMA,SACE_YCK,9.14414187492253e-4,19. Malaysian,26. Asian fermentation,Different clade
BMA,SACE_YCM,0.03419325539556459,19. Malaysian,24. Asian islands,Different clade
BMA,SACE_YCR,0.12305077454102743,19. Malaysian,18. Far East Asia,Different clade
BMA,SACE_YCU,0.11035310533586065,19. Malaysian,23. North American oak,Different clade
BMB,AFE,0.043311160632766875,19. Malaysian,8. Mixed origin,Different clade
BMB,AKH,0.12017762961535683,19. Malaysian,13. African palm wine,Different clade
BMB,AKI,0.06794622139570751,19. Malaysian,M3. Mosaic region 3,Different clade
BMB,AKM,0.15002450019386396,19. Malaysian,19. Malaysian,Same clade
BMB,AMP,0.046514374082332145,19. Malaysian,M1. Mosaic region 1,Different clade
BMB,ANG,0.12454226492157412,19. Malaysian,23. North American oak,Different clade
BMB,ANN,0.15983286215976722,19. Malaysian,12. West African cocoa,Different clade
BMB,ATS,0.048047826459046594,19. Malaysian,8. Mixed origin,Different clade
BMB,BAF,0.09497702154434087,19. Malaysian,13. African palm wine,Different clade
BMB,BAG,0.06529955423660533,19. Malaysian,15. CHNII,Different clade
BMB,BAI,0.08232617315185879,19. Malaysian,18. Far East Asia,Different clade
BMB,BAK,0.13170137772316098,19. Malaysian,18. Far East Asia,Different clade
BMB,BAL,0.11926419842054538,19. Malaysian,16. CHNI,Different clade
BMB,BAM,0.1074277528189816,19. Malaysian,14. CHNIII,Different clade
BMB,BAN,0.14606137814508205,19. Malaysian,20. CHN V,Different clade
BMB,BAP,0.10594965239318674,19. Malaysian,20. CHN V,Different clade
BMB,BBQ,0.10978291713361368,19. Malaysian,4. Mediterranean oak,Different clade
BMB,BCK,0.06912645670544766,19. Malaysian,10. French Guiana human,Different clade
BMB,BDB,0.07536557917480866,19. Malaysian,M2. Mosaic region 2,Different clade
BMB,BDP,0.06135328712677101,19. Malaysian,10. French Guiana human,Different clade
BMB,BEF,0.07733692082378293,19. Malaysian,26. Asian fermentation,Different clade
BMB,BFH,0.0888145555692059,19. Malaysian,5. French dairy,Different clade
BMB,BFP,0.07817158754122694,19. Malaysian,4. Mediterranean oak,Different clade
BMB,BGD,0.06050547130396732,19. Malaysian,5. French dairy,Different clade
BMB,BGF,0.07009452235938331,19. Malaysian,5. French dairy,Different clade
BMB,BHG,0.069726612907411,19. Malaysian,M2. Mosaic region 2,Different clade
BMB,BHK,0.10147407888835286,19. Malaysian,M1. Mosaic region 1,Different clade
BMB,BHM,0.013637999394100828,19. Malaysian,M1. Mosaic region 1,Different clade
BMB,BHQ,0.12404698512618767,19. Malaysian,26. Asian fermentation,Different clade
BMB,BMA,0.15217496514884085,19. Malaysian,19. Malaysian,Same clade
BMB,BMC,0.14393359375615886,19. Malaysian,19. Malaysian,Same clade
BMB,BNC,0.04528058109145931,19. Malaysian,10. French Guiana human,Different clade
BMB,BNV,0.07518397066914713,19. Malaysian,1. Wine/European,Different clade
BMB,BQM,0.09707726769804367,19. Malaysian,1. Wine/European,Different clade
BMB,BVG,0.06226000444876575,19. Malaysian,3. Brazilian bioethanol,Different clade
BMB,CAE,0.05429891610150319,19. Malaysian,1. Wine/European,Different clade
BMB,CBN,0.06406366111114008,19. Malaysian,7. Mosaic beer,Different clade
BMB,CCD,0.09236209658730041,19. Malaysian,21. Ecuadorean,Different clade
BMB,CCG,0.05068903284448568,19. Malaysian,21. Ecuadorean,Different clade
BMB,CCN,0.07276458414145687,19. Malaysian,18. Far East Asia,Different clade
BMB,CCQ,0.08713230834023909,19. Malaysian,18. Far East Asia,Different clade
BMB,CCR,0.11747175538910938,19. Malaysian,18. Far East Asia,Different clade
BMB,CCS,0.12450750551407663,19. Malaysian,18. Far East Asia,Different clade
BMB,CCV,0.12341003685026247,19. Malaysian,24. Asian islands,Different clade
BMB,CDE,0.09945142571673597,19. Malaysian,M3. Mosaic region 3,Different clade
BMB,CDL,0.127282617525353,19. Malaysian,18. Far East Asia,Different clade
BMB,CDT,0.062270440765300944,19. Malaysian,2. Alpechin,Different clade
BMB,CEG,0.07016612437880154,19. Malaysian,17. Taiwanese,Different clade
BMB,CFF,0.09625613814084213,19. Malaysian,7. Mosaic beer,Different clade
BMB,CGL,0.10407342213338343,19. Malaysian,26. Asian fermentation,Different clade
BMB,CGN,0.13973937898690023,19. Malaysian,26. Asian fermentation,Different clade
BMB,CGS,0.09777951868215849,19. Malaysian,1. Wine/European,Different clade
BMB,CLB,0.11917806542126745,19. Malaysian,4. Mediterranean oak,Different clade
BMB,CLI,0.13577397659057258,19. Malaysian,25. Sake,Different clade
BMB,CLN,0.0880914011400457,19. Malaysian,25. Sake,Different clade
BMB,CLP,0.08604046161030354,19. Malaysian,25. Sake,Different clade
BMB,CMI,0.05508350976259655,19. Malaysian,25. Sake,Different clade
BMB,CPI,0.06166046582413734,19. Malaysian,9. Mexican agave,Different clade
BMB,CPK,0.13208459575063666,19. Malaysian,9. Mexican agave,Different clade
BMB,CPN,0.10946832079779954,19. Malaysian,9. Mexican agave,Different clade
BMB,CQD,0.11806067124663248,19. Malaysian,12. West African cocoa,Different clade
BMB,CQF,0.11584311690611174,19. Malaysian,12. West African cocoa,Different clade
BMB,SACE_YCE,0.057958854977294604,19. Malaysian,M3. Mosaic region 3,Different clade
BMB,SACE_YCK,0.04380384997258836,19. Malaysian,26. Asian fermentation,Different clade
BMB,SACE_YCM,0.0502448177356364,19. Malaysian,24. Asian islands,Different clade
BMB,SACE_YCR,0.11290395822852621,19. Malaysian,18. Far East Asia,Different clade
BMB,SACE_YCU,0.11319460951403301,19. Malaysian,23. North American oak,Different clade
BMC,AFE,0.016678611145667436,19. Malaysian,8. Mixed origin,Different clade
BMC,AKH,0.05196550209417909,19. Malaysian,13. African palm wine,Different clade
BMC,AKI,0.02326457095758355,19. Malaysian,M3. Mosaic region 3,Different clade
BMC,AKM,0.11347856469646071,19. Malaysian,19. Malaysian,Same clade
BMC,AMP,0.022578433681751317,19. Malaysian,M1. Mosaic region 1,Different clade
BMC,ANG,0.08597895843365591,19. Malaysian,23. North American oak,Different clade
BMC,ANN,0.11132620863356564,19. Malaysian,12. West African cocoa,Different clade
BMC,ATS,0.0741169925199244,19. Malaysian,8. Mixed origin,Different clade
BMC,BAF,0.06578855544512766,19. Malaysian,13. African palm wine,Different clade
BMC,BAG,0.05520889517163822,19. Malaysian,15. CHNII,Different clade
BMC,BAI,0.13053954923968766,19. Malaysian,18. Far East Asia,Different clade
BMC,BAK,0.07980093708372185,19. Malaysian,18. Far East Asia,Different clade
BMC,BAL,0.10570688239711812,19. Malaysian,16. CHNI,Different clade
BMC,BAM,0.06739515184982016,19. Malaysian,14. CHNIII,Different clade
BMC,BAN,0.07549302536830657,19. Malaysian,20. CHN V,Different clade
BMC,BAP,0.07120920406067566,19. Malaysian,20. CHN V,Different clade
BMC,BBQ,0.07686134069385428,19. Malaysian,4. Mediterranean oak,Different clade
BMC,BCK,0.04229704705135108,19. Malaysian,10. French Guiana human,Different clade
BMC,BDB,0.01887163659279823,19. Malaysian,M2. Mosaic region 2,Different clade
BMC,BDP,0.05678424480883142,19. Malaysian,10. French Guiana human,Different clade
BMC,BEF,0.045902618427766675,19. Malaysian,26. Asian fermentation,Different clade
BMC,BFH,0.08077726035550163,19. Malaysian,5. French dairy,Different clade
BMC,BFP,0.04343533423263332,19. Malaysian,4. Mediterranean oak,Different clade
BMC,BGD,0.01869152226368269,19. Malaysian,5. French dairy,Different clade
BMC,BGF,0.05123341062577403,19. Malaysian,5. French dairy,Different clade
BMC,BHG,0.05787332508159006,19. Malaysian,M2. Mosaic region 2,Different clade
BMC,BHK,0.07804865301754398,19. Malaysian,M1. Mosaic region 1,Different clade
BMC,BHM,0.02923181513738182,19. Malaysian,M1. Mosaic region 1,Different clade
BMC,BHQ,0.10277766049553709,19. Malaysian,26. Asian fermentation,Different clade
BMC,BMA,0.11517061866429569,19. Malaysian,19. Malaysian,Same clade
BMC,BMB,0.14393359375615886,19. Malaysian,19. Malaysian,Same clade
BMC,BNC,0.06886202562480277,19. Malaysian,10. French Guiana human,Different clade
BMC,BNV,0.03267706816215143,19. Malaysian,1. Wine/European,Different clade
BMC,BQM,0.04407154576813884,19. Malaysian,1. Wine/European,Different clade
BMC,BVG,0.04234153910686079,19. Malaysian,3. Brazilian bioethanol,Different clade
BMC,CAE,0.06419209053077979,19. Malaysian,1. Wine/European,Different clade
BMC,CBN,0.07757672930482941,19. Malaysian,7. Mosaic beer,Different clade
BMC,CCD,0.09267700313472595,19. Malaysian,21. Ecuadorean,Different clade
BMC,CCG,0.07239408170963615,19. Malaysian,21. Ecuadorean,Different clade
BMC,CCN,0.05048498687506683,19. Malaysian,18. Far East Asia,Different clade
BMC,CCQ,0.06458340896607966,19. Malaysian,18. Far East Asia,Different clade
BMC,CCR,0.08938335258024432,19. Malaysian,18. Far East Asia,Different clade
BMC,CCS,0.11721447789399159,19. Malaysian,18. Far East Asia,Different clade
BMC,CCV,0.1007195712234249,19. Malaysian,24. Asian islands,Different clade
BMC,CDE,0.08127752132530153,19. Malaysian,M3. Mosaic region 3,Different clade
BMC,CDL,0.07980339612781082,19. Malaysian,18. Far East Asia,Different clade
BMC,CDT,0.014852545689708896,19. Malaysian,2. Alpechin,Different clade
BMC,CEG,0.03739291330477371,19. Malaysian,17. Taiwanese,Different clade
BMC,CFF,0.06678468865077752,19. Malaysian,7. Mosaic beer,Different clade
BMC,CGL,0.06278448479473817,19. Malaysian,26. Asian fermentation,Different clade
BMC,CGN,0.10585408893763554,19. Malaysian,26. Asian fermentation,Different clade
BMC,CGS,0.03615002265153555,19. Malaysian,1. Wine/European,Different clade
BMC,CLB,0.05506721512741618,19. Malaysian,4. Mediterranean oak,Different clade
BMC,CLI,0.09224250373307782,19. Malaysian,25. Sake,Different clade
BMC,CLN,0.05375034877007233,19. Malaysian,25. Sake,Different clade
BMC,CLP,0.06924217071452955,19. Malaysian,25. Sake,Different clade
BMC,CMI,0.04985782040864617,19. Malaysian,25. Sake,Different clade
BMC,CPI,0.05439973007874756,19. Malaysian,9. Mexican agave,Different clade
BMC,CPK,0.06207834698534185,19. Malaysian,9. Mexican agave,Different clade
BMC,CPN,0.06335635092995576,19. Malaysian,9. Mexican agave,Different clade
BMC,CQD,0.11733797963227346,19. Malaysian,12. West African cocoa,Different clade
BMC,CQF,0.08493022187418178,19. Malaysian,12. West African cocoa,Different clade
BMC,SACE_YCE,0.053639779962941045,19. Malaysian,M3. Mosaic region 3,Different clade
BMC,SACE_YCK,0.01804460248843174,19. Malaysian,26. Asian fermentation,Different clade
BMC,SACE_YCM,0.03615628995189599,19. Malaysian,24. Asian islands,Different clade
BMC,SACE_YCR,0.0985958381990192,19. Malaysian,18. Far East Asia,Different clade
BMC,SACE_YCU,0.05726582970366362,19. Malaysian,23. North American oak,Different clade
BNC,AFE,-0.03318796159783753,10. French Guiana human,8. Mixed origin,Different clade
BNC,AKH,0.06792284818960308,10. French Guiana human,13. African palm wine,Different clade
BNC,AKI,0.05637870857895938,10. French Guiana human,M3. Mosaic region 3,Different clade
BNC,AKM,0.0659674081783848,10. French Guiana human,19. Malaysian,Different clade
BNC,AMP,0.08487906904473906,10. French Guiana human,M1. Mosaic region 1,Different clade
BNC,ANG,0.04055623738355238,10. French Guiana human,23. North American oak,Different clade
BNC,ANN,0.09495733857284182,10. French Guiana human,12. West African cocoa,Different clade
BNC,ATS,0.07581942714203463,10. French Guiana human,8. Mixed origin,Different clade
BNC,BAF,0.04730259729771323,10. French Guiana human,13. African palm wine,Different clade
BNC,BAG,0.06673037504481773,10. French Guiana human,15. CHNII,Different clade
BNC,BAI,0.07351029371405346,10. French Guiana human,18. Far East Asia,Different clade
BNC,BAK,0.08292845769766928,10. French Guiana human,18. Far East Asia,Different clade
BNC,BAL,0.07796874208050515,10. French Guiana human,16. CHNI,Different clade
BNC,BAM,0.08976710002312269,10. French Guiana human,14. CHNIII,Different clade
BNC,BAN,0.08719466297025971,10. French Guiana human,20. CHN V,Different clade
BNC,BAP,0.08656652924332026,10. French Guiana human,20. CHN V,Different clade
BNC,BBQ,0.05507644850371799,10. French Guiana human,4. Mediterranean oak,Different clade
BNC,BCK,0.125317841120657,10. French Guiana human,10. French Guiana human,Same clade
BNC,BDB,0.07200198719368385,10. French Guiana human,M2. Mosaic region 2,Different clade
BNC,BDP,0.1066912603500355,10. French Guiana human,10. French Guiana human,Same clade
BNC,BEF,0.06529172292679906,10. French Guiana human,26. Asian fermentation,Different clade
BNC,BFH,0.06353856134984202,10. French Guiana human,5. French dairy,Different clade
BNC,BFP,0.0235261025322595,10. French Guiana human,4. Mediterranean oak,Different clade
BNC,BGD,0.050618355234421736,10. French Guiana human,5. French dairy,Different clade
BNC,BGF,0.04315836007452043,10. French Guiana human,5. French dairy,Different clade
BNC,BHG,0.08082589125387864,10. French Guiana human,M2. Mosaic region 2,Different clade
BNC,BHK,0.041230073804846994,10. French Guiana human,M1. Mosaic region 1,Different clade
BNC,BHM,0.05033719530717507,10. French Guiana human,M1. Mosaic region 1,Different clade
BNC,BHQ,0.07976438931137714,10. French Guiana human,26. Asian fermentation,Different clade
BNC,BMA,0.08968704986469028,10. French Guiana human,19. Malaysian,Different clade
BNC,BMB,0.04528058109145931,10. French Guiana human,19. Malaysian,Different clade
BNC,BMC,0.06886202562480277,10. French Guiana human,19. Malaysian,Different clade
BNC,BNV,0.06596035306282466,10. French Guiana human,1. Wine/European,Different clade
BNC,BQM,0.03779325465524766,10. French Guiana human,1. Wine/European,Different clade
BNC,BVG,0.061286646585958865,10. French Guiana human,3. Brazilian bioethanol,Different clade
BNC,CAE,0.09423482494805246,10. French Guiana human,1. Wine/European,Different clade
BNC,CBN,0.05382367041812573,10. French Guiana human,7. Mosaic beer,Different clade
BNC,CCD,0.08054462753797756,10. French Guiana human,21. Ecuadorean,Different clade
BNC,CCG,0.07445769007210822,10. French Guiana human,21. Ecuadorean,Different clade
BNC,CCN,0.07375482076153457,10. French Guiana human,18. Far East Asia,Different clade
BNC,CCQ,0.0912944461948009,10. French Guiana human,18. Far East Asia,Different clade
BNC,CCR,0.09720575572784754,10. French Guiana human,18. Far East Asia,Different clade
BNC,CCS,0.07683080985267399,10. French Guiana human,18. Far East Asia,Different clade
BNC,CCV,0.06364228892879972,10. French Guiana human,24. Asian islands,Different clade
BNC,CDE,0.05694298775633501,10. French Guiana human,M3. Mosaic region 3,Different clade
BNC,CDL,0.09188681906589806,10. French Guiana human,18. Far East Asia,Different clade
BNC,CDT,0.060055022440835513,10. French Guiana human,2. Alpechin,Different clade
BNC,CEG,0.0655115525658884,10. French Guiana human,17. Taiwanese,Different clade
BNC,CFF,0.10864560877086057,10. French Guiana human,7. Mosaic beer,Different clade
BNC,CGL,0.06962236831534978,10. French Guiana human,26. Asian fermentation,Different clade
BNC,CGN,0.10531833802230231,10. French Guiana human,26. Asian fermentation,Different clade
BNC,CGS,0.0638502980604858,10. French Guiana human,1. Wine/European,Different clade
BNC,CLB,0.06875828278865667,10. French Guiana human,4. Mediterranean oak,Different clade
BNC,CLI,0.051412883990870926,10. French Guiana human,25. Sake,Different clade
BNC,CLN,0.05410117092998505,10. French Guiana human,25. Sake,Different clade
BNC,CLP,0.0753850401982531,10. French Guiana human,25. Sake,Different clade
BNC,CMI,0.07032434524340421,10. French Guiana human,25. Sake,Different clade
BNC,CPI,0.08554950779519732,10. French Guiana human,9. Mexican agave,Different clade
BNC,CPK,0.1166556229166593,10. French Guiana human,9. Mexican agave,Different clade
BNC,CPN,0.09283275923307617,10. French Guiana human,9. Mexican agave,Different clade
BNC,CQD,0.07556879774267791,10. French Guiana human,12. West African cocoa,Different clade
BNC,CQF,0.08822861948530025,10. French Guiana human,12. West African cocoa,Different clade
BNC,SACE_YCE,0.04654296543125508,10. French Guiana human,M3. Mosaic region 3,Different clade
BNC,SACE_YCK,0.05334393172331524,10. French Guiana human,26. Asian fermentation,Different clade
BNC,SACE_YCM,0.038198580806725474,10. French Guiana human,24. Asian islands,Different clade
BNC,SACE_YCR,0.08421255308668577,10. French Guiana human,18. Far East Asia,Different clade
BNC,SACE_YCU,0.05506735516153928,10. French Guiana human,23. North American oak,Different clade
BNV,AFE,0.014663876870832064,1. Wine/European,8. Mixed origin,Different clade
BNV,AKH,0.058397136810734,1. Wine/European,13. African palm wine,Different clade
BNV,AKI,0.009120045331186103,1. Wine/European,M3. Mosaic region 3,Different clade
BNV,AKM,0.0508152154891364,1. Wine/European,19. Malaysian,Different clade
BNV,AMP,0.061009955617977396,1. Wine/European,M1. Mosaic region 1,Different clade
BNV,ANG,0.0657190640029585,1. Wine/European,23. North American oak,Different clade
BNV,ANN,0.10064528155050016,1. Wine/European,12. West African cocoa,Different clade
BNV,ATS,0.08690629361030267,1. Wine/European,8. Mixed origin,Different clade
BNV,BAF,0.06932289658310978,1. Wine/European,13. African palm wine,Different clade
BNV,BAG,0.05928085684887376,1. Wine/European,15. CHNII,Different clade
BNV,BAI,0.059445070014006784,1. Wine/European,18. Far East Asia,Different clade
BNV,BAK,0.11473168361777174,1. Wine/European,18. Far East Asia,Different clade
BNV,BAL,0.08462189490310842,1. Wine/European,16. CHNI,Different clade
BNV,BAM,0.0744596869617608,1. Wine/European,14. CHNIII,Different clade
BNV,BAN,0.06813285498654865,1. Wine/European,20. CHN V,Different clade
BNV,BAP,0.08916007021612227,1. Wine/European,20. CHN V,Different clade
BNV,BBQ,0.07801644616614753,1. Wine/European,4. Mediterranean oak,Different clade
BNV,BCK,0.09518493278707872,1. Wine/European,10. French Guiana human,Different clade
BNV,BDB,0.09426513322330635,1. Wine/European,M2. Mosaic region 2,Different clade
BNV,BDP,0.07212992175716745,1. Wine/European,10. French Guiana human,Different clade
BNV,BEF,0.07092926550123473,1. Wine/European,26. Asian fermentation,Different clade
BNV,BFH,0.02383679963790159,1. Wine/European,5. French dairy,Different clade
BNV,BFP,0.06192776007084627,1. Wine/European,4. Mediterranean oak,Different clade
BNV,BGD,0.08558730445794513,1. Wine/European,5. French dairy,Different clade
BNV,BGF,0.06486914814556674,1. Wine/European,5. French dairy,Different clade
BNV,BHG,0.10338794061329826,1. Wine/European,M2. Mosaic region 2,Different clade
BNV,BHK,0.112181036664065,1. Wine/European,M1. Mosaic region 1,Different clade
BNV,BHM,0.049866470477157504,1. Wine/European,M1. Mosaic region 1,Different clade
BNV,BHQ,0.12192399907572225,1. Wine/European,26. Asian fermentation,Different clade
BNV,BMA,0.08103467714439072,1. Wine/European,19. Malaysian,Different clade
BNV,BMB,0.07518397066914713,1. Wine/European,19. Malaysian,Different clade
BNV,BMC,0.03267706816215143,1. Wine/European,19. Malaysian,Different clade
BNV,BNC,0.06596035306282466,1. Wine/European,10. French Guiana human,Different clade
BNV,BQM,0.11692288693260858,1. Wine/European,1. Wine/European,Same clade
BNV,BVG,0.06178285932466274,1. Wine/European,3. Brazilian bioethanol,Different clade
BNV,CAE,0.08920661218903649,1. Wine/European,1. Wine/European,Same clade
BNV,CBN,0.08162124006389053,1. Wine/European,7. Mosaic beer,Different clade
BNV,CCD,0.09226516110968777,1. Wine/European,21. Ecuadorean,Different clade
BNV,CCG,0.10767932843410495,1. Wine/European,21. Ecuadorean,Different clade
BNV,CCN,0.05916446180956252,1. Wine/European,18. Far East Asia,Different clade
BNV,CCQ,0.07189111384160184,1. Wine/European,18. Far East Asia,Different clade
BNV,CCR,0.10833755657704444,1. Wine/European,18. Far East Asia,Different clade
BNV,CCS,0.10052233256730037,1. Wine/European,18. Far East Asia,Different clade
BNV,CCV,0.06427015689118026,1. Wine/European,24. Asian islands,Different clade
BNV,CDE,0.06418983373161587,1. Wine/European,M3. Mosaic region 3,Different clade
BNV,CDL,0.09062880261486132,1. Wine/European,18. Far East Asia,Different clade
BNV,CDT,0.0864608096166605,1. Wine/European,2. Alpechin,Different clade
BNV,CEG,0.04098795821025137,1. Wine/European,17. Taiwanese,Different clade
BNV,CFF,0.08664867970521249,1. Wine/European,7. Mosaic beer,Different clade
BNV,CGL,0.07235607795979405,1. Wine/European,26. Asian fermentation,Different clade
BNV,CGN,0.09294355005896966,1. Wine/European,26. Asian fermentation,Different clade
BNV,CGS,0.10167289389050108,1. Wine/European,1. Wine/European,Same clade
BNV,CLB,0.11962177693431598,1. Wine/European,4. Mediterranean oak,Different clade
BNV,CLI,0.1071362424380232,1. Wine/European,25. Sake,Different clade
BNV,CLN,0.12442600911852948,1. Wine/European,25. Sake,Different clade
BNV,CLP,0.0713721475884118,1. Wine/European,25. Sake,Different clade
BNV,CMI,0.05462128564046805,1. Wine/European,25. Sake,Different clade
BNV,CPI,0.0789560509054206,1. Wine/European,9. Mexican agave,Different clade
BNV,CPK,0.08841398373030887,1. Wine/European,9. Mexican agave,Different clade
BNV,CPN,0.07867497452209464,1. Wine/European,9. Mexican agave,Different clade
BNV,CQD,0.087321435228631,1. Wine/European,12. West African cocoa,Different clade
BNV,CQF,0.11531070388986032,1. Wine/European,12. West African cocoa,Different clade
BNV,SACE_YCE,0.04457735834856096,1. Wine/European,M3. Mosaic region 3,Different clade
BNV,SACE_YCK,0.033043402412088835,1. Wine/European,26. Asian fermentation,Different clade
BNV,SACE_YCM,0.05046759562687449,1. Wine/European,24. Asian islands,Different clade
BNV,SACE_YCR,0.08490020486204104,1. Wine/European,18. Far East Asia,Different clade
BNV,SACE_YCU,0.09118343583137511,1. Wine/European,23. North American oak,Different clade
BQM,AFE,0.056141569081487264,1. Wine/European,8. Mixed origin,Different clade
BQM,AKH,0.09180450561285691,1. Wine/European,13. African palm wine,Different clade
BQM,AKI,0.021015281187064062,1. Wine/European,M3. Mosaic region 3,Different clade
BQM,AKM,0.09386128179697573,1. Wine/European,19. Malaysian,Different clade
BQM,AMP,0.0896084016622767,1. Wine/European,M1. Mosaic region 1,Different clade
BQM,ANG,0.11532158564910398,1. Wine/European,23. North American oak,Different clade
BQM,ANN,0.11483588169903297,1. Wine/European,12. West African cocoa,Different clade
BQM,ATS,0.03963960896318584,1. Wine/European,8. Mixed origin,Different clade
BQM,BAF,0.07999917583761805,1. Wine/European,13. African palm wine,Different clade
BQM,BAG,0.06443900620081928,1. Wine/European,15. CHNII,Different clade
BQM,BAI,0.09341837055452304,1. Wine/European,18. Far East Asia,Different clade
BQM,BAK,0.10108817384112567,1. Wine/European,18. Far East Asia,Different clade
BQM,BAL,0.11830608972383215,1. Wine/European,16. CHNI,Different clade
BQM,BAM,0.10787138642107624,1. Wine/European,14. CHNIII,Different clade
BQM,BAN,0.09585134679049229,1. Wine/European,20. CHN V,Different clade
BQM,BAP,0.09735057907027941,1. Wine/European,20. CHN V,Different clade
BQM,BBQ,0.07472763745474972,1. Wine/European,4. Mediterranean oak,Different clade
BQM,BCK,0.066014328158011,1. Wine/European,10. French Guiana human,Different clade
BQM,BDB,0.08798230819257992,1. Wine/European,M2. Mosaic region 2,Different clade
BQM,BDP,0.07015553890836358,1. Wine/European,10. French Guiana human,Different clade
BQM,BEF,0.09295133982898345,1. Wine/European,26. Asian fermentation,Different clade
BQM,BFH,0.04936372434816207,1. Wine/European,5. French dairy,Different clade
BQM,BFP,0.1132170808042556,1. Wine/European,4. Mediterranean oak,Different clade
BQM,BGD,0.04452511003828239,1. Wine/European,5. French dairy,Different clade
BQM,BGF,0.0497770794070557,1. Wine/European,5. French dairy,Different clade
BQM,BHG,0.08030055684015515,1. Wine/European,M2. Mosaic region 2,Different clade
BQM,BHK,0.07235933587447928,1. Wine/European,M1. Mosaic region 1,Different clade
BQM,BHM,0.04414063832105237,1. Wine/European,M1. Mosaic region 1,Different clade
BQM,BHQ,0.04974188102398034,1. Wine/European,26. Asian fermentation,Different clade
BQM,BMA,0.08303004980185162,1. Wine/European,19. Malaysian,Different clade
BQM,BMB,0.09707726769804367,1. Wine/European,19. Malaysian,Different clade
BQM,BMC,0.04407154576813884,1. Wine/European,19. Malaysian,Different clade
BQM,BNC,0.03779325465524766,1. Wine/European,10. French Guiana human,Different clade
BQM,BNV,0.11692288693260858,1. Wine/European,1. Wine/European,Same clade
BQM,BVG,0.07787456899154419,1. Wine/European,3. Brazilian bioethanol,Different clade
BQM,CAE,0.07679277669785188,1. Wine/European,1. Wine/European,Same clade
BQM,CBN,0.0519067981054543,1. Wine/European,7. Mosaic beer,Different clade
BQM,CCD,0.07514146757622935,1. Wine/European,21. Ecuadorean,Different clade
BQM,CCG,0.08665754385415451,1. Wine/European,21. Ecuadorean,Different clade
BQM,CCN,0.06040023823949549,1. Wine/European,18. Far East Asia,Different clade
BQM,CCQ,0.10262711758204245,1. Wine/European,18. Far East Asia,Different clade
BQM,CCR,0.09580366009961537,1. Wine/European,18. Far East Asia,Different clade
BQM,CCS,0.10935791311878598,1. Wine/European,18. Far East Asia,Different clade
BQM,CCV,0.09654771390474093,1. Wine/European,24. Asian islands,Different clade
BQM,CDE,0.08315682158561322,1. Wine/European,M3. Mosaic region 3,Different clade
BQM,CDL,0.10150595140168775,1. Wine/European,18. Far East Asia,Different clade
BQM,CDT,0.04640359563791506,1. Wine/European,2. Alpechin,Different clade
BQM,CEG,0.07745861402758122,1. Wine/European,17. Taiwanese,Different clade
BQM,CFF,0.0973479659507499,1. Wine/European,7. Mosaic beer,Different clade
BQM,CGL,0.11915438619994932,1. Wine/European,26. Asian fermentation,Different clade
BQM,CGN,0.08996454895769002,1. Wine/European,26. Asian fermentation,Different clade
BQM,CGS,0.12015112302058484,1. Wine/European,1. Wine/European,Same clade
BQM,CLB,0.10255853223597128,1. Wine/European,4. Mediterranean oak,Different clade
BQM,CLI,0.10330931722919692,1. Wine/European,25. Sake,Different clade
BQM,CLN,0.07679771410793998,1. Wine/European,25. Sake,Different clade
BQM,CLP,0.0821027090932283,1. Wine/European,25. Sake,Different clade
BQM,CMI,0.07233922869735254,1. Wine/European,25. Sake,Different clade
BQM,CPI,0.10835729698831392,1. Wine/European,9. Mexican agave,Different clade
BQM,CPK,0.11028287227376697,1. Wine/European,9. Mexican agave,Different clade
BQM,CPN,0.11592002645551214,1. Wine/European,9. Mexican agave,Different clade
BQM,CQD,0.11906525505110016,1. Wine/European,12. West African cocoa,Different clade
BQM,CQF,0.12369001496733806,1. Wine/European,12. West African cocoa,Different clade
BQM,SACE_YCE,0.048775817816871674,1. Wine/European,M3. Mosaic region 3,Different clade
BQM,SACE_YCK,0.05084036049669208,1. Wine/European,26. Asian fermentation,Different clade
BQM,SACE_YCM,0.05363923176379622,1. Wine/European,24. Asian islands,Different clade
BQM,SACE_YCR,0.09044137058628801,1. Wine/European,18. Far East Asia,Different clade
BQM,SACE_YCU,0.0952702217480108,1. Wine/European,23. North American oak,Different clade
BVG,AFE,0.029962600359523587,3. Brazilian bioethanol,8. Mixed origin,Different clade
BVG,AKH,0.06644276479883357,3. Brazilian bioethanol,13. African palm wine,Different clade
BVG,AKI,0.03169905179544044,3. Brazilian bioethanol,M3. Mosaic region 3,Different clade
BVG,AKM,0.0909695556290351,3. Brazilian bioethanol,19. Malaysian,Different clade
BVG,AMP,0.04902179253610933,3. Brazilian bioethanol,M1. Mosaic region 1,Different clade
BVG,ANG,0.08762891384197066,3. Brazilian bioethanol,23. North American oak,Different clade
BVG,ANN,0.13921439126803925,3. Brazilian bioethanol,12. West African cocoa,Different clade
BVG,ATS,0.061222671723249474,3. Brazilian bioethanol,8. Mixed origin,Different clade
BVG,BAF,0.10398844744624187,3. Brazilian bioethanol,13. African palm wine,Different clade
BVG,BAG,0.07326073373525528,3. Brazilian bioethanol,15. CHNII,Different clade
BVG,BAI,0.09082078030892704,3. Brazilian bioethanol,18. Far East Asia,Different clade
BVG,BAK,0.09874288241639977,3. Brazilian bioethanol,18. Far East Asia,Different clade
BVG,BAL,0.07985884372686111,3. Brazilian bioethanol,16. CHNI,Different clade
BVG,BAM,0.09447466351605927,3. Brazilian bioethanol,14. CHNIII,Different clade
BVG,BAN,0.05855436947191466,3. Brazilian bioethanol,20. CHN V,Different clade
BVG,BAP,0.0636631132741994,3. Brazilian bioethanol,20. CHN V,Different clade
BVG,BBQ,0.08839308786165692,3. Brazilian bioethanol,4. Mediterranean oak,Different clade
BVG,BCK,0.12812071672409925,3. Brazilian bioethanol,10. French Guiana human,Different clade
BVG,BDB,0.07760230601155817,3. Brazilian bioethanol,M2. Mosaic region 2,Different clade
BVG,BDP,0.06505686029986467,3. Brazilian bioethanol,10. French Guiana human,Different clade
BVG,BEF,0.05695694883478379,3. Brazilian bioethanol,26. Asian fermentation,Different clade
BVG,BFH,0.05895878073015066,3. Brazilian bioethanol,5. French dairy,Different clade
BVG,BFP,0.10283224632427848,3. Brazilian bioethanol,4. Mediterranean oak,Different clade
BVG,BGD,0.018147089863552634,3. Brazilian bioethanol,5. French dairy,Different clade
BVG,BGF,0.06599856809010037,3. Brazilian bioethanol,5. French dairy,Different clade
BVG,BHG,0.03332938430159791,3. Brazilian bioethanol,M2. Mosaic region 2,Different clade
BVG,BHK,0.06290905486117045,3. Brazilian bioethanol,M1. Mosaic region 1,Different clade
BVG,BHM,0.07181355447538575,3. Brazilian bioethanol,M1. Mosaic region 1,Different clade
BVG,BHQ,0.062183014320193825,3. Brazilian bioethanol,26. Asian fermentation,Different clade
BVG,BMA,0.047295154556097584,3. Brazilian bioethanol,19. Malaysian,Different clade
BVG,BMB,0.06226000444876575,3. Brazilian bioethanol,19. Malaysian,Different clade
BVG,BMC,0.04234153910686079,3. Brazilian bioethanol,19. Malaysian,Different clade
BVG,BNC,0.061286646585958865,3. Brazilian bioethanol,10. French Guiana human,Different clade
BVG,BNV,0.06178285932466274,3. Brazilian bioethanol,1. Wine/European,Different clade
BVG,BQM,0.07787456899154419,3. Brazilian bioethanol,1. Wine/European,Different clade
BVG,CAE,0.08313218214471133,3. Brazilian bioethanol,1. Wine/European,Different clade
BVG,CBN,0.043718730846600336,3. Brazilian bioethanol,7. Mosaic beer,Different clade
BVG,CCD,0.06836942821175128,3. Brazilian bioethanol,21. Ecuadorean,Different clade
BVG,CCG,0.035795975317205624,3. Brazilian bioethanol,21. Ecuadorean,Different clade
BVG,CCN,0.04145931674957334,3. Brazilian bioethanol,18. Far East Asia,Different clade
BVG,CCQ,0.07471978454136469,3. Brazilian bioethanol,18. Far East Asia,Different clade
BVG,CCR,0.05470410607007964,3. Brazilian bioethanol,18. Far East Asia,Different clade
BVG,CCS,0.1067367534171094,3. Brazilian bioethanol,18. Far East Asia,Different clade
BVG,CCV,0.057729447873373405,3. Brazilian bioethanol,24. Asian islands,Different clade
BVG,CDE,0.06431932637783372,3. Brazilian bioethanol,M3. Mosaic region 3,Different clade
BVG,CDL,0.09091129250308079,3. Brazilian bioethanol,18. Far East Asia,Different clade
BVG,CDT,0.0423215549487517,3. Brazilian bioethanol,2. Alpechin,Different clade
BVG,CEG,0.07271849195814896,3. Brazilian bioethanol,17. Taiwanese,Different clade
BVG,CFF,0.09633770186875629,3. Brazilian bioethanol,7. Mosaic beer,Different clade
BVG,CGL,0.06700925319482474,3. Brazilian bioethanol,26. Asian fermentation,Different clade
BVG,CGN,0.09389091229975591,3. Brazilian bioethanol,26. Asian fermentation,Different clade
BVG,CGS,0.11637675105020534,3. Brazilian bioethanol,1. Wine/European,Different clade
BVG,CLB,0.08745429111463672,3. Brazilian bioethanol,4. Mediterranean oak,Different clade
BVG,CLI,0.08101615817481751,3. Brazilian bioethanol,25. Sake,Different clade
BVG,CLN,0.020889447021490704,3. Brazilian bioethanol,25. Sake,Different clade
BVG,CLP,0.07365390917480473,3. Brazilian bioethanol,25. Sake,Different clade
BVG,CMI,0.05116452131662411,3. Brazilian bioethanol,25. Sake,Different clade
BVG,CPI,0.08333969582032191,3. Brazilian bioethanol,9. Mexican agave,Different clade
BVG,CPK,0.11804570377508482,3. Brazilian bioethanol,9. Mexican agave,Different clade
BVG,CPN,0.07823026242272105,3. Brazilian bioethanol,9. Mexican agave,Different clade
BVG,CQD,0.0852099475731057,3. Brazilian bioethanol,12. West African cocoa,Different clade
BVG,CQF,0.07748182012177736,3. Brazilian bioethanol,12. West African cocoa,Different clade
BVG,SACE_YCE,0.05607973927841164,3. Brazilian bioethanol,M3. Mosaic region 3,Different clade
BVG,SACE_YCK,0.03757145827268232,3. Brazilian bioethanol,26. Asian fermentation,Different clade
BVG,SACE_YCM,0.03954948160904947,3. Brazilian bioethanol,24. Asian islands,Different clade
BVG,SACE_YCR,0.0631507355235452,3. Brazilian bioethanol,18. Far East Asia,Different clade
BVG,SACE_YCU,0.04417707885668015,3. Brazilian bioethanol,23. North American oak,Different clade
CAE,AFE,-0.002660396162065293,1. Wine/European,8. Mixed origin,Different clade
CAE,AKH,0.05140788483890466,1. Wine/European,13. African palm wine,Different clade
CAE,AKI,0.06552244569936323,1. Wine/European,M3. Mosaic region 3,Different clade
CAE,AKM,0.0800065941995127,1. Wine/European,19. Malaysian,Different clade
CAE,AMP,0.11397910521296535,1. Wine/European,M1. Mosaic region 1,Different clade
CAE,ANG,0.09469733788567843,1. Wine/European,23. North American oak,Different clade
CAE,ANN,0.11883924059963627,1. Wine/European,12. West African cocoa,Different clade
CAE,ATS,0.10764899055680313,1. Wine/European,8. Mixed origin,Different clade
CAE,BAF,0.10358327954008217,1. Wine/European,13. African palm wine,Different clade
CAE,BAG,0.08783914186908896,1. Wine/European,15. CHNII,Different clade
CAE,BAI,0.08547179287938612,1. Wine/European,18. Far East Asia,Different clade
CAE,BAK,0.11238097684250592,1. Wine/European,18. Far East Asia,Different clade
CAE,BAL,0.12160452026547848,1. Wine/European,16. CHNI,Different clade
CAE,BAM,0.09724754196524754,1. Wine/European,14. CHNIII,Different clade
CAE,BAN,0.08190844723727596,1. Wine/European,20. CHN V,Different clade
CAE,BAP,0.08965605335372982,1. Wine/European,20. CHN V,Different clade
CAE,BBQ,0.10442824754545857,1. Wine/European,4. Mediterranean oak,Different clade
CAE,BCK,0.09822657031610542,1. Wine/European,10. French Guiana human,Different clade
CAE,BDB,0.10775038632482595,1. Wine/European,M2. Mosaic region 2,Different clade
CAE,BDP,0.09326419168442501,1. Wine/European,10. French Guiana human,Different clade
CAE,BEF,0.10152796847065941,1. Wine/European,26. Asian fermentation,Different clade
CAE,BFH,0.0958174094726905,1. Wine/European,5. French dairy,Different clade
CAE,BFP,0.09527066335510283,1. Wine/European,4. Mediterranean oak,Different clade
CAE,BGD,0.05454288643921375,1. Wine/European,5. French dairy,Different clade
CAE,BGF,0.02316251119990054,1. Wine/European,5. French dairy,Different clade
CAE,BHG,0.08975029371225884,1. Wine/European,M2. Mosaic region 2,Different clade
CAE,BHK,0.07406419341208184,1. Wine/European,M1. Mosaic region 1,Different clade
CAE,BHM,0.055835520260866585,1. Wine/European,M1. Mosaic region 1,Different clade
CAE,BHQ,0.095518183131321,1. Wine/European,26. Asian fermentation,Different clade
CAE,BMA,0.06802876302967134,1. Wine/European,19. Malaysian,Different clade
CAE,BMB,0.05429891610150319,1. Wine/European,19. Malaysian,Different clade
CAE,BMC,0.06419209053077979,1. Wine/European,19. Malaysian,Different clade
CAE,BNC,0.09423482494805246,1. Wine/European,10. French Guiana human,Different clade
CAE,BNV,0.08920661218903649,1. Wine/European,1. Wine/European,Same clade
CAE,BQM,0.07679277669785188,1. Wine/European,1. Wine/European,Same clade
CAE,BVG,0.08313218214471133,1. Wine/European,3. Brazilian bioethanol,Different clade
CAE,CBN,0.046701233274613715,1. Wine/European,7. Mosaic beer,Different clade
CAE,CCD,0.09120862606073388,1. Wine/European,21. Ecuadorean,Different clade
CAE,CCG,0.09301100298586856,1. Wine/European,21. Ecuadorean,Different clade
CAE,CCN,0.07472491594001116,1. Wine/European,18. Far East Asia,Different clade
CAE,CCQ,0.08206856423737073,1. Wine/European,18. Far East Asia,Different clade
CAE,CCR,0.1289738632893704,1. Wine/European,18. Far East Asia,Different clade
CAE,CCS,0.12797039651759812,1. Wine/European,18. Far East Asia,Different clade
CAE,CCV,0.07517107959437316,1. Wine/European,24. Asian islands,Different clade
CAE,CDE,0.10801371085915999,1. Wine/European,M3. Mosaic region 3,Different clade
CAE,CDL,0.1088816331274481,1. Wine/European,18. Far East Asia,Different clade
CAE,CDT,0.08354637275367904,1. Wine/European,2. Alpechin,Different clade
CAE,CEG,0.07732196476620232,1. Wine/European,17. Taiwanese,Different clade
CAE,CFF,0.12238838160740538,1. Wine/European,7. Mosaic beer,Different clade
CAE,CGL,0.06882398132384855,1. Wine/European,26. Asian fermentation,Different clade
CAE,CGN,0.05874354376230749,1. Wine/European,26. Asian fermentation,Different clade
CAE,CGS,0.1473941293884434,1. Wine/European,1. Wine/European,Same clade
CAE,CLB,0.14067666066480541,1. Wine/European,4. Mediterranean oak,Different clade
CAE,CLI,0.10071668174808789,1. Wine/European,25. Sake,Different clade
CAE,CLN,0.08200279856603676,1. Wine/European,25. Sake,Different clade
CAE,CLP,0.08359210714251299,1. Wine/European,25. Sake,Different clade
CAE,CMI,0.0728997999649085,1. Wine/European,25. Sake,Different clade
CAE,CPI,0.09865127772819357,1. Wine/European,9. Mexican agave,Different clade
CAE,CPK,0.1353732377901709,1. Wine/European,9. Mexican agave,Different clade
CAE,CPN,0.1127988572520035,1. Wine/European,9. Mexican agave,Different clade
CAE,CQD,0.1001908786178792,1. Wine/European,12. West African cocoa,Different clade
CAE,CQF,0.1541806195884363,1. Wine/European,12. West African cocoa,Different clade
CAE,SACE_YCE,0.05332741838032645,1. Wine/European,M3. Mosaic region 3,Different clade
CAE,SACE_YCK,0.014260937649451924,1. Wine/European,26. Asian fermentation,Different clade
CAE,SACE_YCM,0.029269329426188116,1. Wine/European,24. Asian islands,Different clade
CAE,SACE_YCR,0.10860239956538875,1. Wine/European,18. Far East Asia,Different clade
CAE,SACE_YCU,0.058649106486329115,1. Wine/European,23. North American oak,Different clade
CBN,AFE,0.02619488204835022,7. Mosaic beer,8. Mixed origin,Different clade
CBN,AKH,0.06406832690424054,7. Mosaic beer,13. African palm wine,Different clade
CBN,AKI,0.06788349914889032,7. Mosaic beer,M3. Mosaic region 3,Different clade
CBN,AKM,0.06726006742688741,7. Mosaic beer,19. Malaysian,Different clade
CBN,AMP,0.04180643095552743,7. Mosaic beer,M1. Mosaic region 1,Different clade
CBN,ANG,0.12368819599598785,7. Mosaic beer,23. North American oak,Different clade
CBN,ANN,0.11894904846259245,7. Mosaic beer,12. West African cocoa,Different clade
CBN,ATS,0.05522710951336886,7. Mosaic beer,8. Mixed origin,Different clade
CBN,BAF,0.10532218037559131,7. Mosaic beer,13. African palm wine,Different clade
CBN,BAG,0.07754725017574356,7. Mosaic beer,15. CHNII,Different clade
CBN,BAI,0.07019799968400038,7. Mosaic beer,18. Far East Asia,Different clade
CBN,BAK,0.09392232047421072,7. Mosaic beer,18. Far East Asia,Different clade
CBN,BAL,0.09084868485697986,7. Mosaic beer,16. CHNI,Different clade
CBN,BAM,0.046506011825082176,7. Mosaic beer,14. CHNIII,Different clade
CBN,BAN,0.07279850330558227,7. Mosaic beer,20. CHN V,Different clade
CBN,BAP,0.056040928031760834,7. Mosaic beer,20. CHN V,Different clade
CBN,BBQ,0.07622752185628029,7. Mosaic beer,4. Mediterranean oak,Different clade
CBN,BCK,0.07997559393293946,7. Mosaic beer,10. French Guiana human,Different clade
CBN,BDB,0.013081810822608146,7. Mosaic beer,M2. Mosaic region 2,Different clade
CBN,BDP,0.04648195343746463,7. Mosaic beer,10. French Guiana human,Different clade
CBN,BEF,0.03048561219261486,7. Mosaic beer,26. Asian fermentation,Different clade
CBN,BFH,0.05142624063386951,7. Mosaic beer,5. French dairy,Different clade
CBN,BFP,0.03826746401512439,7. Mosaic beer,4. Mediterranean oak,Different clade
CBN,BGD,0.025548600843486393,7. Mosaic beer,5. French dairy,Different clade
CBN,BGF,0.0042943396111764865,7. Mosaic beer,5. French dairy,Different clade
CBN,BHG,0.07782860474585196,7. Mosaic beer,M2. Mosaic region 2,Different clade
CBN,BHK,0.09598476680540942,7. Mosaic beer,M1. Mosaic region 1,Different clade
CBN,BHM,0.048751253054911486,7. Mosaic beer,M1. Mosaic region 1,Different clade
CBN,BHQ,0.12995340179676357,7. Mosaic beer,26. Asian fermentation,Different clade
CBN,BMA,0.08217578124216895,7. Mosaic beer,19. Malaysian,Different clade
CBN,BMB,0.06406366111114008,7. Mosaic beer,19. Malaysian,Different clade
CBN,BMC,0.07757672930482941,7. Mosaic beer,19. Malaysian,Different clade
CBN,BNC,0.05382367041812573,7. Mosaic beer,10. French Guiana human,Different clade
CBN,BNV,0.08162124006389053,7. Mosaic beer,1. Wine/European,Different clade
CBN,BQM,0.0519067981054543,7. Mosaic beer,1. Wine/European,Different clade
CBN,BVG,0.043718730846600336,7. Mosaic beer,3. Brazilian bioethanol,Different clade
CBN,CAE,0.046701233274613715,7. Mosaic beer,1. Wine/European,Different clade
CBN,CCD,0.06479815670347058,7. Mosaic beer,21. Ecuadorean,Different clade
CBN,CCG,0.04352046690810384,7. Mosaic beer,21. Ecuadorean,Different clade
CBN,CCN,0.02354191313957475,7. Mosaic beer,18. Far East Asia,Different clade
CBN,CCQ,0.07229971916677723,7. Mosaic beer,18. Far East Asia,Different clade
CBN,CCR,0.08988612712468483,7. Mosaic beer,18. Far East Asia,Different clade
CBN,CCS,0.07974450009759992,7. Mosaic beer,18. Far East Asia,Different clade
CBN,CCV,0.059903753744154686,7. Mosaic beer,24. Asian islands,Different clade
CBN,CDE,0.05506313928881943,7. Mosaic beer,M3. Mosaic region 3,Different clade
CBN,CDL,0.0766463442681261,7. Mosaic beer,18. Far East Asia,Different clade
CBN,CDT,0.03587587958549662,7. Mosaic beer,2. Alpechin,Different clade
CBN,CEG,0.0680536312301111,7. Mosaic beer,17. Taiwanese,Different clade
CBN,CFF,0.0801589172677885,7. Mosaic beer,7. Mosaic beer,Same clade
CBN,CGL,0.0671704543115663,7. Mosaic beer,26. Asian fermentation,Different clade
CBN,CGN,0.10324587232607742,7. Mosaic beer,26. Asian fermentation,Different clade
CBN,CGS,0.07589480479586237,7. Mosaic beer,1. Wine/European,Different clade
CBN,CLB,0.05772667132791531,7. Mosaic beer,4. Mediterranean oak,Different clade
CBN,CLI,0.06914687252022778,7. Mosaic beer,25. Sake,Different clade
CBN,CLN,0.051343892240698207,7. Mosaic beer,25. Sake,Different clade
CBN,CLP,0.08465716739503877,7. Mosaic beer,25. Sake,Different clade
CBN,CMI,0.05520366134461912,7. Mosaic beer,25. Sake,Different clade
CBN,CPI,0.045073759371305325,7. Mosaic beer,9. Mexican agave,Different clade
CBN,CPK,0.07211602286121278,7. Mosaic beer,9. Mexican agave,Different clade
CBN,CPN,0.0694099212420498,7. Mosaic beer,9. Mexican agave,Different clade
CBN,CQD,0.08879916649695672,7. Mosaic beer,12. West African cocoa,Different clade
CBN,CQF,0.0985537080503073,7. Mosaic beer,12. West African cocoa,Different clade
CBN,SACE_YCE,0.035375620937452376,7. Mosaic beer,M3. Mosaic region 3,Different clade
CBN,SACE_YCK,0.04216761459886451,7. Mosaic beer,26. Asian fermentation,Different clade
CBN,SACE_YCM,0.04443639082284019,7. Mosaic beer,24. Asian islands,Different clade
CBN,SACE_YCR,0.12224290416007251,7. Mosaic beer,18. Far East Asia,Different clade
CBN,SACE_YCU,0.0788856184427495,7. Mosaic beer,23. North American oak,Different clade
CCD,AFE,0.016169185759604018,21. Ecuadorean,8. Mixed origin,Different clade
CCD,AKH,0.07963480165389492,21. Ecuadorean,13. African palm wine,Different clade
CCD,AKI,0.05800155751645351,21. Ecuadorean,M3. Mosaic region 3,Different clade
CCD,AKM,0.11704950704009488,21. Ecuadorean,19. Malaysian,Different clade
CCD,AMP,0.08949048614538517,21. Ecuadorean,M1. Mosaic region 1,Different clade
CCD,ANG,0.13431222169041487,21. Ecuadorean,23. North American oak,Different clade
CCD,ANN,0.1243755274466628,21. Ecuadorean,12. West African cocoa,Different clade
CCD,ATS,0.10177583015102543,21. Ecuadorean,8. Mixed origin,Different clade
CCD,BAF,0.10235486168549654,21. Ecuadorean,13. African palm wine,Different clade
CCD,BAG,0.10029942141644414,21. Ecuadorean,15. CHNII,Different clade
CCD,BAI,0.14671773073824826,21. Ecuadorean,18. Far East Asia,Different clade
CCD,BAK,0.13311158683257554,21. Ecuadorean,18. Far East Asia,Different clade
CCD,BAL,0.1407819867874113,21. Ecuadorean,16. CHNI,Different clade
CCD,BAM,0.14326389535573475,21. Ecuadorean,14. CHNIII,Different clade
CCD,BAN,0.13878472006601683,21. Ecuadorean,20. CHN V,Different clade
CCD,BAP,0.14813658204730357,21. Ecuadorean,20. CHN V,Different clade
CCD,BBQ,0.12236879944134299,21. Ecuadorean,4. Mediterranean oak,Different clade
CCD,BCK,0.08855739474133269,21. Ecuadorean,10. French Guiana human,Different clade
CCD,BDB,0.09215307847672333,21. Ecuadorean,M2. Mosaic region 2,Different clade
CCD,BDP,0.07998170527874873,21. Ecuadorean,10. French Guiana human,Different clade
CCD,BEF,0.08276427522693508,21. Ecuadorean,26. Asian fermentation,Different clade
CCD,BFH,0.05853194904430655,21. Ecuadorean,5. French dairy,Different clade
CCD,BFP,0.08936643047746735,21. Ecuadorean,4. Mediterranean oak,Different clade
CCD,BGD,0.014631422092505677,21. Ecuadorean,5. French dairy,Different clade
CCD,BGF,0.0476871883413733,21. Ecuadorean,5. French dairy,Different clade
CCD,BHG,0.08817140418651373,21. Ecuadorean,M2. Mosaic region 2,Different clade
CCD,BHK,0.08744263275588617,21. Ecuadorean,M1. Mosaic region 1,Different clade
CCD,BHM,0.057225162836646734,21. Ecuadorean,M1. Mosaic region 1,Different clade
CCD,BHQ,0.11099309472076425,21. Ecuadorean,26. Asian fermentation,Different clade
CCD,BMA,0.1413700538023332,21. Ecuadorean,19. Malaysian,Different clade
CCD,BMB,0.09236209658730041,21. Ecuadorean,19. Malaysian,Different clade
CCD,BMC,0.09267700313472595,21. Ecuadorean,19. Malaysian,Different clade
CCD,BNC,0.08054462753797756,21. Ecuadorean,10. French Guiana human,Different clade
CCD,BNV,0.09226516110968777,21. Ecuadorean,1. Wine/European,Different clade
CCD,BQM,0.07514146757622935,21. Ecuadorean,1. Wine/European,Different clade
CCD,BVG,0.06836942821175128,21. Ecuadorean,3. Brazilian bioethanol,Different clade
CCD,CAE,0.09120862606073388,21. Ecuadorean,1. Wine/European,Different clade
CCD,CBN,0.06479815670347058,21. Ecuadorean,7. Mosaic beer,Different clade
CCD,CCG,0.1438009181897474,21. Ecuadorean,21. Ecuadorean,Same clade
CCD,CCN,0.1292169004783614,21. Ecuadorean,18. Far East Asia,Different clade
CCD,CCQ,0.11970865666891647,21. Ecuadorean,18. Far East Asia,Different clade
CCD,CCR,0.17262537865526328,21. Ecuadorean,18. Far East Asia,Different clade
CCD,CCS,0.14561772932360256,21. Ecuadorean,18. Far East Asia,Different clade
CCD,CCV,0.10013769109044754,21. Ecuadorean,24. Asian islands,Different clade
CCD,CDE,0.09448208600093853,21. Ecuadorean,M3. Mosaic region 3,Different clade
CCD,CDL,0.16672135418657025,21. Ecuadorean,18. Far East Asia,Different clade
CCD,CDT,0.06959924460783716,21. Ecuadorean,2. Alpechin,Different clade
CCD,CEG,0.06060775666931963,21. Ecuadorean,17. Taiwanese,Different clade
CCD,CFF,0.124606280511045,21. Ecuadorean,7. Mosaic beer,Different clade
CCD,CGL,0.04912057977016771,21. Ecuadorean,26. Asian fermentation,Different clade
CCD,CGN,0.12919506748446355,21. Ecuadorean,26. Asian fermentation,Different clade
CCD,CGS,0.09080185108273404,21. Ecuadorean,1. Wine/European,Different clade
CCD,CLB,0.11580804702375097,21. Ecuadorean,4. Mediterranean oak,Different clade
CCD,CLI,0.10889435103608355,21. Ecuadorean,25. Sake,Different clade
CCD,CLN,0.07865255175837808,21. Ecuadorean,25. Sake,Different clade
CCD,CLP,0.08698995803937117,21. Ecuadorean,25. Sake,Different clade
CCD,CMI,0.10483521547095692,21. Ecuadorean,25. Sake,Different clade
CCD,CPI,0.1011749830524298,21. Ecuadorean,9. Mexican agave,Different clade
CCD,CPK,0.10215262944967082,21. Ecuadorean,9. Mexican agave,Different clade
CCD,CPN,0.10530748258457549,21. Ecuadorean,9. Mexican agave,Different clade
CCD,CQD,0.12761510290861267,21. Ecuadorean,12. West African cocoa,Different clade
CCD,CQF,0.11027439827192877,21. Ecuadorean,12. West African cocoa,Different clade
CCD,SACE_YCE,0.08086430681065519,21. Ecuadorean,M3. Mosaic region 3,Different clade
CCD,SACE_YCK,0.03432413981930094,21. Ecuadorean,26. Asian fermentation,Different clade
CCD,SACE_YCM,0.05945890730094865,21. Ecuadorean,24. Asian islands,Different clade
CCD,SACE_YCR,0.13489196077457108,21. Ecuadorean,18. Far East Asia,Different clade
CCD,SACE_YCU,0.11729044706594371,21. Ecuadorean,23. North American oak,Different clade
CCG,AFE,-0.016940171663613224,21. Ecuadorean,8. Mixed origin,Different clade
CCG,AKH,0.07283428179098676,21. Ecuadorean,13. African palm wine,Different clade
CCG,AKI,0.041491698314452395,21. Ecuadorean,M3. Mosaic region 3,Different clade
CCG,AKM,0.07331684221269706,21. Ecuadorean,19. Malaysian,Different clade
CCG,AMP,0.08493138323391143,21. Ecuadorean,M1. Mosaic region 1,Different clade
CCG,ANG,0.09980117753911853,21. Ecuadorean,23. North American oak,Different clade
CCG,ANN,0.09729658142549638,21. Ecuadorean,12. West African cocoa,Different clade
CCG,ATS,0.08653579313770873,21. Ecuadorean,8. Mixed origin,Different clade
CCG,BAF,0.07066328338994397,21. Ecuadorean,13. African palm wine,Different clade
CCG,BAG,0.10283037965917911,21. Ecuadorean,15. CHNII,Different clade
CCG,BAI,0.12894559090940338,21. Ecuadorean,18. Far East Asia,Different clade
CCG,BAK,0.13762357828426827,21. Ecuadorean,18. Far East Asia,Different clade
CCG,BAL,0.1356686104308491,21. Ecuadorean,16. CHNI,Different clade
CCG,BAM,0.08574386940030222,21. Ecuadorean,14. CHNIII,Different clade
CCG,BAN,0.14527455768780406,21. Ecuadorean,20. CHN V,Different clade
CCG,BAP,0.1478195270269406,21. Ecuadorean,20. CHN V,Different clade
CCG,BBQ,0.10866226523439244,21. Ecuadorean,4. Mediterranean oak,Different clade
CCG,BCK,0.07825826205862746,21. Ecuadorean,10. French Guiana human,Different clade
CCG,BDB,0.07054613662147896,21. Ecuadorean,M2. Mosaic region 2,Different clade
CCG,BDP,0.04902727119350824,21. Ecuadorean,10. French Guiana human,Different clade
CCG,BEF,0.06305540589920974,21. Ecuadorean,26. Asian fermentation,Different clade
CCG,BFH,0.04065564705794851,21. Ecuadorean,5. French dairy,Different clade
CCG,BFP,0.08988251137738497,21. Ecuadorean,4. Mediterranean oak,Different clade
CCG,BGD,0.0686046922920097,21. Ecuadorean,5. French dairy,Different clade
CCG,BGF,0.0331252555114191,21. Ecuadorean,5. French dairy,Different clade
CCG,BHG,0.07127780693656151,21. Ecuadorean,M2. Mosaic region 2,Different clade
CCG,BHK,0.07410916348334108,21. Ecuadorean,M1. Mosaic region 1,Different clade
CCG,BHM,0.041568050231385205,21. Ecuadorean,M1. Mosaic region 1,Different clade
CCG,BHQ,0.07477716210789984,21. Ecuadorean,26. Asian fermentation,Different clade
CCG,BMA,0.10452767763619904,21. Ecuadorean,19. Malaysian,Different clade
CCG,BMB,0.05068903284448568,21. Ecuadorean,19. Malaysian,Different clade
CCG,BMC,0.07239408170963615,21. Ecuadorean,19. Malaysian,Different clade
CCG,BNC,0.07445769007210822,21. Ecuadorean,10. French Guiana human,Different clade
CCG,BNV,0.10767932843410495,21. Ecuadorean,1. Wine/European,Different clade
CCG,BQM,0.08665754385415451,21. Ecuadorean,1. Wine/European,Different clade
CCG,BVG,0.035795975317205624,21. Ecuadorean,3. Brazilian bioethanol,Different clade
CCG,CAE,0.09301100298586856,21. Ecuadorean,1. Wine/European,Different clade
CCG,CBN,0.04352046690810384,21. Ecuadorean,7. Mosaic beer,Different clade
CCG,CCD,0.1438009181897474,21. Ecuadorean,21. Ecuadorean,Same clade
CCG,CCN,0.12552786344797717,21. Ecuadorean,18. Far East Asia,Different clade
CCG,CCQ,0.09328984470224735,21. Ecuadorean,18. Far East Asia,Different clade
CCG,CCR,0.14529024298901938,21. Ecuadorean,18. Far East Asia,Different clade
CCG,CCS,0.1566716599743981,21. Ecuadorean,18. Far East Asia,Different clade
CCG,CCV,0.08160444647046154,21. Ecuadorean,24. Asian islands,Different clade
CCG,CDE,0.10170184315343789,21. Ecuadorean,M3. Mosaic region 3,Different clade
CCG,CDL,0.14027741671704483,21. Ecuadorean,18. Far East Asia,Different clade
CCG,CDT,0.05328636436877542,21. Ecuadorean,2. Alpechin,Different clade
CCG,CEG,0.06200567829379866,21. Ecuadorean,17. Taiwanese,Different clade
CCG,CFF,0.10777257855576065,21. Ecuadorean,7. Mosaic beer,Different clade
CCG,CGL,0.0877366509064331,21. Ecuadorean,26. Asian fermentation,Different clade
CCG,CGN,0.13586360624332683,21. Ecuadorean,26. Asian fermentation,Different clade
CCG,CGS,0.08499305683423769,21. Ecuadorean,1. Wine/European,Different clade
CCG,CLB,0.10275847465490677,21. Ecuadorean,4. Mediterranean oak,Different clade
CCG,CLI,0.11434206126284437,21. Ecuadorean,25. Sake,Different clade
CCG,CLN,0.09786637932277344,21. Ecuadorean,25. Sake,Different clade
CCG,CLP,0.039264310060519385,21. Ecuadorean,25. Sake,Different clade
CCG,CMI,0.07024205816929233,21. Ecuadorean,25. Sake,Different clade
CCG,CPI,0.04327543825337192,21. Ecuadorean,9. Mexican agave,Different clade
CCG,CPK,0.11887706331685892,21. Ecuadorean,9. Mexican agave,Different clade
CCG,CPN,0.07017173366207538,21. Ecuadorean,9. Mexican agave,Different clade
CCG,CQD,0.09256418894569021,21. Ecuadorean,12. West African cocoa,Different clade
CCG,CQF,0.1277556506256992,21. Ecuadorean,12. West African cocoa,Different clade
CCG,SACE_YCE,0.04653091837412179,21. Ecuadorean,M3. Mosaic region 3,Different clade
CCG,SACE_YCK,0.04846893975244301,21. Ecuadorean,26. Asian fermentation,Different clade
CCG,SACE_YCM,0.05629344476077747,21. Ecuadorean,24. Asian islands,Different clade
CCG,SACE_YCR,0.11908329963671178,21. Ecuadorean,18. Far East Asia,Different clade
CCG,SACE_YCU,0.12105976772060928,21. Ecuadorean,23. North American oak,Different clade
CCN,AFE,-0.0038656835827590827,18. Far East Asia,8. Mixed origin,Different clade
CCN,AKH,0.08615369517232264,18. Far East Asia,13. African palm wine,Different clade
CCN,AKI,0.04542133828758904,18. Far East Asia,M3. Mosaic region 3,Different clade
CCN,AKM,0.08077948360936106,18. Far East Asia,19. Malaysian,Different clade
CCN,AMP,0.053138208788990546,18. Far East Asia,M1. Mosaic region 1,Different clade
CCN,ANG,0.10051900211458133,18. Far East Asia,23. North American oak,Different clade
CCN,ANN,0.11983486811873494,18. Far East Asia,12. West African cocoa,Different clade
CCN,ATS,0.09485724208550676,18. Far East Asia,8. Mixed origin,Different clade
CCN,BAF,0.06608645835071672,18. Far East Asia,13. African palm wine,Different clade
CCN,BAG,0.06833348765527127,18. Far East Asia,15. CHNII,Different clade
CCN,BAI,0.1165359723995819,18. Far East Asia,18. Far East Asia,Same clade
CCN,BAK,0.12195937737854921,18. Far East Asia,18. Far East Asia,Same clade
CCN,BAL,0.06799641250322891,18. Far East Asia,16. CHNI,Different clade
CCN,BAM,0.06821924489181634,18. Far East Asia,14. CHNIII,Different clade
CCN,BAN,0.12003104866019032,18. Far East Asia,20. CHN V,Different clade
CCN,BAP,0.07457081651495723,18. Far East Asia,20. CHN V,Different clade
CCN,BBQ,0.09917447343414451,18. Far East Asia,4. Mediterranean oak,Different clade
CCN,BCK,0.05458874418893793,18. Far East Asia,10. French Guiana human,Different clade
CCN,BDB,0.05488662545922511,18. Far East Asia,M2. Mosaic region 2,Different clade
CCN,BDP,0.031124512185376117,18. Far East Asia,10. French Guiana human,Different clade
CCN,BEF,0.08452640676272292,18. Far East Asia,26. Asian fermentation,Different clade
CCN,BFH,0.03792420055695565,18. Far East Asia,5. French dairy,Different clade
CCN,BFP,0.07360182204069846,18. Far East Asia,4. Mediterranean oak,Different clade
CCN,BGD,0.019551577426735457,18. Far East Asia,5. French dairy,Different clade
CCN,BGF,0.03637634931638091,18. Far East Asia,5. French dairy,Different clade
CCN,BHG,0.08364104526032798,18. Far East Asia,M2. Mosaic region 2,Different clade
CCN,BHK,0.02607214371739107,18. Far East Asia,M1. Mosaic region 1,Different clade
CCN,BHM,0.04416767803859651,18. Far East Asia,M1. Mosaic region 1,Different clade
CCN,BHQ,0.09227550804377486,18. Far East Asia,26. Asian fermentation,Different clade
CCN,BMA,0.07959322321036917,18. Far East Asia,19. Malaysian,Different clade
CCN,BMB,0.07276458414145687,18. Far East Asia,19. Malaysian,Different clade
CCN,BMC,0.05048498687506683,18. Far East Asia,19. Malaysian,Different clade
CCN,BNC,0.07375482076153457,18. Far East Asia,10. French Guiana human,Different clade
CCN,BNV,0.05916446180956252,18. Far East Asia,1. Wine/European,Different clade
CCN,BQM,0.06040023823949549,18. Far East Asia,1. Wine/European,Different clade
CCN,BVG,0.04145931674957334,18. Far East Asia,3. Brazilian bioethanol,Different clade
CCN,CAE,0.07472491594001116,18. Far East Asia,1. Wine/European,Different clade
CCN,CBN,0.02354191313957475,18. Far East Asia,7. Mosaic beer,Different clade
CCN,CCD,0.1292169004783614,18. Far East Asia,21. Ecuadorean,Different clade
CCN,CCG,0.12552786344797717,18. Far East Asia,21. Ecuadorean,Different clade
CCN,CCQ,0.09599983271526803,18. Far East Asia,18. Far East Asia,Same clade
CCN,CCR,0.15751452825922832,18. Far East Asia,18. Far East Asia,Same clade
CCN,CCS,0.11083493144730959,18. Far East Asia,18. Far East Asia,Same clade
CCN,CCV,0.08734640445561771,18. Far East Asia,24. Asian islands,Different clade
CCN,CDE,0.07604412688402705,18. Far East Asia,M3. Mosaic region 3,Different clade
CCN,CDL,0.15201136148917918,18. Far East Asia,18. Far East Asia,Same clade
CCN,CDT,0.028448741623113293,18. Far East Asia,2. Alpechin,Different clade
CCN,CEG,0.029501119478816413,18. Far East Asia,17. Taiwanese,Different clade
CCN,CFF,0.09634982104088766,18. Far East Asia,7. Mosaic beer,Different clade
CCN,CGL,0.11600737174208832,18. Far East Asia,26. Asian fermentation,Different clade
CCN,CGN,0.12349976160667168,18. Far East Asia,26. Asian fermentation,Different clade
CCN,CGS,0.10339919650384266,18. Far East Asia,1. Wine/European,Different clade
CCN,CLB,0.12641457334933465,18. Far East Asia,4. Mediterranean oak,Different clade
CCN,CLI,0.07648485544933632,18. Far East Asia,25. Sake,Different clade
CCN,CLN,0.03598869091088696,18. Far East Asia,25. Sake,Different clade
CCN,CLP,0.10948120444396801,18. Far East Asia,25. Sake,Different clade
CCN,CMI,0.07595032042006768,18. Far East Asia,25. Sake,Different clade
CCN,CPI,0.07884114149534688,18. Far East Asia,9. Mexican agave,Different clade
CCN,CPK,0.08514414855947762,18. Far East Asia,9. Mexican agave,Different clade
CCN,CPN,0.09517206583742173,18. Far East Asia,9. Mexican agave,Different clade
CCN,CQD,0.15660352782065723,18. Far East Asia,12. West African cocoa,Different clade
CCN,CQF,0.1041317176769341,18. Far East Asia,12. West African cocoa,Different clade
CCN,SACE_YCE,0.012491452927280046,18. Far East Asia,M3. Mosaic region 3,Different clade
CCN,SACE_YCK,0.0335720977980841,18. Far East Asia,26. Asian fermentation,Different clade
CCN,SACE_YCM,0.04220187926941988,18. Far East Asia,24. Asian islands,Different clade
CCN,SACE_YCR,0.1347209135876843,18. Far East Asia,18. Far East Asia,Same clade
CCN,SACE_YCU,0.06879726175842028,18. Far East Asia,23. North American oak,Different clade
CCQ,AFE,-0.015017563650604453,18. Far East Asia,8. Mixed origin,Different clade
CCQ,AKH,0.09360408861540016,18. Far East Asia,13. African palm wine,Different clade
CCQ,AKI,0.0516667040062021,18. Far East Asia,M3. Mosaic region 3,Different clade
CCQ,AKM,0.09320272191033367,18. Far East Asia,19. Malaysian,Different clade
CCQ,AMP,0.09276046522158701,18. Far East Asia,M1. Mosaic region 1,Different clade
CCQ,ANG,0.14996406190541717,18. Far East Asia,23. North American oak,Different clade
CCQ,ANN,0.1444344043806188,18. Far East Asia,12. West African cocoa,Different clade
CCQ,ATS,0.11058806370564005,18. Far East Asia,8. Mixed origin,Different clade
CCQ,BAF,0.10410756028534786,18. Far East Asia,13. African palm wine,Different clade
CCQ,BAG,0.12748837459569723,18. Far East Asia,15. CHNII,Different clade
CCQ,BAI,0.16163173274022438,18. Far East Asia,18. Far East Asia,Same clade
CCQ,BAK,0.16882892789423834,18. Far East Asia,18. Far East Asia,Same clade
CCQ,BAL,0.18821148934120363,18. Far East Asia,16. CHNI,Different clade
CCQ,BAM,0.12705079098285174,18. Far East Asia,14. CHNIII,Different clade
CCQ,BAN,0.16775140659610796,18. Far East Asia,20. CHN V,Different clade
CCQ,BAP,0.1301197799894503,18. Far East Asia,20. CHN V,Different clade
CCQ,BBQ,0.1584111465347348,18. Far East Asia,4. Mediterranean oak,Different clade
CCQ,BCK,0.09190460446136407,18. Far East Asia,10. French Guiana human,Different clade
CCQ,BDB,0.08375963400457596,18. Far East Asia,M2. Mosaic region 2,Different clade
CCQ,BDP,0.07176128599184994,18. Far East Asia,10. French Guiana human,Different clade
CCQ,BEF,0.11188611445544391,18. Far East Asia,26. Asian fermentation,Different clade
CCQ,BFH,0.0745469473503747,18. Far East Asia,5. French dairy,Different clade
CCQ,BFP,0.11117978847787814,18. Far East Asia,4. Mediterranean oak,Different clade
CCQ,BGD,0.0480183918835236,18. Far East Asia,5. French dairy,Different clade
CCQ,BGF,0.0565544372863063,18. Far East Asia,5. French dairy,Different clade
CCQ,BHG,0.12111608635048965,18. Far East Asia,M2. Mosaic region 2,Different clade
CCQ,BHK,0.050511827604350225,18. Far East Asia,M1. Mosaic region 1,Different clade
CCQ,BHM,0.010684476732954785,18. Far East Asia,M1. Mosaic region 1,Different clade
CCQ,BHQ,0.14745212124616602,18. Far East Asia,26. Asian fermentation,Different clade
CCQ,BMA,0.14059605721806606,18. Far East Asia,19. Malaysian,Different clade
CCQ,BMB,0.08713230834023909,18. Far East Asia,19. Malaysian,Different clade
CCQ,BMC,0.06458340896607966,18. Far East Asia,19. Malaysian,Different clade
CCQ,BNC,0.0912944461948009,18. Far East Asia,10. French Guiana human,Different clade
CCQ,BNV,0.07189111384160184,18. Far East Asia,1. Wine/European,Different clade
CCQ,BQM,0.10262711758204245,18. Far East Asia,1. Wine/European,Different clade
CCQ,BVG,0.07471978454136469,18. Far East Asia,3. Brazilian bioethanol,Different clade
CCQ,CAE,0.08206856423737073,18. Far East Asia,1. Wine/European,Different clade
CCQ,CBN,0.07229971916677723,18. Far East Asia,7. Mosaic beer,Different clade
CCQ,CCD,0.11970865666891647,18. Far East Asia,21. Ecuadorean,Different clade
CCQ,CCG,0.09328984470224735,18. Far East Asia,21. Ecuadorean,Different clade
CCQ,CCN,0.09599983271526803,18. Far East Asia,18. Far East Asia,Same clade
CCQ,CCR,0.21221454131782197,18. Far East Asia,18. Far East Asia,Same clade
CCQ,CCS,0.20614425477279474,18. Far East Asia,18. Far East Asia,Same clade
CCQ,CCV,0.15244970410046063,18. Far East Asia,24. Asian islands,Different clade
CCQ,CDE,0.14451409537222704,18. Far East Asia,M3. Mosaic region 3,Different clade
CCQ,CDL,0.17776462971360202,18. Far East Asia,18. Far East Asia,Same clade
CCQ,CDT,0.06424033522594995,18. Far East Asia,2. Alpechin,Different clade
CCQ,CEG,0.09667224437138906,18. Far East Asia,17. Taiwanese,Different clade
CCQ,CFF,0.14073577643061608,18. Far East Asia,7. Mosaic beer,Different clade
CCQ,CGL,0.12632612132622684,18. Far East Asia,26. Asian fermentation,Different clade
CCQ,CGN,0.14085617570776807,18. Far East Asia,26. Asian fermentation,Different clade
CCQ,CGS,0.12163979691025943,18. Far East Asia,1. Wine/European,Different clade
CCQ,CLB,0.18061801712181572,18. Far East Asia,4. Mediterranean oak,Different clade
CCQ,CLI,0.13534814519997174,18. Far East Asia,25. Sake,Different clade
CCQ,CLN,0.10798083320131084,18. Far East Asia,25. Sake,Different clade
CCQ,CLP,0.08637406021181153,18. Far East Asia,25. Sake,Different clade
CCQ,CMI,0.08827779186036293,18. Far East Asia,25. Sake,Different clade
CCQ,CPI,0.11709787552037104,18. Far East Asia,9. Mexican agave,Different clade
CCQ,CPK,0.12587979960634468,18. Far East Asia,9. Mexican agave,Different clade
CCQ,CPN,0.1355903523063826,18. Far East Asia,9. Mexican agave,Different clade
CCQ,CQD,0.1539322575705845,18. Far East Asia,12. West African cocoa,Different clade
CCQ,CQF,0.15753285043228493,18. Far East Asia,12. West African cocoa,Different clade
CCQ,SACE_YCE,0.0534911036930543,18. Far East Asia,M3. Mosaic region 3,Different clade
CCQ,SACE_YCK,0.05815584344484763,18. Far East Asia,26. Asian fermentation,Different clade
CCQ,SACE_YCM,0.07839548708698645,18. Far East Asia,24. Asian islands,Different clade
CCQ,SACE_YCR,0.18093999720203555,18. Far East Asia,18. Far East Asia,Same clade
CCQ,SACE_YCU,0.12084839001905825,18. Far East Asia,23. North American oak,Different clade
CCR,AFE,0.026149699403302685,18. Far East Asia,8. Mixed origin,Different clade
CCR,AKH,0.0899641638160999,18. Far East Asia,13. African palm wine,Different clade
CCR,AKI,0.0658206055873092,18. Far East Asia,M3. Mosaic region 3,Different clade
CCR,AKM,0.09148470238881001,18. Far East Asia,19. Malaysian,Different clade
CCR,AMP,0.08356822257241846,18. Far East Asia,M1. Mosaic region 1,Different clade
CCR,ANG,0.18078751695926887,18. Far East Asia,23. North American oak,Different clade
CCR,ANN,0.17255296643755552,18. Far East Asia,12. West African cocoa,Different clade
CCR,ATS,0.10061181606573183,18. Far East Asia,8. Mixed origin,Different clade
CCR,BAF,0.11238198293471938,18. Far East Asia,13. African palm wine,Different clade
CCR,BAG,0.13248294362136487,18. Far East Asia,15. CHNII,Different clade
CCR,BAI,0.2110006260259108,18. Far East Asia,18. Far East Asia,Same clade
CCR,BAK,0.23101267833840736,18. Far East Asia,18. Far East Asia,Same clade
CCR,BAL,0.17050059175218488,18. Far East Asia,16. CHNI,Different clade
CCR,BAM,0.15404069130570747,18. Far East Asia,14. CHNIII,Different clade
CCR,BAN,0.17253622135891009,18. Far East Asia,20. CHN V,Different clade
CCR,BAP,0.13971320645457255,18. Far East Asia,20. CHN V,Different clade
CCR,BBQ,0.18205427724459736,18. Far East Asia,4. Mediterranean oak,Different clade
CCR,BCK,0.09203436717607705,18. Far East Asia,10. French Guiana human,Different clade
CCR,BDB,0.09213376137720768,18. Far East Asia,M2. Mosaic region 2,Different clade
CCR,BDP,0.0889685923060024,18. Far East Asia,10. French Guiana human,Different clade
CCR,BEF,0.13117054821756968,18. Far East Asia,26. Asian fermentation,Different clade
CCR,BFH,0.057397438374044145,18. Far East Asia,5. French dairy,Different clade
CCR,BFP,0.1388720149995985,18. Far East Asia,4. Mediterranean oak,Different clade
CCR,BGD,0.049616420086979085,18. Far East Asia,5. French dairy,Different clade
CCR,BGF,0.05835833789743648,18. Far East Asia,5. French dairy,Different clade
CCR,BHG,0.09771327118619058,18. Far East Asia,M2. Mosaic region 2,Different clade
CCR,BHK,0.052379740704205986,18. Far East Asia,M1. Mosaic region 1,Different clade
CCR,BHM,0.0024429099235717833,18. Far East Asia,M1. Mosaic region 1,Different clade
CCR,BHQ,0.14991777206955942,18. Far East Asia,26. Asian fermentation,Different clade
CCR,BMA,0.11581236843159934,18. Far East Asia,19. Malaysian,Different clade
CCR,BMB,0.11747175538910938,18. Far East Asia,19. Malaysian,Different clade
CCR,BMC,0.08938335258024432,18. Far East Asia,19. Malaysian,Different clade
CCR,BNC,0.09720575572784754,18. Far East Asia,10. French Guiana human,Different clade
CCR,BNV,0.10833755657704444,18. Far East Asia,1. Wine/European,Different clade
CCR,BQM,0.09580366009961537,18. Far East Asia,1. Wine/European,Different clade
CCR,BVG,0.05470410607007964,18. Far East Asia,3. Brazilian bioethanol,Different clade
CCR,CAE,0.1289738632893704,18. Far East Asia,1. Wine/European,Different clade
CCR,CBN,0.08988612712468483,18. Far East Asia,7. Mosaic beer,Different clade
CCR,CCD,0.17262537865526328,18. Far East Asia,21. Ecuadorean,Different clade
CCR,CCG,0.14529024298901938,18. Far East Asia,21. Ecuadorean,Different clade
CCR,CCN,0.15751452825922832,18. Far East Asia,18. Far East Asia,Same clade
CCR,CCQ,0.21221454131782197,18. Far East Asia,18. Far East Asia,Same clade
CCR,CCS,0.20770688257339917,18. Far East Asia,18. Far East Asia,Same clade
CCR,CCV,0.15059371932553517,18. Far East Asia,24. Asian islands,Different clade
CCR,CDE,0.14568182619741848,18. Far East Asia,M3. Mosaic region 3,Different clade
CCR,CDL,0.20304862285238695,18. Far East Asia,18. Far East Asia,Same clade
CCR,CDT,0.06041176871913838,18. Far East Asia,2. Alpechin,Different clade
CCR,CEG,0.10181766552534394,18. Far East Asia,17. Taiwanese,Different clade
CCR,CFF,0.15188233754964028,18. Far East Asia,7. Mosaic beer,Different clade
CCR,CGL,0.13297400632794257,18. Far East Asia,26. Asian fermentation,Different clade
CCR,CGN,0.1500389324327749,18. Far East Asia,26. Asian fermentation,Different clade
CCR,CGS,0.12537982131813571,18. Far East Asia,1. Wine/European,Different clade
CCR,CLB,0.20278107768803577,18. Far East Asia,4. Mediterranean oak,Different clade
CCR,CLI,0.11835632999577377,18. Far East Asia,25. Sake,Different clade
CCR,CLN,0.08642750631979007,18. Far East Asia,25. Sake,Different clade
CCR,CLP,0.10809399735847079,18. Far East Asia,25. Sake,Different clade
CCR,CMI,0.08941796742818547,18. Far East Asia,25. Sake,Different clade
CCR,CPI,0.10974885257303664,18. Far East Asia,9. Mexican agave,Different clade
CCR,CPK,0.14146926814957914,18. Far East Asia,9. Mexican agave,Different clade
CCR,CPN,0.1324652866580793,18. Far East Asia,9. Mexican agave,Different clade
CCR,CQD,0.13133559823989477,18. Far East Asia,12. West African cocoa,Different clade
CCR,CQF,0.14847737173496298,18. Far East Asia,12. West African cocoa,Different clade
CCR,SACE_YCE,0.04927646891086179,18. Far East Asia,M3. Mosaic region 3,Different clade
CCR,SACE_YCK,0.06139972049314656,18. Far East Asia,26. Asian fermentation,Different clade
CCR,SACE_YCM,0.08254455333502383,18. Far East Asia,24. Asian islands,Different clade
CCR,SACE_YCR,0.23999733720694402,18. Far East Asia,18. Far East Asia,Same clade
CCR,SACE_YCU,0.12452306485799643,18. Far East Asia,23. North American oak,Different clade
CCS,AFE,0.0037630518668881523,18. Far East Asia,8. Mixed origin,Different clade
CCS,AKH,0.126550505041719,18. Far East Asia,13. African palm wine,Different clade
CCS,AKI,0.09947563103102214,18. Far East Asia,M3. Mosaic region 3,Different clade
CCS,AKM,0.11737570250619325,18. Far East Asia,19. Malaysian,Different clade
CCS,AMP,0.07585195157563052,18. Far East Asia,M1. Mosaic region 1,Different clade
CCS,ANG,0.19175764461954428,18. Far East Asia,23. North American oak,Different clade
CCS,ANN,0.18704163387976877,18. Far East Asia,12. West African cocoa,Different clade
CCS,ATS,0.11550551127612388,18. Far East Asia,8. Mixed origin,Different clade
CCS,BAF,0.1522291151783308,18. Far East Asia,13. African palm wine,Different clade
CCS,BAG,0.16750980404967175,18. Far East Asia,15. CHNII,Different clade
CCS,BAI,0.20881940590661746,18. Far East Asia,18. Far East Asia,Same clade
CCS,BAK,0.2240779958567347,18. Far East Asia,18. Far East Asia,Same clade
CCS,BAL,0.14076677743125074,18. Far East Asia,16. CHNI,Different clade
CCS,BAM,0.1369740715772263,18. Far East Asia,14. CHNIII,Different clade
CCS,BAN,0.20610214698734997,18. Far East Asia,20. CHN V,Different clade
CCS,BAP,0.1535666796080283,18. Far East Asia,20. CHN V,Different clade
CCS,BBQ,0.16887746783988017,18. Far East Asia,4. Mediterranean oak,Different clade
CCS,BCK,0.08377388828857132,18. Far East Asia,10. French Guiana human,Different clade
CCS,BDB,0.07883805260403397,18. Far East Asia,M2. Mosaic region 2,Different clade
CCS,BDP,0.053624741600830604,18. Far East Asia,10. French Guiana human,Different clade
CCS,BEF,0.11757473248535691,18. Far East Asia,26. Asian fermentation,Different clade
CCS,BFH,0.09303589399018466,18. Far East Asia,5. French dairy,Different clade
CCS,BFP,0.13844267114159858,18. Far East Asia,4. Mediterranean oak,Different clade
CCS,BGD,0.05404858487978143,18. Far East Asia,5. French dairy,Different clade
CCS,BGF,0.06725295246633364,18. Far East Asia,5. French dairy,Different clade
CCS,BHG,0.09337841895021749,18. Far East Asia,M2. Mosaic region 2,Different clade
CCS,BHK,0.09369196129674988,18. Far East Asia,M1. Mosaic region 1,Different clade
CCS,BHM,0.045347371005366705,18. Far East Asia,M1. Mosaic region 1,Different clade
CCS,BHQ,0.1331434262140538,18. Far East Asia,26. Asian fermentation,Different clade
CCS,BMA,0.14637906138042434,18. Far East Asia,19. Malaysian,Different clade
CCS,BMB,0.12450750551407663,18. Far East Asia,19. Malaysian,Different clade
CCS,BMC,0.11721447789399159,18. Far East Asia,19. Malaysian,Different clade
CCS,BNC,0.07683080985267399,18. Far East Asia,10. French Guiana human,Different clade
CCS,BNV,0.10052233256730037,18. Far East Asia,1. Wine/European,Different clade
CCS,BQM,0.10935791311878598,18. Far East Asia,1. Wine/European,Different clade
CCS,BVG,0.1067367534171094,18. Far East Asia,3. Brazilian bioethanol,Different clade
CCS,CAE,0.12797039651759812,18. Far East Asia,1. Wine/European,Different clade
CCS,CBN,0.07974450009759992,18. Far East Asia,7. Mosaic beer,Different clade
CCS,CCD,0.14561772932360256,18. Far East Asia,21. Ecuadorean,Different clade
CCS,CCG,0.1566716599743981,18. Far East Asia,21. Ecuadorean,Different clade
CCS,CCN,0.11083493144730959,18. Far East Asia,18. Far East Asia,Same clade
CCS,CCQ,0.20614425477279474,18. Far East Asia,18. Far East Asia,Same clade
CCS,CCR,0.20770688257339917,18. Far East Asia,18. Far East Asia,Same clade
CCS,CCV,0.1357788654534404,18. Far East Asia,24. Asian islands,Different clade
CCS,CDE,0.13750731238628613,18. Far East Asia,M3. Mosaic region 3,Different clade
CCS,CDL,0.21887248568547094,18. Far East Asia,18. Far East Asia,Same clade
CCS,CDT,0.07579750033102951,18. Far East Asia,2. Alpechin,Different clade
CCS,CEG,0.11932164082829697,18. Far East Asia,17. Taiwanese,Different clade
CCS,CFF,0.14616571589522148,18. Far East Asia,7. Mosaic beer,Different clade
CCS,CGL,0.13087873690964935,18. Far East Asia,26. Asian fermentation,Different clade
CCS,CGN,0.12310838029868605,18. Far East Asia,26. Asian fermentation,Different clade
CCS,CGS,0.09342243327988536,18. Far East Asia,1. Wine/European,Different clade
CCS,CLB,0.18954985818713865,18. Far East Asia,4. Mediterranean oak,Different clade
CCS,CLI,0.1283269940439603,18. Far East Asia,25. Sake,Different clade
CCS,CLN,0.09557377605563208,18. Far East Asia,25. Sake,Different clade
CCS,CLP,0.09636727086191477,18. Far East Asia,25. Sake,Different clade
CCS,CMI,0.08850952885060205,18. Far East Asia,25. Sake,Different clade
CCS,CPI,0.10445145645318804,18. Far East Asia,9. Mexican agave,Different clade
CCS,CPK,0.13469443624754182,18. Far East Asia,9. Mexican agave,Different clade
CCS,CPN,0.14636193888093987,18. Far East Asia,9. Mexican agave,Different clade
CCS,CQD,0.1664263718163997,18. Far East Asia,12. West African cocoa,Different clade
CCS,CQF,0.16182589210305492,18. Far East Asia,12. West African cocoa,Different clade
CCS,SACE_YCE,0.04261927333007067,18. Far East Asia,M3. Mosaic region 3,Different clade
CCS,SACE_YCK,0.0839611960293622,18. Far East Asia,26. Asian fermentation,Different clade
CCS,SACE_YCM,0.06772184692530374,18. Far East Asia,24. Asian islands,Different clade
CCS,SACE_YCR,0.19045619640453612,18. Far East Asia,18. Far East Asia,Same clade
CCS,SACE_YCU,0.12454642830185136,18. Far East Asia,23. North American oak,Different clade
CCV,AFE,0.03798700518345385,24. Asian islands,8. Mixed origin,Different clade
CCV,AKH,0.08086264245978252,24. Asian islands,13. African palm wine,Different clade
CCV,AKI,0.07247497973402155,24. Asian islands,M3. Mosaic region 3,Different clade
CCV,AKM,0.0851287673605112,24. Asian islands,19. Malaysian,Different clade
CCV,AMP,0.05814497125497112,24. Asian islands,M1. Mosaic region 1,Different clade
CCV,ANG,0.12676179569808446,24. Asian islands,23. North American oak,Different clade
CCV,ANN,0.11725705601147789,24. Asian islands,12. West African cocoa,Different clade
CCV,ATS,0.10900787317868117,24. Asian islands,8. Mixed origin,Different clade
CCV,BAF,0.10987740162918139,24. Asian islands,13. African palm wine,Different clade
CCV,BAG,0.09840361720038705,24. Asian islands,15. CHNII,Different clade
CCV,BAI,0.13855035146446046,24. Asian islands,18. Far East Asia,Different clade
CCV,BAK,0.16068359970800009,24. Asian islands,18. Far East Asia,Different clade
CCV,BAL,0.1509971243335407,24. Asian islands,16. CHNI,Different clade
CCV,BAM,0.11993150438198388,24. Asian islands,14. CHNIII,Different clade
CCV,BAN,0.11613841305725112,24. Asian islands,20. CHN V,Different clade
CCV,BAP,0.14998899716931502,24. Asian islands,20. CHN V,Different clade
CCV,BBQ,0.10796897301830127,24. Asian islands,4. Mediterranean oak,Different clade
CCV,BCK,0.07756603423261987,24. Asian islands,10. French Guiana human,Different clade
CCV,BDB,0.1323894220076255,24. Asian islands,M2. Mosaic region 2,Different clade
CCV,BDP,0.07230766705986805,24. Asian islands,10. French Guiana human,Different clade
CCV,BEF,0.1394021661737588,24. Asian islands,26. Asian fermentation,Different clade
CCV,BFH,0.06458636289262547,24. Asian islands,5. French dairy,Different clade
CCV,BFP,0.13419016026637418,24. Asian islands,4. Mediterranean oak,Different clade
CCV,BGD,0.06297565683504433,24. Asian islands,5. French dairy,Different clade
CCV,BGF,0.038358944220840484,24. Asian islands,5. French dairy,Different clade
CCV,BHG,0.04830912490078492,24. Asian islands,M2. Mosaic region 2,Different clade
CCV,BHK,0.08396154783061956,24. Asian islands,M1. Mosaic region 1,Different clade
CCV,BHM,0.09104498427302322,24. Asian islands,M1. Mosaic region 1,Different clade
CCV,BHQ,0.12726414281837567,24. Asian islands,26. Asian fermentation,Different clade
CCV,BMA,0.12225631468477305,24. Asian islands,19. Malaysian,Different clade
CCV,BMB,0.12341003685026247,24. Asian islands,19. Malaysian,Different clade
CCV,BMC,0.1007195712234249,24. Asian islands,19. Malaysian,Different clade
CCV,BNC,0.06364228892879972,24. Asian islands,10. French Guiana human,Different clade
CCV,BNV,0.06427015689118026,24. Asian islands,1. Wine/European,Different clade
CCV,BQM,0.09654771390474093,24. Asian islands,1. Wine/European,Different clade
CCV,BVG,0.057729447873373405,24. Asian islands,3. Brazilian bioethanol,Different clade
CCV,CAE,0.07517107959437316,24. Asian islands,1. Wine/European,Different clade
CCV,CBN,0.059903753744154686,24. Asian islands,7. Mosaic beer,Different clade
CCV,CCD,0.10013769109044754,24. Asian islands,21. Ecuadorean,Different clade
CCV,CCG,0.08160444647046154,24. Asian islands,21. Ecuadorean,Different clade
CCV,CCN,0.08734640445561771,24. Asian islands,18. Far East Asia,Different clade
CCV,CCQ,0.15244970410046063,24. Asian islands,18. Far East Asia,Different clade
CCV,CCR,0.15059371932553517,24. Asian islands,18. Far East Asia,Different clade
CCV,CCS,0.1357788654534404,24. Asian islands,18. Far East Asia,Different clade
CCV,CDE,0.12640527304727028,24. Asian islands,M3. Mosaic region 3,Different clade
CCV,CDL,0.11555262449235189,24. Asian islands,18. Far East Asia,Different clade
CCV,CDT,0.06115066232589414,24. Asian islands,2. Alpechin,Different clade
CCV,CEG,0.11500421277089425,24. Asian islands,17. Taiwanese,Different clade
CCV,CFF,0.12879428630198958,24. Asian islands,7. Mosaic beer,Different clade
CCV,CGL,0.12032006284504684,24. Asian islands,26. Asian fermentation,Different clade
CCV,CGN,0.1255077744450913,24. Asian islands,26. Asian fermentation,Different clade
CCV,CGS,0.13080662062348178,24. Asian islands,1. Wine/European,Different clade
CCV,CLB,0.12795200731034648,24. Asian islands,4. Mediterranean oak,Different clade
CCV,CLI,0.1295467701441704,24. Asian islands,25. Sake,Different clade
CCV,CLN,0.08751798520627141,24. Asian islands,25. Sake,Different clade
CCV,CLP,0.10661634114555042,24. Asian islands,25. Sake,Different clade
CCV,CMI,0.1118236267787806,24. Asian islands,25. Sake,Different clade
CCV,CPI,0.12427868834606817,24. Asian islands,9. Mexican agave,Different clade
CCV,CPK,0.12261744552545031,24. Asian islands,9. Mexican agave,Different clade
CCV,CPN,0.12169867035891925,24. Asian islands,9. Mexican agave,Different clade
CCV,CQD,0.12152769631103684,24. Asian islands,12. West African cocoa,Different clade
CCV,CQF,0.11953776033313337,24. Asian islands,12. West African cocoa,Different clade
CCV,SACE_YCE,0.0899071967570914,24. Asian islands,M3. Mosaic region 3,Different clade
CCV,SACE_YCK,0.05786092479786155,24. Asian islands,26. Asian fermentation,Different clade
CCV,SACE_YCM,0.09447017297482053,24. Asian islands,24. Asian islands,Same clade
CCV,SACE_YCR,0.14319976001036622,24. Asian islands,18. Far East Asia,Different clade
CCV,SACE_YCU,0.11172025808194327,24. Asian islands,23. North American oak,Different clade
CDE,AFE,0.005201803371807226,M3. Mosaic region 3,8. Mixed origin,Different clade
CDE,AKH,0.08677041044793055,M3. Mosaic region 3,13. African palm wine,Different clade
CDE,AKI,0.07322080599437544,M3. Mosaic region 3,M3. Mosaic region 3,Same clade
CDE,AKM,0.09818403301126014,M3. Mosaic region 3,19. Malaysian,Different clade
CDE,AMP,0.06328747273610802,M3. Mosaic region 3,M1. Mosaic region 1,Different clade
CDE,ANG,0.11782631350208517,M3. Mosaic region 3,23. North American oak,Different clade
CDE,ANN,0.08493830419630713,M3. Mosaic region 3,12. West African cocoa,Different clade
CDE,ATS,0.08575279980110628,M3. Mosaic region 3,8. Mixed origin,Different clade
CDE,BAF,0.10858447262251707,M3. Mosaic region 3,13. African palm wine,Different clade
CDE,BAG,0.10796511175645414,M3. Mosaic region 3,15. CHNII,Different clade
CDE,BAI,0.12206536616142372,M3. Mosaic region 3,18. Far East Asia,Different clade
CDE,BAK,0.13924634121959661,M3. Mosaic region 3,18. Far East Asia,Different clade
CDE,BAL,0.12283322097166677,M3. Mosaic region 3,16. CHNI,Different clade
CDE,BAM,0.10241931372040301,M3. Mosaic region 3,14. CHNIII,Different clade
CDE,BAN,0.11684902830424411,M3. Mosaic region 3,20. CHN V,Different clade
CDE,BAP,0.10990934945477991,M3. Mosaic region 3,20. CHN V,Different clade
CDE,BBQ,0.12328038390713902,M3. Mosaic region 3,4. Mediterranean oak,Different clade
CDE,BCK,0.0797558600540037,M3. Mosaic region 3,10. French Guiana human,Different clade
CDE,BDB,0.04983378313401825,M3. Mosaic region 3,M2. Mosaic region 2,Different clade
CDE,BDP,0.045359291014930345,M3. Mosaic region 3,10. French Guiana human,Different clade
CDE,BEF,0.08060381400570484,M3. Mosaic region 3,26. Asian fermentation,Different clade
CDE,BFH,0.07573321375745053,M3. Mosaic region 3,5. French dairy,Different clade
CDE,BFP,0.09349411337978238,M3. Mosaic region 3,4. Mediterranean oak,Different clade
CDE,BGD,0.03691837743021302,M3. Mosaic region 3,5. French dairy,Different clade
CDE,BGF,0.06515197888650989,M3. Mosaic region 3,5. French dairy,Different clade
CDE,BHG,0.07614743718835693,M3. Mosaic region 3,M2. Mosaic region 2,Different clade
CDE,BHK,0.09421670905596044,M3. Mosaic region 3,M1. Mosaic region 1,Different clade
CDE,BHM,0.019064137918361326,M3. Mosaic region 3,M1. Mosaic region 1,Different clade
CDE,BHQ,0.09926902778327046,M3. Mosaic region 3,26. Asian fermentation,Different clade
CDE,BMA,0.11614706941185042,M3. Mosaic region 3,19. Malaysian,Different clade
CDE,BMB,0.09945142571673597,M3. Mosaic region 3,19. Malaysian,Different clade
CDE,BMC,0.08127752132530153,M3. Mosaic region 3,19. Malaysian,Different clade
CDE,BNC,0.05694298775633501,M3. Mosaic region 3,10. French Guiana human,Different clade
CDE,BNV,0.06418983373161587,M3. Mosaic region 3,1. Wine/European,Different clade
CDE,BQM,0.08315682158561322,M3. Mosaic region 3,1. Wine/European,Different clade
CDE,BVG,0.06431932637783372,M3. Mosaic region 3,3. Brazilian bioethanol,Different clade
CDE,CAE,0.10801371085915999,M3. Mosaic region 3,1. Wine/European,Different clade
CDE,CBN,0.05506313928881943,M3. Mosaic region 3,7. Mosaic beer,Different clade
CDE,CCD,0.09448208600093853,M3. Mosaic region 3,21. Ecuadorean,Different clade
CDE,CCG,0.10170184315343789,M3. Mosaic region 3,21. Ecuadorean,Different clade
CDE,CCN,0.07604412688402705,M3. Mosaic region 3,18. Far East Asia,Different clade
CDE,CCQ,0.14451409537222704,M3. Mosaic region 3,18. Far East Asia,Different clade
CDE,CCR,0.14568182619741848,M3. Mosaic region 3,18. Far East Asia,Different clade
CDE,CCS,0.13750731238628613,M3. Mosaic region 3,18. Far East Asia,Different clade
CDE,CCV,0.12640527304727028,M3. Mosaic region 3,24. Asian islands,Different clade
CDE,CDL,0.10457670706094288,M3. Mosaic region 3,18. Far East Asia,Different clade
CDE,CDT,0.05596375116700113,M3. Mosaic region 3,2. Alpechin,Different clade
CDE,CEG,0.09615970619284256,M3. Mosaic region 3,17. Taiwanese,Different clade
CDE,CFF,0.14933339456165337,M3. Mosaic region 3,7. Mosaic beer,Different clade
CDE,CGL,0.12916398411808472,M3. Mosaic region 3,26. Asian fermentation,Different clade
CDE,CGN,0.12710612758705625,M3. Mosaic region 3,26. Asian fermentation,Different clade
CDE,CGS,0.07087697839248097,M3. Mosaic region 3,1. Wine/European,Different clade
CDE,CLB,0.12407890633599282,M3. Mosaic region 3,4. Mediterranean oak,Different clade
CDE,CLI,0.10426274972781352,M3. Mosaic region 3,25. Sake,Different clade
CDE,CLN,0.10271779559303593,M3. Mosaic region 3,25. Sake,Different clade
CDE,CLP,0.1100078774124036,M3. Mosaic region 3,25. Sake,Different clade
CDE,CMI,0.06962221450813633,M3. Mosaic region 3,25. Sake,Different clade
CDE,CPI,0.09990410140635478,M3. Mosaic region 3,9. Mexican agave,Different clade
CDE,CPK,0.12746878152536492,M3. Mosaic region 3,9. Mexican agave,Different clade
CDE,CPN,0.09248318424179125,M3. Mosaic region 3,9. Mexican agave,Different clade
CDE,CQD,0.13021121909892305,M3. Mosaic region 3,12. West African cocoa,Different clade
CDE,CQF,0.1293937826592089,M3. Mosaic region 3,12. West African cocoa,Different clade
CDE,SACE_YCE,0.03886867904933086,M3. Mosaic region 3,M3. Mosaic region 3,Same clade
CDE,SACE_YCK,0.03367865714456735,M3. Mosaic region 3,26. Asian fermentation,Different clade
CDE,SACE_YCM,0.060177178543173615,M3. Mosaic region 3,24. Asian islands,Different clade
CDE,SACE_YCR,0.10494124826676389,M3. Mosaic region 3,18. Far East Asia,Different clade
CDE,SACE_YCU,0.10398148896669367,M3. Mosaic region 3,23. North American oak,Different clade
CDL,AFE,-0.013789417714825178,18. Far East Asia,8. Mixed origin,Different clade
CDL,AKH,0.11227789170896511,18. Far East Asia,13. African palm wine,Different clade
CDL,AKI,0.04855011650037767,18. Far East Asia,M3. Mosaic region 3,Different clade
CDL,AKM,0.10250958060653974,18. Far East Asia,19. Malaysian,Different clade
CDL,AMP,0.08818760441964724,18. Far East Asia,M1. Mosaic region 1,Different clade
CDL,ANG,0.17886464073708294,18. Far East Asia,23. North American oak,Different clade
CDL,ANN,0.15995983145497503,18. Far East Asia,12. West African cocoa,Different clade
CDL,ATS,0.08021709144392902,18. Far East Asia,8. Mixed origin,Different clade
CDL,BAF,0.1387865227282994,18. Far East Asia,13. African palm wine,Different clade
CDL,BAG,0.10910411152115916,18. Far East Asia,15. CHNII,Different clade
CDL,BAI,0.21177012654441216,18. Far East Asia,18. Far East Asia,Same clade
CDL,BAK,0.1960440806066314,18. Far East Asia,18. Far East Asia,Same clade
CDL,BAL,0.16313084146188567,18. Far East Asia,16. CHNI,Different clade
CDL,BAM,0.11416163291684715,18. Far East Asia,14. CHNIII,Different clade
CDL,BAN,0.17538225985143793,18. Far East Asia,20. CHN V,Different clade
CDL,BAP,0.14385759591335676,18. Far East Asia,20. CHN V,Different clade
CDL,BBQ,0.18111202144198302,18. Far East Asia,4. Mediterranean oak,Different clade
CDL,BCK,0.078540983694132,18. Far East Asia,10. French Guiana human,Different clade
CDL,BDB,0.07182281462605108,18. Far East Asia,M2. Mosaic region 2,Different clade
CDL,BDP,0.06700419024565353,18. Far East Asia,10. French Guiana human,Different clade
CDL,BEF,0.09216724162850869,18. Far East Asia,26. Asian fermentation,Different clade
CDL,BFH,0.05509775575246355,18. Far East Asia,5. French dairy,Different clade
CDL,BFP,0.12925245481897835,18. Far East Asia,4. Mediterranean oak,Different clade
CDL,BGD,0.0489288110896955,18. Far East Asia,5. French dairy,Different clade
CDL,BGF,0.06102813582534352,18. Far East Asia,5. French dairy,Different clade
CDL,BHG,0.09758866781044634,18. Far East Asia,M2. Mosaic region 2,Different clade
CDL,BHK,0.06403955492102571,18. Far East Asia,M1. Mosaic region 1,Different clade
CDL,BHM,0.024438869909660307,18. Far East Asia,M1. Mosaic region 1,Different clade
CDL,BHQ,0.11823669074060572,18. Far East Asia,26. Asian fermentation,Different clade
CDL,BMA,0.15133252571300437,18. Far East Asia,19. Malaysian,Different clade
CDL,BMB,0.127282617525353,18. Far East Asia,19. Malaysian,Different clade
CDL,BMC,0.07980339612781082,18. Far East Asia,19. Malaysian,Different clade
CDL,BNC,0.09188681906589806,18. Far East Asia,10. French Guiana human,Different clade
CDL,BNV,0.09062880261486132,18. Far East Asia,1. Wine/European,Different clade
CDL,BQM,0.10150595140168775,18. Far East Asia,1. Wine/European,Different clade
CDL,BVG,0.09091129250308079,18. Far East Asia,3. Brazilian bioethanol,Different clade
CDL,CAE,0.1088816331274481,18. Far East Asia,1. Wine/European,Different clade
CDL,CBN,0.0766463442681261,18. Far East Asia,7. Mosaic beer,Different clade
CDL,CCD,0.16672135418657025,18. Far East Asia,21. Ecuadorean,Different clade
CDL,CCG,0.14027741671704483,18. Far East Asia,21. Ecuadorean,Different clade
CDL,CCN,0.15201136148917918,18. Far East Asia,18. Far East Asia,Same clade
CDL,CCQ,0.17776462971360202,18. Far East Asia,18. Far East Asia,Same clade
CDL,CCR,0.20304862285238695,18. Far East Asia,18. Far East Asia,Same clade
CDL,CCS,0.21887248568547094,18. Far East Asia,18. Far East Asia,Same clade
CDL,CCV,0.11555262449235189,18. Far East Asia,24. Asian islands,Different clade
CDL,CDE,0.10457670706094288,18. Far East Asia,M3. Mosaic region 3,Different clade
CDL,CDT,0.05483111921327076,18. Far East Asia,2. Alpechin,Different clade
CDL,CEG,0.10012518170300885,18. Far East Asia,17. Taiwanese,Different clade
CDL,CFF,0.1437086962170267,18. Far East Asia,7. Mosaic beer,Different clade
CDL,CGL,0.1103908753115739,18. Far East Asia,26. Asian fermentation,Different clade
CDL,CGN,0.14657224637124966,18. Far East Asia,26. Asian fermentation,Different clade
CDL,CGS,0.11926284252202123,18. Far East Asia,1. Wine/European,Different clade
CDL,CLB,0.16941935110655715,18. Far East Asia,4. Mediterranean oak,Different clade
CDL,CLI,0.07956770575933997,18. Far East Asia,25. Sake,Different clade
CDL,CLN,0.04824747835007782,18. Far East Asia,25. Sake,Different clade
CDL,CLP,0.08724418937749935,18. Far East Asia,25. Sake,Different clade
CDL,CMI,0.06559273606097736,18. Far East Asia,25. Sake,Different clade
CDL,CPI,0.09463937900936632,18. Far East Asia,9. Mexican agave,Different clade
CDL,CPK,0.12122231198835502,18. Far East Asia,9. Mexican agave,Different clade
CDL,CPN,0.11442915237483064,18. Far East Asia,9. Mexican agave,Different clade
CDL,CQD,0.16688145644386335,18. Far East Asia,12. West African cocoa,Different clade
CDL,CQF,0.14069372932470905,18. Far East Asia,12. West African cocoa,Different clade
CDL,SACE_YCE,0.04242649386614416,18. Far East Asia,M3. Mosaic region 3,Different clade
CDL,SACE_YCK,0.028712932719746093,18. Far East Asia,26. Asian fermentation,Different clade
CDL,SACE_YCM,0.08700242758594078,18. Far East Asia,24. Asian islands,Different clade
CDL,SACE_YCR,0.1911672238536111,18. Far East Asia,18. Far East Asia,Same clade
CDL,SACE_YCU,0.15151014140839092,18. Far East Asia,23. North American oak,Different clade
CDT,AFE,-0.028528352006813994,2. Alpechin,8. Mixed origin,Different clade
CDT,AKH,0.05436333911596993,2. Alpechin,13. African palm wine,Different clade
CDT,AKI,0.04643269361311441,2. Alpechin,M3. Mosaic region 3,Different clade
CDT,AKM,0.02628730043877063,2. Alpechin,19. Malaysian,Different clade
CDT,AMP,0.08576588147994832,2. Alpechin,M1. Mosaic region 1,Different clade
CDT,ANG,0.06274348621166825,2. Alpechin,23. North American oak,Different clade
CDT,ANN,0.07429958554284227,2. Alpechin,12. West African cocoa,Different clade
CDT,ATS,0.07483540017249421,2. Alpechin,8. Mixed origin,Different clade
CDT,BAF,0.09385143783834729,2. Alpechin,13. African palm wine,Different clade
CDT,BAG,0.019278597726112467,2. Alpechin,15. CHNII,Different clade
CDT,BAI,0.043306063717742725,2. Alpechin,18. Far East Asia,Different clade
CDT,BAK,0.04264135332857325,2. Alpechin,18. Far East Asia,Different clade
CDT,BAL,0.05401231016786148,2. Alpechin,16. CHNI,Different clade
CDT,BAM,0.03048216402986745,2. Alpechin,14. CHNIII,Different clade
CDT,BAN,0.024483783012675522,2. Alpechin,20. CHN V,Different clade
CDT,BAP,0.0456218420564564,2. Alpechin,20. CHN V,Different clade
CDT,BBQ,0.03458160447660059,2. Alpechin,4. Mediterranean oak,Different clade
CDT,BCK,0.07623563500602712,2. Alpechin,10. French Guiana human,Different clade
CDT,BDB,0.09088999170976399,2. Alpechin,M2. Mosaic region 2,Different clade
CDT,BDP,0.030093546345616666,2. Alpechin,10. French Guiana human,Different clade
CDT,BEF,0.06680850204735761,2. Alpechin,26. Asian fermentation,Different clade
CDT,BFH,0.06126690285317206,2. Alpechin,5. French dairy,Different clade
CDT,BFP,0.06870688387476327,2. Alpechin,4. Mediterranean oak,Different clade
CDT,BGD,0.07213296468850126,2. Alpechin,5. French dairy,Different clade
CDT,BGF,0.08834513827966024,2. Alpechin,5. French dairy,Different clade
CDT,BHG,0.04072288956655258,2. Alpechin,M2. Mosaic region 2,Different clade
CDT,BHK,0.0575341427438424,2. Alpechin,M1. Mosaic region 1,Different clade
CDT,BHM,0.020813012363084228,2. Alpechin,M1. Mosaic region 1,Different clade
CDT,BHQ,0.10200554332321336,2. Alpechin,26. Asian fermentation,Different clade
CDT,BMA,0.03525683086804387,2. Alpechin,19. Malaysian,Different clade
CDT,BMB,0.062270440765300944,2. Alpechin,19. Malaysian,Different clade
CDT,BMC,0.014852545689708896,2. Alpechin,19. Malaysian,Different clade
CDT,BNC,0.060055022440835513,2. Alpechin,10. French Guiana human,Different clade
CDT,BNV,0.0864608096166605,2. Alpechin,1. Wine/European,Different clade
CDT,BQM,0.04640359563791506,2. Alpechin,1. Wine/European,Different clade
CDT,BVG,0.0423215549487517,2. Alpechin,3. Brazilian bioethanol,Different clade
CDT,CAE,0.08354637275367904,2. Alpechin,1. Wine/European,Different clade
CDT,CBN,0.03587587958549662,2. Alpechin,7. Mosaic beer,Different clade
CDT,CCD,0.06959924460783716,2. Alpechin,21. Ecuadorean,Different clade
CDT,CCG,0.05328636436877542,2. Alpechin,21. Ecuadorean,Different clade
CDT,CCN,0.028448741623113293,2. Alpechin,18. Far East Asia,Different clade
CDT,CCQ,0.06424033522594995,2. Alpechin,18. Far East Asia,Different clade
CDT,CCR,0.06041176871913838,2. Alpechin,18. Far East Asia,Different clade
CDT,CCS,0.07579750033102951,2. Alpechin,18. Far East Asia,Different clade
CDT,CCV,0.06115066232589414,2. Alpechin,24. Asian islands,Different clade
CDT,CDE,0.05596375116700113,2. Alpechin,M3. Mosaic region 3,Different clade
CDT,CDL,0.05483111921327076,2. Alpechin,18. Far East Asia,Different clade
CDT,CEG,0.053015481394390586,2. Alpechin,17. Taiwanese,Different clade
CDT,CFF,0.08297438209816739,2. Alpechin,7. Mosaic beer,Different clade
CDT,CGL,0.06657561195504938,2. Alpechin,26. Asian fermentation,Different clade
CDT,CGN,0.0929095755579684,2. Alpechin,26. Asian fermentation,Different clade
CDT,CGS,0.088008063272891,2. Alpechin,1. Wine/European,Different clade
CDT,CLB,0.08334883238562198,2. Alpechin,4. Mediterranean oak,Different clade
CDT,CLI,0.0355397589118337,2. Alpechin,25. Sake,Different clade
CDT,CLN,0.05383244300970558,2. Alpechin,25. Sake,Different clade
CDT,CLP,0.055084544723346084,2. Alpechin,25. Sake,Different clade
CDT,CMI,0.07874796179844377,2. Alpechin,25. Sake,Different clade
CDT,CPI,0.06574536042878967,2. Alpechin,9. Mexican agave,Different clade
CDT,CPK,0.10016376990521819,2. Alpechin,9. Mexican agave,Different clade
CDT,CPN,0.04960428121788221,2. Alpechin,9. Mexican agave,Different clade
CDT,CQD,0.0812856043748975,2. Alpechin,12. West African cocoa,Different clade
CDT,CQF,0.0561997465179203,2. Alpechin,12. West African cocoa,Different clade
CDT,SACE_YCE,0.06747387403664032,2. Alpechin,M3. Mosaic region 3,Different clade
CDT,SACE_YCK,0.043353301867349266,2. Alpechin,26. Asian fermentation,Different clade
CDT,SACE_YCM,0.04828346006064473,2. Alpechin,24. Asian islands,Different clade
CDT,SACE_YCR,0.04084625513783726,2. Alpechin,18. Far East Asia,Different clade
CDT,SACE_YCU,0.017974059474357602,2. Alpechin,23. North American oak,Different clade
CEG,AFE,-0.02372534897067274,17. Taiwanese,8. Mixed origin,Different clade
CEG,AKH,0.10445907963655367,17. Taiwanese,13. African palm wine,Different clade
CEG,AKI,0.04746447628039833,17. Taiwanese,M3. Mosaic region 3,Different clade
CEG,AKM,0.04956549221288005,17. Taiwanese,19. Malaysian,Different clade
CEG,AMP,0.06846310310732523,17. Taiwanese,M1. Mosaic region 1,Different clade
CEG,ANG,0.08513789699610802,17. Taiwanese,23. North American oak,Different clade
CEG,ANN,0.06842905911952349,17. Taiwanese,12. West African cocoa,Different clade
CEG,ATS,0.07069896792100676,17. Taiwanese,8. Mixed origin,Different clade
CEG,BAF,0.11057676371249374,17. Taiwanese,13. African palm wine,Different clade
CEG,BAG,0.1138079819336996,17. Taiwanese,15. CHNII,Different clade
CEG,BAI,0.10351323635800613,17. Taiwanese,18. Far East Asia,Different clade
CEG,BAK,0.10296095910055639,17. Taiwanese,18. Far East Asia,Different clade
CEG,BAL,0.09670177582627053,17. Taiwanese,16. CHNI,Different clade
CEG,BAM,0.0807702689338521,17. Taiwanese,14. CHNIII,Different clade
CEG,BAN,0.08162705688632112,17. Taiwanese,20. CHN V,Different clade
CEG,BAP,0.08680208582353445,17. Taiwanese,20. CHN V,Different clade
CEG,BBQ,0.05215959178322211,17. Taiwanese,4. Mediterranean oak,Different clade
CEG,BCK,0.08080351979216549,17. Taiwanese,10. French Guiana human,Different clade
CEG,BDB,0.054814587687036315,17. Taiwanese,M2. Mosaic region 2,Different clade
CEG,BDP,0.04514736642306705,17. Taiwanese,10. French Guiana human,Different clade
CEG,BEF,0.07045929958797141,17. Taiwanese,26. Asian fermentation,Different clade
CEG,BFH,0.061312624867035495,17. Taiwanese,5. French dairy,Different clade
CEG,BFP,0.051023895190475024,17. Taiwanese,4. Mediterranean oak,Different clade
CEG,BGD,0.07297007695333273,17. Taiwanese,5. French dairy,Different clade
CEG,BGF,0.05724287756893267,17. Taiwanese,5. French dairy,Different clade
CEG,BHG,0.03584951811877222,17. Taiwanese,M2. Mosaic region 2,Different clade
CEG,BHK,0.06301336365508112,17. Taiwanese,M1. Mosaic region 1,Different clade
CEG,BHM,0.020058371844970134,17. Taiwanese,M1. Mosaic region 1,Different clade
CEG,BHQ,0.09280426932238975,17. Taiwanese,26. Asian fermentation,Different clade
CEG,BMA,0.10627898108795511,17. Taiwanese,19. Malaysian,Different clade
CEG,BMB,0.07016612437880154,17. Taiwanese,19. Malaysian,Different clade
CEG,BMC,0.03739291330477371,17. Taiwanese,19. Malaysian,Different clade
CEG,BNC,0.0655115525658884,17. Taiwanese,10. French Guiana human,Different clade
CEG,BNV,0.04098795821025137,17. Taiwanese,1. Wine/European,Different clade
CEG,BQM,0.07745861402758122,17. Taiwanese,1. Wine/European,Different clade
CEG,BVG,0.07271849195814896,17. Taiwanese,3. Brazilian bioethanol,Different clade
CEG,CAE,0.07732196476620232,17. Taiwanese,1. Wine/European,Different clade
CEG,CBN,0.0680536312301111,17. Taiwanese,7. Mosaic beer,Different clade
CEG,CCD,0.06060775666931963,17. Taiwanese,21. Ecuadorean,Different clade
CEG,CCG,0.06200567829379866,17. Taiwanese,21. Ecuadorean,Different clade
CEG,CCN,0.029501119478816413,17. Taiwanese,18. Far East Asia,Different clade
CEG,CCQ,0.09667224437138906,17. Taiwanese,18. Far East Asia,Different clade
CEG,CCR,0.10181766552534394,17. Taiwanese,18. Far East Asia,Different clade
CEG,CCS,0.11932164082829697,17. Taiwanese,18. Far East Asia,Different clade
CEG,CCV,0.11500421277089425,17. Taiwanese,24. Asian islands,Different clade
CEG,CDE,0.09615970619284256,17. Taiwanese,M3. Mosaic region 3,Different clade
CEG,CDL,0.10012518170300885,17. Taiwanese,18. Far East Asia,Different clade
CEG,CDT,0.053015481394390586,17. Taiwanese,2. Alpechin,Different clade
CEG,CFF,0.10381911253384722,17. Taiwanese,7. Mosaic beer,Different clade
CEG,CGL,0.0927253670090413,17. Taiwanese,26. Asian fermentation,Different clade
CEG,CGN,0.10484216107584522,17. Taiwanese,26. Asian fermentation,Different clade
CEG,CGS,0.04844316582841454,17. Taiwanese,1. Wine/European,Different clade
CEG,CLB,0.07982683978008666,17. Taiwanese,4. Mediterranean oak,Different clade
CEG,CLI,0.0717134316723844,17. Taiwanese,25. Sake,Different clade
CEG,CLN,0.025636887725290623,17. Taiwanese,25. Sake,Different clade
CEG,CLP,0.08931654601396696,17. Taiwanese,25. Sake,Different clade
CEG,CMI,0.08658816626620547,17. Taiwanese,25. Sake,Different clade
CEG,CPI,0.07442682263684847,17. Taiwanese,9. Mexican agave,Different clade
CEG,CPK,0.07975105920017782,17. Taiwanese,9. Mexican agave,Different clade
CEG,CPN,0.11951698222186069,17. Taiwanese,9. Mexican agave,Different clade
CEG,CQD,0.052239857507332316,17. Taiwanese,12. West African cocoa,Different clade
CEG,CQF,0.0696520217795377,17. Taiwanese,12. West African cocoa,Different clade
CEG,SACE_YCE,0.03426600430653741,17. Taiwanese,M3. Mosaic region 3,Different clade
CEG,SACE_YCK,0.05815340829648628,17. Taiwanese,26. Asian fermentation,Different clade
CEG,SACE_YCM,0.04927206806538574,17. Taiwanese,24. Asian islands,Different clade
CEG,SACE_YCR,0.08602265178486475,17. Taiwanese,18. Far East Asia,Different clade
CEG,SACE_YCU,0.08934323928155795,17. Taiwanese,23. North American oak,Different clade
CFF,AFE,0.025088983858044752,7. Mosaic beer,8. Mixed origin,Different clade
CFF,AKH,0.10173101478305435,7. Mosaic beer,13. African palm wine,Different clade
CFF,AKI,0.10375707966718459,7. Mosaic beer,M3. Mosaic region 3,Different clade
CFF,AKM,0.0871327397348743,7. Mosaic beer,19. Malaysian,Different clade
CFF,AMP,0.10902266233895612,7. Mosaic beer,M1. Mosaic region 1,Different clade
CFF,ANG,0.1388270347374132,7. Mosaic beer,23. North American oak,Different clade
CFF,ANN,0.14695430147719185,7. Mosaic beer,12. West African cocoa,Different clade
CFF,ATS,0.10227522469682025,7. Mosaic beer,8. Mixed origin,Different clade
CFF,BAF,0.09922135075900085,7. Mosaic beer,13. African palm wine,Different clade
CFF,BAG,0.09633607198153275,7. Mosaic beer,15. CHNII,Different clade
CFF,BAI,0.1320400843809176,7. Mosaic beer,18. Far East Asia,Different clade
CFF,BAK,0.141268682704812,7. Mosaic beer,18. Far East Asia,Different clade
CFF,BAL,0.11258457481612348,7. Mosaic beer,16. CHNI,Different clade
CFF,BAM,0.12201676244739951,7. Mosaic beer,14. CHNIII,Different clade
CFF,BAN,0.1156746385170136,7. Mosaic beer,20. CHN V,Different clade
CFF,BAP,0.11861568793535654,7. Mosaic beer,20. CHN V,Different clade
CFF,BBQ,0.1255123643076684,7. Mosaic beer,4. Mediterranean oak,Different clade
CFF,BCK,0.1127851920462822,7. Mosaic beer,10. French Guiana human,Different clade
CFF,BDB,0.09360382400231093,7. Mosaic beer,M2. Mosaic region 2,Different clade
CFF,BDP,0.06950035030475234,7. Mosaic beer,10. French Guiana human,Different clade
CFF,BEF,0.0932801799845166,7. Mosaic beer,26. Asian fermentation,Different clade
CFF,BFH,0.09007154670217081,7. Mosaic beer,5. French dairy,Different clade
CFF,BFP,0.11428875752679776,7. Mosaic beer,4. Mediterranean oak,Different clade
CFF,BGD,0.03500543574271713,7. Mosaic beer,5. French dairy,Different clade
CFF,BGF,0.06365580869166465,7. Mosaic beer,5. French dairy,Different clade
CFF,BHG,0.0601159240057675,7. Mosaic beer,M2. Mosaic region 2,Different clade
CFF,BHK,0.06778493932505741,7. Mosaic beer,M1. Mosaic region 1,Different clade
CFF,BHM,0.074471253715546,7. Mosaic beer,M1. Mosaic region 1,Different clade
CFF,BHQ,0.1389930363866919,7. Mosaic beer,26. Asian fermentation,Different clade
CFF,BMA,0.09928112352528769,7. Mosaic beer,19. Malaysian,Different clade
CFF,BMB,0.09625613814084213,7. Mosaic beer,19. Malaysian,Different clade
CFF,BMC,0.06678468865077752,7. Mosaic beer,19. Malaysian,Different clade
CFF,BNC,0.10864560877086057,7. Mosaic beer,10. French Guiana human,Different clade
CFF,BNV,0.08664867970521249,7. Mosaic beer,1. Wine/European,Different clade
CFF,BQM,0.0973479659507499,7. Mosaic beer,1. Wine/European,Different clade
CFF,BVG,0.09633770186875629,7. Mosaic beer,3. Brazilian bioethanol,Different clade
CFF,CAE,0.12238838160740538,7. Mosaic beer,1. Wine/European,Different clade
CFF,CBN,0.0801589172677885,7. Mosaic beer,7. Mosaic beer,Same clade
CFF,CCD,0.124606280511045,7. Mosaic beer,21. Ecuadorean,Different clade
CFF,CCG,0.10777257855576065,7. Mosaic beer,21. Ecuadorean,Different clade
CFF,CCN,0.09634982104088766,7. Mosaic beer,18. Far East Asia,Different clade
CFF,CCQ,0.14073577643061608,7. Mosaic beer,18. Far East Asia,Different clade
CFF,CCR,0.15188233754964028,7. Mosaic beer,18. Far East Asia,Different clade
CFF,CCS,0.14616571589522148,7. Mosaic beer,18. Far East Asia,Different clade
CFF,CCV,0.12879428630198958,7. Mosaic beer,24. Asian islands,Different clade
CFF,CDE,0.14933339456165337,7. Mosaic beer,M3. Mosaic region 3,Different clade
CFF,CDL,0.1437086962170267,7. Mosaic beer,18. Far East Asia,Different clade
CFF,CDT,0.08297438209816739,7. Mosaic beer,2. Alpechin,Different clade
CFF,CEG,0.10381911253384722,7. Mosaic beer,17. Taiwanese,Different clade
CFF,CGL,0.12836779679994653,7. Mosaic beer,26. Asian fermentation,Different clade
CFF,CGN,0.1151429593237087,7. Mosaic beer,26. Asian fermentation,Different clade
CFF,CGS,0.13427377126449827,7. Mosaic beer,1. Wine/European,Different clade
CFF,CLB,0.10419549772132737,7. Mosaic beer,4. Mediterranean oak,Different clade
CFF,CLI,0.0973517689285611,7. Mosaic beer,25. Sake,Different clade
CFF,CLN,0.07609864067595683,7. Mosaic beer,25. Sake,Different clade
CFF,CLP,0.10712259735178528,7. Mosaic beer,25. Sake,Different clade
CFF,CMI,0.06999951021583255,7. Mosaic beer,25. Sake,Different clade
CFF,CPI,0.10274039574662924,7. Mosaic beer,9. Mexican agave,Different clade
CFF,CPK,0.11131320549455476,7. Mosaic beer,9. Mexican agave,Different clade
CFF,CPN,0.11664105686703716,7. Mosaic beer,9. Mexican agave,Different clade
CFF,CQD,0.15623290156820557,7. Mosaic beer,12. West African cocoa,Different clade
CFF,CQF,0.1566659726291622,7. Mosaic beer,12. West African cocoa,Different clade
CFF,SACE_YCE,0.040814742511187496,7. Mosaic beer,M3. Mosaic region 3,Different clade
CFF,SACE_YCK,0.041061234372649795,7. Mosaic beer,26. Asian fermentation,Different clade
CFF,SACE_YCM,0.0750191623887483,7. Mosaic beer,24. Asian islands,Different clade
CFF,SACE_YCR,0.12634948390148226,7. Mosaic beer,18. Far East Asia,Different clade
CFF,SACE_YCU,0.10156434118104268,7. Mosaic beer,23. North American oak,Different clade
CGL,AFE,0.05137830386734966,26. Asian fermentation,8. Mixed origin,Different clade
CGL,AKH,0.09079162938665454,26. Asian fermentation,13. African palm wine,Different clade
CGL,AKI,0.025643930032947026,26. Asian fermentation,M3. Mosaic region 3,Different clade
CGL,AKM,0.07944921559789439,26. Asian fermentation,19. Malaysian,Different clade
CGL,AMP,0.1105154181657867,26. Asian fermentation,M1. Mosaic region 1,Different clade
CGL,ANG,0.11655063119991584,26. Asian fermentation,23. North American oak,Different clade
CGL,ANN,0.14518063395584865,26. Asian fermentation,12. West African cocoa,Different clade
CGL,ATS,0.1065938869242057,26. Asian fermentation,8. Mixed origin,Different clade
CGL,BAF,0.08064483362578055,26. Asian fermentation,13. African palm wine,Different clade
CGL,BAG,0.0850511142595561,26. Asian fermentation,15. CHNII,Different clade
CGL,BAI,0.13045364410902302,26. Asian fermentation,18. Far East Asia,Different clade
CGL,BAK,0.10873958685392154,26. Asian fermentation,18. Far East Asia,Different clade
CGL,BAL,0.12100409238650452,26. Asian fermentation,16. CHNI,Different clade
CGL,BAM,0.08335851796482185,26. Asian fermentation,14. CHNIII,Different clade
CGL,BAN,0.0740170689480014,26. Asian fermentation,20. CHN V,Different clade
CGL,BAP,0.08474933246207703,26. Asian fermentation,20. CHN V,Different clade
CGL,BBQ,0.11957453100924073,26. Asian fermentation,4. Mediterranean oak,Different clade
CGL,BCK,0.08124439079480301,26. Asian fermentation,10. French Guiana human,Different clade
CGL,BDB,0.055017581401550934,26. Asian fermentation,M2. Mosaic region 2,Different clade
CGL,BDP,0.06264107803068387,26. Asian fermentation,10. French Guiana human,Different clade
CGL,BEF,0.11063002752464501,26. Asian fermentation,26. Asian fermentation,Same clade
CGL,BFH,0.06978524420238458,26. Asian fermentation,5. French dairy,Different clade
CGL,BFP,0.07648964260270052,26. Asian fermentation,4. Mediterranean oak,Different clade
CGL,BGD,0.05676993774861979,26. Asian fermentation,5. French dairy,Different clade
CGL,BGF,0.0710198457390672,26. Asian fermentation,5. French dairy,Different clade
CGL,BHG,0.06880342164794293,26. Asian fermentation,M2. Mosaic region 2,Different clade
CGL,BHK,0.05791094342282907,26. Asian fermentation,M1. Mosaic region 1,Different clade
CGL,BHM,0.051726777166545244,26. Asian fermentation,M1. Mosaic region 1,Different clade
CGL,BHQ,0.1259773295443095,26. Asian fermentation,26. Asian fermentation,Same clade
CGL,BMA,0.11067520089762767,26. Asian fermentation,19. Malaysian,Different clade
CGL,BMB,0.10407342213338343,26. Asian fermentation,19. Malaysian,Different clade
CGL,BMC,0.06278448479473817,26. Asian fermentation,19. Malaysian,Different clade
CGL,BNC,0.06962236831534978,26. Asian fermentation,10. French Guiana human,Different clade
CGL,BNV,0.07235607795979405,26. Asian fermentation,1. Wine/European,Different clade
CGL,BQM,0.11915438619994932,26. Asian fermentation,1. Wine/European,Different clade
CGL,BVG,0.06700925319482474,26. Asian fermentation,3. Brazilian bioethanol,Different clade
CGL,CAE,0.06882398132384855,26. Asian fermentation,1. Wine/European,Different clade
CGL,CBN,0.0671704543115663,26. Asian fermentation,7. Mosaic beer,Different clade
CGL,CCD,0.04912057977016771,26. Asian fermentation,21. Ecuadorean,Different clade
CGL,CCG,0.0877366509064331,26. Asian fermentation,21. Ecuadorean,Different clade
CGL,CCN,0.11600737174208832,26. Asian fermentation,18. Far East Asia,Different clade
CGL,CCQ,0.12632612132622684,26. Asian fermentation,18. Far East Asia,Different clade
CGL,CCR,0.13297400632794257,26. Asian fermentation,18. Far East Asia,Different clade
CGL,CCS,0.13087873690964935,26. Asian fermentation,18. Far East Asia,Different clade
CGL,CCV,0.12032006284504684,26. Asian fermentation,24. Asian islands,Different clade
CGL,CDE,0.12916398411808472,26. Asian fermentation,M3. Mosaic region 3,Different clade
CGL,CDL,0.1103908753115739,26. Asian fermentation,18. Far East Asia,Different clade
CGL,CDT,0.06657561195504938,26. Asian fermentation,2. Alpechin,Different clade
CGL,CEG,0.0927253670090413,26. Asian fermentation,17. Taiwanese,Different clade
CGL,CFF,0.12836779679994653,26. Asian fermentation,7. Mosaic beer,Different clade
CGL,CGN,0.14946639836278663,26. Asian fermentation,26. Asian fermentation,Same clade
CGL,CGS,0.11862887669366123,26. Asian fermentation,1. Wine/European,Different clade
CGL,CLB,0.12243647491292814,26. Asian fermentation,4. Mediterranean oak,Different clade
CGL,CLI,0.15580712950010656,26. Asian fermentation,25. Sake,Different clade
CGL,CLN,0.08174294159809892,26. Asian fermentation,25. Sake,Different clade
CGL,CLP,0.12234312246551095,26. Asian fermentation,25. Sake,Different clade
CGL,CMI,0.09950984243273717,26. Asian fermentation,25. Sake,Different clade
CGL,CPI,0.10430472607481805,26. Asian fermentation,9. Mexican agave,Different clade
CGL,CPK,0.12727433912670746,26. Asian fermentation,9. Mexican agave,Different clade
CGL,CPN,0.1228276997413398,26. Asian fermentation,9. Mexican agave,Different clade
CGL,CQD,0.13648376042632612,26. Asian fermentation,12. West African cocoa,Different clade
CGL,CQF,0.13949983716596775,26. Asian fermentation,12. West African cocoa,Different clade
CGL,SACE_YCE,0.04726060542857728,26. Asian fermentation,M3. Mosaic region 3,Different clade
CGL,SACE_YCK,0.06354288573313659,26. Asian fermentation,26. Asian fermentation,Same clade
CGL,SACE_YCM,0.08329134337755331,26. Asian fermentation,24. Asian islands,Different clade
CGL,SACE_YCR,0.09705269413452376,26. Asian fermentation,18. Far East Asia,Different clade
CGL,SACE_YCU,0.06750407530879203,26. Asian fermentation,23. North American oak,Different clade
CGN,AFE,0.01878537836700331,26. Asian fermentation,8. Mixed origin,Different clade
CGN,AKH,0.11748050615734588,26. Asian fermentation,13. African palm wine,Different clade
CGN,AKI,0.06145677895433994,26. Asian fermentation,M3. Mosaic region 3,Different clade
CGN,AKM,0.12078407018837814,26. Asian fermentation,19. Malaysian,Different clade
CGN,AMP,0.13550551681236075,26. Asian fermentation,M1. Mosaic region 1,Different clade
CGN,ANG,0.12071577938305021,26. Asian fermentation,23. North American oak,Different clade
CGN,ANN,0.16655682707323471,26. Asian fermentation,12. West African cocoa,Different clade
CGN,ATS,0.09937255819597085,26. Asian fermentation,8. Mixed origin,Different clade
CGN,BAF,0.12113174343087654,26. Asian fermentation,13. African palm wine,Different clade
CGN,BAG,0.11398101965976933,26. Asian fermentation,15. CHNII,Different clade
CGN,BAI,0.1425050216586643,26. Asian fermentation,18. Far East Asia,Different clade
CGN,BAK,0.1690425712864924,26. Asian fermentation,18. Far East Asia,Different clade
CGN,BAL,0.14406514875786272,26. Asian fermentation,16. CHNI,Different clade
CGN,BAM,0.11673043492751944,26. Asian fermentation,14. CHNIII,Different clade
CGN,BAN,0.11594290046034145,26. Asian fermentation,20. CHN V,Different clade
CGN,BAP,0.10464540791328404,26. Asian fermentation,20. CHN V,Different clade
CGN,BBQ,0.12722760387453894,26. Asian fermentation,4. Mediterranean oak,Different clade
CGN,BCK,0.14507317005302714,26. Asian fermentation,10. French Guiana human,Different clade
CGN,BDB,0.06325172935675748,26. Asian fermentation,M2. Mosaic region 2,Different clade
CGN,BDP,0.09211051985708264,26. Asian fermentation,10. French Guiana human,Different clade
CGN,BEF,0.13732989331445122,26. Asian fermentation,26. Asian fermentation,Same clade
CGN,BFH,0.10825520055353477,26. Asian fermentation,5. French dairy,Different clade
CGN,BFP,0.09652308550254915,26. Asian fermentation,4. Mediterranean oak,Different clade
CGN,BGD,0.06655580786422521,26. Asian fermentation,5. French dairy,Different clade
CGN,BGF,0.05583034524228965,26. Asian fermentation,5. French dairy,Different clade
CGN,BHG,0.10132963864389961,26. Asian fermentation,M2. Mosaic region 2,Different clade
CGN,BHK,0.0789723408362511,26. Asian fermentation,M1. Mosaic region 1,Different clade
CGN,BHM,0.05930331139797709,26. Asian fermentation,M1. Mosaic region 1,Different clade
CGN,BHQ,0.2005731546890788,26. Asian fermentation,26. Asian fermentation,Same clade
CGN,BMA,0.14144355879225076,26. Asian fermentation,19. Malaysian,Different clade
CGN,BMB,0.13973937898690023,26. Asian fermentation,19. Malaysian,Different clade
CGN,BMC,0.10585408893763554,26. Asian fermentation,19. Malaysian,Different clade
CGN,BNC,0.10531833802230231,26. Asian fermentation,10. French Guiana human,Different clade
CGN,BNV,0.09294355005896966,26. Asian fermentation,1. Wine/European,Different clade
CGN,BQM,0.08996454895769002,26. Asian fermentation,1. Wine/European,Different clade
CGN,BVG,0.09389091229975591,26. Asian fermentation,3. Brazilian bioethanol,Different clade
CGN,CAE,0.05874354376230749,26. Asian fermentation,1. Wine/European,Different clade
CGN,CBN,0.10324587232607742,26. Asian fermentation,7. Mosaic beer,Different clade
CGN,CCD,0.12919506748446355,26. Asian fermentation,21. Ecuadorean,Different clade
CGN,CCG,0.13586360624332683,26. Asian fermentation,21. Ecuadorean,Different clade
CGN,CCN,0.12349976160667168,26. Asian fermentation,18. Far East Asia,Different clade
CGN,CCQ,0.14085617570776807,26. Asian fermentation,18. Far East Asia,Different clade
CGN,CCR,0.1500389324327749,26. Asian fermentation,18. Far East Asia,Different clade
CGN,CCS,0.12310838029868605,26. Asian fermentation,18. Far East Asia,Different clade
CGN,CCV,0.1255077744450913,26. Asian fermentation,24. Asian islands,Different clade
CGN,CDE,0.12710612758705625,26. Asian fermentation,M3. Mosaic region 3,Different clade
CGN,CDL,0.14657224637124966,26. Asian fermentation,18. Far East Asia,Different clade
CGN,CDT,0.0929095755579684,26. Asian fermentation,2. Alpechin,Different clade
CGN,CEG,0.10484216107584522,26. Asian fermentation,17. Taiwanese,Different clade
CGN,CFF,0.1151429593237087,26. Asian fermentation,7. Mosaic beer,Different clade
CGN,CGL,0.14946639836278663,26. Asian fermentation,26. Asian fermentation,Same clade
CGN,CGS,0.15529788490141846,26. Asian fermentation,1. Wine/European,Different clade
CGN,CLB,0.12514147955194205,26. Asian fermentation,4. Mediterranean oak,Different clade
CGN,CLI,0.16064548134725615,26. Asian fermentation,25. Sake,Different clade
CGN,CLN,0.13724472538535362,26. Asian fermentation,25. Sake,Different clade
CGN,CLP,0.1251891432046391,26. Asian fermentation,25. Sake,Different clade
CGN,CMI,0.13238744478419162,26. Asian fermentation,25. Sake,Different clade
CGN,CPI,0.13115690663376586,26. Asian fermentation,9. Mexican agave,Different clade
CGN,CPK,0.1386521160093292,26. Asian fermentation,9. Mexican agave,Different clade
CGN,CPN,0.11745856489032787,26. Asian fermentation,9. Mexican agave,Different clade
CGN,CQD,0.15488212340297575,26. Asian fermentation,12. West African cocoa,Different clade
CGN,CQF,0.14672254091594286,26. Asian fermentation,12. West African cocoa,Different clade
CGN,SACE_YCE,0.06881851619180218,26. Asian fermentation,M3. Mosaic region 3,Different clade
CGN,SACE_YCK,0.06400370586466314,26. Asian fermentation,26. Asian fermentation,Same clade
CGN,SACE_YCM,0.06716832842994758,26. Asian fermentation,24. Asian islands,Different clade
CGN,SACE_YCR,0.1285617660388994,26. Asian fermentation,18. Far East Asia,Different clade
CGN,SACE_YCU,0.10525709561132943,26. Asian fermentation,23. North American oak,Different clade
CGS,AFE,0.009141043278367572,1. Wine/European,8. Mixed origin,Different clade
CGS,AKH,0.10833858879051486,1. Wine/European,13. African palm wine,Different clade
CGS,AKI,0.04153781459017975,1. Wine/European,M3. Mosaic region 3,Different clade
CGS,AKM,0.07529610586000116,1. Wine/European,19. Malaysian,Different clade
CGS,AMP,0.12353750992524724,1. Wine/European,M1. Mosaic region 1,Different clade
CGS,ANG,0.12883436951593685,1. Wine/European,23. North American oak,Different clade
CGS,ANN,0.14592178942427114,1. Wine/European,12. West African cocoa,Different clade
CGS,ATS,0.1081676325988958,1. Wine/European,8. Mixed origin,Different clade
CGS,BAF,0.08216386460727032,1. Wine/European,13. African palm wine,Different clade
CGS,BAG,0.0821762170292988,1. Wine/European,15. CHNII,Different clade
CGS,BAI,0.10012208474776561,1. Wine/European,18. Far East Asia,Different clade
CGS,BAK,0.10669501717828087,1. Wine/European,18. Far East Asia,Different clade
CGS,BAL,0.09388338416699127,1. Wine/European,16. CHNI,Different clade
CGS,BAM,0.09435701867168747,1. Wine/European,14. CHNIII,Different clade
CGS,BAN,0.07032890052695348,1. Wine/European,20. CHN V,Different clade
CGS,BAP,0.11363940335604582,1. Wine/European,20. CHN V,Different clade
CGS,BBQ,0.1389828620373643,1. Wine/European,4. Mediterranean oak,Different clade
CGS,BCK,0.13846942679386134,1. Wine/European,10. French Guiana human,Different clade
CGS,BDB,0.10439921340302809,1. Wine/European,M2. Mosaic region 2,Different clade
CGS,BDP,0.0926866513065446,1. Wine/European,10. French Guiana human,Different clade
CGS,BEF,0.1189814420392063,1. Wine/European,26. Asian fermentation,Different clade
CGS,BFH,0.07226192530718242,1. Wine/European,5. French dairy,Different clade
CGS,BFP,0.1117209416031141,1. Wine/European,4. Mediterranean oak,Different clade
CGS,BGD,0.04898389820403277,1. Wine/European,5. French dairy,Different clade
CGS,BGF,0.039960773727387856,1. Wine/European,5. French dairy,Different clade
CGS,BHG,0.10207692713377366,1. Wine/European,M2. Mosaic region 2,Different clade
CGS,BHK,0.09666118461775923,1. Wine/European,M1. Mosaic region 1,Different clade
CGS,BHM,0.07170508661943446,1. Wine/European,M1. Mosaic region 1,Different clade
CGS,BHQ,0.13013928419817614,1. Wine/European,26. Asian fermentation,Different clade
CGS,BMA,0.08516083408374221,1. Wine/European,19. Malaysian,Different clade
CGS,BMB,0.09777951868215849,1. Wine/European,19. Malaysian,Different clade
CGS,BMC,0.03615002265153555,1. Wine/European,19. Malaysian,Different clade
CGS,BNC,0.0638502980604858,1. Wine/European,10. French Guiana human,Different clade
CGS,BNV,0.10167289389050108,1. Wine/European,1. Wine/European,Same clade
CGS,BQM,0.12015112302058484,1. Wine/European,1. Wine/European,Same clade
CGS,BVG,0.11637675105020534,1. Wine/European,3. Brazilian bioethanol,Different clade
CGS,CAE,0.1473941293884434,1. Wine/European,1. Wine/European,Same clade
CGS,CBN,0.07589480479586237,1. Wine/European,7. Mosaic beer,Different clade
CGS,CCD,0.09080185108273404,1. Wine/European,21. Ecuadorean,Different clade
CGS,CCG,0.08499305683423769,1. Wine/European,21. Ecuadorean,Different clade
CGS,CCN,0.10339919650384266,1. Wine/European,18. Far East Asia,Different clade
CGS,CCQ,0.12163979691025943,1. Wine/European,18. Far East Asia,Different clade
CGS,CCR,0.12537982131813571,1. Wine/European,18. Far East Asia,Different clade
CGS,CCS,0.09342243327988536,1. Wine/European,18. Far East Asia,Different clade
CGS,CCV,0.13080662062348178,1. Wine/European,24. Asian islands,Different clade
CGS,CDE,0.07087697839248097,1. Wine/European,M3. Mosaic region 3,Different clade
CGS,CDL,0.11926284252202123,1. Wine/European,18. Far East Asia,Different clade
CGS,CDT,0.088008063272891,1. Wine/European,2. Alpechin,Different clade
CGS,CEG,0.04844316582841454,1. Wine/European,17. Taiwanese,Different clade
CGS,CFF,0.13427377126449827,1. Wine/European,7. Mosaic beer,Different clade
CGS,CGL,0.11862887669366123,1. Wine/European,26. Asian fermentation,Different clade
CGS,CGN,0.15529788490141846,1. Wine/European,26. Asian fermentation,Different clade
CGS,CLB,0.11217152452424259,1. Wine/European,4. Mediterranean oak,Different clade
CGS,CLI,0.14880562829785465,1. Wine/European,25. Sake,Different clade
CGS,CLN,0.05125129674155941,1. Wine/European,25. Sake,Different clade
CGS,CLP,0.09766588201743655,1. Wine/European,25. Sake,Different clade
CGS,CMI,0.0795354113034509,1. Wine/European,25. Sake,Different clade
CGS,CPI,0.11898054047424092,1. Wine/European,9. Mexican agave,Different clade
CGS,CPK,0.10100708082014674,1. Wine/European,9. Mexican agave,Different clade
CGS,CPN,0.11762516012496713,1. Wine/European,9. Mexican agave,Different clade
CGS,CQD,0.13614812501548224,1. Wine/European,12. West African cocoa,Different clade
CGS,CQF,0.15148555920757434,1. Wine/European,12. West African cocoa,Different clade
CGS,SACE_YCE,0.06435605493857958,1. Wine/European,M3. Mosaic region 3,Different clade
CGS,SACE_YCK,0.058353359494572626,1. Wine/European,26. Asian fermentation,Different clade
CGS,SACE_YCM,0.06652339846207943,1. Wine/European,24. Asian islands,Different clade
CGS,SACE_YCR,0.12838723576912434,1. Wine/European,18. Far East Asia,Different clade
CGS,SACE_YCU,0.07282556324222414,1. Wine/European,23. North American oak,Different clade
CLB,AFE,0.03910455257700959,4. Mediterranean oak,8. Mixed origin,Different clade
CLB,AKH,0.08265469182263147,4. Mediterranean oak,13. African palm wine,Different clade
CLB,AKI,0.04986423590435697,4. Mediterranean oak,M3. Mosaic region 3,Different clade
CLB,AKM,0.0841791104991133,4. Mediterranean oak,19. Malaysian,Different clade
CLB,AMP,0.07599100363089487,4. Mediterranean oak,M1. Mosaic region 1,Different clade
CLB,ANG,0.15950129814201872,4. Mediterranean oak,23. North American oak,Different clade
CLB,ANN,0.15118279565990791,4. Mediterranean oak,12. West African cocoa,Different clade
CLB,ATS,0.040213882708656355,4. Mediterranean oak,8. Mixed origin,Different clade
CLB,BAF,0.06555522700993052,4. Mediterranean oak,13. African palm wine,Different clade
CLB,BAG,0.11434209061931681,4. Mediterranean oak,15. CHNII,Different clade
CLB,BAI,0.14663771981081294,4. Mediterranean oak,18. Far East Asia,Different clade
CLB,BAK,0.16460375809298897,4. Mediterranean oak,18. Far East Asia,Different clade
CLB,BAL,0.15003939263249388,4. Mediterranean oak,16. CHNI,Different clade
CLB,BAM,0.104497606967708,4. Mediterranean oak,14. CHNIII,Different clade
CLB,BAN,0.14734969980605062,4. Mediterranean oak,20. CHN V,Different clade
CLB,BAP,0.11921194938048144,4. Mediterranean oak,20. CHN V,Different clade
CLB,BBQ,0.12525462696592643,4. Mediterranean oak,4. Mediterranean oak,Same clade
CLB,BCK,0.09640496488629755,4. Mediterranean oak,10. French Guiana human,Different clade
CLB,BDB,0.1093165707377101,4. Mediterranean oak,M2. Mosaic region 2,Different clade
CLB,BDP,0.06538635061948454,4. Mediterranean oak,10. French Guiana human,Different clade
CLB,BEF,0.06989998592874062,4. Mediterranean oak,26. Asian fermentation,Different clade
CLB,BFH,0.08291174464754762,4. Mediterranean oak,5. French dairy,Different clade
CLB,BFP,0.1379901092258988,4. Mediterranean oak,4. Mediterranean oak,Same clade
CLB,BGD,0.0654073166413865,4. Mediterranean oak,5. French dairy,Different clade
CLB,BGF,0.08554253839178148,4. Mediterranean oak,5. French dairy,Different clade
CLB,BHG,0.09948126805847109,4. Mediterranean oak,M2. Mosaic region 2,Different clade
CLB,BHK,0.07328300049799956,4. Mediterranean oak,M1. Mosaic region 1,Different clade
CLB,BHM,0.02696447924345015,4. Mediterranean oak,M1. Mosaic region 1,Different clade
CLB,BHQ,0.09722203824554093,4. Mediterranean oak,26. Asian fermentation,Different clade
CLB,BMA,0.10928080212962328,4. Mediterranean oak,19. Malaysian,Different clade
CLB,BMB,0.11917806542126745,4. Mediterranean oak,19. Malaysian,Different clade
CLB,BMC,0.05506721512741618,4. Mediterranean oak,19. Malaysian,Different clade
CLB,BNC,0.06875828278865667,4. Mediterranean oak,10. French Guiana human,Different clade
CLB,BNV,0.11962177693431598,4. Mediterranean oak,1. Wine/European,Different clade
CLB,BQM,0.10255853223597128,4. Mediterranean oak,1. Wine/European,Different clade
CLB,BVG,0.08745429111463672,4. Mediterranean oak,3. Brazilian bioethanol,Different clade
CLB,CAE,0.14067666066480541,4. Mediterranean oak,1. Wine/European,Different clade
CLB,CBN,0.05772667132791531,4. Mediterranean oak,7. Mosaic beer,Different clade
CLB,CCD,0.11580804702375097,4. Mediterranean oak,21. Ecuadorean,Different clade
CLB,CCG,0.10275847465490677,4. Mediterranean oak,21. Ecuadorean,Different clade
CLB,CCN,0.12641457334933465,4. Mediterranean oak,18. Far East Asia,Different clade
CLB,CCQ,0.18061801712181572,4. Mediterranean oak,18. Far East Asia,Different clade
CLB,CCR,0.20278107768803577,4. Mediterranean oak,18. Far East Asia,Different clade
CLB,CCS,0.18954985818713865,4. Mediterranean oak,18. Far East Asia,Different clade
CLB,CCV,0.12795200731034648,4. Mediterranean oak,24. Asian islands,Different clade
CLB,CDE,0.12407890633599282,4. Mediterranean oak,M3. Mosaic region 3,Different clade
CLB,CDL,0.16941935110655715,4. Mediterranean oak,18. Far East Asia,Different clade
CLB,CDT,0.08334883238562198,4. Mediterranean oak,2. Alpechin,Different clade
CLB,CEG,0.07982683978008666,4. Mediterranean oak,17. Taiwanese,Different clade
CLB,CFF,0.10419549772132737,4. Mediterranean oak,7. Mosaic beer,Different clade
CLB,CGL,0.12243647491292814,4. Mediterranean oak,26. Asian fermentation,Different clade
CLB,CGN,0.12514147955194205,4. Mediterranean oak,26. Asian fermentation,Different clade
CLB,CGS,0.11217152452424259,4. Mediterranean oak,1. Wine/European,Different clade
CLB,CLI,0.12067098611054317,4. Mediterranean oak,25. Sake,Different clade
CLB,CLN,0.06061044836521035,4. Mediterranean oak,25. Sake,Different clade
CLB,CLP,0.057384493257781784,4. Mediterranean oak,25. Sake,Different clade
CLB,CMI,0.03114736193637966,4. Mediterranean oak,25. Sake,Different clade
CLB,CPI,0.09302433890768982,4. Mediterranean oak,9. Mexican agave,Different clade
CLB,CPK,0.10326713536062483,4. Mediterranean oak,9. Mexican agave,Different clade
CLB,CPN,0.08863156577899593,4. Mediterranean oak,9. Mexican agave,Different clade
CLB,CQD,0.11653064429779077,4. Mediterranean oak,12. West African cocoa,Different clade
CLB,CQF,0.14884583411866847,4. Mediterranean oak,12. West African cocoa,Different clade
CLB,SACE_YCE,0.043528567359548034,4. Mediterranean oak,M3. Mosaic region 3,Different clade
CLB,SACE_YCK,0.03845759137909375,4. Mediterranean oak,26. Asian fermentation,Different clade
CLB,SACE_YCM,0.06740682863892992,4. Mediterranean oak,24. Asian islands,Different clade
CLB,SACE_YCR,0.15182127431044093,4. Mediterranean oak,18. Far East Asia,Different clade
CLB,SACE_YCU,0.12392936325705362,4. Mediterranean oak,23. North American oak,Different clade
CLI,AFE,-0.027033460107849648,25. Sake,8. Mixed origin,Different clade
CLI,AKH,0.09549655294249347,25. Sake,13. African palm wine,Different clade
CLI,AKI,0.02012652990956339,25. Sake,M3. Mosaic region 3,Different clade
CLI,AKM,0.08634746420015117,25. Sake,19. Malaysian,Different clade
CLI,AMP,0.11085442034680046,25. Sake,M1. Mosaic region 1,Different clade
CLI,ANG,0.114860089518725,25. Sake,23. North American oak,Different clade
CLI,ANN,0.13418186185969203,25. Sake,12. West African cocoa,Different clade
CLI,ATS,0.09183217812961027,25. Sake,8. Mixed origin,Different clade
CLI,BAF,0.04998824499484787,25. Sake,13. African palm wine,Different clade
CLI,BAG,0.1063074091881381,25. Sake,15. CHNII,Different clade
CLI,BAI,0.103236238614736,25. Sake,18. Far East Asia,Different clade
CLI,BAK,0.1397575186315841,25. Sake,18. Far East Asia,Different clade
CLI,BAL,0.12478334304229281,25. Sake,16. CHNI,Different clade
CLI,BAM,0.10808062547191706,25. Sake,14. CHNIII,Different clade
CLI,BAN,0.12339297382907351,25. Sake,20. CHN V,Different clade
CLI,BAP,0.09734833462912193,25. Sake,20. CHN V,Different clade
CLI,BBQ,0.07510175249016302,25. Sake,4. Mediterranean oak,Different clade
CLI,BCK,0.1008646639379079,25. Sake,10. French Guiana human,Different clade
CLI,BDB,0.13778893425870942,25. Sake,M2. Mosaic region 2,Different clade
CLI,BDP,0.08447250739940769,25. Sake,10. French Guiana human,Different clade
CLI,BEF,0.14318353977674783,25. Sake,26. Asian fermentation,Different clade
CLI,BFH,0.05651818738777231,25. Sake,5. French dairy,Different clade
CLI,BFP,0.07064588500317273,25. Sake,4. Mediterranean oak,Different clade
CLI,BGD,0.05896169793566991,25. Sake,5. French dairy,Different clade
CLI,BGF,0.018358426654440797,25. Sake,5. French dairy,Different clade
CLI,BHG,0.07891811042845147,25. Sake,M2. Mosaic region 2,Different clade
CLI,BHK,0.07628206628391913,25. Sake,M1. Mosaic region 1,Different clade
CLI,BHM,0.04085122822690721,25. Sake,M1. Mosaic region 1,Different clade
CLI,BHQ,0.16746924479098674,25. Sake,26. Asian fermentation,Different clade
CLI,BMA,0.07784718256830753,25. Sake,19. Malaysian,Different clade
CLI,BMB,0.13577397659057258,25. Sake,19. Malaysian,Different clade
CLI,BMC,0.09224250373307782,25. Sake,19. Malaysian,Different clade
CLI,BNC,0.051412883990870926,25. Sake,10. French Guiana human,Different clade
CLI,BNV,0.1071362424380232,25. Sake,1. Wine/European,Different clade
CLI,BQM,0.10330931722919692,25. Sake,1. Wine/European,Different clade
CLI,BVG,0.08101615817481751,25. Sake,3. Brazilian bioethanol,Different clade
CLI,CAE,0.10071668174808789,25. Sake,1. Wine/European,Different clade
CLI,CBN,0.06914687252022778,25. Sake,7. Mosaic beer,Different clade
CLI,CCD,0.10889435103608355,25. Sake,21. Ecuadorean,Different clade
CLI,CCG,0.11434206126284437,25. Sake,21. Ecuadorean,Different clade
CLI,CCN,0.07648485544933632,25. Sake,18. Far East Asia,Different clade
CLI,CCQ,0.13534814519997174,25. Sake,18. Far East Asia,Different clade
CLI,CCR,0.11835632999577377,25. Sake,18. Far East Asia,Different clade
CLI,CCS,0.1283269940439603,25. Sake,18. Far East Asia,Different clade
CLI,CCV,0.1295467701441704,25. Sake,24. Asian islands,Different clade
CLI,CDE,0.10426274972781352,25. Sake,M3. Mosaic region 3,Different clade
CLI,CDL,0.07956770575933997,25. Sake,18. Far East Asia,Different clade
CLI,CDT,0.0355397589118337,25. Sake,2. Alpechin,Different clade
CLI,CEG,0.0717134316723844,25. Sake,17. Taiwanese,Different clade
CLI,CFF,0.0973517689285611,25. Sake,7. Mosaic beer,Different clade
CLI,CGL,0.15580712950010656,25. Sake,26. Asian fermentation,Different clade
CLI,CGN,0.16064548134725615,25. Sake,26. Asian fermentation,Different clade
CLI,CGS,0.14880562829785465,25. Sake,1. Wine/European,Different clade
CLI,CLB,0.12067098611054317,25. Sake,4. Mediterranean oak,Different clade
CLI,CLN,0.13281069109890312,25. Sake,25. Sake,Same clade
CLI,CLP,0.14455137662788772,25. Sake,25. Sake,Same clade
CLI,CMI,0.1410109956546714,25. Sake,25. Sake,Same clade
CLI,CPI,0.08975009292774536,25. Sake,9. Mexican agave,Different clade
CLI,CPK,0.10512558707903004,25. Sake,9. Mexican agave,Different clade
CLI,CPN,0.09600419002212567,25. Sake,9. Mexican agave,Different clade
CLI,CQD,0.14537564691672072,25. Sake,12. West African cocoa,Different clade
CLI,CQF,0.14393013993680656,25. Sake,12. West African cocoa,Different clade
CLI,SACE_YCE,0.0645619344369574,25. Sake,M3. Mosaic region 3,Different clade
CLI,SACE_YCK,0.08686127655338291,25. Sake,26. Asian fermentation,Different clade
CLI,SACE_YCM,0.032711490278357895,25. Sake,24. Asian islands,Different clade
CLI,SACE_YCR,0.1475521480818228,25. Sake,18. Far East Asia,Different clade
CLI,SACE_YCU,0.10948209946481577,25. Sake,23. North American oak,Different clade
CLN,AFE,0.010748454905261025,25. Sake,8. Mixed origin,Different clade
CLN,AKH,0.05367872495571522,25. Sake,13. African palm wine,Different clade
CLN,AKI,0.04033861662254861,25. Sake,M3. Mosaic region 3,Different clade
CLN,AKM,0.05853305273292532,25. Sake,19. Malaysian,Different clade
CLN,AMP,0.051495716159893026,25. Sake,M1. Mosaic region 1,Different clade
CLN,ANG,0.0810342078302725,25. Sake,23. North American oak,Different clade
CLN,ANN,0.06112274268983382,25. Sake,12. West African cocoa,Different clade
CLN,ATS,0.06221966493526692,25. Sake,8. Mixed origin,Different clade
CLN,BAF,0.06489011792322355,25. Sake,13. African palm wine,Different clade
CLN,BAG,0.09660217831467421,25. Sake,15. CHNII,Different clade
CLN,BAI,0.09490964022893765,25. Sake,18. Far East Asia,Different clade
CLN,BAK,0.059769785344304806,25. Sake,18. Far East Asia,Different clade
CLN,BAL,0.0913793808166366,25. Sake,16. CHNI,Different clade
CLN,BAM,0.11433831744744498,25. Sake,14. CHNIII,Different clade
CLN,BAN,0.12101248312704883,25. Sake,20. CHN V,Different clade
CLN,BAP,0.07745679881788671,25. Sake,20. CHN V,Different clade
CLN,BBQ,0.07538224572009034,25. Sake,4. Mediterranean oak,Different clade
CLN,BCK,0.06616664396979562,25. Sake,10. French Guiana human,Different clade
CLN,BDB,0.09823771483304702,25. Sake,M2. Mosaic region 2,Different clade
CLN,BDP,0.06186473604574049,25. Sake,10. French Guiana human,Different clade
CLN,BEF,0.07216226060120408,25. Sake,26. Asian fermentation,Different clade
CLN,BFH,0.041393448407629,25. Sake,5. French dairy,Different clade
CLN,BFP,0.02108758155733689,25. Sake,4. Mediterranean oak,Different clade
CLN,BGD,0.04189796696102988,25. Sake,5. French dairy,Different clade
CLN,BGF,0.0037408933389298216,25. Sake,5. French dairy,Different clade
CLN,BHG,0.06764470623626816,25. Sake,M2. Mosaic region 2,Different clade
CLN,BHK,0.049504275396723293,25. Sake,M1. Mosaic region 1,Different clade
CLN,BHM,0.04684555942951006,25. Sake,M1. Mosaic region 1,Different clade
CLN,BHQ,0.07954571126828919,25. Sake,26. Asian fermentation,Different clade
CLN,BMA,0.05922115754411329,25. Sake,19. Malaysian,Different clade
CLN,BMB,0.0880914011400457,25. Sake,19. Malaysian,Different clade
CLN,BMC,0.05375034877007233,25. Sake,19. Malaysian,Different clade
CLN,BNC,0.05410117092998505,25. Sake,10. French Guiana human,Different clade
CLN,BNV,0.12442600911852948,25. Sake,1. Wine/European,Different clade
CLN,BQM,0.07679771410793998,25. Sake,1. Wine/European,Different clade
CLN,BVG,0.020889447021490704,25. Sake,3. Brazilian bioethanol,Different clade
CLN,CAE,0.08200279856603676,25. Sake,1. Wine/European,Different clade
CLN,CBN,0.051343892240698207,25. Sake,7. Mosaic beer,Different clade
CLN,CCD,0.07865255175837808,25. Sake,21. Ecuadorean,Different clade
CLN,CCG,0.09786637932277344,25. Sake,21. Ecuadorean,Different clade
CLN,CCN,0.03598869091088696,25. Sake,18. Far East Asia,Different clade
CLN,CCQ,0.10798083320131084,25. Sake,18. Far East Asia,Different clade
CLN,CCR,0.08642750631979007,25. Sake,18. Far East Asia,Different clade
CLN,CCS,0.09557377605563208,25. Sake,18. Far East Asia,Different clade
CLN,CCV,0.08751798520627141,25. Sake,24. Asian islands,Different clade
CLN,CDE,0.10271779559303593,25. Sake,M3. Mosaic region 3,Different clade
CLN,CDL,0.04824747835007782,25. Sake,18. Far East Asia,Different clade
CLN,CDT,0.05383244300970558,25. Sake,2. Alpechin,Different clade
CLN,CEG,0.025636887725290623,25. Sake,17. Taiwanese,Different clade
CLN,CFF,0.07609864067595683,25. Sake,7. Mosaic beer,Different clade
CLN,CGL,0.08174294159809892,25. Sake,26. Asian fermentation,Different clade
CLN,CGN,0.13724472538535362,25. Sake,26. Asian fermentation,Different clade
CLN,CGS,0.05125129674155941,25. Sake,1. Wine/European,Different clade
CLN,CLB,0.06061044836521035,25. Sake,4. Mediterranean oak,Different clade
CLN,CLI,0.13281069109890312,25. Sake,25. Sake,Same clade
CLN,CLP,0.08049391279194476,25. Sake,25. Sake,Same clade
CLN,CMI,0.0841234880815784,25. Sake,25. Sake,Same clade
CLN,CPI,0.05135066530728795,25. Sake,9. Mexican agave,Different clade
CLN,CPK,0.08796239277767795,25. Sake,9. Mexican agave,Different clade
CLN,CPN,0.05040092438124998,25. Sake,9. Mexican agave,Different clade
CLN,CQD,0.061045478328014664,25. Sake,12. West African cocoa,Different clade
CLN,CQF,0.06538375732539843,25. Sake,12. West African cocoa,Different clade
CLN,SACE_YCE,0.03653335788977702,25. Sake,M3. Mosaic region 3,Different clade
CLN,SACE_YCK,0.0462538504707876,25. Sake,26. Asian fermentation,Different clade
CLN,SACE_YCM,0.03910725679225603,25. Sake,24. Asian islands,Different clade
CLN,SACE_YCR,0.08428959637948118,25. Sake,18. Far East Asia,Different clade
CLN,SACE_YCU,0.11216722005072094,25. Sake,23. North American oak,Different clade
CLP,AFE,0.017670384316469095,25. Sake,8. Mixed origin,Different clade
CLP,AKH,0.08815642472199205,25. Sake,13. African palm wine,Different clade
CLP,AKI,0.03411557287705161,25. Sake,M3. Mosaic region 3,Different clade
CLP,AKM,0.08457879137929178,25. Sake,19. Malaysian,Different clade
CLP,AMP,0.08883768671853093,25. Sake,M1. Mosaic region 1,Different clade
CLP,ANG,0.04822999189267903,25. Sake,23. North American oak,Different clade
CLP,ANN,0.099218718209446,25. Sake,12. West African cocoa,Different clade
CLP,ATS,0.07516498648387746,25. Sake,8. Mixed origin,Different clade
CLP,BAF,0.09102371969239657,25. Sake,13. African palm wine,Different clade
CLP,BAG,0.09826431401375177,25. Sake,15. CHNII,Different clade
CLP,BAI,0.07560967472252132,25. Sake,18. Far East Asia,Different clade
CLP,BAK,0.12791344014071898,25. Sake,18. Far East Asia,Different clade
CLP,BAL,0.13150278242847604,25. Sake,16. CHNI,Different clade
CLP,BAM,0.05967918983665993,25. Sake,14. CHNIII,Different clade
CLP,BAN,0.08687546751359175,25. Sake,20. CHN V,Different clade
CLP,BAP,0.0914943596134352,25. Sake,20. CHN V,Different clade
CLP,BBQ,0.13258466417489154,25. Sake,4. Mediterranean oak,Different clade
CLP,BCK,0.0731907471377995,25. Sake,10. French Guiana human,Different clade
CLP,BDB,0.0397254299686471,25. Sake,M2. Mosaic region 2,Different clade
CLP,BDP,0.05028870968699496,25. Sake,10. French Guiana human,Different clade
CLP,BEF,0.09290788263879238,25. Sake,26. Asian fermentation,Different clade
CLP,BFH,0.043466540016179445,25. Sake,5. French dairy,Different clade
CLP,BFP,0.06299035487469785,25. Sake,4. Mediterranean oak,Different clade
CLP,BGD,0.06793820007164564,25. Sake,5. French dairy,Different clade
CLP,BGF,0.028776098076000716,25. Sake,5. French dairy,Different clade
CLP,BHG,0.058250646227680426,25. Sake,M2. Mosaic region 2,Different clade
CLP,BHK,0.05852673299323701,25. Sake,M1. Mosaic region 1,Different clade
CLP,BHM,0.06530552837944299,25. Sake,M1. Mosaic region 1,Different clade
CLP,BHQ,0.12555288025666833,25. Sake,26. Asian fermentation,Different clade
CLP,BMA,0.08147983634310405,25. Sake,19. Malaysian,Different clade
CLP,BMB,0.08604046161030354,25. Sake,19. Malaysian,Different clade
CLP,BMC,0.06924217071452955,25. Sake,19. Malaysian,Different clade
CLP,BNC,0.0753850401982531,25. Sake,10. French Guiana human,Different clade
CLP,BNV,0.0713721475884118,25. Sake,1. Wine/European,Different clade
CLP,BQM,0.0821027090932283,25. Sake,1. Wine/European,Different clade
CLP,BVG,0.07365390917480473,25. Sake,3. Brazilian bioethanol,Different clade
CLP,CAE,0.08359210714251299,25. Sake,1. Wine/European,Different clade
CLP,CBN,0.08465716739503877,25. Sake,7. Mosaic beer,Different clade
CLP,CCD,0.08698995803937117,25. Sake,21. Ecuadorean,Different clade
CLP,CCG,0.039264310060519385,25. Sake,21. Ecuadorean,Different clade
CLP,CCN,0.10948120444396801,25. Sake,18. Far East Asia,Different clade
CLP,CCQ,0.08637406021181153,25. Sake,18. Far East Asia,Different clade
CLP,CCR,0.10809399735847079,25. Sake,18. Far East Asia,Different clade
CLP,CCS,0.09636727086191477,25. Sake,18. Far East Asia,Different clade
CLP,CCV,0.10661634114555042,25. Sake,24. Asian islands,Different clade
CLP,CDE,0.1100078774124036,25. Sake,M3. Mosaic region 3,Different clade
CLP,CDL,0.08724418937749935,25. Sake,18. Far East Asia,Different clade
CLP,CDT,0.055084544723346084,25. Sake,2. Alpechin,Different clade
CLP,CEG,0.08931654601396696,25. Sake,17. Taiwanese,Different clade
CLP,CFF,0.10712259735178528,25. Sake,7. Mosaic beer,Different clade
CLP,CGL,0.12234312246551095,25. Sake,26. Asian fermentation,Different clade
CLP,CGN,0.1251891432046391,25. Sake,26. Asian fermentation,Different clade
CLP,CGS,0.09766588201743655,25. Sake,1. Wine/European,Different clade
CLP,CLB,0.057384493257781784,25. Sake,4. Mediterranean oak,Different clade
CLP,CLI,0.14455137662788772,25. Sake,25. Sake,Same clade
CLP,CLN,0.08049391279194476,25. Sake,25. Sake,Same clade
CLP,CMI,0.10521205363250208,25. Sake,25. Sake,Same clade
CLP,CPI,0.12218876250677735,25. Sake,9. Mexican agave,Different clade
CLP,CPK,0.1432660222910152,25. Sake,9. Mexican agave,Different clade
CLP,CPN,0.11678183427412377,25. Sake,9. Mexican agave,Different clade
CLP,CQD,0.105303513812371,25. Sake,12. West African cocoa,Different clade
CLP,CQF,0.07875557504751633,25. Sake,12. West African cocoa,Different clade
CLP,SACE_YCE,0.034641501960765396,25. Sake,M3. Mosaic region 3,Different clade
CLP,SACE_YCK,0.05921398685829403,25. Sake,26. Asian fermentation,Different clade
CLP,SACE_YCM,0.04741203998952791,25. Sake,24. Asian islands,Different clade
CLP,SACE_YCR,0.10855618000988712,25. Sake,18. Far East Asia,Different clade
CLP,SACE_YCU,0.11219357932724064,25. Sake,23. North American oak,Different clade
CMI,AFE,-0.009524966293739334,25. Sake,8. Mixed origin,Different clade
CMI,AKH,0.06043465152280552,25. Sake,13. African palm wine,Different clade
CMI,AKI,0.03121307747031725,25. Sake,M3. Mosaic region 3,Different clade
CMI,AKM,0.07752373918927162,25. Sake,19. Malaysian,Different clade
CMI,AMP,0.04887487789382637,25. Sake,M1. Mosaic region 1,Different clade
CMI,ANG,0.07964473977502036,25. Sake,23. North American oak,Different clade
CMI,ANN,0.0793478462425068,25. Sake,12. West African cocoa,Different clade
CMI,ATS,0.07078387751381661,25. Sake,8. Mixed origin,Different clade
CMI,BAF,0.06586622688845317,25. Sake,13. African palm wine,Different clade
CMI,BAG,0.08930641876023973,25. Sake,15. CHNII,Different clade
CMI,BAI,0.12454379242423838,25. Sake,18. Far East Asia,Different clade
CMI,BAK,0.08611201708733021,25. Sake,18. Far East Asia,Different clade
CMI,BAL,0.07128087846287667,25. Sake,16. CHNI,Different clade
CMI,BAM,0.09559124083780825,25. Sake,14. CHNIII,Different clade
CMI,BAN,0.07724786682202218,25. Sake,20. CHN V,Different clade
CMI,BAP,0.07760873745570795,25. Sake,20. CHN V,Different clade
CMI,BBQ,0.062212718940113015,25. Sake,4. Mediterranean oak,Different clade
CMI,BCK,0.09166806448725634,25. Sake,10. French Guiana human,Different clade
CMI,BDB,0.09008511701202644,25. Sake,M2. Mosaic region 2,Different clade
CMI,BDP,0.06317489465324425,25. Sake,10. French Guiana human,Different clade
CMI,BEF,0.08547711819946961,25. Sake,26. Asian fermentation,Different clade
CMI,BFH,0.06856233712963107,25. Sake,5. French dairy,Different clade
CMI,BFP,0.0677590363505452,25. Sake,4. Mediterranean oak,Different clade
CMI,BGD,0.010558372779353908,25. Sake,5. French dairy,Different clade
CMI,BGF,0.061649589007477426,25. Sake,5. French dairy,Different clade
CMI,BHG,0.07851596279479,25. Sake,M2. Mosaic region 2,Different clade
CMI,BHK,0.0457060715105836,25. Sake,M1. Mosaic region 1,Different clade
CMI,BHM,0.021965127594693917,25. Sake,M1. Mosaic region 1,Different clade
CMI,BHQ,0.08794759877127635,25. Sake,26. Asian fermentation,Different clade
CMI,BMA,0.08630656058710293,25. Sake,19. Malaysian,Different clade
CMI,BMB,0.05508350976259655,25. Sake,19. Malaysian,Different clade
CMI,BMC,0.04985782040864617,25. Sake,19. Malaysian,Different clade
CMI,BNC,0.07032434524340421,25. Sake,10. French Guiana human,Different clade
CMI,BNV,0.05462128564046805,25. Sake,1. Wine/European,Different clade
CMI,BQM,0.07233922869735254,25. Sake,1. Wine/European,Different clade
CMI,BVG,0.05116452131662411,25. Sake,3. Brazilian bioethanol,Different clade
CMI,CAE,0.0728997999649085,25. Sake,1. Wine/European,Different clade
CMI,CBN,0.05520366134461912,25. Sake,7. Mosaic beer,Different clade
CMI,CCD,0.10483521547095692,25. Sake,21. Ecuadorean,Different clade
CMI,CCG,0.07024205816929233,25. Sake,21. Ecuadorean,Different clade
CMI,CCN,0.07595032042006768,25. Sake,18. Far East Asia,Different clade
CMI,CCQ,0.08827779186036293,25. Sake,18. Far East Asia,Different clade
CMI,CCR,0.08941796742818547,25. Sake,18. Far East Asia,Different clade
CMI,CCS,0.08850952885060205,25. Sake,18. Far East Asia,Different clade
CMI,CCV,0.1118236267787806,25. Sake,24. Asian islands,Different clade
CMI,CDE,0.06962221450813633,25. Sake,M3. Mosaic region 3,Different clade
CMI,CDL,0.06559273606097736,25. Sake,18. Far East Asia,Different clade
CMI,CDT,0.07874796179844377,25. Sake,2. Alpechin,Different clade
CMI,CEG,0.08658816626620547,25. Sake,17. Taiwanese,Different clade
CMI,CFF,0.06999951021583255,25. Sake,7. Mosaic beer,Different clade
CMI,CGL,0.09950984243273717,25. Sake,26. Asian fermentation,Different clade
CMI,CGN,0.13238744478419162,25. Sake,26. Asian fermentation,Different clade
CMI,CGS,0.0795354113034509,25. Sake,1. Wine/European,Different clade
CMI,CLB,0.03114736193637966,25. Sake,4. Mediterranean oak,Different clade
CMI,CLI,0.1410109956546714,25. Sake,25. Sake,Same clade
CMI,CLN,0.0841234880815784,25. Sake,25. Sake,Same clade
CMI,CLP,0.10521205363250208,25. Sake,25. Sake,Same clade
CMI,CPI,0.08097420473671033,25. Sake,9. Mexican agave,Different clade
CMI,CPK,0.1065628595534949,25. Sake,9. Mexican agave,Different clade
CMI,CPN,0.04294557605512837,25. Sake,9. Mexican agave,Different clade
CMI,CQD,0.07634118303431708,25. Sake,12. West African cocoa,Different clade
CMI,CQF,0.0648139783056423,25. Sake,12. West African cocoa,Different clade
CMI,SACE_YCE,0.07055009184952708,25. Sake,M3. Mosaic region 3,Different clade
CMI,SACE_YCK,0.05742583607822195,25. Sake,26. Asian fermentation,Different clade
CMI,SACE_YCM,0.032940527869505465,25. Sake,24. Asian islands,Different clade
CMI,SACE_YCR,0.1019816228122179,25. Sake,18. Far East Asia,Different clade
CMI,SACE_YCU,0.06873389144579622,25. Sake,23. North American oak,Different clade
CPI,AFE,0.022318756151732632,9. Mexican agave,8. Mixed origin,Different clade
CPI,AKH,0.07019135209602037,9. Mexican agave,13. African palm wine,Different clade
CPI,AKI,0.058990469640781105,9. Mexican agave,M3. Mosaic region 3,Different clade
CPI,AKM,0.06618135779422223,9. Mexican agave,19. Malaysian,Different clade
CPI,AMP,0.08974130159565048,9. Mexican agave,M1. Mosaic region 1,Different clade
CPI,ANG,0.08274306595503386,9. Mexican agave,23. North American oak,Different clade
CPI,ANN,0.13949477480021938,9. Mexican agave,12. West African cocoa,Different clade
CPI,ATS,0.06912033220572096,9. Mexican agave,8. Mixed origin,Different clade
CPI,BAF,0.09430648002125194,9. Mexican agave,13. African palm wine,Different clade
CPI,BAG,0.09572576943930483,9. Mexican agave,15. CHNII,Different clade
CPI,BAI,0.0944941885848779,9. Mexican agave,18. Far East Asia,Different clade
CPI,BAK,0.09713749854729636,9. Mexican agave,18. Far East Asia,Different clade
CPI,BAL,0.13479192757543945,9. Mexican agave,16. CHNI,Different clade
CPI,BAM,0.10080989771811692,9. Mexican agave,14. CHNIII,Different clade
CPI,BAN,0.07845040440677187,9. Mexican agave,20. CHN V,Different clade
CPI,BAP,0.07019473996155438,9. Mexican agave,20. CHN V,Different clade
CPI,BBQ,0.0588021894112326,9. Mexican agave,4. Mediterranean oak,Different clade
CPI,BCK,0.11115337030277633,9. Mexican agave,10. French Guiana human,Different clade
CPI,BDB,0.060051765445473713,9. Mexican agave,M2. Mosaic region 2,Different clade
CPI,BDP,0.0764090145253184,9. Mexican agave,10. French Guiana human,Different clade
CPI,BEF,0.08940031441393485,9. Mexican agave,26. Asian fermentation,Different clade
CPI,BFH,0.024641604946870694,9. Mexican agave,5. French dairy,Different clade
CPI,BFP,0.0994289294301904,9. Mexican agave,4. Mediterranean oak,Different clade
CPI,BGD,0.05846628527162925,9. Mexican agave,5. French dairy,Different clade
CPI,BGF,0.07436436790819285,9. Mexican agave,5. French dairy,Different clade
CPI,BHG,0.07049844167919371,9. Mexican agave,M2. Mosaic region 2,Different clade
CPI,BHK,0.0682930711528679,9. Mexican agave,M1. Mosaic region 1,Different clade
CPI,BHM,0.09420134409966341,9. Mexican agave,M1. Mosaic region 1,Different clade
CPI,BHQ,0.1321357387005918,9. Mexican agave,26. Asian fermentation,Different clade
CPI,BMA,0.08828016681103683,9. Mexican agave,19. Malaysian,Different clade
CPI,BMB,0.06166046582413734,9. Mexican agave,19. Malaysian,Different clade
CPI,BMC,0.05439973007874756,9. Mexican agave,19. Malaysian,Different clade
CPI,BNC,0.08554950779519732,9. Mexican agave,10. French Guiana human,Different clade
CPI,BNV,0.0789560509054206,9. Mexican agave,1. Wine/European,Different clade
CPI,BQM,0.10835729698831392,9. Mexican agave,1. Wine/European,Different clade
CPI,BVG,0.08333969582032191,9. Mexican agave,3. Brazilian bioethanol,Different clade
CPI,CAE,0.09865127772819357,9. Mexican agave,1. Wine/European,Different clade
CPI,CBN,0.045073759371305325,9. Mexican agave,7. Mosaic beer,Different clade
CPI,CCD,0.1011749830524298,9. Mexican agave,21. Ecuadorean,Different clade
CPI,CCG,0.04327543825337192,9. Mexican agave,21. Ecuadorean,Different clade
CPI,CCN,0.07884114149534688,9. Mexican agave,18. Far East Asia,Different clade
CPI,CCQ,0.11709787552037104,9. Mexican agave,18. Far East Asia,Different clade
CPI,CCR,0.10974885257303664,9. Mexican agave,18. Far East Asia,Different clade
CPI,CCS,0.10445145645318804,9. Mexican agave,18. Far East Asia,Different clade
CPI,CCV,0.12427868834606817,9. Mexican agave,24. Asian islands,Different clade
CPI,CDE,0.09990410140635478,9. Mexican agave,M3. Mosaic region 3,Different clade
CPI,CDL,0.09463937900936632,9. Mexican agave,18. Far East Asia,Different clade
CPI,CDT,0.06574536042878967,9. Mexican agave,2. Alpechin,Different clade
CPI,CEG,0.07442682263684847,9. Mexican agave,17. Taiwanese,Different clade
CPI,CFF,0.10274039574662924,9. Mexican agave,7. Mosaic beer,Different clade
CPI,CGL,0.10430472607481805,9. Mexican agave,26. Asian fermentation,Different clade
CPI,CGN,0.13115690663376586,9. Mexican agave,26. Asian fermentation,Different clade
CPI,CGS,0.11898054047424092,9. Mexican agave,1. Wine/European,Different clade
CPI,CLB,0.09302433890768982,9. Mexican agave,4. Mediterranean oak,Different clade
CPI,CLI,0.08975009292774536,9. Mexican agave,25. Sake,Different clade
CPI,CLN,0.05135066530728795,9. Mexican agave,25. Sake,Different clade
CPI,CLP,0.12218876250677735,9. Mexican agave,25. Sake,Different clade
CPI,CMI,0.08097420473671033,9. Mexican agave,25. Sake,Different clade
CPI,CPK,0.14402086204511136,9. Mexican agave,9. Mexican agave,Same clade
CPI,CPN,0.12776585209667557,9. Mexican agave,9. Mexican agave,Same clade
CPI,CQD,0.12775303881554131,9. Mexican agave,12. West African cocoa,Different clade
CPI,CQF,0.1270883478385745,9. Mexican agave,12. West African cocoa,Different clade
CPI,SACE_YCE,0.07048575048131102,9. Mexican agave,M3. Mosaic region 3,Different clade
CPI,SACE_YCK,0.005617688986965124,9. Mexican agave,26. Asian fermentation,Different clade
CPI,SACE_YCM,0.04317017068950441,9. Mexican agave,24. Asian islands,Different clade
CPI,SACE_YCR,0.09866968794822033,9. Mexican agave,18. Far East Asia,Different clade
CPI,SACE_YCU,0.056104115949391485,9. Mexican agave,23. North American oak,Different clade
CPK,AFE,0.02357730772144525,9. Mexican agave,8. Mixed origin,Different clade
CPK,AKH,0.11049238047169291,9. Mexican agave,13. African palm wine,Different clade
CPK,AKI,0.06346556712967331,9. Mexican agave,M3. Mosaic region 3,Different clade
CPK,AKM,0.10703052343857042,9. Mexican agave,19. Malaysian,Different clade
CPK,AMP,0.08304437580051921,9. Mexican agave,M1. Mosaic region 1,Different clade
CPK,ANG,0.1408261730112022,9. Mexican agave,23. North American oak,Different clade
CPK,ANN,0.17221503684399916,9. Mexican agave,12. West African cocoa,Different clade
CPK,ATS,0.11466332287220866,9. Mexican agave,8. Mixed origin,Different clade
CPK,BAF,0.13738916933341117,9. Mexican agave,13. African palm wine,Different clade
CPK,BAG,0.10900856715613702,9. Mexican agave,15. CHNII,Different clade
CPK,BAI,0.11433564974956079,9. Mexican agave,18. Far East Asia,Different clade
CPK,BAK,0.1171585223989073,9. Mexican agave,18. Far East Asia,Different clade
CPK,BAL,0.10322390514190703,9. Mexican agave,16. CHNI,Different clade
CPK,BAM,0.10294661203734012,9. Mexican agave,14. CHNIII,Different clade
CPK,BAN,0.10223063737787168,9. Mexican agave,20. CHN V,Different clade
CPK,BAP,0.09436228781610456,9. Mexican agave,20. CHN V,Different clade
CPK,BBQ,0.10163929986561117,9. Mexican agave,4. Mediterranean oak,Different clade
CPK,BCK,0.17035692320491447,9. Mexican agave,10. French Guiana human,Different clade
CPK,BDB,0.09558464634142935,9. Mexican agave,M2. Mosaic region 2,Different clade
CPK,BDP,0.11584073707810012,9. Mexican agave,10. French Guiana human,Different clade
CPK,BEF,0.12191518660401486,9. Mexican agave,26. Asian fermentation,Different clade
CPK,BFH,0.06415102078244475,9. Mexican agave,5. French dairy,Different clade
CPK,BFP,0.10005456492841443,9. Mexican agave,4. Mediterranean oak,Different clade
CPK,BGD,0.11856597696491275,9. Mexican agave,5. French dairy,Different clade
CPK,BGF,0.04480484659345075,9. Mexican agave,5. French dairy,Different clade
CPK,BHG,0.0931469083511781,9. Mexican agave,M2. Mosaic region 2,Different clade
CPK,BHK,0.1354426905125586,9. Mexican agave,M1. Mosaic region 1,Different clade
CPK,BHM,0.07259050152703168,9. Mexican agave,M1. Mosaic region 1,Different clade
CPK,BHQ,0.15114362881376064,9. Mexican agave,26. Asian fermentation,Different clade
CPK,BMA,0.1011003078762656,9. Mexican agave,19. Malaysian,Different clade
CPK,BMB,0.13208459575063666,9. Mexican agave,19. Malaysian,Different clade
CPK,BMC,0.06207834698534185,9. Mexican agave,19. Malaysian,Different clade
CPK,BNC,0.1166556229166593,9. Mexican agave,10. French Guiana human,Different clade
CPK,BNV,0.08841398373030887,9. Mexican agave,1. Wine/European,Different clade
CPK,BQM,0.11028287227376697,9. Mexican agave,1. Wine/European,Different clade
CPK,BVG,0.11804570377508482,9. Mexican agave,3. Brazilian bioethanol,Different clade
CPK,CAE,0.1353732377901709,9. Mexican agave,1. Wine/European,Different clade
CPK,CBN,0.07211602286121278,9. Mexican agave,7. Mosaic beer,Different clade
CPK,CCD,0.10215262944967082,9. Mexican agave,21. Ecuadorean,Different clade
CPK,CCG,0.11887706331685892,9. Mexican agave,21. Ecuadorean,Different clade
CPK,CCN,0.08514414855947762,9. Mexican agave,18. Far East Asia,Different clade
CPK,CCQ,0.12587979960634468,9. Mexican agave,18. Far East Asia,Different clade
CPK,CCR,0.14146926814957914,9. Mexican agave,18. Far East Asia,Different clade
CPK,CCS,0.13469443624754182,9. Mexican agave,18. Far East Asia,Different clade
CPK,CCV,0.12261744552545031,9. Mexican agave,24. Asian islands,Different clade
CPK,CDE,0.12746878152536492,9. Mexican agave,M3. Mosaic region 3,Different clade
CPK,CDL,0.12122231198835502,9. Mexican agave,18. Far East Asia,Different clade
CPK,CDT,0.10016376990521819,9. Mexican agave,2. Alpechin,Different clade
CPK,CEG,0.07975105920017782,9. Mexican agave,17. Taiwanese,Different clade
CPK,CFF,0.11131320549455476,9. Mexican agave,7. Mosaic beer,Different clade
CPK,CGL,0.12727433912670746,9. Mexican agave,26. Asian fermentation,Different clade
CPK,CGN,0.1386521160093292,9. Mexican agave,26. Asian fermentation,Different clade
CPK,CGS,0.10100708082014674,9. Mexican agave,1. Wine/European,Different clade
CPK,CLB,0.10326713536062483,9. Mexican agave,4. Mediterranean oak,Different clade
CPK,CLI,0.10512558707903004,9. Mexican agave,25. Sake,Different clade
CPK,CLN,0.08796239277767795,9. Mexican agave,25. Sake,Different clade
CPK,CLP,0.1432660222910152,9. Mexican agave,25. Sake,Different clade
CPK,CMI,0.1065628595534949,9. Mexican agave,25. Sake,Different clade
CPK,CPI,0.14402086204511136,9. Mexican agave,9. Mexican agave,Same clade
CPK,CPN,0.1765736999267517,9. Mexican agave,9. Mexican agave,Same clade
CPK,CQD,0.17098841619301458,9. Mexican agave,12. West African cocoa,Different clade
CPK,CQF,0.13873082113700838,9. Mexican agave,12. West African cocoa,Different clade
CPK,SACE_YCE,0.06737018435924913,9. Mexican agave,M3. Mosaic region 3,Different clade
CPK,SACE_YCK,0.10082588707285632,9. Mexican agave,26. Asian fermentation,Different clade
CPK,SACE_YCM,0.08555578913325161,9. Mexican agave,24. Asian islands,Different clade
CPK,SACE_YCR,0.10522087607710935,9. Mexican agave,18. Far East Asia,Different clade
CPK,SACE_YCU,0.09398780660614474,9. Mexican agave,23. North American oak,Different clade
CPN,AFE,0.03777668880801753,9. Mexican agave,8. Mixed origin,Different clade
CPN,AKH,0.08722564138424108,9. Mexican agave,13. African palm wine,Different clade
CPN,AKI,0.08483312697946467,9. Mexican agave,M3. Mosaic region 3,Different clade
CPN,AKM,0.07420199359595839,9. Mexican agave,19. Malaysian,Different clade
CPN,AMP,0.05494961426259922,9. Mexican agave,M1. Mosaic region 1,Different clade
CPN,ANG,0.11944673314180083,9. Mexican agave,23. North American oak,Different clade
CPN,ANN,0.18690921665977125,9. Mexican agave,12. West African cocoa,Different clade
CPN,ATS,0.0806833887324166,9. Mexican agave,8. Mixed origin,Different clade
CPN,BAF,0.13251745479668245,9. Mexican agave,13. African palm wine,Different clade
CPN,BAG,0.09779006186037462,9. Mexican agave,15. CHNII,Different clade
CPN,BAI,0.14802464151152217,9. Mexican agave,18. Far East Asia,Different clade
CPN,BAK,0.12295584498174665,9. Mexican agave,18. Far East Asia,Different clade
CPN,BAL,0.12670946683212436,9. Mexican agave,16. CHNI,Different clade
CPN,BAM,0.10093993126049162,9. Mexican agave,14. CHNIII,Different clade
CPN,BAN,0.08998596190168226,9. Mexican agave,20. CHN V,Different clade
CPN,BAP,0.11619464538190669,9. Mexican agave,20. CHN V,Different clade
CPN,BBQ,0.11141750989877862,9. Mexican agave,4. Mediterranean oak,Different clade
CPN,BCK,0.13388239983655698,9. Mexican agave,10. French Guiana human,Different clade
CPN,BDB,0.0660175088261089,9. Mexican agave,M2. Mosaic region 2,Different clade
CPN,BDP,0.05877455947876069,9. Mexican agave,10. French Guiana human,Different clade
CPN,BEF,0.09203199002593294,9. Mexican agave,26. Asian fermentation,Different clade
CPN,BFH,0.07032186253244174,9. Mexican agave,5. French dairy,Different clade
CPN,BFP,0.09575162532572165,9. Mexican agave,4. Mediterranean oak,Different clade
CPN,BGD,0.058134179429265714,9. Mexican agave,5. French dairy,Different clade
CPN,BGF,0.06103330892401803,9. Mexican agave,5. French dairy,Different clade
CPN,BHG,0.06403553313627568,9. Mexican agave,M2. Mosaic region 2,Different clade
CPN,BHK,0.09670187455304927,9. Mexican agave,M1. Mosaic region 1,Different clade
CPN,BHM,0.05713490225136875,9. Mexican agave,M1. Mosaic region 1,Different clade
CPN,BHQ,0.1359125565720144,9. Mexican agave,26. Asian fermentation,Different clade
CPN,BMA,0.12488612889508797,9. Mexican agave,19. Malaysian,Different clade
CPN,BMB,0.10946832079779954,9. Mexican agave,19. Malaysian,Different clade
CPN,BMC,0.06335635092995576,9. Mexican agave,19. Malaysian,Different clade
CPN,BNC,0.09283275923307617,9. Mexican agave,10. French Guiana human,Different clade
CPN,BNV,0.07867497452209464,9. Mexican agave,1. Wine/European,Different clade
CPN,BQM,0.11592002645551214,9. Mexican agave,1. Wine/European,Different clade
CPN,BVG,0.07823026242272105,9. Mexican agave,3. Brazilian bioethanol,Different clade
CPN,CAE,0.1127988572520035,9. Mexican agave,1. Wine/European,Different clade
CPN,CBN,0.0694099212420498,9. Mexican agave,7. Mosaic beer,Different clade
CPN,CCD,0.10530748258457549,9. Mexican agave,21. Ecuadorean,Different clade
CPN,CCG,0.07017173366207538,9. Mexican agave,21. Ecuadorean,Different clade
CPN,CCN,0.09517206583742173,9. Mexican agave,18. Far East Asia,Different clade
CPN,CCQ,0.1355903523063826,9. Mexican agave,18. Far East Asia,Different clade
CPN,CCR,0.1324652866580793,9. Mexican agave,18. Far East Asia,Different clade
CPN,CCS,0.14636193888093987,9. Mexican agave,18. Far East Asia,Different clade
CPN,CCV,0.12169867035891925,9. Mexican agave,24. Asian islands,Different clade
CPN,CDE,0.09248318424179125,9. Mexican agave,M3. Mosaic region 3,Different clade
CPN,CDL,0.11442915237483064,9. Mexican agave,18. Far East Asia,Different clade
CPN,CDT,0.04960428121788221,9. Mexican agave,2. Alpechin,Different clade
CPN,CEG,0.11951698222186069,9. Mexican agave,17. Taiwanese,Different clade
CPN,CFF,0.11664105686703716,9. Mexican agave,7. Mosaic beer,Different clade
CPN,CGL,0.1228276997413398,9. Mexican agave,26. Asian fermentation,Different clade
CPN,CGN,0.11745856489032787,9. Mexican agave,26. Asian fermentation,Different clade
CPN,CGS,0.11762516012496713,9. Mexican agave,1. Wine/European,Different clade
CPN,CLB,0.08863156577899593,9. Mexican agave,4. Mediterranean oak,Different clade
CPN,CLI,0.09600419002212567,9. Mexican agave,25. Sake,Different clade
CPN,CLN,0.05040092438124998,9. Mexican agave,25. Sake,Different clade
CPN,CLP,0.11678183427412377,9. Mexican agave,25. Sake,Different clade
CPN,CMI,0.04294557605512837,9. Mexican agave,25. Sake,Different clade
CPN,CPI,0.12776585209667557,9. Mexican agave,9. Mexican agave,Same clade
CPN,CPK,0.1765736999267517,9. Mexican agave,9. Mexican agave,Same clade
CPN,CQD,0.10870979632636492,9. Mexican agave,12. West African cocoa,Different clade
CPN,CQF,0.1261107677040311,9. Mexican agave,12. West African cocoa,Different clade
CPN,SACE_YCE,0.035466583532689125,9. Mexican agave,M3. Mosaic region 3,Different clade
CPN,SACE_YCK,0.06039737071183685,9. Mexican agave,26. Asian fermentation,Different clade
CPN,SACE_YCM,0.09139602056128757,9. Mexican agave,24. Asian islands,Different clade
CPN,SACE_YCR,0.13903168839642285,9. Mexican agave,18. Far East Asia,Different clade
CPN,SACE_YCU,0.08871389599693243,9. Mexican agave,23. North American oak,Different clade
CQD,AFE,-0.0017183003554966264,12. West African cocoa,8. Mixed origin,Different clade
CQD,AKH,0.12913300778704054,12. West African cocoa,13. African palm wine,Different clade
CQD,AKI,0.05073021080641972,12. West African cocoa,M3. Mosaic region 3,Different clade
CQD,AKM,0.1252651855171704,12. West African cocoa,19. Malaysian,Different clade
CQD,AMP,0.054936138411051355,12. West African cocoa,M1. Mosaic region 1,Different clade
CQD,ANG,0.1448696187494759,12. West African cocoa,23. North American oak,Different clade
CQD,ANN,0.19038258165970598,12. West African cocoa,12. West African cocoa,Same clade
CQD,ATS,0.07562525829533757,12. West African cocoa,8. Mixed origin,Different clade
CQD,BAF,0.10877985022406518,12. West African cocoa,13. African palm wine,Different clade
CQD,BAG,0.09876347733368884,12. West African cocoa,15. CHNII,Different clade
CQD,BAI,0.1015800588159423,12. West African cocoa,18. Far East Asia,Different clade
CQD,BAK,0.1334236488881666,12. West African cocoa,18. Far East Asia,Different clade
CQD,BAL,0.14259487473079865,12. West African cocoa,16. CHNI,Different clade
CQD,BAM,0.08742799075543067,12. West African cocoa,14. CHNIII,Different clade
CQD,BAN,0.08393938281254597,12. West African cocoa,20. CHN V,Different clade
CQD,BAP,0.09193765582661723,12. West African cocoa,20. CHN V,Different clade
CQD,BBQ,0.10938239991492026,12. West African cocoa,4. Mediterranean oak,Different clade
CQD,BCK,0.09142677020474015,12. West African cocoa,10. French Guiana human,Different clade
CQD,BDB,0.06008634973469115,12. West African cocoa,M2. Mosaic region 2,Different clade
CQD,BDP,0.07819809817541078,12. West African cocoa,10. French Guiana human,Different clade
CQD,BEF,0.11427810799558484,12. West African cocoa,26. Asian fermentation,Different clade
CQD,BFH,0.06203637400138334,12. West African cocoa,5. French dairy,Different clade
CQD,BFP,0.11164675418286966,12. West African cocoa,4. Mediterranean oak,Different clade
CQD,BGD,0.06193519473899774,12. West African cocoa,5. French dairy,Different clade
CQD,BGF,0.07689868580545829,12. West African cocoa,5. French dairy,Different clade
CQD,BHG,0.10664163765385654,12. West African cocoa,M2. Mosaic region 2,Different clade
CQD,BHK,0.09746987436222446,12. West African cocoa,M1. Mosaic region 1,Different clade
CQD,BHM,0.06255011236624845,12. West African cocoa,M1. Mosaic region 1,Different clade
CQD,BHQ,0.14922333437212781,12. West African cocoa,26. Asian fermentation,Different clade
CQD,BMA,0.11812428159563104,12. West African cocoa,19. Malaysian,Different clade
CQD,BMB,0.11806067124663248,12. West African cocoa,19. Malaysian,Different clade
CQD,BMC,0.11733797963227346,12. West African cocoa,19. Malaysian,Different clade
CQD,BNC,0.07556879774267791,12. West African cocoa,10. French Guiana human,Different clade
CQD,BNV,0.087321435228631,12. West African cocoa,1. Wine/European,Different clade
CQD,BQM,0.11906525505110016,12. West African cocoa,1. Wine/European,Different clade
CQD,BVG,0.0852099475731057,12. West African cocoa,3. Brazilian bioethanol,Different clade
CQD,CAE,0.1001908786178792,12. West African cocoa,1. Wine/European,Different clade
CQD,CBN,0.08879916649695672,12. West African cocoa,7. Mosaic beer,Different clade
CQD,CCD,0.12761510290861267,12. West African cocoa,21. Ecuadorean,Different clade
CQD,CCG,0.09256418894569021,12. West African cocoa,21. Ecuadorean,Different clade
CQD,CCN,0.15660352782065723,12. West African cocoa,18. Far East Asia,Different clade
CQD,CCQ,0.1539322575705845,12. West African cocoa,18. Far East Asia,Different clade
CQD,CCR,0.13133559823989477,12. West African cocoa,18. Far East Asia,Different clade
CQD,CCS,0.1664263718163997,12. West African cocoa,18. Far East Asia,Different clade
CQD,CCV,0.12152769631103684,12. West African cocoa,24. Asian islands,Different clade
CQD,CDE,0.13021121909892305,12. West African cocoa,M3. Mosaic region 3,Different clade
CQD,CDL,0.16688145644386335,12. West African cocoa,18. Far East Asia,Different clade
CQD,CDT,0.0812856043748975,12. West African cocoa,2. Alpechin,Different clade
CQD,CEG,0.052239857507332316,12. West African cocoa,17. Taiwanese,Different clade
CQD,CFF,0.15623290156820557,12. West African cocoa,7. Mosaic beer,Different clade
CQD,CGL,0.13648376042632612,12. West African cocoa,26. Asian fermentation,Different clade
CQD,CGN,0.15488212340297575,12. West African cocoa,26. Asian fermentation,Different clade
CQD,CGS,0.13614812501548224,12. West African cocoa,1. Wine/European,Different clade
CQD,CLB,0.11653064429779077,12. West African cocoa,4. Mediterranean oak,Different clade
CQD,CLI,0.14537564691672072,12. West African cocoa,25. Sake,Different clade
CQD,CLN,0.061045478328014664,12. West African cocoa,25. Sake,Different clade
CQD,CLP,0.105303513812371,12. West African cocoa,25. Sake,Different clade
CQD,CMI,0.07634118303431708,12. West African cocoa,25. Sake,Different clade
CQD,CPI,0.12775303881554131,12. West African cocoa,9. Mexican agave,Different clade
CQD,CPK,0.17098841619301458,12. West African cocoa,9. Mexican agave,Different clade
CQD,CPN,0.10870979632636492,12. West African cocoa,9. Mexican agave,Different clade
CQD,CQF,0.1764089809144427,12. West African cocoa,12. West African cocoa,Same clade
CQD,SACE_YCE,0.07446295265192568,12. West African cocoa,M3. Mosaic region 3,Different clade
CQD,SACE_YCK,0.05273744958209358,12. West African cocoa,26. Asian fermentation,Different clade
CQD,SACE_YCM,0.07020949956242367,12. West African cocoa,24. Asian islands,Different clade
CQD,SACE_YCR,0.13014859328232026,12. West African cocoa,18. Far East Asia,Different clade
CQD,SACE_YCU,0.08233819782679884,12. West African cocoa,23. North American oak,Different clade
CQF,AFE,0.01811201152625758,12. West African cocoa,8. Mixed origin,Different clade
CQF,AKH,0.10825877921459477,12. West African cocoa,13. African palm wine,Different clade
CQF,AKI,0.07421192513891575,12. West African cocoa,M3. Mosaic region 3,Different clade
CQF,AKM,0.10949964500200605,12. West African cocoa,19. Malaysian,Different clade
CQF,AMP,0.09865568879900849,12. West African cocoa,M1. Mosaic region 1,Different clade
CQF,ANG,0.15806200153407765,12. West African cocoa,23. North American oak,Different clade
CQF,ANN,0.22709952835261207,12. West African cocoa,12. West African cocoa,Same clade
CQF,ATS,0.1027498096672535,12. West African cocoa,8. Mixed origin,Different clade
CQF,BAF,0.11171662885699356,12. West African cocoa,13. African palm wine,Different clade
CQF,BAG,0.11092499512143766,12. West African cocoa,15. CHNII,Different clade
CQF,BAI,0.15760126981395628,12. West African cocoa,18. Far East Asia,Different clade
CQF,BAK,0.1522575511500006,12. West African cocoa,18. Far East Asia,Different clade
CQF,BAL,0.15216302677593635,12. West African cocoa,16. CHNI,Different clade
CQF,BAM,0.094376280550511,12. West African cocoa,14. CHNIII,Different clade
CQF,BAN,0.1474744192973502,12. West African cocoa,20. CHN V,Different clade
CQF,BAP,0.09901956210558029,12. West African cocoa,20. CHN V,Different clade
CQF,BBQ,0.12347460493237501,12. West African cocoa,4. Mediterranean oak,Different clade
CQF,BCK,0.12570203486836576,12. West African cocoa,10. French Guiana human,Different clade
CQF,BDB,0.06312828506592057,12. West African cocoa,M2. Mosaic region 2,Different clade
CQF,BDP,0.099746048293241,12. West African cocoa,10. French Guiana human,Different clade
CQF,BEF,0.12188118120593715,12. West African cocoa,26. Asian fermentation,Different clade
CQF,BFH,0.09382451801749399,12. West African cocoa,5. French dairy,Different clade
CQF,BFP,0.13291002366320542,12. West African cocoa,4. Mediterranean oak,Different clade
CQF,BGD,0.043873281796836444,12. West African cocoa,5. French dairy,Different clade
CQF,BGF,0.0612555346680767,12. West African cocoa,5. French dairy,Different clade
CQF,BHG,0.1439362942809448,12. West African cocoa,M2. Mosaic region 2,Different clade
CQF,BHK,0.10700927399885224,12. West African cocoa,M1. Mosaic region 1,Different clade
CQF,BHM,0.0614201597231106,12. West African cocoa,M1. Mosaic region 1,Different clade
CQF,BHQ,0.1542792729237024,12. West African cocoa,26. Asian fermentation,Different clade
CQF,BMA,0.10781583732115786,12. West African cocoa,19. Malaysian,Different clade
CQF,BMB,0.11584311690611174,12. West African cocoa,19. Malaysian,Different clade
CQF,BMC,0.08493022187418178,12. West African cocoa,19. Malaysian,Different clade
CQF,BNC,0.08822861948530025,12. West African cocoa,10. French Guiana human,Different clade
CQF,BNV,0.11531070388986032,12. West African cocoa,1. Wine/European,Different clade
CQF,BQM,0.12369001496733806,12. West African cocoa,1. Wine/European,Different clade
CQF,BVG,0.07748182012177736,12. West African cocoa,3. Brazilian bioethanol,Different clade
CQF,CAE,0.1541806195884363,12. West African cocoa,1. Wine/European,Different clade
CQF,CBN,0.0985537080503073,12. West African cocoa,7. Mosaic beer,Different clade
CQF,CCD,0.11027439827192877,12. West African cocoa,21. Ecuadorean,Different clade
CQF,CCG,0.1277556506256992,12. West African cocoa,21. Ecuadorean,Different clade
CQF,CCN,0.1041317176769341,12. West African cocoa,18. Far East Asia,Different clade
CQF,CCQ,0.15753285043228493,12. West African cocoa,18. Far East Asia,Different clade
CQF,CCR,0.14847737173496298,12. West African cocoa,18. Far East Asia,Different clade
CQF,CCS,0.16182589210305492,12. West African cocoa,18. Far East Asia,Different clade
CQF,CCV,0.11953776033313337,12. West African cocoa,24. Asian islands,Different clade
CQF,CDE,0.1293937826592089,12. West African cocoa,M3. Mosaic region 3,Different clade
CQF,CDL,0.14069372932470905,12. West African cocoa,18. Far East Asia,Different clade
CQF,CDT,0.0561997465179203,12. West African cocoa,2. Alpechin,Different clade
CQF,CEG,0.0696520217795377,12. West African cocoa,17. Taiwanese,Different clade
CQF,CFF,0.1566659726291622,12. West African cocoa,7. Mosaic beer,Different clade
CQF,CGL,0.13949983716596775,12. West African cocoa,26. Asian fermentation,Different clade
CQF,CGN,0.14672254091594286,12. West African cocoa,26. Asian fermentation,Different clade
CQF,CGS,0.15148555920757434,12. West African cocoa,1. Wine/European,Different clade
CQF,CLB,0.14884583411866847,12. West African cocoa,4. Mediterranean oak,Different clade
CQF,CLI,0.14393013993680656,12. West African cocoa,25. Sake,Different clade
CQF,CLN,0.06538375732539843,12. West African cocoa,25. Sake,Different clade
CQF,CLP,0.07875557504751633,12. West African cocoa,25. Sake,Different clade
CQF,CMI,0.0648139783056423,12. West African cocoa,25. Sake,Different clade
CQF,CPI,0.1270883478385745,12. West African cocoa,9. Mexican agave,Different clade
CQF,CPK,0.13873082113700838,12. West African cocoa,9. Mexican agave,Different clade
CQF,CPN,0.1261107677040311,12. West African cocoa,9. Mexican agave,Different clade
CQF,CQD,0.1764089809144427,12. West African cocoa,12. West African cocoa,Same clade
CQF,SACE_YCE,0.05362187266894561,12. West African cocoa,M3. Mosaic region 3,Different clade
CQF,SACE_YCK,0.03189552615655048,12. West African cocoa,26. Asian fermentation,Different clade
CQF,SACE_YCM,0.0948764989103253,12. West African cocoa,24. Asian islands,Different clade
CQF,SACE_YCR,0.14602856700548594,12. West African cocoa,18. Far East Asia,Different clade
CQF,SACE_YCU,0.09385551615894842,12. West African cocoa,23. North American oak,Different clade
SACE_YCE,AFE,-0.01931432308137262,M3. Mosaic region 3,8. Mixed origin,Different clade
SACE_YCE,AKH,0.032351406858365114,M3. Mosaic region 3,13. African palm wine,Different clade
SACE_YCE,AKI,0.018605536963359533,M3. Mosaic region 3,M3. Mosaic region 3,Same clade
SACE_YCE,AKM,0.0656322209576822,M3. Mosaic region 3,19. Malaysian,Different clade
SACE_YCE,AMP,0.05092413647165829,M3. Mosaic region 3,M1. Mosaic region 1,Different clade
SACE_YCE,ANG,0.046929594793338324,M3. Mosaic region 3,23. North American oak,Different clade
SACE_YCE,ANN,0.09477704881999005,M3. Mosaic region 3,12. West African cocoa,Different clade
SACE_YCE,ATS,0.06687690126362844,M3. Mosaic region 3,8. Mixed origin,Different clade
SACE_YCE,BAF,0.07422683647320209,M3. Mosaic region 3,13. African palm wine,Different clade
SACE_YCE,BAG,0.06184731785065967,M3. Mosaic region 3,15. CHNII,Different clade
SACE_YCE,BAI,0.01581908335493519,M3. Mosaic region 3,18. Far East Asia,Different clade
SACE_YCE,BAK,0.09101543103541171,M3. Mosaic region 3,18. Far East Asia,Different clade
SACE_YCE,BAL,0.05696158064859757,M3. Mosaic region 3,16. CHNI,Different clade
SACE_YCE,BAM,0.050796663695569656,M3. Mosaic region 3,14. CHNIII,Different clade
SACE_YCE,BAN,0.030175946607921993,M3. Mosaic region 3,20. CHN V,Different clade
SACE_YCE,BAP,0.046457108981608077,M3. Mosaic region 3,20. CHN V,Different clade
SACE_YCE,BBQ,0.04385900567046953,M3. Mosaic region 3,4. Mediterranean oak,Different clade
SACE_YCE,BCK,0.04543938762225761,M3. Mosaic region 3,10. French Guiana human,Different clade
SACE_YCE,BDB,0.09558276372517048,M3. Mosaic region 3,M2. Mosaic region 2,Different clade
SACE_YCE,BDP,0.04128894739204032,M3. Mosaic region 3,10. French Guiana human,Different clade
SACE_YCE,BEF,0.004655516448830846,M3. Mosaic region 3,26. Asian fermentation,Different clade
SACE_YCE,BFH,0.08825451647560045,M3. Mosaic region 3,5. French dairy,Different clade
SACE_YCE,BFP,0.05792954264447038,M3. Mosaic region 3,4. Mediterranean oak,Different clade
SACE_YCE,BGD,0.0231617626233653,M3. Mosaic region 3,5. French dairy,Different clade
SACE_YCE,BGF,0.0520625573567131,M3. Mosaic region 3,5. French dairy,Different clade
SACE_YCE,BHG,0.045787368847349616,M3. Mosaic region 3,M2. Mosaic region 2,Different clade
SACE_YCE,BHK,0.040881573045120384,M3. Mosaic region 3,M1. Mosaic region 1,Different clade
SACE_YCE,BHM,0.01752186515151741,M3. Mosaic region 3,M1. Mosaic region 1,Different clade
SACE_YCE,BHQ,0.03620457420308158,M3. Mosaic region 3,26. Asian fermentation,Different clade
SACE_YCE,BMA,0.051681625061615506,M3. Mosaic region 3,19. Malaysian,Different clade
SACE_YCE,BMB,0.057958854977294604,M3. Mosaic region 3,19. Malaysian,Different clade
SACE_YCE,BMC,0.053639779962941045,M3. Mosaic region 3,19. Malaysian,Different clade
SACE_YCE,BNC,0.04654296543125508,M3. Mosaic region 3,10. French Guiana human,Different clade
SACE_YCE,BNV,0.04457735834856096,M3. Mosaic region 3,1. Wine/European,Different clade
SACE_YCE,BQM,0.048775817816871674,M3. Mosaic region 3,1. Wine/European,Different clade
SACE_YCE,BVG,0.05607973927841164,M3. Mosaic region 3,3. Brazilian bioethanol,Different clade
SACE_YCE,CAE,0.05332741838032645,M3. Mosaic region 3,1. Wine/European,Different clade
SACE_YCE,CBN,0.035375620937452376,M3. Mosaic region 3,7. Mosaic beer,Different clade
SACE_YCE,CCD,0.08086430681065519,M3. Mosaic region 3,21. Ecuadorean,Different clade
SACE_YCE,CCG,0.04653091837412179,M3. Mosaic region 3,21. Ecuadorean,Different clade
SACE_YCE,CCN,0.012491452927280046,M3. Mosaic region 3,18. Far East Asia,Different clade
SACE_YCE,CCQ,0.0534911036930543,M3. Mosaic region 3,18. Far East Asia,Different clade
SACE_YCE,CCR,0.04927646891086179,M3. Mosaic region 3,18. Far East Asia,Different clade
SACE_YCE,CCS,0.04261927333007067,M3. Mosaic region 3,18. Far East Asia,Different clade
SACE_YCE,CCV,0.0899071967570914,M3. Mosaic region 3,24. Asian islands,Different clade
SACE_YCE,CDE,0.03886867904933086,M3. Mosaic region 3,M3. Mosaic region 3,Same clade
SACE_YCE,CDL,0.04242649386614416,M3. Mosaic region 3,18. Far East Asia,Different clade
SACE_YCE,CDT,0.06747387403664032,M3. Mosaic region 3,2. Alpechin,Different clade
SACE_YCE,CEG,0.03426600430653741,M3. Mosaic region 3,17. Taiwanese,Different clade
SACE_YCE,CFF,0.040814742511187496,M3. Mosaic region 3,7. Mosaic beer,Different clade
SACE_YCE,CGL,0.04726060542857728,M3. Mosaic region 3,26. Asian fermentation,Different clade
SACE_YCE,CGN,0.06881851619180218,M3. Mosaic region 3,26. Asian fermentation,Different clade
SACE_YCE,CGS,0.06435605493857958,M3. Mosaic region 3,1. Wine/European,Different clade
SACE_YCE,CLB,0.043528567359548034,M3. Mosaic region 3,4. Mediterranean oak,Different clade
SACE_YCE,CLI,0.0645619344369574,M3. Mosaic region 3,25. Sake,Different clade
SACE_YCE,CLN,0.03653335788977702,M3. Mosaic region 3,25. Sake,Different clade
SACE_YCE,CLP,0.034641501960765396,M3. Mosaic region 3,25. Sake,Different clade
SACE_YCE,CMI,0.07055009184952708,M3. Mosaic region 3,25. Sake,Different clade
SACE_YCE,CPI,0.07048575048131102,M3. Mosaic region 3,9. Mexican agave,Different clade
SACE_YCE,CPK,0.06737018435924913,M3. Mosaic region 3,9. Mexican agave,Different clade
SACE_YCE,CPN,0.035466583532689125,M3. Mosaic region 3,9. Mexican agave,Different clade
SACE_YCE,CQD,0.07446295265192568,M3. Mosaic region 3,12. West African cocoa,Different clade
SACE_YCE,CQF,0.05362187266894561,M3. Mosaic region 3,12. West African cocoa,Different clade
SACE_YCE,SACE_YCK,0.004731731930470401,M3. Mosaic region 3,26. Asian fermentation,Different clade
SACE_YCE,SACE_YCM,0.03504462235549244,M3. Mosaic region 3,24. Asian islands,Different clade
SACE_YCE,SACE_YCR,0.045946703687575814,M3. Mosaic region 3,18. Far East Asia,Different clade
SACE_YCE,SACE_YCU,0.06850234279217793,M3. Mosaic region 3,23. North American oak,Different clade
SACE_YCK,AFE,-0.011060452265142521,26. Asian fermentation,8. Mixed origin,Different clade
SACE_YCK,AKH,0.01467791551389412,26. Asian fermentation,13. African palm wine,Different clade
SACE_YCK,AKI,0.04591401546919972,26. Asian fermentation,M3. Mosaic region 3,Different clade
SACE_YCK,AKM,0.02778882021572717,26. Asian fermentation,19. Malaysian,Different clade
SACE_YCK,AMP,0.023947514830246326,26. Asian fermentation,M1. Mosaic region 1,Different clade
SACE_YCK,ANG,0.046855490360573106,26. Asian fermentation,23. North American oak,Different clade
SACE_YCK,ANN,0.0653120474642905,26. Asian fermentation,12. West African cocoa,Different clade
SACE_YCK,ATS,0.017087741837159314,26. Asian fermentation,8. Mixed origin,Different clade
SACE_YCK,BAF,0.050496734482285116,26. Asian fermentation,13. African palm wine,Different clade
SACE_YCK,BAG,0.056883516121916805,26. Asian fermentation,15. CHNII,Different clade
SACE_YCK,BAI,0.07861690673316506,26. Asian fermentation,18. Far East Asia,Different clade
SACE_YCK,BAK,0.048965880788661785,26. Asian fermentation,18. Far East Asia,Different clade
SACE_YCK,BAL,0.05273555675476372,26. Asian fermentation,16. CHNI,Different clade
SACE_YCK,BAM,0.03228144349892656,26. Asian fermentation,14. CHNIII,Different clade
SACE_YCK,BAN,0.01604196899270013,26. Asian fermentation,20. CHN V,Different clade
SACE_YCK,BAP,0.057137159731957404,26. Asian fermentation,20. CHN V,Different clade
SACE_YCK,BBQ,0.046331604667006095,26. Asian fermentation,4. Mediterranean oak,Different clade
SACE_YCK,BCK,0.05433988673938938,26. Asian fermentation,10. French Guiana human,Different clade
SACE_YCK,BDB,0.0391183603962139,26. Asian fermentation,M2. Mosaic region 2,Different clade
SACE_YCK,BDP,0.061280444780446176,26. Asian fermentation,10. French Guiana human,Different clade
SACE_YCK,BEF,-0.0041852899364605125,26. Asian fermentation,26. Asian fermentation,Same clade
SACE_YCK,BFH,0.03683906398960912,26. Asian fermentation,5. French dairy,Different clade
SACE_YCK,BFP,0.0447235329981013,26. Asian fermentation,4. Mediterranean oak,Different clade
SACE_YCK,BGD,0.01916474391387506,26. Asian fermentation,5. French dairy,Different clade
SACE_YCK,BGF,-0.018510566462692692,26. Asian fermentation,5. French dairy,Different clade
SACE_YCK,BHG,0.04005630066471153,26. Asian fermentation,M2. Mosaic region 2,Different clade
SACE_YCK,BHK,0.02004290889971084,26. Asian fermentation,M1. Mosaic region 1,Different clade
SACE_YCK,BHM,0.008743895991431253,26. Asian fermentation,M1. Mosaic region 1,Different clade
SACE_YCK,BHQ,0.056985952525041225,26. Asian fermentation,26. Asian fermentation,Same clade
SACE_YCK,BMA,9.14414187492253e-4,26. Asian fermentation,19. Malaysian,Different clade
SACE_YCK,BMB,0.04380384997258836,26. Asian fermentation,19. Malaysian,Different clade
SACE_YCK,BMC,0.01804460248843174,26. Asian fermentation,19. Malaysian,Different clade
SACE_YCK,BNC,0.05334393172331524,26. Asian fermentation,10. French Guiana human,Different clade
SACE_YCK,BNV,0.033043402412088835,26. Asian fermentation,1. Wine/European,Different clade
SACE_YCK,BQM,0.05084036049669208,26. Asian fermentation,1. Wine/European,Different clade
SACE_YCK,BVG,0.03757145827268232,26. Asian fermentation,3. Brazilian bioethanol,Different clade
SACE_YCK,CAE,0.014260937649451924,26. Asian fermentation,1. Wine/European,Different clade
SACE_YCK,CBN,0.04216761459886451,26. Asian fermentation,7. Mosaic beer,Different clade
SACE_YCK,CCD,0.03432413981930094,26. Asian fermentation,21. Ecuadorean,Different clade
SACE_YCK,CCG,0.04846893975244301,26. Asian fermentation,21. Ecuadorean,Different clade
SACE_YCK,CCN,0.0335720977980841,26. Asian fermentation,18. Far East Asia,Different clade
SACE_YCK,CCQ,0.05815584344484763,26. Asian fermentation,18. Far East Asia,Different clade
SACE_YCK,CCR,0.06139972049314656,26. Asian fermentation,18. Far East Asia,Different clade
SACE_YCK,CCS,0.0839611960293622,26. Asian fermentation,18. Far East Asia,Different clade
SACE_YCK,CCV,0.05786092479786155,26. Asian fermentation,24. Asian islands,Different clade
SACE_YCK,CDE,0.03367865714456735,26. Asian fermentation,M3. Mosaic region 3,Different clade
SACE_YCK,CDL,0.028712932719746093,26. Asian fermentation,18. Far East Asia,Different clade
SACE_YCK,CDT,0.043353301867349266,26. Asian fermentation,2. Alpechin,Different clade
SACE_YCK,CEG,0.05815340829648628,26. Asian fermentation,17. Taiwanese,Different clade
SACE_YCK,CFF,0.041061234372649795,26. Asian fermentation,7. Mosaic beer,Different clade
SACE_YCK,CGL,0.06354288573313659,26. Asian fermentation,26. Asian fermentation,Same clade
SACE_YCK,CGN,0.06400370586466314,26. Asian fermentation,26. Asian fermentation,Same clade
SACE_YCK,CGS,0.058353359494572626,26. Asian fermentation,1. Wine/European,Different clade
SACE_YCK,CLB,0.03845759137909375,26. Asian fermentation,4. Mediterranean oak,Different clade
SACE_YCK,CLI,0.08686127655338291,26. Asian fermentation,25. Sake,Different clade
SACE_YCK,CLN,0.0462538504707876,26. Asian fermentation,25. Sake,Different clade
SACE_YCK,CLP,0.05921398685829403,26. Asian fermentation,25. Sake,Different clade
SACE_YCK,CMI,0.05742583607822195,26. Asian fermentation,25. Sake,Different clade
SACE_YCK,CPI,0.005617688986965124,26. Asian fermentation,9. Mexican agave,Different clade
SACE_YCK,CPK,0.10082588707285632,26. Asian fermentation,9. Mexican agave,Different clade
SACE_YCK,CPN,0.06039737071183685,26. Asian fermentation,9. Mexican agave,Different clade
SACE_YCK,CQD,0.05273744958209358,26. Asian fermentation,12. West African cocoa,Different clade
SACE_YCK,CQF,0.03189552615655048,26. Asian fermentation,12. West African cocoa,Different clade
SACE_YCK,SACE_YCE,0.004731731930470401,26. Asian fermentation,M3. Mosaic region 3,Different clade
SACE_YCK,SACE_YCM,0.02193084918693181,26. Asian fermentation,24. Asian islands,Different clade
SACE_YCK,SACE_YCR,0.03147340640061777,26. Asian fermentation,18. Far East Asia,Different clade
SACE_YCK,SACE_YCU,0.07462709330945062,26. Asian fermentation,23. North American oak,Different clade
SACE_YCM,AFE,0.0026027578106204595,24. Asian islands,8. Mixed origin,Different clade
SACE_YCM,AKH,0.004923733982396006,24. Asian islands,13. African palm wine,Different clade
SACE_YCM,AKI,0.03703163705192451,24. Asian islands,M3. Mosaic region 3,Different clade
SACE_YCM,AKM,0.042477260473458366,24. Asian islands,19. Malaysian,Different clade
SACE_YCM,AMP,0.01118093429082662,24. Asian islands,M1. Mosaic region 1,Different clade
SACE_YCM,ANG,0.07450839277448057,24. Asian islands,23. North American oak,Different clade
SACE_YCM,ANN,0.0813873396382125,24. Asian islands,12. West African cocoa,Different clade
SACE_YCM,ATS,0.05379030813666562,24. Asian islands,8. Mixed origin,Different clade
SACE_YCM,BAF,0.05969038100997025,24. Asian islands,13. African palm wine,Different clade
SACE_YCM,BAG,0.05093569621988861,24. Asian islands,15. CHNII,Different clade
SACE_YCM,BAI,0.08507933228644779,24. Asian islands,18. Far East Asia,Different clade
SACE_YCM,BAK,0.08854141249097673,24. Asian islands,18. Far East Asia,Different clade
SACE_YCM,BAL,0.06477096679025159,24. Asian islands,16. CHNI,Different clade
SACE_YCM,BAM,0.0775512870660543,24. Asian islands,14. CHNIII,Different clade
SACE_YCM,BAN,0.08760991577827612,24. Asian islands,20. CHN V,Different clade
SACE_YCM,BAP,0.09481248215954677,24. Asian islands,20. CHN V,Different clade
SACE_YCM,BBQ,0.061545503775206345,24. Asian islands,4. Mediterranean oak,Different clade
SACE_YCM,BCK,0.025030272738149027,24. Asian islands,10. French Guiana human,Different clade
SACE_YCM,BDB,0.04894762820432711,24. Asian islands,M2. Mosaic region 2,Different clade
SACE_YCM,BDP,0.0037690145528754384,24. Asian islands,10. French Guiana human,Different clade
SACE_YCM,BEF,0.08309499582605623,24. Asian islands,26. Asian fermentation,Different clade
SACE_YCM,BFH,0.06998349090497376,24. Asian islands,5. French dairy,Different clade
SACE_YCM,BFP,0.06365449959771612,24. Asian islands,4. Mediterranean oak,Different clade
SACE_YCM,BGD,0.014316433016852035,24. Asian islands,5. French dairy,Different clade
SACE_YCM,BGF,0.04632686584595726,24. Asian islands,5. French dairy,Different clade
SACE_YCM,BHG,0.049306495623664966,24. Asian islands,M2. Mosaic region 2,Different clade
SACE_YCM,BHK,0.006742181178507358,24. Asian islands,M1. Mosaic region 1,Different clade
SACE_YCM,BHM,0.034545728406319476,24. Asian islands,M1. Mosaic region 1,Different clade
SACE_YCM,BHQ,0.06433454513260178,24. Asian islands,26. Asian fermentation,Different clade
SACE_YCM,BMA,0.03419325539556459,24. Asian islands,19. Malaysian,Different clade
SACE_YCM,BMB,0.0502448177356364,24. Asian islands,19. Malaysian,Different clade
SACE_YCM,BMC,0.03615628995189599,24. Asian islands,19. Malaysian,Different clade
SACE_YCM,BNC,0.038198580806725474,24. Asian islands,10. French Guiana human,Different clade
SACE_YCM,BNV,0.05046759562687449,24. Asian islands,1. Wine/European,Different clade
SACE_YCM,BQM,0.05363923176379622,24. Asian islands,1. Wine/European,Different clade
SACE_YCM,BVG,0.03954948160904947,24. Asian islands,3. Brazilian bioethanol,Different clade
SACE_YCM,CAE,0.029269329426188116,24. Asian islands,1. Wine/European,Different clade
SACE_YCM,CBN,0.04443639082284019,24. Asian islands,7. Mosaic beer,Different clade
SACE_YCM,CCD,0.05945890730094865,24. Asian islands,21. Ecuadorean,Different clade
SACE_YCM,CCG,0.05629344476077747,24. Asian islands,21. Ecuadorean,Different clade
SACE_YCM,CCN,0.04220187926941988,24. Asian islands,18. Far East Asia,Different clade
SACE_YCM,CCQ,0.07839548708698645,24. Asian islands,18. Far East Asia,Different clade
SACE_YCM,CCR,0.08254455333502383,24. Asian islands,18. Far East Asia,Different clade
SACE_YCM,CCS,0.06772184692530374,24. Asian islands,18. Far East Asia,Different clade
SACE_YCM,CCV,0.09447017297482053,24. Asian islands,24. Asian islands,Same clade
SACE_YCM,CDE,0.060177178543173615,24. Asian islands,M3. Mosaic region 3,Different clade
SACE_YCM,CDL,0.08700242758594078,24. Asian islands,18. Far East Asia,Different clade
SACE_YCM,CDT,0.04828346006064473,24. Asian islands,2. Alpechin,Different clade
SACE_YCM,CEG,0.04927206806538574,24. Asian islands,17. Taiwanese,Different clade
SACE_YCM,CFF,0.0750191623887483,24. Asian islands,7. Mosaic beer,Different clade
SACE_YCM,CGL,0.08329134337755331,24. Asian islands,26. Asian fermentation,Different clade
SACE_YCM,CGN,0.06716832842994758,24. Asian islands,26. Asian fermentation,Different clade
SACE_YCM,CGS,0.06652339846207943,24. Asian islands,1. Wine/European,Different clade
SACE_YCM,CLB,0.06740682863892992,24. Asian islands,4. Mediterranean oak,Different clade
SACE_YCM,CLI,0.032711490278357895,24. Asian islands,25. Sake,Different clade
SACE_YCM,CLN,0.03910725679225603,24. Asian islands,25. Sake,Different clade
SACE_YCM,CLP,0.04741203998952791,24. Asian islands,25. Sake,Different clade
SACE_YCM,CMI,0.032940527869505465,24. Asian islands,25. Sake,Different clade
SACE_YCM,CPI,0.04317017068950441,24. Asian islands,9. Mexican agave,Different clade
SACE_YCM,CPK,0.08555578913325161,24. Asian islands,9. Mexican agave,Different clade
SACE_YCM,CPN,0.09139602056128757,24. Asian islands,9. Mexican agave,Different clade
SACE_YCM,CQD,0.07020949956242367,24. Asian islands,12. West African cocoa,Different clade
SACE_YCM,CQF,0.0948764989103253,24. Asian islands,12. West African cocoa,Different clade
SACE_YCM,SACE_YCE,0.03504462235549244,24. Asian islands,M3. Mosaic region 3,Different clade
SACE_YCM,SACE_YCK,0.02193084918693181,24. Asian islands,26. Asian fermentation,Different clade
SACE_YCM,SACE_YCR,0.08147762450556678,24. Asian islands,18. Far East Asia,Different clade
SACE_YCM,SACE_YCU,0.08604609540725469,24. Asian islands,23. North American oak,Different clade
SACE_YCR,AFE,0.013962038036005093,18. Far East Asia,8. Mixed origin,Different clade
SACE_YCR,AKH,0.09087648252958841,18. Far East Asia,13. African palm wine,Different clade
SACE_YCR,AKI,0.05454534653558649,18. Far East Asia,M3. Mosaic region 3,Different clade
SACE_YCR,AKM,0.12124555099476854,18. Far East Asia,19. Malaysian,Different clade
SACE_YCR,AMP,0.08535659908687267,18. Far East Asia,M1. Mosaic region 1,Different clade
SACE_YCR,ANG,0.16600923411799198,18. Far East Asia,23. North American oak,Different clade
SACE_YCR,ANN,0.16750079296730497,18. Far East Asia,12. West African cocoa,Different clade
SACE_YCR,ATS,0.07391446360737065,18. Far East Asia,8. Mixed origin,Different clade
SACE_YCR,BAF,0.09894357107597469,18. Far East Asia,13. African palm wine,Different clade
SACE_YCR,BAG,0.11626042962852058,18. Far East Asia,15. CHNII,Different clade
SACE_YCR,BAI,0.19106748642606722,18. Far East Asia,18. Far East Asia,Same clade
SACE_YCR,BAK,0.209128133008148,18. Far East Asia,18. Far East Asia,Same clade
SACE_YCR,BAL,0.18645225619734887,18. Far East Asia,16. CHNI,Different clade
SACE_YCR,BAM,0.10157326751625598,18. Far East Asia,14. CHNIII,Different clade
SACE_YCR,BAN,0.18574335566141684,18. Far East Asia,20. CHN V,Different clade
SACE_YCR,BAP,0.13756552214097517,18. Far East Asia,20. CHN V,Different clade
SACE_YCR,BBQ,0.16210694604990214,18. Far East Asia,4. Mediterranean oak,Different clade
SACE_YCR,BCK,0.08081098297890993,18. Far East Asia,10. French Guiana human,Different clade
SACE_YCR,BDB,0.05050894452859722,18. Far East Asia,M2. Mosaic region 2,Different clade
SACE_YCR,BDP,0.0836941239923824,18. Far East Asia,10. French Guiana human,Different clade
SACE_YCR,BEF,0.13311180046894483,18. Far East Asia,26. Asian fermentation,Different clade
SACE_YCR,BFH,0.07204305311203697,18. Far East Asia,5. French dairy,Different clade
SACE_YCR,BFP,0.10050514233219628,18. Far East Asia,4. Mediterranean oak,Different clade
SACE_YCR,BGD,0.05599019271951573,18. Far East Asia,5. French dairy,Different clade
SACE_YCR,BGF,0.035991486604958184,18. Far East Asia,5. French dairy,Different clade
SACE_YCR,BHG,0.0817542211233102,18. Far East Asia,M2. Mosaic region 2,Different clade
SACE_YCR,BHK,0.04789641865935216,18. Far East Asia,M1. Mosaic region 1,Different clade
SACE_YCR,BHM,0.032462941250023816,18. Far East Asia,M1. Mosaic region 1,Different clade
SACE_YCR,BHQ,0.1229410869965889,18. Far East Asia,26. Asian fermentation,Different clade
SACE_YCR,BMA,0.12305077454102743,18. Far East Asia,19. Malaysian,Different clade
SACE_YCR,BMB,0.11290395822852621,18. Far East Asia,19. Malaysian,Different clade
SACE_YCR,BMC,0.0985958381990192,18. Far East Asia,19. Malaysian,Different clade
SACE_YCR,BNC,0.08421255308668577,18. Far East Asia,10. French Guiana human,Different clade
SACE_YCR,BNV,0.08490020486204104,18. Far East Asia,1. Wine/European,Different clade
SACE_YCR,BQM,0.09044137058628801,18. Far East Asia,1. Wine/European,Different clade
SACE_YCR,BVG,0.0631507355235452,18. Far East Asia,3. Brazilian bioethanol,Different clade
SACE_YCR,CAE,0.10860239956538875,18. Far East Asia,1. Wine/European,Different clade
SACE_YCR,CBN,0.12224290416007251,18. Far East Asia,7. Mosaic beer,Different clade
SACE_YCR,CCD,0.13489196077457108,18. Far East Asia,21. Ecuadorean,Different clade
SACE_YCR,CCG,0.11908329963671178,18. Far East Asia,21. Ecuadorean,Different clade
SACE_YCR,CCN,0.1347209135876843,18. Far East Asia,18. Far East Asia,Same clade
SACE_YCR,CCQ,0.18093999720203555,18. Far East Asia,18. Far East Asia,Same clade
SACE_YCR,CCR,0.23999733720694402,18. Far East Asia,18. Far East Asia,Same clade
SACE_YCR,CCS,0.19045619640453612,18. Far East Asia,18. Far East Asia,Same clade
SACE_YCR,CCV,0.14319976001036622,18. Far East Asia,24. Asian islands,Different clade
SACE_YCR,CDE,0.10494124826676389,18. Far East Asia,M3. Mosaic region 3,Different clade
SACE_YCR,CDL,0.1911672238536111,18. Far East Asia,18. Far East Asia,Same clade
SACE_YCR,CDT,0.04084625513783726,18. Far East Asia,2. Alpechin,Different clade
SACE_YCR,CEG,0.08602265178486475,18. Far East Asia,17. Taiwanese,Different clade
SACE_YCR,CFF,0.12634948390148226,18. Far East Asia,7. Mosaic beer,Different clade
SACE_YCR,CGL,0.09705269413452376,18. Far East Asia,26. Asian fermentation,Different clade
SACE_YCR,CGN,0.1285617660388994,18. Far East Asia,26. Asian fermentation,Different clade
SACE_YCR,CGS,0.12838723576912434,18. Far East Asia,1. Wine/European,Different clade
SACE_YCR,CLB,0.15182127431044093,18. Far East Asia,4. Mediterranean oak,Different clade
SACE_YCR,CLI,0.1475521480818228,18. Far East Asia,25. Sake,Different clade
SACE_YCR,CLN,0.08428959637948118,18. Far East Asia,25. Sake,Different clade
SACE_YCR,CLP,0.10855618000988712,18. Far East Asia,25. Sake,Different clade
SACE_YCR,CMI,0.1019816228122179,18. Far East Asia,25. Sake,Different clade
SACE_YCR,CPI,0.09866968794822033,18. Far East Asia,9. Mexican agave,Different clade
SACE_YCR,CPK,0.10522087607710935,18. Far East Asia,9. Mexican agave,Different clade
SACE_YCR,CPN,0.13903168839642285,18. Far East Asia,9. Mexican agave,Different clade
SACE_YCR,CQD,0.13014859328232026,18. Far East Asia,12. West African cocoa,Different clade
SACE_YCR,CQF,0.14602856700548594,18. Far East Asia,12. West African cocoa,Different clade
SACE_YCR,SACE_YCE,0.045946703687575814,18. Far East Asia,M3. Mosaic region 3,Different clade
SACE_YCR,SACE_YCK,0.03147340640061777,18. Far East Asia,26. Asian fermentation,Different clade
SACE_YCR,SACE_YCM,0.08147762450556678,18. Far East Asia,24. Asian islands,Different clade
SACE_YCR,SACE_YCU,0.11490093078753448,18. Far East Asia,23. North American oak,Different clade
SACE_YCU,AFE,-0.0019331747965321592,23. North American oak,8. Mixed origin,Different clade
SACE_YCU,AKH,0.06480735233850489,23. North American oak,13. African palm wine,Different clade
SACE_YCU,AKI,0.048067476875979606,23. North American oak,M3. Mosaic region 3,Different clade
SACE_YCU,AKM,0.07636650462641863,23. North American oak,19. Malaysian,Different clade
SACE_YCU,AMP,0.09283409606666236,23. North American oak,M1. Mosaic region 1,Different clade
SACE_YCU,ANG,0.132798888035815,23. North American oak,23. North American oak,Same clade
SACE_YCU,ANN,0.10393686594602075,23. North American oak,12. West African cocoa,Different clade
SACE_YCU,ATS,0.05998297508409524,23. North American oak,8. Mixed origin,Different clade
SACE_YCU,BAF,0.09971498445052546,23. North American oak,13. African palm wine,Different clade
SACE_YCU,BAG,0.049645069856328126,23. North American oak,15. CHNII,Different clade
SACE_YCU,BAI,0.117798622973582,23. North American oak,18. Far East Asia,Different clade
SACE_YCU,BAK,0.12634374623940015,23. North American oak,18. Far East Asia,Different clade
SACE_YCU,BAL,0.15144325101290995,23. North American oak,16. CHNI,Different clade
SACE_YCU,BAM,0.11856749619649425,23. North American oak,14. CHNIII,Different clade
SACE_YCU,BAN,0.12167227316489389,23. North American oak,20. CHN V,Different clade
SACE_YCU,BAP,0.1335037817392274,23. North American oak,20. CHN V,Different clade
SACE_YCU,BBQ,0.11425913909663729,23. North American oak,4. Mediterranean oak,Different clade
SACE_YCU,BCK,0.09271091048359593,23. North American oak,10. French Guiana human,Different clade
SACE_YCU,BDB,0.08238076373113432,23. North American oak,M2. Mosaic region 2,Different clade
SACE_YCU,BDP,0.06241540963392161,23. North American oak,10. French Guiana human,Different clade
SACE_YCU,BEF,0.05898739618813065,23. North American oak,26. Asian fermentation,Different clade
SACE_YCU,BFH,0.0774947920735516,23. North American oak,5. French dairy,Different clade
SACE_YCU,BFP,0.08615216391304645,23. North American oak,4. Mediterranean oak,Different clade
SACE_YCU,BGD,0.05387467301131114,23. North American oak,5. French dairy,Different clade
SACE_YCU,BGF,0.06336834617396345,23. North American oak,5. French dairy,Different clade
SACE_YCU,BHG,0.05704424833508605,23. North American oak,M2. Mosaic region 2,Different clade
SACE_YCU,BHK,0.07818612745837832,23. North American oak,M1. Mosaic region 1,Different clade
SACE_YCU,BHM,0.04486807128494805,23. North American oak,M1. Mosaic region 1,Different clade
SACE_YCU,BHQ,0.08212049711408585,23. North American oak,26. Asian fermentation,Different clade
SACE_YCU,BMA,0.11035310533586065,23. North American oak,19. Malaysian,Different clade
SACE_YCU,BMB,0.11319460951403301,23. North American oak,19. Malaysian,Different clade
SACE_YCU,BMC,0.05726582970366362,23. North American oak,19. Malaysian,Different clade
SACE_YCU,BNC,0.05506735516153928,23. North American oak,10. French Guiana human,Different clade
SACE_YCU,BNV,0.09118343583137511,23. North American oak,1. Wine/European,Different clade
SACE_YCU,BQM,0.0952702217480108,23. North American oak,1. Wine/European,Different clade
SACE_YCU,BVG,0.04417707885668015,23. North American oak,3. Brazilian bioethanol,Different clade
SACE_YCU,CAE,0.058649106486329115,23. North American oak,1. Wine/European,Different clade
SACE_YCU,CBN,0.0788856184427495,23. North American oak,7. Mosaic beer,Different clade
SACE_YCU,CCD,0.11729044706594371,23. North American oak,21. Ecuadorean,Different clade
SACE_YCU,CCG,0.12105976772060928,23. North American oak,21. Ecuadorean,Different clade
SACE_YCU,CCN,0.06879726175842028,23. North American oak,18. Far East Asia,Different clade
SACE_YCU,CCQ,0.12084839001905825,23. North American oak,18. Far East Asia,Different clade
SACE_YCU,CCR,0.12452306485799643,23. North American oak,18. Far East Asia,Different clade
SACE_YCU,CCS,0.12454642830185136,23. North American oak,18. Far East Asia,Different clade
SACE_YCU,CCV,0.11172025808194327,23. North American oak,24. Asian islands,Different clade
SACE_YCU,CDE,0.10398148896669367,23. North American oak,M3. Mosaic region 3,Different clade
SACE_YCU,CDL,0.15151014140839092,23. North American oak,18. Far East Asia,Different clade
SACE_YCU,CDT,0.017974059474357602,23. North American oak,2. Alpechin,Different clade
SACE_YCU,CEG,0.08934323928155795,23. North American oak,17. Taiwanese,Different clade
SACE_YCU,CFF,0.10156434118104268,23. North American oak,7. Mosaic beer,Different clade
SACE_YCU,CGL,0.06750407530879203,23. North American oak,26. Asian fermentation,Different clade
SACE_YCU,CGN,0.10525709561132943,23. North American oak,26. Asian fermentation,Different clade
SACE_YCU,CGS,0.07282556324222414,23. North American oak,1. Wine/European,Different clade
SACE_YCU,CLB,0.12392936325705362,23. North American oak,4. Mediterranean oak,Different clade
SACE_YCU,CLI,0.10948209946481577,23. North American oak,25. Sake,Different clade
SACE_YCU,CLN,0.11216722005072094,23. North American oak,25. Sake,Different clade
SACE_YCU,CLP,0.11219357932724064,23. North American oak,25. Sake,Different clade
SACE_YCU,CMI,0.06873389144579622,23. North American oak,25. Sake,Different clade
SACE_YCU,CPI,0.056104115949391485,23. North American oak,9. Mexican agave,Different clade
SACE_YCU,CPK,0.09398780660614474,23. North American oak,9. Mexican agave,Different clade
SACE_YCU,CPN,0.08871389599693243,23. North American oak,9. Mexican agave,Different clade
SACE_YCU,CQD,0.08233819782679884,23. North American oak,12. West African cocoa,Different clade
SACE_YCU,CQF,0.09385551615894842,23. North American oak,12. West African cocoa,Different clade
SACE_YCU,SACE_YCE,0.06850234279217793,23. North American oak,M3. Mosaic region 3,Different clade
SACE_YCU,SACE_YCK,0.07462709330945062,23. North American oak,26. Asian fermentation,Different clade
SACE_YCU,SACE_YCM,0.08604609540725469,23. North American oak,24. Asian islands,Different clade
SACE_YCU,SACE_YCR,0.11490093078753448,23. North American oak,18. Far East Asia,Different clade
