ID,Description,GeneRatio,BgRatio,RichFactor,FoldEnrichment,zScore,pvalue,p.adjust,qvalue,geneID,Count,direction,clade
GO:0009065,glutamine family amino acid catabolic process,3/32,11/5298,0.2727272727272727,45.153409090909086,11.426296169120812,3.196924698652292e-5,0.009750620330889491,0.009018692834092783,YLR438W/YPL111W/YHR037W,3,Downregulated,1. Wine/European
GO:0044248,cellular catabolic process,5/32,100/5298,0.05,8.278125000000001,5.727313036158959,2.911564110052583e-4,0.04440135267830189,0.04106837797337328,YDR452W/YLR438W/YPL111W/YPL095C/YHR037W,5,Downregulated,1. Wine/European
GO:0009145,purine nucleoside triphosphate biosynthetic process,9/95,20/5298,0.45,25.09578947368421,14.587179970645392,1.864293703832721e-11,5.1081647485016555e-9,4.415432456445918e-9,YDL004W/YDR322C-A/YLR295C/YPL078C/YPR020W/YBL099W/YJR121W/YKL067W/YKL016C,9,Upregulated,18. Far East Asia
GO:0009206,purine ribonucleoside triphosphate biosynthetic process,9/95,20/5298,0.45,25.09578947368421,14.587179970645392,1.864293703832721e-11,5.1081647485016555e-9,4.415432456445918e-9,YDL004W/YDR322C-A/YLR295C/YPL078C/YPR020W/YBL099W/YJR121W/YKL067W/YKL016C,9,Upregulated,18. Far East Asia
GO:1902600,proton transmembrane transport,14/95,80/5298,0.175,9.759473684210526,10.666473150732095,7.668004336913818e-11,9.951897419412515e-9,8.602293197724994e-9,YDL004W/YDR322C-A/YGL187C/YLR295C/YPL078C/YPR020W/YML120C/YMR256C/YBL099W/YJL166W/YJR121W/YKL016C/YHR001W-A/YHR051W,14,Upregulated,18. Far East Asia
GO:0006754,ATP biosynthetic process,8/95,16/5298,0.5,27.88421052631579,14.55150646848321,9.080198375376384e-11,9.951897419412515e-9,8.602293197724994e-9,YDL004W/YDR322C-A/YLR295C/YPL078C/YPR020W/YBL099W/YJR121W/YKL016C,8,Upregulated,18. Far East Asia
GO:0015986,proton motive force-driven ATP synthesis,8/95,16/5298,0.5,27.88421052631579,14.55150646848321,9.080198375376384e-11,9.951897419412515e-9,8.602293197724994e-9,YDL004W/YDR322C-A/YLR295C/YPL078C/YPR020W/YBL099W/YJR121W/YKL016C,8,Upregulated,18. Far East Asia
GO:0009201,ribonucleoside triphosphate biosynthetic process,9/95,24/5298,0.375,20.91315789473684,13.210692130778774,1.368155114766465e-10,1.2495816714867046e-8,1.0801224590261565e-8,YDL004W/YDR322C-A/YLR295C/YPL078C/YPR020W/YBL099W/YJR121W/YKL067W/YKL016C,9,Upregulated,18. Far East Asia
GO:0009142,nucleoside triphosphate biosynthetic process,9/95,28/5298,0.32142857142857145,17.925563909774436,12.132959033915652,6.813303052999063e-10,5.3338429614906955e-8,4.610505825337712e-8,YDL004W/YDR322C-A/YLR295C/YPL078C/YPR020W/YBL099W/YJR121W/YKL067W/YKL016C,9,Upregulated,18. Far East Asia
GO:0009060,aerobic respiration,13/95,84/5298,0.15476190476190477,8.630827067669173,9.525233206502296,1.894214120279943e-9,1.297536672391761e-7,1.1215741501657559e-7,YDL066W/YGL187C/YML120C/YMR002W/YMR256C/YBL030C/YNR001C/YJL166W/YJR121W/YKL148C/YKL085W/YHR001W-A/YHR051W,13,Upregulated,18. Far East Asia
GO:0140053,mitochondrial gene expression,17/95,164/5298,0.10365853658536585,5.780872913992297,8.403323202389759,3.0489897945059604e-9,1.8564960082102957e-7,1.604731470792611e-7,YDL044C/YDL033C/YDR115W/YDR116C/YOR017W/YGR150C/YGR165W/YLR312W-A/YPL215W/YPR100W/YML091C/YMR098C/YMR158W/YBR185C/YKL194C/YKR006C/YFL036W,17,Upregulated,18. Far East Asia
GO:0045333,cellular respiration,13/95,98/5298,0.1326530612244898,7.397851772287863,8.637646297367244,1.3255010395901777e-8,7.244544849824571e-7,6.262092167539488e-7,YDL066W/YGL187C/YML120C/YMR002W/YMR256C/YBL030C/YNR001C/YJL166W/YJR121W/YKL148C/YKL085W/YHR001W-A/YHR051W,13,Upregulated,18. Far East Asia
GO:0009205,purine ribonucleoside triphosphate metabolic process,10/95,51/5298,0.19607843137254902,10.93498452012384,9.632668770731044,1.482396664839626e-8,7.244544849824571e-7,6.262092167539488e-7,YDL004W/YDR322C-A/YLR295C/YPL078C/YPR020W/YBL099W/YJR009C/YJR121W/YKL067W/YKL016C,10,Upregulated,18. Far East Asia
GO:0098660,inorganic ion transmembrane transport,16/95,160/5298,0.1,5.576842105263158,7.942893649540997,1.586396682443337e-8,7.244544849824571e-7,6.262092167539488e-7,YDL004W/YDR322C-A/YGL187C/YLR295C/YPL078C/YPR020W/YML120C/YMR256C/YBL099W/YJL166W/YJR077C/YJR121W/YKL016C/YHR001W-A/YHR051W/YFR040W,16,Upregulated,18. Far East Asia
GO:0098662,inorganic cation transmembrane transport,15/95,141/5298,0.10638297872340426,5.932810750279955,8.021495064980389,2.0173122019610795e-8,8.503746820574396e-7,7.350530290546444e-7,YDL004W/YDR322C-A/YGL187C/YLR295C/YPL078C/YPR020W/YML120C/YMR256C/YBL099W/YJL166W/YJR121W/YKL016C/YHR001W-A/YHR051W/YFR040W,15,Upregulated,18. Far East Asia
GO:0009144,purine nucleoside triphosphate metabolic process,10/95,53/5298,0.18867924528301888,10.522343594836148,9.413668762417439,2.1964269426814092e-8,8.597442604210089e-7,7.431519730876949e-7,YDL004W/YDR322C-A/YLR295C/YPL078C/YPR020W/YBL099W/YJR009C/YJR121W/YKL067W/YKL016C,10,Upregulated,18. Far East Asia
GO:0098655,monoatomic cation transmembrane transport,15/95,143/5298,0.1048951048951049,5.849834376150166,7.943839621853995,2.4478318171333578e-8,8.9427455719272e-7,7.729995212000078e-7,YDL004W/YDR322C-A/YGL187C/YLR295C/YPL078C/YPR020W/YML120C/YMR256C/YBL099W/YJL166W/YJR121W/YKL016C/YHR001W-A/YHR051W/YFR040W,15,Upregulated,18. Far East Asia
GO:0009152,purine ribonucleotide biosynthetic process,9/95,41/5298,0.21951219512195122,12.241848523748395,9.763612735130078,2.8530010861373756e-8,9.771528720020512e-7,8.446384794485652e-7,YDL004W/YDR322C-A/YLR295C/YPL078C/YPR020W/YBL099W/YJR121W/YKL067W/YKL016C,9,Upregulated,18. Far East Asia
GO:0009199,ribonucleoside triphosphate metabolic process,10/95,56/5298,0.17857142857142858,9.958646616541353,9.1062126344825,3.837274021047609e-8,1.2369565667847586e-6,1.0692094795488693e-6,YDL004W/YDR322C-A/YLR295C/YPL078C/YPR020W/YBL099W/YJR009C/YJR121W/YKL067W/YKL016C,10,Upregulated,18. Far East Asia
GO:0006119,oxidative phosphorylation,8/95,31/5298,0.25806451612903225,14.391850594227504,10.10391442675663,4.462894958832826e-8,1.3587035763557715e-6,1.1744460417981121e-6,YGL187C/YML120C/YMR256C/YJL166W/YJR121W/YKL148C/YHR001W-A/YHR051W,8,Upregulated,18. Far East Asia
GO:0034220,monoatomic ion transmembrane transport,15/95,151/5298,0.09933774834437085,5.53990937608923,7.647305665007932,5.1410883906987735e-8,1.4827981253173304e-6,1.281711787154819e-6,YDL004W/YDR322C-A/YGL187C/YLR295C/YPL078C/YPR020W/YML120C/YMR256C/YBL099W/YJL166W/YJR121W/YKL016C/YHR001W-A/YHR051W/YFR040W,15,Upregulated,18. Far East Asia
GO:0006812,monoatomic cation transport,16/95,179/5298,0.0893854748603352,4.984886798000588,7.3282422168239405,7.902744850934994e-8,2.1653520891561884e-6,1.8717027278530251e-6,YDL004W/YDR322C-A/YGL187C/YLR295C/YPL078C/YPR020W/YML120C/YMR256C/YBL099W/YBL030C/YJL166W/YJR121W/YKL016C/YHR001W-A/YHR051W/YFR040W,16,Upregulated,18. Far East Asia
GO:0046034,ATP metabolic process,9/95,46/5298,0.1956521739130435,10.91121281464531,9.12206651727837,8.333917769765139e-8,2.1747556846815694e-6,1.8798310758868737e-6,YDL004W/YDR322C-A/YLR295C/YPL078C/YPR020W/YBL099W/YJR009C/YJR121W/YKL016C,9,Upregulated,18. Far East Asia
GO:0009141,nucleoside triphosphate metabolic process,10/95,63/5298,0.15873015873015872,8.852130325814535,8.47128527490884,1.242203866642334e-7,3.094216904181814e-6,2.6746016267418674e-6,YDL004W/YDR322C-A/YLR295C/YPL078C/YPR020W/YBL099W/YJR009C/YJR121W/YKL067W/YKL016C,10,Upregulated,18. Far East Asia
GO:0019646,aerobic electron transport chain,7/95,26/5298,0.2692307692307692,15.014574898785424,9.67896185477512,2.3765033703799122e-7,5.662277595513877e-6,4.894400533963206e-6,YGL187C/YML120C/YMR256C/YJL166W/YKL148C/YHR001W-A/YHR051W,7,Upregulated,18. Far East Asia
GO:0006811,monoatomic ion transport,16/95,195/5298,0.08205128205128205,4.57587044534413,6.874421760155469,2.6145483770714294e-7,5.9698854609797634e-6,5.160292849483084e-6,YDL004W/YDR322C-A/YGL187C/YLR295C/YPL078C/YPR020W/YML120C/YMR256C/YBL099W/YBL030C/YJL166W/YJR121W/YKL016C/YHR001W-A/YHR051W/YFR040W,16,Upregulated,18. Far East Asia
GO:0042773,ATP synthesis coupled electron transport,7/95,27/5298,0.25925925925925924,14.458479532163741,9.472862827171616,3.161654721081811e-7,6.663795335203201e-6,5.760099694278603e-6,YGL187C/YML120C/YMR256C/YJL166W/YKL148C/YHR001W-A/YHR051W,7,Upregulated,18. Far East Asia
GO:0042775,mitochondrial ATP synthesis coupled electron transport,7/95,27/5298,0.25925925925925924,14.458479532163741,9.472862827171616,3.161654721081811e-7,6.663795335203201e-6,5.760099694278603e-6,YGL187C/YML120C/YMR256C/YJL166W/YKL148C/YHR001W-A/YHR051W,7,Upregulated,18. Far East Asia
GO:0015980,energy derivation by oxidation of organic compounds,14/95,151/5298,0.09271523178807947,5.170582084349948,7.025187808375118,3.5683077882602565e-7,7.217205696109599e-6,6.238460551765884e-6,YDL066W/YGL187C/YML120C/YMR002W/YMR145C/YMR256C/YBL030C/YNR001C/YJL166W/YJR121W/YKL148C/YKL085W/YHR001W-A/YHR051W,14,Upregulated,18. Far East Asia
GO:0006163,purine nucleotide metabolic process,13/95,129/5298,0.10077519379844961,5.620073439412485,7.177783326215765,3.687623348377167e-7,7.217205696109599e-6,6.238460551765884e-6,YDL066W/YDL004W/YDR322C-A/YLR295C/YPL078C/YPR020W/YML120C/YMR145C/YBL099W/YJR009C/YJR121W/YKL067W/YKL016C,13,Upregulated,18. Far East Asia
GO:0009260,ribonucleotide biosynthetic process,9/95,55/5298,0.16363636363636364,9.125741626794259,8.184728938802369,4.211863347959885e-7,7.958969360972472e-6,6.8796316028382876e-6,YDL004W/YDR322C-A/YLR295C/YPL078C/YPR020W/YBL099W/YJR121W/YKL067W/YKL016C,9,Upregulated,18. Far East Asia
GO:0009150,purine ribonucleotide metabolic process,10/95,72/5298,0.1388888888888889,7.74561403508772,7.7866904488521556,4.5636167871673735e-7,8.336206664559068e-6,7.205710716580063e-6,YDL004W/YDR322C-A/YLR295C/YPL078C/YPR020W/YBL099W/YJR009C/YJR121W/YKL067W/YKL016C,10,Upregulated,18. Far East Asia
GO:0007005,mitochondrion organization,16/95,204/5298,0.0784313725490196,4.373993808049535,6.640178754644184,4.860782011624224e-7,8.437075485132416e-6,7.292900438550878e-6,YDR322C-A/YOL095C/YGR150C/YLR295C/YPL215W/YPR020W/YPR100W/YML091C/YMR002W/YMR098C/YBR185C/YNL121C/YNL100W/YNR040W/YJR144W/YFL036W,16,Upregulated,18. Far East Asia
GO:0072521,purine-containing compound metabolic process,15/95,179/5298,0.08379888268156424,4.673331373125551,6.755289023123348,4.926759407376593e-7,8.437075485132416e-6,7.292900438550878e-6,YDL066W/YDL004W/YDR322C-A/YLR295C/YPL078C/YPR020W/YML120C/YMR145C/YBL099W/YNL141W/YNR001C/YJR009C/YJR121W/YKL067W/YKL016C,15,Upregulated,18. Far East Asia
GO:0022904,respiratory electron transport chain,7/95,30/5298,0.23333333333333334,13.012631578947369,8.915090949070288,6.936681858233069e-7,1.1519095934277945e-5,9.95695960511924e-6,YGL187C/YML120C/YMR256C/YJL166W/YKL148C/YHR001W-A/YHR051W,7,Upregulated,18. Far East Asia
GO:0055085,transmembrane transport,23/95,422/5298,0.054502369668246446,3.039511100024944,5.900656405708612,8.769703125998257e-7,1.3824807726363637e-5,1.1949987469964728e-5,YDL004W/YDR322C-A/YGL187C/YLR188W/YLR295C/YPL078C/YPR011C/YPR020W/YML120C/YMR256C/YBL099W/YBL030C/YNL121C/YJL166W/YJR077C/YJR121W/YKL188C/YKL016C/YEL063C/YHR001W-A/YHR051W/YCL025C/YFR040W,23,Upregulated,18. Far East Asia
GO:0022900,electron transport chain,7/95,31/5298,0.22580645161290322,12.592869269949066,8.746614834146355,8.829712963918382e-7,1.3824807726363637e-5,1.1949987469964728e-5,YGL187C/YML120C/YMR256C/YJL166W/YKL148C/YHR001W-A/YHR051W,7,Upregulated,18. Far East Asia
GO:0046390,ribose phosphate biosynthetic process,9/95,61/5298,0.14754098360655737,8.228127696289905,7.671836225709933,1.0514377489579938e-6,1.6005219067471682e-5,1.3834707223131498e-5,YDL004W/YDR322C-A/YLR295C/YPL078C/YPR020W/YBL099W/YJR121W/YKL067W/YKL016C,9,Upregulated,18. Far East Asia
GO:0006091,generation of precursor metabolites and energy,15/95,195/5298,0.07692307692307693,4.289878542510121,6.324617456526351,1.4826735910186242e-6,2.1959598050762326e-5,1.8981596471077693e-05,YDL066W/YGL187C/YML120C/YMR002W/YMR145C/YMR256C/YBL030C/YNR001C/YJL166W/YJR009C/YJR121W/YKL148C/YKL085W/YHR001W-A/YHR051W,15,Upregulated,18. Far East Asia
GO:0006164,purine nucleotide biosynthetic process,9/95,64/5298,0.140625,7.842434210526315,7.441039918866629,1.5975172529173183e-6,2.3037880384176063e-5,1.9913649967113385e-5,YDL004W/YDR322C-A/YLR295C/YPL078C/YPR020W/YBL099W/YJR121W/YKL067W/YKL016C,9,Upregulated,18. Far East Asia
GO:0009117,nucleotide metabolic process,14/95,174/5298,0.08045977011494253,4.487114337568058,6.319549606651995,2.0182335462424386e-6,2.83587688036117e-5,2.45129580515276e-5,YDL066W/YDL004W/YDR322C-A/YLR295C/YPL078C/YPR020W/YML120C/YMR145C/YBL099W/YNL141W/YJR009C/YJR121W/YKL067W/YKL016C,14,Upregulated,18. Far East Asia
GO:0072522,purine-containing compound biosynthetic process,10/95,86/5298,0.11627906976744186,6.484700122399021,6.92866853989977,2.4510231021961725e-6,3.357901650008756e-5,2.9025273578638887e-5,YDL004W/YDR322C-A/YLR295C/YPL078C/YPR020W/YBL099W/YNL141W/YJR121W/YKL067W/YKL016C,10,Upregulated,18. Far East Asia
GO:0009259,ribonucleotide metabolic process,10/95,87/5298,0.11494252873563218,6.41016333938294,6.874788519814257,2.728757098178879e-6,3.647216804395185e-5,3.1526076872413236e-5,YDL004W/YDR322C-A/YLR295C/YPL078C/YPR020W/YBL099W/YJR009C/YJR121W/YKL067W/YKL016C,10,Upregulated,18. Far East Asia
GO:0007007,inner mitochondrial membrane organization,7/95,37/5298,0.1891891891891892,10.550782361308677,7.876903699932797,3.166540270955224e-6,4.131581115436816e-5,3.571286019874313e-5,YDR322C-A/YLR295C/YPR020W/YBR185C/YNL121C/YNL100W/YNR040W,7,Upregulated,18. Far East Asia
GO:0019693,ribose phosphate metabolic process,10/95,94/5298,0.10638297872340426,5.932810750279955,6.519880155686607,5.561230966850192e-6,7.087336208916057e-5,6.126203023457984e-5,YDL004W/YDR322C-A/YLR295C/YPL078C/YPR020W/YBL099W/YJR009C/YJR121W/YKL067W/YKL016C,10,Upregulated,18. Far East Asia
GO:0006753,nucleoside phosphate metabolic process,15/95,229/5298,0.06550218340611354,3.652953344058837,5.545440936857129,1.0931598436243284e-5,1.3614808961503e-4,1.1768467216051383e-4,YDL066W/YDL004W/YDR322C-A/YLR295C/YPL078C/YPR020W/YML120C/YMR145C/YBL099W/YNL141W/YNR001C/YJR009C/YJR121W/YKL067W/YKL016C,15,Upregulated,18. Far East Asia
GO:0032543,mitochondrial translation,11/95,133/5298,0.08270676691729323,4.612425801345469,5.700848098990556,2.1354923630137256e-5,2.60055514429227e-4,2.2478866979091852e-4,YDL044C/YDR115W/YDR116C/YGR165W/YLR312W-A/YPL215W/YPR100W/YMR158W/YBR185C/YKL194C/YKR006C,11,Upregulated,18. Far East Asia
GO:0055086,nucleobase-containing small molecule metabolic process,15/95,246/5298,0.06097560975609756,3.400513478818999,5.209426412509275,2.5785724479625425e-5,3.071864568442333e-4,2.65528055282184e-4,YDL066W/YDL004W/YDR322C-A/YLR295C/YPL078C/YPR020W/YML120C/YMR145C/YBL099W/YNL141W/YNR001C/YJR009C/YJR121W/YKL067W/YKL016C,15,Upregulated,18. Far East Asia
GO:0042407,cristae formation,4/95,11/5298,0.36363636363636365,20.279425837320574,8.648397837810169,2.9083015620083734e-5,3.390955863788486e-4,2.9310989986646547e-4,YDR322C-A/YLR295C/YPR020W/YNL100W,4,Upregulated,18. Far East Asia
GO:0009165,nucleotide biosynthetic process,9/95,96/5298,0.09375,5.22828947368421,5.648914880632804,4.691345114505136e-5,5.35595233906003e-4,4.629616889314279e-4,YDL004W/YDR322C-A/YLR295C/YPL078C/YPR020W/YBL099W/YJR121W/YKL067W/YKL016C,9,Upregulated,18. Far East Asia
GO:0007006,mitochondrial membrane organization,7/95,56/5298,0.125,6.971052631578948,6.069407271233133,5.4037299484033206e-5,6.043355125969429e-4,5.223799090830278e-4,YDR322C-A/YLR295C/YPR020W/YBR185C/YNL121C/YNL100W/YNR040W,7,Upregulated,18. Far East Asia
GO:1901293,nucleoside phosphate biosynthetic process,10/95,124/5298,0.08064516129032258,4.497453310696095,5.32475257373121,6.444630084750926e-5,7.063314572887015e-4,6.105439027658773e-4,YDL004W/YDR322C-A/YLR295C/YPL078C/YPR020W/YBL099W/YNL141W/YJR121W/YKL067W/YKL016C,10,Upregulated,18. Far East Asia
GO:0006915,apoptotic process,5/95,37/5298,0.13513513513513514,7.536273115220483,5.3907200412843235,4.616317262721332e-4,0.00496027815680645,0.0042876011728061915,YML120C/YMR145C/YBL030C/YNL180C/YJR009C,5,Upregulated,18. Far East Asia
GO:0000963,mitochondrial RNA processing,4/95,22/5298,0.18181818181818182,10.139712918660287,5.804186754260289,5.540377686815981e-4,0.0058387057161060725,0.005046902751148162,YDL033C/YOR017W/YGR150C/YML091C,4,Upregulated,18. Far East Asia
GO:0006123,"mitochondrial electron transport, cytochrome c to oxygen",3/95,11/5298,0.2727272727272727,15.209569377990428,6.374152950496014,8.30374806237426e-4,0.00836357209665561,0.0072293650470515265,YGL187C/YMR256C/YHR051W,3,Upregulated,18. Far East Asia
GO:0008219,cell death,5/95,42/5298,0.11904761904761904,6.639097744360901,4.957428572277673,8.394096082409828e-4,0.00836357209665561,0.0072293650470515265,YML120C/YMR145C/YBL030C/YNL180C/YJR009C,5,Upregulated,18. Far East Asia
GO:0012501,programmed cell death,5/95,42/5298,0.11904761904761904,6.639097744360901,4.957428572277673,8.394096082409828e-4,0.00836357209665561,0.0072293650470515265,YML120C/YMR145C/YBL030C/YNL180C/YJR009C,5,Upregulated,18. Far East Asia
GO:0000959,mitochondrial RNA metabolic process,5/95,45/5298,0.1111111111111111,6.196491228070175,4.730016232587858,0.001155589042719653,0.011308264203756606,0.009774719346312855,YDL033C/YOR017W/YML091C/YKL194C/YFL036W,5,Upregulated,18. Far East Asia
GO:0006099,tricarboxylic acid cycle,4/95,28/5298,0.14285714285714285,7.966917293233082,4.994180552097304,0.0014282332231132268,0.013731084320456987,0.011868974153295514,YDL066W/YNR001C/YKL148C/YKL085W,4,Upregulated,18. Far East Asia
GO:0019637,organophosphate metabolic process,16/95,397/5298,0.04030226700251889,2.2475937955720537,3.492014067505993,0.001640579828591195,0.015500650794275431,0.013398564843303772,YDL066W/YDL004W/YDR322C-A/YGR157W/YLR295C/YPL078C/YPR020W/YML120C/YMR145C/YBL099W/YNL141W/YNR001C/YJR009C/YJR121W/YKL067W/YKL016C,16,Upregulated,18. Far East Asia
GO:0000002,mitochondrial genome maintenance,5/95,51/5298,0.09803921568627451,5.46749226006192,4.331549091980335,0.0020416091494101455,0.018962742608080674,0.01639115284985844,YOL095C/YGR150C/YPR100W/YJR144W/YFL036W,5,Upregulated,18. Far East Asia
GO:0006793,phosphorus metabolic process,17/95,473/5298,0.035940803382663845,2.0043618560142424,3.09258751495256,0.003939691363276958,0.03598251445126288,0.03110282655218652,YDL066W/YDL004W/YDR322C-A/YGR157W/YLR295C/YPL078C/YPR020W/YML120C/YMR145C/YBL099W/YNL217W/YNL141W/YNR001C/YJR009C/YJR121W/YKL067W/YKL016C,17,Upregulated,18. Far East Asia
GO:0170034,L-amino acid biosynthetic process,21/214,105/5298,0.2,4.951401869158879,8.389880815360666,6.494959844160094e-10,6.287121129146971e-7,6.112099053346446e-7,YDL182W/YDL131W/YDR034C/YDR354W/YOL058W/YLL062C/YLR303W/YMR062C/YBR115C/YBR248C/YNL277W/YNR050C/YJL088W/YKL001C/YER069W/YER090W/YER091C/YHR018C/YIL116W/YIL094C/YIR034C,21,Downregulated,18. Far East Asia
GO:0170038,proteinogenic amino acid biosynthetic process,21/214,109/5298,0.1926605504587156,4.769699048272314,8.158253496598403,1.3426327009172895e-9,6.498342272439681e-7,6.317440182210825e-7,YDL182W/YDL131W/YDR034C/YDR354W/YOL058W/YLL062C/YLR303W/YMR062C/YBR115C/YBR248C/YNL277W/YNR050C/YJL088W/YKL001C/YER069W/YER090W/YER091C/YHR018C/YIL116W/YIL094C/YIR034C,21,Downregulated,18. Far East Asia
GO:1901607,alpha-amino acid biosynthetic process,21/214,116/5298,0.1810344827586207,4.481872381566227,7.778793483285223,4.408245762309087e-9,1.4223939659717322e-6,1.3827970917559033e-6,YDL182W/YDL131W/YDR034C/YDR354W/YOL058W/YLL062C/YLR303W/YMR062C/YBR115C/YBR248C/YNL277W/YNR050C/YJL088W/YKL001C/YER069W/YER090W/YER091C/YHR018C/YIL116W/YIL094C/YIR034C,21,Downregulated,18. Far East Asia
GO:0170033,L-amino acid metabolic process,23/214,143/5298,0.16083916083916083,3.9818966080648326,7.415925651267607,8.479983594444975e-9,2.0521560298556838e-6,1.995027719324686e-6,YDL182W/YDL131W/YDR034C/YDR354W/YOL058W/YLL062C/YLR283W/YLR303W/YMR062C/YBR006W/YBR115C/YBR248C/YNL277W/YNR050C/YJL088W/YKL001C/YER069W/YER090W/YER091C/YHR018C/YIL116W/YIL094C/YIR034C,23,Downregulated,18. Far East Asia
GO:0170039,proteinogenic amino acid metabolic process,23/214,145/5298,0.15862068965517243,3.926973896229456,7.331483835098744,1.1166163776285886e-8,2.1185570239605963e-6,2.0595802299051474e-6,YDL182W/YDL131W/YDR034C/YDR354W/YOL058W/YLL062C/YLR283W/YLR303W/YMR062C/YBR006W/YBR115C/YBR248C/YNL277W/YNR050C/YJL088W/YKL001C/YER069W/YER090W/YER091C/YHR018C/YIL116W/YIL094C/YIR034C,23,Downregulated,18. Far East Asia
GO:1901605,alpha-amino acid metabolic process,24/214,159/5298,0.1509433962264151,3.7369070710633046,7.188502152950065,1.4415311339055004e-8,2.1185570239605963e-6,2.0595802299051474e-6,YDL182W/YDL131W/YDR034C/YDR354W/YOL058W/YLL062C/YLR283W/YLR303W/YMR062C/YBR006W/YBR115C/YBR248C/YNL277W/YNR050C/YJL088W/YKL001C/YER069W/YER090W/YER091C/YHR018C/YHR112C/YIL116W/YIL094C/YIR034C,24,Downregulated,18. Far East Asia
GO:0008652,amino acid biosynthetic process,21/214,124/5298,0.1693548387096774,4.1927193246909855,7.3803587615308786,1.53201437683101e-8,2.1185570239605963e-6,2.0595802299051474e-6,YDL182W/YDL131W/YDR034C/YDR354W/YOL058W/YLL062C/YLR303W/YMR062C/YBR115C/YBR248C/YNL277W/YNR050C/YJL088W/YKL001C/YER069W/YER090W/YER091C/YHR018C/YIL116W/YIL094C/YIR034C,21,Downregulated,18. Far East Asia
GO:0044283,small molecule biosynthetic process,34/214,328/5298,0.10365853658536585,2.5662753590152723,6.008221641143201,2.2166035115233243e-7,2.3892236360361944e-5,2.3227119732670267e-5,YDL182W/YDL168W/YDL131W/YDR034C/YDR287W/YDR354W/YDR533C/YOL058W/YLL062C/YLR228C/YLR303W/YPR067W/YMR062C/YMR278W/YMR303C/YBR115C/YBR248C/YNL277W/YNR050C/YNR057C/YJL088W/YKL001C/YER062C/YER069W/YER090W/YER091C/YHR018C/YHR046C/YIL116W/YIL094C/YIL053W/YIL049W/YIR034C/YFL059W,34,Downregulated,18. Far East Asia
GO:0019878,lysine biosynthetic process via aminoadipic acid,7/214,13/5298,0.5384615384615384,13.330697340043134,9.13179010327036,2.221385612017123e-7,2.3892236360361944e-5,2.3227119732670267e-5,YDL182W/YDL131W/YDR034C/YBR115C/YNR050C/YIL094C/YIR034C,7,Downregulated,18. Far East Asia
GO:0006520,amino acid metabolic process,27/214,226/5298,0.11946902654867257,2.957695806798445,6.170621527288082,2.685033022120833e-7,2.5194038316756834e-5,2.449268187818683e-5,YDL182W/YDL168W/YDL131W/YDR034C/YDR354W/YOL058W/YLL062C/YLR283W/YLR303W/YMR062C/YMR303C/YBR006W/YBR115C/YBR248C/YNL277W/YNR050C/YJL088W/YKL001C/YER069W/YER090W/YER091C/YHR018C/YHR112C/YIL116W/YIL094C/YIR034C/YFL059W,27,Downregulated,18. Far East Asia
GO:0016053,organic acid biosynthetic process,24/214,186/5298,0.12903225806451613,3.19445281881218,6.250379682653042,3.1232278905070454e-7,2.5194038316756834e-5,2.449268187818683e-5,YDL182W/YDL131W/YDR034C/YDR354W/YDR533C/YOL058W/YLL062C/YLR303W/YPR067W/YMR062C/YBR115C/YBR248C/YNL277W/YNR050C/YNR057C/YJL088W/YKL001C/YER069W/YER090W/YER091C/YHR018C/YIL116W/YIL094C/YIR034C,24,Downregulated,18. Far East Asia
GO:0046394,carboxylic acid biosynthetic process,24/214,186/5298,0.12903225806451613,3.19445281881218,6.250379682653042,3.1232278905070454e-7,2.5194038316756834e-5,2.449268187818683e-5,YDL182W/YDL131W/YDR034C/YDR354W/YDR533C/YOL058W/YLL062C/YLR303W/YPR067W/YMR062C/YBR115C/YBR248C/YNL277W/YNR050C/YNR057C/YJL088W/YKL001C/YER069W/YER090W/YER091C/YHR018C/YIL116W/YIL094C/YIR034C,24,Downregulated,18. Far East Asia
GO:0009067,aspartate family amino acid biosynthetic process,12/214,49/5298,0.24489795918367346,6.062941064276178,7.304352570472848,3.4134516716109996e-7,2.5417086293226522e-5,2.4709520602592987e-5,YDL182W/YDL131W/YDR034C/YLL062C/YLR303W/YBR115C/YNL277W/YNR050C/YKL001C/YER091C/YIL094C/YIR034C,12,Downregulated,18. Far East Asia
GO:0019752,carboxylic acid metabolic process,34/214,339/5298,0.10029498525073746,2.483003887188818,5.789808327002432,4.896594934897665e-7,3.385645640700671e-5,3.2913953923297085e-5,YDL182W/YDL131W/YDL078C/YDR034C/YDR253C/YDR354W/YDR533C/YOL136C/YOL058W/YGR254W/YLL062C/YLR283W/YLR303W/YPR067W/YMR062C/YMR246W/YBR006W/YBR115C/YBR248C/YNL277W/YNR050C/YNR057C/YJL088W/YJR010W/YKL001C/YER069W/YER090W/YER091C/YHR018C/YHR112C/YIL116W/YIL094C/YIR034C/YFR053C,34,Downregulated,18. Far East Asia
GO:0009085,lysine biosynthetic process,7/214,15/5298,0.4666666666666667,11.553271028037384,8.396755708066305,7.771083062159195e-7,5.0149389361134e-5,4.8753321105756634e-5,YDL182W/YDL131W/YDR034C/YBR115C/YNR050C/YIL094C/YIR034C,7,Downregulated,18. Far East Asia
GO:0006553,lysine metabolic process,7/214,16/5298,0.4375,10.831191588785046,8.07952919786444,1.3343873790241743e-6,8.073043643096254e-5,7.848304716102709e-5,YDL182W/YDL131W/YDR034C/YBR115C/YNR050C/YIL094C/YIR034C,7,Downregulated,18. Far East Asia
GO:0043436,oxoacid metabolic process,34/214,355/5298,0.09577464788732394,2.371093852836646,5.486623473720513,1.4443210791854367e-6,8.224134145008839e-5,7.995189131837651e-5,YDL182W/YDL131W/YDL078C/YDR034C/YDR253C/YDR354W/YDR533C/YOL136C/YOL058W/YGR254W/YLL062C/YLR283W/YLR303W/YPR067W/YMR062C/YMR246W/YBR006W/YBR115C/YBR248C/YNL277W/YNR050C/YNR057C/YJL088W/YJR010W/YKL001C/YER069W/YER090W/YER091C/YHR018C/YHR112C/YIL116W/YIL094C/YIR034C/YFR053C,34,Downregulated,18. Far East Asia
GO:0006082,organic acid metabolic process,34/214,357/5298,0.09523809523809523,2.35781041388518,5.449854636550103,1.6442097264179248e-6,8.842194528736395e-5,8.596043832851606e-5,YDL182W/YDL131W/YDL078C/YDR034C/YDR253C/YDR354W/YDR533C/YOL136C/YOL058W/YGR254W/YLL062C/YLR283W/YLR303W/YPR067W/YMR062C/YMR246W/YBR006W/YBR115C/YBR248C/YNL277W/YNR050C/YNR057C/YJL088W/YJR010W/YKL001C/YER069W/YER090W/YER091C/YHR018C/YHR112C/YIL116W/YIL094C/YIR034C/YFR053C,34,Downregulated,18. Far East Asia
GO:0009066,aspartate family amino acid metabolic process,12/214,59/5298,0.2033898305084746,5.035323934737843,6.394392817627841,2.8951033943407417e-6,1.4749789924851779e-4,1.4339182462828936e-4,YDL182W/YDL131W/YDR034C/YLL062C/YLR303W/YBR115C/YNL277W/YNR050C/YKL001C/YER091C/YIL094C/YIR034C,12,Downregulated,18. Far East Asia
GO:0006790,sulfur compound metabolic process,16/214,125/5298,0.128,3.1688971962616823,5.0343318167245865,3.5697798117724796e-5,0.00172777342889788,0.0016796753430129458,YDR253C/YOR285W/YGR154C/YLL062C/YLR299W/YLR303W/YPR067W/YMR246W/YNL277W/YNR057C/YJR010W/YKL001C/YER091C/YHR112C/YFL059W/YFR030W,16,Downregulated,18. Far East Asia
GO:0006526,L-arginine biosynthetic process,5/214,12/5298,0.4166666666666667,10.315420560747663,6.627482848442648,6.44400075422143e-5,0.002970377490517307,0.002887687556027047,YOL058W/YMR062C/YJL088W/YER069W/YHR018C,5,Downregulated,18. Far East Asia
GO:0170041,non-proteinogenic amino acid metabolic process,8/214,36/5298,0.2222222222222222,5.501557632398754,5.5597817726730305,7.071347759857363e-5,0.00311139301433724,0.003024777462828939,YOL058W/YLR303W/YMR062C/YBR006W/YJL088W/YER069W/YHR018C/YHR112C,8,Downregulated,18. Far East Asia
GO:0006525,arginine metabolic process,5/214,17/5298,0.29411764705882354,7.281473336998351,5.321658477004786,4.264675079235453e-4,0.017357653875652572,0.016874448200123314,YOL058W/YMR062C/YJL088W/YER069W/YHR018C,5,Downregulated,18. Far East Asia
GO:0000096,sulfur amino acid metabolic process,8/214,46/5298,0.17391304347826086,4.305566842746851,4.619357803793219,4.303550547682456e-4,0.017357653875652572,0.016874448200123314,YDR253C/YLL062C/YLR303W/YNL277W/YJR010W/YKL001C/YER091C/YHR112C,8,Downregulated,18. Far East Asia
GO:0009064,glutamine family amino acid metabolic process,7/214,38/5298,0.18421052631578946,4.560501721593703,4.518863558367395,6.886624004390019e-4,0.026665008144998153,0.025922702568103903,YOL058W/YLR283W/YMR062C/YBR006W/YJL088W/YER069W/YHR018C,7,Downregulated,18. Far East Asia
GO:0009628,response to abiotic stimulus,17/214,180/5298,0.09444444444444444,2.3381619937694706,3.747260670456597,8.678088269719068e-4,0.03230919017341561,0.031409760781898166,YDL022W/YDR001C/YDR171W/YDR192C/YOR007C/YLL026W/YPL240C/YBR066C/YJR066W/YEL047C/YER062C/YER150W/YHL027W/YIL135C/YIL053W/YFL014W/YAL053W,17,Downregulated,18. Far East Asia
GO:0044272,sulfur compound biosynthetic process,10/214,78/5298,0.1282051282051282,3.173975557153127,3.96812924378646,0.0010610079024664446,0.038039098132871055,0.036980158471929876,YLL062C/YLR303W/YPR067W/YNL277W/YNR057C/YJR010W/YKL001C/YER091C/YFL059W/YFR030W,10,Downregulated,18. Far East Asia
GO:0019878,lysine biosynthetic process via aminoadipic acid,7/226,13/5298,0.5384615384615384,12.62287270251872,8.856094564151228,3.2318349059661403e-7,3.270616924837734e-4,3.2624522892858195e-4,YDL182W/YDL131W/YDR234W/YGL202W/YJL200C/YIL094C/YIR034C,7,Downregulated,19. Malaysian
GO:0009085,lysine biosynthetic process,7/226,15/5298,0.4666666666666667,10.939823008849558,8.136985818551826,1.125984627581203e-6,5.697482215560887e-4,5.683259251844071e-4,YDL182W/YDL131W/YDR234W/YGL202W/YJL200C/YIL094C/YIR034C,7,Downregulated,19. Malaysian
GO:0006553,lysine metabolic process,7/226,16/5298,0.4375,10.25608407079646,7.826501396156872,1.929510631860617e-6,6.508882531476481e-4,6.492634020892391e-4,YDL182W/YDL131W/YDR234W/YGL202W/YJL200C/YIL094C/YIR034C,7,Downregulated,19. Malaysian
GO:0044283,small molecule biosynthetic process,32/226,328/5298,0.0975609756097561,2.2870710123030435,5.079732235749507,6.793860089648528e-6,0.0013897565439701578,0.0013862872120526122,YDL182W/YDL131W/YDR234W/YDR487C/YOL058W/YGL256W/YGL202W/YGR012W/YGR175C/YLL027W/YLR231C/YPL252C/YPL133C/YPL028W/YML081W/YML008C/YMR134W/YBR159W/YBR239C/YNL104C/YJL200C/YJL088W/YJR016C/YER069W/YER073W/YHR007C/YHR208W/YIL094C/YIL051C/YIR033W/YIR034C/YCL030C,32,Downregulated,19. Malaysian
GO:0006520,amino acid metabolic process,25/226,226/5298,0.11061946902654868,2.593194455321482,5.166696689089867,8.756753995894155e-6,0.0013897565439701578,0.0013862872120526122,YDL182W/YDL131W/YDR234W/YDR321W/YOL058W/YGL256W/YGL202W/YGL196W/YGR012W/YGR171C/YLR231C/YPL097W/YNL104C/YJL200C/YJL088W/YJR016C/YER069W/YHR208W/YIL094C/YIL051C/YIR023W/YIR034C/YCL064C/YCL030C/YCR024C,25,Downregulated,19. Malaysian
GO:0016053,organic acid biosynthetic process,22/226,186/5298,0.11827956989247312,2.772766200399657,5.195078280702511,1.0774836998698332e-5,0.0013897565439701578,0.0013862872120526122,YDL182W/YDL131W/YDR234W/YOL058W/YGL202W/YGR012W/YLL027W/YLR231C/YML081W/YBR159W/YNL104C/YJL200C/YJL088W/YJR016C/YER069W/YER073W/YHR208W/YIL094C/YIL051C/YIR033W/YIR034C/YCL030C,22,Downregulated,19. Malaysian
GO:0046394,carboxylic acid biosynthetic process,22/226,186/5298,0.11827956989247312,2.772766200399657,5.195078280702511,1.0774836998698332e-5,0.0013897565439701578,0.0013862872120526122,YDL182W/YDL131W/YDR234W/YOL058W/YGL202W/YGR012W/YLL027W/YLR231C/YML081W/YBR159W/YNL104C/YJL200C/YJL088W/YJR016C/YER069W/YER073W/YHR208W/YIL094C/YIL051C/YIR033W/YIR034C/YCL030C,22,Downregulated,19. Malaysian
GO:1901605,alpha-amino acid metabolic process,20/226,159/5298,0.12578616352201258,2.9487393554850563,5.266142331569728,1.0986217738894527e-5,0.0013897565439701578,0.0013862872120526122,YDL182W/YDL131W/YDR234W/YDR321W/YOL058W/YGL202W/YGL196W/YGR012W/YLR231C/YNL104C/YJL200C/YJL088W/YJR016C/YER069W/YHR208W/YIL094C/YIL051C/YIR034C/YCL064C/YCL030C,20,Downregulated,19. Malaysian
GO:0019752,carboxylic acid metabolic process,32/226,339/5298,0.0943952802359882,2.212859268540998,4.871837454664961,1.355990195127071e-5,0.0015247356416317733,0.0015209293533647499,YDL182W/YDL131W/YDR234W/YDR321W/YOL058W/YOR025W/YOR236W/YGL202W/YGL196W/YGR012W/YLL027W/YLR153C/YLR231C/YML081W/YMR165C/YBR159W/YNL104C/YJL200C/YJL088W/YJR016C/YER069W/YER073W/YHR208W/YIL094C/YIL051C/YIL009W/YIR023W/YIR033W/YIR034C/YCL064C/YCL030C/YCL026C-A,32,Downregulated,19. Malaysian
GO:1901607,alpha-amino acid biosynthetic process,16/226,116/5298,0.13793103448275862,3.2334452242905094,5.133755482621074,2.727138084422557e-5,0.0027598637414356277,0.002752974129432876,YDL182W/YDL131W/YDR234W/YOL058W/YGL202W/YGR012W/YNL104C/YJL200C/YJL088W/YJR016C/YER069W/YHR208W/YIL094C/YIL051C/YIR034C/YCL030C,16,Downregulated,19. Malaysian
GO:0170033,L-amino acid metabolic process,18/226,143/5298,0.1258741258741259,2.950801410978402,4.991675312522007,3.047965518702996e-5,0.00280356636775321,0.002796567658285134,YDL182W/YDL131W/YDR234W/YDR321W/YOL058W/YGL202W/YGR012W/YLR231C/YNL104C/YJL200C/YJL088W/YJR016C/YER069W/YHR208W/YIL094C/YIR034C/YCL064C/YCL030C,18,Downregulated,19. Malaysian
GO:0043436,oxoacid metabolic process,32/226,355/5298,0.09014084507042254,2.1131247662968966,4.582920256569978,3.467072482240645e-5,0.00280356636775321,0.002796567658285134,YDL182W/YDL131W/YDR234W/YDR321W/YOL058W/YOR025W/YOR236W/YGL202W/YGL196W/YGR012W/YLL027W/YLR153C/YLR231C/YML081W/YMR165C/YBR159W/YNL104C/YJL200C/YJL088W/YJR016C/YER069W/YER073W/YHR208W/YIL094C/YIL051C/YIL009W/YIR023W/YIR033W/YIR034C/YCL064C/YCL030C/YCL026C-A,32,Downregulated,19. Malaysian
GO:0170039,proteinogenic amino acid metabolic process,18/226,145/5298,0.12413793103448276,2.9101007018614586,4.922545937089122,3.684440672364341e-5,0.00280356636775321,0.002796567658285134,YDL182W/YDL131W/YDR234W/YDR321W/YOL058W/YGL202W/YGR012W/YLR231C/YNL104C/YJL200C/YJL088W/YJR016C/YER069W/YHR208W/YIL094C/YIR034C/YCL064C/YCL030C,18,Downregulated,19. Malaysian
GO:0006082,organic acid metabolic process,32/226,357/5298,0.0896358543417367,2.1012865323120398,4.547854826255607,3.878451496891792e-5,0.00280356636775321,0.002796567658285134,YDL182W/YDL131W/YDR234W/YDR321W/YOL058W/YOR025W/YOR236W/YGL202W/YGL196W/YGR012W/YLL027W/YLR153C/YLR231C/YML081W/YMR165C/YBR159W/YNL104C/YJL200C/YJL088W/YJR016C/YER069W/YER073W/YHR208W/YIL094C/YIL051C/YIL009W/YIR023W/YIR033W/YIR034C/YCL064C/YCL030C/YCL026C-A,32,Downregulated,19. Malaysian
GO:0032543,mitochondrial translation,17/226,133/5298,0.12781954887218044,2.9964069465699645,4.921747320212469,4.175864150470827e-5,0.002817316346850985,0.002810283312492297,YDR041W/YDR175C/YDR194C/YDR350C/YPL183W-A/YPL097W/YMR024W/YMR193W/YBR146W/YNL137C/YNR037C/YJL096W/YJR101W/YKL155C/YHL004W/YIL051C/YCR024C,17,Downregulated,19. Malaysian
GO:0140053,mitochondrial gene expression,19/226,164/5298,0.11585365853658537,2.7158968271098645,4.711560223146108,5.8971204085615156e-5,0.0037299286584151587,0.0037206174156647984,YDR041W/YDR175C/YDR194C/YDR350C/YOR017W/YPL183W-A/YPL097W/YPR116W/YMR024W/YMR193W/YBR146W/YNL137C/YNR037C/YJL096W/YJR101W/YKL155C/YHL004W/YIL051C/YCR024C,19,Downregulated,19. Malaysian
GO:0008652,amino acid biosynthetic process,16/226,124/5298,0.12903225806451613,3.0248358549814447,4.815784410697971,6.284990509418098e-5,0.0037414178797241853,0.0037320779557473405,YDL182W/YDL131W/YDR234W/YOL058W/YGL202W/YGR012W/YNL104C/YJL200C/YJL088W/YJR016C/YER069W/YHR208W/YIL094C/YIL051C/YIR034C/YCL030C,16,Downregulated,19. Malaysian
GO:0170034,L-amino acid biosynthetic process,14/226,105/5298,0.13333333333333333,3.125663716814159,4.6436516322817,1.273589863044597e-4,0.00716040523000629,0.007142530284560049,YDL182W/YDL131W/YDR234W/YOL058W/YGL202W/YNL104C/YJL200C/YJL088W/YJR016C/YER069W/YHR208W/YIL094C/YIR034C/YCL030C,14,Downregulated,19. Malaysian
GO:0009066,aspartate family amino acid metabolic process,10/226,59/5298,0.1694915254237288,3.9733013349332533,4.847527885498981,1.6308642297548757e-4,0.008686497897431233,0.008664813276093771,YDL182W/YDL131W/YDR234W/YDR321W/YGL202W/YJL200C/YHR208W/YIL094C/YIR034C/YCL064C,10,Downregulated,19. Malaysian
GO:0170038,proteinogenic amino acid biosynthetic process,14/226,109/5298,0.12844036697247707,3.0109604611512544,4.477695214917401,1.91172934201663e-4,0.009673350470604148,0.009649202310494463,YDL182W/YDL131W/YDR234W/YOL058W/YGL202W/YNL104C/YJL200C/YJL088W/YJR016C/YER069W/YHR208W/YIL094C/YIR034C/YCL030C,14,Downregulated,19. Malaysian
GO:0009067,aspartate family amino acid biosynthetic process,8/226,49/5298,0.16326530612244897,3.827343326711215,4.196796254719039,9.599952917822083e-4,0.04626263025159975,0.04614714209619737,YDL182W/YDL131W/YDR234W/YGL202W/YJL200C/YHR208W/YIL094C/YIR034C,8,Downregulated,19. Malaysian
GO:0006074,(1->3)-beta-D-glucan metabolic process,3/36,11/5298,0.2727272727272727,40.13636363636363,10.746399288420786,4.581153507587346e-5,0.004610432371582469,0.0043624449739207176,YOL030W/YMR215W/YMR307W,3,Downregulated,2. Alpechin
GO:0006075,(1->3)-beta-D-glucan biosynthetic process,3/36,11/5298,0.2727272727272727,40.13636363636363,10.746399288420786,4.581153507587346e-5,0.004610432371582469,0.0043624449739207176,YOL030W/YMR215W/YMR307W,3,Downregulated,2. Alpechin
GO:0034406,cell wall beta-glucan metabolic process,3/36,12/5298,0.25,36.791666666666664,10.265965034169087,6.07969103944941e-5,0.004610432371582469,0.0043624449739207176,YOL030W/YMR215W/YMR307W,3,Downregulated,2. Alpechin
GO:0034410,cell wall beta-glucan biosynthetic process,3/36,12/5298,0.25,36.791666666666664,10.265965034169087,6.07969103944941e-5,0.004610432371582469,0.0043624449739207176,YOL030W/YMR215W/YMR307W,3,Downregulated,2. Alpechin
GO:0051278,fungal-type cell wall polysaccharide biosynthetic process,3/36,12/5298,0.25,36.791666666666664,10.265965034169087,6.07969103944941e-5,0.004610432371582469,0.0043624449739207176,YOL030W/YMR215W/YMR307W,3,Downregulated,2. Alpechin
GO:0071966,fungal-type cell wall polysaccharide metabolic process,3/36,12/5298,0.25,36.791666666666664,10.265965034169087,6.07969103944941e-5,0.004610432371582469,0.0043624449739207176,YOL030W/YMR215W/YMR307W,3,Downregulated,2. Alpechin
GO:0010383,cell wall polysaccharide metabolic process,3/36,17/5298,0.17647058823529413,25.97058823529412,8.528761406550034,1.8357455914503243e-4,0.01044080305137372,0.009879209827673457,YOL030W/YMR215W/YMR307W,3,Downregulated,2. Alpechin
GO:0070592,cell wall polysaccharide biosynthetic process,3/36,17/5298,0.17647058823529413,25.97058823529412,8.528761406550034,1.8357455914503243e-4,0.01044080305137372,0.009879209827673457,YOL030W/YMR215W/YMR307W,3,Downregulated,2. Alpechin
GO:0031505,fungal-type cell wall organization,6/36,144/5298,0.041666666666666664,6.131944444444445,5.163947284968567,3.608880689805414e-4,0.018244896820682928,0.017263534527841108,YDR144C/YDR261C/YOL030W/YMR215W/YMR307W/YIL011W,6,Downregulated,2. Alpechin
GO:0006368,transcription elongation by RNA polymerase II,5/36,96/5298,0.052083333333333336,7.664930555555555,5.450506805762622,4.2510066096238875e-4,0.019342080073788688,0.018301702140380738,YOR344C/YGL043W/YLR455W/YKR048C/YER063W,5,Downregulated,2. Alpechin
GO:0051273,beta-glucan metabolic process,3/36,26/5298,0.11538461538461539,16.980769230769234,6.755966202844818,6.730065347742409e-4,0.0255181644435233,0.024145585326549524,YOL030W/YMR215W/YMR307W,3,Downregulated,2. Alpechin
GO:0051274,beta-glucan biosynthetic process,3/36,26/5298,0.11538461538461539,16.980769230769234,6.755966202844818,6.730065347742409e-4,0.0255181644435233,0.024145585326549524,YOL030W/YMR215W/YMR307W,3,Downregulated,2. Alpechin
GO:0071852,fungal-type cell wall organization or biogenesis,6/36,165/5298,0.03636363636363636,5.351515151515152,4.696644135756319,7.468370768672583e-4,0.025830567536744068,0.024441184783177156,YDR144C/YDR261C/YOL030W/YMR215W/YMR307W/YIL011W,6,Downregulated,2. Alpechin
GO:0006354,DNA-templated transcription elongation,5/36,110/5298,0.045454545454545456,6.6893939393939394,4.987158599056067,7.94786693438279e-4,0.025830567536744068,0.024441184783177156,YOR344C/YGL043W/YLR455W/YKR048C/YER063W,5,Downregulated,2. Alpechin
GO:0044042,glucan metabolic process,4/36,69/5298,0.057971014492753624,8.531400966183575,5.208129916695421,0.0011338729586630079,0.0343941464127779,0.032544143164433006,YDR261C/YOL030W/YMR215W/YMR307W,4,Downregulated,2. Alpechin
GO:0045229,external encapsulating structure organization,6/36,189/5298,0.031746031746031744,4.671957671957672,4.251590539496861,0.0015170419159702742,0.04060318069214558,0.03841920394005215,YDR144C/YDR261C/YOL030W/YMR215W/YMR307W/YIL011W,6,Downregulated,2. Alpechin
GO:0071555,cell wall organization,6/36,189/5298,0.031746031746031744,4.671957671957672,4.251590539496861,0.0015170419159702742,0.04060318069214558,0.03841920394005215,YDR144C/YDR261C/YOL030W/YMR215W/YMR307W/YIL011W,6,Downregulated,2. Alpechin
GO:0044036,cell wall macromolecule metabolic process,3/36,36/5298,0.08333333333333333,12.26388888888889,5.608606891313275,0.001763971459202068,0.044589278552052275,0.042190896304891576,YOL030W/YMR215W/YMR307W,3,Downregulated,2. Alpechin
GO:1901678,iron coordination entity transport,2/7,18/5298,0.1111111111111111,84.09523809523809,12.843711849782844,2.2668448526287708e-4,0.014961176027349888,0.010260455648740752,YOR382W/YOR383C,2,Downregulated,22. Far East Russian
GO:0006826,iron ion transport,2/7,41/5298,0.04878048780487805,36.9198606271777,8.39755212867373,0.0011974147869007364,0.039514687967724296,0.027099387282490346,YOR382W/YOR383C,2,Downregulated,22. Far East Russian
GO:0006163,purine nucleotide metabolic process,5/22,129/5298,0.03875968992248062,9.334038054968287,6.187582488844491,1.4948410505486741e-4,0.013462378058586348,0.012033410555160983,YOL059W/YGL067W/YNL241C/YNL129W/YHR216W,5,Downregulated,23. North American oak
GO:0019674,NAD metabolic process,3/22,31/5298,0.0967741935483871,23.304985337243405,8.042203591945514,2.5915246606500675e-4,0.013462378058586348,0.012033410555160983,YOL059W/YGL067W/YNL129W,3,Downregulated,23. North American oak
GO:0046496,nicotinamide nucleotide metabolic process,4/22,80/5298,0.05,12.040909090909093,6.4249791630517175,2.86761551641601e-4,0.013462378058586348,0.012033410555160983,YOL059W/YGL067W/YNL241C/YNL129W,4,Downregulated,23. North American oak
GO:0019362,pyridine nucleotide metabolic process,4/22,81/5298,0.04938271604938271,11.892255892255891,6.3785778468396055,3.0083526387902454e-4,0.013462378058586348,0.012033410555160983,YOL059W/YGL067W/YNL241C/YNL129W,4,Downregulated,23. North American oak
GO:0072524,pyridine-containing compound metabolic process,4/22,91/5298,0.04395604395604396,10.585414585414586,5.955411049301725,4.7024224293657656e-4,0.01683467229712944,0.015047751773970452,YOL059W/YGL067W/YNL241C/YNL129W,4,Downregulated,23. North American oak
GO:0009117,nucleotide metabolic process,5/22,174/5298,0.028735632183908046,6.920062695924765,5.127082469472768,6.02951957325321e-4,0.017553603858862045,0.01569037216434596,YOL059W/YGL067W/YNL241C/YNL129W/YHR216W,5,Downregulated,23. North American oak
GO:0072521,purine-containing compound metabolic process,5/22,179/5298,0.027932960893854747,6.726764855256476,5.032887644688237,6.864537821901358e-4,0.017553603858862045,0.01569037216434596,YOL059W/YGL067W/YNL241C/YNL129W/YHR216W,5,Downregulated,23. North American oak
GO:0006734,NADH metabolic process,2/22,16/5298,0.125,30.102272727272727,7.527688382348431,0.001907093675135333,0.04134269322028843,0.036954362655006415,YOL059W/YGL067W,2,Downregulated,23. North American oak
GO:0006753,nucleoside phosphate metabolic process,5/22,229/5298,0.021834061135371178,5.258038904327114,4.253438464338474,0.002078682899344111,0.04134269322028843,0.036954362655006415,YOL059W/YGL067W/YNL241C/YNL129W/YHR216W,5,Downregulated,23. North American oak
GO:0034308,primary alcohol metabolic process,5/66,24/5298,0.20833333333333334,16.723484848484848,8.670366411033658,9.109934521242297e-6,0.004782715623652206,0.004583735474898756,YOL055C/YOR374W/YPL103C/YBR145W/YCR020C,5,Upregulated,25. Sake
GO:0006790,sulfur compound metabolic process,8/66,125/5298,0.064,5.1374545454545455,5.257388725777932,1.399186878515843e-4,0.03672865556104088,0.03520059620687226,YOL055C/YOR196C/YGR154C/YGR155W/YNL239W/YIR038C/YCR020C/YFR044C,8,Upregulated,25. Sake
GO:0002181,cytoplasmic translation,44/90,167/5298,0.2634730538922156,15.509780439121757,25.04487234617913,7.109471261704002e-44,3.185043125243393e-41,2.9710106219963044e-41,YDL191W/YDL184C/YDL136W/YDL133C-A/YDL075W/YDL061C/YDR382W/YDR447C/YDR450W/YDR500C/YOL127W/YOR182C/YOR234C/YGL189C/YGL147C/YGL103W/YGL031C/YGR034W/YGR148C/YLR185W/YLR262C-A/YLR287C-A/YLR325C/YLR333C/YLR344W/YLR388W/YPL249C-A/YPL079W/YPR043W/YMR230W/YBL087C/YBR191W/YNL244C/YJL190C/YJL189W/YJR094W-A/YKL006W/YER056C-A/YER074W/YER117W/YHR141C/YHR203C/YIL148W/YFR032C-A,44,Upregulated,3. Brazilian bioethanol
GO:0006412,translation,50/90,454/5298,0.11013215859030837,6.483113069016152,16.060305947695465,8.725034113309295e-31,1.9544076413812822e-28,1.82307291735989e-28,YDL191W/YDL184C/YDL136W/YDL133C-A/YDL075W/YDL061C/YDR382W/YDR447C/YDR450W/YDR500C/YOL127W/YOL121C/YOR167C/YOR182C/YOR234C/YGL189C/YGL147C/YGL103W/YGL031C/YGR034W/YGR118W/YGR148C/YLR167W/YLR185W/YLR262C-A/YLR287C-A/YLR325C/YLR333C/YLR344W/YLR388W/YPL249C-A/YPL079W/YPR043W/YMR230W/YBL087C/YBR191W/YNL244C/YJL190C/YJL189W/YJR094W-A/YKL006W/YKR057W/YER056C-A/YER074W/YER117W/YHR021C/YHR141C/YHR203C/YIL148W/YFR032C-A,50,Upregulated,3. Brazilian bioethanol
GO:0042254,ribosome biogenesis,28/90,401/5298,0.06982543640897755,4.110390689941812,8.515748584486927,3.188795613146511e-11,4.76193478229879e-9,4.441936345330403e-9,YDL191W/YDL136W/YDR378C/YDR447C/YDR450W/YDR500C/YOL127W/YOL121C/YOR167C/YOR234C/YGL189C/YGR034W/YGR118W/YLR167W/YLR185W/YLR344W/YMR230W/YBL026W/YKL186C/YKL006W/YKR057W/YER056C-A/YER074W/YER146W/YHR021C/YHR072W-A/YHR143W-A/YIL148W,28,Upregulated,3. Brazilian bioethanol
GO:0022613,ribonucleoprotein complex biogenesis,30/90,480/5298,0.0625,3.6791666666666667,8.090729946561146,8.357449723659326e-11,9.360343690498445e-9,8.73133563234935e-9,YDL191W/YDL136W/YDR378C/YDR447C/YDR450W/YDR500C/YOL127W/YOL121C/YOR167C/YOR234C/YGL189C/YGR034W/YGR118W/YLR167W/YLR185W/YLR325C/YLR344W/YMR230W/YBL026W/YNL244C/YKL186C/YKL006W/YKR057W/YER056C-A/YER074W/YER146W/YHR021C/YHR072W-A/YHR143W-A/YIL148W,30,Upregulated,3. Brazilian bioethanol
GO:0006364,rRNA processing,17/90,287/5298,0.059233449477351915,3.486875725900116,5.694211363089172,4.753039429703657e-6,4.2587233290144766e-4,3.972540323352321e-4,YDL191W/YDL136W/YDR378C/YDR450W/YDR500C/YOR167C/YGL189C/YGR118W/YLR167W/YLR185W/YBL026W/YKL006W/YKR057W/YER074W/YER146W/YHR021C/YHR072W-A,17,Upregulated,3. Brazilian bioethanol
GO:0042273,ribosomal large subunit biogenesis,11/90,125/5298,0.088,5.180266666666666,6.217109374842973,6.9544769310246465e-6,5.192676108498403e-4,4.843732178275061e-4,YDL191W/YDL136W/YDR500C/YOL127W/YOR234C/YGL189C/YGR034W/YLR185W/YLR344W/YKL006W/YIL148W,11,Upregulated,3. Brazilian bioethanol
GO:0042255,ribosome assembly,9/90,82/5298,0.10975609756097561,6.4609756097560975,6.551023013524826,8.341714290588164e-6,5.338697145976425e-4,4.979940711824814e-4,YDR447C/YOL127W/YOL121C/YOR167C/YGL189C/YLR167W/YKL006W/YHR021C/YIL148W,9,Upregulated,3. Brazilian bioethanol
GO:0000028,ribosomal small subunit assembly,5/90,25/5298,0.2,11.773333333333335,7.097280493914892,5.140100053503327e-5,0.0025634458456866797,0.0023911842122594264,YDR447C/YOL121C/YOR167C/YLR167W/YHR021C,5,Upregulated,3. Brazilian bioethanol
GO:0016072,rRNA metabolic process,17/90,344/5298,0.04941860465116279,2.909108527131783,4.8131854037690305,5.149779600709848e-5,0.0025634458456866797,0.0023911842122594264,YDL191W/YDL136W/YDR378C/YDR450W/YDR500C/YOR167C/YGL189C/YGR118W/YLR167W/YLR185W/YBL026W/YKL006W/YKR057W/YER074W/YER146W/YHR021C/YHR072W-A,17,Upregulated,3. Brazilian bioethanol
GO:0042274,ribosomal small subunit biogenesis,10/90,140/5298,0.07142857142857142,4.204761904761904,5.051494353026323,1.1332884124169353e-4,0.00507713208762787,0.004735952628731825,YDR378C/YDR447C/YDR450W/YOL121C/YOR167C/YGR118W/YLR167W/YKR057W/YER074W/YHR021C,10,Upregulated,3. Brazilian bioethanol
GO:0000054,ribosomal subunit export from nucleus,7/90,69/5298,0.10144927536231885,5.971980676328503,5.464436831867441,1.48035466899933e-4,0.006029080833742726,0.005623931134858699,YDR450W/YOL121C/YOR167C/YGL189C/YMR230W/YKL186C/YIL148W,7,Upregulated,3. Brazilian bioethanol
GO:0033750,ribosome localization,7/90,70/5298,0.1,5.886666666666668,5.409968040940416,1.6223664496522523e-4,0.006056834745368409,0.005649820004490739,YDR450W/YOL121C/YOR167C/YGL189C/YMR230W/YKL186C/YIL148W,7,Upregulated,3. Brazilian bioethanol
GO:0022618,protein-RNA complex assembly,10/90,167/5298,0.059880239520958084,3.524950099800399,4.358236376855944,4.792986226220659e-4,0.016517367918052733,0.015407413213033213,YDR447C/YOL127W/YOL121C/YOR167C/YLR167W/YLR325C/YNL244C/YKL006W/YHR021C/YIL148W,10,Upregulated,3. Brazilian bioethanol
GO:0031503,protein-containing complex localization,8/90,113/5298,0.07079646017699115,4.1675516224188796,4.473931148164637,6.04542705577805e-4,0.01820466878451174,0.016981328729913443,YDR450W/YOL121C/YOR167C/YGL189C/YPR165W/YMR230W/YKL186C/YIL148W,8,Upregulated,3. Brazilian bioethanol
GO:0071826,protein-RNA complex organization,10/90,174/5298,0.05747126436781609,3.3831417624521074,4.201657950473072,6.630076824007701e-4,0.01820466878451174,0.016981328729913443,YDR447C/YOL127W/YOL121C/YOR167C/YLR167W/YLR325C/YNL244C/YKL006W/YHR021C/YIL148W,10,Upregulated,3. Brazilian bioethanol
GO:0030490,maturation of SSU-rRNA,8/90,115/5298,0.06956521739130435,4.095072463768116,4.410927205831883,6.797234702689258e-4,0.01820466878451174,0.016981328729913443,YDR378C/YDR450W/YOR167C/YGR118W/YLR167W/YKR057W/YER074W/YHR021C,8,Upregulated,3. Brazilian bioethanol
GO:0000470,maturation of LSU-rRNA,6/90,64/5298,0.09375,5.51875,4.780707753138625,6.908021636979902e-4,0.01820466878451174,0.016981328729913443,YDL191W/YDL136W/YDR500C/YGL189C/YLR185W/YKL006W,6,Upregulated,3. Brazilian bioethanol
GO:0000463,"maturation of LSU-rRNA from tricistronic rRNA transcript (SSU-rRNA, 5.8S rRNA, LSU-rRNA)",5/90,53/5298,0.09433962264150944,5.553459119496856,4.379327091550045,0.001909910521756748,0.047535550763723504,0.0443411974934169,YDL191W/YDL136W/YDR500C/YGL189C/YLR185W,5,Upregulated,3. Brazilian bioethanol
GO:0140694,membraneless organelle assembly,9/90,168/5298,0.05357142857142857,3.1535714285714285,3.7286875488955995,0.0020369640749974167,0.04802946871572856,0.0448019245304141,YDR447C/YOL127W/YOL121C/YOR167C/YGL189C/YLR167W/YKL006W/YHR021C/YIL148W,9,Upregulated,3. Brazilian bioethanol
GO:0051788,response to misfolded protein,7/183,17/5298,0.4117647058823529,11.92092574734812,8.529892218099146,7.593404185984213e-7,4.2940700671740726e-4,4.008518104495877e-4,YDL126C/YGR048W/YGR184C/YBR101C/YBR170C/YNL007C/YJL082W,7,Upregulated,5. French dairy
GO:0071218,cellular response to misfolded protein,7/183,17/5298,0.4117647058823529,11.92092574734812,8.529892218099146,7.593404185984213e-7,4.2940700671740726e-4,4.008518104495877e-4,YDL126C/YGR048W/YGR184C/YBR101C/YBR170C/YNL007C/YJL082W,7,Upregulated,5. French dairy
GO:0072671,mitochondria-associated ubiquitin-dependent protein catabolic process,6/183,13/5298,0.46153846153846156,13.361916771752838,8.440199419280665,2.1954173331577737e-6,8.276723346004807e-4,7.726328368972797e-4,YDL126C/YGR048W/YGR184C/YBR170C/YNL007C/YFR010W,6,Upregulated,5. French dairy
GO:0140455,cytoplasm protein quality control,5/183,10/5298,0.5,14.475409836065573,8.067035564733805,1.0194072560117167e-5,0.002882374016373129,0.002690698625736189,YDL126C/YGR048W/YGR184C/YBR101C/YBR170C,5,Upregulated,5. French dairy
GO:0035967,cellular response to topologically incorrect protein,9/183,50/5298,0.18,5.211147540983607,5.6585643464869895,4.2330483378524974e-5,0.009575155340222349,0.00893841575340222,YDL126C/YGR048W/YGR184C/YML007W/YBR101C/YBR170C/YBR245C/YNL007C/YJL082W,9,Upregulated,5. French dairy
GO:0035966,response to topologically incorrect protein,9/183,59/5298,0.15254237288135594,4.416226729647125,4.990754480445311,1.6233919365460278e-4,0.02813492798872297,0.026263979498989377,YDL126C/YGR048W/YGR184C/YML007W/YBR101C/YBR170C/YBR245C/YNL007C/YJL082W,9,Upregulated,5. French dairy
GO:0006457,protein folding,14/183,133/5298,0.10526315789473684,3.047454702329594,4.522959220519233,1.741330644748548e-4,0.02813492798872297,0.026263979498989377,YDL100C/YDR171W/YDR214W/YOR027W/YOR265W/YGR142W/YLL026W/YLR216C/YPL240C/YPL106C/YPR158W/YMR186W/YBR269C/YNL007C,14,Upregulated,5. French dairy
GO:0006012,galactose metabolic process,4/183,10/5298,0.4,11.58032786885246,6.333898726860338,2.457337621072065e-4,0.034740610617906315,0.032430389920201065,YLR081W/YML051W/YBR020W/YKL127W,4,Upregulated,5. French dairy
GO:0002181,cytoplasmic translation,60/213,167/5298,0.3592814371257485,8.936493210761576,21.327757145239012,1.5866563123609168e-43,1.2185520478931842e-40,1.1841466583830423e-40,YDL191W/YDL184C/YDL136W/YDR382W/YDR447C/YDR450W/YDR471W/YOL127W/YOR096W/YOR182C/YOR234C/YOR293W/YGL147C/YGL135W/YGL103W/YGL031C/YGL030W/YGR027C/YGR034W/YGR148C/YGR169C-A/YGR214W/YLL045C/YLR029C/YLR061W/YLR075W/YLR264W/YLR287C-A/YLR325C/YLR344W/YLR441C/YPL220W/YPL143W/YPL079W/YPR102C/YML063W/YML026C/YML024W/YBL087C/YBR191W/YNL301C/YNL178W/YNL162W/YNL067W/YJL191W/YJL190C/YJL189W/YJL177W/YJR094W-A/YKL056C/YKR094C/YEL054C/YER074W/YER117W/YHL001W/YHR010W/YHR141C/YIL069C/YIL018W/YFR032C-A,60,Downregulated,5. French dairy
GO:0006412,translation,87/213,454/5298,0.19162995594713655,4.7664577775020165,17.175851320126963,8.972319343889435e-40,3.445370628053543e-37,3.3480917972724265e-37,YDL191W/YDL184C/YDL136W/YDR382W/YDR447C/YDR450W/YDR471W/YOL127W/YOL121C/YOR063W/YOR096W/YOR167C/YOR182C/YOR234C/YOR276W/YOR293W/YGL147C/YGL135W/YGL123W/YGL103W/YGL031C/YGL030W/YGR021W/YGR027C/YGR034W/YGR118W/YGR148C/YGR169C-A/YGR214W/YLL045C/YLR029C/YLR061W/YLR075W/YLR167W/YLR264W/YLR287C-A/YLR325C/YLR344W/YLR441C/YPL220W/YPL143W/YPL090C/YPL079W/YPR102C/YPR132W/YML063W/YML026C/YML024W/YMR286W/YBL090W/YBL087C/YBL072C/YBL032W/YBR048W/YBR191W/YNL302C/YNL301C/YNL178W/YNL162W/YNL067W/YNR022C/YNR036C/YJL191W/YJL190C/YJL189W/YJL177W/YJL136C/YJL062W-A/YJR094W-A/YKL138C/YKL056C/YKR057W/YKR085C/YKR094C/YEL054C/YER074W/YER117W/YHL001W/YHR010W/YHR021C/YHR141C/YHR147C/YIL069C/YIL018W/YCL037C/YCR046C/YFR032C-A,87,Downregulated,5. French dairy
GO:0042254,ribosome biogenesis,57/213,401/5298,0.14214463840399003,3.5355976256541743,10.808035942640606,2.316860324133158e-18,5.931162429780884e-16,5.763698139685646e-16,YDL208W/YDL191W/YDL136W/YDR447C/YDR450W/YOL127W/YOL121C/YOR063W/YOR096W/YOR167C/YOR234C/YOR293W/YGL135W/YGL123W/YGL030W/YGR034W/YGR118W/YGR214W/YLL045C/YLR075W/YLR167W/YLR264W/YLR344W/YLR441C/YPL220W/YPL211W/YPL146C/YPL143W/YPL090C/YPR102C/YPR110C/YPR132W/YML063W/YML026C/YML024W/YBL072C/YBL018C/YBR048W/YNL302C/YNL178W/YNL113W/YNL002C/YJL191W/YJL177W/YJL136C/YKR057W/YKR094C/YEL054C/YER006W/YER074W/YER146W/YHL001W/YHR021C/YHR072W-A/YIL069C/YAL059W/YAL033W,57,Downregulated,5. French dairy
GO:0022613,ribonucleoprotein complex biogenesis,58/213,480/5298,0.12083333333333333,3.0055164319248826,9.429154569832177,2.6232527774765283e-15,5.036645332754934e-13,4.894437419028576e-13,YDL208W/YDL191W/YDL136W/YDR447C/YDR450W/YOL127W/YOL121C/YOR063W/YOR096W/YOR167C/YOR234C/YOR293W/YGL135W/YGL123W/YGL030W/YGR034W/YGR118W/YGR214W/YLL045C/YLR075W/YLR167W/YLR264W/YLR325C/YLR344W/YLR441C/YPL220W/YPL211W/YPL146C/YPL143W/YPL090C/YPR102C/YPR110C/YPR132W/YML063W/YML026C/YML024W/YBL072C/YBL018C/YBR048W/YNL302C/YNL178W/YNL113W/YNL002C/YJL191W/YJL177W/YJL136C/YKR057W/YKR094C/YEL054C/YER006W/YER074W/YER146W/YHL001W/YHR021C/YHR072W-A/YIL069C/YAL059W/YAL033W,58,Downregulated,5. French dairy
GO:0042255,ribosome assembly,21/213,82/5298,0.25609756097560976,6.369975953280659,10.029280671965063,3.8732641749608785e-12,5.949333772739909e-10,5.781356421152133e-10,YDR447C/YOL127W/YOL121C/YOR063W/YOR167C/YGR214W/YLR075W/YLR167W/YLR264W/YPL211W/YPL146C/YPL143W/YPR102C/YML024W/YBR048W/YNL302C/YJL191W/YKR094C/YEL054C/YHL001W/YHR021C,21,Downregulated,5. French dairy
GO:0006364,rRNA processing,38/213,287/5298,0.13240418118466898,3.2933209010158513,8.17528470093511,2.6597549186127277e-11,3.4044862958242915e-9,3.308361819818288e-9,YDL208W/YDL191W/YDL136W/YDR450W/YOR063W/YOR096W/YOR167C/YGL123W/YGL030W/YGR118W/YGR214W/YLL045C/YLR167W/YLR264W/YLR441C/YPL211W/YPL146C/YPL143W/YPL090C/YPR132W/YML063W/YML026C/YBL072C/YBL018C/YBR048W/YNL002C/YJL191W/YJL177W/YJL136C/YKR057W/YER006W/YER074W/YER146W/YHL001W/YHR021C/YHR072W-A/YIL069C/YAL033W,38,Downregulated,5. French dairy
GO:0016072,rRNA metabolic process,40/213,344/5298,0.11627906976744186,2.8922371437929906,7.4273876802590655,4.404213004060464e-10,4.832050838740623e-8,4.6956195787652165e-8,YDL208W/YDL191W/YDL136W/YDR450W/YOR063W/YOR096W/YOR167C/YGL123W/YGL030W/YGR118W/YGR214W/YLL045C/YLR167W/YLR264W/YLR441C/YPL211W/YPL146C/YPL143W/YPL090C/YPR132W/YML063W/YML026C/YBL072C/YBL018C/YBR048W/YNL178W/YNL113W/YNL002C/YJL191W/YJL177W/YJL136C/YKR057W/YER006W/YER074W/YER146W/YHL001W/YHR021C/YHR072W-A/YIL069C/YAL033W,40,Downregulated,5. French dairy
GO:0000028,ribosomal small subunit assembly,11/213,25/5298,0.44,10.944225352112676,10.19932394432296,9.329663265279767e-10,7.969479354604041e-8,7.744463901335344e-8,YDR447C/YOL121C/YOR167C/YGR214W/YLR167W/YLR264W/YML024W/YBR048W/YNL302C/YJL191W/YHR021C,11,Downregulated,5. French dairy
GO:0042274,ribosomal small subunit biogenesis,24/213,140/5298,0.17142857142857143,4.263983903420523,8.00996589292391,9.339233618676612e-10,7.969479354604041e-8,7.744463901335344e-8,YDR447C/YDR450W/YOL121C/YOR096W/YOR167C/YGR118W/YGR214W/YLR167W/YLR264W/YLR441C/YPL090C/YPR132W/YML063W/YML026C/YML024W/YBL072C/YBR048W/YNL302C/YJL191W/YJL136C/YKR057W/YER074W/YHR021C/YIL069C,24,Downregulated,5. French dairy
GO:0000054,ribosomal subunit export from nucleus,16/213,69/5298,0.2318840579710145,5.767707695448051,8.158008534037238,7.684801042559389e-9,5.90192720068561e-7,5.735288357025903e-7,YDR450W/YOL121C/YOR167C/YOR293W/YGL135W/YGL123W/YGR214W/YLR264W/YPL220W/YPL146C/YML026C/YNL302C/YNL178W/YKR094C/YER006W/YAL059W,16,Downregulated,5. French dairy
GO:0033750,ribosome localization,16/213,70/5298,0.22857142857142856,5.685311871227364,8.075678937684964,9.611407536965383e-9,6.710509989444922e-7,6.521041094457853e-7,YDR450W/YOL121C/YOR167C/YOR293W/YGL135W/YGL123W/YGR214W/YLR264W/YPL220W/YPL146C/YML026C/YNL302C/YNL178W/YKR094C/YER006W/YAL059W,16,Downregulated,5. French dairy
GO:0030490,maturation of SSU-rRNA,19/213,115/5298,0.16521739130434782,4.1094917330067355,6.8993318073955034,1.0799562905093263e-7,6.911720259259689e-6,6.716570262904496e-6,YDR450W/YOR167C/YGR118W/YGR214W/YLR167W/YLR264W/YLR441C/YPL090C/YPR132W/YML063W/YML026C/YBL072C/YBR048W/YJL191W/YJL136C/YKR057W/YER074W/YHR021C/YIL069C,19,Downregulated,5. French dairy
GO:0022618,protein-RNA complex assembly,23/213,167/5298,0.1377245508982036,3.4256557307919375,6.5184704340373765,1.5480563169858997e-7,9.145440395732085e-6,8.887222095085046e-6,YDL208W/YDR447C/YOL127W/YOL121C/YOR063W/YOR167C/YGR214W/YLR075W/YLR167W/YLR264W/YLR325C/YPL211W/YPL146C/YPL143W/YPR102C/YML024W/YBR048W/YNL302C/YJL191W/YKR094C/YEL054C/YHL001W/YHR021C,23,Downregulated,5. French dairy
GO:0071826,protein-RNA complex organization,23/213,174/5298,0.13218390804597702,3.28784199449571,6.279938643366033,3.3155318237807033e-7,1.8188060290454144e-5,1.7674526789928713e-5,YDL208W/YDR447C/YOL127W/YOL121C/YOR063W/YOR167C/YGR214W/YLR075W/YLR167W/YLR264W/YLR325C/YPL211W/YPL146C/YPL143W/YPR102C/YML024W/YBR048W/YNL302C/YJL191W/YKR094C/YEL054C/YHL001W/YHR021C,23,Downregulated,5. French dairy
GO:0042273,ribosomal large subunit biogenesis,19/213,125/5298,0.152,3.780732394366197,6.438760529641682,4.2041640346824667e-7,2.1525319857574232e-5,2.091756000413943e-5,YDL191W/YDL136W/YOL127W/YOR063W/YOR234C/YGR034W/YLL045C/YLR075W/YLR344W/YPL211W/YPL146C/YPL143W/YPR102C/YNL002C/YJL177W/YKR094C/YEL054C/YER006W/YHL001W,19,Downregulated,5. French dairy
GO:0140694,membraneless organelle assembly,22/213,168/5298,0.13095238095238096,3.257209926224011,6.084532557614908,7.168606086842293e-7,3.440930921684301e-5,3.343777444454728e-5,YDR447C/YOL127W/YOL121C/YOR063W/YOR167C/YOR276W/YGR214W/YLR075W/YLR167W/YLR264W/YPL211W/YPL146C/YPL143W/YPR102C/YML024W/YBR048W/YNL302C/YJL191W/YKR094C/YEL054C/YHL001W/YHR021C,22,Downregulated,5. French dairy
GO:0031503,protein-containing complex localization,17/213,113/5298,0.1504424778761062,3.741991773650754,6.029624937700149,2.0359725742754444e-6,8.712989973807559e-5,8.466981759086568e-5,YDR450W/YOL121C/YOR167C/YOR293W/YGL135W/YGL123W/YGR214W/YLR208W/YLR264W/YPL220W/YPL146C/YML026C/YNL302C/YNL178W/YKR094C/YER006W/YAL059W,17,Downregulated,5. French dairy
GO:0000462,"maturation of SSU-rRNA from tricistronic rRNA transcript (SSU-rRNA, 5.8S rRNA, LSU-rRNA)",16/213,101/5298,0.15841584158415842,3.940315158276391,6.10572895021942,2.0421070251111467e-6,8.712989973807559e-5,8.466981759086568e-5,YDR450W/YGR118W/YGR214W/YLR441C/YPL090C/YPR132W/YML063W/YML026C/YBL072C/YBR048W/YJL191W/YJL136C/YKR057W/YER074W/YHR021C/YIL069C,16,Downregulated,5. French dairy
GO:0051168,nuclear export,18/213,131/5298,0.13740458015267176,3.4176970218256106,5.734262924697577,3.868434135561941e-6,1.563661797953458e-4,1.5195123557415051e-4,YDL084W/YDR381W/YDR450W/YOL121C/YOR167C/YOR293W/YGL135W/YGL123W/YGR214W/YLR264W/YPL220W/YPL146C/YML026C/YNL302C/YNL178W/YKR094C/YER006W/YAL059W,18,Downregulated,5. French dairy
GO:0006913,nucleocytoplasmic transport,21/213,181/5298,0.11602209944751381,2.8858454594973155,5.283199238398647,9.304900901167898e-6,3.4029351867128314e-4,3.306854505728341e-4,YDL084W/YDR381W/YDR450W/YOL121C/YOR167C/YOR293W/YGL135W/YGL123W/YGR214W/YLR208W/YLR264W/YPL220W/YPL146C/YML026C/YNL302C/YNL178W/YJR074W/YKR094C/YER006W/YER009W/YAL059W,21,Downregulated,5. French dairy
GO:0051169,nuclear transport,21/213,181/5298,0.11602209944751381,2.8858454594973155,5.283199238398647,9.304900901167898e-6,3.4029351867128314e-4,3.306854505728341e-4,YDL084W/YDR381W/YDR450W/YOL121C/YOR167C/YOR293W/YGL135W/YGL123W/YGR214W/YLR208W/YLR264W/YPL220W/YPL146C/YML026C/YNL302C/YNL178W/YJR074W/YKR094C/YER006W/YER009W/YAL059W,21,Downregulated,5. French dairy
GO:0000027,ribosomal large subunit assembly,10/213,46/5298,0.21739130434782608,5.407225964482547,6.143858214156896,1.0223295310244879e-5,3.552289870106582e-4,3.4519922120416206e-4,YOL127W/YOR063W/YLR075W/YPL211W/YPL146C/YPL143W/YPR102C/YKR094C/YEL054C/YHL001W,10,Downregulated,5. French dairy
GO:0070925,organelle assembly,23/213,212/5298,0.10849056603773585,2.698511825671007,5.165443755438662,1.0638368100579606e-5,3.552289870106582e-4,3.4519922120416206e-4,YDR447C/YOL127W/YOL121C/YOR063W/YOR167C/YOR276W/YGR214W/YLL014W/YLR075W/YLR167W/YLR264W/YPL211W/YPL146C/YPL143W/YPR102C/YML024W/YBR048W/YNL302C/YJL191W/YKR094C/YEL054C/YHL001W/YHR021C,23,Downregulated,5. French dairy
GO:0051656,establishment of organelle localization,18/213,159/5298,0.11320754716981132,2.815838426787138,4.757685883908199,5.798487316771699e-5,0.0018555159413669437,0.0018031260998206732,YDR320C-A/YDR450W/YOL121C/YOR167C/YOR293W/YGL135W/YGL123W/YGR214W/YLR264W/YPL220W/YPL146C/YML124C/YML026C/YNL302C/YNL178W/YKR094C/YER006W/YAL059W,18,Downregulated,5. French dairy
GO:0000470,maturation of LSU-rRNA,9/213,64/5298,0.140625,3.497799295774648,4.114243353581135,9.299885758912807e-4,0.02856924905138014,0.02776260632871234,YDL191W/YDL136W/YLL045C/YPL211W/YPL146C/YNL002C/YJL177W/YER006W/YHL001W,9,Downregulated,5. French dairy
GO:0042278,purine nucleoside metabolic process,4/213,12/5298,0.3333333333333333,8.291079812206572,5.174616934727608,9.74655899630115e-4,0.028789835804458784,0.027976964892216665,YDR399W/YDR400W/YML022W/YBR022W,4,Downregulated,5. French dairy
GO:0170038,proteinogenic amino acid biosynthetic process,44/549,109/5298,0.4036697247706422,3.8955231363112253,10.384809327378306,1.0220307450360194e-16,8.455146583913064e-14,7.602887428609282e-14,YDL182W/YDL131W/YDR034C/YDR158W/YDR234W/YOL064C/YOR202W/YOR375C/YGL125W/YGL026C/YGL009C/YGR204W/YLR058C/YLR303W/YPR167C/YMR062C/YMR108W/YBR115C/YBR248C/YNL277W/YNL104C/YNR050C/YJL200C/YJL071W/YJR016C/YJR109C/YJR139C/YKL001C/YKR069W/YER052C/YER055C/YER069W/YER090W/YER091C/YHR018C/YHR208W/YIL116W/YIL094C/YIL074C/YIR017C/YIR034C/YCL018W/YCL009C/YFR025C,44,Upregulated,8. Mixed origin
GO:0170034,L-amino acid biosynthetic process,43/549,105/5298,0.4095238095238095,3.9520166536559977,10.387340432940086,1.2262721659047228e-16,8.455146583913064e-14,7.602887428609282e-14,YDL182W/YDL131W/YDR034C/YDR158W/YDR234W/YOL064C/YOR202W/YOR375C/YGL125W/YGL026C/YGL009C/YGR204W/YLR303W/YPR167C/YMR062C/YMR108W/YBR115C/YBR248C/YNL277W/YNL104C/YNR050C/YJL200C/YJL071W/YJR016C/YJR109C/YJR139C/YKL001C/YKR069W/YER052C/YER055C/YER069W/YER090W/YER091C/YHR018C/YHR208W/YIL116W/YIL094C/YIL074C/YIR017C/YIR034C/YCL018W/YCL009C/YFR025C,43,Upregulated,8. Mixed origin
GO:1901607,alpha-amino acid biosynthetic process,44/549,116/5298,0.3793103448275862,3.6604484642924437,9.84997696326315,1.6111356919732667e-15,7.405853730770449e-13,6.65936086015617e-13,YDL182W/YDL131W/YDR034C/YDR158W/YDR234W/YOL064C/YOR202W/YOR375C/YGL125W/YGL026C/YGL009C/YGR204W/YLR058C/YLR303W/YPR167C/YMR062C/YMR108W/YBR115C/YBR248C/YNL277W/YNL104C/YNR050C/YJL200C/YJL071W/YJR016C/YJR109C/YJR139C/YKL001C/YKR069W/YER052C/YER055C/YER069W/YER090W/YER091C/YHR018C/YHR208W/YIL116W/YIL094C/YIL074C/YIR017C/YIR034C/YCL018W/YCL009C/YFR025C,44,Upregulated,8. Mixed origin
GO:0008652,amino acid biosynthetic process,45/549,124/5298,0.3629032258064516,3.5021152829190907,9.585284769540564,5.255224890884991e-15,1.8117387811326005e-12,1.6291197161743473e-12,YDL182W/YDL131W/YDR034C/YDR035W/YDR158W/YDR234W/YOL064C/YOR202W/YOR375C/YGL125W/YGL026C/YGL009C/YGR204W/YLR058C/YLR303W/YPR167C/YMR062C/YMR108W/YBR115C/YBR248C/YNL277W/YNL104C/YNR050C/YJL200C/YJL071W/YJR016C/YJR109C/YJR139C/YKL001C/YKR069W/YER052C/YER055C/YER069W/YER090W/YER091C/YHR018C/YHR208W/YIL116W/YIL094C/YIL074C/YIR017C/YIR034C/YCL018W/YCL009C/YFR025C,45,Upregulated,8. Mixed origin
GO:0170033,L-amino acid metabolic process,48/549,143/5298,0.3356643356643357,3.2392525507279606,9.229046526692173,2.074214147986553e-14,5.720682620146913e-12,5.144051087006652e-12,YDL182W/YDL131W/YDR034C/YDR158W/YDR234W/YOL064C/YOR202W/YOR375C/YGL125W/YGL026C/YGL009C/YGR204W/YLR058C/YLR134W/YLR303W/YPR167C/YMR062C/YMR108W/YBR115C/YBR248C/YNL277W/YNL104C/YNR050C/YJL200C/YJL071W/YJL060W/YJR016C/YJR109C/YJR139C/YKL015W/YKL001C/YKR069W/YER052C/YER055C/YER069W/YER090W/YER091C/YHR018C/YHR208W/YIL116W/YIL094C/YIL074C/YIR017C/YIR034C/YCL018W/YCL009C/YFL046W/YFR025C,48,Upregulated,8. Mixed origin
GO:0170039,proteinogenic amino acid metabolic process,47/549,145/5298,0.32413793103448274,3.1280195967589974,8.83343518591846,1.745748082341558e-13,4.0123110092483476e-11,3.6078793701725536e-11,YDL182W/YDL131W/YDR034C/YDR158W/YDR234W/YOL064C/YOR202W/YOR375C/YGL125W/YGL026C/YGL009C/YGR204W/YLR058C/YLR134W/YLR303W/YPR167C/YMR062C/YMR108W/YBR115C/YBR248C/YNL277W/YNL104C/YNR050C/YJL200C/YJL071W/YJR016C/YJR109C/YJR139C/YKL015W/YKL001C/YKR069W/YER052C/YER055C/YER069W/YER090W/YER091C/YHR018C/YHR208W/YIL116W/YIL094C/YIL074C/YIR017C/YIR034C/YCL018W/YCL009C/YFL046W/YFR025C,47,Upregulated,8. Mixed origin
GO:1901605,alpha-amino acid metabolic process,49/549,159/5298,0.3081761006289308,2.9739835721895727,8.59217000285813,4.578190739570026e-13,9.019035756952952e-11,8.109937881524048e-11,YDL182W/YDL131W/YDR034C/YDR158W/YDR234W/YOL064C/YOR202W/YOR375C/YGL125W/YGL026C/YGL009C/YGR204W/YLR058C/YLR134W/YLR303W/YPR167C/YMR062C/YMR108W/YBR115C/YBR248C/YNL277W/YNL104C/YNR050C/YJL200C/YJL071W/YJL060W/YJR016C/YJR109C/YJR139C/YKL015W/YKL001C/YKR069W/YER052C/YER055C/YER069W/YER090W/YER091C/YHR018C/YHR112C/YHR208W/YIL116W/YIL094C/YIL074C/YIR017C/YIR034C/YCL018W/YCL009C/YFL046W/YFR025C,49,Upregulated,8. Mixed origin
GO:0009067,aspartate family amino acid biosynthetic process,23/549,49/5298,0.46938775510204084,4.529720084755214,8.43917696096425,6.390275748998579e-11,1.0356946961251673e-8,9.312990741081999e-9,YDL182W/YDL131W/YDR034C/YDR158W/YDR234W/YOL064C/YGL125W/YGR204W/YLR303W/YPR167C/YBR115C/YNL277W/YNR050C/YJL200C/YJR139C/YKL001C/YKR069W/YER052C/YER091C/YHR208W/YIL094C/YIR017C/YIR034C,23,Upregulated,8. Mixed origin
GO:0016053,organic acid biosynthetic process,50/549,186/5298,0.26881720430107525,2.5941594688289555,7.524764049720268,7.510476404098385e-11,1.0356946961251673e-8,9.312990741081999e-9,YDL182W/YDL131W/YDR034C/YDR035W/YDR158W/YDR234W/YOL064C/YOR202W/YOR375C/YGL125W/YGL026C/YGL009C/YGR204W/YLR058C/YLR303W/YLR380W/YPR167C/YMR020W/YMR062C/YMR108W/YBR115C/YBR248C/YNL277W/YNL104C/YNR050C/YJL200C/YJL071W/YJL060W/YJR016C/YJR109C/YJR137C/YJR139C/YKL001C/YKR069W/YER052C/YER055C/YER069W/YER090W/YER091C/YHR018C/YHR063C/YHR208W/YIL116W/YIL094C/YIL074C/YIR017C/YIR034C/YCL018W/YCL009C/YFR025C,50,Upregulated,8. Mixed origin
GO:0046394,carboxylic acid biosynthetic process,50/549,186/5298,0.26881720430107525,2.5941594688289555,7.524764049720268,7.510476404098385e-11,1.0356946961251673e-8,9.312990741081999e-9,YDL182W/YDL131W/YDR034C/YDR035W/YDR158W/YDR234W/YOL064C/YOR202W/YOR375C/YGL125W/YGL026C/YGL009C/YGR204W/YLR058C/YLR303W/YLR380W/YPR167C/YMR020W/YMR062C/YMR108W/YBR115C/YBR248C/YNL277W/YNL104C/YNR050C/YJL200C/YJL071W/YJL060W/YJR016C/YJR109C/YJR137C/YJR139C/YKL001C/YKR069W/YER052C/YER055C/YER069W/YER090W/YER091C/YHR018C/YHR063C/YHR208W/YIL116W/YIL094C/YIL074C/YIR017C/YIR034C/YCL018W/YCL009C/YFR025C,50,Upregulated,8. Mixed origin
GO:0009066,aspartate family amino acid metabolic process,23/549,59/5298,0.3898305084745763,3.7619709178475502,7.253055185892281,5.790523815947961e-9,7.259211220174762e-7,6.527499574341339e-7,YDL182W/YDL131W/YDR034C/YDR158W/YDR234W/YOL064C/YGL125W/YGR204W/YLR303W/YPR167C/YBR115C/YNL277W/YNR050C/YJL200C/YJR139C/YKL001C/YKR069W/YER052C/YER091C/YHR208W/YIL094C/YIR017C/YIR034C,23,Upregulated,8. Mixed origin
GO:0009085,lysine biosynthetic process,11/549,15/5298,0.7333333333333333,7.076867030965391,8.012815291548412,1.2472761770792033e-8,1.3436650523918965e-6,1.208226733115266e-6,YDL182W/YDL131W/YDR034C/YDR158W/YDR234W/YBR115C/YNR050C/YJL200C/YER052C/YIL094C/YIR034C,11,Upregulated,8. Mixed origin
GO:0006520,amino acid metabolic process,52/549,226/5298,0.23008849557522124,2.2204168480100583,6.374892498444063,1.266689316975682e-8,1.3436650523918965e-6,1.208226733115266e-6,YDL182W/YDL170W/YDL131W/YDR034C/YDR035W/YDR158W/YDR234W/YOL064C/YOR202W/YOR375C/YGL125W/YGL026C/YGL009C/YGR204W/YLR058C/YLR134W/YLR303W/YPR033C/YPR167C/YMR062C/YMR108W/YBR115C/YBR248C/YNL277W/YNL104C/YNR050C/YJL200C/YJL071W/YJL060W/YJR016C/YJR109C/YJR139C/YKL015W/YKL001C/YKR069W/YER052C/YER055C/YER069W/YER090W/YER091C/YHR018C/YHR112C/YHR208W/YIL116W/YIL094C/YIL074C/YIR017C/YIR034C/YCL018W/YCL009C/YFL046W/YFR025C,52,Upregulated,8. Mixed origin
GO:0006553,lysine metabolic process,11/549,16/5298,0.6875,6.634562841530054,7.67398761001879,3.6198171039140985e-8,3.565519847355387e-6,3.20612372060963e-6,YDL182W/YDL131W/YDR034C/YDR158W/YDR234W/YBR115C/YNR050C/YJL200C/YER052C/YIL094C/YIR034C,11,Upregulated,8. Mixed origin
GO:0043436,oxoacid metabolic process,69/549,355/5298,0.19436619718309858,1.8756869083352572,5.80721362277735,8.136221431330006e-8,7.479899569202719e-6,6.725943049899473e-6,YDL182W/YDL170W/YDL131W/YDR034C/YDR035W/YDR158W/YDR234W/YDR253C/YDR272W/YOL064C/YOR202W/YOR270C/YOR375C/YGL125W/YGL062W/YGL026C/YGL009C/YGR204W/YGR254W/YLR058C/YLR134W/YLR303W/YLR380W/YPR167C/YML042W/YMR020W/YMR062C/YMR108W/YBR115C/YBR248C/YNL277W/YNL229C/YNL104C/YNR050C/YJL200C/YJL071W/YJL060W/YJR010W/YJR016C/YJR109C/YJR137C/YJR139C/YKL015W/YKL001C/YKR069W/YER010C/YER040W/YER052C/YER055C/YER069W/YER090W/YER091C/YHR018C/YHR063C/YHR112C/YHR183W/YHR201C/YHR208W/YIL116W/YIL094C/YIL074C/YIR017C/YIR031C/YIR034C/YCL040W/YCL018W/YCL009C/YFL046W/YFR025C,69,Upregulated,8. Mixed origin
GO:0006082,organic acid metabolic process,69/549,357/5298,0.19327731092436976,1.8651788584286175,5.754832047786179,1.0255357980739317e-7,8.838836659649699e-6,7.947902435072972e-6,YDL182W/YDL170W/YDL131W/YDR034C/YDR035W/YDR158W/YDR234W/YDR253C/YDR272W/YOL064C/YOR202W/YOR270C/YOR375C/YGL125W/YGL062W/YGL026C/YGL009C/YGR204W/YGR254W/YLR058C/YLR134W/YLR303W/YLR380W/YPR167C/YML042W/YMR020W/YMR062C/YMR108W/YBR115C/YBR248C/YNL277W/YNL229C/YNL104C/YNR050C/YJL200C/YJL071W/YJL060W/YJR010W/YJR016C/YJR109C/YJR137C/YJR139C/YKL015W/YKL001C/YKR069W/YER010C/YER040W/YER052C/YER055C/YER069W/YER090W/YER091C/YHR018C/YHR063C/YHR112C/YHR183W/YHR201C/YHR208W/YIL116W/YIL094C/YIL074C/YIR017C/YIR031C/YIR034C/YCL040W/YCL018W/YCL009C/YFL046W/YFR025C,69,Upregulated,8. Mixed origin
GO:0000747,conjugation with cellular fusion,29/549,101/5298,0.2871287128712871,2.770870529675918,6.109015302187708,1.8006834731625466e-7,1.46067206440656e-5,1.3134397098362107e-5,YDL100C/YDR085C/YDR103W/YOR208W/YOR212W/YGL162W/YGR279C/YLR330W/YLR452C/YPL192C/YPL179W/YPR075C/YPR122W/YMR065W/YMR232W/YNL053W/YNR044W/YJR090C/YJR117W/YKR031C/YER075C/YHR005C/YHR084W/YIL015W/YCL055W/YCL014W/YCR089W/YFL026W/YFR022W,29,Upregulated,8. Mixed origin
GO:0000096,sulfur amino acid metabolic process,18/549,46/5298,0.391304347826087,3.7761938702779765,6.429340429889434,2.532266639800668e-7,1.9399976090472895e-5,1.7444503518626825e-5,YDR158W/YDR253C/YOL064C/YGL125W/YGR204W/YLR303W/YPR167C/YNL277W/YJR010W/YJR137C/YJR139C/YKL001C/YKR069W/YER052C/YER091C/YHR112C/YHR208W/YIR017C,18,Upregulated,8. Mixed origin
GO:0019752,carboxylic acid metabolic process,65/549,339/5298,0.19174041297935104,1.8503473733417155,5.501729620388394,3.412769591588782e-7,2.4769522456847004e-5,2.2272812071421528e-5,YDL182W/YDL170W/YDL131W/YDR034C/YDR035W/YDR158W/YDR234W/YDR253C/YDR272W/YOL064C/YOR202W/YOR375C/YGL125W/YGL062W/YGL026C/YGL009C/YGR204W/YGR254W/YLR058C/YLR134W/YLR303W/YLR380W/YPR167C/YML042W/YMR020W/YMR062C/YMR108W/YBR115C/YBR248C/YNL277W/YNL104C/YNR050C/YJL200C/YJL071W/YJL060W/YJR010W/YJR016C/YJR109C/YJR137C/YJR139C/YKL015W/YKL001C/YKR069W/YER010C/YER052C/YER055C/YER069W/YER090W/YER091C/YHR018C/YHR063C/YHR112C/YHR183W/YHR208W/YIL116W/YIL094C/YIL074C/YIR017C/YIR031C/YIR034C/YCL040W/YCL018W/YCL009C/YFL046W/YFR025C,65,Upregulated,8. Mixed origin
GO:0000103,sulfate assimilation,8/549,10/5298,0.8,7.720218579234974,7.231655841444495,4.7228686604316153e-7,3.256417941367599e-5,2.928178569467602e-5,YOL064C/YPR167C/YBR213W/YJR010W/YJR137C/YKL001C/YKR069W/YFR030W,8,Upregulated,8. Mixed origin
GO:0019878,lysine biosynthetic process via aminoadipic acid,9/549,13/5298,0.6923076923076923,6.680958385876418,6.972216467094287,6.317704327425045e-7,4.1486258416757796e-5,3.730453983812884e-5,YDL182W/YDL131W/YDR034C/YDR234W/YBR115C/YNR050C/YJL200C/YIL094C/YIR034C,9,Upregulated,8. Mixed origin
GO:0000097,sulfur amino acid biosynthetic process,15/549,36/5298,0.4166666666666667,4.020947176684881,6.183281716149639,9.930546726552706e-7,6.224647243598264e-5,5.597217245875162e-5,YDR158W/YOL064C/YGL125W/YGR204W/YLR303W/YPR167C/YNL277W/YJR137C/YJR139C/YKL001C/YKR069W/YER052C/YER091C/YHR208W/YIR017C,15,Upregulated,8. Mixed origin
GO:0009086,methionine biosynthetic process,14/549,32/5298,0.4375,4.2219945355191255,6.215261920687427,1.124557626175297e-6,6.742456376068412e-5,6.0628324193798634e-5,YDR158W/YOL064C/YGL125W/YGR204W/YLR303W/YPR167C/YNL277W/YJR139C/YKL001C/YKR069W/YER052C/YER091C/YHR208W/YIR017C,14,Upregulated,8. Mixed origin
GO:0006555,methionine metabolic process,14/549,35/5298,0.4,3.860109289617487,5.771650698730154,4.117179554940461e-6,2.36566275260954e-4,2.1272094367192384e-4,YDR158W/YOL064C/YGL125W/YGR204W/YLR303W/YPR167C/YNL277W/YJR139C/YKL001C/YKR069W/YER052C/YER091C/YHR208W/YIR017C,14,Upregulated,8. Mixed origin
GO:0019236,response to pheromone,22/549,78/5298,0.28205128205128205,2.721871934986689,5.208503630482462,7.7095414314396e-6,4.252583053582083e-4,3.8239325499940416e-4,YDL100C/YDR103W/YDR410C/YOR208W/YOR212W/YLR452C/YPL179W/YPL049C/YPR075C/YNL298W/YNL053W/YNR044W/YJR090C/YJR117W/YKL209C/YER075C/YHR005C/YHR084W/YIL015W/YCR089W/YFL026W/YFR022W,22,Upregulated,8. Mixed origin
GO:0071554,cell wall organization or biogenesis,45/549,226/5298,0.19911504424778761,1.9215145800087043,4.813565457477119,8.974993531682571e-6,4.760198492380872e-4,4.2803815304947657e-4,YDR027C/YDR261C/YDR293C/YDR349C/YDR483W/YOL105C/YOL048C/YOL030W/YOR092W/YOR208W/YOR247W/YGR014W/YGR032W/YGR279C/YGR282C/YLR121C/YLR330W/YLR332W/YLR414C/YPL053C/YMR200W/YMR215W/YMR238W/YMR295C/YBR023C/YBR038W/YBR162C/YNL322C/YNL283C/YNL192W/YNL053W/YJL171C/YKL126W/YKR042W/YER075C/YER150W/YHL028W/YHL027W/YHR142W/YIL123W/YIL015W/YCR017C/YCR089W/YFL039C/YAL053W,45,Upregulated,8. Mixed origin
GO:0042221,response to chemical,73/549,433/5298,0.16859122401847576,1.6269513749542523,4.62845940432156,1.0029282880843954e-5,5.122363367660672e-4,4.606041026757965e-4,YDL138W/YDL126C/YDL100C/YDL095W/YDL073W/YDL020C/YDR103W/YDR135C/YDR171W/YDR368W/YDR410C/YDR411C/YOL082W/YOL016C/YOR052C/YOR153W/YOR208W/YOR212W/YOR270C/YOR380W/YGL248W/YGL060W/YGR014W/YGR097W/YLL029W/YLL021W/YLR104W/YLR256W/YLR452C/YPL203W/YPL189W/YPL179W/YPL096W/YPL049C/YPR075C/YML121W/YML013W/YMR214W/YMR276W/YBR014C/YNL298W/YNL264C/YNL229C/YNL159C/YNL155W/YNL053W/YNL036W/YNL008C/YNR044W/YJL144W/YJL101C/YJR090C/YJR117W/YKL209C/YKL126W/YEL047C/YER075C/YHL027W/YHR005C/YHR048W/YHR084W/YHR183W/YIL015W/YCL043C/YCL035C/YCL033C/YCR089W/YFL026W/YFR010W/YFR022W/YFR029W/YAL053W/YAL023C,73,Upregulated,8. Mixed origin
GO:0009079,pyruvate family amino acid biosynthetic process,7/549,11/5298,0.6363636363636364,6.141082960755092,5.802917193834133,2.8119589815302728e-5,0.0013848897984036594,0.0012452961203919782,YGL009C/YMR108W/YNL104C/YJR016C/YHR208W/YCL018W/YCL009C,7,Upregulated,8. Mixed origin
GO:0045229,external encapsulating structure organization,38/549,189/5298,0.20105820105820105,1.9402665741463554,4.475216210307958,3.6395703193968705e-5,0.0016729891568160948,0.0015043557320173733,YDR027C/YDR261C/YDR293C/YDR349C/YOL105C/YOL048C/YOL030W/YOR092W/YOR247W/YGR014W/YGR032W/YGR279C/YGR282C/YLR121C/YLR330W/YLR332W/YLR414C/YPL053C/YMR215W/YMR238W/YBR023C/YBR038W/YBR162C/YNL322C/YNL283C/YNL192W/YNL053W/YJL171C/YKL126W/YKR042W/YER150W/YHL028W/YHR142W/YIL123W/YIL015W/YCR017C/YCR089W/YFL039C,38,Upregulated,8. Mixed origin
GO:0071555,cell wall organization,38/549,189/5298,0.20105820105820105,1.9402665741463554,4.475216210307958,3.6395703193968705e-5,0.0016729891568160948,0.0015043557320173733,YDR027C/YDR261C/YDR293C/YDR349C/YOL105C/YOL048C/YOL030W/YOR092W/YOR247W/YGR014W/YGR032W/YGR279C/YGR282C/YLR121C/YLR330W/YLR332W/YLR414C/YPL053C/YMR215W/YMR238W/YBR023C/YBR038W/YBR162C/YNL322C/YNL283C/YNL192W/YNL053W/YJL171C/YKL126W/YKR042W/YER150W/YHL028W/YHR142W/YIL123W/YIL015W/YCR017C/YCR089W/YFL039C,38,Upregulated,8. Mixed origin
GO:0007120,axial cellular bud site selection,8/549,15/5298,0.5333333333333333,5.146812386156649,5.467890202247801,4.202997566431153e-5,0.0018389608717138421,0.001653597883194463,YLR084C/YPR122W/YNL078W/YJR092W/YIL140W/YIR006C/YCL014W/YCR038C,8,Upregulated,8. Mixed origin
GO:0044283,small molecule biosynthetic process,57/549,328/5298,0.17378048780487804,1.67702918832467,4.303939857430824,4.267349375985711e-5,0.0018389608717138421,0.001653597883194463,YDL182W/YDL131W/YDR034C/YDR035W/YDR158W/YDR234W/YDR487C/YOL064C/YOR202W/YOR375C/YGL125W/YGL062W/YGL026C/YGL009C/YGR204W/YLR058C/YLR134W/YLR228C/YLR303W/YLR380W/YPR167C/YML125C/YMR020W/YMR062C/YMR108W/YBR035C/YBR115C/YBR248C/YNL277W/YNL104C/YNR050C/YJL200C/YJL071W/YJL060W/YJR016C/YJR109C/YJR137C/YJR139C/YKL001C/YKR069W/YER052C/YER055C/YER069W/YER090W/YER091C/YHR018C/YHR042W/YHR063C/YHR208W/YIL116W/YIL094C/YIL074C/YIR017C/YIR034C/YCL018W/YCL009C/YFR025C,57,Upregulated,8. Mixed origin
GO:0006508,proteolysis,58/549,340/5298,0.17058823529411765,1.6462230793956927,4.187634177775758,6.315468168111004e-5,0.0026391001829772953,0.002373085008623529,YDL185W/YDL126C/YDL097C/YDL095W/YDL013W/YDR349C/YDR394W/YDR411C/YOL133W/YOL082W/YOR057W/YOR117W/YOR157C/YOR197W/YGR098C/YLL039C/YLL029W/YLR024C/YLR104W/YLR121C/YLR178C/YLR417W/YPL246C/YPL096W/YPR103W/YPR122W/YML055W/YML013W/YMR171C/YMR214W/YMR276W/YMR297W/YBL041W/YBR139W/YBR173C/YBR280C/YNL238W/YNL159C/YNL155W/YNL008C/YJL144W/YJR090C/YJR117W/YKL157W/YKL145W/YKL103C/YKL059C/YHL002W/YHR027C/YHR028C/YHR200W/YIL075C/YIL031W/YIL015W/YCL043C/YFR010W/YFR050C/YAL023C,58,Upregulated,8. Mixed origin
GO:0022414,reproductive process,69/549,426/5298,0.1619718309859155,1.5630724236127147,4.120173381318637,6.915553297354336e-5,0.002804867057956362,0.002522142967270405,YDL160C-A/YDL100C/YDR027C/YDR085C/YDR103W/YDR146C/YDR155C/YOL069W/YOL048C/YOR073W/YOR208W/YOR212W/YOR229W/YGL163C/YGL162W/YGL036W/YGR032W/YGR098C/YGR279C/YLL040C/YLL021W/YLR084C/YLR212C/YLR330W/YLR452C/YPL192C/YPL179W/YPL138C/YPL130W/YPR036W-A/YPR075C/YPR122W/YML085C/YMR065W/YMR144W/YMR200W/YMR232W/YMR238W/YBR023C/YBR073W/YNL272C/YNL078W/YNL053W/YNR044W/YJL092W/YJR090C/YJR092W/YJR117W/YKR031C/YEL072W/YER075C/YHL027W/YHR005C/YHR084W/YHR152W/YHR164C/YIL140W/YIL015W/YIR002C/YIR006C/YCL055W/YCL014W/YCR038C/YCR086W/YCR089W/YCR097W/YFL039C/YFL026W/YFR022W,69,Upregulated,8. Mixed origin
GO:0000910,cytokinesis,24/549,104/5298,0.23076923076923078,2.226986128625473,4.296407082712363,1.1290339104581154e-4,0.004448393607204974,0.004000005854194467,YOR326W/YGR014W/YGR092W/YLL021W/YLR084C/YLR330W/YPL242C/YPR122W/YML064C/YMR232W/YBL047C/YBR038W/YNL078W/YJR092W/YKR042W/YHL027W/YHR023W/YIL140W/YIL135C/YIR006C/YCL014W/YCR038C/YCR063W/YFL039C,24,Upregulated,8. Mixed origin
GO:0009082,branched-chain amino acid biosynthetic process,7/549,13/5298,0.5384615384615384,5.196300966792769,5.150102626045303,1.21339307962724e-4,0.004647969602238789,0.004179465052049383,YGL009C/YMR108W/YNL104C/YJR016C/YHR208W/YCL018W/YCL009C,7,Upregulated,8. Mixed origin
GO:0071852,fungal-type cell wall organization or biogenesis,33/549,165/5298,0.2,1.9300546448087434,4.126338764989972,1.3214018911148569e-4,0.0049249005617496965,0.004428482013466008,YDR027C/YDR261C/YDR293C/YDR349C/YOL048C/YOL030W/YOR208W/YOR247W/YGR014W/YGR032W/YGR282C/YLR121C/YLR330W/YLR332W/YLR414C/YPL053C/YMR200W/YMR215W/YMR238W/YBR023C/YNL322C/YNL283C/YNL053W/YKL126W/YKR042W/YER075C/YER150W/YHL027W/YIL123W/YIL015W/YCR017C/YFL039C/YAL053W,33,Upregulated,8. Mixed origin
GO:0031139,positive regulation of conjugation with cellular fusion,10/549,27/5298,0.37037037037037035,3.574175268164339,4.559041665809847,2.1637847568763008e-4,0.0078057170672982895,0.007018918900253721,YDL100C/YDR103W/YOR208W/YOR212W/YGL162W/YPL179W/YNL053W/YER075C/YHR005C/YFL026W,10,Upregulated,8. Mixed origin
GO:0000282,cellular bud site selection,12/549,37/5298,0.32432432432432434,3.1298183429330972,4.419868496772568,2.2075632024991538e-4,0.0078057170672982895,0.007018918900253721,YGR014W/YLL021W/YLR084C/YLR330W/YPR122W/YNL078W/YJR092W/YIL140W/YIR006C/YCL014W/YCR038C/YCR063W,12,Upregulated,8. Mixed origin
GO:0044396,actin cortical patch organization,9/549,23/5298,0.391304347826087,3.7761938702779765,4.536308176428192,2.7759714593213815e-4,0.009475700454519051,0.008520571837276015,YDL161W/YLR370C/YBL047C/YBR059C/YNL243W/YJR065C/YIL062C/YIR006C/YCR088W,9,Upregulated,8. Mixed origin
GO:0071444,cellular response to pheromone,17/549,66/5298,0.25757575757575757,2.4856764364961084,4.129166633804134,2.817285849421908e-4,0.009475700454519051,0.008520571837276015,YDL100C/YDR103W/YOR208W/YOR212W/YLR452C/YPL179W/YPL049C/YPR075C/YNL053W/YNR044W/YJR090C/YER075C/YHR005C/YHR084W/YIL015W/YFL026W/YFR022W,17,Upregulated,8. Mixed origin
GO:0035269,protein O-linked mannosylation,6/549,11/5298,0.5454545454545454,5.263785394932936,4.81268125178069,3.528674741558032e-4,0.011585815401448872,0.010417992094123715,YDL095W/YDL093W/YOR085W/YMR200W/YJR143C/YAL023C,6,Upregulated,8. Mixed origin
GO:0009078,pyruvate family amino acid metabolic process,7/549,15/5298,0.4666666666666667,4.503460837887068,4.619581839147598,3.778200236634834e-4,0.011852395178860487,0.01065770124857651,YGL009C/YMR108W/YNL104C/YJR016C/YHR208W/YCL018W/YCL009C,7,Upregulated,8. Mixed origin
GO:2000243,positive regulation of reproductive process,12/549,39/5298,0.3076923076923077,2.969314838167297,4.196584238664785,3.8386095190216926e-4,0.011852395178860487,0.01065770124857651,YDL100C/YDR103W/YDR146C/YDR155C/YOR208W/YOR212W/YGL162W/YPL179W/YNL053W/YER075C/YHR005C/YFL026W,12,Upregulated,8. Mixed origin
GO:0009070,serine family amino acid biosynthetic process,9/549,24/5298,0.375,3.6188524590163933,4.37166287819697,4.038934810212146e-4,0.011852395178860487,0.01065770124857651,YDR158W/YLR058C/YLR303W/YPR167C/YJR139C/YKL001C/YER052C/YIL074C/YIR017C,9,Upregulated,8. Mixed origin
GO:0009073,aromatic amino acid family biosynthetic process,9/549,24/5298,0.375,3.6188524590163933,4.37166287819697,4.038934810212146e-4,0.011852395178860487,0.01065770124857651,YDR035W/YOR202W/YGL026C/YGR204W/YBR248C/YER055C/YER090W/YIL116W/YFR025C,9,Upregulated,8. Mixed origin
GO:0030866,cortical actin cytoskeleton organization,15/549,56/5298,0.26785714285714285,2.5848946135831383,4.053647389960353,4.039612570024967e-4,0.011852395178860487,0.01065770124857651,YDL161W/YOR329C/YLR370C/YPL242C/YMR232W/YBL047C/YBR038W/YBR059C/YNL243W/YJR065C/YHR023W/YIL062C/YIR006C/YCR088W/YFL039C,15,Upregulated,8. Mixed origin
GO:0031137,regulation of conjugation with cellular fusion,10/549,29/5298,0.3448275862068966,3.32768042208404,4.273250256376804,4.241441947385315e-4,0.012185309261342396,0.010957058364078733,YDL100C/YDR103W/YOR208W/YOR212W/YGL162W/YPL179W/YNL053W/YER075C/YHR005C/YFL026W,10,Upregulated,8. Mixed origin
GO:0070887,cellular response to chemical stimulus,49/549,296/5298,0.16554054054054054,1.5975114458721016,3.596833336483417,4.962655129774114e-4,0.013708080246977328,0.012326337567985417,YDL138W/YDL126C/YDL100C/YDL073W/YDL020C/YDR103W/YDR368W/YOL016C/YOR052C/YOR208W/YOR212W/YOR270C/YGL248W/YGL060W/YGR014W/YGR097W/YLL029W/YLL021W/YLR256W/YLR452C/YPL203W/YPL189W/YPL179W/YPL049C/YPR075C/YML121W/YBR014C/YNL229C/YNL159C/YNL155W/YNL053W/YNL036W/YNL008C/YNR044W/YJL144W/YJR090C/YKL126W/YEL047C/YER075C/YHL027W/YHR005C/YHR084W/YHR183W/YIL015W/YCL035C/YCL033C/YFL026W/YFR022W/YAL053W,49,Upregulated,8. Mixed origin
GO:0030865,cortical cytoskeleton organization,15/549,57/5298,0.2631578947368421,2.539545585274662,3.973040339351973,4.970297406445732e-4,0.013708080246977328,0.012326337567985417,YDL161W/YOR329C/YLR370C/YPL242C/YMR232W/YBL047C/YBR038W/YBR059C/YNL243W/YJR065C/YHR023W/YIL062C/YIR006C/YCR088W/YFL039C,15,Upregulated,8. Mixed origin
GO:0034314,Arp2/3 complex-mediated actin nucleation,8/549,20/5298,0.4,3.860109289617487,4.356753686656567,5.135830373129792e-4,0.013886882518717614,0.012487116985648907,YOR181W/YLR370C/YPR154W/YNL243W/YJR065C/YIL062C/YIR006C/YCR088W,8,Upregulated,8. Mixed origin
GO:0009069,serine family amino acid metabolic process,11/549,35/5298,0.3142857142857143,3.032943013270882,4.102443569417836,5.473527017529931e-4,0.014515372609949569,0.013052256734109839,YDR158W/YLR058C/YLR303W/YPR167C/YNL277W/YJR139C/YKL001C/YER052C/YHR112C/YIL074C/YIR017C,11,Upregulated,8. Mixed origin
GO:0000750,pheromone-dependent signal transduction involved in conjugation with cellular fusion,9/549,25/5298,0.36,3.474098360655738,4.215587946632435,5.739409356036053e-4,0.014656750929580959,0.0131793844471939,YDL100C/YDR103W/YOR208W/YOR212W/YPL179W/YNL053W/YER075C/YHR005C/YFL026W,9,Upregulated,8. Mixed origin
GO:0032005,signal transduction involved in positive regulation of conjugation with cellular fusion,9/549,25/5298,0.36,3.474098360655738,4.215587946632435,5.739409356036053e-4,0.014656750929580959,0.0131793844471939,YDL100C/YDR103W/YOR208W/YOR212W/YPL179W/YNL053W/YER075C/YHR005C/YFL026W,9,Upregulated,8. Mixed origin
GO:0010498,proteasomal protein catabolic process,31/549,165/5298,0.18787878787878787,1.8130816360324558,3.6073689783594634,6.609533329280049e-4,0.01657190265650398,0.014901493324195023,YDL126C/YDL095W/YDR394W/YDR411C/YOL133W/YOL082W/YOR117W/YOR157C/YLR024C/YLR104W/YPL096W/YPR103W/YML013W/YMR214W/YMR276W/YBL041W/YBR280C/YNL159C/YNL155W/YNL008C/YJL144W/YJR090C/YJR117W/YKL145W/YHR027C/YHR200W/YIL075C/YCL043C/YFR010W/YFR050C/YAL023C,31,Upregulated,8. Mixed origin
GO:0061640,cytoskeleton-dependent cytokinesis,19/549,84/5298,0.2261904761904762,2.18279989591465,3.7150569969136162,7.496627334242697e-4,0.01846044481057264,0.0165996748115374,YGR014W/YLL021W/YLR084C/YLR330W/YPL242C/YPR122W/YML064C/YMR232W/YBR038W/YNL078W/YJR092W/YHR023W/YIL140W/YIL135C/YIR006C/YCL014W/YCR038C/YCR063W/YFL039C,19,Upregulated,8. Mixed origin
GO:0044272,sulfur compound biosynthetic process,18/549,78/5298,0.23076923076923078,2.226986128625473,3.711519756866704,7.979417253460966e-4,0.019304590162320476,0.017358732270687016,YDR158W/YOL064C/YGL125W/YGR204W/YLR303W/YPR167C/YNL277W/YJL101C/YJR010W/YJR137C/YJR139C/YKL001C/YKR069W/YER052C/YER091C/YHR208W/YIR017C/YFR030W,18,Upregulated,8. Mixed origin
GO:0022413,reproductive process in single-celled organism,30/549,162/5298,0.18518518518518517,1.7870876340821695,3.459140187597167,0.001027817770753035,0.024437253549455782,0.021974035098857994,YDR027C/YDR146C/YDR155C/YOL048C/YGR032W/YLL040C/YLL021W/YLR084C/YLR330W/YPL130W/YPR036W-A/YPR122W/YMR144W/YMR200W/YMR232W/YMR238W/YBR023C/YNL272C/YNL078W/YJR092W/YKR031C/YHL027W/YIL140W/YIR002C/YIR006C/YCL014W/YCR038C/YCR089W/YFL039C/YFL026W,30,Upregulated,8. Mixed origin
GO:0051603,proteolysis involved in protein catabolic process,41/549,244/5298,0.1680327868852459,1.6215623040401324,3.3795745903187067,0.0010548924583673883,0.02465587627268862,0.022170621158907826,YDL126C/YDL097C/YDL095W/YDL013W/YDR394W/YDR411C/YOL133W/YOL082W/YOR057W/YOR117W/YOR157C/YOR197W/YLL039C/YLR024C/YLR104W/YLR417W/YPL096W/YPR103W/YML013W/YMR171C/YMR214W/YMR276W/YBL041W/YBR173C/YBR280C/YNL159C/YNL155W/YNL008C/YJL144W/YJR090C/YJR117W/YKL145W/YKL059C/YHL002W/YHR027C/YHR200W/YIL075C/YCL043C/YFR010W/YFR050C/YAL023C,41,Upregulated,8. Mixed origin
GO:0009081,branched-chain amino acid metabolic process,8/549,22/5298,0.36363636363636365,3.509190263288624,4.009522126792881,0.0010807151652139193,0.024697253366051213,0.022207827537275928,YGL009C/YLR134W/YMR108W/YNL104C/YJR016C/YHR208W/YCL018W/YCL009C,8,Upregulated,8. Mixed origin
GO:0035268,protein mannosylation,6/549,13/5298,0.46153846153846156,4.453972257250946,4.239045705520811,0.0010924818385272834,0.024697253366051213,0.022207827537275928,YDL095W/YDL093W/YOR085W/YMR200W/YJR143C/YAL023C,6,Upregulated,8. Mixed origin
GO:0019953,sexual reproduction,56/549,364/5298,0.15384615384615385,1.4846574190836486,3.257512256286755,0.0012758235679827222,0.028376785487873774,0.025516471359654447,YDL160C-A/YDL100C/YDR027C/YDR085C/YDR103W/YDR155C/YOL069W/YOL048C/YOR073W/YOR208W/YOR212W/YOR229W/YGL163C/YGL162W/YGL036W/YGR032W/YGR098C/YGR279C/YLL040C/YLR212C/YLR330W/YLR452C/YPL192C/YPL179W/YPL138C/YPL130W/YPR036W-A/YPR075C/YPR122W/YML085C/YMR065W/YMR232W/YBR023C/YBR073W/YNL272C/YNL053W/YNR044W/YJL092W/YJR090C/YJR117W/YKR031C/YEL072W/YER075C/YHL027W/YHR005C/YHR084W/YHR152W/YHR164C/YIL015W/YCL055W/YCL014W/YCR086W/YCR089W/YFL039C/YFL026W/YFR022W,56,Upregulated,8. Mixed origin
GO:0031505,fungal-type cell wall organization,27/549,144/5298,0.1875,1.8094262295081966,3.348007224506531,0.001494951133861547,0.03251519914704857,0.029237742525264853,YDR027C/YDR261C/YDR293C/YDR349C/YOL048C/YOL030W/YOR247W/YGR014W/YGR032W/YGR282C/YLR121C/YLR330W/YLR332W/YLR414C/YPL053C/YMR215W/YBR023C/YNL322C/YNL283C/YNL053W/YKL126W/YKR042W/YER150W/YIL123W/YIL015W/YCR017C/YFL039C,27,Upregulated,8. Mixed origin
GO:0006493,protein O-linked glycosylation,8/549,23/5298,0.34782608695652173,3.3566167735804227,3.8507180831828185,0.0015090447754975405,0.03251519914704857,0.029237742525264853,YDL095W/YDL093W/YDR483W/YOR085W/YPL053C/YMR200W/YJR143C/YAL023C,8,Upregulated,8. Mixed origin
GO:0000749,response to pheromone triggering conjugation with cellular fusion,12/549,45/5298,0.26666666666666666,2.5734061930783243,3.603657315290621,0.0015802549744806805,0.033525717073982435,0.030146402590092984,YDL100C/YDR103W/YOR208W/YOR212W/YPL179W/YPR075C/YNL053W/YNR044W/YJR090C/YER075C/YHR005C/YFL026W,12,Upregulated,8. Mixed origin
GO:0000281,mitotic cytokinesis,18/549,83/5298,0.21686746987951808,2.09283033774442,3.411651852956904,0.0017133570804562894,0.03579877899923065,0.032190345147966655,YGR014W/YLL021W/YLR084C/YLR330W/YPL242C/YPR122W/YML064C/YBR038W/YNL078W/YJR092W/YHR023W/YIL140W/YIL135C/YIR006C/YCL014W/YCR038C/YCR063W/YFL039C,18,Upregulated,8. Mixed origin
GO:0097502,mannosylation,6/549,14/5298,0.42857142857142855,4.135831381733021,3.994251337179235,0.0017460047164748456,0.0359364254331166,0.03231411714072849,YDL095W/YDL093W/YOR085W/YMR200W/YJR143C/YAL023C,6,Upregulated,8. Mixed origin
GO:1903828,negative regulation of protein localization,5/549,10/5298,0.5,4.825136612021858,4.1162458033917275,0.001897590699401124,0.038482023154031625,0.03460312451849109,YGR098C/YML064C/YML055W/YJR117W/YHR152W,5,Upregulated,8. Mixed origin
GO:0009272,fungal-type cell wall biogenesis,13/549,52/5298,0.25,2.412568306010929,3.4801427652319283,0.0019407002691984032,0.038785879293110115,0.03487635266385537,YDR027C/YOL048C/YOL030W/YGR032W/YLR330W/YMR200W/YMR215W/YMR238W/YBR023C/YKR042W/YHL027W/YFL039C/YAL053W,13,Upregulated,8. Mixed origin
GO:0030036,actin cytoskeleton organization,28/549,154/5298,0.18181818181818182,1.754595131644312,3.230903251137949,0.001993320749885899,0.03926841877275221,0.03531025328369307,YDL161W/YDR085C/YDR309C/YOL112W/YOR181W/YOR326W/YOR329C/YGR097W/YLL021W/YLR370C/YPL242C/YPR154W/YMR200W/YMR232W/YBL047C/YBR038W/YBR059C/YNL243W/YJR065C/YKL007W/YER155C/YHR023W/YIL135C/YIL062C/YIL034C/YIR006C/YCR088W/YFL039C,28,Upregulated,8. Mixed origin
GO:0034976,response to endoplasmic reticulum stress,19/549,92/5298,0.20652173913043478,1.9929912093133761,3.2665349519646845,0.0023559652860645594,0.04575881872511306,0.041146435981972596,YDL126C/YDL095W/YDR411C/YDR518W/YOL082W/YLR104W/YLR332W/YPL096W/YML013W/YMR214W/YMR276W/YBL047C/YNL305C/YJR117W/YJR143C/YHR029C/YCL043C/YFR010W/YAL023C,19,Upregulated,8. Mixed origin
GO:0030029,actin filament-based process,28/549,156/5298,0.1794871794871795,1.7321003222642566,3.155490920958308,0.00242834388174081,0.04650953073500802,0.04182147796331395,YDL161W/YDR085C/YDR309C/YOL112W/YOR181W/YOR326W/YOR329C/YGR097W/YLL021W/YLR370C/YPL242C/YPR154W/YMR200W/YMR232W/YBL047C/YBR038W/YBR059C/YNL243W/YJR065C/YKL007W/YER155C/YHR023W/YIL135C/YIL062C/YIL034C/YIR006C/YCR088W/YFL039C,28,Upregulated,8. Mixed origin
GO:0006412,translation,127/325,454/5298,0.27973568281938327,4.5601219925449,20.278609699258126,1.19015881461515e-56,1.0759035684120958e-53,9.709190329755173e-54,YDL229W/YDL202W/YDL136W/YDL083C/YDR064W/YDR116C/YDR172W/YDR175C/YDR194C/YDR237W/YDR337W/YDR347W/YDR382W/YDR405W/YDR462W/YDR471W/YDR494W/YOR063W/YOR096W/YOR150W/YOR158W/YOR187W/YOR354C/YGL135W/YGL123W/YGL107C/YGL068W/YGL030W/YGR021W/YGR076C/YGR085C/YGR148C/YGR165W/YGR215W/YGR220C/YLR061W/YLR069C/YLR167W/YLR204W/YLR312W-A/YLR333C/YLR340W/YLR367W/YLR406C/YLR439W/YLR441C/YPL215W/YPL198W/YPL183W-A/YPL173W/YPL118W/YPL104W/YPL090C/YPL079W/YPL013C/YPR080W/YPR100W/YPR166C/YML091C/YML073C/YML026C/YML025C/YML024W/YMR024W/YMR116C/YMR158W/YMR193W/YMR194W/YMR230W/YMR286W/YBL090W/YBL087C/YBL038W/YBR120C/YBR122C/YBR146W/YBR185C/YBR189W/YBR251W/YBR268W/YBR282W/YNL306W/YNL302C/YNL301C/YNL284C/YNL252C/YNL185C/YNL178W/YNL177C/YNL137C/YNL096C/YNL081C/YNL069C/YNL067W/YNL005C/YNR022C/YNR036C/YJL191W/YJL190C/YJL138C/YJL096W/YJL063C/YJR101W/YJR113C/YKL170W/YKL167C/YKL138C/YKL003C/YKR006C/YKR085C/YEL050C/YEL034W/YER102W/YHR010W/YHR021C/YHR059W/YHR064C/YHR147C/YIL133C/YIL093C/YIL018W/YCR003W/YCR071C/YFL034C-A/YFR001W/YFR031C-A/YAL003W,127,Downregulated,8. Mixed origin
GO:0032543,mitochondrial translation,71/325,133/5298,0.5338345864661654,8.702325043377675,22.996404390950698,9.136051119430019e-53,4.1294951059823684e-50,3.7265471671359287e-50,YDL202W/YDR116C/YDR175C/YDR194C/YDR237W/YDR337W/YDR347W/YDR405W/YDR462W/YDR494W/YOR150W/YOR158W/YOR187W/YOR354C/YGL068W/YGR021W/YGR076C/YGR165W/YGR215W/YGR220C/YLR069C/YLR204W/YLR312W-A/YLR439W/YPL215W/YPL183W-A/YPL173W/YPL118W/YPL104W/YPL013C/YPR100W/YPR166C/YML025C/YMR024W/YMR158W/YMR193W/YMR286W/YBL090W/YBL038W/YBR120C/YBR122C/YBR146W/YBR185C/YBR251W/YBR268W/YBR282W/YNL306W/YNL284C/YNL252C/YNL185C/YNL177C/YNL137C/YNL081C/YNR022C/YNR036C/YJL096W/YJL063C/YJR101W/YJR113C/YKL170W/YKL167C/YKL138C/YKL003C/YKR006C/YKR085C/YEL050C/YHR059W/YHR147C/YIL093C/YCR003W/YCR071C,71,Downregulated,8. Mixed origin
GO:0140053,mitochondrial gene expression,75/325,164/5298,0.4573170731707317,7.454971857410882,21.465241666704664,1.9999037319768758e-49,6.026376579023652e-47,5.43833470976168e-47,YDL202W/YDR116C/YDR175C/YDR194C/YDR237W/YDR337W/YDR347W/YDR405W/YDR462W/YDR494W/YOR150W/YOR158W/YOR187W/YOR354C/YGL236C/YGL107C/YGL068W/YGR021W/YGR076C/YGR165W/YGR215W/YGR220C/YLR069C/YLR204W/YLR312W-A/YLR439W/YPL215W/YPL183W-A/YPL173W/YPL118W/YPL104W/YPL013C/YPR100W/YPR166C/YML091C/YML025C/YMR024W/YMR158W/YMR193W/YMR286W/YBL090W/YBL038W/YBR120C/YBR122C/YBR146W/YBR185C/YBR251W/YBR268W/YBR282W/YNL306W/YNL284C/YNL252C/YNL185C/YNL177C/YNL137C/YNL081C/YNR022C/YNR036C/YJL096W/YJL063C/YJR101W/YJR113C/YKL170W/YKL167C/YKL138C/YKL003C/YKR006C/YKR079C/YKR085C/YEL050C/YHR059W/YHR147C/YIL093C/YCR003W/YCR071C,75,Downregulated,8. Mixed origin
GO:1902600,proton transmembrane transport,35/325,80/5298,0.4375,7.131923076923077,14.126581896949208,3.0151732906530663e-22,6.81429163687593e-20,6.149366579621385e-20,YDL067C/YDL004W/YDR298C/YDR322C-A/YDR377W/YDR529C/YOL077W-A/YOR065W/YGL191W/YGL187C/YGR183C/YLR038C/YLR295C/YLR395C/YPL271W/YPL078C/YPR020W/YPR125W/YPR191W/YML123C/YML120C/YML081C-A/YML030W/YMR256C/YBL099W/YBL045C/YBR039W/YNL052W/YJL166W/YJR121W/YKL016C/YEL024W/YHR001W-A/YHR051W/YFR033C,35,Downregulated,8. Mixed origin
GO:0006119,oxidative phosphorylation,22/325,31/5298,0.7096774193548387,11.568833746898264,15.085985687831446,1.3115971692703715e-20,2.371367682040832e-18,2.1399743288095537e-18,YDL067C/YDR298C/YDR529C/YOR065W/YGL191W/YGL187C/YGR183C/YLR038C/YLR395C/YPL271W/YPR191W/YML120C/YMR256C/YNL052W/YJL166W/YJR048W/YJR121W/YKL141W/YEL024W/YHR001W-A/YHR051W/YFR033C,22,Downregulated,8. Mixed origin
GO:0019646,aerobic electron transport chain,18/325,26/5298,0.6923076923076923,11.28568047337278,13.439386357703604,9.574365470207142e-17,1.4425377308445426e-14,1.3017777613000938e-14,YDL067C/YDR529C/YOR065W/YGL191W/YGL187C/YGR183C/YLR395C/YPR191W/YML120C/YMR256C/YNL052W/YJL166W/YJR048W/YKL141W/YEL024W/YHR001W-A/YHR051W/YFR033C,18,Downregulated,8. Mixed origin
GO:0042773,ATP synthesis coupled electron transport,18/325,27/5298,0.6666666666666666,10.867692307692307,13.140092130924165,2.7140743229452183e-16,3.066903984928097e-14,2.767641579319137e-14,YDL067C/YDR529C/YOR065W/YGL191W/YGL187C/YGR183C/YLR395C/YPR191W/YML120C/YMR256C/YNL052W/YJL166W/YJR048W/YKL141W/YEL024W/YHR001W-A/YHR051W/YFR033C,18,Downregulated,8. Mixed origin
GO:0042775,mitochondrial ATP synthesis coupled electron transport,18/325,27/5298,0.6666666666666666,10.867692307692307,13.140092130924165,2.7140743229452183e-16,3.066903984928097e-14,2.767641579319137e-14,YDL067C/YDR529C/YOR065W/YGL191W/YGL187C/YGR183C/YLR395C/YPR191W/YML120C/YMR256C/YNL052W/YJL166W/YJR048W/YKL141W/YEL024W/YHR001W-A/YHR051W/YFR033C,18,Downregulated,8. Mixed origin
GO:0006754,ATP biosynthetic process,14/325,16/5298,0.875,14.263846153846155,13.582437213382851,8.771058894376216e-16,7.9290372405161e-14,7.155337519096386e-14,YDL004W/YDR298C/YDR322C-A/YDR377W/YOL077W-A/YLR295C/YPL271W/YPL078C/YPR020W/YML081C-A/YBL099W/YBR039W/YJR121W/YKL016C,14,Downregulated,8. Mixed origin
GO:0015986,proton motive force-driven ATP synthesis,14/325,16/5298,0.875,14.263846153846155,13.582437213382851,8.771058894376216e-16,7.9290372405161e-14,7.155337519096386e-14,YDL004W/YDR298C/YDR322C-A/YDR377W/YOL077W-A/YLR295C/YPL271W/YPL078C/YPR020W/YML081C-A/YBL099W/YBR039W/YJR121W/YKL016C,14,Downregulated,8. Mixed origin
GO:0098662,inorganic cation transmembrane transport,38/325,141/5298,0.2695035460992908,4.393322422258592,10.439592694410164,1.3093285120154548e-15,1.0760299771472465e-13,9.710331069971076e-14,YDL067C/YDL004W/YDR298C/YDR322C-A/YDR377W/YDR529C/YOL077W-A/YOR065W/YGL191W/YGL187C/YGR183C/YLR038C/YLR220W/YLR295C/YLR395C/YLR411W/YPL271W/YPL078C/YPR020W/YPR124W/YPR125W/YPR191W/YML123C/YML120C/YML081C-A/YML030W/YMR256C/YBL099W/YBL045C/YBR039W/YNL052W/YJL166W/YJR121W/YKL016C/YEL024W/YHR001W-A/YHR051W/YFR033C,38,Downregulated,8. Mixed origin
GO:0098655,monoatomic cation transmembrane transport,38/325,143/5298,0.26573426573426573,4.331877353415814,10.325001606213855,2.179096661356654e-15,1.6415861515553458e-13,1.4814034320626376e-13,YDL067C/YDL004W/YDR298C/YDR322C-A/YDR377W/YDR529C/YOL077W-A/YOR065W/YGL191W/YGL187C/YGR183C/YLR038C/YLR220W/YLR295C/YLR395C/YLR411W/YPL271W/YPL078C/YPR020W/YPR124W/YPR125W/YPR191W/YML123C/YML120C/YML081C-A/YML030W/YMR256C/YBL099W/YBL045C/YBR039W/YNL052W/YJL166W/YJR121W/YKL016C/YEL024W/YHR001W-A/YHR051W/YFR033C,38,Downregulated,8. Mixed origin
GO:0022904,respiratory electron transport chain,18/325,30/5298,0.6,9.7809230769230755,12.328929074667323,4.225666096442668e-15,2.9384631932185933e-13,2.651733785217059e-13,YDL067C/YDR529C/YOR065W/YGL191W/YGL187C/YGR183C/YLR395C/YPR191W/YML120C/YMR256C/YNL052W/YJL166W/YJR048W/YKL141W/YEL024W/YHR001W-A/YHR051W/YFR033C,18,Downregulated,8. Mixed origin
GO:0009145,purine nucleoside triphosphate biosynthetic process,15/325,20/5298,0.75,12.226153846153846,12.85756509812608,5.627702553840375e-15,3.391628739114466e-13,3.0606803362991515e-13,YDL004W/YDR298C/YDR322C-A/YDR377W/YOL077W-A/YLR295C/YPL271W/YPL078C/YPR020W/YML081C-A/YML056C/YBL099W/YBR039W/YJR121W/YKL016C,15,Downregulated,8. Mixed origin
GO:0009206,purine ribonucleoside triphosphate biosynthetic process,15/325,20/5298,0.75,12.226153846153846,12.85756509812608,5.627702553840375e-15,3.391628739114466e-13,3.0606803362991515e-13,YDL004W/YDR298C/YDR322C-A/YDR377W/YOL077W-A/YLR295C/YPL271W/YPL078C/YPR020W/YML081C-A/YML056C/YBL099W/YBR039W/YJR121W/YKL016C,15,Downregulated,8. Mixed origin
GO:0022900,electron transport chain,18/325,31/5298,0.5806451612903226,9.465409429280397,12.08355136906543,9.521452023560217e-15,5.379620393311522e-13,4.854687709381031e-13,YDL067C/YDR529C/YOR065W/YGL191W/YGL187C/YGR183C/YLR395C/YPR191W/YML120C/YMR256C/YNL052W/YJL166W/YJR048W/YKL141W/YEL024W/YHR001W-A/YHR051W/YFR033C,18,Downregulated,8. Mixed origin
GO:0009201,ribonucleoside triphosphate biosynthetic process,16/325,24/5298,0.6666666666666666,10.867692307692307,12.385073675106602,1.3214265564886962e-14,7.02688004156342e-13,6.341211029589718e-13,YDL004W/YDR298C/YDR322C-A/YDR377W/YOL077W-A/YLR295C/YPL271W/YPL078C/YPR020W/YML081C-A/YML056C/YBL099W/YBL039C/YBR039W/YJR121W/YKL016C,16,Downregulated,8. Mixed origin
GO:0034220,monoatomic ion transmembrane transport,38/325,151/5298,0.25165562913907286,4.102373917473255,9.886736678163924,1.5163959959363432e-14,7.615677668480301e-13,6.872554952343076e-13,YDL067C/YDL004W/YDR298C/YDR322C-A/YDR377W/YDR529C/YOL077W-A/YOR065W/YGL191W/YGL187C/YGR183C/YLR038C/YLR220W/YLR295C/YLR395C/YLR411W/YPL271W/YPL078C/YPR020W/YPR124W/YPR125W/YPR191W/YML123C/YML120C/YML081C-A/YML030W/YMR256C/YBL099W/YBL045C/YBR039W/YNL052W/YJL166W/YJR121W/YKL016C/YEL024W/YHR001W-A/YHR051W/YFR033C,38,Downregulated,8. Mixed origin
GO:0098660,inorganic ion transmembrane transport,39/325,160/5298,0.24375,3.9735,9.762888324442091,2.084277809579852e-14,9.91677442031677e-13,8.94911524888856e-13,YDL067C/YDL004W/YDR298C/YDR322C-A/YDR377W/YDR529C/YOL077W-A/YOR065W/YGL191W/YGL187C/YGR183C/YLR038C/YLR220W/YLR295C/YLR395C/YLR411W/YPL271W/YPL078C/YPR020W/YPR124W/YPR125W/YPR191W/YML123C/YML120C/YML081C-A/YML030W/YMR256C/YBL099W/YBL045C/YBR039W/YNL052W/YJL166W/YJR077C/YJR121W/YKL016C/YEL024W/YHR001W-A/YHR051W/YFR033C,39,Downregulated,8. Mixed origin
GO:0009060,aerobic respiration,28/325,84/5298,0.3333333333333333,5.4338461538461535,10.470855994574926,2.4438243042448342e-14,1.1046085855186652e-12,9.968230714682875e-13,YDL067C/YDR298C/YDR529C/YOR065W/YGL191W/YGL187C/YGL107C/YGR183C/YLR038C/YLR395C/YPL271W/YPR191W/YML120C/YMR256C/YBL045C/YBL030C/YNL052W/YNR001C/YJL166W/YJR048W/YJR121W/YKL141W/YKL085W/YEL024W/YHR001W-A/YHR051W/YIL070C/YFR033C,28,Downregulated,8. Mixed origin
GO:0045333,cellular respiration,30/325,98/5298,0.30612244897959184,4.9902668759811615,10.192031245420628,3.743301063404531e-14,1.6114019815798553e-12,1.4541645735030133e-12,YDL067C/YDR298C/YDR529C/YOR065W/YGL191W/YGL187C/YGL107C/YGR183C/YLR038C/YLR395C/YPL271W/YPR191W/YML120C/YMR256C/YBL045C/YBL030C/YNL052W/YNR001C/YJL166W/YJR048W/YJR120W/YJR121W/YKL141W/YKL085W/YEL024W/YER156C/YHR001W-A/YHR051W/YIL070C/YFR033C,30,Downregulated,8. Mixed origin
GO:0002181,cytoplasmic translation,39/325,167/5298,0.23353293413173654,3.8069461077844315,9.421905413138841,9.46175825314411e-14,3.887922482201035e-12,3.508546720663486e-12,YDL229W/YDL136W/YDR382W/YDR471W/YOR096W/YGL135W/YGL030W/YGR085C/YGR148C/YLR061W/YLR333C/YLR340W/YLR367W/YLR406C/YLR441C/YPL198W/YPL079W/YML091C/YML073C/YML026C/YML024W/YMR194W/YMR230W/YBL087C/YNL301C/YNL178W/YNL096C/YNL069C/YNL067W/YJL191W/YJL190C/YJL138C/YEL034W/YHR010W/YHR064C/YIL133C/YIL018W/YFL034C-A/YFR031C-A,39,Downregulated,8. Mixed origin
GO:0006812,monoatomic cation transport,40/325,179/5298,0.22346368715083798,3.6428018908465836,9.194878542753765,2.1198819568863144e-13,8.332057778370557e-12,7.519032112525829e-12,YDL067C/YDL004W/YDR298C/YDR322C-A/YDR377W/YDR529C/YOL077W-A/YOR065W/YGL191W/YGL187C/YGR183C/YLR038C/YLR214W/YLR220W/YLR295C/YLR395C/YLR411W/YPL271W/YPL078C/YPR020W/YPR124W/YPR125W/YPR191W/YML123C/YML120C/YML081C-A/YML030W/YMR256C/YBL099W/YBL045C/YBL030C/YBR039W/YNL052W/YJL166W/YJR121W/YKL016C/YEL024W/YHR001W-A/YHR051W/YFR033C,40,Downregulated,8. Mixed origin
GO:0009142,nucleoside triphosphate biosynthetic process,16/325,28/5298,0.5714285714285714,9.315164835164834,11.276959176545885,4.358214609892676e-13,1.641594169726241e-11,1.4814106678363263e-11,YDL004W/YDR298C/YDR322C-A/YDR377W/YOL077W-A/YLR295C/YPL271W/YPL078C/YPR020W/YML081C-A/YML056C/YBL099W/YBL039C/YBR039W/YJR121W/YKL016C,16,Downregulated,8. Mixed origin
GO:0006811,monoatomic ion transport,40/325,195/5298,0.20512820512820512,3.343905325443787,8.524953614664284,4.065492932428727e-12,1.4700822443662274e-10,1.3266345358451636e-10,YDL067C/YDL004W/YDR298C/YDR322C-A/YDR377W/YDR529C/YOL077W-A/YOR065W/YGL191W/YGL187C/YGR183C/YLR038C/YLR214W/YLR220W/YLR295C/YLR395C/YLR411W/YPL271W/YPL078C/YPR020W/YPR124W/YPR125W/YPR191W/YML123C/YML120C/YML081C-A/YML030W/YMR256C/YBL099W/YBL045C/YBL030C/YBR039W/YNL052W/YJL166W/YJR121W/YKL016C/YEL024W/YHR001W-A/YHR051W/YFR033C,40,Downregulated,8. Mixed origin
GO:0009152,purine ribonucleotide biosynthetic process,17/325,41/5298,0.4146341463414634,6.759174484052532,9.463038644055402,6.435251918110758e-11,2.1796631588971853e-9,1.9669759526610604e-9,YDL004W/YDR298C/YDR322C-A/YDR377W/YDR399W/YOL077W-A/YLR295C/YPL271W/YPL078C/YPR020W/YML081C-A/YML056C/YML022W/YBL099W/YBR039W/YJR121W/YKL016C,17,Downregulated,8. Mixed origin
GO:0055085,transmembrane transport,61/325,422/5298,0.14454976303317535,2.3563835216915785,7.424279603852337,6.510055894936284e-11,2.1796631588971853e-9,1.9669759526610604e-9,YDL067C/YDL004W/YDR046C/YDR298C/YDR322C-A/YDR375C/YDR377W/YDR508C/YDR529C/YOL077W-A/YOL020W/YOR065W/YOR232W/YGL191W/YGL187C/YGR055W/YGR082W/YGR183C/YLL053C/YLR008C/YLR038C/YLR220W/YLR237W/YLR295C/YLR395C/YLR411W/YPL274W/YPL271W/YPL078C/YPR020W/YPR124W/YPR125W/YPR191W/YML123C/YML120C/YML081C-A/YML030W/YMR256C/YBL099W/YBL045C/YBL042C/YBL030C/YBR039W/YBR068C/YNL052W/YNR017W/YJL166W/YJL104W/YJR045C/YJR077C/YJR121W/YKL188C/YKL016C/YKR016W/YKR093W/YKR103W/YEL024W/YER048C/YHR001W-A/YHR051W/YFR033C,61,Downregulated,8. Mixed origin
GO:0007005,mitochondrion organization,39/325,204/5298,0.19117647058823528,3.116470588235294,7.880346036746583,7.567544422292802e-11,2.4432357706259614e-9,2.2048296719086172e-9,YDR322W/YDR322C-A/YDR375C/YDR493W/YDR529C/YGL191W/YGR174C/YGR183C/YLR038C/YLR168C/YLR295C/YPL215W/YPR020W/YPR100W/YPR125W/YML091C/YML081C-A/YML030W/YMR012W/YMR134W/YBR120C/YBR185C/YBR262C/YNL315C/YNL100W/YNL005C/YNR018W/YNR020C/YJR120W/YJR144W/YKL141W/YKL137W/YKR016W/YEL020W-A/YHR005C-A/YHR083W/YIL098C/YCL057C-A/YFR011C,39,Downregulated,8. Mixed origin
GO:0006122,"mitochondrial electron transport, ubiquinol to cytochrome c",9/325,11/5298,0.8181818181818182,13.33762237762238,10.470576597185374,5.454163121193805e-10,1.6435211538530666e-8,1.4831496206755084e-8,YDR529C/YOR065W/YGR183C/YPR191W/YJL166W/YJR048W/YEL024W/YHR001W-A/YFR033C,9,Downregulated,8. Mixed origin
GO:0042407,cristae formation,9/325,11/5298,0.8181818181818182,13.33762237762238,10.470576597185374,5.454163121193805e-10,1.6435211538530666e-8,1.4831496206755084e-8,YDR322C-A/YLR168C/YLR295C/YPR020W/YBR262C/YNL100W/YKR016W/YCL057C-A/YFR011C,9,Downregulated,8. Mixed origin
GO:0033108,mitochondrial respiratory chain complex assembly,19/325,59/5298,0.3220338983050847,5.249647979139504,8.390777414968083,8.12073278222431e-10,2.3681104629454117e-8,2.1370349426906082e-8,YDR322W/YDR375C/YDR493W/YDR529C/YGL191W/YGR174C/YGR183C/YLR038C/YLR295C/YPL215W/YML081C-A/YML030W/YBR120C/YNL315C/YNL005C/YNR018W/YNR020C/YKL137W/YIL098C,19,Downregulated,8. Mixed origin
GO:0015980,energy derivation by oxidation of organic compounds,31/325,151/5298,0.2052980132450331,3.34667345899134,7.4784481741580695,1.2429030768315318e-9,3.511201192049077e-8,3.168585146527754e-8,YDL067C/YDR298C/YDR529C/YOR065W/YGL191W/YGL187C/YGL107C/YGR183C/YLR038C/YLR395C/YPL271W/YPR191W/YML120C/YMR145C/YMR256C/YBL045C/YBL030C/YNL052W/YNR001C/YJL166W/YJR048W/YJR120W/YJR121W/YKL141W/YKL085W/YEL024W/YER156C/YHR001W-A/YHR051W/YIL070C/YFR033C,31,Downregulated,8. Mixed origin
GO:0007007,inner mitochondrial membrane organization,15/325,37/5298,0.40540540540540543,6.608731808731809,8.751425951399794,1.3000389142680364e-9,3.561318722722136e-8,3.2138123079991326e-8,YDR322C-A/YDR375C/YLR168C/YLR295C/YPR020W/YPR125W/YBR185C/YBR262C/YNL100W/YKL141W/YKR016W/YEL020W-A/YHR005C-A/YCL057C-A/YFR011C,15,Downregulated,8. Mixed origin
GO:0046390,ribose phosphate biosynthetic process,19/325,61/5298,0.3114754098360656,5.0775283732660785,8.187815720588564,1.5410353498534487e-9,4.0973410478456404e-8,3.697530638193259e-8,YDL004W/YDR298C/YDR322C-A/YDR377W/YDR399W/YOL077W-A/YLR295C/YPL271W/YPL078C/YPR020W/YML081C-A/YML056C/YML022W/YBL099W/YBL068W/YBL039C/YBR039W/YJR121W/YKL016C,19,Downregulated,8. Mixed origin
GO:0009260,ribonucleotide biosynthetic process,18/325,55/5298,0.32727272727272727,5.335048951048951,8.261004506797452,1.7071833744226684e-9,4.409410772794549e-8,3.9791492185791515e-8,YDL004W/YDR298C/YDR322C-A/YDR377W/YDR399W/YOL077W-A/YLR295C/YPL271W/YPL078C/YPR020W/YML081C-A/YML056C/YML022W/YBL099W/YBL039C/YBR039W/YJR121W/YKL016C,18,Downregulated,8. Mixed origin
GO:0006164,purine nucleotide biosynthetic process,19/325,64/5298,0.296875,4.8395192307692305,7.899460145738212,3.817214166365316e-9,9.585448906650682e-8,8.65011982144187e-8,YDL004W/YDR298C/YDR322C-A/YDR377W/YDR399W/YOL077W-A/YLR295C/YPL271W/YPL078C/YPR020W/YML081C-A/YML056C/YML022W/YBL099W/YBL098W/YBL068W/YBR039W/YJR121W/YKL016C,19,Downregulated,8. Mixed origin
GO:0009199,ribonucleoside triphosphate metabolic process,17/325,56/5298,0.30357142857142855,4.948681318681318,7.593552984746745,1.7794056139813755e-8,4.34752074334909e-7,3.923298295407015e-7,YDL004W/YDR298C/YDR322C-A/YDR377W/YOL077W-A/YGL115W/YLR295C/YPL271W/YPL078C/YPR020W/YML081C-A/YML056C/YBL099W/YBL039C/YBR039W/YJR121W/YKL016C,17,Downregulated,8. Mixed origin
GO:0006123,"mitochondrial electron transport, cytochrome c to oxygen",8/325,11/5298,0.7272727272727273,11.855664335664335,9.212882471266855,2.588018154577914e-8,6.156758978259038e-7,5.555994653179732e-7,YDL067C/YGL191W/YGL187C/YLR395C/YMR256C/YNL052W/YJR048W/YHR051W,8,Downregulated,8. Mixed origin
GO:0009205,purine ribonucleoside triphosphate metabolic process,16/325,51/5298,0.3137254901960784,5.11420814479638,7.546807161590414,2.7974951625342953e-8,6.48445032546411e-7,5.851710528917893e-7,YDL004W/YDR298C/YDR322C-A/YDR377W/YOL077W-A/YGL115W/YLR295C/YPL271W/YPL078C/YPR020W/YML081C-A/YML056C/YBL099W/YBR039W/YJR121W/YKL016C,16,Downregulated,8. Mixed origin
GO:0042254,ribosome biogenesis,53/325,401/5298,0.13216957605985039,2.154567427584884,6.147150878174923,3.611700077199276e-8,8.162442174470365e-7,7.36596726270905e-7,YDL229W/YDL136W/YDL083C/YDR064W/YDR280W/YDR449C/YOR063W/YOR096W/YGL135W/YGL123W/YGL030W/YGL029W/YGR081C/YGR085C/YGR159C/YGR271C-A/YLR167W/YLR204W/YLR340W/YLR441C/YPL198W/YPL183W-A/YPL146C/YPL090C/YPL082C/YPR169W/YML073C/YML026C/YML024W/YMR014W/YMR230W/YBR189W/YBR247C/YNL302C/YNL178W/YNL137C/YNL096C/YNL069C/YNR053C/YJL191W/YJR113C/YKL143W/YEL026W/YER002W/YER036C/YER102W/YER127W/YHR021C/YHR064C/YIL133C/YIL070C/YFR001W/YFR031C-A,53,Downregulated,8. Mixed origin
GO:0006696,ergosterol biosynthetic process,13/325,34/5298,0.38235294117647056,6.232941176470588,7.824828152406986,3.943822634635306e-8,8.488608718357897e-7,7.660307122411936e-7,YGL012W/YGL001C/YGR060W/YPL117C/YPL028W/YML126C/YML008C/YMR134W/YMR208W/YMR220W/YNR043W/YKL150W/YHR190W,13,Downregulated,8. Mixed origin
GO:0016129,phytosteroid biosynthetic process,13/325,34/5298,0.38235294117647056,6.232941176470588,7.824828152406986,3.943822634635306e-8,8.488608718357897e-7,7.660307122411936e-7,YGL012W/YGL001C/YGR060W/YPL117C/YPL028W/YML126C/YML008C/YMR134W/YMR208W/YMR220W/YNR043W/YKL150W/YHR190W,13,Downregulated,8. Mixed origin
GO:0046034,ATP metabolic process,15/325,46/5298,0.32608695652173914,5.315719063545151,7.514795394347867,4.2736431527462036e-8,8.984589325773413e-7,8.107890926262687e-7,YDL004W/YDR298C/YDR322C-A/YDR377W/YOL077W-A/YGL115W/YLR295C/YPL271W/YPL078C/YPR020W/YML081C-A/YBL099W/YBR039W/YJR121W/YKL016C,15,Downregulated,8. Mixed origin
GO:0016126,sterol biosynthetic process,14/325,40/5298,0.35,5.7055384615384614,7.6361854971307395,4.379193954448015e-8,8.997253033684103e-7,8.119318934682324e-7,YGL012W/YGL001C/YGR060W/YPL117C/YPL028W/YML126C/YML008C/YMR134W/YMR208W/YMR220W/YNL111C/YNR043W/YKL150W/YHR190W,14,Downregulated,8. Mixed origin
GO:0009144,purine nucleoside triphosphate metabolic process,16/325,53/5298,0.3018867924528302,4.92121915820029,7.333879022893192,5.169416122369819e-8,1.0231822492036747e-6,9.233421554877129e-7,YDL004W/YDR298C/YDR322C-A/YDR377W/YOL077W-A/YGL115W/YLR295C/YPL271W/YPL078C/YPR020W/YML081C-A/YML056C/YBL099W/YBR039W/YJR121W/YKL016C,16,Downregulated,8. Mixed origin
GO:0070585,protein localization to mitochondrion,19/325,74/5298,0.25675675675675674,4.185530145530145,7.054129567499459,5.3196422248421136e-8,1.0231822492036747e-6,9.233421554877129e-7,YDR375C/YOR232W/YGR028W/YGR082W/YLR008C/YLR163C/YPR125W/YMR150C/YBL045C/YBR185C/YBR230C/YNR017W/YJL104W/YJR045C/YKL141W/YKR016W/YEL020W-A/YHR005C-A/YHR083W,19,Downregulated,8. Mixed origin
GO:0072655,establishment of protein localization to mitochondrion,19/325,74/5298,0.25675675675675674,4.185530145530145,7.054129567499459,5.3196422248421136e-8,1.0231822492036747e-6,9.233421554877129e-7,YDR375C/YOR232W/YGR028W/YGR082W/YLR008C/YLR163C/YPR125W/YMR150C/YBL045C/YBR185C/YBR230C/YNR017W/YJL104W/YJR045C/YKL141W/YKR016W/YEL020W-A/YHR005C-A/YHR083W,19,Downregulated,8. Mixed origin
GO:0006091,generation of precursor metabolites and energy,33/325,195/5298,0.16923076923076924,2.758721893491124,6.396599043635709,5.773014126013499e-8,1.0872509937325422e-6,9.811591990483469e-7,YDL067C/YDR298C/YDR529C/YOR065W/YOR095C/YGL191W/YGL187C/YGL115W/YGL107C/YGR183C/YLR038C/YLR395C/YPL271W/YPR191W/YML120C/YMR145C/YMR256C/YBL045C/YBL030C/YNL052W/YNR001C/YJL166W/YJR048W/YJR120W/YJR121W/YKL141W/YKL085W/YEL024W/YER156C/YHR001W-A/YHR051W/YIL070C/YFR033C,33,Downregulated,8. Mixed origin
GO:0006694,steroid biosynthetic process,14/325,41/5298,0.34146341463414637,5.566378986866792,7.503127563816461,6.285610276189545e-8,1.1596309570766017e-6,1.046476469183007e-6,YGL012W/YGL001C/YGR060W/YPL117C/YPL028W/YML126C/YML008C/YMR134W/YMR208W/YMR220W/YNL111C/YNR043W/YKL150W/YHR190W,14,Downregulated,8. Mixed origin
GO:1902653,secondary alcohol biosynthetic process,13/325,36/5298,0.3611111111111111,5.886666666666667,7.520314123249873,8.776594546753644e-8,1.5868082940530586e-6,1.4319706892071736e-6,YGL012W/YGL001C/YGR060W/YPL117C/YPL028W/YML126C/YML008C/YMR134W/YMR208W/YMR220W/YNR043W/YKL150W/YHR190W,13,Downregulated,8. Mixed origin
GO:0007006,mitochondrial membrane organization,16/325,56/5298,0.2857142857142857,4.657582417582417,7.033752192811919,1.2241612823402453e-7,2.151718960236608e-6,1.9417584934599104e-6,YDR322C-A/YDR375C/YLR168C/YLR295C/YPR020W/YPR125W/YBR185C/YBR262C/YNL100W/YKL141W/YKR016W/YEL020W-A/YHR005C-A/YHR083W/YCL057C-A/YFR011C,16,Downregulated,8. Mixed origin
GO:0009141,nucleoside triphosphate metabolic process,17/325,63/5298,0.2698412698412698,4.398827838827838,6.93726901246927,1.237714446153801e-7,2.151718960236608e-6,1.9417584934599104e-6,YDL004W/YDR298C/YDR322C-A/YDR377W/YOL077W-A/YGL115W/YLR295C/YPL271W/YPL078C/YPR020W/YML081C-A/YML056C/YBL099W/YBL039C/YBR039W/YJR121W/YKL016C,17,Downregulated,8. Mixed origin
GO:0072522,purine-containing compound biosynthetic process,20/325,86/5298,0.23255813953488372,3.791055456171735,6.670569680050323,1.4123946600326363e-7,2.4090656088103836e-6,2.1739937666838e-6,YDL004W/YDR298C/YDR322C-A/YDR377W/YDR399W/YOL077W-A/YLR295C/YPL271W/YPL078C/YPR020W/YML081C-A/YML056C/YML022W/YBL099W/YBL098W/YBL068W/YBR039W/YNR016C/YJR121W/YKL016C,20,Downregulated,8. Mixed origin
GO:0008204,ergosterol metabolic process,13/325,38/5298,0.34210526315789475,5.576842105263158,7.237895253015759,1.8380885615321728e-7,3.0211491993183353e-6,2.72635145490418e-6,YGL012W/YGL001C/YGR060W/YPL117C/YPL028W/YML126C/YML008C/YMR134W/YMR208W/YMR220W/YNR043W/YKL150W/YHR190W,13,Downregulated,8. Mixed origin
GO:0016128,phytosteroid metabolic process,13/325,38/5298,0.34210526315789475,5.576842105263158,7.237895253015759,1.8380885615321728e-7,3.0211491993183353e-6,2.72635145490418e-6,YGL012W/YGL001C/YGR060W/YPL117C/YPL028W/YML126C/YML008C/YMR134W/YMR208W/YMR220W/YNR043W/YKL150W/YHR190W,13,Downregulated,8. Mixed origin
GO:0009150,purine ribonucleotide metabolic process,18/325,72/5298,0.25,4.075384615384616,6.716274229569304,1.87425557645024e-7,3.0255840019839585e-6,2.7303535183250674e-6,YDL004W/YDR298C/YDR322C-A/YDR377W/YDR399W/YOL077W-A/YGL115W/YLR295C/YPL271W/YPL078C/YPR020W/YML081C-A/YML056C/YML022W/YBL099W/YBR039W/YJR121W/YKL016C,18,Downregulated,8. Mixed origin
GO:0042274,ribosomal small subunit biogenesis,26/325,140/5298,0.18571428571428572,3.0274285714285716,6.214645333823935,2.431326081494169e-7,3.855997855562682e-6,3.4797372357488106e-6,YDL083C/YDR064W/YDR449C/YOR096W/YGR081C/YGR159C/YGR271C-A/YLR167W/YLR441C/YPL090C/YML026C/YML024W/YMR014W/YBR189W/YBR247C/YNL302C/YNL137C/YNL096C/YJL191W/YJR113C/YKL143W/YEL026W/YER102W/YER127W/YHR021C/YFR001W,26,Downregulated,8. Mixed origin
GO:0072521,purine-containing compound metabolic process,30/325,179/5298,0.16759776536312848,2.7321014181349375,6.026354914700206,2.996068914540829e-7,4.6697349978360505e-6,4.2140715222670465e-6,YDL004W/YDR298C/YDR322C-A/YDR377W/YDR399W/YOL077W-A/YOR095C/YGL115W/YLR295C/YPL273W/YPL271W/YPL078C/YPR020W/YML126C/YML120C/YML081C-A/YML056C/YML022W/YMR145C/YMR208W/YMR220W/YBL099W/YBL098W/YBL068W/YBR039W/YNR001C/YNR016C/YNR043W/YJR121W/YKL016C,30,Downregulated,8. Mixed origin
GO:0017062,respiratory chain complex III assembly,7/325,10/5298,0.7,11.411076923076923,8.423592891223015,3.138476674492404e-7,4.728638189568556e-6,4.267227057423883e-6,YDR375C/YDR493W/YDR529C/YGR174C/YGR183C/YPL215W/YBR120C,7,Downregulated,8. Mixed origin
GO:0034551,mitochondrial respiratory chain complex III assembly,7/325,10/5298,0.7,11.411076923076923,8.423592891223015,3.138476674492404e-7,4.728638189568556e-6,4.267227057423883e-6,YDR375C/YDR493W/YDR529C/YGR174C/YGR183C/YPL215W/YBR120C,7,Downregulated,8. Mixed origin
GO:0017004,cytochrome complex assembly,13/325,41/5298,0.3170731707317073,5.168780487804878,6.849823870403481,5.05386483051131e-7,7.4896619783315155e-6,6.758835623203218e-6,YDR322W/YDR375C/YDR493W/YDR529C/YGR174C/YGR183C/YLR038C/YPL215W/YML030W/YBR120C/YNL005C/YNR018W/YKL137W,13,Downregulated,8. Mixed origin
GO:0019693,ribose phosphate metabolic process,20/325,94/5298,0.2127659574468085,3.468412438625205,6.1724907305064445,6.628532638633012e-7,9.66482823439394e-6,8.721753471885541e-6,YDL004W/YDR298C/YDR322C-A/YDR377W/YDR399W/YOL077W-A/YGL115W/YLR295C/YPL271W/YPL078C/YPR020W/YML081C-A/YML056C/YML022W/YBL099W/YBL068W/YBL039C/YBR039W/YJR121W/YKL016C,20,Downregulated,8. Mixed origin
GO:0009259,ribonucleotide metabolic process,19/325,87/5298,0.21839080459770116,3.560106100795756,6.15466602689424,8.307963666106178e-7,1.1921268498666642e-5,1.075801477231794e-5,YDL004W/YDR298C/YDR322C-A/YDR377W/YDR399W/YOL077W-A/YGL115W/YLR295C/YPL271W/YPL078C/YPR020W/YML081C-A/YML056C/YML022W/YBL099W/YBL039C/YBR039W/YJR121W/YKL016C,19,Downregulated,8. Mixed origin
GO:0009165,nucleotide biosynthetic process,20/325,96/5298,0.20833333333333334,3.396153846153846,6.056372497521422,9.4690869604282e-7,1.3375085331604833e-5,1.2069971043308973e-5,YDL004W/YDR298C/YDR322C-A/YDR377W/YDR399W/YOL077W-A/YLR295C/YPL271W/YPL078C/YPR020W/YML081C-A/YML056C/YML022W/YBL099W/YBL098W/YBL068W/YBL039C/YBR039W/YJR121W/YKL016C,20,Downregulated,8. Mixed origin
GO:0006626,protein targeting to mitochondrion,16/325,66/5298,0.24242424242424243,3.9518881118881124,6.168583238535373,1.4292119989557893e-06,1.9877040723938978e-5,1.7937478529404644e-5,YOR232W/YGR028W/YGR082W/YLR008C/YLR163C/YMR150C/YBL045C/YBR230C/YNR017W/YJL104W/YJR045C/YKL141W/YKR016W/YEL020W-A/YHR005C-A/YHR083W,16,Downregulated,8. Mixed origin
GO:0016125,sterol metabolic process,14/325,52/5298,0.2692307692307692,4.38887573964497,6.277556220112486,1.6987721701290052e-6,2.3268030936312436e-5,2.0997582645135232e-5,YGL012W/YGL001C/YGR060W/YPL117C/YPL028W/YML126C/YML008C/YMR134W/YMR208W/YMR220W/YNL111C/YNR043W/YKL150W/YHR190W,14,Downregulated,8. Mixed origin
GO:0022613,ribonucleoprotein complex biogenesis,55/325,480/5298,0.11458333333333333,1.8678846153846154,5.096788921509008,2.381684751784039e-6,3.2134970382280166e-5,2.8999303733427025e-5,YDL229W/YDL136W/YDL083C/YDR064W/YDR280W/YDR449C/YOR063W/YOR096W/YOR159C/YGL135W/YGL123W/YGL030W/YGL029W/YGR081C/YGR085C/YGR159C/YGR271C-A/YLR167W/YLR204W/YLR340W/YLR441C/YPL198W/YPL183W-A/YPL146C/YPL090C/YPL082C/YPR169W/YML073C/YML026C/YML024W/YMR014W/YMR230W/YBR189W/YBR247C/YNL302C/YNL178W/YNL137C/YNL096C/YNL069C/YNR053C/YJL191W/YJL138C/YJR113C/YKL143W/YEL026W/YER002W/YER036C/YER102W/YER127W/YHR021C/YHR064C/YIL133C/YIL070C/YFR001W/YFR031C-A,55,Downregulated,8. Mixed origin
GO:0006163,purine nucleotide metabolic process,23/325,129/5298,0.17829457364341086,2.906475849731664,5.60364139241109,2.5830880660646663e-6,3.433987664297733e-5,3.098905961610087e-5,YDL004W/YDR298C/YDR322C-A/YDR377W/YDR399W/YOL077W-A/YOR095C/YGL115W/YLR295C/YPL271W/YPL078C/YPR020W/YML120C/YML081C-A/YML056C/YML022W/YMR145C/YBL099W/YBL098W/YBL068W/YBR039W/YJR121W/YKL016C,23,Downregulated,8. Mixed origin
GO:0008202,steroid metabolic process,14/325,54/5298,0.25925925925925924,4.226324786324786,6.0914552822382015,2.785104849003205e-6,3.648890990578112e-5,3.2928394477154596e-5,YGL012W/YGL001C/YGR060W/YPL117C/YPL028W/YML126C/YML008C/YMR134W/YMR208W/YMR220W/YNL111C/YNR043W/YKL150W/YHR190W,14,Downregulated,8. Mixed origin
GO:1902652,secondary alcohol metabolic process,13/325,48/5298,0.2708333333333333,4.415,6.07545925113297,3.7366682191331186e-6,4.8256401001376276e-5,4.354763714027319e-5,YGL012W/YGL001C/YGR060W/YPL117C/YPL028W/YML126C/YML008C/YMR134W/YMR208W/YMR220W/YNR043W/YKL150W/YHR190W,13,Downregulated,8. Mixed origin
GO:1901293,nucleoside phosphate biosynthetic process,22/325,124/5298,0.1774193548387097,2.892208436724566,5.450220115218104,4.668578165886747e-6,5.94421783374876e-5,5.36419285183429e-5,YDL004W/YDR298C/YDR322C-A/YDR377W/YDR399W/YOL077W-A/YLR295C/YPL271W/YPL078C/YPR020W/YML081C-A/YML056C/YML022W/YBL099W/YBL098W/YBL068W/YBL039C/YBR039W/YNR016C/YJR121W/YKL016C/YFL045C,22,Downregulated,8. Mixed origin
GO:1990145,maintenance of translational fidelity,6/325,10/5298,0.6,9.7809230769230755,7.1046368935371325,8.667612916824243e-6,1.0882669551123772e-4,9.820760249325714e-5,YOR063W/YLR167W/YMR116C/YNL178W/YFR031C-A/YAL003W,6,Downregulated,8. Mixed origin
GO:0006414,translational elongation,12/325,46/5298,0.2608695652173913,4.25257525083612,5.663584018065086,1.3562211084038273e-5,1.679484769858986e-4,1.5156039783892805e-4,YDL229W/YDR194C/YDR382W/YOR063W/YOR187W/YGR148C/YLR069C/YPR080W/YMR116C/YEL034W/YHR064C/YAL003W,12,Downregulated,8. Mixed origin
GO:0006753,nucleoside phosphate metabolic process,31/325,229/5298,0.13537117903930132,2.2067584816929795,4.772263254453787,1.9915124763003665e-5,2.432874700777745e-4,2.195479614698128e-4,YDL004W/YDR298C/YDR322C-A/YDR377W/YDR399W/YOL077W-A/YOR095C/YGL115W/YLR295C/YPL271W/YPL078C/YPR020W/YML126C/YML120C/YML081C-A/YML056C/YML022W/YMR145C/YMR208W/YMR220W/YBL099W/YBL098W/YBL068W/YBL039C/YBR039W/YNR001C/YNR016C/YNR043W/YJR121W/YKL016C/YFL045C,31,Downregulated,8. Mixed origin
GO:0055086,nucleobase-containing small molecule metabolic process,32/325,246/5298,0.13008130081300814,2.120525328330207,4.600499604647276,3.3005965194817794e-5,3.978319004815371e-4,3.590122529962637e-4,YDL004W/YDR298C/YDR322C-A/YDR377W/YDR399W/YOL077W-A/YOR095C/YGL115W/YLR295C/YPL273W/YPL271W/YPL078C/YPR020W/YML126C/YML120C/YML081C-A/YML056C/YML022W/YMR145C/YMR208W/YMR220W/YBL099W/YBL098W/YBL068W/YBL039C/YBR039W/YNR001C/YNR016C/YNR043W/YJR121W/YKL016C/YFL045C,32,Downregulated,8. Mixed origin
GO:0070124,mitochondrial translational initiation,6/325,12/5298,0.5,8.150769230769232,6.3390947575488505,3.4315017456749634e-5,4.081681023802851e-4,3.683398688224511e-4,YDR194C/YDR494W/YOR354C/YLR204W/YPL118W/YBL090W,6,Downregulated,8. Mixed origin
GO:0006364,rRNA processing,35/325,287/5298,0.12195121951219512,1.9879924953095685,4.399262027681825,5.5602369695196535e-5,6.527862623955541e-4,5.890886741459646e-4,YDL229W/YDL136W/YDL083C/YDR064W/YDR280W/YDR449C/YOR063W/YOR096W/YGL123W/YGL030W/YGL029W/YGR081C/YGR159C/YGR271C-A/YLR167W/YLR441C/YPL198W/YPL146C/YPL090C/YPL082C/YML026C/YMR014W/YBR189W/YBR247C/YNL096C/YNL069C/YJL191W/YEL026W/YER002W/YER102W/YER127W/YHR021C/YHR064C/YIL133C/YFR001W,35,Downregulated,8. Mixed origin
GO:0033750,ribosome localization,14/325,70/5298,0.2,3.2603076923076926,4.866270328050908,6.755471028920659e-5,7.829417705313174e-4,7.065438660477072e-4,YDL229W/YGL135W/YGL123W/YGR081C/YPL146C/YML026C/YMR230W/YBR230C/YNL302C/YNL178W/YNR053C/YKL143W/YER036C/YFR001W,14,Downregulated,8. Mixed origin
GO:0009117,nucleotide metabolic process,24/325,174/5298,0.13793103448275862,2.2484880636604774,4.2805728788126185,1.3226065154007554e-4,0.001513463658129472,0.0013657828773292278,YDL004W/YDR298C/YDR322C-A/YDR377W/YDR399W/YOL077W-A/YOR095C/YGL115W/YLR295C/YPL271W/YPL078C/YPR020W/YML120C/YML081C-A/YML056C/YML022W/YMR145C/YBL099W/YBL098W/YBL068W/YBL039C/YBR039W/YJR121W/YKL016C,24,Downregulated,8. Mixed origin
GO:0030490,maturation of SSU-rRNA,18/325,115/5298,0.1565217391304348,2.5515451505016724,4.300016987799989,1.8894858936375437e-4,0.0021351190598104244,0.00192677837838039,YDL083C/YDR064W/YDR449C/YGR081C/YGR271C-A/YLR167W/YLR441C/YPL090C/YML026C/YMR014W/YBR189W/YBR247C/YJL191W/YEL026W/YER102W/YER127W/YHR021C/YFR001W,18,Downregulated,8. Mixed origin
GO:0016072,rRNA metabolic process,38/325,344/5298,0.11046511627906977,1.8007513416815744,3.925964177079725,2.248743332101063e-4,0.0025097086076782235,0.002264816221414326,YDL229W/YDL136W/YDL083C/YDR064W/YDR280W/YDR449C/YOL006C/YOR063W/YOR096W/YGL123W/YGL030W/YGL029W/YGR081C/YGR159C/YGR271C-A/YLR167W/YLR441C/YPL198W/YPL146C/YPL090C/YPL082C/YML026C/YMR014W/YMR116C/YBR189W/YBR247C/YNL178W/YNL096C/YNL069C/YJL191W/YEL026W/YER002W/YER102W/YER127W/YHR021C/YHR064C/YIL133C/YFR001W,38,Downregulated,8. Mixed origin
GO:0000054,ribosomal subunit export from nucleus,13/325,69/5298,0.18840579710144928,3.071304347826087,4.426969996517665,2.3138354874843966e-4,0.0025508625374218224,0.0023019544323496888,YDL229W/YGL135W/YGL123W/YGR081C/YPL146C/YML026C/YMR230W/YNL302C/YNL178W/YNR053C/YKL143W/YER036C/YFR001W,13,Downregulated,8. Mixed origin
GO:0033615,mitochondrial proton-transporting ATP synthase complex assembly,5/325,11/5298,0.45454545454545453,7.409790209790209,5.439800093511299,2.861980749962741e-4,0.0030800364261503784,0.002779492582983865,YLR295C/YML081C-A/YNL315C/YNR020C/YIL098C,5,Downregulated,8. Mixed origin
GO:0043461,proton-transporting ATP synthase complex assembly,5/325,11/5298,0.45454545454545453,7.409790209790209,5.439800093511299,2.861980749962741e-4,0.0030800364261503784,0.002779492582983865,YLR295C/YML081C-A/YNL315C/YNR020C/YIL098C,5,Downregulated,8. Mixed origin
GO:0000462,"maturation of SSU-rRNA from tricistronic rRNA transcript (SSU-rRNA, 5.8S rRNA, LSU-rRNA)",16/325,101/5298,0.15841584158415842,2.5824219345011423,4.10444140465992,3.720760502973608e-4,0.003957138229044872,0.0035710085322656917,YDL083C/YDR064W/YDR449C/YGR081C/YGR271C-A/YLR441C/YPL090C/YML026C/YBR189W/YBR247C/YJL191W/YEL026W/YER102W/YER127W/YHR021C/YFR001W,16,Downregulated,8. Mixed origin
GO:0042255,ribosome assembly,14/325,82/5298,0.17073170731707318,2.783189493433396,4.159901705496567,3.9268396183638805e-4,0.004127747691861567,0.003724970262217879,YOR063W/YGR085C/YGR159C/YLR167W/YLR204W/YLR340W/YPL146C/YML073C/YML024W/YNL302C/YJL191W/YJR113C/YHR021C/YIL070C,14,Downregulated,8. Mixed origin
GO:0008299,isoprenoid biosynthetic process,6/325,18/5298,0.3333333333333333,5.4338461538461535,4.8166750522842134,5.028943416652993e-4,0.0052254768375336845,0.004715585175929908,YPL117C/YML126C/YMR208W/YMR220W/YNR043W/YHR190W,6,Downregulated,8. Mixed origin
GO:0000028,ribosomal small subunit assembly,7/325,25/5298,0.28,4.5644307692307695,4.566450349589112,5.62670263513633e-4,0.00578015816154914,0.005216141796926622,YGR159C/YLR167W/YML024W/YNL302C/YJL191W/YJR113C/YHR021C,7,Downregulated,8. Mixed origin
GO:0006720,isoprenoid metabolic process,6/325,19/5298,0.3157894736842105,5.147854251012146,4.629903022106906,6.9749771449804e-4,0.007076883265777728,0.0063863350383997885,YPL117C/YML126C/YMR208W/YMR220W/YNR043W/YHR190W,6,Downregulated,8. Mixed origin
GO:0046165,alcohol biosynthetic process,13/325,77/5298,0.16883116883116883,2.752207792207792,3.9591463947173047,7.0455696230088e-4,0.007076883265777728,0.0063863350383997885,YGL012W/YGL001C/YGR060W/YPL117C/YPL028W/YML126C/YML008C/YMR134W/YMR208W/YMR220W/YNR043W/YKL150W/YHR190W,13,Downregulated,8. Mixed origin
GO:0034982,mitochondrial protein processing,5/325,13/5298,0.38461538461538464,6.269822485207101,4.862869375258523,7.196517717918309e-4,0.00714906815054742,0.0064514762653403,YDR430C/YLR163C/YMR150C/YBL045C/YNR020C,5,Downregulated,8. Mixed origin
GO:0006839,mitochondrial transport,13/325,83/5298,0.1566265060240964,2.553253012048193,3.6458729597307062,0.001453233146800407,0.01427959526856052,0.012886220695312534,YOR232W/YGR082W/YLR008C/YBL030C/YNR017W/YJL104W/YJR045C/YJR077C/YKL141W/YKR016W/YEL020W-A/YHR005C-A/YHR083W,13,Downregulated,8. Mixed origin
GO:0006084,acetyl-CoA metabolic process,5/325,15/5298,0.3333333333333333,5.4338461538461535,4.395754014095161,0.0015161930886099224,0.014738048947348063,0.013299939373771249,YML126C/YMR208W/YMR220W/YNR001C/YNR043W,5,Downregulated,8. Mixed origin
GO:0006417,regulation of translation,17/325,131/5298,0.1297709923664122,2.1154668232530827,3.3046122787836594,0.0024760104071689976,0.0235611937692713,0.0212621392305371,YDR172W/YDR194C/YOR150W/YOR187W/YGL123W/YPL215W/YPR080W/YMR116C/YBR120C/YBR185C/YBR189W/YNL069C/YJL138C/YEL034W/YIL133C/YFR001W/YAL003W,17,Downregulated,8. Mixed origin
GO:0051168,nuclear export,17/325,131/5298,0.1297709923664122,2.1154668232530827,3.3046122787836594,0.0024760104071689976,0.0235611937692713,0.0212621392305371,YDL229W/YGL238W/YGL135W/YGL123W/YGR081C/YPL146C/YPR080W/YML026C/YMR230W/YBR034C/YBR247C/YNL302C/YNL178W/YNR053C/YKL143W/YER036C/YFR001W,17,Downregulated,8. Mixed origin
GO:0090407,organophosphate biosynthetic process,28/325,263/5298,0.10646387832699619,1.7355250073120796,3.127685071031732,0.0026839394508994864,0.02527376316263683,0.022807599500516466,YDL004W/YDR298C/YDR322C-A/YDR377W/YDR399W/YOL077W-A/YLR168C/YLR295C/YPL271W/YPL117C/YPL078C/YPR020W/YML126C/YML081C-A/YML056C/YML022W/YMR208W/YMR220W/YBL099W/YBL098W/YBL068W/YBL039C/YBR039W/YNR016C/YNR043W/YJR121W/YKL016C/YFL045C,28,Downregulated,8. Mixed origin
GO:0090151,establishment of protein localization to mitochondrial membrane,7/325,33/5298,0.21212121212121213,3.457902097902098,3.6205104037025846,0.0032711542102775064,0.030099123245266503,0.02716211052058866,YDR375C/YPR125W/YBR185C/YKL141W/YEL020W-A/YHR005C-A/YHR083W,7,Downregulated,8. Mixed origin
GO:0006637,acyl-CoA metabolic process,6/325,25/5298,0.24,3.912369230769231,3.7310836857265692,0.0033295490315560293,0.030099123245266503,0.02716211052058866,YML126C/YMR208W/YMR220W/YNR001C/YNR016C/YNR043W,6,Downregulated,8. Mixed origin
GO:0030150,protein import into mitochondrial matrix,6/325,25/5298,0.24,3.912369230769231,3.7310836857265692,0.0033295490315560293,0.030099123245266503,0.02716211052058866,YOR232W/YGR082W/YLR008C/YNR017W/YJL104W/YJR045C,6,Downregulated,8. Mixed origin
GO:0035383,thioester metabolic process,6/325,25/5298,0.24,3.912369230769231,3.7310836857265692,0.0033295490315560293,0.030099123245266503,0.02716211052058866,YML126C/YMR208W/YMR220W/YNR001C/YNR016C/YNR043W,6,Downregulated,8. Mixed origin
GO:0006413,translational initiation,11/325,71/5298,0.15492957746478872,2.525590465872156,3.3081738745007714,0.003620436062481643,0.032404695054291145,0.02924270920712114,YDL083C/YDR194C/YDR494W/YOR354C/YGL107C/YGR148C/YLR204W/YPL118W/YBL090W/YJL138C/YEL034W,11,Downregulated,8. Mixed origin
GO:0070071,proton-transporting two-sector ATPase complex assembly,5/325,18/5298,0.2777777777777778,4.528205128205128,3.8328388109779534,0.0037138499934055128,0.032914905823907686,0.02970313462218031,YLR295C/YML081C-A/YNL315C/YNR020C/YIL098C,5,Downregulated,8. Mixed origin
GO:0006621,protein retention in ER lumen,2/14,10/5298,0.2,75.6857142857143,12.167165501276832,2.8833052029425787e-4,0.03701769694613748,0.029397833873688498,YAL007C/YAR002C-A,2,Upregulated,M1. Mosaic region 1
GO:0035437,maintenance of protein localization in endoplasmic reticulum,2/14,10/5298,0.2,75.6857142857143,12.167165501276832,2.8833052029425787e-4,0.03701769694613748,0.029397833873688498,YAL007C/YAR002C-A,2,Upregulated,M1. Mosaic region 1
GO:0070972,protein localization to endoplasmic reticulum,3/14,57/5298,0.05263157894736842,19.917293233082706,7.390723308835581,3.952067289623218e-4,0.03701769694613748,0.029397833873688498,YAL007C/YAL005C/YAR002C-A,3,Upregulated,M1. Mosaic region 1
GO:0072595,maintenance of protein localization in organelle,2/14,14/5298,0.14285714285714285,54.06122448979591,10.231928134446802,5.795548940014989e-4,0.040713731303605304,0.03233306250745205,YAL007C/YAR002C-A,2,Upregulated,M1. Mosaic region 1
GO:0030042,actin filament depolymerization,2/12,10/5298,0.2,88.30000000000001,13.164687383839341,2.0954072955333154e-4,0.022211317332653142,0.016322119986259508,YGR080W/YLL050C,2,Downregulated,M1. Mosaic region 1
GO:0008154,actin polymerization or depolymerization,2/12,21/5298,0.09523809523809523,42.047619047619044,8.97937484196702,9.644042243639255e-4,0.03743600844218597,0.027510075717197234,YGR080W/YLL050C,2,Downregulated,M1. Mosaic region 1
GO:0051261,protein depolymerization,2/12,22/5298,0.09090909090909091,40.13636363636363,8.763577823582171,0.0010595096728920556,0.03743600844218597,0.027510075717197234,YGR080W/YLL050C,2,Downregulated,M1. Mosaic region 1
GO:0034755,iron ion transmembrane transport,5/76,16/5298,0.3125,21.78453947368421,10.043950136428837,2.054220471531631e-6,0.0012838877947072692,0.0012563179936419763,YMR058W/YJL133W/YKR052C/YER145C/YER185W,5,Upregulated,M3. Mosaic region 3
