ID,Description,GeneRatio,BgRatio,RichFactor,FoldEnrichment,zScore,pvalue,p.adjust,qvalue,geneID,Count,direction,clade
GO:0009065,glutamine family amino acid catabolic process,2/14,11/5235,0.18181818181818182,67.98701298701299,11.515675050773625,3.603336943342119e-4,0.04972604981812124,0.04096425156641567,YLR438W/YPL111W,2,Downregulated,1. Wine/European
GO:0170034,L-amino acid biosynthetic process,19/193,104/5235,0.18269230769230768,4.955410522120366,7.970789128955638,4.645813251208944e-9,4.092750538550333e-6,3.959357885963699e-6,YDL182W/YDL131W/YOL058W/YOR303W/YLL062C/YLR303W/YBR115C/YBR248C/YNR050C/YJL088W/YJR109C/YKL001C/YER090W/YER091C/YHR018C/YIL116W/YIL094C/YIL046W/YIR034C,19,Downregulated,18. Far East Asia
GO:0170038,proteinogenic amino acid biosynthetic process,19/193,108/5235,0.17592592592592593,4.771876799078872,7.7487528828105985,8.955690456346463e-9,4.092750538550333e-6,3.959357885963699e-6,YDL182W/YDL131W/YOL058W/YOR303W/YLL062C/YLR303W/YBR115C/YBR248C/YNR050C/YJL088W/YJR109C/YKL001C/YER090W/YER091C/YHR018C/YIL116W/YIL094C/YIL046W/YIR034C,19,Downregulated,18. Far East Asia
GO:1901607,alpha-amino acid biosynthetic process,19/193,115/5235,0.16521739130434782,4.481414733047983,7.385226094974165,2.6228153120730472e-8,7.990843984115884e-6,7.730403025057404e-6,YDL182W/YDL131W/YOL058W/YOR303W/YLL062C/YLR303W/YBR115C/YBR248C/YNR050C/YJL088W/YJR109C/YKL001C/YER090W/YER091C/YHR018C/YIL116W/YIL094C/YIL046W/YIR034C,19,Downregulated,18. Far East Asia
GO:0006520,amino acid metabolic process,27/193,225/5235,0.12,3.254922279792746,6.763913839274845,3.500084650305901e-8,7.997693425948983e-6,7.737029226991992e-6,YDL182W/YDL168W/YDL131W/YOL058W/YOR303W/YLL062C/YLR303W/YMR303C/YBR006W/YBR115C/YBR248C/YNL333W/YNR050C/YJL088W/YJR109C/YKL218C/YKL001C/YEL066W/YER090W/YER091C/YHR018C/YHR112C/YIL116W/YIL094C/YIL046W/YIR034C/YFL059W,27,Downregulated,18. Far East Asia
GO:1901605,alpha-amino acid metabolic process,22/193,157/5235,0.14012738853503184,3.8008646579320815,6.970913511867408,4.468058106594282e-8,8.167610218854349e-6,7.901408020082521e-6,YDL182W/YDL131W/YOL058W/YOR303W/YLL062C/YLR303W/YBR006W/YBR115C/YBR248C/YNR050C/YJL088W/YJR109C/YKL001C/YEL066W/YER090W/YER091C/YHR018C/YHR112C/YIL116W/YIL094C/YIL046W/YIR034C,22,Downregulated,18. Far East Asia
GO:0008652,amino acid biosynthetic process,19/193,123/5235,0.15447154471544716,4.189940604069253,7.003801401361951,8.087116170645923e-8,1.2319373633283956e-5,1.191785540937294e-5,YDL182W/YDL131W/YOL058W/YOR303W/YLL062C/YLR303W/YBR115C/YBR248C/YNR050C/YJL088W/YJR109C/YKL001C/YER090W/YER091C/YHR018C/YIL116W/YIL094C/YIL046W/YIR034C,19,Downregulated,18. Far East Asia
GO:0170033,L-amino acid metabolic process,20/193,141/5235,0.14184397163120568,3.8474258626391804,6.705429555248468,1.5585391931906374e-7,2.0350068893946324e-5,1.9686810861355424e-5,YDL182W/YDL131W/YOL058W/YOR303W/YLL062C/YLR303W/YBR006W/YBR115C/YBR248C/YNR050C/YJL088W/YJR109C/YKL001C/YER090W/YER091C/YHR018C/YIL116W/YIL094C/YIL046W/YIR034C,20,Downregulated,18. Far East Asia
GO:0170039,proteinogenic amino acid metabolic process,20/193,143/5235,0.13986013986013987,3.7936157107141564,6.626505742178788,1.9763949760718426e-7,2.25803126016208e-5,2.1844365525004578e-5,YDL182W/YDL131W/YOL058W/YOR303W/YLL062C/YLR303W/YBR006W/YBR115C/YBR248C/YNR050C/YJL088W/YJR109C/YKL001C/YER090W/YER091C/YHR018C/YIL116W/YIL094C/YIL046W/YIR034C,20,Downregulated,18. Far East Asia
GO:0016053,organic acid biosynthetic process,22/193,185/5235,0.11891891891891893,3.225598655650469,6.029497486387682,8.509523288168223e-7,7.315087846322496e-5,7.076671416458478e-5,YDL182W/YDL131W/YOL058W/YOR303W/YGR267C/YLL062C/YLR303W/YPR067W/YBR115C/YBR248C/YNR050C/YNR057C/YJL088W/YJR109C/YKL001C/YER090W/YER091C/YHR018C/YIL116W/YIL094C/YIL046W/YIR034C,22,Downregulated,18. Far East Asia
GO:0046394,carboxylic acid biosynthetic process,22/193,185/5235,0.11891891891891893,3.225598655650469,6.029497486387682,8.509523288168223e-7,7.315087846322496e-5,7.076671416458478e-5,YDL182W/YDL131W/YOL058W/YOR303W/YGR267C/YLL062C/YLR303W/YPR067W/YBR115C/YBR248C/YNR050C/YNR057C/YJL088W/YJR109C/YKL001C/YER090W/YER091C/YHR018C/YIL116W/YIL094C/YIL046W/YIR034C,22,Downregulated,18. Far East Asia
GO:0009067,aspartate family amino acid biosynthetic process,11/193,48/5235,0.22916666666666666,6.215997409326425,7.102217280682474,8.803716226427511e-7,7.315087846322496e-5,7.076671416458478e-5,YDL182W/YDL131W/YLL062C/YLR303W/YBR115C/YNR050C/YKL001C/YER091C/YIL094C/YIL046W/YIR034C,11,Downregulated,18. Far East Asia
GO:0044283,small molecule biosynthetic process,30/193,327/5235,0.09174311926605505,2.4884726909730475,5.4382173779323155,2.298417590780307e-6,1.7506280649776673e-4,1.6935708563644368e-4,YDL182W/YDL168W/YDL131W/YOL058W/YOR303W/YGR267C/YLL062C/YLR228C/YLR303W/YPR067W/YMR303C/YBR115C/YBR248C/YBR256C/YNL333W/YNR050C/YNR057C/YJL088W/YJR109C/YKL001C/YER062C/YER090W/YER091C/YHR018C/YIL116W/YIL094C/YIL053W/YIL046W/YIR034C/YFL059W,30,Downregulated,18. Far East Asia
GO:0019878,lysine biosynthetic process via aminoadipic acid,6/193,13/5235,0.46153846153846156,12.518931845356716,8.135037215801441,3.213848824368144e-6,2.2595829426711413e-4,2.1859376619184136e-4,YDL182W/YDL131W/YBR115C/YNR050C/YIL094C/YIR034C,6,Downregulated,18. Far East Asia
GO:0009066,aspartate family amino acid metabolic process,11/193,58/5235,0.1896551724137931,5.144273718063248,6.208939654991919,6.419705347439787e-6,4.1911504911142615e-4,4.054550745751445e-4,YDL182W/YDL131W/YLL062C/YLR303W/YBR115C/YNR050C/YKL001C/YER091C/YIL094C/YIL046W/YIR034C,11,Downregulated,18. Far East Asia
GO:0009085,lysine biosynthetic process,6/193,15/5235,0.4,10.849740932642487,7.473590172627199,8.809981014085236e-6,5.368215097915937e-4,5.193251966197613e-4,YDL182W/YDL131W/YBR115C/YNR050C/YIL094C/YIR034C,6,Downregulated,18. Far East Asia
GO:0006553,lysine metabolic process,6/193,16/5235,0.375,10.171632124352332,7.187983353608715,1.3665866260449139e-5,7.806626101281571e-4,7.552189249195578e-4,YDL182W/YDL131W/YBR115C/YNR050C/YIL094C/YIR034C,6,Downregulated,18. Far East Asia
GO:0019752,carboxylic acid metabolic process,28/193,333/5235,0.08408408408408409,2.2807263221770997,4.724826786204392,2.7275755527775066e-5,0.0014664729736697888,0.0014186770676985175,YDL182W/YDL131W/YDL078C/YOL058W/YOR303W/YGR267C/YLL062C/YLR303W/YPR067W/YBR006W/YBR115C/YBR248C/YNR050C/YNR057C/YJL088W/YJR109C/YKL001C/YEL066W/YER010C/YER090W/YER091C/YHR018C/YHR112C/YIL116W/YIL094C/YIL046W/YIR034C/YFR053C,28,Downregulated,18. Far East Asia
GO:0006526,L-arginine biosynthetic process,5/193,12/5235,0.4166666666666667,11.30181347150259,6.9893756914690375,4.147881530359261e-5,0.0021062020659713136,0.002037555839474725,YOL058W/YOR303W/YJL088W/YJR109C/YHR018C,5,Downregulated,18. Far East Asia
GO:0043436,oxoacid metabolic process,28/193,349/5235,0.08022922636103152,2.1761658031088085,4.449371035681802,6.388296533868312e-5,0.0030731068589240195,0.00297294686340686,YDL182W/YDL131W/YDL078C/YOL058W/YOR303W/YGR267C/YLL062C/YLR303W/YPR067W/YBR006W/YBR115C/YBR248C/YNR050C/YNR057C/YJL088W/YJR109C/YKL001C/YEL066W/YER010C/YER090W/YER091C/YHR018C/YHR112C/YIL116W/YIL094C/YIL046W/YIR034C/YFR053C,28,Downregulated,18. Far East Asia
GO:0006082,organic acid metabolic process,28/193,351/5235,0.07977207977207977,2.163765997962889,4.415963628595706,7.07223456787697e-5,0.0032320111975197756,0.0031266721247456084,YDL182W/YDL131W/YDL078C/YOL058W/YOR303W/YGR267C/YLL062C/YLR303W/YPR067W/YBR006W/YBR115C/YBR248C/YNR050C/YNR057C/YJL088W/YJR109C/YKL001C/YEL066W/YER010C/YER090W/YER091C/YHR018C/YHR112C/YIL116W/YIL094C/YIL046W/YIR034C/YFR053C,28,Downregulated,18. Far East Asia
GO:0044272,sulfur compound biosynthetic process,11/193,78/5235,0.14102564102564102,3.8252291749701075,4.91809044206539,1.1498123413681259e-4,0.005004421333383176,0.004841315121550004,YOL049W/YLL062C/YLR303W/YPR067W/YNL333W/YNR057C/YKL001C/YER091C/YIL046W/YFL059W/YFR030W,11,Downregulated,18. Far East Asia
GO:0009636,response to toxic substance,9/193,54/5235,0.16666666666666666,4.520725388601036,5.087639480384115,1.316983746149867e-4,0.005471468836277175,0.005293140415147792,YDL168W/YDR256C/YGR154C/YGR234W/YGR263C/YMR038C/YBR295W/YJL068C/YEL066W,9,Downregulated,18. Far East Asia
GO:0006790,sulfur compound metabolic process,14/193,125/5235,0.112,3.0379274611398968,4.5115665799923566,1.7811814757760257e-4,0.007078260299388206,0.006847562652868932,YOL049W/YOR285W/YGR154C/YLL062C/YLR303W/YPR067W/YNL333W/YNR057C/YKL001C/YER091C/YHR112C/YIL046W/YFL059W/YFR030W,14,Downregulated,18. Far East Asia
GO:0170041,non-proteinogenic amino acid metabolic process,7/193,34/5235,0.20588235294117646,5.584425480036574,5.246564813255527,1.914928147171822e-4,0.007292684693812689,0.007054998436948818,YOL058W/YLR303W/YBR006W/YJL088W/YEL066W/YHR018C/YHR112C,7,Downregulated,18. Far East Asia
GO:0006525,arginine metabolic process,5/193,17/5235,0.29411764705882354,7.977750685766535,5.637440411893979,2.7865030558643135e-4,0.01018745517223993,0.009855421334425362,YOL058W/YOR303W/YJL088W/YJR109C/YHR018C,5,Downregulated,18. Far East Asia
GO:0042221,response to chemical,30/193,434/5235,0.06912442396313365,1.874955230295361,3.72356497351754,5.001185131986355e-4,0.01758108927167511,0.017008078991370603,YDL168W/YDR001C/YDR171W/YDR256C/YDR423C/YOR324C/YGL039W/YGR154C/YGR234W/YGR263C/YLL029W/YLL028W/YPL239W/YML013W/YMR038C/YBR006W/YBR066C/YBR295W/YNL042W/YJL068C/YJL055W/YKL116C/YKR071C/YEL066W/YHR151C/YIL046W/YIL008W/YCL052C/YFL014W/YFR010W,30,Downregulated,18. Far East Asia
GO:0043094,metabolic compound salvage,6/93,33/5235,0.18181818181818182,10.234604105571847,7.1561984394094535,2.0110782229251464e-5,0.014781424938499826,0.012256992537617473,YDR399W/YGL037C/YPL273W/YML022W/YJR024C/YHR137W,6,Upregulated,19. Malaysian
GO:0044283,small molecule biosynthetic process,17/93,327/5235,0.05198776758409786,2.9264082075564763,4.837959366991731,4.8617389618776965e-5,0.017866890684900535,0.0148155097838273,YDR050C/YDR399W/YOR171C/YLR450W/YPL273W/YML022W/YJL097W/YJL060W/YJR024C/YKL152C/YER081W/YHR137W/YIL145C/YIL049W/YCR012W/YFR055W/YAL060W,17,Upregulated,19. Malaysian
GO:1901135,carbohydrate derivative metabolic process,15/93,297/5235,0.050505050505050504,2.8429455848810687,4.397516640103937,1.9819803143511443e-4,0.0312436481473382,0.025907729720456598,YDL022W/YDR050C/YDR399W/YLR359W/YPL273W/YML115C/YML022W/YBR229C/YBR252W/YNL220W/YKL152C/YER001W/YIL049W/YCR012W/YFL045C,15,Upregulated,19. Malaysian
GO:0009150,purine ribonucleotide metabolic process,7/93,73/5235,0.0958904109589041,5.397702165267344,5.08827459634572,2.791181663665861e-4,0.0312436481473382,0.025907729720456598,YDR050C/YDR399W/YLR359W/YML022W/YNL220W/YKL152C/YCR012W,7,Upregulated,19. Malaysian
GO:0006555,methionine metabolic process,5/93,34/5235,0.14705882352941177,8.277988614800758,5.725319149295132,2.9405713126418953e-4,0.0312436481473382,0.025907729720456598,YLR180W/YPL273W/YJR024C/YHR137W/YFR055W,5,Upregulated,19. Malaysian
GO:0170041,non-proteinogenic amino acid metabolic process,5/93,34/5235,0.14705882352941177,8.277988614800758,5.725319149295132,2.9405713126418953e-4,0.0312436481473382,0.025907729720456598,YPL273W/YPL111W/YJL060W/YHR137W/YFR055W,5,Upregulated,19. Malaysian
GO:0072521,purine-containing compound metabolic process,11/93,180/5235,0.06111111111111111,3.439964157706093,4.479725640801533,3.055715672687757e-4,0.0312436481473382,0.025907729720456598,YDL022W/YDR050C/YDR399W/YLR359W/YLR450W/YPL273W/YML022W/YBR252W/YNL220W/YKL152C/YCR012W,11,Upregulated,19. Malaysian
GO:0055086,nucleobase-containing small molecule metabolic process,13/93,247/5235,0.05263157894736842,2.9626485568760605,4.249326393398072,3.7040588819927864e-4,0.0312436481473382,0.025907729720456598,YDL022W/YDR050C/YDR399W/YGL037C/YLR359W/YLR450W/YPL273W/YML022W/YBR252W/YNL220W/YKL152C/YCR012W/YFL045C,13,Upregulated,19. Malaysian
GO:0006163,purine nucleotide metabolic process,9/93,130/5235,0.06923076923076923,3.897022332506204,4.4979843838545595,4.4901702630228247e-4,0.0312436481473382,0.025907729720456598,YDL022W/YDR050C/YDR399W/YLR359W/YML022W/YBR252W/YNL220W/YKL152C/YCR012W,9,Upregulated,19. Malaysian
GO:0009127,purine nucleoside monophosphate biosynthetic process,4/93,22/5235,0.18181818181818182,10.234604105571847,5.836843606099247,5.343906064077819e-4,0.0312436481473382,0.025907729720456598,YDR399W/YLR359W/YML022W/YNL220W,4,Upregulated,19. Malaysian
GO:0009168,purine ribonucleoside monophosphate biosynthetic process,4/93,22/5235,0.18181818181818182,10.234604105571847,5.836843606099247,5.343906064077819e-4,0.0312436481473382,0.025907729720456598,YDR399W/YLR359W/YML022W/YNL220W,4,Upregulated,19. Malaysian
GO:0043102,amino acid salvage,3/93,10/5235,0.3,16.887096774193548,6.762288433382349,5.951171075683466e-4,0.0312436481473382,0.025907729720456598,YPL273W/YJR024C/YHR137W,3,Upregulated,19. Malaysian
GO:0046128,purine ribonucleoside metabolic process,3/93,10/5235,0.3,16.887096774193548,6.762288433382349,5.951171075683466e-4,0.0312436481473382,0.025907729720456598,YDR399W/YPL273W/YML022W,3,Upregulated,19. Malaysian
GO:0071267,L-methionine salvage,3/93,10/5235,0.3,16.887096774193548,6.762288433382349,5.951171075683466e-4,0.0312436481473382,0.025907729720456598,YPL273W/YJR024C/YHR137W,3,Upregulated,19. Malaysian
GO:0006753,nucleoside phosphate metabolic process,12/93,230/5235,0.05217391304347826,2.9368863955119213,4.039785658709344,6.851603390887768e-4,0.032984268220240504,0.027351079555344437,YDL022W/YDR050C/YDR399W/YGL037C/YLR359W/YLR450W/YML022W/YBR252W/YNL220W/YKL152C/YCR012W/YFL045C,12,Upregulated,19. Malaysian
GO:0009124,nucleoside monophosphate biosynthetic process,5/93,41/5235,0.12195121951219512,6.8646734854445315,5.069639650876315,7.180248864270042e-4,0.032984268220240504,0.027351079555344437,YDR399W/YLR359W/YML022W/YBR252W/YNL220W,5,Upregulated,19. Malaysian
GO:0009259,ribonucleotide metabolic process,7/93,88/5235,0.07954545454545454,4.477639296187683,4.424264509271361,8.762316812529827e-4,0.03432115977831535,0.028459651287711548,YDR050C/YDR399W/YLR359W/YML022W/YNL220W/YKL152C/YCR012W,7,Upregulated,19. Malaysian
GO:0009126,purine nucleoside monophosphate metabolic process,4/93,25/5235,0.16,9.006451612903225,5.396143908970732,8.872136541333219e-4,0.03432115977831535,0.028459651287711548,YDR399W/YLR359W/YML022W/YNL220W,4,Upregulated,19. Malaysian
GO:0009167,purine ribonucleoside monophosphate metabolic process,4/93,25/5235,0.16,9.006451612903225,5.396143908970732,8.872136541333219e-4,0.03432115977831535,0.028459651287711548,YDR399W/YLR359W/YML022W/YNL220W,4,Upregulated,19. Malaysian
GO:0009117,nucleotide metabolic process,10/93,175/5235,0.05714285714285714,3.2165898617511517,4.01071133794411,9.84692635629554e-4,0.03537463355194271,0.02933320848775486,YDL022W/YDR050C/YDR399W/YGL037C/YLR359W/YML022W/YBR252W/YNL220W/YKL152C/YCR012W,10,Upregulated,19. Malaysian
GO:0042278,purine nucleoside metabolic process,3/93,12/5235,0.25,14.07258064516129,6.096551363210966,0.0010632295970256298,0.03537463355194271,0.02933320848775486,YDR399W/YPL273W/YML022W,3,Upregulated,19. Malaysian
GO:0071265,L-methionine biosynthetic process,3/93,12/5235,0.25,14.07258064516129,6.096551363210966,0.0010632295970256298,0.03537463355194271,0.02933320848775486,YPL273W/YJR024C/YHR137W,3,Upregulated,19. Malaysian
GO:0000096,sulfur amino acid metabolic process,5/93,45/5235,0.1111111111111111,6.25448028673835,4.760413106889402,0.0011069613220335815,0.03537463355194271,0.02933320848775486,YLR180W/YPL273W/YJR024C/YHR137W/YFR055W,5,Upregulated,19. Malaysian
GO:0046040,IMP metabolic process,3/93,13/5235,0.23076923076923078,12.990074441687344,5.820595499308933,0.0013644836340448413,0.039534182813086835,0.03278237285897211,YDR399W/YLR359W/YNL220W,3,Upregulated,19. Malaysian
GO:0019693,ribose phosphate metabolic process,7/93,95/5235,0.07368421052631578,4.147707979626485,4.16358059183794,0.0013791337177100934,0.039534182813086835,0.03278237285897211,YDR050C/YDR399W/YLR359W/YML022W/YNL220W/YKL152C/YCR012W,7,Upregulated,19. Malaysian
GO:0006793,phosphorus metabolic process,18/93,473/5235,0.03805496828752643,2.1421264407010843,3.50221140399797,0.0013984880995105546,0.039534182813086835,0.03278237285897211,YDL022W/YDR050C/YDR089W/YDR399W/YGL037C/YLR359W/YLR450W/YML022W/YMR079W/YBL091C-A/YBR125C/YBR252W/YNL220W/YJR073C/YKL152C/YER026C/YCR012W/YFL045C,18,Upregulated,19. Malaysian
GO:0019637,organophosphate metabolic process,16/93,397/5235,0.04030226700251889,2.2686276103030796,3.535808843919365,0.0014734390104275223,0.04011028417274922,0.033260085264621264,YDL022W/YDR050C/YDR399W/YGL037C/YLR359W/YLR450W/YML022W/YMR079W/YBL091C-A/YBR252W/YNL220W/YJR073C/YKL152C/YER026C/YCR012W/YFL045C,16,Upregulated,19. Malaysian
GO:0006816,calcium ion transport,3/93,14/5235,0.21428571428571427,12.06221198156682,5.573415806754705,0.0017143750781758494,0.045002345802116046,0.03731666053623372,YDL128W/YBR187W/YBR235W,3,Upregulated,19. Malaysian
GO:0009123,nucleoside monophosphate metabolic process,5/93,51/5235,0.09803921568627451,5.518659076533839,4.360682478607043,0.0019573893788398266,0.04614216682506386,0.03826181824806585,YDR399W/YLR359W/YML022W/YBR252W/YNL220W,5,Upregulated,19. Malaysian
GO:1901136,carbohydrate derivative catabolic process,5/93,51/5235,0.09803921568627451,5.518659076533839,4.360682478607043,0.0019573893788398266,0.04614216682506386,0.03826181824806585,YDL022W/YDR050C/YBR252W/YKL152C/YCR012W,5,Upregulated,19. Malaysian
GO:0009086,methionine biosynthetic process,4/93,31/5235,0.12903225806451613,7.263267429760666,4.70333005048305,0.002034354081234291,0.04614216682506386,0.03826181824806585,YPL273W/YJR024C/YHR137W/YFR055W,4,Upregulated,19. Malaysian
GO:0170035,L-amino acid catabolic process,4/93,31/5235,0.12903225806451613,7.263267429760666,4.70333005048305,0.002034354081234291,0.04614216682506386,0.03826181824806585,YPL111W/YJL060W/YHR137W/YFR055W,4,Upregulated,19. Malaysian
GO:0050801,monoatomic ion homeostasis,9/93,161/5235,0.055900621118012424,3.146663995191344,3.720438038332302,0.0020716891227579694,0.04614216682506386,0.03826181824806585,YDL128W/YDR011W/YOR147W/YBR187W/YBR235W/YNL275W/YNL031C/YEL027W/YHR026W,9,Upregulated,19. Malaysian
GO:0090407,organophosphate biosynthetic process,12/93,263/5235,0.045627376425855515,2.5683797375199315,3.5095855589407616,0.0021925872758667615,0.04739857787535499,0.039303654263989324,YDR050C/YDR399W/YGL037C/YLR359W/YML022W/YMR079W/YBL091C-A/YBR252W/YNL220W/YJR073C/YER026C/YFL045C,12,Upregulated,19. Malaysian
GO:0006195,purine nucleotide catabolic process,4/93,32/5235,0.125,7.036290322580645,4.605857454886939,0.0022937100506841357,0.04816791106436685,0.03994159757431924,YDR050C/YBR252W/YKL152C/YCR012W,4,Upregulated,19. Malaysian
GO:0016072,rRNA metabolic process,31/159,344/5235,0.09011627906976744,2.9670359806932862,6.6795515900812195,2.434057885284009e-8,1.0521504616955677e-5,9.72305506218058e-6,YDL014W/YOL145C/YOR056C/YOR123C/YOR243C/YOR310C/YOR341W/YGL111W/YGL078C/YGR251W/YGR285C/YLL008W/YLR106C/YLR196W/YPL217C/YPL043W/YPL012W/YPR010C/YMR049C/YMR229C/YMR290C/YNL139C/YNL022C/YJL109C/YKL082C/YEL055C/YHR196W/YIL069C/YCL054W/YCR031C/YAL035W,31,Downregulated,19. Malaysian
GO:0009082,branched-chain amino acid biosynthetic process,7/159,13/5235,0.5384615384615384,17.728592162554428,10.687281539679343,3.078643997572125e-8,1.0521504616955677e-5,9.72305506218058e-6,YLR355C/YMR108W/YNL104C/YJR016C/YHR208W/YIL051C/YCL009C,7,Downregulated,19. Malaysian
GO:1901605,alpha-amino acid metabolic process,20/159,157/5235,0.12738853503184713,4.194207426991948,7.191528529490351,3.670292308240352e-8,1.0521504616955677e-5,9.72305506218058e-6,YDL182W/YDR300C/YDR321W/YOL058W/YGL202W/YGL196W/YGL026C/YLR355C/YML099C/YMR108W/YBR115C/YNL104C/YJL088W/YJR016C/YHR208W/YIL094C/YIL051C/YIR034C/YCL064C/YCL009C,20,Downregulated,19. Malaysian
GO:0042254,ribosome biogenesis,33/159,400/5235,0.0825,2.7162735849056605,6.320812234192112,6.994671104501518e-8,1.5038542874678263e-5,1.3897307062891174e-5,YDL014W/YOR056C/YOR206W/YOR243C/YOR310C/YOR341W/YGL111W/YGL078C/YGR162W/YGR245C/YGR251W/YGR285C/YLL008W/YLR106C/YLR196W/YPL217C/YPL043W/YPL012W/YPR010C/YPR169W/YMR049C/YMR229C/YMR290C/YNL022C/YNR037C/YJL109C/YKL082C/YEL055C/YHR196W/YIL069C/YCL054W/YCR031C/YAL035W,33,Downregulated,19. Malaysian
GO:0006520,amino acid metabolic process,23/159,225/5235,0.10222222222222223,3.3656184486373166,6.419064050453627,2.1003236463179392e-7,3.577706175656332e-5,3.3062033814204776e-5,YDL182W/YDR300C/YDR321W/YOL058W/YOR168W/YOR335C/YGL202W/YGL196W/YGL026C/YLR355C/YML099C/YMR108W/YBL076C/YBR115C/YNL104C/YJL088W/YJR016C/YHR208W/YIL094C/YIL051C/YIR034C/YCL064C/YCL009C,23,Downregulated,19. Malaysian
GO:1901607,alpha-amino acid biosynthetic process,16/159,115/5235,0.1391304347826087,4.5808039376538146,6.871461170517478,2.7446471717983843e-7,3.577706175656332e-5,3.3062033814204776e-5,YDL182W/YDR300C/YOL058W/YGL202W/YGL026C/YLR355C/YMR108W/YBR115C/YNL104C/YJL088W/YJR016C/YHR208W/YIL094C/YIL051C/YIR034C/YCL009C,16,Downregulated,19. Malaysian
GO:0009079,pyruvate family amino acid biosynthetic process,6/159,11/5235,0.5454545454545454,17.958833619210974,9.964266912289713,2.9120864220458516e-7,3.577706175656332e-5,3.3062033814204776e-5,YLR355C/YMR108W/YNL104C/YJR016C/YHR208W/YCL009C,6,Downregulated,19. Malaysian
GO:0006364,rRNA processing,26/159,287/5235,0.09059233449477352,2.982709881007166,6.114203487423551,3.53396981716903e-7,3.799017553456707e-5,3.510720015740287e-5,YDL014W/YOR056C/YOR243C/YOR310C/YGL111W/YGL078C/YGR251W/YGR285C/YLL008W/YLR106C/YLR196W/YPL217C/YPL043W/YPL012W/YMR049C/YMR229C/YMR290C/YNL022C/YJL109C/YKL082C/YEL055C/YHR196W/YIL069C/YCL054W/YCR031C/YAL035W,26,Downregulated,19. Malaysian
GO:0170034,L-amino acid biosynthetic process,15/159,104/5235,0.14423076923076922,4.748730043541364,6.833676938587735,4.1007854797629573e-7,3.918528347329048e-5,3.6211614470421434e-5,YDL182W/YDR300C/YOL058W/YGL202W/YGL026C/YLR355C/YMR108W/YBR115C/YNL104C/YJL088W/YJR016C/YHR208W/YIL094C/YIR034C/YCL009C,15,Downregulated,19. Malaysian
GO:0170038,proteinogenic amino acid biosynthetic process,15/159,108/5235,0.1388888888888889,4.572851153039832,6.639719876091639,6.774103533670136e-7,5.492501116273794e-5,5.07568952605473e-5,YDL182W/YDR300C/YOL058W/YGL202W/YGL026C/YLR355C/YMR108W/YBR115C/YNL104C/YJL088W/YJR016C/YHR208W/YIL094C/YIR034C/YCL009C,15,Downregulated,19. Malaysian
GO:0008652,amino acid biosynthetic process,16/159,123/5235,0.13008130081300814,4.282865470164135,6.52025879647129,7.025292125466481e-7,5.492501116273794e-5,5.07568952605473e-5,YDL182W/YDR300C/YOL058W/YGL202W/YGL026C/YLR355C/YMR108W/YBR115C/YNL104C/YJL088W/YJR016C/YHR208W/YIL094C/YIL051C/YIR034C/YCL009C,16,Downregulated,19. Malaysian
GO:0170033,L-amino acid metabolic process,17/159,141/5235,0.12056737588652482,3.96962397966011,6.3261015925692154,9.286458907070363e-7,6.655295550067094e-5,6.150242521787828e-5,YDL182W/YDR300C/YDR321W/YOL058W/YGL202W/YGL026C/YLR355C/YMR108W/YBR115C/YNL104C/YJL088W/YJR016C/YHR208W/YIL094C/YIR034C/YCL064C/YCL009C,17,Downregulated,19. Malaysian
GO:0170039,proteinogenic amino acid metabolic process,17/159,143/5235,0.11888111888111888,3.914104763161367,6.25293042787834,1.1359056601608206e-6,7.514452828756198e-5,6.944200594505423e-5,YDL182W/YDR300C/YDR321W/YOL058W/YGL202W/YGL026C/YLR355C/YMR108W/YBR115C/YNL104C/YJL088W/YJR016C/YHR208W/YIL094C/YIR034C/YCL064C/YCL009C,17,Downregulated,19. Malaysian
GO:0009081,branched-chain amino acid metabolic process,7/159,22/5235,0.3181818181818182,10.475986277873071,7.88218303763802,2.4278224185424675e-6,1.4913766285332302e-4,1.3781999443605736e-4,YLR355C/YMR108W/YNL104C/YJR016C/YHR208W/YIL051C/YCL009C,7,Downregulated,19. Malaysian
GO:0009078,pyruvate family amino acid metabolic process,6/159,15/5235,0.4,13.169811320754716,8.353122253904667,2.8507043941762707e-6,1.634403852661062e-4,1.510373205335498e-4,YLR355C/YMR108W/YNL104C/YJR016C/YHR208W/YCL009C,6,Downregulated,19. Malaysian
GO:0022613,ribonucleoprotein complex biogenesis,33/159,477/5235,0.06918238993710692,2.277797555476445,5.180404097675237,4.127825767797025e-6,2.2187063501909006e-4,2.0503345096623378e-4,YDL014W/YOR056C/YOR206W/YOR243C/YOR310C/YOR341W/YGL111W/YGL078C/YGR162W/YGR245C/YGR251W/YGR285C/YLL008W/YLR106C/YLR196W/YPL217C/YPL043W/YPL012W/YPR010C/YPR169W/YMR049C/YMR229C/YMR290C/YNL022C/YNR037C/YJL109C/YKL082C/YEL055C/YHR196W/YIL069C/YCL054W/YCR031C/YAL035W,33,Downregulated,19. Malaysian
GO:0042273,ribosomal large subunit biogenesis,15/159,125/5235,0.12,3.950943396226415,5.909626726917835,4.4801582761623006e-6,2.2664330102938697e-4,2.0944393179582273e-4,YOR206W/YGL111W/YGL078C/YGR162W/YGR245C/YLL008W/YLR106C/YPL043W/YPR169W/YMR049C/YMR229C/YMR290C/YKL082C/YEL055C/YCL054W,15,Downregulated,19. Malaysian
GO:0019878,lysine biosynthetic process via aminoadipic acid,5/159,13/5235,0.38461538461538464,12.663280116110306,7.451240191988826,2.5650199866276656e-5,0.0012255095491665513,0.0011325088245051974,YDL182W/YGL202W/YBR115C/YIL094C/YIR034C,5,Downregulated,19. Malaysian
GO:0044283,small molecule biosynthetic process,24/159,327/5235,0.07339449541284404,2.416479141422884,4.681514766038675,4.042577459932512e-5,0.001829798218706295,0.0016909396023540425,YDL182W/YDR300C/YOL058W/YGL202W/YGL026C/YGL012W/YGR060W/YGR175C/YLL013C/YLR355C/YPL133C/YPL028W/YML008C/YMR108W/YBR115C/YNL104C/YJL088W/YJR016C/YHR007C/YHR208W/YIL094C/YIL051C/YIR034C/YCL009C,24,Downregulated,19. Malaysian
GO:0000462,"maturation of SSU-rRNA from tricistronic rRNA transcript (SSU-rRNA, 5.8S rRNA, LSU-rRNA)",12/159,101/5235,0.1188118811881188,3.9118251447786285,5.229409618425711,4.670533841971926e-5,0.002008329552047928,0.0018559226582572654,YOR056C/YOR310C/YGR251W/YPL217C/YPL012W/YMR229C/YMR290C/YJL109C/YHR196W/YIL069C/YCR031C/YAL035W,12,Downregulated,19. Malaysian
GO:0009085,lysine biosynthetic process,5/159,15/5235,0.3333333333333333,10.974842767295597,6.8465384468696655,5.696320890424235e-5,0.0023327790313165913,0.0021557505124161895,YDL182W/YGL202W/YBR115C/YIL094C/YIR034C,5,Downregulated,19. Malaysian
GO:0042274,ribosomal small subunit biogenesis,14/159,140/5235,0.1,3.292452830188679,4.865718128479416,7.569730028612675e-5,0.0029590762839122276,0.002734519699331373,YOR056C/YOR310C/YGR251W/YPL217C/YPL012W/YMR229C/YMR290C/YNR037C/YJL109C/YKL082C/YHR196W/YIL069C/YCR031C/YAL035W,14,Downregulated,19. Malaysian
GO:0006553,lysine metabolic process,5/159,16/5235,0.3125,10.288915094339623,6.585457490673213,8.083415525115941e-5,0.003022494500695526,0.0027931252729805657,YDL182W/YGL202W/YBR115C/YIL094C/YIR034C,5,Downregulated,19. Malaysian
GO:0016053,organic acid biosynthetic process,16/159,185/5235,0.08648648648648649,2.847526772055074,4.527782224014999,1.3362630849392805e-4,0.004596745012191125,0.004247910017385923,YDL182W/YDR300C/YOL058W/YGL202W/YGL026C/YLR355C/YMR108W/YBR115C/YNL104C/YJL088W/YJR016C/YHR208W/YIL094C/YIL051C/YIR034C/YCL009C,16,Downregulated,19. Malaysian
GO:0046394,carboxylic acid biosynthetic process,16/159,185/5235,0.08648648648648649,2.847526772055074,4.527782224014999,1.3362630849392805e-4,0.004596745012191125,0.004247910017385923,YDL182W/YDR300C/YOL058W/YGL202W/YGL026C/YLR355C/YMR108W/YBR115C/YNL104C/YJL088W/YJR016C/YHR208W/YIL094C/YIL051C/YIR034C/YCL009C,16,Downregulated,19. Malaysian
GO:0030490,maturation of SSU-rRNA,12/159,115/5235,0.10434782608695652,3.4356029532403607,4.67385297027867,1.6722762292283513e-4,0.005531375219755316,0.005111613575171681,YOR056C/YOR310C/YGR251W/YPL217C/YPL012W/YMR229C/YMR290C/YJL109C/YHR196W/YIL069C/YCR031C/YAL035W,12,Downregulated,19. Malaysian
GO:0009066,aspartate family amino acid metabolic process,8/159,58/5235,0.13793103448275862,4.54131424853611,4.799477894199109,3.197031510083696e-4,0.01018313740248881,0.00941036565346273,YDL182W/YDR321W/YGL202W/YBR115C/YHR208W/YIL094C/YIR034C/YCL064C,8,Downregulated,19. Malaysian
GO:0006390,mitochondrial transcription,4/159,12/5235,0.3333333333333333,10.974842767295597,6.121971216659505,3.352890599712956e-4,0.010298163984832652,0.009516663168358202,YDL140C/YDR194C/YOR341W/YPR010C,4,Downregulated,19. Malaysian
GO:0006414,translational elongation,7/159,46/5235,0.15217391304347827,5.01025430680886,4.83463407860292,4.1241299245764837e-4,0.012230178397019916,0.011302062043757695,YDL130W/YDR194C/YDR385W/YGL195W/YGR285C/YLR249W/YJR047C,7,Downregulated,19. Malaysian
GO:0006696,ergosterol biosynthetic process,6/159,34/5235,0.17647058823529413,5.810210876803552,4.979832809819184,4.744289269882269e-4,0.01316157668418952,0.012162778943161675,YGL012W/YGR060W/YGR175C/YPL028W/YML008C/YHR007C,6,Downregulated,19. Malaysian
GO:0016129,phytosteroid biosynthetic process,6/159,34/5235,0.17647058823529413,5.810210876803552,4.979832809819184,4.744289269882269e-4,0.01316157668418952,0.012162778943161675,YGL012W/YGR060W/YGR175C/YPL028W/YML008C/YHR007C,6,Downregulated,19. Malaysian
GO:1902652,secondary alcohol metabolic process,7/159,48/5235,0.14583333333333334,4.801493710691824,4.682430991870282,5.391434137366215e-4,0.014489479244171703,0.013389910439840436,YGL012W/YGR060W/YGR175C/YPL028W/YML008C/YMR226C/YHR007C,7,Downregulated,19. Malaysian
GO:0045943,positive regulation of transcription by RNA polymerase I,5/159,24/5235,0.20833333333333334,6.859276729559748,5.091476091947601,6.459019823821925e-4,0.016528841576181293,0.015274510881293609,YOL145C/YOR123C/YNL139C/YJL109C/YHR196W,5,Downregulated,19. Malaysian
GO:1902653,secondary alcohol biosynthetic process,6/159,36/5235,0.16666666666666666,5.487421383647798,4.781264938456461,6.534658297560047e-4,0.016528841576181293,0.015274510881293609,YGL012W/YGR060W/YGR175C/YPL028W/YML008C/YHR007C,6,Downregulated,19. Malaysian
GO:0008204,ergosterol metabolic process,6/159,38/5235,0.15789473684210525,5.198609731876862,4.597011207704087,8.808817285587622e-4,0.020566380133304578,0.019005651163580117,YGL012W/YGR060W/YGR175C/YPL028W/YML008C/YHR007C,6,Downregulated,19. Malaysian
GO:0016128,phytosteroid metabolic process,6/159,38/5235,0.15789473684210525,5.198609731876862,4.597011207704087,8.808817285587622e-4,0.020566380133304578,0.019005651163580117,YGL012W/YGR060W/YGR175C/YPL028W/YML008C/YHR007C,6,Downregulated,19. Malaysian
GO:0016125,sterol metabolic process,7/159,52/5235,0.1346153846153846,4.432148040638607,4.401814069650194,8.848326336421738e-4,0.020566380133304578,0.019005651163580117,YGL012W/YGR060W/YGR175C/YLL012W/YPL028W/YML008C/YHR007C,7,Downregulated,19. Malaysian
GO:0019752,carboxylic acid metabolic process,21/159,333/5235,0.06306306306306306,2.0763216046234914,3.5919653261628612,0.0010087339439867886,0.022829241890227323,0.021096790241274945,YDL182W/YDR300C/YDR321W/YOL058W/YGL202W/YGL196W/YGL026C/YLR355C/YPL262W/YML099C/YMR108W/YBR115C/YNL104C/YJL088W/YJR016C/YHR208W/YIL094C/YIL051C/YIR034C/YCL064C/YCL009C,21,Downregulated,19. Malaysian
GO:0008202,steroid metabolic process,7/159,54/5235,0.12962962962962962,4.267994409503843,4.271948449117407,0.001113266149092674,0.02454894585178717,0.02268599035263074,YGL012W/YGR060W/YGR175C/YLL012W/YPL028W/YML008C/YHR007C,7,Downregulated,19. Malaysian
GO:0016126,sterol biosynthetic process,6/159,40/5235,0.15,4.938679245283019,4.425297260453359,0.0011649072899891056,0.02504550673476577,0.023144868524783545,YGL012W/YGR060W/YGR175C/YPL028W/YML008C/YHR007C,6,Downregulated,19. Malaysian
GO:0006694,steroid biosynthetic process,6/159,41/5235,0.14634146341463414,4.818223653934652,4.343671107599099,0.001330871541710001,0.0279158420944049,0.02579738161722852,YGL012W/YGR060W/YGR175C/YPL028W/YML008C/YHR007C,6,Downregulated,19. Malaysian
GO:0008298,intracellular mRNA localization,4/159,18/5235,0.2222222222222222,7.316561844863731,4.750739327915491,0.001797251985312788,0.036505158124343184,0.03373487684685325,YDR238C/YOR198C/YGL178W/YLL013C,4,Downregulated,19. Malaysian
GO:0043436,oxoacid metabolic process,21/159,349/5235,0.06017191977077364,1.9811320754716981,3.3575158442291015,0.0018252579062171593,0.036505158124343184,0.03373487684685325,YDL182W/YDR300C/YDR321W/YOL058W/YGL202W/YGL196W/YGL026C/YLR355C/YPL262W/YML099C/YMR108W/YBR115C/YNL104C/YJL088W/YJR016C/YHR208W/YIL094C/YIL051C/YIR034C/YCL064C/YCL009C,21,Downregulated,19. Malaysian
GO:0006082,organic acid metabolic process,21/159,351/5235,0.05982905982905983,1.9698435736171587,3.329063181561946,0.001959013024794725,0.03785116104207281,0.03497873511231943,YDL182W/YDR300C/YDR321W/YOL058W/YGL202W/YGL196W/YGL026C/YLR355C/YPL262W/YML099C/YMR108W/YBR115C/YNL104C/YJL088W/YJR016C/YHR208W/YIL094C/YIL051C/YIR034C/YCL064C/YCL009C,21,Downregulated,19. Malaysian
GO:0006360,transcription by RNA polymerase I,8/159,76/5235,0.10526315789473684,3.465739821251241,3.8320034888071044,0.0019805840080154378,0.03785116104207281,0.03497873511231943,YDL140C/YOL145C/YOR123C/YOR341W/YPR010C/YNL139C/YJL109C/YHR196W,8,Downregulated,19. Malaysian
GO:0042790,nucleolar large rRNA transcription by RNA polymerase I,5/159,31/5235,0.16129032258064516,5.310407790626902,4.259760445711127,0.0021749153278275,0.040661460476775,0.037575768249651316,YOL145C/YOR123C/YOR341W/YPR010C/YNL139C,5,Downregulated,19. Malaysian
GO:0006283,transcription-coupled nucleotide-excision repair,4/159,19/5235,0.21052631578947367,6.931479642502482,4.583800080622497,0.0022232292813151268,0.04068036557300019,0.03759323868741144,YOL145C/YOR123C/YNL139C/YJL168C,4,Downregulated,19. Malaysian
GO:0009303,rRNA transcription,6/159,46/5235,0.13043478260869565,4.294503691550451,3.9717480739837017,0.0024467545665241308,0.04383768598355735,0.04051095828345874,YOL145C/YOR123C/YOR341W/YPR010C/YNL139C/YEL055C,6,Downregulated,19. Malaysian
GO:0000480,"endonucleolytic cleavage in 5'-ETS of tricistronic rRNA transcript (SSU-rRNA, 5.8S rRNA, LSU-rRNA)",5/159,32/5235,0.15625,5.144457547169812,4.161696317620044,0.0025154293046166184,0.0441483510606182,0.04079804779775611,YOR310C/YGR251W/YPL217C/YMR229C/YJL109C,5,Downregulated,19. Malaysian
GO:0009302,sno(s)RNA transcription,3/159,10/5235,0.3,9.877358490566039,4.97273396185696,0.0028194784885361866,0.0466298365411754,0.04309121981467249,YOL145C/YOR123C/YJL168C,3,Downregulated,19. Malaysian
GO:2001207,regulation of transcription elongation by RNA polymerase I,3/159,10/5235,0.3,9.877358490566039,4.97273396185696,0.0028194784885361866,0.0466298365411754,0.04309121981467249,YOL145C/YOR123C/YNL139C,3,Downregulated,19. Malaysian
GO:2001209,positive regulation of transcription elongation by RNA polymerase I,3/159,10/5235,0.3,9.877358490566039,4.97273396185696,0.0028194784885361866,0.0466298365411754,0.04309121981467249,YOL145C/YOR123C/YNL139C,3,Downregulated,19. Malaysian
GO:0009067,aspartate family amino acid biosynthetic process,6/159,48/5235,0.125,4.115566037735849,3.8375502059315325,0.0030494766777983337,0.049482074394463525,0.045727008773341446,YDL182W/YGL202W/YBR115C/YHR208W/YIL094C/YIR034C,6,Downregulated,19. Malaysian
GO:0030476,ascospore wall assembly,2/8,27/5235,0.07407407407407407,48.47222222222222,9.674344732797147,7.037812514318813e-4,0.015578951107459481,0.008413346593502145,YDL239C/YGR032W,2,Upregulated,2. Alpechin
GO:0042244,spore wall assembly,2/8,27/5235,0.07407407407407407,48.47222222222222,9.674344732797147,7.037812514318813e-4,0.015578951107459481,0.008413346593502145,YDL239C/YGR032W,2,Upregulated,2. Alpechin
GO:0070590,spore wall biogenesis,2/8,27/5235,0.07407407407407407,48.47222222222222,9.674344732797147,7.037812514318813e-4,0.015578951107459481,0.008413346593502145,YDL239C/YGR032W,2,Upregulated,2. Alpechin
GO:0070591,ascospore wall biogenesis,2/8,27/5235,0.07407407407407407,48.47222222222222,9.674344732797147,7.037812514318813e-4,0.015578951107459481,0.008413346593502145,YDL239C/YGR032W,2,Upregulated,2. Alpechin
GO:0071940,fungal-type cell wall assembly,2/8,28/5235,0.07142857142857142,46.74107142857142,9.49351766056021,7.573382492269767e-4,0.015578951107459481,0.008413346593502145,YDL239C/YGR032W,2,Upregulated,2. Alpechin
GO:0070726,cell wall assembly,2/8,29/5235,0.06896551724137931,45.12931034482759,9.322012050045911,8.128148403891902e-4,0.015578951107459481,0.008413346593502145,YDL239C/YGR032W,2,Upregulated,2. Alpechin
GO:0031505,fungal-type cell wall organization,3/8,142/5235,0.02112676056338028,13.824823943661972,6.061000901819784,9.902042800448137e-4,0.016267641743593367,0.008785271056036693,YDL239C/YGR032W/YLR120C,3,Upregulated,2. Alpechin
GO:0071852,fungal-type cell wall organization or biogenesis,3/8,162/5235,0.018518518518518517,12.118055555555555,5.623277535479511,0.001452863867990232,0.018706221314512154,0.010102215629805192,YDL239C/YGR032W/YLR120C,3,Upregulated,2. Alpechin
GO:0010927,cellular component assembly involved in morphogenesis,2/8,41/5235,0.04878048780487805,31.920731707317074,7.775464104960438,0.0016266279403923613,0.018706221314512154,0.010102215629805192,YDL239C/YGR032W,2,Upregulated,2. Alpechin
GO:0032989,cellular anatomical entity morphogenesis,2/8,41/5235,0.04878048780487805,31.920731707317074,7.775464104960438,0.0016266279403923613,0.018706221314512154,0.010102215629805192,YDL239C/YGR032W,2,Upregulated,2. Alpechin
GO:0045229,external encapsulating structure organization,3/8,186/5235,0.016129032258064516,10.554435483870968,5.19032343281894,0.002166002081301261,0.020510400668495157,0.011076555052093495,YDL239C/YGR032W/YLR120C,3,Upregulated,2. Alpechin
GO:0071555,cell wall organization,3/8,186/5235,0.016129032258064516,10.554435483870968,5.19032343281894,0.002166002081301261,0.020510400668495157,0.011076555052093495,YDL239C/YGR032W/YLR120C,3,Upregulated,2. Alpechin
GO:0009272,fungal-type cell wall biogenesis,2/8,49/5235,0.04081632653061224,26.709183673469386,7.07303282184277,0.002318567032090757,0.020510400668495157,0.011076555052093495,YDL239C/YGR032W,2,Upregulated,2. Alpechin
GO:0042546,cell wall biogenesis,2/8,52/5235,0.038461538461538464,25.168269230769234,6.851603463991197,0.0026082987969448445,0.021425311546332648,0.011570648798477131,YDL239C/YGR032W,2,Upregulated,2. Alpechin
GO:0071554,cell wall organization or biogenesis,3/8,222/5235,0.013513513513513514,8.842905405405405,4.671326406632029,0.003596476676700825,0.027572987854706327,0.014890675363182363,YDL239C/YGR032W/YLR120C,3,Upregulated,2. Alpechin
GO:0030437,ascospore formation,2/8,79/5235,0.02531645569620253,16.56645569620253,5.45358936207895,0.00593625750699965,0.03847244015787609,0.020776878437663057,YDL239C/YGR032W,2,Upregulated,2. Alpechin
GO:0048468,cell development,2/8,79/5235,0.02531645569620253,16.56645569620253,5.45358936207895,0.00593625750699965,0.03847244015787609,0.020776878437663057,YDL239C/YGR032W,2,Upregulated,2. Alpechin
GO:0034293,sexual sporulation,2/8,82/5235,0.024390243902439025,15.960365853658537,5.341394708313305,0.006383958229133691,0.03847244015787609,0.020776878437663057,YDL239C/YGR032W,2,Upregulated,2. Alpechin
GO:0043935,sexual sporulation resulting in formation of a cellular spore,2/8,82/5235,0.024390243902439025,15.960365853658537,5.341394708313305,0.006383958229133691,0.03847244015787609,0.020776878437663057,YDL239C/YGR032W,2,Upregulated,2. Alpechin
GO:0030154,cell differentiation,2/8,84/5235,0.023809523809523808,15.580357142857142,5.2698424651351115,0.006690859157891494,0.03847244015787609,0.020776878437663057,YDL239C/YGR032W,2,Upregulated,2. Alpechin
GO:0048869,cellular developmental process,2/8,91/5235,0.02197802197802198,14.381868131868133,5.037587059961741,0.007817621690615877,0.04281078544861076,0.023119783445931668,YDL239C/YGR032W,2,Upregulated,2. Alpechin
GO:0006074,(1->3)-beta-D-glucan metabolic process,3/27,11/5235,0.2727272727272727,52.87878787878787,12.4007465787127,1.96466963308167e-5,0.0015532789882087177,0.0014426739828563944,YOL030W/YMR215W/YMR307W,3,Downregulated,2. Alpechin
GO:0006075,(1->3)-beta-D-glucan biosynthetic process,3/27,11/5235,0.2727272727272727,52.87878787878787,12.4007465787127,1.96466963308167e-5,0.0015532789882087177,0.0014426739828563944,YOL030W/YMR215W/YMR307W,3,Downregulated,2. Alpechin
GO:0034406,cell wall beta-glucan metabolic process,3/27,12/5235,0.25,48.47222222222222,11.853140314759598,2.6105529213591896e-5,0.0015532789882087177,0.0014426739828563944,YOL030W/YMR215W/YMR307W,3,Downregulated,2. Alpechin
GO:0034410,cell wall beta-glucan biosynthetic process,3/27,12/5235,0.25,48.47222222222222,11.853140314759598,2.6105529213591896e-5,0.0015532789882087177,0.0014426739828563944,YOL030W/YMR215W/YMR307W,3,Downregulated,2. Alpechin
GO:0051278,fungal-type cell wall polysaccharide biosynthetic process,3/27,12/5235,0.25,48.47222222222222,11.853140314759598,2.6105529213591896e-5,0.0015532789882087177,0.0014426739828563944,YOL030W/YMR215W/YMR307W,3,Downregulated,2. Alpechin
GO:0071966,fungal-type cell wall polysaccharide metabolic process,3/27,12/5235,0.25,48.47222222222222,11.853140314759598,2.6105529213591896e-5,0.0015532789882087177,0.0014426739828563944,YOL030W/YMR215W/YMR307W,3,Downregulated,2. Alpechin
GO:0031505,fungal-type cell wall organization,6/27,142/5235,0.04225352112676056,8.192488262910798,6.256043349910032,6.627578425218306e-5,0.003146062945424933,0.002922039887391579,YDR144C/YDR261C/YOL030W/YMR215W/YMR307W/YIL011W,6,Downregulated,2. Alpechin
GO:0010383,cell wall polysaccharide metabolic process,3/27,17/5235,0.17647058823529413,34.21568627450981,9.875950548893352,7.93125112292e-5,0.003146062945424933,0.002922039887391579,YOL030W/YMR215W/YMR307W,3,Downregulated,2. Alpechin
GO:0070592,cell wall polysaccharide biosynthetic process,3/27,17/5235,0.17647058823529413,34.21568627450981,9.875950548893352,7.93125112292e-5,0.003146062945424933,0.002922039887391579,YOL030W/YMR215W/YMR307W,3,Downregulated,2. Alpechin
GO:0071852,fungal-type cell wall organization or biogenesis,6/27,162/5235,0.037037037037037035,7.181069958847736,5.753763258209202,1.380928608152118e-4,0.0049299151311030616,0.00457886854282018,YDR144C/YDR261C/YOL030W/YMR215W/YMR307W/YIL011W,6,Downregulated,2. Alpechin
GO:0051273,beta-glucan metabolic process,3/27,26/5235,0.11538461538461539,22.371794871794872,7.865271994430543,2.940053288403109e-4,0.0075078327981166135,0.006973219317136174,YOL030W/YMR215W/YMR307W,3,Downregulated,2. Alpechin
GO:0051274,beta-glucan biosynthetic process,3/27,26/5235,0.11538461538461539,22.371794871794872,7.865271994430543,2.940053288403109e-4,0.0075078327981166135,0.006973219317136174,YOL030W/YMR215W/YMR307W,3,Downregulated,2. Alpechin
GO:0045229,external encapsulating structure organization,6/27,186/5235,0.03225806451612903,6.254480286738351,5.253476661423736,2.944248156124162e-4,0.0075078327981166135,0.006973219317136174,YDR144C/YDR261C/YOL030W/YMR215W/YMR307W/YIL011W,6,Downregulated,2. Alpechin
GO:0071555,cell wall organization,6/27,186/5235,0.03225806451612903,6.254480286738351,5.253476661423736,2.944248156124162e-4,0.0075078327981166135,0.006973219317136174,YDR144C/YDR261C/YOL030W/YMR215W/YMR307W/YIL011W,6,Downregulated,2. Alpechin
GO:0044042,glucan metabolic process,4/27,67/5235,0.05970149253731343,11.575456053067992,6.272468762381199,3.446553759251877e-4,0.008202797947019468,0.007618697783609413,YDR261C/YOL030W/YMR215W/YMR307W,4,Downregulated,2. Alpechin
GO:0005976,polysaccharide metabolic process,4/27,81/5235,0.04938271604938271,9.574759945130314,5.599580936965273,7.120929290723922e-4,0.015471851776146139,0.014370140968556789,YDR261C/YOL030W/YMR215W/YMR307W,4,Downregulated,2. Alpechin
GO:0071554,cell wall organization or biogenesis,6/27,222/5235,0.02702702702702703,5.24024024024024,4.648163024163991,7.602143048251887e-4,0.015471851776146139,0.014370140968556789,YDR144C/YDR261C/YOL030W/YMR215W/YMR307W/YIL011W,6,Downregulated,2. Alpechin
GO:0044036,cell wall macromolecule metabolic process,3/27,36/5235,0.08333333333333333,16.15740740740741,6.570214056646682,7.800933668645112e-4,0.015471851776146139,0.014370140968556789,YOL030W/YMR215W/YMR307W,3,Downregulated,2. Alpechin
GO:0032968,positive regulation of transcription elongation by RNA polymerase II,3/27,44/5235,0.06818181818181818,13.219696969696967,5.8603629421259,0.0014077649907008783,0.02645116324632703,0.024567643882037485,YGL043W/YLR455W/YKR048C,3,Downregulated,2. Alpechin
GO:0009250,glucan biosynthetic process,3/27,45/5235,0.06666666666666667,12.925925925925926,5.78466134619355,0.0015031482372837852,0.026831196035515568,0.024920615512862756,YOL030W/YMR215W/YMR307W,3,Downregulated,2. Alpechin
GO:0034243,regulation of transcription elongation by RNA polymerase II,3/27,47/5235,0.06382978723404255,12.375886524822693,5.640238257121357,0.0017059002428981601,0.029000304129268722,0.026935266993128846,YGL043W/YLR455W/YKR048C,3,Downregulated,2. Alpechin
GO:0000271,polysaccharide biosynthetic process,3/27,48/5235,0.0625,12.118055555555555,5.571274898101909,0.0018133898866240581,0.02942637225112676,0.027330995898879346,YOL030W/YMR215W/YMR307W,3,Downregulated,2. Alpechin
GO:0009272,fungal-type cell wall biogenesis,3/27,49/5235,0.061224489795918366,11.870748299319727,5.504330181243396,0.0019250340198112305,0.029879875872722145,0.027752206692930784,YOL030W/YMR215W/YMR307W,3,Downregulated,2. Alpechin
GO:0032786,"positive regulation of DNA-templated transcription, elongation",3/27,52/5235,0.057692307692307696,11.185897435897436,5.314637158888369,0.002285464582528917,0.03263643423851294,0.030312477620909852,YGL043W/YLR455W/YKR048C,3,Downregulated,2. Alpechin
GO:0042546,cell wall biogenesis,3/27,52/5235,0.057692307692307696,11.185897435897436,5.314637158888369,0.002285464582528917,0.03263643423851294,0.030312477620909852,YOL030W/YMR215W/YMR307W,3,Downregulated,2. Alpechin
GO:0072741,protein localization to cell division site,2/27,15/5235,0.13333333333333333,25.85185185185185,6.9395672292951165,0.002581034148255921,0.03543958426643706,0.032916022538486446,YGL106W/YKR048C,2,Downregulated,2. Alpechin
GO:0032784,regulation of DNA-templated transcription elongation,3/27,55/5235,0.05454545454545454,10.575757575757574,5.139878595897374,0.0026852966772724267,0.03550558939949097,0.032977327615626294,YGL043W/YLR455W/YKR048C,3,Downregulated,2. Alpechin
GO:0006334,nucleosome assembly,2/27,16/5235,0.125,24.23611111111111,6.701824346613851,0.0029403902494213176,0.0374899756801218,0.034820410848410345,YBR009C/YKR048C,2,Downregulated,2. Alpechin
GO:0006457,protein folding,7/11,133/5235,0.05263157894736842,25.04784688995215,12.889717794762186,1.7703833777038076e-9,1.0417817501809201e-7,7.34523378975624e-8,YDR171W/YGR142W/YLL026W/YBL075C/YBR169C/YNL077W/YER103W,7,Upregulated,24. Asian islands
GO:0042026,protein refolding,5/11,30/5235,0.16666666666666666,79.31818181818181,19.738969439736785,1.965625943737585e-9,1.0417817501809201e-7,7.34523378975624e-8,YLL026W/YBL075C/YBR169C/YNL077W/YER103W,5,Upregulated,24. Asian islands
GO:0051604,protein maturation,7/11,229/5235,0.03056768558951965,14.547439460103215,9.61924873912365,7.956996853681202e-8,2.811472221634025e-6,1.982269391618826e-6,YDR171W/YGR142W/YLL026W/YBL075C/YBR169C/YNL077W/YER103W,7,Upregulated,24. Asian islands
GO:0051085,chaperone cofactor-dependent protein refolding,3/11,16/5235,0.1875,89.23295454545455,16.218428951872355,3.809261864404172e-6,1.0094543940671056e-4,7.117305062439375e-5,YLL026W/YBL075C/YER103W,3,Upregulated,24. Asian islands
GO:0051084,'de novo' post-translational protein folding,3/11,24/5235,0.125,59.48863636363637,13.177353540976387,1.3641799489366278e-5,2.892061491745651e-4,2.0390900289368543e-4,YLL026W/YBL075C/YER103W,3,Upregulated,24. Asian islands
GO:0061077,chaperone-mediated protein folding,3/11,31/5235,0.0967741935483871,46.05571847507331,11.544463103811907,3.005357736276038e-5,5.309465334087667e-4,3.74351577676489e-4,YLL026W/YBL075C/YER103W,3,Upregulated,24. Asian islands
GO:0006458,'de novo' protein folding,3/11,33/5235,0.09090909090909091,43.264462809917354,11.175289100428476,3.639502504425651e-5,5.511246649558843e-4,3.885784628785282e-4,YLL026W/YBL075C/YER103W,3,Upregulated,24. Asian islands
GO:0006616,"SRP-dependent cotranslational protein targeting to membrane, translocation",2/11,13/5235,0.15384615384615385,73.21678321678323,11.961978006166195,3.0921198284838324e-4,0.0040970587727410775,0.0028886908923993694,YBL075C/YER103W,2,Upregulated,24. Asian islands
GO:0006614,SRP-dependent cotranslational protein targeting to membrane,2/11,19/5235,0.10526315789473684,50.0956937799043,9.837008082208929,6.732377301338526e-4,0.007929244377132043,0.005590629104035502,YBL075C/YER103W,2,Upregulated,24. Asian islands
GO:0006613,cotranslational protein targeting to membrane,2/11,22/5235,0.09090909090909091,43.264462809917354,9.114953321155998,9.063368517014395e-4,0.00960717062803526,0.006773675417979179,YBL075C/YER103W,2,Upregulated,24. Asian islands
GO:0045047,protein targeting to ER,2/11,40/5235,0.05,23.795454545454547,6.640443622008565,0.002997812154729618,0.028888008036485408,0.020367910333569654,YBL075C/YER103W,2,Upregulated,24. Asian islands
GO:0072599,establishment of protein localization to endoplasmic reticulum,2/11,43/5235,0.046511627906976744,22.135306553911207,6.385384516990666,0.003458620975305891,0.029510099658993223,0.020806525082309027,YBL075C/YER103W,2,Upregulated,24. Asian islands
GO:0065002,intracellular protein transmembrane transport,2/11,44/5235,0.045454545454545456,21.632231404958677,6.30606788276957,0.003619163165725584,0.029510099658993223,0.020806525082309027,YBL075C/YER103W,2,Upregulated,24. Asian islands
GO:0070972,protein localization to endoplasmic reticulum,2/11,57/5235,0.03508771929824561,16.698564593301434,5.467993210728825,0.006015525690778583,0.04554612308732355,0.03211295669513379,YBL075C/YER103W,2,Upregulated,24. Asian islands
GO:0006612,protein targeting to membrane,2/11,61/5235,0.03278688524590164,15.603576751117735,5.2640809652638,0.0068659265553790505,0.04851921432467862,0.0342091779250465,YBL075C/YER103W,2,Upregulated,24. Asian islands
GO:0000460,maturation of 5.8S rRNA,9/101,90/5235,0.1,5.183168316831683,5.614143620855056,5.006145630397145e-5,0.00846366960326775,0.008030198679522389,YOL077C/YOL010W/YLR051C/YPR143W/YNL002C/YKL021C/YHR069C/YHR169W/YAL025C,9,Upregulated,25. Sake
GO:0000466,"maturation of 5.8S rRNA from tricistronic rRNA transcript (SSU-rRNA, 5.8S rRNA, LSU-rRNA)",9/101,90/5235,0.1,5.183168316831683,5.614143620855056,5.006145630397145e-5,0.00846366960326775,0.008030198679522389,YOL077C/YOL010W/YLR051C/YPR143W/YNL002C/YKL021C/YHR069C/YHR169W/YAL025C,9,Upregulated,25. Sake
GO:0042254,ribosome biogenesis,20/101,400/5235,0.05,2.5915841584158414,4.645270174393212,5.839652440009407e-5,0.00846366960326775,0.008030198679522389,YDR496C/YOL077C/YOL010W/YOR006C/YOR340C/YLL011W/YLR009W/YLR051C/YPL146C/YPR143W/YMR131C/YMR265C/YNL002C/YKL143W/YKL021C/YER002W/YHR066W/YHR069C/YHR169W/YAL025C,20,Upregulated,25. Sake
GO:0000463,"maturation of LSU-rRNA from tricistronic rRNA transcript (SSU-rRNA, 5.8S rRNA, LSU-rRNA)",7/101,53/5235,0.1320754716981132,6.845694003362601,5.99894558455239,6.013142828626569e-5,0.00846366960326775,0.008030198679522389,YOL077C/YPL146C/YPR143W/YNL002C/YKL021C/YHR066W/YAL025C,7,Upregulated,25. Sake
GO:0022613,ribonucleoprotein complex biogenesis,22/101,477/5235,0.04612159329140461,2.390559810698051,4.467723196446366,7.972688762271787e-5,0.00846366960326775,0.008030198679522389,YDR243C/YDR496C/YOL077C/YOL010W/YOR006C/YOR340C/YLL011W/YLR009W/YLR051C/YPL146C/YPR143W/YMR131C/YMR260C/YMR265C/YNL002C/YKL143W/YKL021C/YER002W/YHR066W/YHR069C/YHR169W/YAL025C,22,Upregulated,25. Sake
GO:0016072,rRNA metabolic process,18/101,344/5235,0.05232558139534884,2.7121229564816947,4.607495865326841,8.103088950738549e-5,0.00846366960326775,0.008030198679522389,YOL077C/YOL010W/YOR006C/YOR340C/YGL043W/YLL011W/YLR051C/YPL146C/YPR143W/YMR131C/YMR265C/YNL002C/YKL021C/YER002W/YHR066W/YHR069C/YHR169W/YAL025C,18,Upregulated,25. Sake
GO:0034308,primary alcohol metabolic process,5/101,25/5235,0.2,10.366336633663366,6.583707368419069,9.462897313563551e-5,0.00846366960326775,0.008030198679522389,YOL055C/YLR134W/YPL214C/YPL103C/YCR020C,5,Upregulated,25. Sake
GO:0006364,rRNA processing,16/101,287/5235,0.05574912891986063,2.889571187083865,4.617840994052193,1.0120980093593721e-4,0.00846366960326775,0.008030198679522389,YOL077C/YOL010W/YOR006C/YLL011W/YLR051C/YPL146C/YPR143W/YMR131C/YMR265C/YNL002C/YKL021C/YER002W/YHR066W/YHR069C/YHR169W/YAL025C,16,Upregulated,25. Sake
GO:0042273,ribosomal large subunit biogenesis,10/101,125/5235,0.08,4.146534653465347,4.993748766700288,1.2838933855979358e-4,0.009543607499611322,0.009054827035269655,YDR496C/YOL077C/YLR009W/YPL146C/YPR143W/YNL002C/YKL021C/YER002W/YHR066W/YAL025C,10,Upregulated,25. Sake
GO:0000470,maturation of LSU-rRNA,7/101,64/5235,0.109375,5.669090346534653,5.270897970013515,2.037428210442953e-4,0.013630394727863357,0.012932307483127375,YOL077C/YPL146C/YPR143W/YNL002C/YKL021C/YHR066W/YAL025C,7,Upregulated,25. Sake
GO:0006066,alcohol metabolic process,9/101,117/5235,0.07692307692307693,3.9870525514089876,4.582846037689512,3.80585112660556e-4,0.023146494579082907,0.021961035687494287,YDL168W/YOL055C/YLR134W/YPL214C/YPL103C/YMR134W/YMR208W/YHR046C/YCR020C,9,Upregulated,25. Sake
GO:0006790,sulfur compound metabolic process,9/101,125/5235,0.072,3.7318811881188116,4.335667588760049,6.202695002675838e-4,0.033215357993129024,0.031514217402024716,YOL055C/YGL202W/YGR154C/YGR155W/YPL214C/YMR208W/YNL239W/YIR038C/YCR020C,9,Upregulated,25. Sake
GO:0000967,rRNA 5'-end processing,5/101,37/5235,0.13513513513513514,7.004281509232005,5.140358209438066,6.461876820725498e-4,0.033215357993129024,0.031514217402024716,YOL077C/YOL010W/YLR051C/YNL002C/YHR169W,5,Upregulated,25. Sake
GO:0046165,alcohol biosynthetic process,7/101,78/5235,0.08974358974358974,4.651561309977152,4.556978151874251,6.950897038920873e-4,0.033215357993129024,0.031514217402024716,YDL168W/YOL055C/YLR134W/YPL214C/YMR134W/YMR208W/YHR046C,7,Upregulated,25. Sake
GO:0072527,pyrimidine-containing compound metabolic process,5/101,39/5235,0.1282051282051282,6.645087585681645,4.9627000945591275,8.278663781531619e-4,0.036922840465631025,0.03503181937027064,YOL055C/YGL224C/YPL214C/YEL021W/YCR020C,5,Upregulated,25. Sake
GO:0006772,thiamine metabolic process,3/101,11/5235,0.2727272727272727,14.135913591359135,6.1165235935407605,0.0010278374720131486,0.04297645429854977,0.040775394448942674,YOL055C/YPL214C/YCR020C,3,Upregulated,25. Sake
GO:0000041,transition metal ion transport,10/41,64/5235,0.15625,19.95045731707317,13.551277161319819,2.999439815695084e-11,1.0348067364148041e-8,8.935173345702198e-9,YDR270W/YOL158C/YOL122C/YGL255W/YLL051C/YLR130C/YPR124W/YMR058W/YMR243C/YER145C,10,Downregulated,26. Asian fermentation
GO:0030001,metal ion transport,10/41,100/5235,0.1,12.768292682926829,10.55604059879423,2.8162304210591813e-9,4.857997476327087e-7,4.1947011008407804e-7,YDR270W/YOL158C/YOL122C/YGL255W/YLL051C/YLR130C/YPR124W/YMR058W/YMR243C/YER145C,10,Downregulated,26. Asian fermentation
GO:0006812,monoatomic cation transport,10/41,176/5235,0.056818181818181816,7.254711751662971,7.498754043051067,6.489117034516065e-7,7.122972958351095e-5,6.150423637569366e-5,YDR270W/YOL158C/YOL122C/YGL255W/YLL051C/YLR130C/YPR124W/YMR058W/YMR243C/YER145C,10,Downregulated,26. Asian fermentation
GO:0098662,inorganic cation transmembrane transport,9/41,140/5235,0.06428571428571428,8.208188153310104,7.68025877019567,9.153833895589335e-7,7.122972958351095e-5,6.150423637569366e-5,YDR270W/YOL158C/YOL122C/YGL255W/YLR130C/YPR124W/YMR058W/YMR243C/YER145C,9,Downregulated,26. Asian fermentation
GO:0098655,monoatomic cation transmembrane transport,9/41,142/5235,0.06338028169014084,8.092579869460666,7.612361148208093,1.0323149215001586e-6,7.122972958351095e-5,6.150423637569366e-5,YDR270W/YOL158C/YOL122C/YGL255W/YLR130C/YPR124W/YMR058W/YMR243C/YER145C,9,Downregulated,26. Asian fermentation
GO:0006811,monoatomic ion transport,10/41,192/5235,0.052083333333333336,6.6501524390243905,7.086374664232614,1.4495653175497652e-6,8.0792045197617e-5,6.976094215385389e-5,YDR270W/YOL158C/YOL122C/YGL255W/YLL051C/YLR130C/YPR124W/YMR058W/YMR243C/YER145C,10,Downregulated,26. Asian fermentation
GO:0034220,monoatomic ion transmembrane transport,9/41,150/5235,0.06,7.660975609756097,7.353528994979511,1.6392588880675914e-6,8.0792045197617e-5,6.976094215385389e-5,YDR270W/YOL158C/YOL122C/YGL255W/YLR130C/YPR124W/YMR058W/YMR243C/YER145C,9,Downregulated,26. Asian fermentation
GO:0098660,inorganic ion transmembrane transport,9/41,159/5235,0.05660377358490566,7.227335480901979,7.084314502595035,2.6703391574608123e-6,1.1515837616549753e-4,9.943499757386971e-5,YDR270W/YOL158C/YOL122C/YGL255W/YLR130C/YPR124W/YMR058W/YMR243C/YER145C,9,Downregulated,26. Asian fermentation
GO:0006825,copper ion transport,4/41,15/5235,0.26666666666666666,34.048780487804876,11.387375226958218,4.15487033521478e-6,1.5927002951656658e-4,1.375237783468752e-4,YDR270W/YOL122C/YLL051C/YPR124W,4,Downregulated,26. Asian fermentation
GO:0034755,iron ion transmembrane transport,4/41,16/5235,0.25,31.920731707317074,11.004591359763188,5.508507238192004e-6,1.9004349971762414e-4,1.640955314114039e-4,YOL158C/YOL122C/YMR058W/YER145C,4,Downregulated,26. Asian fermentation
GO:0006826,iron ion transport,5/41,39/5235,0.1282051282051282,16.36960600375234,8.558906494885683,1.0850292556302502e-5,3.403046301749421e-4,2.938404587017807e-4,YOL158C/YOL122C/YLL051C/YMR058W/YER145C,5,Downregulated,26. Asian fermentation
GO:0098771,inorganic ion homeostasis,7/41,105/5235,0.06666666666666667,8.512195121951219,6.908132225684167,1.3708923029947839e-5,3.9413153711100035e-4,3.4031800153291566e-4,YDR270W/YOL158C/YOL122C/YLL051C/YLR205C/YMR058W/YMR243C,7,Downregulated,26. Asian fermentation
GO:0006879,intracellular iron ion homeostasis,5/41,49/5235,0.10204081632653061,13.028870084619212,7.515613417063639,3.392729886005558e-5,9.003783159014751e-4,7.774433665907473e-4,YDR270W/YOL158C/YLL051C/YLR205C/YMR058W,5,Downregulated,26. Asian fermentation
GO:0006829,zinc ion transport,3/41,10/5235,0.3,38.30487804878049,10.490116034148846,5.152215232851163e-5,0.0012578994420549157,0.0010861496326515366,YGL255W/YLR130C/YMR243C,3,Downregulated,26. Asian fermentation
GO:0055085,transmembrane transport,12/41,419/5235,0.028639618138424822,3.656790267186681,5.03708012018345,5.469128008934416e-5,0.0012578994420549157,0.0010861496326515366,YDR270W/YOL158C/YOL122C/YGL255W/YGL077C/YLR130C/YPR124W/YMR058W/YMR243C/YER145C/YHL035C/YHR162W,12,Downregulated,26. Asian fermentation
GO:0030003,intracellular monoatomic cation homeostasis,7/41,144/5235,0.04861111111111111,6.206808943089431,5.628713639386252,1.0571663272585628e-4,0.002279514893151276,0.001968276780356403,YDR270W/YOL158C/YOL122C/YLL051C/YLR205C/YMR058W/YMR243C,7,Downregulated,26. Asian fermentation
GO:0055080,monoatomic cation homeostasis,7/41,148/5235,0.0472972972972973,6.03905735003296,5.524679706908892,1.2565847442363412e-4,0.002550127863303163,0.0022019410688475824,YDR270W/YOL158C/YOL122C/YLL051C/YLR205C/YMR058W/YMR243C,7,Downregulated,26. Asian fermentation
GO:0006873,intracellular monoatomic ion homeostasis,7/41,156/5235,0.04487179487179487,5.729362101313321,5.327624095578541,1.7476613560776756e-4,0.003349684265815545,0.002892328443099311,YDR270W/YOL158C/YOL122C/YLL051C/YLR205C/YMR058W/YMR243C,7,Downregulated,26. Asian fermentation
GO:0050801,monoatomic ion homeostasis,7/41,161/5235,0.043478260869565216,5.551431601272534,5.211269605294743,2.1267225065477364e-4,0.0038616803408366793,0.0033344181127590547,YDR270W/YOL158C/YOL122C/YLL051C/YLR205C/YMR058W/YMR243C,7,Downregulated,26. Asian fermentation
GO:0010038,response to metal ion,3/41,22/5235,0.13636363636363635,17.41130820399113,6.852806901135289,6.193621678758744e-4,0.010683997395858832,0.009225236500466971,YMR058W/YMR243C/YHL035C,3,Downregulated,26. Asian fermentation
GO:0044283,small molecule biosynthetic process,9/41,327/5235,0.027522935779816515,3.5142089953009625,4.171389945809183,7.640045050046426e-4,0.012078184575736785,0.0104290655528101,YDR127W/YOR108W/YPR145W/YER044C/YER055C/YHR042W/YCL030C/YCR012W/YFL059W,9,Downregulated,26. Asian fermentation
GO:0055082,intracellular chemical homeostasis,7/41,199/5235,0.035175879396984924,4.491359235200392,4.461039094080488,7.72158052620481e-4,0.012078184575736785,0.0104290655528101,YDR270W/YOL158C/YOL122C/YLL051C/YLR205C/YMR058W/YMR243C,7,Downregulated,26. Asian fermentation
GO:0009073,aromatic amino acid family biosynthetic process,3/41,24/5235,0.125,15.960365853658537,6.525970607222246,8.05212305049119e-4,0.012078184575736785,0.0104290655528101,YDR127W/YER055C/YCL030C,3,Downregulated,26. Asian fermentation
GO:0048878,chemical homeostasis,7/41,230/5235,0.030434782608695653,3.8860021208907742,3.9766405606191686,0.00180412521935343,0.025934300028205556,0.022393308643728977,YDR270W/YOL158C/YOL122C/YLL051C/YLR205C/YMR058W/YMR243C,7,Downregulated,26. Asian fermentation
GO:0019725,cellular homeostasis,7/41,233/5235,0.030042918454935622,3.8359677588192187,3.934279599110229,0.001943756853840126,0.02682384458299374,0.023161397458389712,YDR270W/YOL158C/YOL122C/YLL051C/YLR205C/YMR058W/YMR243C,7,Downregulated,26. Asian fermentation
GO:0008652,amino acid biosynthetic process,5/41,123/5235,0.04065040650406504,5.190362879238549,4.177982166313928,0.002512745859583696,0.0333422046752452,0.0287897602535298,YDR127W/YOR108W/YPR145W/YER055C/YCL030C,5,Downregulated,26. Asian fermentation
GO:0009072,aromatic amino acid metabolic process,3/41,36/5235,0.08333333333333333,10.640243902439025,5.1562881414712995,0.002661334083824017,0.034005935515529113,0.02936286727961781,YDR127W/YER055C/YCL030C,3,Downregulated,26. Asian fermentation
GO:0098609,cell-cell adhesion,2/41,11/5235,0.18181818181818182,23.215077605321508,6.552400096419548,0.0031479328990870314,0.03878703036375092,0.033491165806076306,YIR019C/YAR050W,2,Downregulated,26. Asian fermentation
GO:0042592,homeostatic process,7/41,263/5235,0.026615969581749048,3.398404896596494,3.545623615201342,0.003854036051327836,0.045849739231313906,0.03958955363069973,YDR270W/YOL158C/YOL122C/YLL051C/YLR205C/YMR058W/YMR243C,7,Downregulated,26. Asian fermentation
GO:0002181,cytoplasmic translation,11/25,166/5235,0.06626506024096386,13.875903614457831,11.677197275102147,7.113657341222659e-11,9.532300837238363e-9,7.113657341222659e-9,YDL191W/YDL133C-A/YDL061C/YDR447C/YOL127W/YGL076C/YGR034W/YNL244C/YHR141C/YHR203C/YFR032C-A,11,Upregulated,3. Brazilian bioethanol
GO:0006412,translation,12/25,451/5235,0.026607538802660754,5.571618625277162,7.034458643353588,2.664063815569426e-7,1.7849227564315154e-5,1.3320319077847131e-5,YDL191W/YDL133C-A/YDL061C/YDR447C/YOL127W/YOL121C/YGL076C/YGR034W/YNL244C/YHR141C/YHR203C/YFR032C-A,12,Upregulated,3. Brazilian bioethanol
GO:0007035,vacuolar acidification,3/25,27/5235,0.1111111111111111,23.266666666666666,8.034698856642933,2.6097790460912114e-4,0.008742759804405559,0.006524447615228029,YPL234C/YEL027W/YHR026W,3,Upregulated,3. Brazilian bioethanol
GO:0051452,intracellular pH reduction,3/25,27/5235,0.1111111111111111,23.266666666666666,8.034698856642933,2.6097790460912114e-4,0.008742759804405559,0.006524447615228029,YPL234C/YEL027W/YHR026W,3,Upregulated,3. Brazilian bioethanol
GO:0030641,regulation of cellular pH,3/25,33/5235,0.09090909090909091,19.03636363636364,7.199275287101651,4.7767768643292615e-4,0.009997460677157162,0.0074607915501172855,YPL234C/YEL027W/YHR026W,3,Upregulated,3. Brazilian bioethanol
GO:0051453,regulation of intracellular pH,3/25,33/5235,0.09090909090909091,19.03636363636364,7.199275287101651,4.7767768643292615e-4,0.009997460677157162,0.0074607915501172855,YPL234C/YEL027W/YHR026W,3,Upregulated,3. Brazilian bioethanol
GO:0006885,regulation of pH,3/25,34/5235,0.08823529411764706,18.476470588235294,7.08137777979634,5.222554085082099e-4,0.009997460677157162,0.0074607915501172855,YPL234C/YEL027W/YHR026W,3,Upregulated,3. Brazilian bioethanol
GO:0022613,ribonucleoprotein complex biogenesis,8/25,477/5235,0.016771488469601678,3.5119496855345913,3.9858955027556866,0.0011995206445343002,0.02009197079594953,0.014994008056678753,YDL191W/YDR447C/YOL127W/YOL121C/YGL076C/YGR034W/YNL244C/YHR143W-A,8,Upregulated,3. Brazilian bioethanol
GO:0042254,ribosome biogenesis,7/25,400/5235,0.0175,3.6645000000000003,3.840745079778873,0.0020683813748275867,0.03079590046965518,0.022982015275862074,YDL191W/YDR447C/YOL127W/YOL121C/YGL076C/YGR034W/YHR143W-A,7,Upregulated,3. Brazilian bioethanol
GO:0042273,ribosomal large subunit biogenesis,4/25,125/5235,0.032,6.7008,4.4683621385697965,0.002656360809349281,0.034099509490086874,0.02544739514185588,YDL191W/YOL127W/YGL076C/YGR034W,4,Upregulated,3. Brazilian bioethanol
GO:0000032,cell wall mannoprotein biosynthetic process,2/25,19/5235,0.10526315789473684,22.042105263157893,6.364513320638274,0.003562635319859823,0.034099509490086874,0.02544739514185588,YOR099W/YPL050C,2,Upregulated,3. Brazilian bioethanol
GO:0006056,mannoprotein metabolic process,2/25,19/5235,0.10526315789473684,22.042105263157893,6.364513320638274,0.003562635319859823,0.034099509490086874,0.02544739514185588,YOR099W/YPL050C,2,Upregulated,3. Brazilian bioethanol
GO:0006057,mannoprotein biosynthetic process,2/25,19/5235,0.10526315789473684,22.042105263157893,6.364513320638274,0.003562635319859823,0.034099509490086874,0.02544739514185588,YOR099W/YPL050C,2,Upregulated,3. Brazilian bioethanol
GO:0031506,cell wall glycoprotein biosynthetic process,2/25,19/5235,0.10526315789473684,22.042105263157893,6.364513320638274,0.003562635319859823,0.034099509490086874,0.02544739514185588,YOR099W/YPL050C,2,Upregulated,3. Brazilian bioethanol
GO:0006188,IMP biosynthetic process,2/13,12/5235,0.16666666666666666,67.11538461538461,11.439399847395105,3.705345503933287e-4,0.04569691016439794,0.03705465895979889,YOR128C/YAR015W,2,Downregulated,3. Brazilian bioethanol
GO:0046040,IMP metabolic process,2/13,13/5235,0.15384615384615385,61.952662721893496,10.977818003618577,4.37291006357875e-4,0.04569691016439794,0.03705465895979889,YOR128C/YAR015W,2,Downregulated,3. Brazilian bioethanol
GO:0002181,cytoplasmic translation,20/39,166/5235,0.12048192771084337,16.172381835032436,17.209222659573307,1.3707414530160356e-20,3.1664127564670423e-18,2.424048043228358e-18,YDR418W/YDR471W/YOR096W/YOR293W/YGR034W/YLL045C/YPL237W/YPL079W/YPR102C/YML024W/YBR084C-A/YNL178W/YNL096C/YJL191W/YJL190C/YJL177W/YKL056C/YEL054C/YHR010W/YIL018W,20,Downregulated,5. French dairy
GO:0006412,translation,25/39,451/5235,0.05543237250554324,7.440730001705611,12.39488125842516,6.203563771141231e-18,7.165116155668122e-16,5.485256387114353e-16,YDR418W/YDR471W/YOL121C/YOR096W/YOR293W/YGR034W/YLL045C/YPL237W/YPL079W/YPR102C/YML024W/YBL072C/YBR048W/YBR084C-A/YNL302C/YNL178W/YNL096C/YJL191W/YJL190C/YJL177W/YKL056C/YEL054C/YHR010W/YIL018W/YAL003W,25,Downregulated,5. French dairy
GO:0042254,ribosome biogenesis,16/39,400/5235,0.04,5.36923076923077,7.876827439421628,7.3902396864984626e-09,5.690484558603816e-7,4.3563518151990945e-7,YDR418W/YOL121C/YOR096W/YOR293W/YGR034W/YLL045C/YPR102C/YML024W/YBL072C/YBR048W/YNL302C/YNL178W/YNL096C/YJL191W/YJL177W/YEL054C,16,Downregulated,5. French dairy
GO:0022613,ribonucleoprotein complex biogenesis,17/39,477/5235,0.03563941299790356,4.78390582164167,7.50934194449528,1.1953919920491007e-8,6.903388754083557e-7,5.284890912217078e-7,YDR418W/YOL121C/YOR096W/YOR293W/YGR034W/YLL045C/YPL237W/YPR102C/YML024W/YBL072C/YBR048W/YNL302C/YNL178W/YNL096C/YJL191W/YJL177W/YEL054C,17,Downregulated,5. French dairy
GO:0042255,ribosome assembly,8/39,82/5235,0.0975609756097561,13.095684803001877,9.563611104405428,1.0641166631492044e-7,4.916218983749325e-6,3.7636126191382387e-6,YDR418W/YOL121C/YPR102C/YML024W/YBR048W/YNL302C/YJL191W/YEL054C,8,Downregulated,5. French dairy
GO:0000028,ribosomal small subunit assembly,5/39,25/5235,0.2,26.846153846153847,11.221777648910237,8.39112735260088e-7,3.230584030751339e-5,2.473174377608681e-5,YOL121C/YML024W/YBR048W/YNL302C/YJL191W,5,Downregulated,5. French dairy
GO:0022618,protein-RNA complex assembly,9/39,165/5235,0.05454545454545454,7.321678321678321,7.148007128041959,2.3207682743676836e-6,7.658535305413356e-5,5.862993535244675e-5,YDR418W/YOL121C/YPL237W/YPR102C/YML024W/YBR048W/YNL302C/YJL191W/YEL054C,9,Downregulated,5. French dairy
GO:0071826,protein-RNA complex organization,9/39,172/5235,0.05232558139534884,7.023703041144902,6.958864896484537,3.280792766181982e-6,9.473289112350473e-5,7.252278746297014e-5,YDR418W/YOL121C/YPL237W/YPR102C/YML024W/YBR048W/YNL302C/YJL191W/YEL054C,9,Downregulated,5. French dairy
GO:0042274,ribosomal small subunit biogenesis,8/39,140/5235,0.05714285714285714,7.67032967032967,6.930328389515075,6.539434942518329e-6,1.6784549685797045e-4,1.2849416027404438e-4,YOL121C/YOR096W/YML024W/YBL072C/YBR048W/YNL302C/YNL096C/YJL191W,8,Downregulated,5. French dairy
GO:0009152,purine ribonucleotide biosynthetic process,5/39,43/5235,0.11627906976744186,15.608228980322002,8.332571425613766,1.3786528152108156e-5,3.184688003136984e-4,2.4380386626886007e-4,YDR399W/YPR020W/YMR217W/YNL220W/YKL016C,5,Downregulated,5. French dairy
GO:0140694,membraneless organelle assembly,8/39,168/5235,0.047619047619047616,6.391941391941391,6.153737167548579,2.504588607192435e-5,5.259636075104114e-4,4.026515655582097e-4,YDR418W/YOL121C/YPR102C/YML024W/YBR048W/YNL302C/YJL191W/YEL054C,8,Downregulated,5. French dairy
GO:0009260,ribonucleotide biosynthetic process,5/39,57/5235,0.08771929824561403,11.774628879892036,7.085545913399305,5.557658368102349e-5,0.001069849235859702,8.190233384571884e-4,YDR399W/YPR020W/YMR217W/YNL220W/YKL016C,5,Downregulated,5. French dairy
GO:0046390,ribose phosphate biosynthetic process,5/39,63/5235,0.07936507936507936,10.653235653235653,6.6777247882396225,9.030379897457342e-5,0.0016046290433174202,0.0012284241479941975,YDR399W/YPR020W/YMR217W/YNL220W/YKL016C,5,Downregulated,5. French dairy
GO:0006164,purine nucleotide biosynthetic process,5/39,65/5235,0.07692307692307693,10.32544378698225,6.553835051851354,1.0497298802661537e-4,0.0017320543024391536,0.0013259745855993522,YDR399W/YPR020W/YMR217W/YNL220W/YKL016C,5,Downregulated,5. French dairy
GO:0070925,organelle assembly,8/39,212/5235,0.03773584905660377,5.065312046444122,5.2347364301414645,1.3168958560041616e-4,0.0020280196182464088,0.0015525509039206959,YDR418W/YOL121C/YPR102C/YML024W/YBR048W/YNL302C/YJL191W/YEL054C,8,Downregulated,5. French dairy
GO:0009150,purine ribonucleotide metabolic process,5/39,73/5235,0.0684931506849315,9.193888303477344,6.107409790021481,1.8277198476979525e-4,0.002638770530113919,0.0020201114106135265,YDR399W/YPR020W/YMR217W/YNL220W/YKL016C,5,Downregulated,5. French dairy
GO:0042273,ribosomal large subunit biogenesis,6/39,125/5235,0.048,6.443076923076923,5.335850092434383,2.810402206425097e-4,0.0038188406452011616,0.00292351436953199,YDR418W/YGR034W/YLL045C/YPR102C/YJL177W/YEL054C,6,Downregulated,5. French dairy
GO:0072522,purine-containing compound biosynthetic process,5/39,87/5235,0.05747126436781609,7.714412024756852,5.470952404027128,4.1669487183945957e-4,0.005342228161697968,0.004089744047232894,YDR399W/YPR020W/YMR217W/YNL220W/YKL016C,5,Downregulated,5. French dairy
GO:0009259,ribonucleotide metabolic process,5/39,88/5235,0.056818181818181816,7.626748251748252,5.430993907459837,4.3940404793186747e-4,0.005342228161697968,0.004089744047232894,YDR399W/YPR020W/YMR217W/YNL220W/YKL016C,5,Downregulated,5. French dairy
GO:0009127,purine nucleoside monophosphate biosynthetic process,3/39,22/5235,0.13636363636363635,18.304195804195803,7.0458515720966375,5.338905525532773e-4,0.00587279607808605,0.004495920442553915,YDR399W/YMR217W/YNL220W,3,Downregulated,5. French dairy
GO:0009168,purine ribonucleoside monophosphate biosynthetic process,3/39,22/5235,0.13636363636363635,18.304195804195803,7.0458515720966375,5.338905525532773e-4,0.00587279607808605,0.004495920442553915,YDR399W/YMR217W/YNL220W,3,Downregulated,5. French dairy
GO:0019693,ribose phosphate metabolic process,5/39,95/5235,0.05263157894736842,7.0647773279352215,5.167847563091626,6.256324767028665e-4,0.006569141005380098,0.005029007468233569,YDR399W/YPR020W/YMR217W/YNL220W/YKL016C,5,Downregulated,5. French dairy
GO:0009165,nucleotide biosynthetic process,5/39,97/5235,0.05154639175257732,6.919111816019033,5.0975319065104445,6.883610305808962e-4,0.006913539046269001,0.005292661470827944,YDR399W/YPR020W/YMR217W/YNL220W/YKL016C,5,Downregulated,5. French dairy
GO:0009126,purine nucleoside monophosphate metabolic process,3/39,25/5235,0.12,16.107692307692307,6.55939622097015,7.851366485871951e-4,0.007254662632945683,0.005553808714216792,YDR399W/YMR217W/YNL220W,3,Downregulated,5. French dairy
GO:0009167,purine ribonucleoside monophosphate metabolic process,3/39,25/5235,0.12,16.107692307692307,6.55939622097015,7.851366485871951e-4,0.007254662632945683,0.005553808714216792,YDR399W/YMR217W/YNL220W,3,Downregulated,5. French dairy
GO:0000054,ribosomal subunit export from nucleus,4/39,69/5235,0.057971014492753624,7.781493868450391,4.912327457617595,0.00160619524897627,0.014270427019750708,0.010924728818947911,YOL121C/YOR293W/YNL302C/YNL178W,4,Downregulated,5. French dairy
GO:0033750,ribosome localization,4/39,70/5235,0.05714285714285714,7.67032967032967,4.867161390710689,0.001694468124271426,0.0144971161743222,0.011098270755461973,YOL121C/YOR293W/YNL302C/YNL178W,4,Downregulated,5. French dairy
GO:1901293,nucleoside phosphate biosynthetic process,5/39,125/5235,0.04,5.36923076923077,4.283158355713297,0.0021518175810604236,0.017752495043748494,0.013590426827750045,YDR399W/YPR020W/YMR217W/YNL220W/YKL016C,5,Downregulated,5. French dairy
GO:1990145,maintenance of translational fidelity,2/39,10/5235,0.2,26.846153846153847,7.08708055462141,0.002343800104891536,0.018669580145860166,0.014292501547069986,YNL178W/YAL003W,2,Downregulated,5. French dairy
GO:0006163,purine nucleotide metabolic process,5/39,130/5235,0.038461538461538464,5.162721893491125,4.163569241998365,0.0025559756685920518,0.0188541252090719,0.014433780064361267,YDR399W/YPR020W/YMR217W/YNL220W/YKL016C,5,Downregulated,5. French dairy
GO:0051168,nuclear export,5/39,131/5235,0.03816793893129771,5.1233118027011155,4.140388404168202,0.002643022423836465,0.0188541252090719,0.014433780064361267,YDL084W/YOL121C/YOR293W/YNL302C/YNL178W,5,Downregulated,5. French dairy
GO:1902600,proton transmembrane transport,4/39,79/5235,0.05063291139240506,6.79649464459591,4.497147393186211,0.0026464702156969696,0.0188541252090719,0.014433780064361267,YDR345C/YPR020W/YBR187W/YKL016C,4,Downregulated,5. French dairy
GO:0009156,ribonucleoside monophosphate biosynthetic process,3/39,38/5235,0.07894736842105263,10.597165991902834,5.143669286680536,0.0026934464584388433,0.0188541252090719,0.014433780064361267,YDR399W/YMR217W/YNL220W,3,Downregulated,5. French dairy
GO:0016072,rRNA metabolic process,8/39,344/5235,0.023255813953488372,3.1216457960644006,3.5266946782877726,0.003258036006405548,0.02150537887765091,0.016463447944613137,YOR096W/YLL045C/YBL072C/YBR048W/YNL178W/YNL096C/YJL191W/YJL177W,8,Downregulated,5. French dairy
GO:0009124,nucleoside monophosphate biosynthetic process,3/39,41/5235,0.07317073170731707,9.821763602251407,4.9125950120791595,0.003351487617296245,0.02150537887765091,0.016463447944613137,YDR399W/YMR217W/YNL220W,3,Downregulated,5. French dairy
GO:0009161,ribonucleoside monophosphate metabolic process,3/39,41/5235,0.07317073170731707,9.821763602251407,4.9125950120791595,0.003351487617296245,0.02150537887765091,0.016463447944613137,YDR399W/YMR217W/YNL220W,3,Downregulated,5. French dairy
GO:0046040,IMP metabolic process,2/39,13/5235,0.15384615384615385,20.6508875739645,6.1453978601598935,0.004005639938169843,0.025008184478844155,0.0191450216105984,YDR399W/YNL220W,2,Downregulated,5. French dairy
GO:0000027,ribosomal large subunit assembly,3/39,46/5235,0.06521739130434782,8.75418060200669,4.576016522312216,0.0046516784145901975,0.027686640457839275,0.021195514226097053,YDR418W/YPR102C/YEL054C,3,Downregulated,5. French dairy
GO:0006364,rRNA processing,7/39,287/5235,0.024390243902439025,3.273921200750469,3.4325439384837564,0.004674367869505332,0.027686640457839275,0.021195514226097053,YOR096W/YLL045C/YBL072C/YBR048W/YNL096C/YJL191W/YJL177W,7,Downregulated,5. French dairy
GO:0009123,nucleoside monophosphate metabolic process,3/39,51/5235,0.058823529411764705,7.895927601809954,4.287063105849243,0.0062200343326320046,0.035920698270949826,0.027499099154794128,YDR399W/YMR217W/YNL220W,3,Downregulated,5. French dairy
GO:0006754,ATP biosynthetic process,2/39,17/5235,0.11764705882352941,15.791855203619908,5.291876030256447,0.0068541733452548844,0.03769795339890186,0.028859677243178464,YPR020W/YKL016C,2,Downregulated,5. French dairy
GO:0015986,proton motive force-driven ATP synthesis,2/39,17/5235,0.11764705882352941,15.791855203619908,5.291876030256447,0.0068541733452548844,0.03769795339890186,0.028859677243178464,YPR020W/YKL016C,2,Downregulated,5. French dairy
GO:0009117,nucleotide metabolic process,5/39,175/5235,0.02857142857142857,3.835164835164835,3.3047352359401465,0.009032827208126964,0.04817581067215374,0.036881003385380855,YDR399W/YPR020W/YMR217W/YNL220W/YKL016C,5,Downregulated,5. French dairy
GO:0031503,protein-containing complex localization,4/39,112/5235,0.03571428571428571,4.793956043956044,3.5160392927226978,0.009176344889934046,0.04817581067215374,0.036881003385380855,YOL121C/YOR293W/YNL302C/YNL178W,4,Downregulated,5. French dairy
GO:0072521,purine-containing compound metabolic process,5/39,180/5235,0.027777777777777776,3.7286324786324783,3.227270054654191,0.010137557071451291,0.04896721888362196,0.03748686613100246,YDR399W/YPR020W/YMR217W/YNL220W/YKL016C,5,Downregulated,5. French dairy
GO:0006913,nucleocytoplasmic transport,5/39,181/5235,0.027624309392265192,3.70803229919252,3.2121077117019583,0.010369235578523846,0.04896721888362196,0.03748686613100246,YDL084W/YOL121C/YOR293W/YNL302C/YNL178W,5,Downregulated,5. French dairy
GO:0051169,nuclear transport,5/39,181/5235,0.027624309392265192,3.70803229919252,3.2121077117019583,0.010369235578523846,0.04896721888362196,0.03748686613100246,YDL084W/YOL121C/YOR293W/YNL302C/YNL178W,5,Downregulated,5. French dairy
GO:0009145,purine nucleoside triphosphate biosynthetic process,2/39,21/5235,0.09523809523809523,12.783882783882783,4.687347368518512,0.010386985823798597,0.04896721888362196,0.03748686613100246,YPR020W/YKL016C,2,Downregulated,5. French dairy
GO:0009206,purine ribonucleoside triphosphate biosynthetic process,2/39,21/5235,0.09523809523809523,12.783882783882783,4.687347368518512,0.010386985823798597,0.04896721888362196,0.03748686613100246,YPR020W/YKL016C,2,Downregulated,5. French dairy
GO:0098754,detoxification,2/5,47/5235,0.0425531914893617,44.5531914893617,9.27299331883016,7.75566251398137e-4,0.017918574179450326,0.008622471785600157,YDR406W/YKL086W,2,Upregulated,7. Mosaic beer
GO:0009636,response to toxic substance,2/5,54/5235,0.037037037037037035,38.77777777777778,8.627351810081326,0.0010239185245400186,0.017918574179450326,0.008622471785600157,YDR406W/YKL086W,2,Upregulated,7. Mosaic beer
GO:0034599,cellular response to oxidative stress,2/5,102/5235,0.0196078431372549,20.52941176470588,6.158211961715694,0.003618186595807761,0.034896822962103585,0.01679245616221526,YDL124W/YKL086W,2,Upregulated,7. Mosaic beer
GO:0006979,response to oxidative stress,2/5,113/5235,0.017699115044247787,18.530973451327434,5.824739184145066,0.004426101079645511,0.034896822962103585,0.01679245616221526,YDL124W/YKL086W,2,Upregulated,7. Mosaic beer
GO:0042221,response to chemical,3/5,434/5235,0.0069124423963133645,7.2373271889400925,4.194967059361968,0.004985260423157655,0.034896822962103585,0.01679245616221526,YDL124W/YDR406W/YKL086W,3,Upregulated,7. Mosaic beer
GO:0062197,cellular response to chemical stress,2/5,147/5235,0.013605442176870748,14.244897959183671,5.035988732080264,0.007407667290889701,0.04321139253018992,0.020793452044602673,YDL124W/YKL086W,2,Upregulated,7. Mosaic beer
GO:0009313,oligosaccharide catabolic process,1/5,10/5235,0.1,104.7,10.1481441108591,0.009518301830169329,0.047591509150846645,0.022901177335745756,YGR287C,1,Upregulated,7. Mosaic beer
GO:0000747,conjugation with cellular fusion,40/810,101/5235,0.39603960396039606,2.5595892922625594,6.7708895676977185,2.7089865665954255e-9,4.114950594658451e-6,3.3762527314199826e-6,YDL165W/YDR085C/YDR103W/YDR264C/YDR461W/YOL117W/YOR127W/YOR208W/YOR212W/YGL162W/YGR279C/YLL043W/YLR229C/YLR238W/YLR452C/YPL179W/YPR075C/YPR122W/YMR029C/YMR065W/YMR198W/YMR232W/YBR081C/YBR200W/YNL053W/YNR044W/YJL034W/YJL019W/YJR117W/YKL116C/YER075C/YHR005C/YHR084W/YIL015W/YCL055W/YCL014W/YCR009C/YCR089W/YFL026W/YFR022W,40,Upregulated,8. Mixed origin
GO:0016192,vesicle-mediated transport,112/810,439/5235,0.255125284738041,1.648865266177339,6.076450031748304,8.085928438200785e-9,6.1412626488134955e-6,5.038810142541962e-6,YDL231C/YDL161W/YDL137W/YDL126C/YDL099W/YDL091C/YDL072C/YDR003W/YDR093W/YDR100W/YDR126W/YDR137W/YDR264C/YDR388W/YDR517W/YOL129W/YOL062C/YOL018C/YOR008C/YOR036W/YOR070C/YOR109W/YOR164C/YOR223W/YOR256C/YOR311C/YOR326W/YGL223C/YGL210W/YGL198W/YGL161C/YGL020C/YGR009C/YGR284C/YLR229C/YLR268W/YLR337C/YLR360W/YLR380W/YLR417W/YPL232W/YPL204W/YPL176C/YPL085W/YPL051W/YPL010W/YPR095C/YPR165W/YPR176C/YML052W/YML001W/YMR004W/YMR071C/YMR162C/YMR171C/YMR231W/YMR237W/YMR275C/YBL101C/YBL078C/YBL047C/YBL040C/YBL017C/YBR080C/YBR214W/YBR264C/YNL265C/YNL263C/YNL106C/YNL047C/YNL041C/YJL204C/YJR005W/YJR031C/YJR033C/YKL196C/YKL135C/YKL126W/YKL065C/YKR019C/YKR020W/YKR044W/YKR088C/YER008C/YER083C/YER122C/YER125W/YER143W/YHL002W/YHR108W/YHR142W/YHR161C/YIL118W/YIL105C/YIL048W/YIR006C/YCL008C/YCR009C/YCR028C/YCR030C/YCR032W/YCR067C/YCR094W/YFL048C/YFL039C/YFL027C/YFR022W/YAL042W/YAL029C/YAL026C/YAL014C/YAR014C,112,Upregulated,8. Mixed origin
GO:0009067,aspartate family amino acid biosynthetic process,24/810,48/5235,0.5,3.2314814814814814,6.644441970595893,2.0118739200270802e-8,9.933493849288667e-6,8.150276648458322e-6,YDL182W/YDL131W/YDR034C/YDR158W/YDR234W/YOL064C/YGL154C/YGL125W/YGR204W/YLR303W/YPR167C/YBR115C/YNL277W/YNR050C/YJL200C/YJR139C/YKL001C/YKR069W/YER091C/YHR208W/YIL094C/YIR017C/YIR034C/YCR053W,24,Upregulated,8. Mixed origin
GO:0170034,L-amino acid biosynthetic process,39/810,104/5235,0.375,2.423611111111111,6.27349797806236,2.61579824866061e-8,9.933493849288667e-6,8.150276648458322e-6,YDL182W/YDL131W/YDR034C/YDR158W/YDR234W/YOL064C/YOR375C/YGL154C/YGL125W/YGL026C/YGL009C/YGR204W/YLR303W/YPR167C/YMR062C/YMR108W/YBR115C/YBR248C/YNL277W/YNL104C/YNR050C/YJL200C/YJL071W/YJR016C/YJR139C/YKL001C/YKR069W/YER023W/YER090W/YER091C/YHR018C/YHR208W/YIL094C/YIL074C/YIR017C/YIR034C/YCL018W/YCR053W/YFR025C,39,Upregulated,8. Mixed origin
GO:1901607,alpha-amino acid biosynthetic process,41/810,115/5235,0.3565217391304348,2.3041867954911432,6.050015252679289,6.0970259673769e-8,1.8522764888891025e-5,1.519763946394579e-5,YDL182W/YDL131W/YDR034C/YDR158W/YDR234W/YOL064C/YOR375C/YGL154C/YGL125W/YGL026C/YGL009C/YGR204W/YLR303W/YPR167C/YMR062C/YMR108W/YBR115C/YBR248C/YNL277W/YNL104C/YNR050C/YJL200C/YJL071W/YJR016C/YJR139C/YKL001C/YKR069W/YER023W/YER086W/YER090W/YER091C/YHR018C/YHR208W/YIL094C/YIL074C/YIR017C/YIR034C/YCL018W/YCR053W/YFR025C/YAL012W,41,Upregulated,8. Mixed origin
GO:0170038,proteinogenic amino acid biosynthetic process,39/810,108/5235,0.3611111111111111,2.3338477366255144,5.992240096046445,8.662414944991932e-8,1.942857375273168e-5,1.594084149768498e-5,YDL182W/YDL131W/YDR034C/YDR158W/YDR234W/YOL064C/YOR375C/YGL154C/YGL125W/YGL026C/YGL009C/YGR204W/YLR303W/YPR167C/YMR062C/YMR108W/YBR115C/YBR248C/YNL277W/YNL104C/YNR050C/YJL200C/YJL071W/YJR016C/YJR139C/YKL001C/YKR069W/YER023W/YER090W/YER091C/YHR018C/YHR208W/YIL094C/YIL074C/YIR017C/YIR034C/YCL018W/YCR053W/YFR025C,39,Upregulated,8. Mixed origin
GO:0009066,aspartate family amino acid metabolic process,26/810,58/5235,0.4482758620689655,2.897190293742018,6.215678450447754,8.953259793885567e-8,1.942857375273168e-5,1.594084149768498e-5,YDL182W/YDL131W/YDR034C/YDR158W/YDR234W/YOL064C/YGL154C/YGL125W/YGR204W/YLR303W/YPR167C/YBR115C/YNL277W/YNR050C/YJL200C/YJR139C/YKL106W/YKL001C/YKR069W/YER086W/YER091C/YHR208W/YIL094C/YIR017C/YIR034C/YCR053W,26,Upregulated,8. Mixed origin
GO:1901605,alpha-amino acid metabolic process,49/810,157/5235,0.31210191082802546,2.017103090351498,5.535682624258267,3.819729070546247e-7,7.252710572699686e-5,5.9507358151667847e-5,YDL182W/YDL131W/YDR034C/YDR158W/YDR173C/YDR234W/YOL064C/YOR375C/YGL154C/YGL125W/YGL026C/YGL009C/YGR204W/YLR134W/YLR303W/YPR167C/YMR062C/YMR108W/YBR115C/YBR248C/YNL277W/YNL239W/YNL104C/YNR050C/YJL200C/YJL071W/YJL060W/YJR016C/YJR139C/YKL106W/YKL015W/YKL001C/YKR069W/YER023W/YER086W/YER090W/YER091C/YHR018C/YHR112C/YHR205W/YHR208W/YIL094C/YIL074C/YIR017C/YIR034C/YCL018W/YCR053W/YFR025C/YAL012W,49,Upregulated,8. Mixed origin
GO:0008652,amino acid biosynthetic process,41/810,123/5235,0.3333333333333333,2.154320987654321,5.542254391930448,5.026980826274443e-7,8.484426527900977e-5,6.961339530185895e-5,YDL182W/YDL131W/YDR034C/YDR158W/YDR234W/YOL064C/YOR375C/YGL154C/YGL125W/YGL026C/YGL009C/YGR204W/YLR303W/YPR167C/YMR062C/YMR108W/YBR115C/YBR248C/YNL277W/YNL104C/YNR050C/YJL200C/YJL071W/YJR016C/YJR139C/YKL001C/YKR069W/YER023W/YER086W/YER090W/YER091C/YHR018C/YHR208W/YIL094C/YIL074C/YIR017C/YIR034C/YCL018W/YCR053W/YFR025C/YAL012W,41,Upregulated,8. Mixed origin
GO:0019236,response to pheromone,30/810,79/5235,0.379746835443038,2.4542897327707456,5.57199554356532,7.927165803314037e-7,1.1423260824254044e-4,9.372607197198149e-5,YDL165W/YDR103W/YDR264C/YDR410C/YDR461W/YOL117W/YOR127W/YOR208W/YOR212W/YLR229C/YLR238W/YLR452C/YPL179W/YPL161C/YPL049C/YPR075C/YMR029C/YNL298W/YNL053W/YNR044W/YJR117W/YKL209C/YKL116C/YER075C/YHR005C/YHR084W/YIL015W/YCR089W/YFL026W/YFR022W,30,Upregulated,8. Mixed origin
GO:0009085,lysine biosynthetic process,11/810,15/5235,0.7333333333333333,4.739506172839506,6.204793944518942,8.577001920052923e-7,1.1423260824254044e-4,9.372607197198149e-5,YDL182W/YDL131W/YDR034C/YDR158W/YDR234W/YGL154C/YBR115C/YNR050C/YJL200C/YIL094C/YIR034C,11,Upregulated,8. Mixed origin
GO:0000910,cytokinesis,36/810,104/5235,0.34615384615384615,2.2371794871794872,5.4519404567326175,9.024300848653623e-7,1.1423260824254044e-4,9.372607197198149e-5,YDR245W/YDR388W/YOL070C/YOR014W/YOR122C/YOR127W/YOR326W/YGR014W/YGR092W/YLR084C/YLR314C/YLR337C/YLR353W/YPL242C/YPL066W/YPR122W/YPR165W/YPR188C/YML064C/YMR232W/YBL047C/YBR156C/YNL116W/YNL079C/YNL078W/YJR092W/YKR042W/YHR023W/YIL140W/YIL135C/YIL106W/YIR006C/YCL014W/YCR038C/YFL039C/YAR014C,36,Upregulated,8. Mixed origin
GO:0006897,endocytosis,41/810,127/5235,0.3228346456692913,2.0864683581219015,5.302689893266541,1.3069066425387942e-6,1.4475576338746272e-4,1.1876984432331233e-4,YDL231C/YDL161W/YDL091C/YDR093W/YDR264C/YDR388W/YOL062C/YOL018C/YOR008C/YOR109W/YOR223W/YOR326W/YLR229C/YLR337C/YPL204W/YPR165W/YML052W/YML001W/YMR275C/YBL101C/YBL047C/YBR214W/YBR264C/YNL106C/YJL204C/YJR005W/YKL126W/YKR019C/YER125W/YHR161C/YIL048W/YIR006C/YCR009C/YCR028C/YCR030C/YCR032W/YCR094W/YFL039C/YFR022W/YAL029C/YAL026C,41,Upregulated,8. Mixed origin
GO:0019878,lysine biosynthetic process via aminoadipic acid,10/810,13/5235,0.7692307692307693,4.971509971509972,6.133546057375397,1.3694070894456818e-6,1.4475576338746272e-4,1.1876984432331233e-4,YDL182W/YDL131W/YDR034C/YDR234W/YGL154C/YBR115C/YNR050C/YJL200C/YIL094C/YIR034C,10,Upregulated,8. Mixed origin
GO:0048585,negative regulation of response to stimulus,23/810,54/5235,0.42592592592592593,2.7527434842249656,5.5387425151608785,1.516429875510299e-6,1.4475576338746272e-4,1.1876984432331233e-4,YDR075W/YDR103W/YDR162C/YDR264C/YDR389W/YOL081W/YOR208W/YOR371C/YGL248W/YGL073W/YLR019W/YLR361C/YLR452C/YPL179W/YPL115C/YPL031C/YBR066C/YBR140C/YNL053W/YJL092W/YER075C/YER155C/YFR010W,23,Upregulated,8. Mixed origin
GO:0170033,L-amino acid metabolic process,44/810,141/5235,0.3120567375886525,2.016811137378513,5.236283014622098,1.5247480014479285e-6,1.4475576338746272e-4,1.1876984432331233e-4,YDL182W/YDL131W/YDR034C/YDR158W/YDR234W/YOL064C/YOR375C/YGL154C/YGL125W/YGL026C/YGL009C/YGR204W/YLR134W/YLR303W/YPR167C/YMR062C/YMR108W/YBR115C/YBR248C/YNL277W/YNL104C/YNR050C/YJL200C/YJL071W/YJL060W/YJR016C/YJR139C/YKL106W/YKL015W/YKL001C/YKR069W/YER023W/YER086W/YER090W/YER091C/YHR018C/YHR208W/YIL094C/YIL074C/YIR017C/YIR034C/YCL018W/YCR053W/YFR025C,44,Upregulated,8. Mixed origin
GO:0006553,lysine metabolic process,11/810,16/5235,0.6875,4.443287037037037,5.901226738810015,2.3613814251888513e-6,2.1099637558010973e-4,1.7311923265780804e-4,YDL182W/YDL131W/YDR034C/YDR158W/YDR234W/YGL154C/YBR115C/YNR050C/YJL200C/YIL094C/YIR034C,11,Upregulated,8. Mixed origin
GO:0007010,cytoskeleton organization,72/810,279/5235,0.25806451612903225,1.6678614097968938,4.904847779815742,3.0964995696490923e-6,2.613101581276095e-4,2.1440090587511844e-4,YDL161W/YDL126C/YDR085C/YDR126W/YDR309C/YDR388W/YDR389W/YOL069W/YOR008C/YOR014W/YOR035C/YOR122C/YOR127W/YOR326W/YGL061C/YGL060W/YGR113W/YLR018C/YLR210W/YLR212C/YLR229C/YLR314C/YLR337C/YPL242C/YPL155C/YPL152W/YPL115C/YPR115W/YPR165W/YPR188C/YML085C/YML064C/YML052W/YMR068W/YMR198W/YMR232W/YMR276W/YBL047C/YBR156C/YBR234C/YNL298W/YNL126W/YNL116W/YNL079C/YNL074C/YNL047C/YJL019W/YJR031C/YJR065C/YJR092W/YKL052C/YKL007W/YKR054C/YKR088C/YER016W/YER125W/YER155C/YHR023W/YHR182W/YIL135C/YIL118W/YIL105C/YIL062C/YIL034C/YIR006C/YCR009C/YCR030C/YCR088W/YFL047W/YFL039C/YAL029C/YAR014C,72,Upregulated,8. Mixed origin
GO:0000096,sulfur amino acid metabolic process,20/810,45/5235,0.4444444444444444,2.8724279835390947,5.39672678614577,3.3065311450451365e-6,2.643484636486085e-4,2.1689378812927656e-4,YDR158W/YDR253C/YOL064C/YGL125W/YGR204W/YLR303W/YPR167C/YNL277W/YNL239W/YJR010W/YJR137C/YJR139C/YKL001C/YKR069W/YER091C/YHR112C/YHR205W/YHR208W/YIR017C/YAL012W,20,Upregulated,8. Mixed origin
GO:0098657,import into cell,45/810,151/5235,0.2980132450331126,1.9260485651214128,4.939945947479943,4.6772857127691245e-6,3.55239849884815e-4,2.9146875178519174e-4,YDL231C/YDL161W/YDL091C/YDR093W/YDR264C/YDR388W/YOL062C/YOL018C/YOR008C/YOR087W/YOR109W/YOR223W/YOR326W/YLR229C/YLR337C/YPL204W/YPR165W/YML052W/YML001W/YMR275C/YBL101C/YBL047C/YBR041W/YBR214W/YBR264C/YNL106C/YJL204C/YJL129C/YJR005W/YKL126W/YKR019C/YER125W/YHL036W/YHR161C/YIL048W/YIR006C/YCR009C/YCR028C/YCR030C/YCR032W/YCR094W/YFL039C/YFR022W/YAL029C/YAL026C,45,Upregulated,8. Mixed origin
GO:0170039,proteinogenic amino acid metabolic process,43/810,143/5235,0.3006993006993007,1.9434084434084433,4.893575702394222,5.909804008951476e-6,4.2747582331415673e-4,3.507372404310049e-4,YDL182W/YDL131W/YDR034C/YDR158W/YDR234W/YOL064C/YOR375C/YGL154C/YGL125W/YGL026C/YGL009C/YGR204W/YLR134W/YLR303W/YPR167C/YMR062C/YMR108W/YBR115C/YBR248C/YNL277W/YNL104C/YNR050C/YJL200C/YJL071W/YJR016C/YJR139C/YKL106W/YKL015W/YKL001C/YKR069W/YER023W/YER086W/YER090W/YER091C/YHR018C/YHR208W/YIL094C/YIL074C/YIR017C/YIR034C/YCL018W/YCR053W/YFR025C,43,Upregulated,8. Mixed origin
GO:0022414,reproductive process,97/810,414/5235,0.23429951690821257,1.5142691000178923,4.664711256781452,6.2028726719583365e-6,4.282801631229415e-4,3.513971886889316e-4,YDL165W/YDL160C-A/YDR075W/YDR085C/YDR103W/YDR146C/YDR155C/YDR260C/YDR264C/YDR369C/YDR461W/YOL117W/YOL070C/YOL069W/YOR035C/YOR127W/YOR208W/YOR212W/YOR229W/YOR230W/YGL250W/YGL201C/YGL194C/YGL163C/YGL162W/YGR279C/YLL043W/YLR035C/YLR084C/YLR189C/YLR212C/YLR229C/YLR238W/YLR274W/YLR337C/YLR452C/YPL232W/YPL204W/YPL179W/YPL016W/YPR036W-A/YPR075C/YPR122W/YPR165W/YML085C/YML052W/YMR029C/YMR065W/YMR148W/YMR190C/YMR198W/YMR232W/YMR238W/YBR023C/YBR057C/YBR073W/YBR081C/YBR200W/YNL126W/YNL078W/YNL053W/YNR044W/YJL092W/YJL034W/YJL019W/YJR092W/YJR117W/YKL189W/YKL116C/YKR020W/YKR089C/YEL072W/YEL032W/YER075C/YER180C/YHR005C/YHR084W/YHR119W/YIL140W/YIL024C/YIL017C/YIL015W/YIR002C/YIR006C/YCL055W/YCL014W/YCR009C/YCR038C/YCR086W/YCR089W/YCR097W/YFL039C/YFL029C/YFL026W/YFR022W/YFR039C/YAL029C,97,Upregulated,8. Mixed origin
GO:0007120,axial cellular bud site selection,10/810,15/5235,0.6666666666666666,4.308641975308642,5.48988041311019,1.0669220238528024e-5,6.177354267094603e-4,5.068422751976722e-4,YOL070C/YOR127W/YLR084C/YPR122W/YNL078W/YJR092W/YIL140W/YIR006C/YCL014W/YCR038C,10,Upregulated,8. Mixed origin
GO:0000103,sulfate assimilation,8/810,10/5235,0.8,5.17037037037037,5.647213538274255,1.0709945164744781e-5,6.177354267094603e-4,5.068422751976722e-4,YOL064C/YPR167C/YBR213W/YJR010W/YJR137C/YKL001C/YKR069W/YFR030W,8,Upregulated,8. Mixed origin
GO:0009968,negative regulation of signal transduction,20/810,48/5235,0.4166666666666667,2.692901234567901,5.040769600099374,1.0980155708463086e-5,6.177354267094603e-4,5.068422751976722e-4,YDR075W/YDR103W/YDR162C/YDR264C/YDR389W/YOL081W/YOR208W/YOR371C/YGL248W/YGL073W/YLR019W/YLR361C/YLR452C/YPL179W/YPL115C/YPL031C/YBR140C/YNL053W/YER075C/YER155C,20,Upregulated,8. Mixed origin
GO:0010648,negative regulation of cell communication,20/810,48/5235,0.4166666666666667,2.692901234567901,5.040769600099374,1.0980155708463086e-5,6.177354267094603e-4,5.068422751976722e-4,YDR075W/YDR103W/YDR162C/YDR264C/YDR389W/YOL081W/YOR208W/YOR371C/YGL248W/YGL073W/YLR019W/YLR361C/YLR452C/YPL179W/YPL115C/YPL031C/YBR140C/YNL053W/YER075C/YER155C,20,Upregulated,8. Mixed origin
GO:0023057,negative regulation of signaling,20/810,48/5235,0.4166666666666667,2.692901234567901,5.040769600099374,1.0980155708463086e-5,6.177354267094603e-4,5.068422751976722e-4,YDR075W/YDR103W/YDR162C/YDR264C/YDR389W/YOL081W/YOR208W/YOR371C/YGL248W/YGL073W/YLR019W/YLR361C/YLR452C/YPL179W/YPL115C/YPL031C/YBR140C/YNL053W/YER075C/YER155C,20,Upregulated,8. Mixed origin
GO:0016053,organic acid biosynthetic process,51/810,185/5235,0.2756756756756757,1.7816816816816818,4.630979311438981,1.3008695824592243e-5,6.813865157777799e-4,5.590670002293001e-4,YDL182W/YDL131W/YDR034C/YDR158W/YDR234W/YOL064C/YOR375C/YGL154C/YGL125W/YGL026C/YGL009C/YGR037C/YGR204W/YLL027W/YLR303W/YLR380W/YPR167C/YMR020W/YMR062C/YMR108W/YMR207C/YBR115C/YBR248C/YNL277W/YNL104C/YNR050C/YJL200C/YJL071W/YJL060W/YJR016C/YJR137C/YJR139C/YKL001C/YKR069W/YER023W/YER061C/YER086W/YER090W/YER091C/YER125W/YHR018C/YHR063C/YHR208W/YIL094C/YIL074C/YIR017C/YIR034C/YCL018W/YCR053W/YFR025C/YAL012W,51,Upregulated,8. Mixed origin
GO:0046394,carboxylic acid biosynthetic process,51/810,185/5235,0.2756756756756757,1.7816816816816818,4.630979311438981,1.3008695824592243e-5,6.813865157777799e-4,5.590670002293001e-4,YDL182W/YDL131W/YDR034C/YDR158W/YDR234W/YOL064C/YOR375C/YGL154C/YGL125W/YGL026C/YGL009C/YGR037C/YGR204W/YLL027W/YLR303W/YLR380W/YPR167C/YMR020W/YMR062C/YMR108W/YMR207C/YBR115C/YBR248C/YNL277W/YNL104C/YNR050C/YJL200C/YJL071W/YJL060W/YJR016C/YJR137C/YJR139C/YKL001C/YKR069W/YER023W/YER061C/YER086W/YER090W/YER091C/YER125W/YHR018C/YHR063C/YHR208W/YIL094C/YIL074C/YIR017C/YIR034C/YCL018W/YCR053W/YFR025C/YAL012W,51,Upregulated,8. Mixed origin
GO:0030036,actin cytoskeleton organization,44/810,153/5235,0.2875816993464052,1.8586298717017669,4.611445811027618,1.6364961336510432e-5,8.179644701655958e-4,6.71127079918274e-4,YDL161W/YDR085C/YDR126W/YDR309C/YDR388W/YDR389W/YOR008C/YOR035C/YOR122C/YOR127W/YOR326W/YLR229C/YLR337C/YPL242C/YPR115W/YPR165W/YPR188C/YML052W/YMR068W/YMR232W/YBL047C/YBR234C/YNL116W/YNL079C/YNL074C/YNL047C/YJR031C/YJR065C/YKL007W/YER125W/YER155C/YHR023W/YIL135C/YIL118W/YIL105C/YIL062C/YIL034C/YIR006C/YCR009C/YCR030C/YCR088W/YFL039C/YAL029C/YAR014C,44,Upregulated,8. Mixed origin
GO:0042221,response to chemical,99/810,434/5235,0.22811059907834103,1.4742703533026114,4.413749898109305,1.6693152452359098e-5,8.179644701655958e-4,6.71127079918274e-4,YDL165W/YDL126C/YDL116W/YDL095W/YDL091C/YDL073W/YDR075W/YDR103W/YDR135C/YDR264C/YDR338C/YDR368W/YDR410C/YDR411C/YDR461W/YOL117W/YOR052C/YOR124C/YOR127W/YOR153W/YOR162C/YOR208W/YOR212W/YOR270C/YOR371C/YGL248W/YGL220W/YGL060W/YGR014W/YGR043C/YGR184C/YGR263C/YLR057W/YLR229C/YLR238W/YLR299W/YLR364W/YLR452C/YPL188W/YPL179W/YPL161C/YPL096W/YPL049C/YPR075C/YML103C/YML013W/YMR029C/YMR038C/YMR119W/YMR214W/YMR275C/YMR276W/YMR291W/YBL101C/YBL022C/YBR014C/YBR066C/YNL298W/YNL239W/YNL190W/YNL159C/YNL155W/YNL079C/YNL053W/YNL036W/YNL008C/YNR044W/YJL110C/YJL101C/YJL055W/YJL034W/YJR117W/YKL209C/YKL176C/YKL126W/YKL116C/YKL032C/YKR071C/YEL047C/YER075C/YER125W/YHR005C/YHR048W/YHR084W/YHR183W/YHR186C/YHR205W/YIL030C/YIL015W/YCL043C/YCL035C/YCL026C-A/YCR089W/YFL026W/YFR010W/YFR022W/YAL058W/YAL053W/YAL023C,99,Upregulated,8. Mixed origin
GO:0006508,proteolysis,81/810,339/5235,0.23893805309734514,1.5442477876106193,4.4328041924579855,1.808336811102875e-5,8.583948800203959e-4,7.042996001137513e-4,YDL185W/YDL126C/YDL095W/YDL091C/YDR349C/YDR394W/YDR411C/YDR457W/YOL133W/YOR057W/YOR117W/YOR124C/YOR157C/YOR197W/YOR256C/YOR371C/YGL203C/YGL048C/YGR184C/YLR057W/YLR066W/YLR299W/YLR417W/YPL176C/YPL154C/YPL096W/YPR103W/YPR108W/YPR122W/YML092C/YML055W/YML013W/YMR100W/YMR119W/YMR171C/YMR214W/YMR276W/YMR297W/YMR304W/YBL067C/YBL041W/YBL022C/YBR041W/YBR082C/YBR139W/YBR173C/YNL239W/YNL238W/YNL159C/YNL155W/YNL116W/YNL008C/YJL172W/YJL034W/YJL001W/YJR117W/YJR126C/YKL157W/YKL103C/YKL059C/YER125W/YER143W/YHL002W/YHR027C/YHR028C/YHR108W/YHR200W/YIL075C/YIL031W/YIL030C/YIL017C/YIL015W/YIR022W/YCL057W/YCL043C/YCL008C/YFR010W/YFR050C/YAL058W/YAL023C/YAL020C,81,Upregulated,8. Mixed origin
GO:0007163,establishment or maintenance of cell polarity,34/810,108/5235,0.3148148148148148,2.034636488340192,4.648049458740744,1.9318241194675093e-5,8.892244962033777e-4,7.295948189631678e-4,YDR093W/YDR126W/YDR309C/YOL070C/YOR008C/YOR127W/YOR326W/YGR014W/YLR084C/YLR229C/YLR337C/YLR353W/YPL161C/YPL115C/YPL031C/YPR122W/YMR068W/YMR100W/YNL116W/YNL078W/YNL074C/YNL047C/YJR092W/YKR054C/YHR182W/YIL140W/YIL135C/YIL118W/YIL105C/YIR006C/YCL014W/YCR038C/YFL039C/YAR014C,34,Upregulated,8. Mixed origin
GO:0048583,regulation of response to stimulus,47/810,169/5235,0.2781065088757396,1.7973920666228356,4.508015505383764,2.2238390068956254e-5,9.93532779845428e-4,8.151781375122045e-4,YDL134C/YDL095W/YDR075W/YDR103W/YDR162C/YDR264C/YDR283C/YDR389W/YOL138C/YOL081W/YOR051C/YOR208W/YOR371C/YGL248W/YGL194C/YGL073W/YGL008C/YLR019W/YLR228C/YLR238W/YLR361C/YLR452C/YPL204W/YPL179W/YPL115C/YPL031C/YPR075C/YPR095C/YMR029C/YBR066C/YBR140C/YNL298W/YNL053W/YJL110C/YJL092W/YJR031C/YJR143C/YKL176C/YKL032C/YER075C/YER125W/YER155C/YHR154W/YHR205W/YCR033W/YFR010W/YAL023C,47,Upregulated,8. Mixed origin
GO:0030029,actin filament-based process,44/810,155/5235,0.2838709677419355,1.834647550776583,4.512735166287752,2.3384006894209973e-5,0.001014865899208713,8.326816289547249e-4,YDL161W/YDR085C/YDR126W/YDR309C/YDR388W/YDR389W/YOR008C/YOR035C/YOR122C/YOR127W/YOR326W/YLR229C/YLR337C/YPL242C/YPR115W/YPR165W/YPR188C/YML052W/YMR068W/YMR232W/YBL047C/YBR234C/YNL116W/YNL079C/YNL074C/YNL047C/YJR031C/YJR065C/YKL007W/YER125W/YER155C/YHR023W/YIL135C/YIL118W/YIL105C/YIL062C/YIL034C/YIR006C/YCR009C/YCR030C/YCR088W/YFL039C/YAL029C/YAR014C,44,Upregulated,8. Mixed origin
GO:0023051,regulation of signaling,37/810,123/5235,0.3008130081300813,1.9441433303221924,4.5331260325806495,2.6191255757130972e-5,0.0011051254859744985,9.067382110071073e-4,YDL134C/YDL095W/YDR075W/YDR103W/YDR162C/YDR264C/YDR389W/YOL138C/YOL081W/YOR051C/YOR208W/YOR371C/YGL248W/YGL194C/YGL073W/YGL008C/YLR019W/YLR238W/YLR361C/YLR452C/YPL179W/YPL115C/YPL031C/YPR095C/YML064C/YMR029C/YBR140C/YNL298W/YNL053W/YJR031C/YJR143C/YKL176C/YER075C/YER155C/YHR154W/YCR033W/YAL023C,37,Upregulated,8. Mixed origin
GO:0061640,cytoskeleton-dependent cytokinesis,28/810,84/5235,0.3333333333333333,2.154320987654321,4.562713411410407,3.2849801892964096e-5,0.0013486175425787153,0.0011065196427103696,YDR388W/YOL070C/YOR014W/YOR122C/YOR127W/YGR014W/YLR084C/YLR314C/YLR337C/YLR353W/YPL242C/YPR122W/YPR165W/YPR188C/YML064C/YMR232W/YNL116W/YNL079C/YNL078W/YJR092W/YHR023W/YIL140W/YIL135C/YIL106W/YIR006C/YCL014W/YCR038C/YFL039C,28,Upregulated,8. Mixed origin
GO:0071554,cell wall organization or biogenesis,57/810,222/5235,0.25675675675675674,1.6594094094094092,4.295220917857295,4.021751899514027e-5,0.001607642404042581,0.0013190454983447667,YDR162C/YDR245W/YDR260C/YDR261C/YDR293C/YDR349C/YDR351W/YDR389W/YDR483W/YOL105C/YOL030W/YOR008C/YOR092W/YOR208W/YOR247W/YOR336W/YGL139W/YGL027C/YGR014W/YGR279C/YGR282C/YLL031C/YLR413W/YPL031C/YPR159W/YPR165W/YML115C/YML052W/YMR148W/YMR238W/YBL101C/YBR015C/YBR023C/YBR162C/YBR199W/YNL322C/YNL283C/YNL192W/YNL053W/YJL174W/YJL034W/YJR075W/YKL126W/YKR019C/YKR042W/YER075C/YHR079C/YHR142W/YIL123W/YIL015W/YCR017C/YCR032W/YCR089W/YFL039C/YFR039C/YFR042W/YAL053W,57,Upregulated,8. Mixed origin
GO:0009966,regulation of signal transduction,36/810,122/5235,0.29508196721311475,1.907103825136612,4.337123095113155,5.297162046677818e-5,0.0020115972872259014,0.0016504841745438254,YDL134C/YDL095W/YDR075W/YDR103W/YDR162C/YDR264C/YDR389W/YOL138C/YOL081W/YOR051C/YOR208W/YOR371C/YGL248W/YGL194C/YGL073W/YGL008C/YLR019W/YLR238W/YLR361C/YLR452C/YPL179W/YPL115C/YPL031C/YPR095C/YMR029C/YBR140C/YNL298W/YNL053W/YJR031C/YJR143C/YKL176C/YER075C/YER155C/YHR154W/YCR033W/YAL023C,36,Upregulated,8. Mixed origin
GO:0010646,regulation of cell communication,36/810,122/5235,0.29508196721311475,1.907103825136612,4.337123095113155,5.297162046677818e-5,0.0020115972872259014,0.0016504841745438254,YDL134C/YDL095W/YDR075W/YDR103W/YDR162C/YDR264C/YDR389W/YOL138C/YOL081W/YOR051C/YOR208W/YOR371C/YGL248W/YGL194C/YGL073W/YGL008C/YLR019W/YLR238W/YLR361C/YLR452C/YPL179W/YPL115C/YPL031C/YPR095C/YMR029C/YBR140C/YNL298W/YNL053W/YJR031C/YJR143C/YKL176C/YER075C/YER155C/YHR154W/YCR033W/YAL023C,36,Upregulated,8. Mixed origin
GO:1902531,regulation of intracellular signal transduction,30/810,96/5235,0.3125,2.019675925925926,4.313811905332531,6.916922063630742e-5,0.0025626352718670967,0.002102602239624852,YDL134C/YDL095W/YDR075W/YDR103W/YDR162C/YDR389W/YOL138C/YOL081W/YOR051C/YOR208W/YOR371C/YGL194C/YGL073W/YGL008C/YLR019W/YLR361C/YPL115C/YPL031C/YPR095C/YBR140C/YNL298W/YNL053W/YJR031C/YJR143C/YKL176C/YER075C/YER155C/YHR154W/YCR033W/YAL023C,30,Upregulated,8. Mixed origin
GO:1902532,negative regulation of intracellular signal transduction,16/810,38/5235,0.42105263157894735,2.721247563352826,4.555767052502146,7.192857018482536e-5,0.002591467831063188,0.0021262589043891857,YDR075W/YDR103W/YDR162C/YDR389W/YOL081W/YOR208W/YOR371C/YGL073W/YLR019W/YLR361C/YPL115C/YPL031C/YBR140C/YNL053W/YER075C/YER155C,16,Upregulated,8. Mixed origin
GO:0000281,mitotic cytokinesis,27/810,83/5235,0.3253012048192771,2.102409638554217,4.331086442927263,7.335952385498162e-5,0.002591467831063188,0.0021262589043891857,YDR388W/YOL070C/YOR014W/YOR122C/YOR127W/YGR014W/YLR084C/YLR314C/YLR337C/YLR353W/YPL242C/YPR122W/YPR165W/YPR188C/YML064C/YNL116W/YNL079C/YNL078W/YJR092W/YHR023W/YIL140W/YIL135C/YIL106W/YIR006C/YCL014W/YCR038C/YFL039C,27,Upregulated,8. Mixed origin
GO:0051603,proteolysis involved in protein catabolic process,60/810,242/5235,0.24793388429752067,1.6023875114784207,4.104928440589086,7.607937442249946e-5,0.002626467494267652,0.0021549755817282146,YDL126C/YDL095W/YDL091C/YDR394W/YDR411C/YDR457W/YOL133W/YOR057W/YOR117W/YOR124C/YOR157C/YOR197W/YOR256C/YOR371C/YGL048C/YGR184C/YLR057W/YLR417W/YPL176C/YPL154C/YPL096W/YPR103W/YPR108W/YML092C/YML013W/YMR100W/YMR119W/YMR171C/YMR214W/YMR276W/YBL041W/YBL022C/YBR041W/YBR082C/YBR173C/YNL159C/YNL155W/YNL116W/YNL008C/YJL172W/YJL034W/YJL001W/YJR117W/YKL059C/YER125W/YER143W/YHL002W/YHR027C/YHR108W/YHR200W/YIL075C/YIL030C/YIL017C/YCL043C/YCL008C/YFR010W/YFR050C/YAL058W/YAL023C/YAL020C,60,Upregulated,8. Mixed origin
GO:0031137,regulation of conjugation with cellular fusion,14/810,31/5235,0.45161290322580644,2.9187574671445637,4.583898757465856,8.109251416573916e-5,0.002737322867061284,0.0022459306847306473,YDR103W/YDR264C/YDR461W/YOR127W/YOR208W/YOR212W/YGL162W/YLR229C/YPL179W/YNL053W/YKL116C/YER075C/YHR005C/YFL026W,14,Upregulated,8. Mixed origin
GO:0000097,sulfur amino acid biosynthetic process,15/810,35/5235,0.42857142857142855,2.7698412698412698,4.494375965172706,9.476709515644338e-5,0.003129374294405163,0.002567602761218054,YDR158W/YOL064C/YGL125W/YGR204W/YLR303W/YPR167C/YNL277W/YJR137C/YJR139C/YKL001C/YKR069W/YER091C/YHR208W/YIR017C/YAL012W,15,Upregulated,8. Mixed origin
GO:0071444,cellular response to pheromone,23/810,67/5235,0.34328358208955223,2.218629076838032,4.294873890291979,9.873511100284102e-5,0.0031910347577301175,0.0026181942088995243,YDL165W/YDR103W/YDR264C/YDR461W/YOL117W/YOR127W/YOR208W/YOR212W/YLR229C/YLR238W/YLR452C/YPL179W/YPL049C/YPR075C/YMR029C/YNL053W/YNR044W/YER075C/YHR005C/YHR084W/YIL015W/YFL026W/YFR022W,23,Upregulated,8. Mixed origin
GO:0032185,septin cytoskeleton organization,16/810,39/5235,0.41025641025641024,2.651471984805318,4.428653214489064,1.0470324778304849e-4,0.0033134215288010554,0.0027186106441914343,YDR085C/YDR309C/YOR014W/YOR127W/YLR229C/YLR314C/YPL115C/YPR165W/YML052W/YBR156C/YNL298W/YNL116W/YJR092W/YHR182W/YIL135C/YCR030C,16,Upregulated,8. Mixed origin
GO:0030010,establishment of cell polarity,24/810,72/5235,0.3333333333333333,2.154320987654321,4.219339863443097,1.1899337681031909e-4,0.0036150187874974937,0.0029660664872298483,YDR126W/YDR309C/YOL070C/YOR008C/YOR127W/YOR326W/YGR014W/YLR084C/YLR229C/YLR337C/YLR353W/YPL161C/YPL115C/YPR122W/YNL116W/YNL078W/YJR092W/YKR054C/YHR182W/YIL140W/YIR006C/YCL014W/YCR038C/YFL039C,24,Upregulated,8. Mixed origin
GO:0046467,membrane lipid biosynthetic process,24/810,72/5235,0.3333333333333333,2.154320987654321,4.219339863443097,1.1899337681031909e-4,0.0036150187874974937,0.0029660664872298483,YDR182W/YDR297W/YDR302W/YGL139W/YGL084C/YGR038W/YLL031C/YLR088W/YLR260W/YLR459W/YMR296C/YMR298W/YBR036C/YBR058C-A/YBR265W/YJL091C/YKL126W/YKL008C/YKR053C/YHR188C/YHR205W/YCR017C/YCR044C/YAL053W,24,Upregulated,8. Mixed origin
GO:0009100,glycoprotein metabolic process,27/810,86/5235,0.313953488372093,2.0290697674418605,4.116568345849439,1.4490404637462051e-4,0.004143892512044402,0.0033999991228720917,YDL095W/YDL093W/YDR221W/YDR245W/YDR483W/YOR002W/YOR085W/YOR103C/YOR321W/YOR336W/YGL027C/YGL022W/YLR057W/YPL096W/YML115C/YBL082C/YBR015C/YBR199W/YNL219C/YJL183W/YJR075W/YJR143C/YKL201C/YKL104C/YEL002C/YCL043C/YAL023C,27,Upregulated,8. Mixed origin
GO:0007154,cell communication,89/810,402/5235,0.22139303482587064,1.4308549843375715,3.846258610384054,1.4731415118525196e-4,0.004143892512044402,0.0033999991228720917,YDL134C/YDL095W/YDL073W/YDR075W/YDR103W/YDR162C/YDR264C/YDR283C/YDR309C/YDR389W/YDR411C/YDR461W/YOL138C/YOL105C/YOL081W/YOL045W/YOR008C/YOR014W/YOR051C/YOR127W/YOR208W/YOR212W/YOR371C/YGL248W/YGL194C/YGL093W/YGL073W/YGL021W/YGL008C/YGR014W/YGR092W/YLR019W/YLR229C/YLR238W/YLR260W/YLR361C/YLR442C/YLR452C/YPL204W/YPL179W/YPL161C/YPL115C/YPL031C/YPR075C/YPR095C/YPR165W/YML064C/YMR029C/YMR190C/YMR291W/YBL047C/YBR036C/YBR140C/YBR162W-A/YNL323W/YNL298W/YNL283C/YNL116W/YNL053W/YNL047C/YJL194W/YJL034W/YJL030W/YJR031C/YJR143C/YKL189W/YKL176C/YKL126W/YER016W/YER075C/YER155C/YHR005C/YHR079C/YHR154W/YHR182W/YHR186C/YHR205W/YIL118W/YIL106W/YIL105C/YIL031W/YCR033W/YCR038C/YCR073C/YCR079W/YFL047W/YFL026W/YFR003C/YAL023C,89,Upregulated,8. Mixed origin
GO:0007165,signal transduction,89/810,402/5235,0.22139303482587064,1.4308549843375715,3.846258610384054,1.4731415118525196e-4,0.004143892512044402,0.0033999991228720917,YDL134C/YDL095W/YDL073W/YDR075W/YDR103W/YDR162C/YDR264C/YDR283C/YDR309C/YDR389W/YDR411C/YDR461W/YOL138C/YOL105C/YOL081W/YOL045W/YOR008C/YOR014W/YOR051C/YOR127W/YOR208W/YOR212W/YOR371C/YGL248W/YGL194C/YGL093W/YGL073W/YGL021W/YGL008C/YGR014W/YGR092W/YLR019W/YLR229C/YLR238W/YLR260W/YLR361C/YLR442C/YLR452C/YPL204W/YPL179W/YPL161C/YPL115C/YPL031C/YPR075C/YPR095C/YPR165W/YML064C/YMR029C/YMR190C/YMR291W/YBL047C/YBR036C/YBR140C/YBR162W-A/YNL323W/YNL298W/YNL283C/YNL116W/YNL053W/YNL047C/YJL194W/YJL034W/YJL030W/YJR031C/YJR143C/YKL189W/YKL176C/YKL126W/YER016W/YER075C/YER155C/YHR005C/YHR079C/YHR154W/YHR182W/YHR186C/YHR205W/YIL118W/YIL106W/YIL105C/YIL031W/YCR033W/YCR038C/YCR073C/YCR079W/YFL047W/YFL026W/YFR003C/YAL023C,89,Upregulated,8. Mixed origin
GO:0023052,signaling,89/810,402/5235,0.22139303482587064,1.4308549843375715,3.846258610384054,1.4731415118525196e-4,0.004143892512044402,0.0033999991228720917,YDL134C/YDL095W/YDL073W/YDR075W/YDR103W/YDR162C/YDR264C/YDR283C/YDR309C/YDR389W/YDR411C/YDR461W/YOL138C/YOL105C/YOL081W/YOL045W/YOR008C/YOR014W/YOR051C/YOR127W/YOR208W/YOR212W/YOR371C/YGL248W/YGL194C/YGL093W/YGL073W/YGL021W/YGL008C/YGR014W/YGR092W/YLR019W/YLR229C/YLR238W/YLR260W/YLR361C/YLR442C/YLR452C/YPL204W/YPL179W/YPL161C/YPL115C/YPL031C/YPR075C/YPR095C/YPR165W/YML064C/YMR029C/YMR190C/YMR291W/YBL047C/YBR036C/YBR140C/YBR162W-A/YNL323W/YNL298W/YNL283C/YNL116W/YNL053W/YNL047C/YJL194W/YJL034W/YJL030W/YJR031C/YJR143C/YKL189W/YKL176C/YKL126W/YER016W/YER075C/YER155C/YHR005C/YHR079C/YHR154W/YHR182W/YHR186C/YHR205W/YIL118W/YIL106W/YIL105C/YIL031W/YCR033W/YCR038C/YCR073C/YCR079W/YFL047W/YFL026W/YFR003C/YAL023C,89,Upregulated,8. Mixed origin
GO:0035556,intracellular signal transduction,75/810,327/5235,0.22935779816513763,1.482330954808019,3.8536251276201363,1.579438421392628e-4,0.004348885070293752,0.003568192317125396,YDL134C/YDL095W/YDL073W/YDR075W/YDR103W/YDR162C/YDR283C/YDR309C/YDR389W/YDR411C/YOL138C/YOL105C/YOL081W/YOL045W/YOR008C/YOR014W/YOR051C/YOR127W/YOR208W/YOR371C/YGL194C/YGL093W/YGL073W/YGL021W/YGL008C/YGR014W/YGR092W/YLR019W/YLR229C/YLR260W/YLR361C/YLR442C/YLR452C/YPL161C/YPL115C/YPL031C/YPR075C/YPR095C/YPR165W/YML064C/YMR190C/YBL047C/YBR036C/YBR140C/YBR162W-A/YNL298W/YNL283C/YNL116W/YNL053W/YNL047C/YJL194W/YJL034W/YJL030W/YJR031C/YJR143C/YKL189W/YKL176C/YKL126W/YER016W/YER075C/YER155C/YHR079C/YHR154W/YHR182W/YHR186C/YHR205W/YIL118W/YIL105C/YIL031W/YCR033W/YCR038C/YCR073C/YFL047W/YFR003C/YAL023C,75,Upregulated,8. Mixed origin
GO:0031139,positive regulation of conjugation with cellular fusion,13/810,29/5235,0.4482758620689655,2.897190293742018,4.382889709102886,1.6032756019516138e-4,0.004348885070293752,0.003568192317125396,YDR103W/YDR264C/YDR461W/YOR127W/YOR208W/YOR212W/YGL162W/YLR229C/YPL179W/YNL053W/YER075C/YHR005C/YFL026W,13,Upregulated,8. Mixed origin
GO:0043436,oxoacid metabolic process,79/810,349/5235,0.22636103151862463,1.462962962962963,3.829878196297563,1.6646385503388467e-4,0.004436115715727558,0.0036397637000945417,YDL182W/YDL170W/YDL131W/YDR034C/YDR158W/YDR173C/YDR191W/YDR234W/YDR253C/YOL064C/YOR270C/YOR347C/YOR375C/YGL154C/YGL125W/YGL062W/YGL026C/YGL009C/YGR019W/YGR037C/YGR204W/YLL027W/YLR134W/YLR303W/YLR380W/YPR167C/YML076C/YML004C/YMR020W/YMR062C/YMR108W/YMR207C/YBR041W/YBR115C/YBR248C/YNL277W/YNL239W/YNL104C/YNR050C/YJL200C/YJL198W/YJL071W/YJL060W/YJR010W/YJR016C/YJR137C/YJR139C/YKL152C/YKL106W/YKL015W/YKL001C/YKR069W/YER023W/YER040W/YER061C/YER086W/YER090W/YER091C/YER125W/YHR018C/YHR063C/YHR112C/YHR183W/YHR201C/YHR205W/YHR208W/YIL094C/YIL074C/YIR017C/YIR031C/YIR034C/YCL026C-A/YCL018W/YCR005C/YCR037C/YCR053W/YFL004W/YFR025C/YAL012W,79,Upregulated,8. Mixed origin
GO:0070085,glycosylation,25/810,78/5235,0.32051282051282054,2.071462488129155,4.078762687478723,1.7588060879330071e-4,0.004606252495810755,0.0037793582724368066,YDL095W/YDL093W/YDR245W/YDR483W/YOR002W/YOR085W/YOR103C/YOR321W/YOR336W/YGL027C/YGL022W/YLR057W/YLR189C/YML115C/YBL082C/YBR015C/YBR199W/YNL219C/YJL183W/YJR075W/YJR143C/YKL201C/YKL104C/YEL002C/YAL023C,25,Upregulated,8. Mixed origin
GO:0006082,organic acid metabolic process,79/810,351/5235,0.22507122507122507,1.4546269916640286,3.7724516154500924,2.027357889769206e-4,0.005219587516202414,0.004282590082937984,YDL182W/YDL170W/YDL131W/YDR034C/YDR158W/YDR173C/YDR191W/YDR234W/YDR253C/YOL064C/YOR270C/YOR347C/YOR375C/YGL154C/YGL125W/YGL062W/YGL026C/YGL009C/YGR019W/YGR037C/YGR204W/YLL027W/YLR134W/YLR303W/YLR380W/YPR167C/YML076C/YML004C/YMR020W/YMR062C/YMR108W/YMR207C/YBR041W/YBR115C/YBR248C/YNL277W/YNL239W/YNL104C/YNR050C/YJL200C/YJL198W/YJL071W/YJL060W/YJR010W/YJR016C/YJR137C/YJR139C/YKL152C/YKL106W/YKL015W/YKL001C/YKR069W/YER023W/YER040W/YER061C/YER086W/YER090W/YER091C/YER125W/YHR018C/YHR063C/YHR112C/YHR183W/YHR201C/YHR205W/YHR208W/YIL094C/YIL074C/YIR017C/YIR031C/YIR034C/YCL026C-A/YCL018W/YCR005C/YCR037C/YCR053W/YFL004W/YFR025C/YAL012W,79,Upregulated,8. Mixed origin
GO:2000243,positive regulation of reproductive process,16/810,41/5235,0.3902439024390244,2.5221318879855468,4.185968646776896,2.1098235589939664e-4,0.005341369976853058,0.004382510690962905,YDR103W/YDR146C/YDR155C/YDR264C/YDR461W/YOR127W/YOR208W/YOR212W/YGL162W/YLR229C/YPL179W/YPL016W/YNL053W/YER075C/YHR005C/YFL026W,16,Upregulated,8. Mixed origin
GO:0006643,membrane lipid metabolic process,26/810,84/5235,0.30952380952380953,2.000440917107584,3.954467811493587,2.4738223144862343e-4,0.0061602231077124425,0.005054366903109063,YDR182W/YDR297W/YDR302W/YDR367W/YOL018C/YGL139W/YGL084C/YGR038W/YLL031C/YLR088W/YLR260W/YLR459W/YMR296C/YMR298W/YBR036C/YBR058C-A/YBR265W/YJL091C/YKL126W/YKL008C/YKR053C/YHR188C/YHR205W/YCR017C/YCR044C/YAL053W,26,Upregulated,8. Mixed origin
GO:0080134,regulation of response to stress,21/810,63/5235,0.3333333333333333,2.154320987654321,3.943395528894133,3.13423072799706e-4,0.007527055313502134,0.0061758313926659,YDL095W/YDR075W/YDR283C/YOR051C/YOR208W/YGL194C/YLR228C/YLR361C/YPL204W/YPR075C/YBR066C/YNL053W/YJL092W/YJR143C/YKL032C/YER075C/YHR154W/YHR205W/YCR033W/YFR010W/YAL023C,21,Upregulated,8. Mixed origin
GO:0000750,pheromone-dependent signal transduction involved in conjugation with cellular fusion,12/810,27/5235,0.4444444444444444,2.8724279835390947,4.173056343042155,3.1713728773149217e-4,0.007527055313502134,0.0061758313926659,YDR103W/YDR264C/YDR461W/YOR127W/YOR208W/YOR212W/YLR229C/YPL179W/YNL053W/YER075C/YHR005C/YFL026W,12,Upregulated,8. Mixed origin
GO:0032005,signal transduction involved in positive regulation of conjugation with cellular fusion,12/810,27/5235,0.4444444444444444,2.8724279835390947,4.173056343042155,3.1713728773149217e-4,0.007527055313502134,0.0061758313926659,YDR103W/YDR264C/YDR461W/YOR127W/YOR208W/YOR212W/YLR229C/YPL179W/YNL053W/YER075C/YHR005C/YFL026W,12,Upregulated,8. Mixed origin
GO:0030163,protein catabolic process,63/810,270/5235,0.23333333333333334,1.5080246913580246,3.6669906905192504,3.257222171404778e-4,0.00761187765902132,0.006245426803146975,YDL126C/YDL095W/YDL091C/YDR394W/YDR411C/YDR457W/YOL133W/YOR057W/YOR076C/YOR117W/YOR124C/YOR157C/YOR197W/YOR256C/YOR371C/YGL048C/YGR184C/YLR057W/YLR417W/YPL176C/YPL154C/YPL096W/YPR103W/YPR108W/YML092C/YML013W/YMR100W/YMR119W/YMR171C/YMR214W/YMR231W/YMR276W/YBL041W/YBL022C/YBR041W/YBR082C/YBR133C/YBR173C/YNL159C/YNL155W/YNL116W/YNL008C/YJL172W/YJL034W/YJL001W/YJR117W/YKL059C/YER125W/YER143W/YHL002W/YHR027C/YHR108W/YHR200W/YIL075C/YIL030C/YIL017C/YCL043C/YCL008C/YFR010W/YFR050C/YAL058W/YAL023C/YAL020C,63,Upregulated,8. Mixed origin
GO:0048284,organelle fusion,30/810,104/5235,0.28846153846153844,1.8643162393162394,3.808825414073133,3.4030042204402666e-4,0.00783206577401328,0.00642608771451559,YDL126C/YDR126W/YDR135C/YOL018C/YOR036W/YOR124C/YGL173C/YGR009C/YLR229C/YLR268W/YLR360W/YPL232W/YPL204W/YPR165W/YML001W/YMR065W/YMR198W/YMR231W/YMR232W/YBR080C/YBR200W/YJL034W/YJL019W/YKL196C/YKR054C/YHR005C/YHR138C/YCL055W/YFL004W/YAL014C,30,Upregulated,8. Mixed origin
GO:0009086,methionine biosynthetic process,13/810,31/5235,0.41935483870967744,2.7102747909199523,4.085835038177069,3.6054303861608213e-4,0.00808757626716304,0.006635730085805093,YDR158W/YOL064C/YGL125W/YGR204W/YLR303W/YPR167C/YNL277W/YJR139C/YKL001C/YKR069W/YER091C/YHR208W/YIR017C,13,Upregulated,8. Mixed origin
GO:0007266,Rho protein signal transduction,9/810,17/5235,0.5294117647058824,3.4215686274509802,4.2783069083992995,3.6539847503863957e-4,0.00808757626716304,0.006635730085805093,YDR309C/YDR389W/YOL105C/YOR008C/YLR229C/YPL161C/YPL115C/YNL283C/YER155C,9,Upregulated,8. Mixed origin
GO:0019953,sexual reproduction,78/810,352/5235,0.2215909090909091,1.4321338383838382,3.5912775933614007,3.7443578328123485e-4,0.00808757626716304,0.006635730085805093,YDL165W/YDL160C-A/YDR075W/YDR085C/YDR103W/YDR155C/YDR260C/YDR264C/YDR369C/YDR461W/YOL117W/YOL069W/YOR127W/YOR208W/YOR212W/YOR229W/YOR230W/YGL250W/YGL201C/YGL194C/YGL163C/YGL162W/YGR279C/YLL043W/YLR035C/YLR189C/YLR212C/YLR229C/YLR238W/YLR274W/YLR452C/YPL232W/YPL204W/YPL179W/YPR036W-A/YPR075C/YPR122W/YML085C/YML052W/YMR029C/YMR065W/YMR148W/YMR190C/YMR198W/YMR232W/YBR023C/YBR057C/YBR073W/YBR081C/YBR200W/YNL126W/YNL053W/YNR044W/YJL092W/YJL034W/YJL019W/YJR117W/YKL116C/YEL072W/YEL032W/YER075C/YER180C/YHR005C/YHR084W/YHR119W/YIL024C/YIL017C/YIL015W/YCL055W/YCL014W/YCR009C/YCR086W/YCR089W/YFL039C/YFL029C/YFL026W/YFR022W/YFR039C,78,Upregulated,8. Mixed origin
GO:0006486,protein glycosylation,24/810,77/5235,0.3116883116883117,2.0144300144300145,3.8364497588625603,0.00037802364382394723,0.00808757626716304,0.006635730085805093,YDL095W/YDL093W/YDR245W/YDR483W/YOR002W/YOR085W/YOR103C/YOR321W/YOR336W/YGL027C/YGL022W/YLR057W/YML115C/YBL082C/YBR015C/YBR199W/YNL219C/YJL183W/YJR075W/YJR143C/YKL201C/YKL104C/YEL002C/YAL023C,24,Upregulated,8. Mixed origin
GO:0043413,macromolecule glycosylation,24/810,77/5235,0.3116883116883117,2.0144300144300145,3.8364497588625603,0.00037802364382394723,0.00808757626716304,0.006635730085805093,YDL095W/YDL093W/YDR245W/YDR483W/YOR002W/YOR085W/YOR103C/YOR321W/YOR336W/YGL027C/YGL022W/YLR057W/YML115C/YBL082C/YBR015C/YBR199W/YNL219C/YJL183W/YJR075W/YJR143C/YKL201C/YKL104C/YEL002C/YAL023C,24,Upregulated,8. Mixed origin
GO:0000749,response to pheromone triggering conjugation with cellular fusion,17/810,47/5235,0.3617021276595745,2.3376674546887313,3.9409401299640074,3.92205330946521e-4,0.008274443023718964,0.006789051342700012,YDL165W/YDR103W/YDR264C/YDR461W/YOR127W/YOR208W/YOR212W/YLR229C/YLR238W/YPL179W/YPR075C/YMR029C/YNL053W/YNR044W/YER075C/YHR005C/YFL026W,17,Upregulated,8. Mixed origin
GO:0055085,transmembrane transport,90/810,419/5235,0.21479713603818615,1.388225934765314,3.5444679014155547,4.0924748753421304e-4,0.008515711418691363,0.006987008294744171,YDL185W/YDL054C/YDR135C/YDR142C/YDR205W/YDR338C/YDR352W/YOR011W/YOR087W/YOR092W/YOR153W/YOR222W/YOR270C/YOR306C/YOR332W/YOR348C/YOR378W/YGL167C/YGL153W/YGL139W/YGL114W/YGL084C/YGL020C/YGL008C/YGR121C/YGR125W/YGR239C/YGR243W/YGR281W/YLL055W/YLL048C/YLL043W/YLR034C/YLR092W/YLR136C/YLR138W/YLR188W/YLR241W/YPR036W/YPR115W/YML055W/YML038C/YMR054W/YMR088C/YMR221C/YMR241W/YMR301C/YBR036C/YBR085W/YBR086C/YBR104W/YBR127C/YBR287W/YBR291C/YBR293W/YNL321W/YNL142W/YNL101W/YJL198W/YJL163C/YJL129C/YJL093C/YJL034W/YJR001W/YJR117W/YKL209C/YKL197C/YKL175W/YKL146W/YKL120W/YKL073W/YKR039W/YEL063C/YEL031W/YER083C/YER119C/YHL036W/YHR026W/YHR039C-A/YHR048W/YHR050W/YHR092C/YHR175W/YIR028W/YIR034C/YCR023C/YCR028C/YCR037C/YAL055W/YAL053W,90,Upregulated,8. Mixed origin
GO:0006520,amino acid metabolic process,54/810,225/5235,0.24,1.5511111111111109,3.6150498819574954,4.191122631248771e-4,0.008603128752522816,0.0070587328526295085,YDL182W/YDL170W/YDL131W/YDR034C/YDR158W/YDR173C/YDR234W/YOL064C/YOR375C/YGL154C/YGL125W/YGL026C/YGL009C/YGR019W/YGR204W/YLR134W/YLR303W/YPR033C/YPR167C/YML076C/YMR062C/YMR108W/YBL076C/YBR115C/YBR248C/YNL277W/YNL239W/YNL104C/YNR050C/YJL200C/YJL071W/YJL060W/YJR016C/YJR139C/YKL106W/YKL015W/YKL001C/YKR069W/YER023W/YER086W/YER090W/YER091C/YHR018C/YHR112C/YHR205W/YHR208W/YIL094C/YIL074C/YIR017C/YIR034C/YCL018W/YCR053W/YFR025C/YAL012W,54,Upregulated,8. Mixed origin
GO:0097435,supramolecular fiber organization,32/810,115/5235,0.2782608695652174,1.798389694041868,3.7036641094930136,4.4510615000207485e-4,0.009014883224708689,0.007396570969859039,YDL161W/YDR309C/YOR122C/YOR127W/YOR326W/YGL061C/YGR113W/YLR212C/YLR229C/YLR337C/YPL242C/YPL155C/YPR165W/YBR234C/YNL126W/YNL116W/YNL079C/YNL047C/YJR065C/YKL052C/YKL007W/YKR054C/YER016W/YIL118W/YIL105C/YIL062C/YIL034C/YIR006C/YCR009C/YCR088W/YAL029C/YAR014C,32,Upregulated,8. Mixed origin
GO:0030866,cortical actin cytoskeleton organization,19/810,56/5235,0.3392857142857143,2.1927910052910056,3.8391770833273666,4.656462845527499e-4,0.009210056797168544,0.007556707839539556,YDL161W/YDR126W/YDR388W/YOR122C/YPL242C/YPR165W/YPR188C/YML052W/YMR232W/YBL047C/YBR234C/YNL079C/YJR065C/YHR023W/YIL062C/YIR006C/YCR030C/YCR088W/YFL039C,19,Upregulated,8. Mixed origin
GO:0006790,sulfur compound metabolic process,34/810,125/5235,0.272,1.7579259259259261,3.6692225212090226,4.729324754306428e-4,0.009210056797168544,0.007556707839539556,YDR081C/YDR135C/YDR158W/YDR253C/YOL064C/YOL049W/YOR311C/YGL125W/YGR204W/YLL027W/YLR299W/YLR303W/YLR450W/YPR167C/YML004C/YMR207C/YBR213W/YNL277W/YNL239W/YJL101C/YJR010W/YJR137C/YJR139C/YKL215C/YKL001C/YKR069W/YER091C/YER163C/YHR112C/YHR205W/YHR208W/YIR017C/YFR030W/YAL012W,34,Upregulated,8. Mixed origin
GO:0141124,intracellular signaling cassette,34/810,125/5235,0.272,1.7579259259259261,3.6692225212090226,4.729324754306428e-4,0.009210056797168544,0.007556707839539556,YDL073W/YDR103W/YDR162C/YDR283C/YDR309C/YDR389W/YOL105C/YOL081W/YOR008C/YOR127W/YOR208W/YOR371C/YGL194C/YLR229C/YLR260W/YPL161C/YPL115C/YPL031C/YPR095C/YPR165W/YBR036C/YBR140C/YNL298W/YNL283C/YNL053W/YJR031C/YER075C/YER155C/YHR182W/YIL118W/YCR033W/YCR038C/YCR073C/YFL047W,34,Upregulated,8. Mixed origin
GO:0030865,cortical cytoskeleton organization,19/810,57/5235,0.3333333333333333,2.154320987654321,3.7487435182666307,5.992984795046359e-4,0.01152322013123471,0.009454622248280998,YDL161W/YDR126W/YDR388W/YOR122C/YPL242C/YPR165W/YPR188C/YML052W/YMR232W/YBL047C/YBR234C/YNL079C/YJR065C/YHR023W/YIL062C/YIR006C/YCR030C/YCR088W/YFL039C,19,Upregulated,8. Mixed origin
GO:0071852,fungal-type cell wall organization or biogenesis,41/810,162/5235,0.25308641975308643,1.6356881572930955,3.516186708277422,6.658599671075234e-4,0.012552578311122812,0.01029919456731881,YDR162C/YDR260C/YDR261C/YDR293C/YDR349C/YDR351W/YDR389W/YOL030W/YOR008C/YOR208W/YOR247W/YOR336W/YGL139W/YGL027C/YGR014W/YGR282C/YLR413W/YPL031C/YPR159W/YPR165W/YML052W/YMR148W/YMR238W/YBR023C/YNL322C/YNL283C/YNL053W/YJL174W/YJL034W/YKL126W/YKR019C/YKR042W/YER075C/YHR079C/YIL123W/YIL015W/YCR017C/YCR032W/YFL039C/YFR039C/YAL053W,41,Upregulated,8. Mixed origin
GO:0022413,reproductive process in single-celled organism,40/810,157/5235,0.25477707006369427,1.6466147676338758,3.519263846246529,6.693606604351204e-4,0.012552578311122812,0.01029919456731881,YDR146C/YDR155C/YDR260C/YOL070C/YOR035C/YOR127W/YLR084C/YLR189C/YLR229C/YLR337C/YPL232W/YPL016W/YPR036W-A/YPR122W/YPR165W/YML052W/YMR148W/YMR190C/YMR232W/YMR238W/YBR023C/YNL078W/YJR092W/YKL189W/YKR020W/YKR089C/YER180C/YHR119W/YIL140W/YIL024C/YIL017C/YIR002C/YIR006C/YCL014W/YCR038C/YCR089W/YFL039C/YFL026W/YFR039C/YAL029C,40,Upregulated,8. Mixed origin
GO:0032506,cytokinetic process,17/810,49/5235,0.3469387755102041,2.242252456538171,3.737613408443097,6.855908127058356e-4,0.012700151762197125,0.010420276280407051,YDR245W/YDR388W/YOR014W/YOR122C/YOR326W/YPL242C/YPL066W/YPR165W/YPR188C/YML064C/YMR232W/YNL116W/YNL079C/YKR042W/YHR023W/YIL135C/YFL039C,17,Upregulated,8. Mixed origin
GO:0043162,ubiquitin-dependent protein catabolic process via the multivesicular body sorting pathway,12/810,29/5235,0.41379310344827586,2.6743295019157087,3.868036626478548,7.019769500685656e-4,0.012748367024249313,0.010459836150314393,YDL126C/YOR124C/YOR256C/YLR417W/YPL176C/YMR171C/YBR082C/YER125W/YER143W/YHL002W/YHR108W/YCL008C,12,Upregulated,8. Mixed origin
GO:0009101,glycoprotein biosynthetic process,24/810,80/5235,0.3,1.9388888888888889,3.6203252497598433,7.049788216174736e-4,0.012748367024249313,0.010459836150314393,YDL095W/YDL093W/YDR245W/YDR483W/YOR002W/YOR085W/YOR103C/YOR321W/YOR336W/YGL027C/YGL022W/YLR057W/YML115C/YBL082C/YBR015C/YBR199W/YNL219C/YJL183W/YJR075W/YJR143C/YKL201C/YKL104C/YEL002C/YAL023C,24,Upregulated,8. Mixed origin
GO:1905039,carboxylic acid transmembrane transport,15/810,41/5235,0.36585365853658536,2.36449864498645,3.752466255760535,7.447528281528733e-4,0.01330917112899076,0.010919967164495382,YOR222W/YOR348C/YGR243W/YLL055W/YMR241W/YBR104W/YBR291C/YNL101W/YKL146W/YKL120W/YKR039W/YEL063C/YER119C/YHL036W/YCR028C,15,Upregulated,8. Mixed origin
GO:0019752,carboxylic acid metabolic process,73/810,333/5235,0.21921921921921922,1.4168056945834724,3.3625739040815827,8.018107223140085e-4,0.014162214967383475,0.011619876318479633,YDL182W/YDL170W/YDL131W/YDR034C/YDR158W/YDR173C/YDR191W/YDR234W/YDR253C/YOL064C/YOR347C/YOR375C/YGL154C/YGL125W/YGL062W/YGL026C/YGL009C/YGR019W/YGR037C/YGR204W/YLL027W/YLR134W/YLR303W/YLR380W/YPR167C/YML076C/YML004C/YMR020W/YMR062C/YMR108W/YMR207C/YBR041W/YBR115C/YBR248C/YNL277W/YNL239W/YNL104C/YNR050C/YJL200C/YJL071W/YJL060W/YJR010W/YJR016C/YJR137C/YJR139C/YKL152C/YKL106W/YKL015W/YKL001C/YKR069W/YER023W/YER061C/YER086W/YER090W/YER091C/YER125W/YHR018C/YHR063C/YHR112C/YHR183W/YHR205W/YHR208W/YIL094C/YIL074C/YIR017C/YIR031C/YIR034C/YCL026C-A/YCL018W/YCR005C/YCR053W/YFR025C/YAL012W,73,Upregulated,8. Mixed origin
GO:0000278,mitotic cell cycle,79/810,368/5235,0.21467391304347827,1.3874295491143318,3.297529643868569,9.505690176251227e-4,0.016596716526121394,0.01361734684655953,YDL134C/YDL126C/YDR146C/YDR253C/YDR260C/YDR309C/YDR388W/YDR451C/YDR457W/YOL133W/YOL070C/YOL069W/YOR014W/YOR066W/YOR122C/YOR127W/YOR326W/YGL201C/YGL173C/YGL093W/YGL061C/YGL060W/YGL021W/YGR014W/YGR113W/YLR084C/YLR131C/YLR210W/YLR212C/YLR229C/YLR314C/YLR337C/YLR353W/YLR361C/YLR442C/YPL242C/YPL179W/YPL152W/YPL031C/YPR075C/YPR122W/YPR165W/YPR188C/YML085C/YML064C/YML034W/YMR190C/YMR198W/YBR133C/YBR214W/YNL298W/YNL126W/YNL116W/YNL079C/YNL078W/YNL068C/YJL194W/YJL030W/YJL019W/YJR092W/YKL198C/YKR054C/YKR088C/YEL032W/YER016W/YER155C/YHR023W/YIL140W/YIL135C/YIL106W/YIL031W/YIR006C/YCL014W/YCR038C/YCR086W/YFL039C/YFL029C/YFR003C/YAR014C,79,Upregulated,8. Mixed origin
GO:0070887,cellular response to chemical stimulus,66/810,297/5235,0.2222222222222222,1.4362139917695473,3.3113493730090156,9.791378188986621e-4,0.01690125394212577,0.013867215042775312,YDL165W/YDL126C/YDL073W/YDR075W/YDR103W/YDR264C/YDR368W/YDR461W/YOL117W/YOR052C/YOR124C/YOR127W/YOR162C/YOR208W/YOR212W/YOR270C/YOR371C/YGL248W/YGL220W/YGL060W/YGR014W/YGR043C/YLR229C/YLR238W/YLR299W/YLR364W/YLR452C/YPL188W/YPL179W/YPL049C/YPR075C/YMR029C/YMR038C/YMR119W/YMR291W/YBL101C/YBL022C/YBR014C/YBR066C/YNL190W/YNL159C/YNL155W/YNL079C/YNL053W/YNL036W/YNL008C/YNR044W/YJL110C/YKL176C/YKL126W/YKL032C/YKR071C/YEL047C/YER075C/YER125W/YHR005C/YHR084W/YHR183W/YHR186C/YHR205W/YIL015W/YCL035C/YCL026C-A/YFL026W/YFR022W/YAL053W,66,Upregulated,8. Mixed origin
GO:0006555,methionine metabolic process,13/810,34/5235,0.38235294117647056,2.4711328976034856,3.6817192651254573,0.0010337818528732595,0.01764398465746608,0.014476614001205666,YDR158W/YOL064C/YGL125W/YGR204W/YLR303W/YPR167C/YNL277W/YJR139C/YKL001C/YKR069W/YER091C/YHR208W/YIR017C,13,Upregulated,8. Mixed origin
GO:0080135,regulation of cellular response to stress,18/810,55/5235,0.32727272727272727,2.1151515151515152,3.556747826136439,0.0010586977652282995,0.017868465615353185,0.01466079712316148,YDL095W/YDR075W/YDR283C/YOR051C/YOR208W/YGL194C/YLR361C/YPL204W/YBR066C/YNL053W/YJL092W/YJR143C/YKL032C/YER075C/YHR154W/YCR033W/YFR010W/YAL023C,18,Upregulated,8. Mixed origin
GO:0007114,cell budding,17/810,51/5235,0.3333333333333333,2.154320987654321,3.543903721044277,0.0011493324228337,0.018976477720482502,0.01556990376012701,YOL070C/YOR127W/YLR084C/YLR229C/YLR337C/YPR122W/YPR165W/YMR238W/YNL078W/YJR092W/YKL189W/YKR020W/YKR089C/YIL140W/YIR006C/YCL014W/YCR038C,17,Upregulated,8. Mixed origin
GO:0019954,asexual reproduction,17/810,51/5235,0.3333333333333333,2.154320987654321,3.543903721044277,0.0011493324228337,0.018976477720482502,0.01556990376012701,YOL070C/YOR127W/YLR084C/YLR229C/YLR337C/YPR122W/YPR165W/YMR238W/YNL078W/YJR092W/YKL189W/YKR020W/YKR089C/YIL140W/YIR006C/YCL014W/YCR038C,17,Upregulated,8. Mixed origin
GO:0034976,response to endoplasmic reticulum stress,26/810,92/5235,0.2826086956521739,1.826489533011272,3.421572450514571,0.0011621817142739607,0.01898230133314136,0.015574681943411085,YDL126C/YDL095W/YDL091C/YDR411C/YDR518W/YGR184C/YLR057W/YLR361C/YPL096W/YPL051W/YPR095C/YML013W/YMR214W/YMR276W/YBL047C/YBR162W-A/YJL034W/YJR117W/YJR143C/YHR079C/YHR192W/YIL030C/YCL043C/YFR010W/YAL058W/YAL023C,26,Upregulated,8. Mixed origin
GO:0044272,sulfur compound biosynthetic process,23/810,78/5235,0.2948717948717949,1.9057454890788224,3.4479236988103983,0.0011755080518028875,0.018995709900942407,0.015585683463993489,YDR081C/YDR158W/YOL064C/YOL049W/YGL125W/YGR204W/YLL027W/YLR303W/YPR167C/YMR207C/YNL277W/YJL101C/YJR010W/YJR137C/YJR139C/YKL001C/YKR069W/YER091C/YHR205W/YHR208W/YIR017C/YFR030W/YAL012W,23,Upregulated,8. Mixed origin
GO:0043408,regulation of MAPK cascade,8/810,16/5235,0.5,3.2314814814814814,3.824391647874188,0.0012811849130193575,0.020381816179986235,0.016722962029800562,YDR103W/YDR162C/YOR208W/YGL194C/YNL298W/YNL053W/YER075C/YCR033W,8,Upregulated,8. Mixed origin
GO:0048878,chemical homeostasis,53/810,230/5235,0.23043478260869565,1.489291465378422,3.2466258982233405,0.0013049527275230295,0.020381816179986235,0.016722962029800562,YDL185W/YDL170W/YDR075W/YDR107C/YDR205W/YDR492W/YOR086C/YOR087W/YOR153W/YOR226C/YOR270C/YOR332W/YOR371C/YGL248W/YGL220W/YGL167C/YGL008C/YGR038W/YGR092W/YGR121C/YLL051C/YLR034C/YLR087C/YLR099C/YLR136C/YLR138W/YPL135W/YPL031C/YPR036W/YML072C/YMR054W/YMR301C/YBR036C/YBR127C/YNL321W/YNL142W/YJL129C/YJL110C/YJL093C/YJR033C/YKL175W/YKR020W/YEL031W/YER125W/YHR026W/YHR039C-A/YHR050W/YHR060W/YHR175W/YCR044C/YFL041W/YFR003C/YAL053W,53,Upregulated,8. Mixed origin
GO:0003333,amino acid transmembrane transport,15/810,43/5235,0.3488372093023256,2.2545219638242893,3.5338481688962458,0.0013149558825797571,0.020381816179986235,0.016722962029800562,YDR352W/YOR222W/YOR348C/YGR125W/YLL055W/YMR088C/YBR104W/YBR293W/YNL101W/YJR001W/YKL146W/YKR039W/YEL063C/YER119C/YHL036W,15,Upregulated,8. Mixed origin
GO:1903825,organic acid transmembrane transport,15/810,43/5235,0.3488372093023256,2.2545219638242893,3.5338481688962458,0.0013149558825797571,0.020381816179986235,0.016722962029800562,YOR222W/YOR348C/YGR243W/YLL055W/YMR241W/YBR104W/YBR291C/YNL101W/YKL146W/YKL120W/YKR039W/YEL063C/YER119C/YHL036W/YCR028C,15,Upregulated,8. Mixed origin
GO:0007035,vacuolar acidification,11/810,27/5235,0.4074074074074074,2.633058984910837,3.63957771164226,0.0013646615038881173,0.0207292082440605,0.017007991795826637,YDL185W/YOR270C/YOR332W/YGR092W/YPR036W/YMR054W/YBR127C/YJR033C/YHR026W/YHR039C-A/YHR060W,11,Upregulated,8. Mixed origin
GO:0051452,intracellular pH reduction,11/810,27/5235,0.4074074074074074,2.633058984910837,3.63957771164226,0.0013646615038881173,0.0207292082440605,0.017007991795826637,YDL185W/YOR270C/YOR332W/YGR092W/YPR036W/YMR054W/YBR127C/YJR033C/YHR026W/YHR039C-A/YHR060W,11,Upregulated,8. Mixed origin
GO:0055082,intracellular chemical homeostasis,47/810,199/5235,0.23618090452261306,1.52642843848874,3.2391104041766807,0.00140718098747479,0.02094492723603416,0.017184985861518624,YDL185W/YDL170W/YDR075W/YDR107C/YDR205W/YDR492W/YOR087W/YOR153W/YOR226C/YOR270C/YOR332W/YOR371C/YGL248W/YGL220W/YGL167C/YGL008C/YGR038W/YGR092W/YGR121C/YLL051C/YLR034C/YLR136C/YLR138W/YPL135W/YPR036W/YMR054W/YMR301C/YBR036C/YBR127C/YNL321W/YNL142W/YJL129C/YJL110C/YJL093C/YJR033C/YKL175W/YKR020W/YEL031W/YER125W/YHR026W/YHR039C-A/YHR050W/YHR060W/YHR175W/YCR044C/YFL041W/YFR003C,47,Upregulated,8. Mixed origin
GO:1903047,mitotic cell cycle process,74/810,345/5235,0.2144927536231884,1.3862587224906064,3.175675721638164,0.0014108354169587655,0.02094492723603416,0.017184985861518624,YDL134C/YDL126C/YDR146C/YDR260C/YDR309C/YDR388W/YDR451C/YOL133W/YOL070C/YOL069W/YOR014W/YOR066W/YOR122C/YOR127W/YOR326W/YGL201C/YGL173C/YGL093W/YGL060W/YGL021W/YGR014W/YGR113W/YLR084C/YLR131C/YLR210W/YLR212C/YLR229C/YLR314C/YLR337C/YLR353W/YLR361C/YLR442C/YPL242C/YPL152W/YPL031C/YPR122W/YPR165W/YPR188C/YML085C/YML064C/YML034W/YMR190C/YMR198W/YBR133C/YBR214W/YNL298W/YNL126W/YNL116W/YNL079C/YNL078W/YNL068C/YJL194W/YJL030W/YJL019W/YJR092W/YKL198C/YKR054C/YKR088C/YEL032W/YER016W/YER155C/YHR023W/YIL140W/YIL135C/YIL106W/YIL031W/YIR006C/YCL014W/YCR038C/YCR086W/YFL039C/YFL029C/YFR003C/YAR014C,74,Upregulated,8. Mixed origin
GO:0042592,homeostatic process,59/810,263/5235,0.22433460076045628,1.4498662160259117,3.2025684813986395,0.0014202287724236463,0.02094492723603416,0.017184985861518624,YDL185W/YDL170W/YDR075W/YDR092W/YDR107C/YDR135C/YDR205W/YDR492W/YOR086C/YOR087W/YOR124C/YOR153W/YOR226C/YOR270C/YOR332W/YOR371C/YGL248W/YGL220W/YGL167C/YGL087C/YGL008C/YGR038W/YGR092W/YGR121C/YLL051C/YLR034C/YLR087C/YLR099C/YLR136C/YLR138W/YPL135W/YPL031C/YPR036W/YML072C/YMR054W/YMR301C/YMR304W/YBL067C/YBR036C/YBR127C/YNL321W/YNL142W/YJL129C/YJL110C/YJL093C/YJR033C/YKL175W/YKR020W/YEL031W/YER125W/YHR026W/YHR039C-A/YHR050W/YHR060W/YHR175W/YCR044C/YFL041W/YFR003C/YAL053W,59,Upregulated,8. Mixed origin
GO:0006487,protein N-linked glycosylation,17/810,52/5235,0.3269230769230769,2.112891737891738,3.4503783230213108,0.0014668256355713728,0.021424116734931876,0.017578153365551675,YDR245W/YDR483W/YOR002W/YOR085W/YOR103C/YOR336W/YGL027C/YGL022W/YML115C/YBL082C/YBR199W/YNL219C/YJL183W/YJR075W/YKL201C/YKL104C/YEL002C,17,Upregulated,8. Mixed origin
GO:0009082,branched-chain amino acid biosynthetic process,7/810,13/5235,0.5384615384615384,3.48005698005698,3.8301663148818386,0.0015075666591057952,0.0216037146715255,0.017725510669128714,YGL009C/YMR108W/YNL104C/YJR016C/YER086W/YHR208W/YCL018W,7,Upregulated,8. Mixed origin
GO:0035268,protein mannosylation,7/810,13/5235,0.5384615384615384,3.48005698005698,3.8301663148818386,0.0015075666591057952,0.0216037146715255,0.017725510669128714,YDL095W/YDL093W/YOR085W/YOR321W/YBR015C/YJR143C/YAL023C,7,Upregulated,8. Mixed origin
GO:0055080,monoatomic cation homeostasis,37/810,148/5235,0.25,1.6157407407407407,3.2508775382541515,0.0015265911712775786,0.021671887749258337,0.0177814456152745,YDL185W/YDR107C/YDR205W/YDR492W/YOR087W/YOR153W/YOR226C/YOR270C/YOR332W/YGL220W/YGL167C/YGL008C/YGR092W/YLL051C/YLR034C/YLR136C/YLR138W/YPL135W/YPR036W/YMR054W/YMR301C/YBR036C/YBR127C/YNL321W/YJL129C/YJL093C/YJR033C/YKL175W/YEL031W/YHR026W/YHR039C-A/YHR050W/YHR060W/YHR175W/YCR044C/YFL041W/YAL053W,37,Upregulated,8. Mixed origin
GO:0000741,karyogamy,9/810,20/5235,0.45,2.908333333333333,3.6580093298153438,0.001628610398964123,0.022906103666912064,0.018794100510463173,YGL173C/YMR065W/YMR198W/YMR232W/YJL034W/YJL019W/YKR054C/YHR005C/YCL055W,9,Upregulated,8. Mixed origin
GO:0030003,intracellular monoatomic cation homeostasis,36/810,144/5235,0.25,1.6157407407407407,3.2053858720843267,0.0017583062170170272,0.024503368290356556,0.020104631201817096,YDL185W/YDR107C/YDR205W/YDR492W/YOR087W/YOR153W/YOR226C/YOR270C/YOR332W/YGL220W/YGL167C/YGL008C/YGR092W/YLL051C/YLR034C/YLR136C/YLR138W/YPL135W/YPR036W/YMR054W/YMR301C/YBR036C/YBR127C/YNL321W/YJL129C/YJL093C/YJR033C/YKL175W/YEL031W/YHR026W/YHR039C-A/YHR050W/YHR060W/YHR175W/YCR044C/YFL041W,36,Upregulated,8. Mixed origin
GO:0019725,cellular homeostasis,53/810,233/5235,0.22746781115879827,1.4701160387855665,3.140609326135897,0.0017757377490853947,0.02452132400782468,0.020119363587723517,YDL185W/YDL170W/YDR075W/YDR092W/YDR107C/YDR135C/YDR205W/YDR492W/YOR087W/YOR124C/YOR153W/YOR226C/YOR270C/YOR332W/YOR371C/YGL248W/YGL220W/YGL167C/YGL087C/YGL008C/YGR038W/YGR092W/YGR121C/YLL051C/YLR034C/YLR136C/YLR138W/YPL135W/YPR036W/YMR054W/YMR301C/YMR304W/YBL067C/YBR036C/YBR127C/YNL321W/YNL142W/YJL129C/YJL110C/YJL093C/YJR033C/YKL175W/YKR020W/YEL031W/YER125W/YHR026W/YHR039C-A/YHR050W/YHR060W/YHR175W/YCR044C/YFL041W/YFR003C,53,Upregulated,8. Mixed origin
GO:0045229,external encapsulating structure organization,44/810,186/5235,0.23655913978494625,1.528872958980486,3.1420122950778264,0.0019122550900658535,0.02593495965901814,0.021279229573665133,YDR260C/YDR261C/YDR293C/YDR349C/YDR351W/YDR389W/YOL105C/YOL030W/YOR008C/YOR092W/YOR247W/YOR336W/YGR014W/YGR279C/YGR282C/YLL031C/YLR413W/YPL031C/YPR159W/YPR165W/YML052W/YMR148W/YMR238W/YBL101C/YBR023C/YBR162C/YNL322C/YNL283C/YNL192W/YNL053W/YJL174W/YKL126W/YKR019C/YKR042W/YHR079C/YHR142W/YIL123W/YIL015W/YCR017C/YCR032W/YCR089W/YFL039C/YFR039C/YFR042W,44,Upregulated,8. Mixed origin
GO:0071555,cell wall organization,44/810,186/5235,0.23655913978494625,1.528872958980486,3.1420122950778264,0.0019122550900658535,0.02593495965901814,0.021279229573665133,YDR260C/YDR261C/YDR293C/YDR349C/YDR351W/YDR389W/YOL105C/YOL030W/YOR008C/YOR092W/YOR247W/YOR336W/YGR014W/YGR279C/YGR282C/YLL031C/YLR413W/YPL031C/YPR159W/YPR165W/YML052W/YMR148W/YMR238W/YBL101C/YBR023C/YBR162C/YNL322C/YNL283C/YNL192W/YNL053W/YJL174W/YKL126W/YKR019C/YKR042W/YHR079C/YHR142W/YIL123W/YIL015W/YCR017C/YCR032W/YCR089W/YFL039C/YFR039C/YFR042W,44,Upregulated,8. Mixed origin
GO:0007015,actin filament organization,24/810,86/5235,0.27906976744186046,1.8036175710594315,3.214696184706028,0.002138656977159654,0.0287488491000488,0.023587981937187055,YDL161W/YDR309C/YOR122C/YOR127W/YOR326W/YLR229C/YLR337C/YPL242C/YPR165W/YBR234C/YNL116W/YNL079C/YNL047C/YJR065C/YKL007W/YIL118W/YIL105C/YIL062C/YIL034C/YIR006C/YCR009C/YCR088W/YAL029C/YAR014C,24,Upregulated,8. Mixed origin
GO:0051301,cell division,62/810,284/5235,0.21830985915492956,1.4109285341679707,3.046363595841076,0.0021924988450698524,0.029214085488255315,0.02396970113169626,YDR137W/YDR182W/YDR245W/YDR260C/YDR293C/YDR388W/YOL133W/YOL070C/YOL069W/YOR014W/YOR122C/YOR127W/YOR326W/YGL061C/YGR014W/YGR092W/YGR113W/YLR084C/YLR131C/YLR210W/YLR229C/YLR314C/YLR337C/YLR353W/YLR459W/YPL242C/YPL155C/YPL066W/YPR122W/YPR165W/YPR188C/YML064C/YMR232W/YMR238W/YBL047C/YBR133C/YBR156C/YBR214W/YNL192W/YNL116W/YNL079C/YNL078W/YJL194W/YJL030W/YJR046W/YJR092W/YJR112W/YKL189W/YKL052C/YKR020W/YKR042W/YKR089C/YER016W/YHR023W/YIL140W/YIL135C/YIL106W/YIR006C/YCL014W/YCR038C/YFL039C/YAR014C,62,Upregulated,8. Mixed origin
GO:0040008,regulation of growth,17/810,54/5235,0.3148148148148148,2.034636488340192,3.2694944567091313,0.0023265212217957096,0.030730310747023332,0.02521374028930087,YOL051W/YOR127W/YGL162W/YLR228C/YLR229C/YPL049C/YPR075C/YMR068W/YBR057C/YBR066C/YBR083W/YNL142W/YNL068C/YNL047C/YHR084W/YHR186C/YIL105C,17,Upregulated,8. Mixed origin
GO:0015711,organic anion transport,29/810,111/5235,0.26126126126126126,1.688521855188522,3.1367318245419473,0.0023670227377393166,0.030995754643327777,0.025431532862825325,YDR135C/YOR222W/YOR306C/YOR348C/YGL139W/YGR243W/YLL055W/YLL048C/YLL043W/YLR417W/YML038C/YMR241W/YMR275C/YBR041W/YBR085W/YBR104W/YBR291C/YNL101W/YJR001W/YKL146W/YKL120W/YKR039W/YEL063C/YER119C/YHL036W/YHL002W/YCL008C/YCR028C/YAL053W,29,Upregulated,8. Mixed origin
GO:0007264,small GTPase-mediated signal transduction,20/810,68/5235,0.29411764705882354,1.9008714596949892,3.198900891836901,0.0024929638053744047,0.03233606063212645,0.026531233005396705,YDR309C/YDR389W/YOL105C/YOL081W/YOR008C/YOR127W/YOR371C/YLR229C/YPL161C/YPL115C/YPR095C/YPR165W/YBR140C/YNL283C/YJR031C/YER155C/YHR182W/YIL118W/YCR038C/YFL047W,20,Upregulated,8. Mixed origin
GO:0000282,cellular bud site selection,13/810,37/5235,0.35135135135135137,2.270770770770771,3.318582911339063,0.002533239773023731,0.03233606063212645,0.026531233005396705,YOL070C/YOR127W/YGR014W/YLR084C/YLR337C/YLR353W/YPR122W/YNL078W/YJR092W/YIL140W/YIR006C/YCL014W/YCR038C,13,Upregulated,8. Mixed origin
GO:1990778,protein localization to cell periphery,13/810,37/5235,0.35135135135135137,2.270770770770771,3.318582911339063,0.002533239773023731,0.03233606063212645,0.026531233005396705,YDL126C/YOR212W/YLR380W/YPL051W/YPR075C/YML052W/YBR080C/YBR086C/YNL265C/YNL047C/YHR023W/YIL105C/YCR088W,13,Upregulated,8. Mixed origin
GO:0006865,amino acid transport,16/810,50/5235,0.32,2.0681481481481483,3.246720063297463,0.0025719127685423,0.03255612912846462,0.026711795771527047,YDR352W/YOR222W/YOR348C/YGR125W/YLL055W/YMR088C/YBR104W/YBR293W/YNL101W/YJR001W/YKL176C/YKL146W/YKR039W/YEL063C/YER119C/YHL036W,16,Upregulated,8. Mixed origin
GO:0097502,mannosylation,7/810,14/5235,0.5,3.2314814814814814,3.5767055565168535,0.002615913738767342,0.03266336342468727,0.026799779837725465,YDL095W/YDL093W/YOR085W/YOR321W/YBR015C/YJR143C/YAL023C,7,Upregulated,8. Mixed origin
GO:0030641,regulation of cellular pH,12/810,33/5235,0.36363636363636365,2.3501683501683504,3.3286064498996932,0.0026448938125322808,0.03266336342468727,0.026799779837725465,YDL185W/YOR270C/YOR332W/YGL008C/YGR092W/YPR036W/YMR054W/YBR127C/YJR033C/YHR026W/YHR039C-A/YHR060W,12,Upregulated,8. Mixed origin
GO:0051453,regulation of intracellular pH,12/810,33/5235,0.36363636363636365,2.3501683501683504,3.3286064498996932,0.0026448938125322808,0.03266336342468727,0.026799779837725465,YDL185W/YOR270C/YOR332W/YGL008C/YGR092W/YPR036W/YMR054W/YBR127C/YJR033C/YHR026W/YHR039C-A/YHR060W,12,Upregulated,8. Mixed origin
GO:1902905,positive regulation of supramolecular fiber organization,11/810,29/5235,0.3793103448275862,2.4514687100893995,3.3531835438542106,0.0026941258950514417,0.03300304221438016,0.027078480982520435,YDR309C/YOR122C/YGL061C/YGR113W/YLR337C/YBR234C/YKL052C/YER016W/YIL118W/YIR006C/YCR088W,11,Upregulated,8. Mixed origin
GO:0010256,endomembrane system organization,29/810,112/5235,0.25892857142857145,1.6734457671957674,3.082138795528757,0.0027361746472364867,0.03324999431321778,0.027281101324867368,YDL126C/YDR179W-A/YDR388W/YDR517W/YOR086C/YOR164C/YOR326W/YGL223C/YGL020C/YGR026W/YGR284C/YLR229C/YLR268W/YPL204W/YPL085W/YML104C/YML072C/YML034W/YMR004W/YMR065W/YMR231W/YBR080C/YBR086C/YBR264C/YER008C/YER083C/YHR192W/YCR009C/YAL029C,29,Upregulated,8. Mixed origin
GO:0036503,ERAD pathway,17/810,55/5235,0.3090909090909091,1.9976430976430974,3.1819576717518925,0.002893705399733778,0.03488522620790166,0.02862278356963069,YDL126C/YDL095W/YDL091C/YDR411C/YGR184C/YLR057W/YPL096W/YML013W/YMR214W/YMR276W/YJL034W/YJR117W/YIL030C/YCL043C/YFR010W/YAL058W/YAL023C,17,Upregulated,8. Mixed origin
GO:0046942,carboxylic acid transport,20/810,69/5235,0.2898550724637681,1.8733225979602792,3.1240988973086696,0.003013431498247517,0.03604253894360613,0.029572340604434814,YDR135C/YOR222W/YOR348C/YGR243W/YLL055W/YLL048C/YLL043W/YMR241W/YBR041W/YBR104W/YBR291C/YNL101W/YJR001W/YKL146W/YKL120W/YKR039W/YEL063C/YER119C/YHL036W/YCR028C,20,Upregulated,8. Mixed origin
GO:0010498,proteasomal protein catabolic process,39/810,164/5235,0.23780487804878048,1.5369241192411922,2.988758080014305,0.0030673837006440223,0.03614126636397579,0.029653344911782224,YDL126C/YDL095W/YDL091C/YDR394W/YDR411C/YOL133W/YOR117W/YOR124C/YOR157C/YGL048C/YGR184C/YLR057W/YPL096W/YPR103W/YPR108W/YML092C/YML013W/YMR119W/YMR214W/YMR276W/YBL041W/YBR082C/YNL159C/YNL155W/YNL008C/YJL034W/YJL001W/YJR117W/YER125W/YHR027C/YHR200W/YIL075C/YIL030C/YIL017C/YCL043C/YFR010W/YFR050C/YAL058W/YAL023C,39,Upregulated,8. Mixed origin
GO:0009079,pyruvate family amino acid biosynthetic process,6/810,11/5235,0.5454545454545454,3.5252525252525246,3.586759882620391,0.0030930642707813387,0.03614126636397579,0.029653344911782224,YGL009C/YMR108W/YNL104C/YJR016C/YHR208W/YCL018W,6,Upregulated,8. Mixed origin
GO:0035269,protein O-linked mannosylation,6/810,11/5235,0.5454545454545454,3.5252525252525246,3.586759882620391,0.0030930642707813387,0.03614126636397579,0.029653344911782224,YDL095W/YDL093W/YOR085W/YOR321W/YJR143C/YAL023C,6,Upregulated,8. Mixed origin
GO:0006511,ubiquitin-dependent protein catabolic process,42/810,180/5235,0.23333333333333334,1.5080246913580246,2.9673120781045923,0.0031544571127516997,0.03657725461274681,0.03001106646442758,YDL126C/YDR394W/YDR457W/YOL133W/YOR117W/YOR124C/YOR157C/YOR256C/YOR371C/YGL048C/YGR184C/YLR417W/YPL176C/YPR103W/YPR108W/YML092C/YML013W/YMR100W/YMR119W/YMR171C/YMR276W/YBL041W/YBR082C/YBR173C/YNL159C/YNL155W/YNL116W/YNL008C/YJL001W/YKL059C/YER125W/YER143W/YHL002W/YHR027C/YHR108W/YHR200W/YIL075C/YIL017C/YCL008C/YFR010W/YFR050C/YAL020C,42,Upregulated,8. Mixed origin
GO:0140352,export from cell,22/810,79/5235,0.27848101265822783,1.7998124706985463,3.064417923056878,0.0033143392130772333,0.03759679900360925,0.030847586722756212,YDL099W/YDR126W/YDR338C/YDR517W/YOL018C/YOR153W/YOR326W/YGL210W/YGL008C/YGR009C/YLR138W/YLR229C/YPL232W/YPR095C/YMR231W/YBR162W-A/YJL204C/YER008C/YER143W/YHR048W/YIL118W/YFL039C,22,Upregulated,8. Mixed origin
GO:1901698,response to nitrogen compound,22/810,79/5235,0.27848101265822783,1.7998124706985463,3.064417923056878,0.0033143392130772333,0.03759679900360925,0.030847586722756212,YDL126C/YDL116W/YDL095W/YDL091C/YDR411C/YOR153W/YGR184C/YLR057W/YPL096W/YML103C/YML013W/YMR214W/YMR276W/YJL055W/YJL034W/YJR117W/YER125W/YIL030C/YCL043C/YFR010W/YAL058W/YAL023C,22,Upregulated,8. Mixed origin
GO:0007029,endoplasmic reticulum organization,13/810,38/5235,0.34210526315789475,2.2110136452241718,3.2052891068708473,0.0033166366467963396,0.03759679900360925,0.030847586722756212,YDL126C/YDR179W-A/YOR086C/YOR164C/YGL020C/YGR026W/YML104C/YML072C/YBR086C/YER008C/YER083C/YHR192W/YAL029C,13,Upregulated,8. Mixed origin
GO:0019941,modification-dependent protein catabolic process,43/810,186/5235,0.23118279569892472,1.494125846276384,2.935581140901968,0.003404405164074463,0.03830586254984525,0.03142936229445741,YDL126C/YDR394W/YDR457W/YOL133W/YOR117W/YOR124C/YOR157C/YOR256C/YOR371C/YGL048C/YGR184C/YLR417W/YPL176C/YPR103W/YPR108W/YML092C/YML013W/YMR100W/YMR119W/YMR171C/YMR276W/YBL041W/YBL022C/YBR082C/YBR173C/YNL159C/YNL155W/YNL116W/YNL008C/YJL001W/YKL059C/YER125W/YER143W/YHL002W/YHR027C/YHR108W/YHR200W/YIL075C/YIL017C/YCL008C/YFR010W/YFR050C/YAL020C,43,Upregulated,8. Mixed origin
GO:0001558,regulation of cell growth,12/810,34/5235,0.35294117647058826,2.2810457516339873,3.2059991527490097,0.0035236821541644765,0.03878603762446261,0.03182333844798428,YOR127W/YLR229C/YPL049C/YMR068W/YBR057C/YBR066C/YBR083W/YNL068C/YNL047C/YHR084W/YHR186C/YIL105C,12,Upregulated,8. Mixed origin
GO:0006885,regulation of pH,12/810,34/5235,0.35294117647058826,2.2810457516339873,3.2059991527490097,0.0035236821541644765,0.03878603762446261,0.03182333844798428,YDL185W/YOR270C/YOR332W/YGL008C/YGR092W/YPR036W/YMR054W/YBR127C/YJR033C/YHR026W/YHR039C-A/YHR060W,12,Upregulated,8. Mixed origin
GO:0031106,septin ring organization,12/810,34/5235,0.35294117647058826,2.2810457516339873,3.2059991527490097,0.0035236821541644765,0.03878603762446261,0.03182333844798428,YDR309C/YOR014W/YOR127W/YLR229C/YLR314C/YPL115C/YPR165W/YNL298W/YNL116W/YJR092W/YHR182W/YIL135C,12,Upregulated,8. Mixed origin
GO:0030705,cytoskeleton-dependent intracellular transport,9/810,22/5235,0.4090909090909091,2.643939393939394,3.3056434754157253,0.0036063601050859923,0.039410510788673546,0.032335708931630555,YOR326W/YPL155C/YML085C/YMR198W/YMR299C/YJL019W/YKR054C/YER016W/YHR005C,9,Upregulated,8. Mixed origin
GO:0051128,regulation of cellular component organization,76/810,369/5235,0.20596205962059622,1.3311251631034828,2.8224226395749854,0.003857257561847341,0.04185124454604365,0.034338292881407904,YDL207W/YDL134C/YDL126C/YDR075W/YDR155C/YDR227W/YDR260C/YDR264C/YDR293C/YDR309C/YDR389W/YDR394W/YOR008C/YOR014W/YOR117W/YOR122C/YOR124C/YOR127W/YOR229W/YOR230W/YGL194C/YGL173C/YGL093W/YGL066W/YGL061C/YGL048C/YGR113W/YGR235C/YLR210W/YLR229C/YLR324W/YLR337C/YPL204W/YPL155C/YPL049C/YPR165W/YML069W/YML064C/YML001W/YMR068W/YMR198W/YMR231W/YMR232W/YBL078C/YBR057C/YBR066C/YBR083W/YBR200W/YBR214W/YBR234C/YNL323W/YNL116W/YNL068C/YNL053W/YNL047C/YJL030W/YJR033C/YKL126W/YKL052C/YKL007W/YER016W/YER125W/YHR084W/YHR119W/YHR186C/YIL118W/YIL105C/YIL062C/YIL034C/YIL031W/YIR006C/YCR067C/YCR088W/YFR003C/YFR022W/YAR014C,76,Upregulated,8. Mixed origin
GO:0030148,sphingolipid biosynthetic process,14/810,43/5235,0.32558139534883723,2.1042204995693368,3.1104657415207604,0.0039281764877343575,0.042295924225223054,0.034703145617036205,YDR297W/YGL139W/YGR038W/YLR260W/YMR296C/YMR298W/YBR036C/YBR058C-A/YBR265W/YKL126W/YKL008C/YKR053C/YHR205W/YAL053W,14,Upregulated,8. Mixed origin
GO:0050801,monoatomic ion homeostasis,38/810,161/5235,0.2360248447204969,1.5254198297676558,2.8969893392617867,0.003953931033562655,0.042295924225223054,0.034703145617036205,YDL185W/YDR107C/YDR205W/YDR492W/YOR087W/YOR153W/YOR226C/YOR270C/YOR332W/YGL220W/YGL167C/YGL008C/YGR092W/YLL051C/YLR034C/YLR136C/YLR138W/YPL135W/YPR036W/YMR054W/YMR301C/YBR036C/YBR127C/YNL321W/YJL129C/YJL093C/YJR033C/YKL175W/YEL031W/YHR026W/YHR039C-A/YHR050W/YHR060W/YHR175W/YCR044C/YFL041W/YFR003C/YAL053W,38,Upregulated,8. Mixed origin
GO:0006873,intracellular monoatomic ion homeostasis,37/810,156/5235,0.23717948717948717,1.5328822412155745,2.890727613605879,0.0040611251921907525,0.04313880536320107,0.03539471643396283,YDL185W/YDR107C/YDR205W/YDR492W/YOR087W/YOR153W/YOR226C/YOR270C/YOR332W/YGL220W/YGL167C/YGL008C/YGR092W/YLL051C/YLR034C/YLR136C/YLR138W/YPL135W/YPR036W/YMR054W/YMR301C/YBR036C/YBR127C/YNL321W/YJL129C/YJL093C/YJR033C/YKL175W/YEL031W/YHR026W/YHR039C-A/YHR050W/YHR060W/YHR175W/YCR044C/YFL041W/YFR003C,37,Upregulated,8. Mixed origin
GO:0006534,cysteine metabolic process,7/810,15/5235,0.4666666666666667,3.0160493827160493,3.345139818883933,0.0042572057223726496,0.043991125797850715,0.036094032046467724,YLR303W/YPR167C/YKL001C/YHR112C/YHR205W/YIR017C/YAL012W,7,Upregulated,8. Mixed origin
GO:0030950,establishment or maintenance of actin cytoskeleton polarity,7/810,15/5235,0.4666666666666667,3.0160493827160493,3.345139818883933,0.0042572057223726496,0.043991125797850715,0.036094032046467724,YMR068W/YNL074C/YNL047C/YIL135C/YIL118W/YIL105C/YAR014C,7,Upregulated,8. Mixed origin
GO:0070201,regulation of establishment of protein localization,7/810,15/5235,0.4666666666666667,3.0160493827160493,3.345139818883933,0.0042572057223726496,0.043991125797850715,0.036094032046467724,YDR411C/YOL051W/YGL073W/YPL204W/YML055W/YNL298W/YJR117W,7,Upregulated,8. Mixed origin
GO:0071230,cellular response to amino acid stimulus,7/810,15/5235,0.4666666666666667,3.0160493827160493,3.345139818883933,0.0042572057223726496,0.043991125797850715,0.036094032046467724,YMR119W/YBL101C/YNL159C/YNL008C/YKL176C/YER125W/YHR186C,7,Upregulated,8. Mixed origin
GO:0015849,organic acid transport,20/810,71/5235,0.28169014084507044,1.8205529473135107,2.9781419793720425,0.004329185834389817,0.04443265731377116,0.03645630176328267,YDR135C/YOR222W/YOR348C/YGR243W/YLL055W/YLL048C/YLL043W/YMR241W/YBR041W/YBR104W/YBR291C/YNL101W/YJR001W/YKL146W/YKL120W/YKR039W/YEL063C/YER119C/YHL036W/YCR028C,20,Upregulated,8. Mixed origin
GO:0051258,protein polymerization,15/810,48/5235,0.3125,2.019675925925926,3.0361791369787245,0.004467473198662122,0.04554424019307224,0.03736833816471884,YDR092W/YGL087C/YGL061C/YGR113W/YLR212C/YPL155C/YNL126W/YKL052C/YKL007W/YER016W/YER125W/YIL062C/YIL034C/YCR088W/YAR014C,15,Upregulated,8. Mixed origin
GO:0016236,macroautophagy,40/810,173/5235,0.23121387283236994,1.4943266966388353,2.82864716051446,0.00463609766535054,0.04694821569111647,0.038520278145789746,YDL137W/YDL134C/YDL126C/YDR173C/YOL138C/YOL105C/YOR008C/YOR014W/YOR036W/YOR152C/YGL173C/YGL167C/YGL020C/YGR223C/YLR356W/YLR360W/YLR417W/YPL204W/YPL154C/YPL085W/YPL031C/YML104C/YML001W/YMR297W/YBL078C/YBL017C/YBR080C/YBR127C/YBR139W/YJL178C/YJR031C/YKL196C/YKR020W/YER083C/YER125W/YHR192W/YIL024C/YIR006C/YCL008C/YCR079W,40,Upregulated,8. Mixed origin
GO:0010970,transport along microtubule,8/810,19/5235,0.42105263157894735,2.721247563352826,3.215541201358272,0.004888205435289071,0.04759733369361602,0.03905286933456316,YPL155C/YML085C/YMR198W/YMR299C/YJL019W/YKR054C/YER016W/YHR005C,8,Upregulated,8. Mixed origin
GO:0015804,neutral amino acid transport,8/810,19/5235,0.42105263157894735,2.721247563352826,3.215541201358272,0.004888205435289071,0.04759733369361602,0.03905286933456316,YOR348C/YLL055W/YBR104W/YNL101W/YJR001W/YKL146W/YKR039W/YER119C,8,Upregulated,8. Mixed origin
GO:0030473,nuclear migration along microtubule,8/810,19/5235,0.42105263157894735,2.721247563352826,3.215541201358272,0.004888205435289071,0.04759733369361602,0.03905286933456316,YPL155C/YML085C/YMR198W/YMR299C/YJL019W/YKR054C/YER016W/YHR005C,8,Upregulated,8. Mixed origin
GO:0046839,phospholipid dephosphorylation,8/810,19/5235,0.42105263157894735,2.721247563352826,3.215541201358272,0.004888205435289071,0.04759733369361602,0.03905286933456316,YDR284C/YOR086C/YOR109W/YML072C/YBR086C/YNL106C/YJR110W/YKR053C,8,Upregulated,8. Mixed origin
GO:0072384,organelle transport along microtubule,8/810,19/5235,0.42105263157894735,2.721247563352826,3.215541201358272,0.004888205435289071,0.04759733369361602,0.03905286933456316,YPL155C/YML085C/YMR198W/YMR299C/YJL019W/YKR054C/YER016W/YHR005C,8,Upregulated,8. Mixed origin
GO:0099111,microtubule-based transport,8/810,19/5235,0.42105263157894735,2.721247563352826,3.215541201358272,0.004888205435289071,0.04759733369361602,0.03905286933456316,YPL155C/YML085C/YMR198W/YMR299C/YJL019W/YKR054C/YER016W/YHR005C,8,Upregulated,8. Mixed origin
GO:0032880,regulation of protein localization,19/810,67/5235,0.2835820895522388,1.8327805417357657,2.9350090794850834,0.004942833142116649,0.047822697725319684,0.03923777700480129,YDL126C/YDR411C/YOL070C/YOL051W/YGL073W/YGL066W/YGR092W/YPL204W/YPL031C/YPR165W/YML064C/YML055W/YBL047C/YNL298W/YJR117W/YER125W/YHR205W/YFR003C/YAR014C,19,Upregulated,8. Mixed origin
GO:0072659,protein localization to plasma membrane,10/810,27/5235,0.37037037037037035,2.3936899862825785,3.106099080242365,0.005100240692077837,0.048660745340670726,0.039925381991860395,YDL126C/YOR212W/YLR380W/YPL051W/YPR075C/YBR080C/YBR086C/YNL265C/YNL047C/YIL105C,10,Upregulated,8. Mixed origin
GO:0006493,protein O-linked glycosylation,9/810,23/5235,0.391304347826087,2.528985507246377,3.1438934178529605,0.0051255557962523474,0.048660745340670726,0.039925381991860395,YDL095W/YDL093W/YDR483W/YOR085W/YOR321W/YBR199W/YJR143C/YKL201C/YAL023C,9,Upregulated,8. Mixed origin
GO:0043328,protein transport to vacuole involved in ubiquitin-dependent protein catabolic process via the multivesicular body sorting pathway,9/810,23/5235,0.391304347826087,2.528985507246377,3.1438934178529605,0.0051255557962523474,0.048660745340670726,0.039925381991860395,YDL126C/YOR256C/YLR417W/YPL176C/YMR171C/YER125W/YER143W/YHL002W/YHR108W,9,Upregulated,8. Mixed origin
GO:0072665,protein localization to vacuole,31/810,127/5235,0.2440944881889764,1.5775736366287547,2.818944392327039,0.005234480869389721,0.049386189072068244,0.0405205972498034,YDL126C/YDR003W/YDR092W/YOL129W/YOL018C/YOR036W/YOR256C/YOR270C/YGL223C/YGL087C/YGR141W/YLR417W/YPL204W/YPL176C/YPL154C/YML001W/YMR004W/YMR171C/YMR276W/YBL078C/YBL017C/YNL041C/YJL178C/YJR126C/YKL103C/YKR020W/YER125W/YER143W/YHL002W/YHR108W/YCL008C,31,Upregulated,8. Mixed origin
GO:1902903,regulation of supramolecular fiber organization,17/810,58/5235,0.29310344827586204,1.894316730523627,2.930009313312716,0.005319908915310168,0.049865919766744725,0.04091420879652524,YDR309C/YOR122C/YGL061C/YGR113W/YLR337C/YPL155C/YBR234C/YNL116W/YKL052C/YKL007W/YER016W/YIL118W/YIL062C/YIL034C/YIR006C/YCR088W/YAR014C,17,Upregulated,8. Mixed origin
GO:0051058,negative regulation of small GTPase mediated signal transduction,6/810,12/5235,0.5,3.2314814814814814,3.310751833740914,0.005383812272380602,0.049865919766744725,0.04091420879652524,YDR389W/YOL081W/YOR371C/YPL115C/YBR140C/YER155C,6,Upregulated,8. Mixed origin
GO:1990822,basic amino acid transmembrane transport,6/810,12/5235,0.5,3.2314814814814814,3.310751833740914,0.005383812272380602,0.049865919766744725,0.04091420879652524,YDR352W/YGR125W/YMR088C/YBR293W/YEL063C/YER119C,6,Upregulated,8. Mixed origin
GO:1902600,proton transmembrane transport,29/96,79/5235,0.3670886075949367,20.017800632911392,23.27718983392381,7.389346549185133e-32,3.3621526798792354e-29,2.8079516886903504e-29,YDL004W/YDR298C/YDR322C-A/YDR377W/YDR529C/YOL077W-A/YOR065W/YGL187C/YGR183C/YLR038C/YLR295C/YLR395C/YPL271W/YPL078C/YPR020W/YPR191W/YML081C-A/YMR256C/YBL099W/YBL045C/YBR039W/YNL052W/YJL166W/YJR121W/YKL016C/YEL024W/YHR001W-A/YHR051W/YFR033C,29,Downregulated,8. Mixed origin
GO:0045333,cellular respiration,27/96,97/5235,0.27835051546391754,15.178801546391753,19.26377991825808,7.178646354201632e-26,1.633142045580871e-23,1.36394280729831e-23,YDR298C/YDR529C/YOR065W/YGL187C/YGR183C/YLL041C/YLR038C/YLR395C/YPL271W/YPR191W/YMR256C/YBL045C/YBL030C/YNL052W/YJL166W/YJR048W/YJR104C/YJR120W/YJR121W/YKL109W/YKL085W/YEL024W/YER156C/YHR001W-A/YHR051W/YIL070C/YFR033C,27,Downregulated,8. Mixed origin
GO:0006119,oxidative phosphorylation,18/96,32/5235,0.5625,30.673828125,23.010964366881584,3.99183428018667e-24,6.054281991616449e-22,5.056323421569781e-22,YDR298C/YDR529C/YOR065W/YGL187C/YGR183C/YLR038C/YLR395C/YPL271W/YPR191W/YMR256C/YNL052W/YJL166W/YJR048W/YJR121W/YEL024W/YHR001W-A/YHR051W/YFR033C,18,Downregulated,8. Mixed origin
GO:0098662,inorganic cation transmembrane transport,29/96,140/5235,0.20714285714285716,11.295758928571429,16.87576447901955,8.843603662539906e-24,1.0059599166139144e-21,8.4014234794129115e-22,YDL004W/YDR298C/YDR322C-A/YDR377W/YDR529C/YOL077W-A/YOR065W/YGL187C/YGR183C/YLR038C/YLR295C/YLR395C/YPL271W/YPL078C/YPR020W/YPR191W/YML081C-A/YMR256C/YBL099W/YBL045C/YBR039W/YNL052W/YJL166W/YJR121W/YKL016C/YEL024W/YHR001W-A/YHR051W/YFR033C,29,Downregulated,8. Mixed origin
GO:0098655,monoatomic cation transmembrane transport,29/96,142/5235,0.20422535211267606,11.136663732394366,16.73653463685715,1.3638104638633152e-23,1.2410675221156167e-21,1.0364959525361196e-21,YDL004W/YDR298C/YDR322C-A/YDR377W/YDR529C/YOL077W-A/YOR065W/YGL187C/YGR183C/YLR038C/YLR295C/YLR395C/YPL271W/YPL078C/YPR020W/YPR191W/YML081C-A/YMR256C/YBL099W/YBL045C/YBR039W/YNL052W/YJL166W/YJR121W/YKL016C/YEL024W/YHR001W-A/YHR051W/YFR033C,29,Downregulated,8. Mixed origin
GO:0098660,inorganic ion transmembrane transport,30/96,159/5235,0.18867924528301888,10.288915094339623,16.256083279557867,2.3908437135908123e-23,1.813056482806366e-21,1.5142010186075144e-21,YDL004W/YDR298C/YDR322C-A/YDR377W/YDR529C/YOL077W-A/YOR065W/YGL187C/YGR183C/YLR038C/YLR295C/YLR395C/YPL271W/YPL078C/YPR020W/YPR191W/YML081C-A/YMR256C/YBL099W/YBL045C/YBR039W/YNL052W/YJL166W/YJR077C/YJR121W/YKL016C/YEL024W/YHR001W-A/YHR051W/YFR033C,30,Downregulated,8. Mixed origin
GO:0034220,monoatomic ion transmembrane transport,29/96,150/5235,0.19333333333333333,10.542708333333334,16.20634081745625,7.194559549685312e-23,4.676463707295453e-21,3.905618041257741e-21,YDL004W/YDR298C/YDR322C-A/YDR377W/YDR529C/YOL077W-A/YOR065W/YGL187C/YGR183C/YLR038C/YLR295C/YLR395C/YPL271W/YPL078C/YPR020W/YPR191W/YML081C-A/YMR256C/YBL099W/YBL045C/YBR039W/YNL052W/YJL166W/YJR121W/YKL016C/YEL024W/YHR001W-A/YHR051W/YFR033C,29,Downregulated,8. Mixed origin
GO:0006754,ATP biosynthetic process,14/96,17/5235,0.8235294117647058,44.908088235294116,24.781644260431335,1.1894138928677475e-22,6.013148013942501e-21,5.021969769886045e-21,YDL004W/YDR298C/YDR322C-A/YDR377W/YOL077W-A/YLR295C/YPL271W/YPL078C/YPR020W/YML081C-A/YBL099W/YBR039W/YJR121W/YKL016C,14,Downregulated,8. Mixed origin
GO:0015986,proton motive force-driven ATP synthesis,14/96,17/5235,0.8235294117647058,44.908088235294116,24.781644260431335,1.1894138928677475e-22,6.013148013942501e-21,5.021969769886045e-21,YDL004W/YDR298C/YDR322C-A/YDR377W/YOL077W-A/YLR295C/YPL271W/YPL078C/YPR020W/YML081C-A/YBL099W/YBR039W/YJR121W/YKL016C,14,Downregulated,8. Mixed origin
GO:0006812,monoatomic cation transport,30/96,176/5235,0.17045454545454544,9.295099431818182,15.298848967479485,5.482868488805587e-22,2.2815527533200983e-20,1.9054726291464554e-20,YDL004W/YDR298C/YDR322C-A/YDR377W/YDR529C/YOL077W-A/YOR065W/YGL187C/YGR183C/YLR038C/YLR295C/YLR395C/YPL271W/YPL078C/YPR020W/YPR191W/YML081C-A/YMR256C/YBL099W/YBL045C/YBL030C/YBR039W/YNL052W/YJL166W/YJR121W/YKL016C/YEL024W/YHR001W-A/YHR051W/YFR033C,30,Downregulated,8. Mixed origin
GO:0009060,aerobic respiration,23/96,83/5235,0.27710843373493976,15.111069277108435,17.71023034657626,5.515841821213424e-22,2.2815527533200983e-20,1.9054726291464554e-20,YDR298C/YDR529C/YOR065W/YGL187C/YGR183C/YLL041C/YLR038C/YLR395C/YPL271W/YPR191W/YMR256C/YBL045C/YBL030C/YNL052W/YJL166W/YJR048W/YJR121W/YKL085W/YEL024W/YHR001W-A/YHR051W/YIL070C/YFR033C,23,Downregulated,8. Mixed origin
GO:0015980,energy derivation by oxidation of organic compounds,28/96,149/5235,0.18791946308724833,10.24748322147651,15.650984996867832,1.0432885134012557e-21,3.955802279979761e-20,3.303746959103977e-20,YDR298C/YDR529C/YOR065W/YGL187C/YGR183C/YLL041C/YLR038C/YLR395C/YPL271W/YPR191W/YMR145C/YMR256C/YBL045C/YBL030C/YNL052W/YJL166W/YJR048W/YJR104C/YJR120W/YJR121W/YKL109W/YKL085W/YEL024W/YER156C/YHR001W-A/YHR051W/YIL070C/YFR033C,28,Downregulated,8. Mixed origin
GO:0006811,monoatomic ion transport,30/96,192/5235,0.15625,8.5205078125,14.509968307322758,7.671551120007792e-21,2.6850428920027274e-19,2.2424534043099696e-19,YDL004W/YDR298C/YDR322C-A/YDR377W/YDR529C/YOL077W-A/YOR065W/YGL187C/YGR183C/YLR038C/YLR295C/YLR395C/YPL271W/YPL078C/YPR020W/YPR191W/YML081C-A/YMR256C/YBL099W/YBL045C/YBL030C/YBR039W/YNL052W/YJL166W/YJR121W/YKL016C/YEL024W/YHR001W-A/YHR051W/YFR033C,30,Downregulated,8. Mixed origin
GO:0009145,purine nucleoside triphosphate biosynthetic process,14/96,21/5235,0.6666666666666666,36.354166666666664,22.185943656676873,1.9171789796218005e-20,5.815442904852795e-19,4.856853415041895e-19,YDL004W/YDR298C/YDR322C-A/YDR377W/YOL077W-A/YLR295C/YPL271W/YPL078C/YPR020W/YML081C-A/YBL099W/YBR039W/YJR121W/YKL016C,14,Downregulated,8. Mixed origin
GO:0009206,purine ribonucleoside triphosphate biosynthetic process,14/96,21/5235,0.6666666666666666,36.354166666666664,22.185943656676873,1.9171789796218005e-20,5.815442904852795e-19,4.856853415041895e-19,YDL004W/YDR298C/YDR322C-A/YDR377W/YOL077W-A/YLR295C/YPL271W/YPL078C/YPR020W/YML081C-A/YBL099W/YBR039W/YJR121W/YKL016C,14,Downregulated,8. Mixed origin
GO:0022904,respiratory electron transport chain,15/96,30/5235,0.5,27.265625,19.717469001123753,3.574713532222951e-19,1.0165591607259016e-17,8.489944639029509e-18,YDR529C/YOR065W/YGL187C/YGR183C/YLL041C/YLR395C/YPR191W/YMR256C/YNL052W/YJL166W/YJR048W/YEL024W/YHR001W-A/YHR051W/YFR033C,15,Downregulated,8. Mixed origin
GO:0022900,electron transport chain,15/96,31/5235,0.4838709677419355,26.38608870967742,19.374083319964065,6.825068081304392e-19,1.7510561245283485e-17,1.4624204996060933e-17,YDR529C/YOR065W/YGL187C/YGR183C/YLL041C/YLR395C/YPR191W/YMR256C/YNL052W/YJL166W/YJR048W/YEL024W/YHR001W-A/YHR051W/YFR033C,15,Downregulated,8. Mixed origin
GO:0009201,ribonucleoside triphosphate biosynthetic process,14/96,25/5235,0.56,30.537500000000005,20.231964027305438,6.927254998134126e-19,1.7510561245283485e-17,1.4624204996060933e-17,YDL004W/YDR298C/YDR322C-A/YDR377W/YOL077W-A/YLR295C/YPL271W/YPL078C/YPR020W/YML081C-A/YBL099W/YBR039W/YJR121W/YKL016C,14,Downregulated,8. Mixed origin
GO:0019646,aerobic electron transport chain,14/96,26/5235,0.5384615384615384,29.36298076923077,19.81410830775741,1.4788766452958572e-18,3.541520387419026e-17,2.957753290591715e-17,YDR529C/YOR065W/YGL187C/YGR183C/YLR395C/YPR191W/YMR256C/YNL052W/YJL166W/YJR048W/YEL024W/YHR001W-A/YHR051W/YFR033C,14,Downregulated,8. Mixed origin
GO:0006091,generation of precursor metabolites and energy,28/96,193/5235,0.14507772020725387,7.911269430051813,13.370517740269156,1.5803377941416674e-18,3.5952684816722936e-17,3.002641808869168e-17,YDR298C/YDR529C/YOR065W/YGL187C/YGR183C/YLL041C/YLR038C/YLR395C/YPL271W/YPR191W/YMR145C/YMR256C/YBL045C/YBL030C/YNL052W/YJL166W/YJR048W/YJR104C/YJR120W/YJR121W/YKL109W/YKL085W/YEL024W/YER156C/YHR001W-A/YHR051W/YIL070C/YFR033C,28,Downregulated,8. Mixed origin
GO:0042773,ATP synthesis coupled electron transport,14/96,27/5235,0.5185185185185185,28.275462962962962,19.419215980844605,3.0264277771401977e-18,6.259202902721773e-17,5.2274661605148873e-17,YDR529C/YOR065W/YGL187C/YGR183C/YLR395C/YPR191W/YMR256C/YNL052W/YJL166W/YJR048W/YEL024W/YHR001W-A/YHR051W/YFR033C,14,Downregulated,8. Mixed origin
GO:0042775,mitochondrial ATP synthesis coupled electron transport,14/96,27/5235,0.5185185185185185,28.275462962962962,19.419215980844605,3.0264277771401977e-18,6.259202902721773e-17,5.2274661605148873e-17,YDR529C/YOR065W/YGL187C/YGR183C/YLR395C/YPR191W/YMR256C/YNL052W/YJL166W/YJR048W/YEL024W/YHR001W-A/YHR051W/YFR033C,14,Downregulated,8. Mixed origin
GO:0009152,purine ribonucleotide biosynthetic process,16/96,43/5235,0.37209302325581395,20.290697674418606,17.359131277728913,7.976176318122341e-18,1.5778957498894197e-16,1.317803043863691e-16,YDL004W/YDR298C/YDR322C-A/YDR377W/YDR399W/YOL077W-A/YLR295C/YPL271W/YPL078C/YPR020W/YML081C-A/YML022W/YBL099W/YBR039W/YJR121W/YKL016C,16,Downregulated,8. Mixed origin
GO:0009142,nucleoside triphosphate biosynthetic process,14/96,29/5235,0.4827586206896552,26.32543103448276,18.69032828598685,1.1361110655966233e-17,2.1538772285269315e-16,1.798842520527987e-16,YDL004W/YDR298C/YDR322C-A/YDR377W/YOL077W-A/YLR295C/YPL271W/YPL078C/YPR020W/YML081C-A/YBL099W/YBR039W/YJR121W/YKL016C,14,Downregulated,8. Mixed origin
GO:0055085,transmembrane transport,36/96,419/5235,0.08591885441527446,4.685262529832936,10.748438370753881,2.877144906229408e-16,5.236403729337522e-15,4.373260257468701e-15,YDL004W/YDR046C/YDR298C/YDR322C-A/YDR377W/YDR529C/YOL077W-A/YOL020W/YOR065W/YGL187C/YGR183C/YLL053C/YLR038C/YLR237W/YLR295C/YLR395C/YPL271W/YPL078C/YPR020W/YPR191W/YML081C-A/YMR256C/YBL099W/YBL045C/YBL030C/YBR039W/YNL052W/YJL166W/YJR077C/YJR121W/YKL016C/YKR103W/YEL024W/YHR001W-A/YHR051W/YFR033C,36,Downregulated,8. Mixed origin
GO:0009260,ribonucleotide biosynthetic process,16/96,57/5235,0.2807017543859649,15.307017543859649,14.842897259013537,1.4197264747422278e-15,2.4845213307988987e-14,2.074984847700179e-14,YDL004W/YDR298C/YDR322C-A/YDR377W/YDR399W/YOL077W-A/YLR295C/YPL271W/YPL078C/YPR020W/YML081C-A/YML022W/YBL099W/YBR039W/YJR121W/YKL016C,16,Downregulated,8. Mixed origin
GO:0046390,ribose phosphate biosynthetic process,16/96,63/5235,0.25396825396825395,13.849206349206348,14.022662680993836,8.229604108106491e-15,1.3868406922920197e-13,1.1582405781779509e-13,YDL004W/YDR298C/YDR322C-A/YDR377W/YDR399W/YOL077W-A/YLR295C/YPL271W/YPL078C/YPR020W/YML081C-A/YML022W/YBL099W/YBR039W/YJR121W/YKL016C,16,Downregulated,8. Mixed origin
GO:0006122,"mitochondrial electron transport, ubiquinol to cytochrome c",9/96,11/5235,0.8181818181818182,44.61647727272727,19.79057952202809,8.561271077779448e-15,1.3912065501391604e-13,1.1618867891272109e-13,YDR529C/YOR065W/YGR183C/YPR191W/YJL166W/YJR048W/YEL024W/YHR001W-A/YFR033C,9,Downregulated,8. Mixed origin
GO:0006164,purine nucleotide biosynthetic process,16/96,65/5235,0.24615384615384617,13.423076923076925,13.773799218665634,1.4136276054468369e-14,2.217932967166589e-13,1.8523396209303378e-13,YDL004W/YDR298C/YDR322C-A/YDR377W/YDR399W/YOL077W-A/YLR295C/YPL271W/YPL078C/YPR020W/YML081C-A/YML022W/YBL099W/YBR039W/YJR121W/YKL016C,16,Downregulated,8. Mixed origin
GO:0046034,ATP metabolic process,14/96,46/5235,0.30434782608695654,16.596467391304348,14.52033007650806,2.7319372234851922e-14,4.143438122285875e-13,3.460453816414577e-13,YDL004W/YDR298C/YDR322C-A/YDR377W/YOL077W-A/YLR295C/YPL271W/YPL078C/YPR020W/YML081C-A/YBL099W/YBR039W/YJR121W/YKL016C,14,Downregulated,8. Mixed origin
GO:0009150,purine ribonucleotide metabolic process,16/96,73/5235,0.2191780821917808,11.952054794520548,12.878379085315734,1.0229462851015347e-13,1.5014211603909622e-12,1.2539341559309135e-12,YDL004W/YDR298C/YDR322C-A/YDR377W/YDR399W/YOL077W-A/YLR295C/YPL271W/YPL078C/YPR020W/YML081C-A/YML022W/YBL099W/YBR039W/YJR121W/YKL016C,16,Downregulated,8. Mixed origin
GO:0072522,purine-containing compound biosynthetic process,17/96,87/5235,0.19540229885057472,10.655531609195403,12.41165553501235,1.227155517075108e-13,1.744861750841169e-12,1.4572471765266907e-12,YDL004W/YDR298C/YDR322C-A/YDR377W/YDR399W/YOL077W-A/YLR295C/YPL271W/YPL078C/YPR020W/YML081C-A/YML022W/YBL099W/YBR039W/YNR016C/YJR121W/YKL016C,17,Downregulated,8. Mixed origin
GO:0009205,purine ribonucleoside triphosphate metabolic process,14/96,51/5235,0.27450980392156865,14.96936274509804,13.700687271813623,1.3670747772930188e-13,1.8849061323282532e-12,1.5742073193071127e-12,YDL004W/YDR298C/YDR322C-A/YDR377W/YOL077W-A/YLR295C/YPL271W/YPL078C/YPR020W/YML081C-A/YBL099W/YBR039W/YJR121W/YKL016C,14,Downregulated,8. Mixed origin
GO:0009144,purine nucleoside triphosphate metabolic process,14/96,53/5235,0.2641509433962264,14.404481132075473,13.404555124987153,2.4679871205938625e-13,3.3027474702064928e-12,2.758338546546082e-12,YDL004W/YDR298C/YDR322C-A/YDR377W/YOL077W-A/YLR295C/YPL271W/YPL078C/YPR020W/YML081C-A/YBL099W/YBR039W/YJR121W/YKL016C,14,Downregulated,8. Mixed origin
GO:0009199,ribonucleoside triphosphate metabolic process,14/96,56/5235,0.25,13.6328125,12.989255965974834,5.699915113793289e-13,7.409889647931276e-12,6.188479266404144e-12,YDL004W/YDR298C/YDR322C-A/YDR377W/YOL077W-A/YLR295C/YPL271W/YPL078C/YPR020W/YML081C-A/YBL099W/YBR039W/YJR121W/YKL016C,14,Downregulated,8. Mixed origin
GO:0009259,ribonucleotide metabolic process,16/96,88/5235,0.18181818181818182,9.914772727272728,11.526240963645328,2.2549507444369444e-12,2.8500071908855826e-11,2.3802257857945523e-11,YDL004W/YDR298C/YDR322C-A/YDR377W/YDR399W/YOL077W-A/YLR295C/YPL271W/YPL078C/YPR020W/YML081C-A/YML022W/YBL099W/YBR039W/YJR121W/YKL016C,16,Downregulated,8. Mixed origin
GO:0009141,nucleoside triphosphate metabolic process,14/96,63/5235,0.2222222222222222,12.118055555555555,12.133414195946411,3.308962957740225e-12,4.069130123707573e-11,3.398394389030502e-11,YDL004W/YDR298C/YDR322C-A/YDR377W/YOL077W-A/YLR295C/YPL271W/YPL078C/YPR020W/YML081C-A/YBL099W/YBR039W/YJR121W/YKL016C,14,Downregulated,8. Mixed origin
GO:0019693,ribose phosphate metabolic process,16/96,95/5235,0.16842105263157894,9.18421052631579,11.0019635653761,7.756891032265536e-12,9.287856367581102e-11,7.756891032265537e-11,YDL004W/YDR298C/YDR322C-A/YDR377W/YDR399W/YOL077W-A/YLR295C/YPL271W/YPL078C/YPR020W/YML081C-A/YML022W/YBL099W/YBR039W/YJR121W/YKL016C,16,Downregulated,8. Mixed origin
GO:0009165,nucleotide biosynthetic process,16/96,97/5235,0.16494845360824742,8.994845360824742,10.862056359807605,1.0824419856579638e-11,1.2628489832676245e-10,1.0546870629487853e-10,YDL004W/YDR298C/YDR322C-A/YDR377W/YDR399W/YOL077W-A/YLR295C/YPL271W/YPL078C/YPR020W/YML081C-A/YML022W/YBL099W/YBR039W/YJR121W/YKL016C,16,Downregulated,8. Mixed origin
GO:1901293,nucleoside phosphate biosynthetic process,17/96,125/5235,0.136,7.416250000000001,9.92290881594167,5.69687497302723e-11,6.480195281818474e-10,5.412031224375869e-10,YDL004W/YDR298C/YDR322C-A/YDR377W/YDR399W/YOL077W-A/YLR295C/YPL271W/YPL078C/YPR020W/YML081C-A/YML022W/YBL099W/YBR039W/YNR016C/YJR121W/YKL016C,17,Downregulated,8. Mixed origin
GO:0006163,purine nucleotide metabolic process,17/96,130/5235,0.13076923076923078,7.131009615384616,9.674286997128531,1.0798874260956268e-10,1.1984116557890493e-9,1.0008712729666785e-9,YDL004W/YDR298C/YDR322C-A/YDR377W/YDR399W/YOL077W-A/YLR295C/YPL271W/YPL078C/YPR020W/YML081C-A/YML022W/YMR145C/YBL099W/YBR039W/YJR121W/YKL016C,17,Downregulated,8. Mixed origin
GO:0072521,purine-containing compound metabolic process,19/96,180/5235,0.10555555555555556,5.756076388888889,8.874372634418183,3.37064295589844e-10,3.651529868889977e-9,3.0496293410509697e-9,YDL004W/YDR298C/YDR322C-A/YDR377W/YDR399W/YOL077W-A/YLR295C/YPL273W/YPL271W/YPL078C/YPR020W/YML081C-A/YML022W/YMR145C/YBL099W/YBR039W/YNR016C/YJR121W/YKL016C,19,Downregulated,8. Mixed origin
GO:0009117,nucleotide metabolic process,17/96,175/5235,0.09714285714285714,5.297321428571428,7.902322903088648,1.1686293246518109e-8,1.236572890038544e-7,1.0327421938783445e-7,YDL004W/YDR298C/YDR322C-A/YDR377W/YDR399W/YOL077W-A/YLR295C/YPL271W/YPL078C/YPR020W/YML081C-A/YML022W/YMR145C/YBL099W/YBR039W/YJR121W/YKL016C,17,Downregulated,8. Mixed origin
GO:0006123,"mitochondrial electron transport, cytochrome c to oxygen",6/96,11/5235,0.5454545454545454,29.744318181818176,13.042472715682944,1.3949444167856745e-8,1.4424993400851862e-7,1.204724723587628e-7,YGL187C/YLR395C/YMR256C/YNL052W/YJR048W/YHR051W,6,Downregulated,8. Mixed origin
GO:0055086,nucleobase-containing small molecule metabolic process,19/96,247/5235,0.07692307692307693,4.194711538461539,7.029591226708694,6.843214346953852e-8,6.919250061920005e-7,5.778714337427697e-7,YDL004W/YDR298C/YDR322C-A/YDR377W/YDR399W/YOL077W-A/YLR295C/YPL273W/YPL271W/YPL078C/YPR020W/YML081C-A/YML022W/YMR145C/YBL099W/YBR039W/YNR016C/YJR121W/YKL016C,19,Downregulated,8. Mixed origin
GO:0006753,nucleoside phosphate metabolic process,18/96,230/5235,0.0782608695652174,4.267663043478261,6.926475626139434,1.2300679232459822e-7,1.216697619732439e-6,1.0161430670292897e-6,YDL004W/YDR298C/YDR322C-A/YDR377W/YDR399W/YOL077W-A/YLR295C/YPL271W/YPL078C/YPR020W/YML081C-A/YML022W/YMR145C/YBL099W/YBR039W/YNR016C/YJR121W/YKL016C,18,Downregulated,8. Mixed origin
GO:1901137,carbohydrate derivative biosynthetic process,17/96,216/5235,0.0787037037037037,4.291811342592593,6.752527816616857,2.6743867428503445e-7,2.5890339744615037e-6,2.1622701325173e-6,YDL004W/YDR298C/YDR322C-A/YDR377W/YDR399W/YOL077W-A/YLR295C/YPL271W/YPL078C/YPR020W/YML081C-A/YML022W/YBL099W/YBR039W/YJR121W/YKL016C/YER001W,17,Downregulated,8. Mixed origin
GO:0042407,cristae formation,5/96,11/5235,0.45454545454545453,24.786931818181817,10.793103780234562,7.911289679114705e-7,7.499243341660814e-6,6.263104329299142e-6,YDR322C-A/YLR168C/YLR295C/YPR020W/YCL057C-A,5,Downregulated,8. Mixed origin
GO:0090407,organophosphate biosynthetic process,18/96,263/5235,0.06844106463878327,3.7321768060836504,6.213471080131307,9.230489471696851e-7,8.571168795147078e-6,7.158338773968987e-6,YDL004W/YDR298C/YDR322C-A/YDR377W/YDR399W/YOL077W-A/YLR168C/YLR295C/YPL271W/YPL078C/YPR020W/YML081C-A/YML022W/YBL099W/YBR039W/YNR016C/YJR121W/YKL016C,18,Downregulated,8. Mixed origin
GO:0007005,mitochondrion organization,15/96,203/5235,0.07389162561576355,4.029402709359606,6.016554832724234,3.2684439290791335e-6,2.9742839754620114e-5,2.4840173861001414e-5,YDR322C-A/YDR529C/YGR174C/YGR183C/YLR038C/YLR168C/YLR295C/YPR020W/YPR100W/YML091C/YML081C-A/YJR120W/YKL137W/YHR005C-A/YCL057C-A,15,Downregulated,8. Mixed origin
GO:1901135,carbohydrate derivative metabolic process,18/96,297/5235,0.06060606060606061,3.3049242424242427,5.589494129824431,5.341397829102369e-6,4.765364729885447e-5,3.9798650491350984e-5,YDL004W/YDR298C/YDR322C-A/YDR377W/YDR399W/YOL077W-A/YLR295C/YPL273W/YPL271W/YPL078C/YPR020W/YML081C-A/YML022W/YBL099W/YBR039W/YJR121W/YKL016C/YER001W,18,Downregulated,8. Mixed origin
GO:0006412,translation,21/96,451/5235,0.04656319290465632,2.53914911308204,4.672900661281127,4.77231519843601e-5,4.098916019961217e-4,3.423270522165412e-4,YOR187W/YGL068W/YLR312W-A/YLR367W/YPL198W/YPL183W-A/YPR100W/YML091C/YMR158W/YBR251W/YBR268W/YNL301C/YNL178W/YNL096C/YNL067W/YNR036C/YJL191W/YKR085C/YEL034W/YCL037C/YFL034C-A,21,Downregulated,8. Mixed origin
GO:0007007,inner mitochondrial membrane organization,6/96,37/5235,0.16216216216216217,8.842905405405405,6.5429389524757795,4.774561517757022e-5,4.098916019961217e-4,3.423270522165412e-4,YDR322C-A/YLR168C/YLR295C/YPR020W/YHR005C-A/YCL057C-A,6,Downregulated,8. Mixed origin
GO:0019637,organophosphate metabolic process,19/96,397/5235,0.047858942065491183,2.609807934508816,4.559839452336017,8.125222448751738e-5,6.84625224848526e-4,5.717749130603074e-4,YDL004W/YDR298C/YDR322C-A/YDR377W/YDR399W/YOL077W-A/YLR168C/YLR295C/YPL271W/YPL078C/YPR020W/YML081C-A/YML022W/YMR145C/YBL099W/YBR039W/YNR016C/YJR121W/YKL016C,19,Downregulated,8. Mixed origin
GO:0033108,mitochondrial respiratory chain complex assembly,7/96,59/5235,0.11864406779661017,6.469809322033899,5.7744978752055145,8.765033987403185e-5,7.251073571397181e-4,6.055841664024019e-4,YDR529C/YGR174C/YGR183C/YLR038C/YLR295C/YML081C-A/YKL137W,7,Downregulated,8. Mixed origin
GO:0032543,mitochondrial translation,10/96,133/5235,0.07518796992481203,4.100093984962406,4.949298192837284,1.4054373521604194e-4,0.0011419178486303408,9.536896318231418e-4,YOR187W/YGL068W/YLR312W-A/YPL183W-A/YPR100W/YMR158W/YBR251W/YBR268W/YNR036C/YKR085C,10,Downregulated,8. Mixed origin
GO:0140053,mitochondrial gene expression,11/96,164/5235,0.06707317073170732,3.6575838414634148,4.725799152895121,1.7926849284312913e-4,0.0014310028814670836,0.001195123285620861,YOR187W/YGL068W/YLR312W-A/YPL183W-A/YPR100W/YML091C/YMR158W/YBR251W/YBR268W/YNR036C/YKR085C,11,Downregulated,8. Mixed origin
GO:0007006,mitochondrial membrane organization,6/96,56/5235,0.10714285714285714,5.842633928571428,4.979272165064477,5.037313579599826e-4,0.003951685652961933,0.0033003088969791967,YDR322C-A/YLR168C/YLR295C/YPR020W/YHR005C-A/YCL057C-A,6,Downregulated,8. Mixed origin
GO:0006796,phosphate-containing compound metabolic process,19/96,460/5235,0.041304347826086954,2.252377717391304,3.8436224967773494,5.537516304595347e-4,0.004270457489137089,0.003566535924993614,YDL004W/YDR298C/YDR322C-A/YDR377W/YDR399W/YOL077W-A/YLR168C/YLR295C/YPL271W/YPL078C/YPR020W/YML081C-A/YML022W/YMR145C/YBL099W/YBR039W/YNR016C/YJR121W/YKL016C,19,Downregulated,8. Mixed origin
GO:0017062,respiratory chain complex III assembly,3/96,10/5235,0.3,16.359375,6.6442132552247495,6.532731423332362e-4,0.004794181931639072,0.004003932162687578,YDR529C/YGR174C/YGR183C,3,Downregulated,8. Mixed origin
GO:0034551,mitochondrial respiratory chain complex III assembly,3/96,10/5235,0.3,16.359375,6.6442132552247495,6.532731423332362e-4,0.004794181931639072,0.004003932162687578,YDR529C/YGR174C/YGR183C,3,Downregulated,8. Mixed origin
GO:0046128,purine ribonucleoside metabolic process,3/96,10/5235,0.3,16.359375,6.6442132552247495,6.532731423332362e-4,0.004794181931639072,0.004003932162687578,YDR399W/YPL273W/YML022W,3,Downregulated,8. Mixed origin
GO:0006793,phosphorus metabolic process,19/96,473/5235,0.040169133192389,2.190473044397463,3.709954709788179,7.820449648712645e-4,0.005648102524070243,0.004717096613509214,YDL004W/YDR298C/YDR322C-A/YDR377W/YDR399W/YOL077W-A/YLR168C/YLR295C/YPL271W/YPL078C/YPR020W/YML081C-A/YML022W/YMR145C/YBL099W/YBR039W/YNR016C/YJR121W/YKL016C,19,Downregulated,8. Mixed origin
GO:0017004,cytochrome complex assembly,5/96,41/5235,0.12195121951219512,6.65015243902439,4.963800147595053,8.300469301981241e-4,0.0058787902576898435,0.004909758896532177,YDR529C/YGR174C/YGR183C/YLR038C/YKL137W,5,Downregulated,8. Mixed origin
GO:0002181,cytoplasmic translation,10/96,166/5235,0.060240963855421686,3.285015060240964,4.088793071503783,8.398271796699776e-4,0.0058787902576898435,0.004909758896532177,YLR367W/YPL198W/YML091C/YNL301C/YNL178W/YNL096C/YNL067W/YJL191W/YEL034W/YFL034C-A,10,Downregulated,8. Mixed origin
GO:0042278,purine nucleoside metabolic process,3/96,12/5235,0.25,13.6328125,5.987476573228526,0.0011661265282554352,0.008039205611457925,0.006714061829349476,YDR399W/YPL273W/YML022W,3,Downregulated,8. Mixed origin
GO:0009119,ribonucleoside metabolic process,3/96,16/5235,0.1875,10.224609375,5.050419978746998,0.002814392331455706,0.01911266434048278,0.015962225163480122,YDR399W/YPL273W/YML022W,3,Downregulated,8. Mixed origin
GO:0043094,metabolic compound salvage,4/96,33/5235,0.12121212121212122,6.609848484848485,4.418105625195586,0.002891063329939184,0.01934461492826954,0.01615594213789544,YDR399W/YPL273W/YML022W/YJR148W,4,Downregulated,8. Mixed origin
GO:0006112,energy reserve metabolic process,6/28,40/5235,0.15,28.044642857142858,12.589850016442309,4.485802392621414e-8,8.141501611178383e-6,7.748220711431481e-6,YPR184W/YMR105C/YEL011W/YER067W/YFR015C/YFR017C,6,Upregulated,M2. Mosaic region 2
GO:0005978,glycogen biosynthetic process,5/28,22/5235,0.22727272727272727,42.491883116883116,14.299890428705687,7.43516128874738e-8,8.141501611178383e-6,7.748220711431481e-6,YPR184W/YMR105C/YEL011W/YFR015C/YFR017C,5,Upregulated,M2. Mosaic region 2
GO:0005977,glycogen metabolic process,5/28,39/5235,0.1282051282051282,23.969780219780215,10.55739226029235,1.5270993756314767e-6,1.114782544210978e-4,1.0609321978071311e-4,YPR184W/YMR105C/YEL011W/YFR015C/YFR017C,5,Upregulated,M2. Mosaic region 2
GO:0009250,glucan biosynthetic process,5/28,45/5235,0.1111111111111111,20.773809523809522,9.768210510658246,3.1697627945533557e-6,1.6036897525954191e-4,1.5262224033352222e-4,YPR184W/YMR105C/YEL011W/YFR015C/YFR017C,5,Upregulated,M2. Mosaic region 2
GO:0016051,carbohydrate biosynthetic process,6/28,84/5235,0.07142857142857142,13.354591836734693,8.369978763675032,4.0490298476351875e-6,1.6036897525954191e-4,1.5262224033352222e-4,YPR184W/YML100W/YMR105C/YEL011W/YFR015C/YFR017C,6,Upregulated,M2. Mosaic region 2
GO:0000271,polysaccharide biosynthetic process,5/28,48/5235,0.10416666666666667,19.475446428571427,9.428867262454844,4.393670555055943e-6,1.6036897525954191e-4,1.5262224033352222e-4,YPR184W/YMR105C/YEL011W/YFR015C/YFR017C,5,Upregulated,M2. Mosaic region 2
GO:0015980,energy derivation by oxidation of organic compounds,7/28,149/5235,0.04697986577181208,8.783557046979867,7.067814702523636,9.419251908367442e-6,2.946880239903528e-4,2.8045291396342154e-4,YPR184W/YMR081C/YMR105C/YEL011W/YER067W/YFR015C/YFR017C,7,Upregulated,M2. Mosaic region 2
GO:0044042,glucan metabolic process,5/28,67/5235,0.07462686567164178,13.952558635394455,7.824089357907778,2.3106516156603504e-5,6.325408797870209e-4,6.01985552500986e-4,YPR184W/YMR105C/YEL011W/YFR015C/YFR017C,5,Upregulated,M2. Mosaic region 2
GO:0006091,generation of precursor metabolites and energy,7/28,193/5235,0.03626943005181347,6.781088082901554,6.000520258591328,5.086633558977216e-5,0.0012377474993511225,0.001177957245236829,YPR184W/YMR081C/YMR105C/YEL011W/YER067W/YFR015C/YFR017C,7,Upregulated,M2. Mosaic region 2
GO:0005976,polysaccharide metabolic process,5/28,81/5235,0.06172839506172839,11.541005291005291,7.010587588475268,5.821868281632259e-5,0.0012749891536774647,0.0012133999155401972,YPR184W/YMR105C/YEL011W/YFR015C/YFR017C,5,Upregulated,M2. Mosaic region 2
GO:0005975,carbohydrate metabolic process,7/28,228/5235,0.03070175438596491,5.740131578947368,5.366252588680231,1.46473433627422e-4,0.002916152905855038,0.0027752861108353635,YPR184W/YML100W/YMR105C/YEL011W/YER003C/YFR015C/YFR017C,7,Upregulated,M2. Mosaic region 2
GO:0005991,trehalose metabolic process,2/28,11/5235,0.18181818181818182,33.993506493506494,8.032029936950119,0.0014729232921260845,0.026880850081301044,0.0255823519158741,YML100W/YMR105C,2,Upregulated,M2. Mosaic region 2
GO:0005980,glycogen catabolic process,2/28,14/5235,0.14285714285714285,26.709183673469386,7.062810341056519,0.0024129482299688793,0.03774540445451318,0.03592208643111564,YPR184W/YFR017C,2,Upregulated,M2. Mosaic region 2
GO:0009225,nucleotide-sugar metabolic process,2/28,14/5235,0.14285714285714285,26.709183673469386,7.062810341056519,0.0024129482299688793,0.03774540445451318,0.03592208643111564,YMR105C/YER003C,2,Upregulated,M2. Mosaic region 2
