"gene","correlation","cor_category","mean_expr_bulk","mean_expr_sc","log_mean_expr"
"YAL063C",0.845096604176126,"high (>=0.7)",24.3411217491544,7.58765302148393,4.6634084830647
"YBL059W",-0.00364026579852917,"low (<0.4)",23.9293924142541,11.5834463883102,4.63977581640012
"YFL050C",0.0785810559650235,"low (<0.4)",15.5002411019678,1.58066753649731,4.0444152002113
"YKL163W",0.260821990512662,"low (<0.4)",145.692027943076,6.86961787648719,7.19664665888074
"YAL068C",0.0399813489665395,"low (<0.4)",11.4995195419095,1.49417214851542,3.64380073634864
"YAR020C",0.0391242180792708,"low (<0.4)",644.555874251267,0.419480170685178,9.33439815907428
"YAR033W",0.746215530043712,"high (>=0.7)",12.7008131063766,4.90803918813861,3.77618961068101
"YAR050W",0.470404423514026,"moderate (0.4-0.7)",17.0589730272237,4.32144583991366,4.17464394724885
"YAR071W",0.255256639122312,"low (<0.4)",12.5210474937232,0.658144647739091,3.75713501836104
"YBL113C",0.471971606655739,"moderate (0.4-0.7)",11.2556689974891,3.15346690989319,3.61537733331626
"YBL072C",0.164943440648167,"low (<0.4)",1297.76364945362,1089.51472477008,10.3429231959826
"YBR031W",0.0750949801504173,"low (<0.4)",1248.68150471761,960.38446128331,10.2873447394592
"YBR068C",0.648487509062305,"moderate (0.4-0.7)",139.826027188625,50.1002712542979,7.1377701844449
"YBR118W",0.0994032460809041,"low (<0.4)",5293.31582553419,892.513515907104,12.3702285441613
"YBR299W",0.827268459951496,"high (>=0.7)",52.0559837926613,3.56635693859468,5.72944356612478
"YBR301W",-0.0726855455231169,"low (<0.4)",79.1660499142909,0.771665665051784,6.32491948380959
"YCL069W",-0.0297672276653146,"low (<0.4)",3.37647121395743,0.150921359520881,2.1297680812384
"YCL058C",-0.0392284642211818,"low (<0.4)",24.0732190081355,2.79682666377193,4.64807532236953
"YCL024W",0.216772761669421,"low (<0.4)",11.0606286339249,3.92466558932705,3.59223320141306
"YCR045C",-0.0981441033178329,"low (<0.4)",9.80555226523378,0.892460356635766,3.43370090423915
"YCR050C",-0.245946809439843,"low (<0.4)",7.7335579974745,0.00992783830290495,3.12656951863963
"YCR104W",0.0459838039020246,"low (<0.4)",36.8006763025671,0.831883789500102,5.24034014122872
"YDL248W",0.79974581830101,"high (>=0.7)",82.7695385897308,13.3676896170745,6.38835382192917
"YDL245C",0.0908736704549494,"low (<0.4)",4.04707352341773,0.023091396197914,2.33544710329922
"YDL244W",0.0221188903054921,"low (<0.4)",20.166309874483,2.4240671670778,4.40369786731153
"YDL184C",0.216886804987216,"low (<0.4)",1881.40389732073,3253.43425668047,11.6681910550821
"YDL133C-A",0.0324024719640918,"low (<0.4)",2762.40492371838,573.319951233486,11.4322312614481
"YDL131W",0.338016431762052,"low (<0.4)",317.91804623531,79.9502496805248,8.31704192573919
"YDR040C",0.313681720824639,"low (<0.4)",17.7538426450968,0.299756400473742,4.22911432767082
"YDR343C",0.315509762122454,"low (<0.4)",510.986545075303,11.2677603107837,8.99996208670274
"YDR366C",0.497502470909075,"moderate (0.4-0.7)",4.07033790231185,0.668356529128418,2.34208189589634
"YDR542W",-0.0872524167805645,"low (<0.4)",11.2869013187186,0.0410216410516364,3.61904921761333
"YEL077C",0.631702276794583,"moderate (0.4-0.7)",14.9552647632899,7.60350595840754,3.99596064393179
"YEL070W",0.171386573354696,"low (<0.4)",50.0372861608289,0.203983316791413,5.67347971265774
"YEL069C",0.0653024612294517,"low (<0.4)",20.2698164815219,0.573845394599278,4.41073568049717
"YEL049W",-0.0271146260810113,"low (<0.4)",201.109225529294,2.14718180939218,7.65899136662147
"YER039C",0.264943779007554,"low (<0.4)",11.8735523823453,4.59603816075877,3.68633830673814
"YER138W-A",0.056063786699488,"low (<0.4)",18.8420867509898,0.0270646385666013,4.3104918538275
"YER189W",0.165866853704669,"low (<0.4)",7.44081330482695,0.0346155089602611,3.07738201484601
"YFL068W",0.0693596250264904,"low (<0.4)",27.3551929697281,0.371737873241346,4.82554106940589
"YFL066C",0.00342145932376227,"low (<0.4)",18.1336031705408,0.00429675999974171,4.25803667723734
"YFL062W",0.32718527335206,"low (<0.4)",82.8327227899757,55.3039919319038,6.38944158215298
"YFL060C",0.59062132104539,"moderate (0.4-0.7)",21.1128554731167,0.122609450338432,4.46681342989719
"YFR031C-A",0.146859978120734,"low (<0.4)",1051.63944015042,762.246290036548,10.0397956403184
"YGL261C",0.10940243288487,"low (<0.4)",13.2685011214405,0.337568386536353,3.83476188532543
"YGL076C",0.122082351864577,"low (<0.4)",508.054355181013,1386.36772841524,10.4381345161927
"YGR017W",0.205808710575439,"low (<0.4)",60.8397117222522,37.2964799606106,5.9504616887645
"YGR031W",-0.111143974267084,"low (<0.4)",22.9138217708306,38.200611055242,5.29280423799051
"YGR085C",0.340358453030589,"low (<0.4)",1307.46467871265,684.755731503099,10.3536592648112
"YGR294W",0.088673239897455,"low (<0.4)",30.7913320266285,0.152060798190364,4.99056156018212
"YGR295C",0.61330958308295,"moderate (0.4-0.7)",86.9284742986291,10.991013333435,6.45825853075871
"YHL050C",0.130533280694701,"low (<0.4)",12.8175951512759,0.399776206104674,3.78843464221788
"YHL046C",0.0968022818248399,"low (<0.4)",9.83623247238945,0.402741914947736,3.43779134436734
"YHR203C",0.0363725110918592,"low (<0.4)",1003.27384951382,875.260963881062,9.97193700760062
"YHR214C-E",0.668558584361171,"moderate (0.4-0.7)",1.70258428400243,0.0146959982433912,1.43433961119443
"YIL152W",0.447228425936263,"moderate (0.4-0.7)",67.6710926387755,28.6240513783314,6.10163101367908
"YIL060W",0.477745257252203,"moderate (0.4-0.7)",3.63115439120618,1.85942588495551,2.21137185371936
"YIL046W-A",-0.157226493706102,"low (<0.4)",11.2130805123622,0.2738920100641,3.6103552329174
"YJL219W",0.0110769128133366,"low (<0.4)",4.52760632093677,0.859848183823819,2.46665486987651
"YJL138C",-0.051286822665688,"low (<0.4)",685.984681552518,192.224225310284,9.42413411983032
"YJR009C",0.366822245382304,"low (<0.4)",3476.46220773856,1753.29916258757,11.7638191206361
"YJR080C",0.272069366501222,"low (<0.4)",16.8323183599467,18.840242077759,4.31035772354822
"YJR156C",0.304974761895266,"low (<0.4)",27.9085779624432,2.59483964672859,4.85342573805066
"YJR160C",0.392734024971725,"low (<0.4)",2.00458097129404,0.123361983631065,1.58716380198836
"YJR161C",0.360108913951901,"low (<0.4)",64.029806608815,1.61579692886164,6.02302922826236
"YLL066C",0.0763601354966171,"low (<0.4)",8.39266723855171,0.0497358719639228,3.23153489860526
"YLL045C",0.279800736945003,"low (<0.4)",565.826267219395,1488.18113527915,10.5403035302378
"YLL024C",0.283888034215473,"low (<0.4)",1313.6348813079,463.387341177257,10.3604464544698
"YLR262C",-0.0318568561062484,"low (<0.4)",38.115389685049,3.60121534509452,5.28966443270113
"YLR357W",0.0177290067322978,"low (<0.4)",26.1831110797349,31.7429761570186,5.03311355572904
"YLR369W",0.153111737250006,"low (<0.4)",47.137755266444,8.21791163250981,5.58909696329978
"YLR461W",0.398691139797579,"low (<0.4)",9.35445289617449,1.2976777922535,3.37217942200175
"YLR466W",0.0682131859053972,"low (<0.4)",7.59373254566642,0.0174414997952327,3.10328487822368
"YML133C",0.552802391127365,"moderate (0.4-0.7)",7.27746421827345,0.185525174818122,3.04918886917032
"YMR321C",0.598671581606013,"moderate (0.4-0.7)",153.869507885994,14.2602541431732,7.27490931097106
"YMR322C",0.137287814307164,"low (<0.4)",15.3805886341388,0.151462317868837,4.0339152958403
"YMR323W",0.223171939275886,"low (<0.4)",15.379278574862,0.11971197587718,4.03379990977901
"YMR325W",0.124417297207384,"low (<0.4)",28.2500216345944,0.0377824767448941,4.87036578666411
"YNL335W",0.319574332118661,"low (<0.4)",10.1435460940802,0.0680354515487148,3.47813649437525
"YNL333W",0.712230779274974,"high (>=0.7)",38.8150249847108,2.91802531775054,5.31524105782702
"YNL332W",-0.0716098268039928,"low (<0.4)",25.5381807300583,0.051498539846072,4.72999756801881
"YNL260C",0.336204545825633,"low (<0.4)",39.0996888316663,2.09200406122268,5.32551913648642
"YNL209W",0.0713903805543658,"low (<0.4)",1011.74711618614,734.436608945808,9.98405826159473
"YNL034W",0.312138006968758,"low (<0.4)",2.87408100252545,0.992106421844644,1.95385411933095
"YNL030W",0.140247323552671,"low (<0.4)",1789.06741687908,540.708829339388,10.8057982074397
"YNL019C",-0.0841096891853742,"low (<0.4)",6.84319393215381,0.00740463142413164,2.97144127318431
"YOL165C",0.329336732420511,"low (<0.4)",12.4875371983907,1.08079039431449,3.75355503353373
"YOL161C",0.0873052990731293,"low (<0.4)",12.0007174604183,1.06409160975679,3.70051933722002
"YOL157C",-0.00673037157891836,"low (<0.4)",5.62957528889035,1.2575395573731,2.72891644978916
"YOR069W",-0.0145284452425959,"low (<0.4)",41.1873957003273,21.6442767793022,5.39874012517537
"YOR104W",0.254545434000301,"low (<0.4)",22.6021837013093,11.8672579458173,4.56084844046199
"YOR133W",0.120916422754887,"low (<0.4)",672.984634047506,390.250328190668,9.39657189003028
"YOR192C-C",0.290565549528575,"low (<0.4)",13.8564062103162,0.299532396748369,3.89301326260753
"YOR390W",-0.0344236810329455,"low (<0.4)",13.6406467403617,1.26997600153802,3.8719073799645
"YOR391C",0.00366293256567523,"low (<0.4)",18.1388709445229,0.0219896798402326,4.25843381860979
"YPL278C",0.488933864539655,"moderate (0.4-0.7)",66.9426541132048,0.755304436883334,6.08624567167333
"YPL277C",0.352725187839192,"low (<0.4)",41.8779056779598,0.29147394417617,5.42216253562217
"YPL220W",0.249565722114965,"low (<0.4)",1351.17171420353,358.139011023048,10.4010626578054
"YPR156C",-0.0129086256328774,"low (<0.4)",116.357221898598,31.7992098450396,6.8747628145647
"YPR202W",0.510008595084673,"moderate (0.4-0.7)",5.22263995792044,0.0883239549830575,2.63752677427453
"YFL059W",0.850643043278093,"high (>=0.7)",44.1622273577837,13.0715566551375,5.4970447350901
"YFL061W",0.0400785820079252,"low (<0.4)",8.6137502261335,0.0336557479695221,3.26509932144964
"YHR215W",0.147173872061041,"low (<0.4)",8.85055223858625,0.755244628056351,3.3002046067555
"YOL156W",0.0304929225919858,"low (<0.4)",4.59746219236948,0.268361632209536,2.4847728785374
"YNL334C",0.373740276787663,"low (<0.4)",21.1396614437498,0.147578325362107,4.46856125570793
"YAL035W",0.0309987314935244,"low (<0.4)",274.875329493708,151.171501364132,8.10787263737397
"YAL036C",0.154406678243295,"low (<0.4)",120.101995627813,111.323335109087,6.9200788290318
"YAL037W",0.104638192723983,"low (<0.4)",10.6849940006433,1.80148619936261,3.54658508829399
"YAL039C",0.135741147781953,"low (<0.4)",110.578979120138,16.2454159707505,6.80192144655071
"YAL047C",-0.0930319800264422,"low (<0.4)",15.8393728209477,3.87235287684026,4.07376650140578
"YAL048C",-0.103267075838467,"low (<0.4)",17.2154687596582,1.08430539914192,4.18709221698055
"YAL061W",0.089970643161609,"low (<0.4)",101.363616209009,14.3245057345305,6.67755920938715
"YAR027W",0.712348770346528,"high (>=0.7)",62.2394348058086,25.7021146252207,5.98275256874271
"YAR028W",0.513670935587859,"moderate (0.4-0.7)",21.7016124085277,3.4906859828331,4.50472286514249
"YAR042W",0.299354986960689,"low (<0.4)",39.8620799749578,13.2995914267789,5.35269073736238
"YBL032W",0.274396147662006,"low (<0.4)",97.921718478673,26.3945099737006,6.62821539748546
"YBR007C",0.409037017503718,"moderate (0.4-0.7)",22.6035326935961,10.1332524781568,4.56093089591999
"YBR008C",0.0921234498021011,"low (<0.4)",26.6634429041687,7.79718506257482,4.78990881578883
"YBR036C",0.195349869928519,"low (<0.4)",189.486413744486,60.6573008511756,7.57354429236239
"YBR037C",0.140367584642284,"low (<0.4)",64.1922493686042,12.8782195859794,6.02662854918808
"YBR039W",0.629645798372718,"moderate (0.4-0.7)",338.963816748356,75.0266831458369,8.40923739444483
"YBR041W",0.14364881361843,"low (<0.4)",62.9585629480443,16.9996185410355,5.99906561889915
"YBR042C",0.0445664807546315,"low (<0.4)",51.340599331173,21.956905438403,5.70985853908914
"YBR043C",0.212432371181764,"low (<0.4)",31.2728860579294,8.89859940529014,5.01225069394816
"YBR046C",0.474295648912295,"moderate (0.4-0.7)",103.652542664417,15.2149906616701,6.70946355387462
"YBR047W",0.601348351652562,"moderate (0.4-0.7)",43.0494825170608,5.38250219128964,5.46105316569127
"YBR061C",0.0417523761464323,"low (<0.4)",55.6855597722131,17.3610324485628,5.82490936094907
"YBR062C",0.149787916823786,"low (<0.4)",76.7755836616836,23.8126191969458,6.28124541129642
"YBR063C",0.513459821636698,"moderate (0.4-0.7)",23.3658712586137,6.49477353627816,4.60678990526936
"YBR065C",-0.0517652713856528,"low (<0.4)",37.036671127051,3.97430913601442,5.24931908560102
"YBR066C",0.343383774312243,"low (<0.4)",296.250732405534,64.4676888596669,8.21553655445223
"YBR067C",0.597741167900198,"moderate (0.4-0.7)",765.356630935445,170.773037771248,9.58187210927166
"YBR074W",0.125759596663806,"low (<0.4)",29.6991523842889,11.9981466581927,4.94012691765335
"YBR076W",0.457992834696856,"moderate (0.4-0.7)",7.56553947749139,0.541897081197157,3.09854411344195
"YBR077C",0.0575445739002594,"low (<0.4)",106.453923054178,10.8799783089129,6.74757434510896
"YBR078W",0.0510945910038874,"low (<0.4)",762.718209803549,313.238923784832,9.57689661297018
"YBR079C",0.120151993322348,"low (<0.4)",159.814987709088,100.45303768846,7.3292580595126
"YBR150C",-0.048463172750268,"low (<0.4)",18.7311589380968,9.49781821770684,4.30240379221292
"YBR151W",0.226892980478138,"low (<0.4)",233.339944643935,49.487111131428,7.87245908092807
"YBR152W",0.190610706541895,"low (<0.4)",17.064937767743,2.59922001583137,4.17512037969795
"YBR153W",0.50925357452509,"moderate (0.4-0.7)",57.1452889498233,11.0071243533053,5.86159040121943
"YBR154C",0.199279541565583,"low (<0.4)",269.123339922177,74.4579913520481,8.07747449061831
"YBR155W",0.137420401445549,"low (<0.4)",56.4088616778698,27.5056032641289,5.84320154453985
"YBR180W",-0.1417593232397,"low (<0.4)",2.25224319022403,0.240263979575765,1.70143514062705
"YBR186W",0.011560116261765,"low (<0.4)",4.2212741040012,0.40191134158359,2.38440189860214
"YBR187W",0.373092996986012,"low (<0.4)",157.371659694469,51.9984466255352,7.30717038077115
"YBR188C",0.447318087178437,"moderate (0.4-0.7)",56.6981124466023,21.0649629860553,5.85045221777079
"YBR199W",0.172050451868411,"low (<0.4)",176.215423500876,45.2893028570871,7.46936036048425
"YBR293W",0.685401852018836,"moderate (0.4-0.7)",11.2006664776136,2.83327364437343,3.6088880539612
"YBR294W",0.983526233836697,"high (>=0.7)",11.4766835420937,6.72406967752662,3.64116259373284
"YBR295W",0.231204470205083,"low (<0.4)",20.1448464889874,4.12606704418253,4.40223418136519
"YBR297W",0.703989799333115,"high (>=0.7)",27.1311686031232,12.9349496808541,4.81409758009995
"YCL001W",0.359246806827497,"low (<0.4)",153.443785844848,58.4842864388788,7.27093801405087
"YCL002C",0.28492089237159,"low (<0.4)",46.766327180669,17.4434980531,5.57792204513292
"YCL004W",-0.0316267741636777,"low (<0.4)",26.1163106858633,9.14984050457093,4.7610890006008
"YCL005W",-0.0629083845332264,"low (<0.4)",42.2763713650702,9.74451671082188,5.43550763210466
"YCL005W-A",0.162519281108426,"low (<0.4)",76.5102489302718,117.324290742982,6.88660246410413
"YCR002C",0.301218514636039,"low (<0.4)",153.098567721729,45.8231157474486,7.26770964247517
"YCR003W",0.109227154864784,"low (<0.4)",88.0233045138723,27.9268984765869,6.47611114900593
"YCR004C",0.199827316294481,"low (<0.4)",299.970011899518,49.4352455380017,8.23347593643034
"YCR005C",0.224775004000763,"low (<0.4)",642.829810492969,103.508578242938,9.33053556754511
"YCR008W",0.297148726688968,"low (<0.4)",97.071060826088,20.9593598950714,6.61575557830418
"YCR009C",0.444805955909652,"moderate (0.4-0.7)",261.001460312395,85.1707590041618,8.03343104268088
"YCR010C",0.00443907343094695,"low (<0.4)",7.36491906607535,0.800921198690976,3.06435158168185
"YCR072C",0.115871870432023,"low (<0.4)",40.443219931049,22.2659122441439,5.37306419246034
"YCR073C",0.289379464125311,"low (<0.4)",10.884526744009,3.26176364340397,3.571012549479
"YCR073W-A",0.285639856827169,"low (<0.4)",151.814198338053,29.6811116569399,7.25563478367369
"YCR102C",0.999651471607516,"high (>=0.7)",138.313916119615,92.5416512111269,7.1221955662637
"YDL007W",0.367183372543728,"low (<0.4)",265.556575953922,78.6416028480243,8.05829796360544
"YDL008W",0.235483705361896,"low (<0.4)",54.8472653674836,20.3220457720143,5.80341473392432
"YDL010W",0.280736979427315,"low (<0.4)",39.947965821558,44.078345576551,5.49436266291958
"YDL012C",0.260972714226794,"low (<0.4)",125.810160093747,63.4710376507024,6.98652652933444
"YDL013W",0.0680407295467983,"low (<0.4)",39.5184029854977,15.1022186582419,5.34050540697538
"YDL048C",0.285498526691724,"low (<0.4)",66.2419649127489,48.4975656953006,6.0712899778264
"YDL049C",0.256795130114357,"low (<0.4)",8.603937306328,4.63984317564248,3.26362598581063
"YDL051W",0.345103612868103,"low (<0.4)",109.98242266721,105.640578972043,6.79418739122495
"YDL072C",0.108929308066203,"low (<0.4)",357.888055204286,134.804831658077,8.48739009681193
"YDL073W",0.0647164441569283,"low (<0.4)",25.6209483537957,10.3754194420086,4.73449006211566
"YDL157C",0.15561473105108,"low (<0.4)",177.873847603961,34.7949914691855,7.48279866218351
"YDL160C",-0.0119623942308391,"low (<0.4)",58.5508150044163,13.5253365477414,5.89604934764147
"YDL160C-A",0.366672126967631,"low (<0.4)",36.2938876675918,13.1491490910857,5.22086729227801
"YDL161W",0.206603952448303,"low (<0.4)",92.4943594176102,47.2663213954134,6.54680742367682
"YDL164C",-0.0907478563348718,"low (<0.4)",31.4187026203443,13.8443766183462,5.01875445099119
"YDL165W",-0.0236279799215649,"low (<0.4)",95.5122777354618,34.5036157866441,6.59264058028717
"YDL166C",0.22544867844837,"low (<0.4)",78.2332585348281,30.0900923597515,6.30803423038839
"YDL167C",0.091493268061464,"low (<0.4)",30.557310652791,13.7396902263852,4.97990235748836
"YDL235C",0.346595872044378,"low (<0.4)",165.950941941824,42.179837029263,7.38328042292397
"YDL236W",0.0383885448745992,"low (<0.4)",147.43675292202,36.767490265682,7.2137045370806
"YDL237W",0.327718823203156,"low (<0.4)",68.533801548042,23.7248646591142,6.11964256151476
"YDL238C",0.113591339247315,"low (<0.4)",23.4162324598721,4.15907624152406,4.60976869771914
"YDL239C",0.116978042372215,"low (<0.4)",14.4759443672273,5.96816523792706,3.9519555426045
"YDL240W",0.1684236693601,"low (<0.4)",10.0248696967836,4.4419631019214,3.4626896995214
"YDR005C",0.152768762169953,"low (<0.4)",50.806518575016,13.2030956644585,5.6950617318759
"YDR006C",0.1227343207151,"low (<0.4)",49.262887589356,28.7717554888294,5.65142165092838
"YDR007W",0.110513183246222,"low (<0.4)",46.9737484771363,30.1133068637004,5.58417326526049
"YDR009W",0.676369389860409,"moderate (0.4-0.7)",13.7804626006811,7.59206807935366,3.88561951871949
"YDR011W",0.268115283999422,"low (<0.4)",62.6652461300534,46.3718704647545,5.99243413740898
"YDR034C",0.340760630815307,"low (<0.4)",44.5795241543042,21.3010970095105,5.51031395797655
"YDR046C",0.157742159417961,"low (<0.4)",133.105550951225,27.5899438490794,7.06722514486991
"YDR051C",0.115380160338363,"low (<0.4)",88.7999384395058,28.6115067786212,6.48864255084432
"YDR052C",0.0557438220854972,"low (<0.4)",43.8903276532529,17.9013265109418,5.48833272137022
"YDR054C",0.0908525644249538,"low (<0.4)",144.163816235514,15.2390191256592,7.1815380794511
"YDR056C",0.185561541370874,"low (<0.4)",198.562358031805,74.8017881373237,7.64069581124058
"YDR057W",-0.131742331442281,"low (<0.4)",32.6994590836127,8.49136580194014,5.07465352950956
"YDR058C",0.254297244351502,"low (<0.4)",43.4511381835226,5.35141210528712,5.47414845501554
"YDR059C",0.526499924095035,"moderate (0.4-0.7)",51.6331558437267,22.6557690769762,5.71789999520155
"YDR100W",0.292239679638688,"low (<0.4)",103.336927651115,20.2482868360996,6.70510604667586
"YDR101C",-0.00520347015513552,"low (<0.4)",89.0656484652506,24.9186868377083,6.49290505399359
"YDR103W",0.82822663181428,"high (>=0.7)",6.09647989921729,2.4519792863687,2.82710357514213
"YDR212W",0.2405592547028,"low (<0.4)",135.247532931297,59.2281066909305,7.09008629665506
"YDR222W",0.424123584645511,"moderate (0.4-0.7)",66.9194839714886,33.7832913107375,6.08575359272704
"YDR223W",0.138599934680197,"low (<0.4)",24.9135506411817,5.07245824192023,4.69563480015721
"YDR226W",0.301064325981844,"low (<0.4)",733.852496679432,286.212542839931,9.52131088371686
"YDR227W",0.0495359194115759,"low (<0.4)",21.5603149485318,15.4180949710913,4.49571530320533
"YDR251W",0.205125522308653,"low (<0.4)",69.6330606942696,29.7629596923779,6.14227170806449
"YDR257C",0.0679404123903545,"low (<0.4)",42.9325518630569,16.6778132477594,5.45721839703262
"YDR258C",0.168866350165465,"low (<0.4)",315.478739842021,32.7305862155369,8.30596477645934
"YDR260C",0.699085752943079,"moderate (0.4-0.7)",45.1490198587827,15.7349245680596,5.52822810224076
"YDR261C",-0.070980826175046,"low (<0.4)",42.1619868426182,14.9391927218216,5.43168937171556
"YDR262W",0.613072154041848,"moderate (0.4-0.7)",105.895595025813,19.8396606897652,6.74005859320401
"YDR263C",0.224702323752977,"low (<0.4)",11.6145047493796,2.57679556141578,3.65701166151552
"YDR335W",0.0109486451989389,"low (<0.4)",66.6436135781147,32.8127398153788,6.07988182666326
"YDR336W",-0.000688208434843355,"low (<0.4)",22.0364835074338,9.73175562044167,4.52584860274493
"YDR337W",0.423259107048309,"moderate (0.4-0.7)",92.699845271004,21.2603141625631,6.54997476041388
"YDR338C",0.248585108910481,"low (<0.4)",24.8360723383977,10.8326687548791,4.69131485963262
"YDR339C",0.138181093740051,"low (<0.4)",149.875614115455,58.3948926321996,7.23721583303021
"YDR341C",0.125550943304544,"low (<0.4)",194.989044420834,101.801705219443,7.61462920125051
"YDR346C",0.106314007699648,"low (<0.4)",197.82124414179,97.1662047585068,7.63532810754278
"YDR347W",0.198553763283803,"low (<0.4)",129.955442091013,30.500619979103,7.03293220451918
"YDR348C",0.285194082177667,"low (<0.4)",78.3334116070908,26.5074074688278,6.30985668601249
"YDR389W",0.0381369222921201,"low (<0.4)",46.9675184183392,18.0676816051791,5.58398589906793
"YDR390C",-0.0902181357813858,"low (<0.4)",51.0996135457505,14.7430391422544,5.70320076609178
"YDR391C",0.286981103082854,"low (<0.4)",137.24423930126,68.5818576948349,7.11107555374529
"YDR392W",0.224424334400425,"low (<0.4)",54.6897056158512,17.5024820049092,5.79933876123976
"YDR393W",0.212985381608603,"low (<0.4)",41.1006047754059,18.871928933517,5.39576905264963
"YDR399W",0.285025655628889,"low (<0.4)",317.345920692045,54.3996027895755,8.31445146731495
"YDR400W",0.493507173807695,"moderate (0.4-0.7)",82.5098804731953,33.7513726313404,6.3838749950655
"YDR440W",0.109764306372443,"low (<0.4)",18.6086458738216,8.44522143710679,4.29341800478887
"YDR441C",0.695161041783224,"moderate (0.4-0.7)",52.4929643430943,20.3238599268912,5.74127724855429
"YDR510W",0.33168963446529,"low (<0.4)",523.937235772855,217.219354835059,9.03600112673953
"YDR511W",0.103400785815289,"low (<0.4)",106.88805613887,30.5417802490137,6.75339134836345
"YDR512C",0.28772025701938,"low (<0.4)",106.7796876106,42.0296743798891,6.75194150010369
"YDR518W",0.573863630398708,"moderate (0.4-0.7)",61.8691065812473,23.6483223468527,5.97427935633422
"YDR519W",0.685768960974179,"moderate (0.4-0.7)",234.472664708305,142.632772779904,7.879415781338
"YDR520C",-0.0713026707540532,"low (<0.4)",15.9153712987163,5.1919609224096,4.08026294006169
"YDR522C",0.0116895720923952,"low (<0.4)",2.38664958541306,0.054862400396098,1.75985871976979
"YDR524C",0.209460949012512,"low (<0.4)",34.062596145703,14.5109736684639,5.13186091665125
"YDR524C-B",0.534334703133025,"moderate (0.4-0.7)",8027.90358988268,1425.86739927816,12.9709872744673
"YDR527W",0.0765086308263739,"low (<0.4)",50.5060282977364,25.6161305659863,5.68666939099445
"YDR528W",0.0592961664812944,"low (<0.4)",40.5071592390844,11.6634310858934,5.37528829177882
"YDR529C",0.513828275346537,"moderate (0.4-0.7)",1336.36615835128,181.616738579041,10.385178800591
"YDR530C",0.20327135642799,"low (<0.4)",69.9339889830915,22.3896112161659,6.14840517492486
"YDR531W",0.188714332678527,"low (<0.4)",107.23557024878,39.4235449567199,6.7580308903096
"YDR532C",0.348690037523019,"low (<0.4)",31.6796842663599,7.9188847290371,5.03032213989001
"YDR533C",0.812639416432507,"high (>=0.7)",226.8214366856,42.1196404518907,7.83175969250537
"YDR538W",0.556413163350465,"moderate (0.4-0.7)",6.50044321752713,7.5768797762459,3.10045289830128
"YDR539W",0.67444141191985,"moderate (0.4-0.7)",56.6992370841259,10.4621315204032,5.8504803381563
"YDR541C",0.441532668502779,"moderate (0.4-0.7)",22.2692421469714,2.76771185254888,4.54035231944195
"YEL062W",0.202276612163763,"low (<0.4)",21.1327128190059,6.68716575669475,4.46810838880353
"YEL063C",0.0766458174233611,"low (<0.4)",95.0622450655094,4.49197992732041,6.5858976210041
"YEL064C",0.0444661084980567,"low (<0.4)",15.7476825390037,4.33780714718702,4.06588957130571
"YEL065W",-0.0464512391454344,"low (<0.4)",63.9368771513252,7.67955970622093,6.02096610121407
"YEL066W",0.383817212776843,"low (<0.4)",73.5190869309528,32.8066743102995,6.21953809219085
"YEL068C",0.46323430217282,"moderate (0.4-0.7)",60.833308322002,26.1749732648854,5.95031229233526
"YEL071W",0.704986150678501,"high (>=0.7)",842.470022098151,120.978835243867,9.72019298414544
"YEL072W",0.608715044556672,"moderate (0.4-0.7)",26.2833933129311,4.15632710186347,4.76995118247858
"YER008C",0.18508710415154,"low (<0.4)",47.323506409046,36.9568350047865,5.59465323695528
"YER010C",0.206620624441692,"low (<0.4)",79.4545209835945,9.52532153310857,6.33010158752473
"YER017C",0.342862569819783,"low (<0.4)",85.7281920027001,20.5534016944376,6.43842912929462
"YER059W",0.199115104353989,"low (<0.4)",36.9348777533219,11.7099473487391,5.24545298347403
"YER061C",0.117279875813715,"low (<0.4)",32.1318871079841,3.01401894320006,5.05014847288506
"YER062C",0.0531913583322497,"low (<0.4)",395.669361010727,186.245372538133,8.63179315689502
"YER063W",0.193751872429344,"low (<0.4)",147.581002476634,65.6640611652264,7.21510585487842
"YER064C",0.249750783800762,"low (<0.4)",101.037253558885,27.0198272568082,6.67295216268015
"YER065C",0.0155363216022088,"low (<0.4)",26.9511007758111,5.09054144793516,4.80483319557773
"YER073W",0.266062844697938,"low (<0.4)",152.040451108602,59.2864731349613,7.25776922112747
"YER076C",0.775639039498359,"high (>=0.7)",16.1496023629305,2.00671352106415,4.10010322080855
"YER161C",0.395902520706025,"low (<0.4)",89.7852985426113,29.2598452369157,6.5043867862704
"YER163C",0.317718489542602,"low (<0.4)",141.75840068699,54.7334658427854,7.1574318339468
"YER164W",0.333596452594488,"low (<0.4)",31.2844425846337,28.6276234334393,5.01276721296451
"YER168C",-0.111015053489844,"low (<0.4)",53.7391825476623,17.0949643232848,5.77450198513938
"YER169W",0.354554573304763,"low (<0.4)",41.7382246719921,8.48668208850681,5.41745507518015
"YER171W",0.255942905197454,"low (<0.4)",31.7170838114528,11.0992331909102,5.03197225642345
"YFL010C",0.514330029644417,"moderate (0.4-0.7)",114.80941231134,81.4786374823675,6.85560870167755
"YFL013C",-0.0133360231104315,"low (<0.4)",24.4420896679859,13.5036341661212,4.66914526510985
"YFL014W",0.0296269271102376,"low (<0.4)",5685.56560353006,1273.46877824232,12.4733418857574
"YFL016C",-0.120153389007655,"low (<0.4)",185.444395329512,19.267520637818,7.54260161894929
"YFL017C",0.146375669505046,"low (<0.4)",107.926005684312,27.3132925491282,6.76720462310191
"YFL017W-A",-0.172867539875378,"low (<0.4)",121.584805197974,14.0244798501692,6.9376363529462
"YFL018C",0.544637076491958,"moderate (0.4-0.7)",236.758148451729,64.4809457380642,7.89335097577939
"YFL021W",0.226097493462899,"low (<0.4)",36.907960356687,12.4359038050784,5.24442892906792
"YFL022C",0.25837187560255,"low (<0.4)",148.409677368318,63.8134511508063,7.22312978528557
"YFL033C",0.0820632366406076,"low (<0.4)",20.6682359296261,6.38537286633444,4.43750979934914
"YFL052W",0.376093990893616,"low (<0.4)",19.6707817873703,0.431612203937739,4.36952104869345
"YFL053W",0.179830918812211,"low (<0.4)",11.8077078827517,0.722363812228132,3.67894040334828
"YFL055W",0.549970480292401,"moderate (0.4-0.7)",9.42859425582679,0.742345147357374,3.38247279475562
"YFR009W",0.113599076382075,"low (<0.4)",79.5992064276729,21.9174923302027,6.33269372906868
"YFR015C",0.088804877272405,"low (<0.4)",150.333112492353,19.1096037309031,7.241583881241
"YFR049W",0.341850596326565,"low (<0.4)",209.746438262146,33.7841314219404,7.71936443875959
"YFR050C",0.176472381443638,"low (<0.4)",352.115512185205,114.348742486867,8.46399638912516
"YFR051C",0.220644226779884,"low (<0.4)",184.581117701845,78.9393723347629,7.53590611800031
"YFR052W",0.506700738590407,"moderate (0.4-0.7)",222.347682574926,111.949796824446,7.8031474752867
"YFR053C",0.467915388441793,"moderate (0.4-0.7)",870.312386520617,75.7274218915552,9.76704624233586
"YGL019W",0.160947511162438,"low (<0.4)",136.432220524666,56.1889673606909,7.10257646861538
"YGL020C",0.0473573204651518,"low (<0.4)",89.3542736995437,38.5367199792811,6.4975209361468
"YGL021W",0.0316807831843832,"low (<0.4)",42.2623813484039,8.65467762095257,5.43504117454179
"YGL022W",0.120996667365617,"low (<0.4)",136.941173269337,59.8627857210795,7.10790933267125
"YGL036W",-0.0838271166989372,"low (<0.4)",50.9470365450761,7.9410231420531,5.69896954404245
"YGL037C",0.135789715943639,"low (<0.4)",1533.72565382199,329.878736768839,10.5837650684369
"YGL038C",0.56206893440131,"moderate (0.4-0.7)",113.085482055203,48.495583370068,6.83397140296502
"YGL039W",0.161170289080336,"low (<0.4)",201.767713108936,84.4198507596037,7.6636841387337
"YGL040C",0.16722177656356,"low (<0.4)",245.224717531905,51.3892784707408,7.94383178535325
"YGL041W-A",0.0921378471585784,"low (<0.4)",17.8236063185161,22.4615956457452,4.55222923067153
"YGL043W",0.345467166537153,"low (<0.4)",105.336541159151,45.0462964075984,6.73249363509318
"YGL050W",0.412971247709495,"moderate (0.4-0.7)",68.8764544580472,20.1539878451533,6.12673450243279
"YGL054C",0.252352382827906,"low (<0.4)",372.091444535576,83.968320129364,8.54338546746462
"YGL096W",0.596277976720868,"moderate (0.4-0.7)",70.3960513424693,12.6945128453229,6.15777238110018
"YGL236C",-0.000736801840108086,"low (<0.4)",19.9726648631886,10.0810734500032,4.39043828205592
"YGL237C",0.389499149749782,"low (<0.4)",50.7900290987915,14.6582667700259,5.69460246395026
"YGL254W",0.236380151292645,"low (<0.4)",19.0089958608916,1.61613152259739,4.32257686318741
"YGL255W",0.394035381652353,"low (<0.4)",508.684283725677,294.446121764328,8.99346005775099
"YGL257C",0.179520064526243,"low (<0.4)",37.7897906091566,16.6013877557991,5.2776050829777
"YGR048W",0.339695026031403,"low (<0.4)",105.029891919773,46.2550144736031,6.72832723611946
"YGR235C",0.478068421027855,"moderate (0.4-0.7)",163.568379519386,39.3809627690356,7.3625433500001
"YGR236C",0.472808025561728,"moderate (0.4-0.7)",61.1708145204592,10.0238083008176,5.95816557511272
"YGR286C",0.41606264591085,"moderate (0.4-0.7)",721.025195560454,154.731561439874,9.49590537159062
"YGR289C",0.377887000991755,"low (<0.4)",5.49041885232627,1.45558919982747,2.69831158402956
"YHL007C",0.0121291602938107,"low (<0.4)",49.0884606508168,24.8364660731845,5.6464063693788
"YHL008C",0.559636151990799,"moderate (0.4-0.7)",21.9932652849673,12.3146578567437,4.52313945332803
"YHL009C",0.254146985212497,"low (<0.4)",32.7759911460706,3.67353425590551,5.07792620050169
"YHL010C",0.308538865943731,"low (<0.4)",23.5073108000015,4.59182972604393,4.61514028009765
"YHL011C",0.182812794843201,"low (<0.4)",186.927365861907,74.329965601455,7.55403135615246
"YHL012W",-0.0306936131200468,"low (<0.4)",8.35703375351691,0.201467376585079,3.22605125765932
"YHL013C",0.342036514512721,"low (<0.4)",48.1163639895982,15.2708687710939,5.61813185900884
"YHL014C",0.145632640484066,"low (<0.4)",22.9767804521977,5.15811179137734,4.58356604482037
"YHL017W",0.0800407868377288,"low (<0.4)",37.206097310793,10.5456184121066,5.25573099121344
"YHL018W",0.0132572400413954,"low (<0.4)",11.3135931549065,3.06079430520668,3.62217990223051
"YHL019C",0.141254986362714,"low (<0.4)",17.9068021031861,14.7072494392885,4.24083346134669
"YHL020C",0.11736268885723,"low (<0.4)",89.9632877164353,31.0243300903166,6.50721249386773
"YHL029C",-0.056389841850934,"low (<0.4)",38.0074729202085,13.4085007201865,5.28567863199435
"YHR002W",0.0817275900837701,"low (<0.4)",27.8114791047057,6.91372471709948,4.84857182141252
"YHR003C",0.119610693825113,"low (<0.4)",61.1948283553481,20.8856689827111,5.95872271678202
"YHR008C",0.0893353099500565,"low (<0.4)",861.394323899472,130.788445198154,9.75220387237693
"YHR034C",0.0895620719022813,"low (<0.4)",35.5677912045431,6.33269279822191,5.19250158143839
"YHR097C",0.376005297116739,"low (<0.4)",152.462071023551,55.7815105644054,7.26173831958623
"YHR179W",0.634515218903109,"moderate (0.4-0.7)",478.408723625508,170.192805920981,8.90511235119554
"YHR181W",0.145555954124488,"low (<0.4)",74.1806874388598,31.771659517976,6.23229020207595
"YHR182W",0.0137855235938553,"low (<0.4)",12.770222667547,5.74367148304026,3.78347998324684
"YHR207C",0.091865800237134,"low (<0.4)",40.0336406715969,6.72123534540076,5.358735256572
"YHR208W",0.427373299705498,"moderate (0.4-0.7)",369.620241114037,78.2555018678543,8.53379786487281
"YHR209W",0.411537683974475,"moderate (0.4-0.7)",76.6750041713913,13.1112239086658,6.27937850871173
"YHR210C",0.689882739583759,"moderate (0.4-0.7)",9.75539412923485,0.950523380496642,3.42698848788396
"YIL010W",0.335052239847672,"low (<0.4)",109.577991802158,54.6949673733485,6.78892046614872
"YIL013C",0.206969923149409,"low (<0.4)",10.2720356880659,2.37400894197471,3.49467617932978
"YIL014W",0.203378974347302,"low (<0.4)",31.0684755327498,9.57983616001144,5.00308386763739
"YIL046W",0.258407549334216,"low (<0.4)",89.9505928630561,21.5053221094709,6.50701113702804
"YIL047C",0.296195527684541,"low (<0.4)",77.0614936680202,25.6727609138437,6.28653916318343
"YIL050W",0.301108038365273,"low (<0.4)",78.2884690314665,10.4049563605395,6.30903916408611
"YIL051C",0.636640595561241,"moderate (0.4-0.7)",628.573803964041,230.576628622709,9.2982317025429
"YIL119C",0.454099145725845,"moderate (0.4-0.7)",38.0483127236979,4.02974697904688,5.28718830579638
"YIL120W",0.032860015594432,"low (<0.4)",6.75463825712081,2.50616296928411,2.95505948315301
"YIL122W",0.189387046668495,"low (<0.4)",45.4150454847217,6.3969882005697,5.53652062713239
"YIL144W",0.0772020107848759,"low (<0.4)",41.2858798890663,9.98318984676216,5.40210409358036
"YIL155C",0.139137854036109,"low (<0.4)",112.58130353253,11.8676203896505,6.8275815640469
"YIL156W",0.0427147215226657,"low (<0.4)",20.8240696758955,6.95451312417881,4.44784825034213
"YIL156W-B",0.0117359160538322,"low (<0.4)",128.201147478931,22.3926432255471,7.0134750729243
"YIL159W",0.153520665961025,"low (<0.4)",10.9925667791263,6.64108574690308,3.58406856791821
"YIL160C",0.439505538815163,"moderate (0.4-0.7)",12.3501756271628,1.4592249521173,3.73878681618372
"YIL161W",0.352398567113978,"low (<0.4)",62.6196577535593,9.41598270592878,5.99140070570583
"YIL162W",0.420361735372586,"moderate (0.4-0.7)",380.871129906948,26.9838960765931,8.57694204371141
"YIL164C",0.144914148156466,"low (<0.4)",23.3963784305773,0.132342909870807,4.60859509480537
"YIL166C",0.308027485495426,"low (<0.4)",10.2285652490245,2.18472422666728,3.48910169133872
"YIL169C",0.760798926116872,"high (>=0.7)",347.85624987505,13.8208159305147,8.44648887000703
"YIR011C",0.190141095370565,"low (<0.4)",101.029068003298,22.7844936461194,6.67283642324439
"YIR012W",0.196443591553885,"low (<0.4)",113.047817015997,41.5262832653226,6.83349502212985
"YIR014W",0.251779665691929,"low (<0.4)",27.1356396547865,12.4449651143578,4.81432685786692
"YIR015W",0.187675124179206,"low (<0.4)",77.1674572375635,0.891504643105923,6.28849620301313
"YIR016W",0.392273100835142,"low (<0.4)",95.2466345222641,7.83865089804057,6.58866418942197
"YIR042C",0.592017605713714,"moderate (0.4-0.7)",63.3222230221656,4.52820460173194,6.00724536284128
"YJL016W",0.274610175084106,"low (<0.4)",133.400457730229,28.8311830871717,7.07039424131407
"YJL085W",0.148514183883083,"low (<0.4)",31.6007127013876,6.71136888772083,5.02683159920624
"YJL087C",-0.0501662910851199,"low (<0.4)",20.0965467793422,6.28433298902652,4.39893496339165
"YJL088W",0.413066682935469,"moderate (0.4-0.7)",387.761583298749,55.0993665736918,8.60274185130401
"YJL089W",0.0522996572518864,"low (<0.4)",11.4423681027294,2.32231629996976,3.63718918846875
"YJL090C",-0.115238622705749,"low (<0.4)",16.3636715591789,4.46539797630237,4.11800013369277
"YJL143W",0.0788316199721537,"low (<0.4)",275.569896179921,84.14987053877,8.11150032169515
"YJL157C",0.643753087680856,"moderate (0.4-0.7)",17.0991048380301,1.85431038818536,4.17784643983833
"YJL158C",0.342003682332502,"low (<0.4)",1374.57188630823,650.024691351862,10.425815820398
"YJL159W",0.436160564115825,"moderate (0.4-0.7)",1633.46405090703,439.206648867708,10.6746019308719
"YJL166W",0.429245656807858,"moderate (0.4-0.7)",1276.29224322613,247.904102638987,10.3188729346961
"YJL167W",0.203338493526953,"low (<0.4)",965.369918683067,254.405070360548,9.91643173669537
"YJL168C",0.405938280530818,"moderate (0.4-0.7)",38.46068233568,21.1296195747429,5.30234399757303
"YJL170C",0.168866839608868,"low (<0.4)",5.83980939565493,1.10227514487603,2.77395612222011
"YJL171C",0.712704656856182,"high (>=0.7)",261.39586015493,112.239146670955,8.03560114836995
"YJL210W",0.527919855524457,"moderate (0.4-0.7)",42.6905107481039,21.649032498722,5.44924806607232
"YJL213W",0.703916352447441,"high (>=0.7)",248.287343436359,32.1641356590787,7.96166582741714
"YJR122W",0.445391990390518,"moderate (0.4-0.7)",41.472666287046,8.67771903227789,5.4084627738189
"YJR124C",0.250134665659239,"low (<0.4)",25.7525998528571,8.70710295166665,4.74160719621664
"YJR125C",0.295604064831575,"low (<0.4)",129.719914676578,39.4131659407878,7.03033513669625
"YJR129C",0.383856323972781,"low (<0.4)",21.4012006363489,10.4301680390535,4.48550415331696
"YJR152W",0.626091633637113,"moderate (0.4-0.7)",13.5872134430999,2.32441111887048,3.86663241023528
"YJR153W",0.192069802875843,"low (<0.4)",21.0174695697526,2.27322559617978,4.46057676683496
"YKL094W",0.0873470270751444,"low (<0.4)",271.26724944346,89.9301368110111,8.08887964330169
"YKL095W",-0.17408345143986,"low (<0.4)",28.9371938133637,1.01686409880512,4.90386709045599
"YKL096W",0.470503482356987,"moderate (0.4-0.7)",474.023642380702,273.319572156597,8.89185550931635
"YKL096W-A",0.545529352364948,"moderate (0.4-0.7)",9341.14210272683,2685.37274135793,13.1895376747092
"YKL219W",0.679252438062745,"moderate (0.4-0.7)",44.541730708363,6.33564511185678,5.50911721369891
"YKL220C",0.506761125616682,"moderate (0.4-0.7)",16.5377729523156,1.64292260236835,4.13239365255365
"YKL222C",0.49762627771825,"moderate (0.4-0.7)",12.3997942769608,2.12921223974082,3.74413894647438
"YKR038C",0.0988179730480599,"low (<0.4)",88.5725664082248,29.3803811598678,6.48498503735933
"YKR039W",-0.0207615808737924,"low (<0.4)",77.3516589636185,1.28715032298571,6.29189191653158
"YKR041W",0.110467502168893,"low (<0.4)",4.57714077879499,3.31664075308465,2.47952568810353
"YKR042W",0.43409087912825,"moderate (0.4-0.7)",739.694383838957,235.373141185171,9.53273458808309
"YKR043C",0.159510342312776,"low (<0.4)",229.71017281022,92.2106727967687,7.84993780861698
"YKR044W",0.0545360656773163,"low (<0.4)",25.1930405521862,5.97465957184248,4.71111163586444
"YKR045C",0.411154550500123,"moderate (0.4-0.7)",26.8061191367535,9.40151646176075,4.79733049858463
"YKR046C",0.374956758433859,"low (<0.4)",442.807978709604,184.29581883503,8.79379179408592
"YLL048C",0.506954767644705,"moderate (0.4-0.7)",62.026095681025,29.8526388447791,5.97787738880959
"YLL049W",0.0562194412590528,"low (<0.4)",56.2512960622614,9.24331796817895,5.83923644838397
"YLL050C",0.240299046006147,"low (<0.4)",909.97801985952,378.568832219724,9.83127243477656
"YLL051C",-0.0152373392103305,"low (<0.4)",38.7992828785538,10.0123059206014,5.31467053075993
"YLL054C",0.175877118435803,"low (<0.4)",11.2789534896511,3.09753121327073,3.61811570285709
"YLL055W",0.961895087180144,"high (>=0.7)",30.8912210304948,4.31345325275513,4.99508743051191
"YLR078C",0.168729070888791,"low (<0.4)",94.4053025066808,39.2332009849236,6.57599754652174
"YLR080W",0.0331094554363612,"low (<0.4)",19.1235993362527,2.97634054782105,4.3308164656443
"YLR081W",0.35741909547594,"low (<0.4)",103.549507506486,1.16645800272127,6.70804245572303
"YLR082C",-0.0414434508010525,"low (<0.4)",19.4179039606798,4.2417529923468,4.35176286606185
"YLR083C",0.130978649961656,"low (<0.4)",64.9421699341977,27.1007985468461,6.04312945690018
"YLR084C",0.176068063618612,"low (<0.4)",20.763221653788,10.0182158809997,4.44382023235384
"YLR085C",0.0134915889361314,"low (<0.4)",36.3577204435692,14.5477657668382,5.22333451982
"YLR118C",0.464065347060517,"moderate (0.4-0.7)",84.2046811875245,30.4331506770385,6.41286078989837
"YLR193C",0.271408037682575,"low (<0.4)",109.065693645125,13.3163187634956,6.78222105540204
"YLR194C",0.606673379618739,"moderate (0.4-0.7)",594.626448871306,287.657823171432,9.21826400818141
"YLR257W",0.263845695397088,"low (<0.4)",750.323479979634,174.248541687716,9.55329037911691
"YLR258W",0.286139330106783,"low (<0.4)",262.309531973257,39.9511570349936,8.0406159385861
"YLR387C",0.421916591564017,"moderate (0.4-0.7)",109.95250241369,49.6387093304625,6.79379839610287
"YLR451W",0.14433303435166,"low (<0.4)",26.9134807665345,12.0484882459705,4.80289013227976
"YLR452C",0.756624670586633,"high (>=0.7)",10.8232727239419,3.51102193624726,3.56355752880137
"YLR453C",0.136525863918626,"low (<0.4)",8.67401192093523,2.54847412627812,3.27411431556583
"YLR454W",0.285894760472646,"low (<0.4)",26.100793325367,25.8007647598715,4.76026317930122
"YLR455W",0.357335445138011,"low (<0.4)",64.4176210046455,19.8649851606687,6.03160738981391
"YLR456W",0.0779122555552219,"low (<0.4)",24.2038541121922,4.26649281769857,4.65557245890583
"YLR457C",0.0793538932344691,"low (<0.4)",16.7324262705336,5.43361187165542,4.14831804392621
"YLR459W",0.41931508768021,"moderate (0.4-0.7)",46.4121531398868,18.4861058651485,5.56718500690762
"YML004C",0.235896150872842,"low (<0.4)",404.297061419952,158.372110103666,8.66283590503061
"YML005W",0.152713405205076,"low (<0.4)",46.5734086621401,7.71701618550397,5.57208349382205
"YML081C-A",0.443739780224245,"moderate (0.4-0.7)",1106.26592062704,169.642275717636,10.1127860255697
"YML082W",-0.0213040742487557,"low (<0.4)",27.6509945047217,13.5494506014398,4.84051331212884
"YML083C",0.556638029662974,"moderate (0.4-0.7)",5.82019406593706,0.667866668422632,2.76981279115291
"YML085C",0.0964041776339463,"low (<0.4)",188.308276334349,82.1226921155283,7.5645936751191
"YML086C",0.459316397836834,"moderate (0.4-0.7)",75.6686753069317,8.99383860378374,6.26056534784133
"YMR008C",0.500603393475528,"moderate (0.4-0.7)",228.302954997773,64.4034049167786,7.84111113663919
"YMR033W",0.0968921952627931,"low (<0.4)",55.9134953863307,29.7917106758251,5.83069888131045
"YMR034C",0.532350237651467,"moderate (0.4-0.7)",13.2192382554908,3.94059507376369,3.82977227472079
"YMR035W",0.371780790487394,"low (<0.4)",45.563416864901,10.7205235897152,5.54112502326196
"YMR036C",0.0647224998671192,"low (<0.4)",22.2893496821868,8.87769269223316,4.54159845004872
"YMR037C",-0.113386383814445,"low (<0.4)",69.3688337592658,8.52270407988233,6.13686469794618
"YMR038C",0.348154766992069,"low (<0.4)",165.544695265876,62.6919931321301,7.37976559220791
"YMR039C",0.607478705028215,"moderate (0.4-0.7)",313.159004922659,76.3769021948395,8.29535112326021
"YMR040W",0.525090758116843,"moderate (0.4-0.7)",163.626918681529,110.961839333307,7.36305644456902
"YMR041C",0.120332393050815,"low (<0.4)",37.2842619835264,10.2823958586635,5.25867954122728
"YMR043W",0.235144400020989,"low (<0.4)",131.295274590014,30.4795655942406,7.04761772117738
"YMR106C",0.258581311365899,"low (<0.4)",13.1822971983559,8.05613694158482,3.82601932903417
"YMR107W",0.138965235133323,"low (<0.4)",131.753483728344,8.16141871956175,7.05260591062833
"YMR123W",-0.00514002781192005,"low (<0.4)",152.617517284432,75.3169894282905,7.2631989283495
"YMR124W",0.114549976539515,"low (<0.4)",34.8752415210658,13.5312392960924,5.16491663929091
"YMR132C",0.41110420317772,"moderate (0.4-0.7)",31.2863474037246,10.8175994421618,5.01285233111336
"YMR176W",0.327129239472552,"low (<0.4)",21.9320977692266,15.2929618094125,4.51929642986845
"YMR177W",0.295105768315744,"low (<0.4)",35.5862356249481,8.24041940671289,5.19322907862665
"YMR178W",0.220946005278829,"low (<0.4)",127.296388841327,28.270304477793,7.00333675323405
"YMR179W",-0.0939728844210592,"low (<0.4)",26.8767986567493,6.48002224631738,4.80099298797256
"YMR180C",-0.0466325186315114,"low (<0.4)",33.4562499437987,8.42356340072605,5.10669378885058
"YMR181C",0.199630429088576,"low (<0.4)",257.129380528613,35.8274082531688,8.01195054945753
"YMR215W",0.418430548401745,"moderate (0.4-0.7)",57.7692153523756,24.701415553288,5.87698873143431
"YMR216C",0.00608522609584863,"low (<0.4)",53.5354075581662,25.0169620495374,5.76912131050507
"YNL254C",0.0342090417558928,"low (<0.4)",25.1140711341116,2.73645885092477,4.70675548348961
"YNL256W",-0.170924800069982,"low (<0.4)",51.150562120034,31.9695228154607,5.70461089822521
"YNL257C",0.444640562123615,"moderate (0.4-0.7)",31.0538737295765,19.9570478959255,5.0024268128154
"YNL263C",0.32730118325924,"low (<0.4)",88.0884979624777,39.0805340272986,6.47716727519065
"YNL264C",0.395791768376175,"low (<0.4)",39.4910216271172,16.7327934802781,5.33953013893363
"YNL265C",0.202354222387776,"low (<0.4)",24.0859110291765,23.1302466244338,4.64880542738498
"YNL267W",0.272904254914813,"low (<0.4)",43.5973961575868,23.8131720983194,5.47888757498364
"YNL268W",0.169764695072027,"low (<0.4)",126.770138493217,44.9685803306885,6.9974068892705
"YNL270C",0.142096091238768,"low (<0.4)",4.69416844336224,0.457782162998165,2.50948517112882
"YNR060W",0.0972120492907713,"low (<0.4)",58.081655303281,21.8826121836421,5.88463834184958
"YNR061C",0.423564025367799,"moderate (0.4-0.7)",75.6814254136606,23.3372832560294,6.26080525007425
"YNR062C",0.1062903568138,"low (<0.4)",12.5015018510795,0.15482810323624,3.75504799050362
"YNR063W",-0.0100828298228606,"low (<0.4)",6.95410505113442,0.684811570623328,2.99169961617252
"YNR071C",-0.0133290313695714,"low (<0.4)",34.2234812693473,1.04798725469328,5.13846559808895
"YNR074C",0.72081785053682,"high (>=0.7)",44.7963312773506,4.34855683025672,5.51716012421459
"YNR075W",0.348003062326227,"low (<0.4)",25.6334263947586,3.43198324916862,4.73516613833406
"YOL082W",0.0191609878256311,"low (<0.4)",81.8303407627465,12.1078141940009,6.37208741877189
"YOL083W",0.391839600956917,"low (<0.4)",20.6285755821204,6.42923431859249,4.43486675009577
"YOL084W",0.140651433590837,"low (<0.4)",61.1642099498988,31.3842446455939,5.95801230564992
"YOL097C",0.0326278649650894,"low (<0.4)",157.837206193693,55.4885206253611,7.3114050802401
"YOL098C",0.136532131012428,"low (<0.4)",53.5579358048329,12.3803870889305,5.76971715602975
"YOL100W",0.256683573153957,"low (<0.4)",24.4703399842207,12.5040695586655,4.6707463120682
"YOL122C",0.569118290973388,"moderate (0.4-0.7)",105.785292850031,25.5807135143189,6.73856915334145
"YOL123W",0.1942828741332,"low (<0.4)",150.131856991508,94.198386444384,7.23966398713646
"YOL129W",0.406601898517771,"moderate (0.4-0.7)",318.626464633849,97.9009831727592,8.32024305616116
"YOL136C",0.0350286519711808,"low (<0.4)",100.59112056586,21.8507847473439,6.66663050059132
"YOL146W",0.252161928796618,"low (<0.4)",41.4413288796601,9.4524219123386,5.40739792404487
"YOL147C",0.154443189765396,"low (<0.4)",59.0929916363968,21.1992905900668,5.90912484088227
"YOL148C",0.0592030362679368,"low (<0.4)",37.6172074830979,7.74114610229626,5.27117193768582
"YOL149W",-0.0547456457895744,"low (<0.4)",64.9934187758971,11.7354636303498,6.04425025310403
"YOL151W",0.515687912228426,"moderate (0.4-0.7)",119.294214887612,68.82048256297,6.91042345279047
"YOL152W",-0.0309885955009267,"low (<0.4)",15.9510350025415,0.739544033849624,4.08330145954379
"YOL154W",0.338562741049082,"low (<0.4)",138.469036752261,402.204681845052,8.65536858068454
"YOR081C",-0.226149934087363,"low (<0.4)",22.4712878784779,4.8317356800818,4.55282510014501
"YOR083W",-0.107522177346972,"low (<0.4)",23.8000256836147,1.19373678191243,4.63226970959646
"YOR084W",0.276772823467767,"low (<0.4)",34.9580534593069,9.28939974680444,5.16824301950462
"YOR085W",0.252749458194898,"low (<0.4)",111.008755993544,46.6786561085065,6.80746770540319
"YOR140W",0.400627098750401,"moderate (0.4-0.7)",29.0094906067251,20.3854056982161,4.90734692514017
"YOR161C",0.0405964921115433,"low (<0.4)",51.0880824867618,15.9022893210512,5.70288142316895
"YOR163W",0.316457720617912,"low (<0.4)",134.205067981735,53.424170816704,7.07900541990874
"YOR164C",-0.00918358758861937,"low (<0.4)",89.0621007840007,24.5272567172264,6.49284822519105
"YOR341W",0.232740578951588,"low (<0.4)",91.188767099375,41.4641993072827,6.52651906856487
"YOR342C",0.127041507291358,"low (<0.4)",76.4441872134289,25.2650084674289,6.27508505251974
"YOR344C",0.18888762934316,"low (<0.4)",124.716154880268,73.5316106185778,6.97402624182515
"YOR378W",0.145184055899369,"low (<0.4)",13.3991035889023,1.56889810761983,3.84790709488136
"YOR380W",0.164957425984155,"low (<0.4)",18.7974613008404,4.86065960391331,4.30724353511599
"YPL030W",0.0120035571307525,"low (<0.4)",38.8324706566497,12.9301768294294,5.31587306225079
"YPL031C",0.339636896595965,"low (<0.4)",103.530389001874,40.289132516756,6.70777861235664
"YPL032C",0.156741654630105,"low (<0.4)",64.5713456197358,38.3949809219804,6.03499359626143
"YPR106W",0.438087535679201,"moderate (0.4-0.7)",28.3483779782542,8.27175543758408,4.87520886577317
"YPR108W",0.247612742260383,"low (<0.4)",206.313938893577,64.0711425392557,7.69567331006471
"YPR143W",-0.0390044636593305,"low (<0.4)",76.5864062066815,39.0647694638948,6.27773199709133
"YPR144C",0.215212556982161,"low (<0.4)",53.3419258089721,21.8850635138204,5.76399378863684
"YPR145C-A",0.464539601128154,"moderate (0.4-0.7)",349.122673968687,3.10202942238492,8.45171668359757
"YPR145W",0.276383069445407,"low (<0.4)",453.715478847114,74.9937782298091,8.8288203050863
"YPR147C",0.162856485657816,"low (<0.4)",54.5939965421747,13.8781706869423,5.7968571931875
"YPR148C",0.217033500368213,"low (<0.4)",204.522994358823,67.8697718109848,7.68315600456534
"YPR149W",0.254876371618339,"low (<0.4)",1265.68505788402,240.127875469853,10.3068421493857
"YPR151C",-0.0201698953650519,"low (<0.4)",33.0553655743644,21.7022388067892,5.08981021405538
"YPR153W",-0.0749743339527984,"low (<0.4)",15.2502726238331,0.317731920982154,4.02239201670555
"YPR154W",0.322279999102449,"low (<0.4)",347.219455917369,90.281413036669,8.44385300210132
"YPR155C",0.390416709071766,"low (<0.4)",24.4098832596232,6.43452549356958,4.66731784213421
"YAL060W",0.234550634273867,"low (<0.4)",348.933072254482,53.5965587751697,8.45093521023351
"YAL059W",0.081099493223835,"low (<0.4)",26.5582853950101,23.0649989124348,4.78441422498085
"YAL058W",0.182905280798096,"low (<0.4)",15.1584773546846,8.60810318224662,4.01421935137171
"YAL056W",0.0944707255247179,"low (<0.4)",38.4439391061493,8.35569177558085,5.30173172989761
"YAL055W",0.322800389788089,"low (<0.4)",46.6541208441793,7.89460932118763,5.5745290700804
"YAL054C",0.128152296593227,"low (<0.4)",18.1183764682706,4.57147679833084,4.25688810980517
"YAL053W",0.244056140622824,"low (<0.4)",87.0136041832401,40.0582652151918,6.45965463194159
"YAL051W",0.104160259365897,"low (<0.4)",25.6199319432529,8.97343805067124,4.73443497773533
"YAL049C",0.723291146733565,"high (>=0.7)",213.327693067342,68.7498357171943,7.74367446101965
"YAL046C",0.317944823765456,"low (<0.4)",100.765367520687,43.4348292938861,6.66910286113911
"YAL044W-A",0.0761173852160795,"low (<0.4)",29.2794616892644,68.0725453701372,6.1100404838071
"YAL044C",0.168417661909931,"low (<0.4)",292.297785685881,53.7444331902404,8.19622236897714
"YAL043C",0.0926070847118202,"low (<0.4)",47.3124998702391,20.8102505992442,5.59432460004996
"YAL042W",0.106601851419727,"low (<0.4)",126.747110640875,48.5951718071091,6.99714685071279
"YAL041W",0.196868535801096,"low (<0.4)",48.2265890503513,18.6632333221997,5.62136587243236
"YAL040C",0.294663029579206,"low (<0.4)",147.769359509593,38.1613465445607,7.21693360979957
"YAL038W",0.374054835737458,"low (<0.4)",1129.63661322958,1251.20217592974,10.2902517979417
"YAL034C",0.242741845946477,"low (<0.4)",110.044609602408,34.164294800093,6.79499555214523
"YAL033W",0.172429015021572,"low (<0.4)",41.3289971471354,18.6261970208667,5.40357440381317
"YAL032C",0.157313685337703,"low (<0.4)",36.4628687037686,16.285873494391,5.22738947247789
"YAL031C",0.142053505238243,"low (<0.4)",24.5335795823861,9.245925281748,4.67432389991595
"YAL030W",0.192043395698103,"low (<0.4)",196.008046439644,104.140450464,7.62211074494624
"YAL029C",-0.111901641802652,"low (<0.4)",40.5115954468548,22.4689737502883,5.3754424760949
"YAL028W",0.133031200422802,"low (<0.4)",20.7374050888004,4.69900259539574,4.44210782324885
"YAL027W",0.0699333008876922,"low (<0.4)",18.6781710820794,7.68138069439587,4.29852423561397
"YAL026C",0.184814276114156,"low (<0.4)",30.1389695899721,15.9899701397945,4.96064930031803
"YAL025C",0.119306494277481,"low (<0.4)",147.107159710689,46.0481232341091,7.21049757401685
"YAL024C",-0.0705113013385279,"low (<0.4)",11.8136418948142,7.79625273955616,3.67960867180427
"YAL023C",0.322904291405164,"low (<0.4)",170.294664496527,82.7449041357108,7.42033640468594
"YAL022C",0.120316672117159,"low (<0.4)",28.7345767051144,7.95707459051551,4.89406963285878
"YAL021C",-0.140612166620624,"low (<0.4)",41.8300742848725,24.3159478928804,5.42055227434196
"YAL019W",-0.0378017591172392,"low (<0.4)",41.2998862815648,16.0707492641749,5.4025818797162
"YAL017W",0.180435774694738,"low (<0.4)",39.9236051400578,10.0104001586661,5.35486133890955
"YAL016W",0.0786138885456902,"low (<0.4)",148.653395456539,41.9049826301581,7.22548120200692
"YAL015C",0.151112788062852,"low (<0.4)",36.82266254648,10.1064952838288,5.24117902103586
"YAL014C",0.544297993043958,"moderate (0.4-0.7)",64.6557398110166,28.3860402455639,6.03684923601182
"YAL013W",0.0326519882292767,"low (<0.4)",61.830747454318,13.188604721521,5.97339883782708
"YAL012W",0.369440329323521,"low (<0.4)",408.445484836651,256.839492562765,8.67752756840197
"YAL011W",0.231312387968903,"low (<0.4)",37.9262942752404,19.9896415986294,5.28267310370813
"YAL010C",0.184815684441095,"low (<0.4)",31.5448394824952,6.8331614302247,5.024356893478
"YAL009W",-0.138439146524005,"low (<0.4)",39.7485406975625,12.0624216032657,5.34867648880561
"YAL007C",0.346128434824843,"low (<0.4)",236.194883081102,154.127168896188,7.88992907725921
"YAL005C",0.311910375034306,"low (<0.4)",1083.05974927421,225.347587320959,10.0822285594406
"YAL003W",0.324974059623443,"low (<0.4)",1461.1865191769,1632.14873007594,10.673440467094
"YAL002W",0.183303709089048,"low (<0.4)",19.1294315440104,10.3414694960131,4.33123452595352
"YAL001C",0.153652232843639,"low (<0.4)",24.7666530632052,15.0842658866262,4.68743324664809
"YAR002W",0.212018724422642,"low (<0.4)",48.9118301433002,20.3970935531946,5.64130989975372
"YAR002C-A",0.436641565161288,"moderate (0.4-0.7)",228.461164134472,130.653536329741,7.84210619068317
"YAR003W",0.524166193375302,"moderate (0.4-0.7)",39.6462940584414,13.7759895814434,5.3450519149063
"YAR007C",0.0475332185251109,"low (<0.4)",75.334845818269,19.7621691945324,6.25426987295961
"YAR008W",0.168448009966484,"low (<0.4)",40.891263571368,10.9015345599379,5.38857749593719
"YAR014C",0.239662856199777,"low (<0.4)",61.7758738987921,14.798469181133,5.97213830218626
"YAR015W",0.0811117539533667,"low (<0.4)",246.398838671402,18.0829842537153,7.95069491787017
"YAR018C",0.110251665724726,"low (<0.4)",46.3939435818597,4.97928696509349,5.56663080543126
"YAR019C",0.239667309760058,"low (<0.4)",16.224427817514,8.72206556382502,4.10638415337305
"YAR023C",0.262754133452912,"low (<0.4)",25.1699710841085,4.00795484892053,4.70984042520238
"YBL108C-A",-0.0941208824559554,"low (<0.4)",22.4127452272147,0.391444413378883,4.54922220035339
"YBL107C",0.561516895977162,"moderate (0.4-0.7)",94.9875113200347,39.7593345043791,6.58477480771389
"YBL106C",0.206749859162747,"low (<0.4)",25.6825249353292,6.73824093261541,4.73782328837088
"YBL105C",0.256806894836291,"low (<0.4)",48.615070300053,23.3893672267931,5.63270649261311
"YBL104C",0.118929949330354,"low (<0.4)",20.9536380913659,12.1898172146612,4.45638813357519
"YBL103C",0.066842527219258,"low (<0.4)",42.1877362464306,4.95075493499788,5.43254979226951
"YBL102W",0.410086971153374,"moderate (0.4-0.7)",112.843367980262,29.1976450542845,6.83090643855557
"YBL101C",0.0169226617546763,"low (<0.4)",32.3075176238995,12.8485436170646,5.05777593028233
"YBL099W",0.675073968209955,"moderate (0.4-0.7)",545.991490012009,389.701702972177,9.09537457779625
"YBL098W",0.237543356368835,"low (<0.4)",77.303389575057,4.07429533114357,6.29100285473168
"YBL097W",0.0792955476738512,"low (<0.4)",14.3274104051515,5.28308297615178,3.93804206642875
"YBL095W",0.145267396440659,"low (<0.4)",21.6707605195609,14.5770659187552,4.50276088382205
"YBL093C",0.613081276842601,"moderate (0.4-0.7)",196.984303359655,95.2332437163276,7.62924224450965
"YBL092W",0.175906259928999,"low (<0.4)",1885.86365045025,2550.05535618224,11.3168784894524
"YBL091C-A",0.0834566606585284,"low (<0.4)",57.0965671310834,24.5604491160059,5.860381013607
"YBL091C",0.0934516627573621,"low (<0.4)",187.598037020311,61.3880660647199,7.55917084990332
"YBL090W",0.11989963274699,"low (<0.4)",119.692607812871,25.0606800726278,6.91519350631255
"YBL089W",0.208532830394992,"low (<0.4)",25.7881551865632,10.2457268725191,4.74352332575638
"YBL088C",0.0959827592624251,"low (<0.4)",10.6964950590796,22.1123138729813,4.53058979631854
"YBL087C",0.274271418413987,"low (<0.4)",466.674520032189,453.605795348323,8.86936101937707
"YBL086C",-0.0381697267291281,"low (<0.4)",31.1095430941013,3.17535462864178,5.00493023112625
"YBL085W",-0.0962109384077115,"low (<0.4)",38.7700780546893,14.6612606171184,5.31361148853671
"YBL084C",0.070013321159016,"low (<0.4)",23.4659521605267,7.95583077078209,4.6127035252381
"YBL082C",0.402887928146846,"moderate (0.4-0.7)",23.3218449680023,18.8873181775176,4.60418076549577
"YBL081W",-0.0334835659965325,"low (<0.4)",36.0811443950629,12.8802846588421,5.21261386386712
"YBL080C",0.12783980345436,"low (<0.4)",19.948268124765,3.4852026792911,4.38875907050204
"YBL079W",0.0169776622125948,"low (<0.4)",42.7990000171665,27.0328513554441,5.4528260266603
"YBL078C",0.183603279381274,"low (<0.4)",317.574704644659,47.3212779443432,8.31548790882724
"YBL076C",-0.0515603657622194,"low (<0.4)",171.92493109996,113.576817214139,7.43400207137116
"YBL075C",0.0909633268001525,"low (<0.4)",103.426608173039,10.3354675215731,6.70634555099536
"YBL074C",0.00944642584505914,"low (<0.4)",12.9878399828626,2.4755582511214,3.80610129208574
"YBL071W-A",0.260091357159874,"low (<0.4)",79.3701283934895,56.640796809853,6.32858748153564
"YBL069W",0.414767770626948,"moderate (0.4-0.7)",17.164840265914,10.954215770234,4.18307677423355
"YBL068W",0.0887179633317441,"low (<0.4)",70.5661336313104,38.5451356183276,6.16120513488003
"YBL067C",-0.0399709428311783,"low (<0.4)",41.937668757951,20.6424857287447,5.42417195905462
"YBL066C",0.0344211455786738,"low (<0.4)",19.6354041865853,2.5502003133401,4.36704979164139
"YBL064C",0.225158374845493,"low (<0.4)",423.904123754553,101.425405950643,8.73099353505307
"YBL063W",0.202910003145927,"low (<0.4)",12.4737632125492,5.1837411256503,3.752080945675
"YBL061C",-0.0551456414949803,"low (<0.4)",41.9601682452477,19.3534015168574,5.42492773825979
"YBL060W",-0.157216942551704,"low (<0.4)",20.318491862173,5.20521806529203,4.41403347576479
"YBL059C-A",0.18778686588126,"low (<0.4)",79.6751466937314,29.4787577818403,6.33405239089213
"YBL058W",-0.145726989598265,"low (<0.4)",184.5527942029,47.9327655793485,7.53568591623358
"YBL057C",0.167425594310308,"low (<0.4)",111.685157906736,38.5721454855866,6.81615369619484
"YBL056W",-0.114181138790413,"low (<0.4)",159.413655940723,68.416236084222,7.32565315276053
"YBL055C",0.0173092595872814,"low (<0.4)",55.8763944132145,10.016598989731,5.82975810543101
"YBL052C",0.148403870237591,"low (<0.4)",16.503704203165,8.51886205312275,4.12958835808975
"YBL051C",0.123263366015887,"low (<0.4)",77.6959393161235,33.4348996998232,6.29821728996406
"YBL050W",0.317851830915735,"low (<0.4)",136.668652205039,60.4522816867798,7.10505627824579
"YBL049W",-0.105861122735844,"low (<0.4)",132.443602709014,3.10434152818908,7.06008633406161
"YBL047C",0.110141675367358,"low (<0.4)",103.068150063298,37.8870080271786,6.70138479081889
"YBL046W",0.00158887637448919,"low (<0.4)",43.9031682367371,5.28507444445353,5.48874533580421
"YBL045C",0.528355806377139,"moderate (0.4-0.7)",356.09272299408,70.2440104429682,8.48015492407024
"YBL043W",-0.159165755516783,"low (<0.4)",34.0012345509934,1.32050746643366,5.12933390406453
"YBL042C",0.311075898306604,"low (<0.4)",29.1928824804534,11.8079107953474,4.91613659078307
"YBL041W",0.302655946083511,"low (<0.4)",296.113566499427,119.298171249227,8.21487067133511
"YBL040C",0.406297777834544,"moderate (0.4-0.7)",200.392158455032,96.519752376325,7.6538637004368
"YBL039W-B",0.287230372833396,"low (<0.4)",143.670693981202,26.6201880352602,7.17662889374523
"YBL039C",0.223071654161713,"low (<0.4)",116.981845786338,64.1701668498634,6.88242107470963
"YBL038W",0.110267842271571,"low (<0.4)",144.182499162665,33.0768734332206,7.18172374577409
"YBL037W",0.102503641455984,"low (<0.4)",26.621734975756,8.3845149708196,4.78773203585578
"YBL036C",0.0895921822313156,"low (<0.4)",163.251612817343,27.9757110818049,7.35976372648463
"YBL035C",0.0081123865285246,"low (<0.4)",29.6708995882751,11.3821876201381,4.93879857686596
"YBL034C",-0.0475337468153134,"low (<0.4)",13.0263850140113,7.08225859348001,3.8100713294783
"YBL033C",0.358709914913596,"low (<0.4)",119.837021552918,43.4555693566648,6.91691871917342
"YBL031W",0.0274780362545661,"low (<0.4)",20.8460074329483,5.74564601307047,4.44929773237037
"YBL030C",0.741195551344726,"high (>=0.7)",870.649135428462,170.925124752937,9.76760371417824
"YBL029C-A",0.15304139417775,"low (<0.4)",151.438978121931,24.1296647160312,7.25208803193167
"YBL029W",0.199898165164088,"low (<0.4)",24.1740641990561,1.72015266899385,4.65386624450079
"YBL028C",0.116384150296569,"low (<0.4)",199.18604091166,32.0893958102427,7.64519756749684
"YBL027W",0.248445998453517,"low (<0.4)",996.969887936193,1544.03598163605,10.5934247214477
"YBL026W",0.179228329882054,"low (<0.4)",177.270277833155,45.5991713387306,7.47792237901298
"YBL025W",0.134739665241854,"low (<0.4)",39.7577751212083,11.0837188382309,5.34900339493853
"YBL024W",0.0491541077446859,"low (<0.4)",84.262292615601,45.0465919302727,6.41383594330075
"YBL023C",-0.0770695832856647,"low (<0.4)",33.3249802466747,13.8779761365616,5.10118698501844
"YBL022C",0.173356485963241,"low (<0.4)",86.454949726645,38.7632578857079,6.45046813419725
"YBL021C",0.192986657569936,"low (<0.4)",51.3487495336335,16.5920653292109,5.71008317047377
"YBL020W",0.184401375500653,"low (<0.4)",38.6184422136201,10.3398558601784,5.30810024985307
"YBL019W",0.184827806444852,"low (<0.4)",22.4702628129439,5.80885526931051,4.55276209170404
"YBL018C",0.110638013375766,"low (<0.4)",65.6807773636599,20.6556581940738,6.05919901823029
"YBL017C",0.335539419862779,"low (<0.4)",55.0210566995,41.6568588585948,5.80789729145134
"YBL016W",0.822455010627568,"high (>=0.7)",10.8504001444358,1.77411479724537,3.56686386933973
"YBL015W",0.24345546805488,"low (<0.4)",158.066951126314,38.0455618525144,7.31349031206254
"YBL014C",-0.121449752453466,"low (<0.4)",22.6914583218619,7.41645223221059,4.56629510093549
"YBL013W",0.197639635885462,"low (<0.4)",8.49936103454396,0.917904211177401,3.24783047520178
"YBL011W",0.127888760094605,"low (<0.4)",65.9955815582568,33.7761549651714,6.0659940460669
"YBL010C",0.311770902411543,"low (<0.4)",33.8219818393884,7.03112541339779,5.12192640897611
"YBL009W",-0.152131367371785,"low (<0.4)",28.6866171139756,8.47433487336452,4.89174079781269
"YBL008W",0.124340854711457,"low (<0.4)",20.7078215402529,9.62926047270069,4.44014304834999
"YBL007C",0.194319724817494,"low (<0.4)",87.1520629297128,42.8576938977903,6.46192242669762
"YBL006C",0.191448854755664,"low (<0.4)",71.4709913099654,45.5153648333581,6.17933172355788
"YBL005W",-0.0429575060629269,"low (<0.4)",14.4414129144813,3.01027483082118,3.94873286248389
"YBL004W",0.164853149330948,"low (<0.4)",29.7557727353664,28.4878532236584,4.94278531883656
"YBL003C",0.278307607920035,"low (<0.4)",701.022297517949,381.422318106979,9.45537304367735
"YBL002W",0.226810089498559,"low (<0.4)",625.221074426381,304.564536991909,9.29052825056499
"YBL001C",0.506087361314921,"moderate (0.4-0.7)",441.828812963183,78.9340197520646,8.79060528489946
"YBR001C",0.0487827309049811,"low (<0.4)",37.1098710048244,8.10208323998319,5.25209281977806
"YBR002C",0.265725221916645,"low (<0.4)",85.0331081073503,35.0038030887935,6.42682005366057
"YBR003W",0.143396943228239,"low (<0.4)",72.9448411517169,19.6590606821929,6.20837759441656
"YBR004C",0.468640720538313,"moderate (0.4-0.7)",48.4314024907879,17.2710026075734,5.62735593476178
"YBR005W",0.671365380856888,"moderate (0.4-0.7)",85.8485998003329,52.8870906193416,6.44043068444019
"YBR006W",0.281004531197395,"low (<0.4)",68.5593837272364,24.3862958999036,6.12017324579526
"YBR009C",0.146106412340419,"low (<0.4)",1429.53528939022,390.39808086184,10.4823393721172
"YBR011C",0.531939480210212,"moderate (0.4-0.7)",1072.62961910041,565.125487672347,10.0682806626726
"YBR014C",0.310946144774357,"low (<0.4)",104.674097774132,28.2804035865603,6.72347798473305
"YBR015C",0.0744556426604021,"low (<0.4)",106.007686559625,41.7039312672696,6.74157062157085
"YBR016W",0.425286174916804,"moderate (0.4-0.7)",276.753413345249,204.718310916867,8.11766083095167
"YBR021W",0.0944361698295897,"low (<0.4)",21.151285057925,4.17814223376164,4.46931849086487
"YBR022W",0.278175045869794,"low (<0.4)",60.0776391983901,18.428883858137,5.93257239437318
"YBR023C",0.072102150209259,"low (<0.4)",56.6808898494802,13.6303077286113,5.85002151625406
"YBR024W",0.375381062300314,"low (<0.4)",67.2928459049821,16.3915399669687,6.09366255015253
"YBR025C",0.176101925608174,"low (<0.4)",523.619714895044,274.07134161968,9.03512821401292
"YBR026C",0.323646508754372,"low (<0.4)",75.8928089372467,11.6278369220002,6.26477677765609
"YBR028C",0.0920362272254724,"low (<0.4)",25.7328135657832,3.35458429246839,4.74053978072083
"YBR029C",0.120572587866335,"low (<0.4)",115.273578414129,33.9191120453484,6.86137949104406
"YBR030W",0.245697280922371,"low (<0.4)",29.7273015946211,9.99130927977431,4.94144917301284
"YBR033W",0.245482929089268,"low (<0.4)",10.6740465984876,3.58588549865933,3.54523282693805
"YBR034C",0.251228724567206,"low (<0.4)",119.097274158508,67.1663534075063,6.90805959641668
"YBR035C",0.504760306554397,"moderate (0.4-0.7)",272.323122025302,92.5990099025871,8.0944637009356
"YBR038W",0.326944325352765,"low (<0.4)",46.1880379369838,15.3807501623865,5.56034928082638
"YBR044C",0.336481988613895,"low (<0.4)",40.9860526515132,9.04403928882191,5.39183825343944
"YBR045C",0.312483404807569,"low (<0.4)",13.5895048317395,7.46557375066911,3.86685901385827
"YBR049C",0.155183190194731,"low (<0.4)",55.833179310535,25.2201888998889,5.82866151848082
"YBR050C",-0.127624880645436,"low (<0.4)",7.94639448398504,2.0524797718568,3.16130637420897
"YBR052C",0.209261923149627,"low (<0.4)",251.721680750895,80.3987194778364,7.98140562679218
"YBR053C",0.388437433323327,"low (<0.4)",145.028395785988,41.265184777633,7.19010512378636
"YBR054W",0.305785325939322,"low (<0.4)",312.056168750591,1.77958047222969,8.29027771948174
"YBR055C",0.214679795597381,"low (<0.4)",24.3586549996542,14.66904742482,4.66440632314121
"YBR056W",0.00849862515868233,"low (<0.4)",170.266342738471,33.8372392196146,7.42009785062331
"YBR056W-A",0.302253164506503,"low (<0.4)",8.24051953062757,141.051310570294,7.15026833171782
"YBR057C",0.054118944384361,"low (<0.4)",54.584434711792,10.1973631777696,5.79660903704511
"YBR058C",-0.252327381204077,"low (<0.4)",45.5703887689534,16.6390399670407,5.54134102069388
"YBR058C-A",0.349155428456488,"low (<0.4)",475.25845339494,73.4540760001546,8.89560088986147
"YBR059C",0.428159587511036,"moderate (0.4-0.7)",72.0030496362156,35.2523557342503,6.18988482741628
"YBR069C",0.505192988343735,"moderate (0.4-0.7)",18.2913756817402,5.26369655352787,4.26988412155369
"YBR070C",0.163865472386748,"low (<0.4)",44.7897743720069,16.1202212521595,5.51695355107181
"YBR071W",0.302043737376679,"low (<0.4)",140.496989720506,21.982209565363,7.1446275505245
"YBR072W",0.13592628806928,"low (<0.4)",2174.29023737737,62.3919935113741,11.0869921895727
"YBR080C",0.231178094505394,"low (<0.4)",86.3433525881783,36.7878158720187,6.44862600349019
"YBR081C",0.216811144222542,"low (<0.4)",30.1642842579166,22.9774688310354,4.96182167401152
"YBR082C",0.394357230734602,"low (<0.4)",1099.76682236583,258.422117709395,10.1042931769572
"YBR083W",0.399156954516983,"low (<0.4)",66.0045164300139,27.6228190298403,6.06618643839179
"YBR084W",0.175791108764779,"low (<0.4)",88.2127167917003,31.8840107365104,6.47917746808974
"YBR084C-A",0.196948309048328,"low (<0.4)",750.93788054155,998.92143873952,9.96567094026889
"YBR085W",0.571473243290893,"moderate (0.4-0.7)",17.7697483952495,2.55786566666043,4.23033740614519
"YBR085C-A",0.279748746525634,"low (<0.4)",2770.9506367927,682.4926069934,11.4366858506912
"YBR086C",0.299650541203436,"low (<0.4)",90.1780205376584,42.7207166131172,6.51061418371822
"YBR087W",0.159433884083648,"low (<0.4)",50.7871220913998,20.6193456014311,5.69452148228392
"YBR088C",0.235124422282589,"low (<0.4)",41.5203870925109,60.5108480596544,5.94276896162751
"YBR089C-A",0.320954122913819,"low (<0.4)",130.971432095503,109.286237055172,7.04408185242881
"YBR091C",0.18675771780843,"low (<0.4)",70.6811952409363,29.8374845162777,6.16352278855792
"YBR094W",0.15225771059855,"low (<0.4)",34.0241861117641,10.8100769332349,5.13027962074218
"YBR095C",-0.0297877227814967,"low (<0.4)",56.5363769587209,14.8478883319999,5.84640247292925
"YBR096W",0.19722470720238,"low (<0.4)",162.360947111355,38.5601923545229,7.35191932538377
"YBR097W",0.242662377498019,"low (<0.4)",13.4077580310305,8.70652709643808,3.84877395231833
"YBR098W",0.135670387659051,"low (<0.4)",15.9913021049962,4.36113880967821,4.08672451059015
"YBR101C",0.165491008502269,"low (<0.4)",303.767133452483,51.7122348188964,8.25156351858447
"YBR102C",-0.0243218189847238,"low (<0.4)",36.1454437090513,11.3832705007429,5.21511335433264
"YBR103W",0.267058823803978,"low (<0.4)",41.4360803062836,16.2791462939833,5.40721949987137
"YBR104W",0.299163277192451,"low (<0.4)",87.4642503887806,25.0682011455323,6.46702265509253
"YBR105C",0.407106085696419,"moderate (0.4-0.7)",54.7812155411977,21.3196098253802,5.801707467693
"YBR106W",0.446741605756398,"moderate (0.4-0.7)",871.210503079572,623.70068880147,9.76853255310135
"YBR107C",0.208184898305029,"low (<0.4)",39.0944584596662,1.19570454077722,5.32533094739751
"YBR108W",0.152990429411071,"low (<0.4)",37.9062040129007,7.98060868118962,5.28192832169217
"YBR109C",0.307162652446922,"low (<0.4)",528.24233644007,332.613011364251,9.04778466357782
"YBR110W",0.164749622913196,"low (<0.4)",63.9038386124636,21.8665059090018,6.02023190105317
"YBR111C",0.108649619670632,"low (<0.4)",254.118121180792,92.4998988569038,7.99502156777882
"YBR111W-A",-0.0643942438112088,"low (<0.4)",83.2974601133189,22.9826782539626,6.39741725823596
"YBR112C",0.0569771219551449,"low (<0.4)",72.2471688180942,9.51462342828193,6.19470109181429
"YBR114W",0.0643571983167344,"low (<0.4)",40.0453040016854,10.4978646373477,5.35914526741361
"YBR115C",0.353795259132835,"low (<0.4)",69.2534011173038,23.9201887794116,6.13449616586209
"YBR117C",0.397102943654471,"low (<0.4)",51.6007936061452,23.0590709488325,5.71701266100215
"YBR119W",0.291282916420642,"low (<0.4)",40.3286926351123,12.8040570360764,5.36907182204835
"YBR120C",0.338794686012337,"low (<0.4)",102.67691056502,20.4824243564709,6.69595082334397
"YBR121C",0.0453809718901637,"low (<0.4)",257.132395842174,241.57303797897,8.01196740206263
"YBR122C",0.374374115979589,"low (<0.4)",166.485638985176,100.063139897367,7.38789358711769
"YBR123C",0.0156124925181327,"low (<0.4)",27.8617607917997,21.643229652594,4.85108741301541
"YBR125C",0.297455478941017,"low (<0.4)",49.7767246348035,11.4701810941063,5.66609543147326
"YBR126C",0.240534581981863,"low (<0.4)",875.632041018419,170.149328309799,9.77582760029779
"YBR126W-A",0.163898510046939,"low (<0.4)",18.4525390545712,128.773470536787,7.01985167452241
"YBR127C",0.238466860449777,"low (<0.4)",396.73772134768,159.958929801216,8.63567358324936
"YBR128C",0.0615324896529797,"low (<0.4)",16.1345327160169,1.98439424492941,4.09883494285898
"YBR129C",0.508162751136825,"moderate (0.4-0.7)",40.4473513502358,11.6918588455977,5.37320800563198
"YBR130C",-0.229849447925348,"low (<0.4)",66.3053806150254,28.3760064346762,6.07264993815271
"YBR131W",0.209898256121172,"low (<0.4)",12.9070973978532,5.59498663955248,3.79774943592538
"YBR132C",0.250654093626161,"low (<0.4)",28.9674673122971,4.02215515612026,4.90532525513563
"YBR133C",-0.105091175626753,"low (<0.4)",35.2643801178953,12.974431494983,5.18048128342025
"YBR135W",0.22249820587449,"low (<0.4)",128.251734576747,50.9449370315885,7.01403983161845
"YBR136W",0.371314126162693,"low (<0.4)",8.85306917324717,9.1389867664424,3.34184157956907
"YBR137W",0.231279649958416,"low (<0.4)",137.407254114872,52.2412694775068,7.11277574836563
"YBR138C",0.187186119918087,"low (<0.4)",27.7413725507768,5.1916381861016,4.84505705455723
"YBR139W",0.253426698116585,"low (<0.4)",134.824640056253,32.0878284269127,7.08560141355741
"YBR140C",0.125409430969259,"low (<0.4)",22.1237324733431,33.6714293399448,5.1156754081845
"YBR141C",-0.0296075371976634,"low (<0.4)",17.5120853004392,4.65575933690277,4.2103955121462
"YBR142W",-0.0815800923341877,"low (<0.4)",50.4238614277494,26.8959463490792,5.6843660413775
"YBR143C",0.181727634055981,"low (<0.4)",289.155654241681,132.803740172593,8.18068323263102
"YBR145W",0.466919879076219,"moderate (0.4-0.7)",141.647793511402,20.3595118307637,7.15631362113335
"YBR146W",0.366932019524085,"low (<0.4)",155.626765724803,42.2429570990993,7.29118696357124
"YBR147W",0.632314288554592,"moderate (0.4-0.7)",46.828494770839,3.64149246378646,5.57979848330928
"YBR148W",0.447555302996933,"moderate (0.4-0.7)",8.998977207256,2.57978268986312,3.32178052953883
"YBR149W",0.302591689005608,"low (<0.4)",532.228381412324,173.351454956393,9.05860976058629
"YBR156C",0.125634264499215,"low (<0.4)",14.1262902473398,6.89706811011021,3.91898630200503
"YBR157C",0.639534955522223,"moderate (0.4-0.7)",8.30213863595105,0.548868191794486,3.21756244146526
"YBR158W",0.309016127677693,"low (<0.4)",30.3440214391555,10.9413307344275,4.9701183844021
"YBR159W",0.107061262451428,"low (<0.4)",129.451687602243,22.8597015837824,7.02737179762989
"YBR160W",0.216544361696939,"low (<0.4)",110.692843071569,37.7081595343023,6.80339293516664
"YBR161W",0.344958542282869,"low (<0.4)",50.2057000941891,9.98165357457528,5.67823251136053
"YBR162C",0.189392545324186,"low (<0.4)",331.687935612951,161.101007847747,8.37802573995418
"YBR162W-A",0.412765209843984,"moderate (0.4-0.7)",1259.89747149279,191.853702653913,10.3002352539185
"YBR163W",-0.00409999751330977,"low (<0.4)",23.6335539378743,8.8956997783874,4.62255287857764
"YBR164C",-0.0979119157960429,"low (<0.4)",170.763847330988,62.0714319127809,7.42428260130979
"YBR165W",0.341653871711603,"low (<0.4)",57.8419177777173,14.7674111955266,5.87877236261054
"YBR166C",0.193572553838827,"low (<0.4)",54.2474365328389,18.2421712566137,5.78783562025732
"YBR167C",0.160634050121298,"low (<0.4)",68.393955947038,22.35840461278,6.11673810776355
"YBR168W",0.178884547558853,"low (<0.4)",20.0325681667412,3.3022152275298,4.39455311496225
"YBR169C",0.0403381615285065,"low (<0.4)",152.565124064767,18.6579236768771,7.26270679481886
"YBR170C",0.102296356401637,"low (<0.4)",73.1058398277325,27.2769011900519,6.21151533186565
"YBR171W",0.330242944747969,"low (<0.4)",146.718448400024,97.6304960943584,7.20670620377974
"YBR172C",0.0722272948863671,"low (<0.4)",75.5343434697961,36.6384974243744,6.25803537256431
"YBR173C",0.557026834348177,"moderate (0.4-0.7)",407.34908957296,191.794378593966,8.6736592009489
"YBR175W",0.0618084336500984,"low (<0.4)",31.7805547462718,13.8354717032507,5.03476836430104
"YBR176W",0.48043084334148,"moderate (0.4-0.7)",39.7505705693168,7.5047943321959,5.34874835427429
"YBR177C",0.632957138591245,"moderate (0.4-0.7)",168.178346662922,53.8454147849206,7.40240111780053
"YBR179C",0.100365569819337,"low (<0.4)",33.967341364185,15.187028702384,5.12793620414815
"YBR182C",0.357847426063876,"low (<0.4)",33.046263382454,1.39556761622014,5.08942456433129
"YBR182C-A",-0.00176896223056001,"low (<0.4)",10.5382750419761,0.300802012790279,3.52835565384493
"YBR183W",0.03710289434703,"low (<0.4)",121.693230080617,10.3461279315841,6.93891183650518
"YBR184W",0.176875418812254,"low (<0.4)",3.11451609117315,0.733627199932143,2.04072276505349
"YBR185C",0.47743214089227,"moderate (0.4-0.7)",56.754094033128,12.4220823005419,5.85185131383061
"YBR189W",0.247637294318014,"low (<0.4)",1105.31100773268,1781.68747816926,10.7998380918234
"YBR191W",0.0910589827950959,"low (<0.4)",821.739470819928,1122.64114337849,10.1339656411004
"YBR192W",0.141615385988339,"low (<0.4)",48.4687484934002,11.5505886479471,5.62844549619906
"YBR193C",0.0706482982549147,"low (<0.4)",53.5089140885163,5.81336166249777,5.76842027449595
"YBR194W",0.356497516283047,"low (<0.4)",55.345810216879,12.5802929184439,5.81623643280823
"YBR195C",0.0276210791554301,"low (<0.4)",25.9656962342453,9.71654969946308,4.75305337853097
"YBR196C",-0.0703845990983811,"low (<0.4)",715.805994169557,291.713128748846,9.4854388915153
"YBR196C-A",0.309755207940578,"low (<0.4)",36.6685111486433,2.94176601029184,5.23528710664579
"YBR196C-B",0.257980694292313,"low (<0.4)",25.9125600387013,0.159429866945919,4.75020772776347
"YBR197C",0.351516520912616,"low (<0.4)",29.0289352649377,0.206842901472718,4.90828141709423
"YBR198C",0.172254692305614,"low (<0.4)",56.9084817392284,27.2780390227505,5.85570276722876
"YBR200W",0.0107234873339192,"low (<0.4)",36.5319965369296,7.24215694580602,5.2300491321763
"YBR200W-A",-0.055202007186063,"low (<0.4)",19.1562690853925,0.0198526114724283,4.33315671635777
"YBR201W",0.532254453383018,"moderate (0.4-0.7)",68.7557301970784,21.7949738327775,6.12423982921054
"YBR201C-A",0.0336867043723614,"low (<0.4)",103.604889927675,1.08644846492631,6.70880648408915
"YBR202W",0.155078173592616,"low (<0.4)",38.4453239774772,8.77732721735992,5.30178238183475
"YBR203W",0.266745569036134,"low (<0.4)",40.7173763549165,5.95140324902954,5.38257652314836
"YBR204C",0.0211707389951856,"low (<0.4)",49.2168347661217,11.4229657888,5.65009919137548
"YBR205W",0.047416826943933,"low (<0.4)",53.6917320522513,40.1154357583086,5.77325084694031
"YBR207W",0.0226393570670019,"low (<0.4)",74.5898284730523,25.6144938352028,6.24012021030261
"YBR208C",0.390126198480608,"low (<0.4)",20.2215130710455,11.3065906260536,4.40745561741114
"YBR210W",0.313552064537003,"low (<0.4)",73.2821092713413,9.4690079630487,6.21494287666715
"YBR211C",0.126592454926206,"low (<0.4)",30.3981979856808,4.18945321361215,4.97260985681562
"YBR212W",0.350418190243561,"low (<0.4)",48.0892676807922,29.4702037119638,5.61733573946523
"YBR213W",0.460942783177868,"moderate (0.4-0.7)",42.7321134751404,9.29284087417626,5.45062116721284
"YBR214W",0.270275508031909,"low (<0.4)",217.352614033912,62.7711530723034,7.77051599238906
"YBR215W",0.383811997213409,"low (<0.4)",35.3687554210686,14.7330570939718,5.1846276509098
"YBR216C",0.155633923291671,"low (<0.4)",35.1125149515353,14.4308180332669,5.17442699099124
"YBR217W",0.226842930970771,"low (<0.4)",30.7094333668661,2.50293572451607,4.98684019225607
"YBR219C",0.0293036175271068,"low (<0.4)",8.11676403126242,9.59695760838251,3.4055782206838
"YBR220C",0.299607848333531,"low (<0.4)",27.7171127543912,1.28947619935484,4.84383880141908
"YBR221C",0.385161703122913,"low (<0.4)",381.938503766955,101.398518134442,8.58096891760674
"YBR221W-A",0.0189624288021623,"low (<0.4)",148.694333302399,0.493669030234016,7.22587579880456
"YBR222C",0.219558005133817,"low (<0.4)",120.586611699002,56.0507284152226,6.92584056741438
"YBR223C",0.202154080741618,"low (<0.4)",14.3878728586844,2.17305660472651,3.94372190950824
"YBR225W",-0.179639856907906,"low (<0.4)",19.5698717371884,2.52203782749115,4.36246089289707
"YBR227C",0.100752427469583,"low (<0.4)",40.6795608040726,14.1444196340244,5.3812681702695
"YBR228W",0.0291583254468929,"low (<0.4)",29.6981667151535,9.21613128368225,4.94008059576195
"YBR229C",0.276325037596399,"low (<0.4)",35.3194987333081,13.426172174948,5.18267238617365
"YBR230C",0.22083502184758,"low (<0.4)",239.258096662209,67.9945689474063,7.90844124020181
"YBR230W-A",0.158926848842877,"low (<0.4)",315.486788397889,16.388753461995,8.30600146601389
"YBR231C",0.226497710997315,"low (<0.4)",49.3080753101038,9.86448094816281,5.65271809083787
"YBR233W",0.253980834697716,"low (<0.4)",28.715312632157,9.38110185661448,4.89313465438176
"YBR233W-A",0.108600271892876,"low (<0.4)",44.4608388261523,11.7888236445654,5.50655239935032
"YBR234C",0.154288498525615,"low (<0.4)",210.062077122038,71.3357168988336,7.72152357346771
"YBR235W",0.0390493617859503,"low (<0.4)",25.7238966824484,8.46079809695938,4.74005848123844
"YBR236C",0.30660385715923,"low (<0.4)",68.0630633430649,24.0231980300603,6.10984242229952
"YBR237W",-0.141936267667785,"low (<0.4)",26.1449475985845,9.73374183537797,4.76261179373576
"YBR238C",0.0859076563145771,"low (<0.4)",20.5055476062888,6.26611061671013,4.42663696268788
"YBR239C",0.208247254421754,"low (<0.4)",22.9902369936948,5.95674709192745,4.58437550462123
"YBR240C",0.339360915888723,"low (<0.4)",28.5994160773902,1.66554768343313,4.8874968102496
"YBR241C",0.356326268906014,"low (<0.4)",47.4743621125134,12.9033271663812,5.59915000852281
"YBR242W",0.261898351896531,"low (<0.4)",216.878926239053,22.0067855838042,7.76738285212717
"YBR243C",0.364496025929378,"low (<0.4)",40.3674221378376,16.886576583417,5.37042315193262
"YBR244W",0.418483274676402,"moderate (0.4-0.7)",154.431547328116,44.8997981082372,7.28013554136268
"YBR245C",0.136817631241812,"low (<0.4)",37.1879566360564,35.8948054582561,5.2550458210825
"YBR246W",0.314987846004037,"low (<0.4)",50.1556656123527,17.9776457068182,5.67682212563406
"YBR247C",0.0704127563685015,"low (<0.4)",82.3207436314702,26.3735285461674,6.38060381026984
"YBR248C",0.472828312735708,"moderate (0.4-0.7)",102.908848212927,45.4052740798596,6.69917469993014
"YBR249C",0.472469478798473,"moderate (0.4-0.7)",359.515433922095,141.598931041703,8.49391721336354
"YBR250W",0.442505766736432,"moderate (0.4-0.7)",2.26029506535903,1.03952688485607,1.70500253809642
"YBR251W",0.284274678715797,"low (<0.4)",62.7953107089466,17.4182003627014,5.99537847709723
"YBR252W",0.178461499642189,"low (<0.4)",125.036840774858,80.7443848649482,6.97770168726592
"YBR253W",0.107000723415637,"low (<0.4)",126.865637373278,43.4336492384602,6.99848479604326
"YBR254C",0.364908238258988,"low (<0.4)",53.0306666012576,16.8880783961911,5.75570657615672
"YBR255W",0.204291646315286,"low (<0.4)",32.495783383983,10.6563438272288,5.06590758825185
"YBR255C-A",0.0810457902958856,"low (<0.4)",40.8793336644994,20.600616632961,5.38816658284448
"YBR256C",0.624617209778228,"moderate (0.4-0.7)",308.109239491085,73.0044905140866,8.27197296777788
"YBR257W",0.174145752691736,"low (<0.4)",39.5924447878528,12.0240959451209,5.34313932768215
"YBR258C",-0.0548322091777886,"low (<0.4)",30.3481352985414,5.45401847388935,4.97030772370234
"YBR259W",0.172088129226856,"low (<0.4)",13.667952022199,4.38139662598129,3.87459554710707
"YBR260C",0.224263192607817,"low (<0.4)",38.1364983891724,18.0960367790656,5.29044277618258
"YBR261C",0.347472290105159,"low (<0.4)",82.2585148711329,31.754168470031,6.3795259194337
"YBR262C",0.113306508312435,"low (<0.4)",221.469164741304,20.6591157257343,7.79746157548236
"YBR263W",0.0812505640925049,"low (<0.4)",127.872990638816,52.5851808263789,7.00980612333889
"YBR264C",0.433907625448144,"moderate (0.4-0.7)",62.8508891448799,28.3229468631593,5.99663480496379
"YBR265W",0.40383889273839,"moderate (0.4-0.7)",61.7436062517387,23.9279922685548,5.9713965467973
"YBR267W",0.269390175450847,"low (<0.4)",49.5299847843284,47.1724955522823,5.65906784041661
"YBR268W",0.332894104757964,"low (<0.4)",145.325206456364,61.4165327765484,7.19303450400313
"YBR269C",0.240105420054476,"low (<0.4)",200.677454013589,27.9693848057964,7.65590600054338
"YBR270C",-0.0500204584166954,"low (<0.4)",14.5856899379457,3.28986187718113,3.96215011562037
"YBR271W",0.187201465511542,"low (<0.4)",25.1778423401467,8.69021637068775,4.71027428562155
"YBR272C",0.22982150470579,"low (<0.4)",36.9265037161841,11.5595563571761,5.24513447670113
"YBR273C",0.251342730020907,"low (<0.4)",94.6501220068971,32.6450865248942,6.57969490369538
"YBR274W",0.0723195104567888,"low (<0.4)",31.1757216334084,10.3451752405825,5.00790060029573
"YBR275C",0.140046785429621,"low (<0.4)",18.8888876611784,13.6923944356377,4.3138906867666
"YBR276C",0.0850274508241536,"low (<0.4)",50.1935040824296,16.6408200459086,5.67788885388959
"YBR278W",0.516004631300596,"moderate (0.4-0.7)",22.7507462031632,18.6537258448618,4.56990093577059
"YBR279W",0.251990014392145,"low (<0.4)",129.661611508888,24.1306925971627,7.02969152814811
"YBR280C",0.0840782336363373,"low (<0.4)",40.9886267979009,7.78376398732129,5.39192670172537
"YBR281C",0.141601920572265,"low (<0.4)",28.2667971171542,10.6171875627258,4.8711929644457
"YBR282W",0.274942782831833,"low (<0.4)",144.569583655252,33.582474099551,7.18556512983147
"YBR283C",0.101661937718565,"low (<0.4)",179.86885897665,108.378529396499,7.4988002236743
"YBR284W",0.175869211047406,"low (<0.4)",7.62118007925169,3.84965340940338,3.10788536095695
"YBR285W",-0.0233901945573359,"low (<0.4)",54.0874455211652,1.78358484761375,5.78365165963475
"YBR286W",0.472441905441102,"moderate (0.4-0.7)",552.136010404878,112.300131368701,9.11149045759498
"YBR287W",0.0964042323551666,"low (<0.4)",164.336814200468,66.0707782940612,7.36926418331626
"YBR288C",0.276157005287548,"low (<0.4)",47.3710400104575,19.8601462307859,5.59607165193513
"YBR289W",0.124873098867121,"low (<0.4)",22.6099064393884,7.65294582650642,4.56132041939768
"YBR290W",0.336389847518683,"low (<0.4)",128.429546111543,38.297417854373,7.01602318239808
"YBR291C",0.0252370911185074,"low (<0.4)",30.0050064782184,10.0168077686729,4.95442928581012
"YCL064C",0.470338097738091,"moderate (0.4-0.7)",90.9463919980868,28.2046582194068,6.5227210588819
"YCL063W",-0.275336164843451,"low (<0.4)",45.5308507766738,10.3314804301862,5.54011566066438
"YCL061C",0.269134990021063,"low (<0.4)",25.4500064256469,8.17066825027531,4.72519616770862
"YCL059C",0.0466549101658178,"low (<0.4)",124.309973148284,39.0628295429436,6.96935742996516
"YCL057C-A",0.431508036378306,"moderate (0.4-0.7)",457.22692223719,140.874250946417,8.83991841366624
"YCL057W",0.254141003567621,"low (<0.4)",95.8418656761434,42.0596831837639,6.59755896827412
"YCL056C",0.261232498350834,"low (<0.4)",85.918262360547,16.4372391850905,6.44158742784098
"YCL055W",0.367155538866639,"low (<0.4)",37.4619688501858,7.84791206385517,5.26536071033942
"YCL054W",-0.0223994499818271,"low (<0.4)",84.0314421798429,45.1435615725059,6.40992450189318
"YCL052C",0.119721024924429,"low (<0.4)",89.686300693949,17.8420457507991,6.50281272487354
"YCL051W",0.0877733833449648,"low (<0.4)",29.1827976981914,7.60789711745201,4.91565463296661
"YCL050C",0.363859467596279,"low (<0.4)",209.612109124686,55.313947260286,7.71844457614744
"YCL049C",0.732564776704048,"high (>=0.7)",105.719030261189,16.5260164227504,6.73767365192963
"YCL048W-A",-0.0163944436030024,"low (<0.4)",8.56512491234796,0.180028837358152,3.25778380905735
"YCL048W",0.289737834676814,"low (<0.4)",2.60833473651979,0.387778954603889,1.85133318014446
"YCL047C",0.258671535886928,"low (<0.4)",63.1390313072351,21.0344005550966,6.00313065978633
"YCL045C",0.00494800568855755,"low (<0.4)",68.8561480840737,31.6706627761942,6.12631518861908
"YCL044C",0.190746542331674,"low (<0.4)",71.2437238649192,19.8087376491863,6.17480035458026
"YCL043C",0.350160144309632,"low (<0.4)",915.642139955569,472.058477870625,9.84021480071874
"YCL040W",0.387808192286557,"low (<0.4)",793.936261186704,126.793370463178,9.63469537802542
"YCL039W",0.0388153886593158,"low (<0.4)",39.4524698505845,11.3777547789651,5.33815588487042
"YCL038C",-0.118890708533308,"low (<0.4)",36.2509098564369,8.04480122590938,5.21920375883367
"YCL037C",-0.112678012892977,"low (<0.4)",55.3352398260065,60.7420974767263,5.94818258930576
"YCL036W",0.0901632885284103,"low (<0.4)",49.905609322987,6.70436261001859,5.66975273147475
"YCL035C",0.174426535695619,"low (<0.4)",1306.36618380901,227.43281912469,10.3524475708399
"YCL034W",0.0753659354266561,"low (<0.4)",126.670818693421,17.771746478176,6.99628500035005
"YCL033C",0.0548875997520643,"low (<0.4)",100.853491479836,32.1564562766745,6.67035162569274
"YCL032W",0.0159878717339446,"low (<0.4)",54.2611544497609,15.1971120707861,5.78819379640707
"YCL031C",0.115414179736482,"low (<0.4)",141.050785618937,34.3617993790354,7.15026300022094
"YCL030C",0.452743673703025,"moderate (0.4-0.7)",216.600184170887,35.2638207888106,7.7655359674214
"YCL029C",0.279835491016049,"low (<0.4)",39.5642126721231,11.340401383044,5.34213558168583
"YCL028W",0.144329835199698,"low (<0.4)",116.494476270634,40.1167104295232,6.87644912320939
"YCL027W",0.264125749623227,"low (<0.4)",8.67743440945403,2.87216695981207,3.27462462442654
"YCL026C-B",0.620243654777262,"moderate (0.4-0.7)",176.411470959217,45.5243235872784,7.47095548329733
"YCL026C-A",0.618844309985107,"moderate (0.4-0.7)",7.56562207141853,1.55481029327167,3.09855802468186
"YCL025C",0.300226920555924,"low (<0.4)",209.14203696061,24.597962472389,7.71522097838404
"YCL017C",0.153552002833304,"low (<0.4)",115.93540183162,37.7385067413172,6.86956795723952
"YCL016C",0.179011245901197,"low (<0.4)",28.6883268987947,7.12513014898065,4.89182388666847
"YCL014W",0.155206272979984,"low (<0.4)",15.8701054053645,11.8046220449794,4.07639708258051
"YCL012C",0.1035819608984,"low (<0.4)",84.5248093979759,28.9173520182438,6.41827107866976
"YCL011C",0.137407689358845,"low (<0.4)",173.965882228649,35.5082523421483,7.45092981847095
"YCL010C",-0.0885063749160832,"low (<0.4)",71.1654299578134,13.8645717325746,6.17323599055498
"YCR007C",0.49941863540542,"moderate (0.4-0.7)",46.9185272742266,13.1344929811108,5.58251166397358
"YCR011C",0.312708656732738,"low (<0.4)",73.9321134388993,19.8230797994263,6.2275122377355
"YCR012W",0.227264030300346,"low (<0.4)",2420.53798326033,1516.76221740323,11.241707917307
"YCR014C",-0.0541694460367762,"low (<0.4)",16.1750900328815,4.06278537633517,4.10224575664696
"YCR015C",-0.0994918312233834,"low (<0.4)",21.7063055619984,4.85341636637391,4.50502108578616
"YCR016W",0.269553219943544,"low (<0.4)",100.848656045527,30.8362732476419,6.67028313297252
"YCR017C",0.199464738004826,"low (<0.4)",59.3639451621558,30.0456958231876,5.9156151929965
"YCR018C",0.00208554621624768,"low (<0.4)",3.47730127594571,0.468928062400206,2.16262939992312
"YCR019W",-0.172025663466444,"low (<0.4)",31.762470940622,6.76436511343551,5.03397226381224
"YCR020C",0.607186355740103,"moderate (0.4-0.7)",94.1828006559379,34.1831923896244,6.57262899982692
"YCR020C-A",0.31914538307243,"low (<0.4)",121.59582819232,18.2856727087296,6.93776607623691
"YCR020W-B",0.356192464016366,"low (<0.4)",91.7853846047169,16.6392126889366,6.53582566727804
"YCR021C",0.0944301063844185,"low (<0.4)",258.731761903418,12.5270396522337,8.02087863790219
"YCR023C",0.262915271542576,"low (<0.4)",37.6471316990309,13.9562858854942,5.27228943951253
"YCR024C",0.221787756969153,"low (<0.4)",20.793776200384,6.22998955318519,4.44584428829216
"YCR024C-B",0.386323276797109,"low (<0.4)",2176.97831262049,376.722640511605,11.0887738730463
"YCR024C-A",0.199350779965432,"low (<0.4)",3693.5440769713,14.2952205635884,11.8511806250887
"YCR026C",0.197695945405519,"low (<0.4)",38.1480799409717,10.7378125427098,5.29086964563312
"YCR027C",-0.00661659249913548,"low (<0.4)",47.613675002971,6.65223320708594,5.60329029521741
"YCR028C",0.2051253755822,"low (<0.4)",33.9595332496976,15.5353897749484,5.12761401820294
"YCR028C-A",0.429436698121925,"moderate (0.4-0.7)",241.595269564005,127.421461716402,7.92240760897557
"YCR030C",0.0936288782440931,"low (<0.4)",62.7222749417137,36.3183837625689,5.9937258681621
"YCR031C",0.412146220274228,"moderate (0.4-0.7)",1148.20532506028,912.24934406582,10.1664208676611
"YCR032W",0.282014710308912,"low (<0.4)",12.3326521517859,14.1199956089904,3.91838581547223
"YCR033W",0.158905909622403,"low (<0.4)",42.7998789773248,21.2090769213831,5.45285497843403
"YCR034W",0.236264322658334,"low (<0.4)",117.685965981665,65.6513873759043,6.89100554340956
"YCR035C",0.314284617577596,"low (<0.4)",76.8595499897703,31.0948254263292,6.28280210115228
"YCR036W",0.184886390543549,"low (<0.4)",124.887714219019,29.9591913679764,6.97599368252055
"YCR037C",0.198390677313477,"low (<0.4)",35.9582609447215,15.551179973949,5.20782496783577
"YCR038C",0.177481870723793,"low (<0.4)",9.20909017839802,4.59753545797768,3.35178239561826
"YCR042C",0.0849115204155057,"low (<0.4)",27.9720215923094,16.0624693810483,4.85658845051545
"YCR043C",0.18700625223189,"low (<0.4)",135.38911772436,45.1660856142869,7.09158472833465
"YCR044C",0.146574221846995,"low (<0.4)",39.9274534673469,14.8993570014315,5.35499699904136
"YCR046C",0.500501636609597,"moderate (0.4-0.7)",122.712144856829,52.5532477779031,6.95084332682833
"YCR047C",-0.156588313575863,"low (<0.4)",85.2400008311884,26.5059685583339,6.4302852868826
"YCR048W",0.284170103620282,"low (<0.4)",38.0047329086476,4.23702633762713,5.28557728885066
"YCR051W",0.0750756791961019,"low (<0.4)",123.510557350382,36.5946154879826,6.96012426452829
"YCR052W",0.187330747743937,"low (<0.4)",57.3010479028181,25.305324037082,5.86544990954147
"YCR053W",0.431668058834306,"moderate (0.4-0.7)",258.019691691849,71.3239417575419,8.01691797118564
"YCR054C",-0.111302479223589,"low (<0.4)",19.3738506349541,3.00257085736977,4.34864676870847
"YCR057C",0.203152436902426,"low (<0.4)",49.4546015336344,21.803201332546,5.65691394612227
"YCR059C",0.108681662436466,"low (<0.4)",58.0099982232444,15.5905976320645,5.88288750978628
"YCR061W",0.433527723261308,"moderate (0.4-0.7)",22.5291251719821,9.55595556422729,4.55637577611656
"YCR063W",0.0283088433410991,"low (<0.4)",14.554235085693,11.1269420713396,3.95923554374799
"YCR065W",0.340739346465736,"low (<0.4)",46.1949652176746,11.1436164757956,5.56056105525998
"YCR066W",0.211458924515019,"low (<0.4)",15.804902366828,5.89075535252528,4.07081025578366
"YCR067C",0.131980265331904,"low (<0.4)",37.4938777484612,21.2606777662034,5.26655710577849
"YCR068W",-0.118079944638382,"low (<0.4)",39.6352543002085,1.16133002036599,5.34466001773222
"YCR069W",0.274485591914786,"low (<0.4)",158.718437998351,36.9944077991378,7.31938705777335
"YCR071C",0.106832043015285,"low (<0.4)",123.64037129076,29.2831037089875,6.96162762593249
"YCR075C",0.169343528304462,"low (<0.4)",24.9853126435209,4.45346542675916,4.69962451185138
"YCR075W-A",-0.0325163140883797,"low (<0.4)",124.367233994938,15.8149416510739,6.97001652411962
"YCR076C",0.207739689291724,"low (<0.4)",47.8406777569282,14.085663242758,5.61001131547834
"YCR079W",0.00388626241556572,"low (<0.4)",34.361067094685,7.65362197679257,5.14408990663541
"YCR081W",0.0593486800267329,"low (<0.4)",10.4080526001091,3.58365966857597,3.51198063375775
"YCR082W",0.611740486099406,"moderate (0.4-0.7)",202.27507085909,43.6412937031742,7.66728948733213
"YCR083W",0.10668413111714,"low (<0.4)",175.771836503809,6.76682813925875,7.46574463094732
"YCR084C",-0.0258495268613671,"low (<0.4)",135.376752756761,20.1582635283916,7.0914539284115
"YCR086W",0.380864904817757,"low (<0.4)",32.3287592282328,15.537699272889,5.05869570430686
"YCR088W",0.311893438614374,"low (<0.4)",145.038614108881,81.9572723498059,7.19020607270061
"YCR089W",-0.0596804684368329,"low (<0.4)",9.79388808703739,6.65137991640649,3.43214272926783
"YCR090C",0.0761936270157055,"low (<0.4)",79.4420726649081,25.5482966051728,6.32987834939066
"YCR091W",0.0926000662224543,"low (<0.4)",27.6210627894413,2.14843998496788,4.83900533971883
"YCR092C",-0.0563880603991789,"low (<0.4)",16.9083437587374,5.18961671032592,4.1625600116894
"YCR093W",0.0411884359514236,"low (<0.4)",44.2571414576033,39.5449814432826,5.5000735585205
"YCR094W",0.196254189060715,"low (<0.4)",44.9911731931269,18.9599045502673,5.52328509491698
"YCR095C",0.190292357721613,"low (<0.4)",42.4071342151543,15.5371679210338,5.4398602723719
"YCR095W-A",-0.116563306022245,"low (<0.4)",19.2505144038969,2.74274780928025,4.33988665071303
"YDL234C",0.30191038144955,"low (<0.4)",78.6123777164816,23.6321171527364,6.31492084578111
"YDL233W",0.16003931870734,"low (<0.4)",36.1099841187488,5.15055650609509,5.21373547852029
"YDL232W",0.25928875652991,"low (<0.4)",286.969786391049,62.3175073218716,8.16977364272569
"YDL231C",-0.0628417905649185,"low (<0.4)",53.6353287566336,17.701056071847,5.77176223540178
"YDL230W",0.480478633991035,"moderate (0.4-0.7)",49.9266563212832,9.87998626579755,5.67034909256536
"YDL229W",0.174100550018635,"low (<0.4)",524.090401632693,632.447024646898,9.307080161193
"YDL225W",0.0375121839270516,"low (<0.4)",78.4239194871224,15.3467815244983,6.3115016529936
"YDL224C",0.112174268751814,"low (<0.4)",48.9396312043748,18.1020396411223,5.64211326213698
"YDL223C",0.197086996704701,"low (<0.4)",54.4898293135233,4.83062459059377,5.79415146015948
"YDL222C",0.0455328276082423,"low (<0.4)",159.436386932095,8.9375583913939,7.32585757154937
"YDL220C",0.0324740421340297,"low (<0.4)",12.5328893633261,5.0380274743532,3.75839799222931
"YDL219W",-0.116123256865306,"low (<0.4)",70.1858216632256,29.7356462783643,6.15351801791798
"YDL218W",-0.103702278223878,"low (<0.4)",9.355512170272,0.287280360860527,3.37232700404584
"YDL217C",0.0333423610653615,"low (<0.4)",69.2269117634937,18.7770107711049,6.13395208877332
"YDL216C",0.169633652129856,"low (<0.4)",19.0142000374138,3.44868431599933,4.32295204760406
"YDL215C",0.131113248516809,"low (<0.4)",65.7759169259207,17.3526035544989,6.06125597608689
"YDL214C",0.0729441454425687,"low (<0.4)",20.1008131368004,3.4267991818876,4.39922669030446
"YDL213C",0.220389541340641,"low (<0.4)",178.086815600266,64.6405895792433,7.48451531957061
"YDL212W",0.115046358402862,"low (<0.4)",199.568270546424,88.404997354171,7.6479495826343
"YDL211C",0.0381163562955714,"low (<0.4)",13.9277835742319,2.82977754382823,3.89992806988168
"YDL210W",0.18096417836397,"low (<0.4)",3.39258570006753,0.80208326166376,2.13507043372513
"YDL209C",0.0853775699262994,"low (<0.4)",30.2122281196508,9.41497033429699,4.96403944421218
"YDL208W",0.152548419117924,"low (<0.4)",555.80647225109,174.187814839131,9.1210321707715
"YDL207W",0.381912362846044,"low (<0.4)",60.0174536922454,44.0538000890883,5.93115007122774
"YDL206W",0.206652343621197,"low (<0.4)",24.5986126361788,8.78688271095973,4.67799371772426
"YDL205C",0.29520627735878,"low (<0.4)",78.6236742311437,7.64486481226108,6.31512554095548
"YDL204W",0.342296638167855,"low (<0.4)",187.834001563107,31.8289257797127,7.56097475039543
"YDL203C",0.0842737265781979,"low (<0.4)",27.7901268606331,5.45131398403811,4.84750224088503
"YDL202W",0.111313450932294,"low (<0.4)",95.5508390009344,20.2447783853824,6.59321689075131
"YDL201W",0.343008122894859,"low (<0.4)",84.7987614537955,35.3262897493654,6.42288491676878
"YDL200C",0.256686052006735,"low (<0.4)",40.3933809646804,8.72239513761626,5.37132818597235
"YDL199C",0.330883471511699,"low (<0.4)",15.685443065423,4.22758409081271,4.06051809125487
"YDL198C",0.616092356060997,"moderate (0.4-0.7)",183.518729020226,63.3535078731991,7.52762344992625
"YDL197C",0.1489781312964,"low (<0.4)",39.1463326100025,12.8408671116232,5.32719629764815
"YDL195W",0.151009112060568,"low (<0.4)",109.396084065833,58.9467379903612,6.78654518798681
"YDL194W",-0.0206514696932077,"low (<0.4)",14.9003563173598,2.13282085964163,3.99098719068178
"YDL193W",0.168699601888404,"low (<0.4)",70.5979182339443,25.1087835226259,6.16184573548825
"YDL192W",0.284136263089082,"low (<0.4)",1019.70756880765,708.340492712593,9.99535388010353
"YDL191W",0.143405365843229,"low (<0.4)",774.363966640006,743.487117673319,9.59872988029624
"YDL190C",0.243473179591384,"low (<0.4)",51.5549612848908,27.2880890745943,5.7157550585658
"YDL189W",-0.0321657512859876,"low (<0.4)",54.6522677298531,17.7139517236551,5.79836857088147
"YDL188C",0.212633484539857,"low (<0.4)",88.8436746486353,15.7686353635799,6.48934503073971
"YDL186W",0.00541066132166147,"low (<0.4)",4.19528752815045,0.113698098243965,2.37720359589711
"YDL185W",0.245679347940158,"low (<0.4)",297.10769967957,147.789316313281,8.21968982825737
"YDL183C",0.281862518210477,"low (<0.4)",30.4181738102687,6.11989309559204,4.97352742092249
"YDL182W",0.225221975885265,"low (<0.4)",330.122007901228,69.8081814781316,8.37121909188623
"YDL181W",0.628477057434276,"moderate (0.4-0.7)",468.988195905847,90.0890100308182,8.87648071268851
"YDL180W",0.203857464951152,"low (<0.4)",33.5639596769194,8.06581092252316,5.11119659824008
"YDL179W",0.22663500848008,"low (<0.4)",53.0665018402666,12.1261512432645,5.75666311043503
"YDL178W",0.120002262512148,"low (<0.4)",105.688902944499,19.1798775227175,6.73726631439517
"YDL177C",0.262819376538179,"low (<0.4)",45.6682789703949,9.64316007812427,5.54437035956121
"YDL176W",-0.212941223552607,"low (<0.4)",25.4743995961977,6.99681005370507,4.72652606109137
"YDL175C",0.297165442029447,"low (<0.4)",33.4419852303432,9.21919407352317,5.10609639672279
"YDL174C",0.374892336859581,"low (<0.4)",364.010043256421,149.424252423532,8.51179235008764
"YDL173W",0.455334480148387,"moderate (0.4-0.7)",77.8322898851104,74.1794197695471,6.30071477679322
"YDL171C",0.526647721790797,"moderate (0.4-0.7)",46.9613238040642,71.1263595244685,6.17245470255499
"YDL170W",0.337272119229625,"low (<0.4)",44.7443588136479,6.33080483189732,5.51552193635237
"YDL169C",0.248185078683118,"low (<0.4)",42.6356023673602,12.3053558850327,5.44743380785756
"YDL168W",0.717832286045589,"high (>=0.7)",453.534310825625,106.300095914794,8.82824539110205
"YDL159W",0.103003755502404,"low (<0.4)",20.2222258124163,9.00115008524601,4.40750407065623
"YDL156W",0.134619112762785,"low (<0.4)",19.812760866038,4.24316889377321,4.37939644984752
"YDL155W",0.110465033685337,"low (<0.4)",58.5797740338608,14.1405624687602,5.89675074682582
"YDL154W",-0.187455815082405,"low (<0.4)",6.93410147901589,2.18541332883928,2.98806685000862
"YDL153C",0.238831318178814,"low (<0.4)",90.7757111360677,34.5068690589846,6.52004048316619
"YDL150W",0.235242591416135,"low (<0.4)",49.675329008722,26.4317144151827,5.66321164528325
"YDL149W",0.172106177756141,"low (<0.4)",18.1777806526766,6.3698340123876,4.26136386912053
"YDL148C",0.110109759026066,"low (<0.4)",65.39018954672,24.2755310102428,6.05289816570696
"YDL147W",0.601690537768019,"moderate (0.4-0.7)",344.270990794416,170.311326782939,8.43158531575537
"YDL146W",0.0841617510444798,"low (<0.4)",28.2239730982024,4.82679446857478,4.86908042564395
"YDL145C",-0.0986348382276912,"low (<0.4)",120.34679699695,67.0020761832696,6.92299221818464
"YDL144C",0.309738551619202,"low (<0.4)",65.8304946622369,28.8087070120073,6.06243464757384
"YDL143W",-0.171616210901871,"low (<0.4)",201.903953777997,141.71264688466,7.66465316743871
"YDL142C",0.183495289360638,"low (<0.4)",59.3920339105004,15.8328947777492,5.91628635642847
"YDL141W",0.271877594734635,"low (<0.4)",96.5846743194032,15.1509530513964,6.60858268509852
"YDL140C",0.0123588265377037,"low (<0.4)",77.6756308922397,80.1814497590782,6.34307819916979
"YDL139C",-0.115575672622507,"low (<0.4)",29.9269036872432,2.323322271005,4.95079049706122
"YDL138W",-0.0312968317099384,"low (<0.4)",23.6355004292174,6.7648360152816,4.62266687278538
"YDL137W",0.206058730242522,"low (<0.4)",415.125360669662,217.703450038825,8.70087440557248
"YDL136W",0.04174119508153,"low (<0.4)",660.401031460237,248.82801228134,9.36938148520005
"YDL135C",0.244233514864044,"low (<0.4)",211.865837604747,73.5420272187403,7.73380062301772
"YDL134C",0.234451006667841,"low (<0.4)",156.26917505396,86.8537229000763,7.29709211828619
"YDL133W",0.0543781390363809,"low (<0.4)",54.4854034033683,13.3536935781063,5.79403638513816
"YDL132W",0.0112867809402366,"low (<0.4)",85.6448751844523,28.6458547018131,6.43704251519461
"YDL130W-A",0.132085808492555,"low (<0.4)",742.106680611883,105.132872109482,9.53742552912767
"YDL130W",0.189570434264929,"low (<0.4)",912.996576588568,1785.85647864464,10.8032080455871
"YDL129W",0.224207247048363,"low (<0.4)",22.1354265891849,1.77831864324574,4.53203179558126
"YDL128W",0.398808298738455,"low (<0.4)",77.0970596063651,30.7664390428247,6.28719632608211
"YDL127W",0.284575709215919,"low (<0.4)",65.154372099367,11.817062479875,6.04776460131781
"YDL126C",0.363217840934805,"low (<0.4)",461.772242609861,246.724967493645,8.85415852299702
"YDL125C",0.625229217536348,"moderate (0.4-0.7)",297.810584048158,197.011510087484,8.22308743992115
"YDL124W",0.608101892173641,"moderate (0.4-0.7)",578.989400592963,186.357745371975,9.17988272475339
"YDL123W",0.352565596405358,"low (<0.4)",123.93534037239,41.4934953310731,6.96503781858777
"YDL122W",-0.0652978577412438,"low (<0.4)",80.5042472819805,31.8210858297626,6.34880333672177
"YDL121C",-0.199734587406077,"low (<0.4)",118.75085804062,50.2487826296532,6.90389218299307
"YDL120W",0.210001980839404,"low (<0.4)",157.793924969585,57.585329152799,7.31101190966175
"YDL119C",0.0176167966696738,"low (<0.4)",22.963893047012,7.6621435287885,4.58279039464101
"YDL117W",0.290321769207757,"low (<0.4)",30.5504322260627,19.2181211210009,4.97958786447319
"YDL116W",-0.0468083657079557,"low (<0.4)",51.8068674187202,20.0688241777125,5.72265365603687
"YDL115C",-0.0276101619103941,"low (<0.4)",74.2446572796508,28.5369248284752,6.23351724234382
"YDL114W",0.125271494981167,"low (<0.4)",2.43921162777182,0.263848108882378,1.78207789310901
"YDL113C",0.128836144188993,"low (<0.4)",58.8104322528692,11.7255531407046,5.90232523895672
"YDL112W",-0.00756282913116161,"low (<0.4)",27.7427394096102,21.0555861292107,4.84512566344388
"YDL111C",0.144207831742836,"low (<0.4)",108.13994685675,37.1331169198585,6.77003543611009
"YDL110C",0.00824318510852099,"low (<0.4)",716.464410849876,74.5088380424067,9.48676345980163
"YDL109C",-0.02248836758024,"low (<0.4)",13.4886793405311,1.67580211951962,3.85685419249446
"YDL108W",0.390835391929836,"low (<0.4)",41.4983255039623,19.305968634118,5.40933409296778
"YDL107W",0.0540104304170703,"low (<0.4)",23.6394026368405,9.61762788344798,4.62289537432461
"YDL106C",0.0633304824254785,"low (<0.4)",43.2959486098567,11.3033978973209,5.46910284812016
"YDL105W",0.354892676240946,"low (<0.4)",16.8862540367796,2.23169392889592,4.16077936665739
"YDL104C",0.209935939169939,"low (<0.4)",17.1441299236576,4.48516258183137,4.18143097094292
"YDL103C",-0.0300740555484204,"low (<0.4)",70.6920324530987,22.7041714062011,6.16374088774596
"YDL102W",0.0940340866198484,"low (<0.4)",25.0211798017568,9.00777791036656,4.70161447030036
"YDL101C",0.115306367895076,"low (<0.4)",50.2139195161854,17.8156903031939,5.67846407088836
"YDL100C",0.248590275527961,"low (<0.4)",306.222547275168,155.418030440422,8.26314029010588
"YDL099W",0.249251268519845,"low (<0.4)",202.339251509904,41.0129580919839,7.66774492189174
"YDL098C",0.0719737141583942,"low (<0.4)",31.2941672099249,11.9144149631131,5.01320171190565
"YDL097C",0.0608299228494477,"low (<0.4)",305.582569454246,90.8254348373728,8.26013186564694
"YDL095W",-0.0420226257152659,"low (<0.4)",157.600733560343,84.2691257878024,7.30925563358725
"YDL093W",-0.0723044195820828,"low (<0.4)",30.2702698169805,8.44173380762077,4.96671976256542
"YDL092W",0.357943289533105,"low (<0.4)",203.626077035917,86.2314700228836,7.67684620002473
"YDL091C",0.260051024356942,"low (<0.4)",36.7909839621125,12.1891429612959,5.23997017735873
"YDL090C",0.222088421754644,"low (<0.4)",26.0889448174672,7.06311721356022,4.75963229292135
"YDL089W",0.191992107045513,"low (<0.4)",28.431524107572,9.49490399316861,4.87929034887148
"YDL088C",0.158085803004909,"low (<0.4)",65.3722744380408,20.5881403772576,6.0525088080854
"YDL087C",0.0997406834565947,"low (<0.4)",28.8661501173512,5.71746113238646,4.90043937456582
"YDL086W",0.101064090562448,"low (<0.4)",93.9634715518603,84.8929889727636,6.56930077101195
"YDL085C-A",0.0255133584637451,"low (<0.4)",371.239173300024,16.5689661080818,8.54008607792793
"YDL085W",0.349361178655654,"low (<0.4)",30.1128856261736,2.9702512347931,4.95944030157284
"YDL084W",0.245657911027377,"low (<0.4)",347.062870012463,135.060341804298,8.44320411097232
"YDL083C",0.335158657121542,"low (<0.4)",652.324461461448,1311.21521575916,10.3577886397136
"YDL082W",0.237025192191557,"low (<0.4)",452.765043331993,799.678080470897,9.64507850099787
"YDL081C",0.181868357336941,"low (<0.4)",3411.8454771349,935.0498001218,11.7367593799023
"YDL080C",-0.0427338888752489,"low (<0.4)",30.7598816153305,10.8161174740127,4.98913362974563
"YDL079C",0.255947989175417,"low (<0.4)",41.8908954669582,3.5858397519973,5.4225995314543
"YDL078C",0.44028020340446,"moderate (0.4-0.7)",217.235201266342,61.4081806479292,7.7697400164426
"YDL077C",-0.10584086214312,"low (<0.4)",19.0970342420935,16.8458139646081,4.32891071072363
"YDL076C",0.167599089168223,"low (<0.4)",52.15814618722,16.5173860741234,5.73221888849433
"YDL075W",0.286974181853521,"low (<0.4)",1069.25421787528,705.542277742971,10.0637378058739
"YDL074C",0.0459897288633827,"low (<0.4)",56.994105988606,31.718091496051,5.85783437972942
"YDL070W",0.461070110344658,"moderate (0.4-0.7)",209.657150424959,108.427385358888,7.71875307651538
"YDL069C",0.0875448352322199,"low (<0.4)",30.6642427034795,4.8227967637718,4.9847826705513
"YDL067C",0.362993936464852,"low (<0.4)",726.252127110801,164.48707849748,9.50631180078778
"YDL066W",0.203634021975461,"low (<0.4)",235.071878455566,47.5122278405149,7.88308238369598
"YDL065C",-0.123123421131644,"low (<0.4)",99.8627972154956,17.5575687640567,6.65625033082076
"YDL064W",0.212315932970309,"low (<0.4)",92.4499664420709,47.7826221336848,6.54612224078539
"YDL063C",0.11449775738007,"low (<0.4)",43.9181732224287,14.2261862845676,5.48922735084196
"YDL060W",0.184958314583559,"low (<0.4)",59.5723326349993,26.9768650340194,5.920587065402
"YDL059C",0.683122385528117,"moderate (0.4-0.7)",39.8025135628579,9.16495559829181,5.35058612436286
"YDL058W",0.0420100413209651,"low (<0.4)",38.5114326846805,23.4105339991892,5.30419825427836
"YDL057W",0.299233099140662,"low (<0.4)",22.4201344468834,8.84343765881589,4.549677452763
"YDL056W",-0.0690860570667038,"low (<0.4)",33.4119883914269,9.4263503411797,5.10483935108814
"YDL055C",0.496859250341424,"moderate (0.4-0.7)",1028.58041596784,455.322684576284,10.0078408015552
"YDL054C",0.446245819988026,"moderate (0.4-0.7)",45.3017906120969,9.91267010378343,5.53299608226575
"YDL053C",0.355516916937668,"low (<0.4)",157.606923699625,43.2801104060967,7.30931194044517
"YDL052C",0.211010895390379,"low (<0.4)",140.470553583926,75.76007277594,7.14435798403776
"YDL047W",0.121733437908145,"low (<0.4)",152.579746523207,21.5817127485173,7.26284416158167
"YDL046W",0.277139448648934,"low (<0.4)",331.686365031673,133.034387158217,8.37801892914162
"YDL045W-A",0.233566823499674,"low (<0.4)",195.452317060538,55.5185226180518,7.61803537356539
"YDL045C",0.296345504075312,"low (<0.4)",58.9498239014118,20.5820906942064,5.90568361071313
"YDL044C",0.0639054680546923,"low (<0.4)",27.253850546074,6.96030449505544,4.82037559197868
"YDL043C",0.0517929465942713,"low (<0.4)",36.8424422533531,12.3071932481387,5.24193329437604
"YDL042C",0.106273505593341,"low (<0.4)",20.1692972049229,12.1918022359961,4.4039014692965
"YDL040C",0.257485586019532,"low (<0.4)",81.4792862449138,39.0332682818994,6.36595994292584
"YDL039C",0.481819758011923,"moderate (0.4-0.7)",76.5633988183891,25.8314073646328,6.27730411843262
"YDL037C",0.135784408088359,"low (<0.4)",56.2387336846297,2.43195774817417,5.8389198499863
"YDL036C",0.0921086234919979,"low (<0.4)",30.8480472483348,10.2488095027714,4.99313301174852
"YDL035C",0.0647825014434345,"low (<0.4)",34.2288589990024,18.5090299113266,5.13868584411314
"YDL033C",0.445488266243073,"moderate (0.4-0.7)",19.7018020822824,2.65427956762104,4.37168445401345
"YDL031W",-0.0935384752073605,"low (<0.4)",79.4405058663358,36.7443230277104,6.32985024923773
"YDL030W",0.104289693338657,"low (<0.4)",20.2826863901737,7.74082457686249,4.41160836025519
"YDL029W",0.0755750760164477,"low (<0.4)",234.854025499195,84.4906580805318,7.88175041442075
"YDL028C",0.174736310266138,"low (<0.4)",29.1914733879805,7.9547808864633,4.91606925908122
"YDL027C",0.196241244786051,"low (<0.4)",57.6705611969807,21.9239007428403,5.87456488666192
"YDL025C",0.108671148239358,"low (<0.4)",55.80988988562,10.7440076221949,5.82807020149971
"YDL024C",0.404156842692266,"moderate (0.4-0.7)",7.09090655406547,2.77508054718012,3.01630135998286
"YDL022W",0.209193580145192,"low (<0.4)",724.132730305995,354.552840297705,9.50210128397512
"YDL021W",0.157458404246562,"low (<0.4)",64.252223564407,5.21671466282067,6.027955159339
"YDL020C",0.293412538114129,"low (<0.4)",233.303387828096,37.1737550607282,7.87223400427222
"YDL019C",0.262155190926723,"low (<0.4)",74.8839308037389,40.4784384041869,6.24572250748203
"YDL018C",0.204842557562513,"low (<0.4)",61.8630784073806,15.9453800951386,5.97414101758586
"YDL017W",0.214048781267524,"low (<0.4)",19.5007262630585,4.6942248878029,4.35760311474264
"YDL015C",0.218797254801993,"low (<0.4)",192.039923192446,39.2829110709875,7.59275543641544
"YDL014W",0.213138647241773,"low (<0.4)",489.608623777322,197.847423845661,8.93842878317173
"YDL006W",0.152372182715079,"low (<0.4)",69.1482406885052,16.8831679410948,6.13233501652588
"YDL005C",0.366809470569867,"low (<0.4)",76.4906935080434,23.1899707789513,6.27595115061609
"YDL004W",0.574093063074961,"moderate (0.4-0.7)",506.40898886434,130.306826596521,8.98700526707003
"YDL003W",0.368235182009488,"low (<0.4)",62.7487883732,15.7006735922667,5.99432601686533
"YDL002C",0.352634864156803,"low (<0.4)",96.9357410463119,31.5968405635464,6.61376355349312
"YDL001W",0.284671446847535,"low (<0.4)",30.0527922745374,14.805365853285,4.95665109665051
"YDR001C",0.276429966844461,"low (<0.4)",225.102628311181,53.5032503664037,7.82083395245005
"YDR002W",0.390688924849846,"low (<0.4)",663.552980603088,202.598099633986,9.37624041080578
"YDR003W",0.0317577104306685,"low (<0.4)",83.8414521663279,4.7869854070167,6.40669740947613
"YDR003W-A",0.148589536614894,"low (<0.4)",169.090822382644,12.5325562561667,7.41016148915198
"YDR004W",-0.0582454186003769,"low (<0.4)",38.4280344248452,7.55728520550836,5.30114988557121
"YDR012W",0.283186999591514,"low (<0.4)",999.536650149208,440.16983280667,9.96655829950202
"YDR013W",0.0605343021754705,"low (<0.4)",39.7444199091878,11.7225844690167,5.34853058562788
"YDR014W",0.280983447319828,"low (<0.4)",18.6254730275936,12.4047871944906,4.29465552220827
"YDR014W-A",0.126412362108963,"low (<0.4)",2.33918379791655,1.91063844311635,1.73949550551391
"YDR016C",0.146069539221499,"low (<0.4)",84.1410666707497,20.510583202011,6.41178325960131
"YDR017C",0.145429851257807,"low (<0.4)",36.0221841266117,19.704096994547,5.21031810451189
"YDR018C",0.32453423570743,"low (<0.4)",17.9029330584231,4.54668199792335,4.24053820131971
"YDR019C",-0.0212348350584052,"low (<0.4)",100.560476276206,5.06067675721814,6.66619525552569
"YDR020C",-0.0220384215010656,"low (<0.4)",26.4206929392905,0.779760612027367,4.77719312433588
"YDR021W",0.252698873303566,"low (<0.4)",26.6371219832539,6.89750744186293,4.78853548207985
"YDR022C",0.231236962091838,"low (<0.4)",47.8266334668281,12.8015540711713,5.6095964043363
"YDR023W",0.149398554088818,"low (<0.4)",364.643090792764,172.701416615073,8.51429229083187
"YDR025W",0.0764365538003562,"low (<0.4)",848.818684522585,1323.60858245934,10.3713503956062
"YDR026C",0.198334090186506,"low (<0.4)",51.4018409871315,29.5811702045356,5.71154559245828
"YDR027C",0.288244923694249,"low (<0.4)",42.6665258990971,19.4211160637282,5.44845585001473
"YDR028C",0.120371628268891,"low (<0.4)",93.8740261860323,25.3512468628327,6.56794126725955
"YDR030C",0.0616936910039858,"low (<0.4)",19.3086430923836,5.44468066653289,4.34402194509328
"YDR031W",0.0792121796531462,"low (<0.4)",102.971662925495,10.368278516199,6.70004657076189
"YDR032C",0.470877430850541,"moderate (0.4-0.7)",530.243305952745,146.474138095113,9.05322894703314
"YDR033W",0.558746006058181,"moderate (0.4-0.7)",704.409489646484,100.028473040051,9.46231717378079
"YDR034W-B",0.210978235644994,"low (<0.4)",215.652877773855,14.8606177296399,7.75924158965474
"YDR035W",0.433774951545802,"moderate (0.4-0.7)",269.769928659083,43.7865896944924,8.08092371383019
"YDR041W",0.47043827304802,"moderate (0.4-0.7)",101.18556000554,27.7044336692621,6.67504753105745
"YDR042C",-0.00073771223786657,"low (<0.4)",4.40540829651115,0.636024525040611,2.43440359577759
"YDR043C",0.207259302739262,"low (<0.4)",188.630907783016,10.9351572335119,7.56705031683368
"YDR044W",0.271947639439688,"low (<0.4)",168.868930660778,36.4592855525307,7.40827819485409
"YDR045C",0.020054009548795,"low (<0.4)",68.0568509723967,22.4824505622055,6.10971264294937
"YDR047W",0.358267154824537,"low (<0.4)",126.253966968427,71.5051691174457,6.99156682082203
"YDR049W",0.181349760448173,"low (<0.4)",32.222360043609,13.9905093585238,5.05408265772024
"YDR050C",0.36507439739534,"low (<0.4)",3300.91066288362,1379.27942229154,11.6890853716127
"YDR060W",-0.045592799429394,"low (<0.4)",87.3823819345198,53.1132123910129,6.46568690761628
"YDR061W",0.236427272297787,"low (<0.4)",52.0599596320803,8.75072175037771,5.72955167285465
"YDR062W",-0.083900549294474,"low (<0.4)",135.713523601214,92.8505068150156,7.09501215011003
"YDR063W",0.304604073743527,"low (<0.4)",150.484654985864,45.4375698315584,7.24302784949916
"YDR064W",0.211196431787344,"low (<0.4)",1023.88611972075,1887.03324961935,10.8826684564797
"YDR065W",0.198968688016737,"low (<0.4)",22.219740741762,10.7312399229857,4.53727995887972
"YDR066C",0.286021288029075,"low (<0.4)",30.0177837751236,6.3646180566987,4.95502370418654
"YDR067C",0.318028381406107,"low (<0.4)",70.1610160734411,19.8302360264519,6.15301520517834
"YDR068W",0.151214668755857,"low (<0.4)",89.6909768332268,26.3640590008027,6.50288711393749
"YDR069C",0.241271186034788,"low (<0.4)",25.7950708011434,4.70466449837025,4.74389572300313
"YDR070C",0.352983437660871,"low (<0.4)",257.204750045363,32.8802133400584,8.01237173110091
"YDR071C",-0.0174886892530904,"low (<0.4)",287.502641419366,108.659469510134,8.17244071746758
"YDR072C",0.408270814856737,"moderate (0.4-0.7)",95.238909086892,26.2117647062544,6.58854838387006
"YDR073W",0.302238064097663,"low (<0.4)",77.3839603530665,22.7242324824545,6.29248656189979
"YDR074W",0.157794902106437,"low (<0.4)",390.654106234942,83.8875186578838,8.61343627393173
"YDR075W",0.0856991148287942,"low (<0.4)",21.6975675631433,5.84418992921085,4.50446579096642
"YDR076W",0.0338306158496477,"low (<0.4)",14.3107402345467,1.98473466278097,3.93647212997153
"YDR077W",0.223934743877926,"low (<0.4)",5385.28906699449,1252.81611316522,12.3950759419671
"YDR078C",0.147703019151755,"low (<0.4)",17.7386888446857,6.50331217601879,4.2279481053313
"YDR079W",0.0187185537972698,"low (<0.4)",116.135859734671,26.4803591997251,6.87203899696822
"YDR079C-A",0.258960712764193,"low (<0.4)",85.1658841725926,15.8282074517922,6.42904486817661
"YDR080W",0.272213954641895,"low (<0.4)",29.5728603985476,13.2249988262065,4.93417963205655
"YDR081C",-0.0357343344616851,"low (<0.4)",29.1494866382567,11.4735159023824,4.9140615321455
"YDR082W",-0.101050187535472,"low (<0.4)",18.218445618665,4.78001671687836,4.26441975103402
"YDR083W",-0.00288899717236622,"low (<0.4)",92.2442846676307,20.5069376340323,6.54294339414949
"YDR084C",0.0736519767459421,"low (<0.4)",91.5802428977923,32.6440834758224,6.53263244264334
"YDR085C",0.218547564871991,"low (<0.4)",42.8341487357497,10.9592995571867,5.45398332582014
"YDR086C",0.257393934379489,"low (<0.4)",1010.73297566226,395.862772621767,9.98261285777688
"YDR087C",-0.0215106941237971,"low (<0.4)",98.6895142655625,33.9287115778253,6.63936985916338
"YDR088C",-0.0386239896132021,"low (<0.4)",45.6473774111054,10.8064054752441,5.54372406766107
"YDR089W",0.015592670023697,"low (<0.4)",26.3639223497763,6.02662087319355,4.7742031361122
"YDR090C",0.20709340471351,"low (<0.4)",38.0559653075726,10.4380932357488,5.28747101361008
"YDR091C",0.0925130715771797,"low (<0.4)",120.747698628686,42.0440723383013,6.9277506913771
"YDR092W",0.389188168332661,"low (<0.4)",110.863988693502,60.3818912086198,6.80560186777961
"YDR093W",-0.125829150226571,"low (<0.4)",30.1573605037347,21.8117219853136,4.96150111553134
"YDR096W",0.0509432623915997,"low (<0.4)",50.9847874812238,9.12115230511566,5.70001759821209
"YDR097C",0.335709126447648,"low (<0.4)",28.8126477931994,13.0318721652628,4.89785260803863
"YDR098C",0.598519815774362,"moderate (0.4-0.7)",165.144445618326,94.2544569045612,7.37629425281465
"YDR099W",0.29191286640042,"low (<0.4)",352.495694735554,200.139589336248,8.46554883416869
"YDR105C",0.158698669841478,"low (<0.4)",43.7841116377498,14.0793298948098,5.48491508326281
"YDR106W",0.124524684128339,"low (<0.4)",4.863902854792,1.22627944553143,2.55186120305039
"YDR107C",0.0937049518664175,"low (<0.4)",17.0069487427824,3.91174674033729,4.17048183378868
"YDR108W",-0.0119078090494964,"low (<0.4)",25.5568584817039,9.35381139718844,4.73101258942893
"YDR109C",0.154520090499075,"low (<0.4)",26.8858027805308,8.99449599445805,4.80145889897761
"YDR110W",-0.0770457581639438,"low (<0.4)",32.1858753229947,9.47430670888186,5.05249742268113
"YDR111C",0.336282468037907,"low (<0.4)",11.3231223806933,7.7956730035275,3.6232959412132
"YDR113C",-0.0859317227502829,"low (<0.4)",37.8109345374292,6.56611281500986,5.27839126741505
"YDR114C",-0.164074605574041,"low (<0.4)",1.48035486694906,0.164088939802444,1.31054654325819
"YDR115W",0.422951001905857,"moderate (0.4-0.7)",171.781377294746,68.3850696998592,7.43280391924169
"YDR116C",0.245056575341413,"low (<0.4)",86.8552737069989,19.1774941659045,6.45705698467908
"YDR117C",0.329518150556891,"low (<0.4)",40.2753417783341,19.0402448908011,5.36720825623707
"YDR118W",0.144393890298488,"low (<0.4)",15.4934497048174,5.38084799004922,4.0438212736218
"YDR119W",0.0476683233856851,"low (<0.4)",39.1706577399254,16.4384817155061,5.32807017863469
"YDR119W-A",0.215086665510256,"low (<0.4)",253.130554277568,3.84533980838067,7.98942603173312
"YDR120C",-0.0835433405649257,"low (<0.4)",62.1896839443522,14.8849481631456,5.98161714479105
"YDR121W",-0.0369640085489746,"low (<0.4)",64.0911917537745,17.74691322264,6.02439042364053
"YDR122W",0.256056975595538,"low (<0.4)",60.1524909397378,11.8947230326436,5.93433936049555
"YDR123C",0.381652032232303,"low (<0.4)",61.8149265417812,26.0591451130075,5.97303551847905
"YDR124W",0.176289031971912,"low (<0.4)",28.5579198627768,3.95645787092236,4.88547283834803
"YDR125C",0.0173048882889168,"low (<0.4)",15.5711370364449,1.21636806226193,4.05060069204907
"YDR126W",0.468380791128835,"moderate (0.4-0.7)",18.0541768021354,2.58794248725015,4.25203537560995
"YDR127W",0.582692127040547,"moderate (0.4-0.7)",96.1478585833889,64.8016921551752,6.60211028992418
"YDR128W",0.277286691958816,"low (<0.4)",28.9757718460798,13.182429537172,4.90572499695639
"YDR129C",0.244513675286788,"low (<0.4)",223.148393278576,93.2143819794716,7.80831034779666
"YDR130C",-0.028906816634416,"low (<0.4)",41.7357074548893,6.24086990912666,5.41737010011134
"YDR131C",0.0100537504395574,"low (<0.4)",15.1925936198652,2.80448612852006,4.01726218014694
"YDR132C",0.265299548710757,"low (<0.4)",13.408128565961,3.23046813600409,3.84881105469275
"YDR135C",0.414111798315112,"moderate (0.4-0.7)",48.8737839737962,31.4272585121142,5.64020976075646
"YDR137W",-0.0789994380320919,"low (<0.4)",30.5715170036705,13.3818682990806,4.98055167834762
"YDR138W",0.386545594969712,"low (<0.4)",33.0513252005026,5.8911612683954,5.08963904064278
"YDR139C",0.0469346900041607,"low (<0.4)",206.764155334993,29.7791231581092,7.69880296345334
"YDR140W",0.182321666872458,"low (<0.4)",78.3436813966004,32.10847681264,6.31004343224204
"YDR141C",0.285027165039218,"low (<0.4)",27.175607898956,34.3191321936858,5.1423779906697
"YDR142C",0.143631348080212,"low (<0.4)",31.0249494233992,8.72514067220842,5.00112438702591
"YDR143C",0.0564046957542077,"low (<0.4)",40.0386426532278,18.1964823082733,5.3589111097056
"YDR144C",0.228412738109759,"low (<0.4)",34.5001190545882,20.0604426742788,5.14975195779133
"YDR145W",-0.0284104058854651,"low (<0.4)",88.8620806471847,24.6768548099267,6.48964056098446
"YDR146C",0.0573594042783603,"low (<0.4)",43.0108086479546,3.8945557505304,5.45978597472426
"YDR147W",0.0208047913406254,"low (<0.4)",35.3186548841102,15.2389248498494,5.18263886612964
"YDR148C",0.539055295012444,"moderate (0.4-0.7)",155.617021400626,35.7176111009028,7.29109720544194
"YDR150W",0.304243505832513,"low (<0.4)",27.6703627545971,56.7120344020266,5.85080028311333
"YDR151C",0.0961808129407948,"low (<0.4)",97.0472613044209,13.1864345583592,6.61540542792884
"YDR152W",0.0367827039862578,"low (<0.4)",146.499222451042,59.1207195943682,7.20456353903576
"YDR153C",0.332740910648931,"low (<0.4)",118.409468234577,45.3740286782619,6.89977342531797
"YDR156W",0.121772810732728,"low (<0.4)",189.543405896453,99.7140476827321,7.57397587168447
"YDR158W",0.674546985962611,"moderate (0.4-0.7)",525.284611082654,210.403886944441,9.03969939984514
"YDR159W",0.289542142867842,"low (<0.4)",27.8245568856831,32.0091036766281,5.04479205929331
"YDR160W",0.103973459155877,"low (<0.4)",24.9178007244139,7.63968243231858,4.69587139726898
"YDR161W",0.0782893467614183,"low (<0.4)",87.462671309139,29.8134392664274,6.46699690287409
"YDR162C",0.326444981952782,"low (<0.4)",85.9316836737956,21.4446182041549,6.44181018157253
"YDR163W",0.226630281094222,"low (<0.4)",109.293358083436,15.1032695629603,6.78520210356343
"YDR164C",-0.114243152540734,"low (<0.4)",38.2255581274274,10.2531490385753,5.29372206985494
"YDR165W",0.24951589352924,"low (<0.4)",78.5092343697663,46.0454785127155,6.31305052265282
"YDR166C",0.260348886662742,"low (<0.4)",36.3740317903054,23.5964742395843,5.22396430030063
"YDR167W",0.0461947357396115,"low (<0.4)",139.213774957212,46.1215836346348,7.13148428010925
"YDR168W",0.0992064177139196,"low (<0.4)",142.649003696715,43.7174195797409,7.1664041766111
"YDR169C",0.270189794673828,"low (<0.4)",83.1007323185376,25.7208000290009,6.39404645788529
"YDR170C",0.155603155177193,"low (<0.4)",52.4238954307324,58.832016286256,5.90284577625176
"YDR171W",0.142826319478334,"low (<0.4)",832.121740700733,68.2014301297966,9.70238351594442
"YDR172W",-0.114151421961028,"low (<0.4)",228.552786609203,71.0573017296822,7.84268213523331
"YDR173C",0.27090071657022,"low (<0.4)",30.5281488946663,5.30758083419708,4.97856856275567
"YDR174W",0.455455762780733,"moderate (0.4-0.7)",331.799207251619,241.884961525775,8.37850818666863
"YDR175C",0.476674174665481,"moderate (0.4-0.7)",84.4894998460511,27.2646813613971,6.41767532833277
"YDR176W",0.0270650366825095,"low (<0.4)",52.558065726249,14.25331088515,5.74303195290696
"YDR177W",0.239736796015745,"low (<0.4)",299.595824187038,75.2265695912881,8.23168115755696
"YDR178W",0.155682069553055,"low (<0.4)",310.647472836282,50.6799227592394,8.28377120369039
"YDR179C",0.200053538060887,"low (<0.4)",41.9647486678022,2.87306691518177,5.42508155052166
"YDR179W-A",-0.00486678494726073,"low (<0.4)",19.1935937820897,5.91736767250814,4.33582577971313
"YDR180W",0.28577215120488,"low (<0.4)",11.1373721884067,9.37885173953812,3.60138419843109
"YDR181C",-0.0640013909247158,"low (<0.4)",36.7205387311256,12.5212623276219,5.23727837586254
"YDR182W",0.0102772091423797,"low (<0.4)",63.4817060943793,17.8004452161573,6.01081801092039
"YDR182W-A",0.160471208157412,"low (<0.4)",34.4506265436558,1.06417753444045,5.14773922033346
"YDR183W",0.067278846864163,"low (<0.4)",37.0015598746155,11.5404594838892,5.2479867338958
"YDR184C",0.142461268099193,"low (<0.4)",37.9307762016886,12.7137895986671,5.28283920430832
"YDR185C",-0.0331800757054921,"low (<0.4)",16.3547584429945,2.57252541310162,4.11725937964371
"YDR186C",0.120427354294562,"low (<0.4)",97.7782992863395,18.5741960856581,6.62612222424063
"YDR188W",0.238925591049955,"low (<0.4)",165.732191455044,42.6207459978911,7.38138886619789
"YDR189W",-0.0320560485380664,"low (<0.4)",73.2427907561041,17.2177989309946,6.21417903668796
"YDR190C",0.100795082219274,"low (<0.4)",136.556491142196,42.7676671563713,7.10388041025543
"YDR191W",0.0852191422056002,"low (<0.4)",16.7796147034186,1.34957416132324,4.15215215519171
"YDR192C",0.147081079762265,"low (<0.4)",23.6852333917093,5.76822674354933,4.62557638029329
"YDR194C",0.197435224248538,"low (<0.4)",116.024683590655,42.7102429371904,6.8706690540956
"YDR195W",0.261424793628597,"low (<0.4)",34.0730168598661,15.4809037824111,5.13228962646391
"YDR196C",0.131986577306613,"low (<0.4)",113.931819869997,23.0259426585676,6.84463446568105
"YDR197W",0.0899572219603706,"low (<0.4)",34.066823668014,15.5305985393277,5.13203485293924
"YDR198C",0.0886091583597948,"low (<0.4)",22.2285940719446,6.4482121222037,4.53782993147855
"YDR200C",0.126437427510802,"low (<0.4)",27.3166922659162,11.2354100859045,4.8235808458215
"YDR201W",0.0524451771750674,"low (<0.4)",47.5194241024372,18.8205042600097,5.60049052148988
"YDR202C",0.133295618255657,"low (<0.4)",49.003537909823,18.5845682020981,5.64395826866244
"YDR204W",0.190869686018094,"low (<0.4)",81.5055368561387,23.8262465980645,6.36641903517739
"YDR205W",0.269450695718587,"low (<0.4)",21.4573538809413,13.3159360409455,4.48911604187153
"YDR208W",0.141451685113133,"low (<0.4)",74.2527355821526,36.7811018336544,6.23367212246165
"YDR211W",-0.0531954214549811,"low (<0.4)",98.7536050694949,22.3269473358169,6.64029707579026
"YDR214W",-0.101168088220614,"low (<0.4)",313.313091519241,57.6911671574122,8.2960585531508
"YDR216W",0.372329185308525,"low (<0.4)",44.5821549471491,3.85138157216872,5.51039722611793
"YDR217C",0.00320700376732863,"low (<0.4)",15.2779950257201,15.7902800135011,4.06955438536009
"YDR218C",0.175004719229064,"low (<0.4)",9.68884216808411,1.07823388643165,3.41803368145091
"YDR219C",0.179677784034686,"low (<0.4)",43.0686382472659,8.32375000372139,5.46168041187326
"YDR221W",0.231587219240915,"low (<0.4)",31.2068661724206,16.1469573858458,5.0092963837527
"YDR224C",0.232005771189521,"low (<0.4)",1456.02508487741,517.265728635811,10.5088100004425
"YDR225W",0.265537712825423,"low (<0.4)",1033.54174210231,334.908596261085,10.0147761414686
"YDR228C",0.208575961083028,"low (<0.4)",38.5620600368593,12.5063380777787,5.30604564554409
"YDR229W",0.218413645998133,"low (<0.4)",48.5574198038615,9.07653772337253,5.6310291707219
"YDR231C",0.0674929637570201,"low (<0.4)",55.5863468241241,35.5920303642716,5.82238209590862
"YDR232W",0.201167318182456,"low (<0.4)",166.166724792248,39.6927368759418,7.38514389153094
"YDR233C",0.193136774797648,"low (<0.4)",788.580582711446,306.884373976896,9.62494270138977
"YDR234W",0.375694191583605,"low (<0.4)",128.98455411174,33.4394081752755,7.02219638971835
"YDR235W",0.10881093505358,"low (<0.4)",31.0510574074904,14.4646913409468,5.00230004896626
"YDR236C",0.278508710213271,"low (<0.4)",79.8832122890788,41.2516668285228,6.33776839011909
"YDR237W",0.389471400987635,"low (<0.4)",103.152732881646,27.9441778050768,6.70255688477566
"YDR238C",0.0397687267658043,"low (<0.4)",159.374136498902,110.851276732068,7.32529768721997
"YDR239C",0.156225254308485,"low (<0.4)",23.7459396097558,15.4170893893553,4.62911991763781
"YDR240C",0.0659348379265448,"low (<0.4)",23.1863645238463,7.24586557785994,4.59612202759585
"YDR242W",0.212962947080931,"low (<0.4)",22.1768129005021,2.84470283722626,4.53461028639275
"YDR243C",0.200932872003245,"low (<0.4)",18.5134449541167,6.87739488404381,4.28639659243883
"YDR244W",-0.0890019617679713,"low (<0.4)",49.7345449065255,13.6987012099684,5.66489650078133
"YDR245W",0.226853968591678,"low (<0.4)",96.6017306735823,34.7480671729132,6.60883482476628
"YDR246W",0.285483017916833,"low (<0.4)",84.5804325301549,19.9472595103714,6.41920906536001
"YDR246W-A",-0.140914299941682,"low (<0.4)",20.9153041149677,0.0665749025086885,4.45386679392386
"YDR247W",-0.100252191849413,"low (<0.4)",65.9409696056964,2.38423520205483,6.0648175427627
"YDR248C",0.303760344261396,"low (<0.4)",113.828427531839,17.8626139002514,6.84333603720805
"YDR252W",0.0136769462028168,"low (<0.4)",11.9233706526365,3.92496524860614,3.69191049538601
"YDR253C",0.582759456683718,"moderate (0.4-0.7)",41.7650289814476,3.64161445638527,5.41835961258523
"YDR254W",0.115475544243729,"low (<0.4)",36.1397716031174,3.15464756079896,5.2148930381073
"YDR255C",-0.0373297766256125,"low (<0.4)",55.8153583352165,1.77871555462552,5.82820906685303
"YDR256C",0.522099778682824,"moderate (0.4-0.7)",20.0143065780436,2.09528354127461,4.39329994666999
"YDR264C",-0.0581828452027571,"low (<0.4)",71.593401788401,20.8798010652363,6.18176651859389
"YDR265W",-0.0159684825438239,"low (<0.4)",35.0305395996784,6.63019303899459,5.17114835286774
"YDR266C",0.025273394163936,"low (<0.4)",58.4675409135492,34.713054247803,5.8940305138808
"YDR267C",0.123218050228356,"low (<0.4)",49.0496363280232,14.9430631887949,5.64528768103827
"YDR268W",0.092348842094344,"low (<0.4)",31.4209733182711,11.520214060346,5.01885549790706
"YDR270W",-0.071933993007129,"low (<0.4)",46.7183009631189,10.4821668957895,5.57647077086853
"YDR272W",0.105512111117942,"low (<0.4)",187.110803825535,31.8853572785895,7.55543889976246
"YDR273W",0.272255972638098,"low (<0.4)",21.4481610754877,8.74778604097891,4.48852536097017
"YDR275W",0.0298743382587373,"low (<0.4)",115.904246078085,37.8961813231819,6.86918352070972
"YDR276C",0.35042842566359,"low (<0.4)",2125.62147170734,453.035502572204,11.054347548102
"YDR277C",0.427796434532852,"moderate (0.4-0.7)",102.854005943668,4.31800164066904,6.69841305587158
"YDR279W",0.253363962930169,"low (<0.4)",38.1099341868873,12.5481687825263,5.28946320323306
"YDR280W",0.282203000366724,"low (<0.4)",88.0214567337334,29.6474939473474,6.47608120391544
"YDR281C",-3.75995857451092e-05,"low (<0.4)",11.8682277284985,1.14320232184848,3.68574146753156
"YDR282C",-0.0329118483289746,"low (<0.4)",21.9527390758995,5.74929703704915,4.52059442349034
"YDR283C",0.278684426653091,"low (<0.4)",24.0114213053777,21.0478683515138,4.64451513769043
"YDR284C",0.076916759812432,"low (<0.4)",114.56427928477,33.8225089758721,6.8525517220212
"YDR285W",0.0838573866507512,"low (<0.4)",9.10475200448101,4.1555908781096,3.33696200974744
"YDR286C",0.393991218067278,"low (<0.4)",67.6888274737022,14.1486865851748,6.10200355260486
"YDR287W",0.367141860120203,"low (<0.4)",52.2235012869816,15.1200887941372,5.73399151549201
"YDR288W",-0.0118236910537496,"low (<0.4)",44.3768813720791,10.7672945996872,5.50388555485305
"YDR289C",0.0552392603348818,"low (<0.4)",54.1280870944732,16.547586302093,5.7847156366901
"YDR291W",-0.191830262718104,"low (<0.4)",18.2306527631005,6.22437476336152,4.26533582907348
"YDR292C",-0.12260924840608,"low (<0.4)",72.3840476560216,21.421467942689,6.19739457663681
"YDR293C",0.202837378980952,"low (<0.4)",116.28365102853,31.9812033403574,6.87385811001298
"YDR294C",0.0274765166442964,"low (<0.4)",94.5330642758992,28.3862357027815,6.57792823548155
"YDR295C",0.382602205227171,"low (<0.4)",44.7159008110194,20.7042997846145,5.51462414269293
"YDR296W",0.331723888981831,"low (<0.4)",106.893816625283,35.9643587762156,6.75346837638325
"YDR297W",0.329953687623037,"low (<0.4)",82.3669965832508,24.6994135518405,6.38140445590565
"YDR298C",0.688166136703717,"moderate (0.4-0.7)",340.578764997383,116.562954741432,8.41607447917922
"YDR299W",0.149867198391405,"low (<0.4)",78.4956631770752,18.1098294124446,6.31280425234613
"YDR300C",0.0104369413884169,"low (<0.4)",60.2380882123085,23.0868578452677,5.93635733903019
"YDR301W",-0.0917026485822526,"low (<0.4)",19.9217075875257,15.9076819488486,4.3869287011337
"YDR302W",-0.0483333387189908,"low (<0.4)",62.9276876823259,17.1033160413558,5.99836900619241
"YDR303C",0.299278663022774,"low (<0.4)",35.7672454510449,16.0855061855581,5.20034919084723
"YDR304C",0.339994989597287,"low (<0.4)",277.761974416401,118.14851719907,8.12288996811749
"YDR305C",0.124698832594947,"low (<0.4)",52.6540973873221,10.9079775435859,5.74561644396146
"YDR306C",0.202082927882015,"low (<0.4)",56.8821868472207,15.6153498269307,5.85504752425598
"YDR307W",0.0835841909651724,"low (<0.4)",26.2123022313308,8.88813284081054,4.76618711237976
"YDR308C",-0.0341661433475876,"low (<0.4)",59.3400980210988,18.3845212321484,5.91504513499873
"YDR309C",0.230512608448633,"low (<0.4)",83.0495882809706,27.0432208918074,6.39316884728805
"YDR310C",0.11138591144732,"low (<0.4)",46.1114961777558,24.1748974529703,5.55800724506243
"YDR311W",0.0357242392555659,"low (<0.4)",28.2601480545329,10.9108553012957,4.87086516432958
"YDR313C",0.307685468671811,"low (<0.4)",48.1111321515786,5.20788383470892,5.61797817603678
"YDR314C",-0.0545788040363695,"low (<0.4)",11.6104388635201,2.78749904328674,3.65654657953102
"YDR315C",0.117216802189761,"low (<0.4)",24.3259988101957,5.12778894790867,4.66254726223958
"YDR316W",0.271449029945154,"low (<0.4)",53.8461667517253,21.4145531549909,5.77731888777604
"YDR317W",0.478095341152452,"moderate (0.4-0.7)",7.36064035947898,0.505918682068439,3.06361344566312
"YDR318W",-0.139534760877078,"low (<0.4)",24.9594351068562,6.89347150791484,4.69818708464181
"YDR319C",-0.186378756961105,"low (<0.4)",48.9163242156229,13.3040330412209,5.64143979448932
"YDR320C",0.391037856458072,"low (<0.4)",54.186813286008,30.3439776601657,5.78625167566596
"YDR320C-A",0.112473601617943,"low (<0.4)",267.979575423848,19.4983667201219,8.07135281774828
"YDR321W",0.0731593912793022,"low (<0.4)",85.825927478836,49.2411176701775,6.44005401151656
"YDR322W",0.259205958512638,"low (<0.4)",58.4609070326516,17.3484926267914,5.89386956555854
"YDR322C-A",0.556086814588055,"moderate (0.4-0.7)",604.552797128535,133.372743311675,9.24210894132908
"YDR323C",0.130993293439577,"low (<0.4)",16.6692002249453,5.32838669623179,4.14316483440235
"YDR324C",0.0166936530781429,"low (<0.4)",60.7698564713992,17.0093439405156,5.94883107333259
"YDR325W",-0.0602020861694419,"low (<0.4)",20.3805696999506,8.12418606028059,4.41822839005724
"YDR326C",-0.0251790964379955,"low (<0.4)",31.3231249899641,15.2688544276066,5.01449477904085
"YDR328C",0.115588082262906,"low (<0.4)",164.347523286118,99.0882703514847,7.36935762556927
"YDR329C",0.302458534634137,"low (<0.4)",66.3457022811673,19.5204762999612,6.07351397679645
"YDR330W",-0.155412855183836,"low (<0.4)",62.5600468682804,15.8336763060533,5.99004828339712
"YDR331W",0.15956026528509,"low (<0.4)",42.8146802899142,15.4708548318246,5.45334242665389
"YDR332W",-0.0310597810183135,"low (<0.4)",17.634907744038,4.20237367904447,4.21993577161185
"YDR333C",0.0867018640974316,"low (<0.4)",51.6334554663763,18.9208774500725,5.71790820795022
"YDR349C",0.206860632290979,"low (<0.4)",71.1968770868969,22.3156496614301,6.17386452883239
"YDR350C",0.378379218996444,"low (<0.4)",28.729757151825,10.2433772570071,4.89383577349489
"YDR351W",0.0832827535360529,"low (<0.4)",28.768762535395,12.501209922114,4.89572734598448
"YDR352W",-0.0082007494525028,"low (<0.4)",46.8850164949223,6.34053221485303,5.58150239364415
"YDR353W",0.135793138686747,"low (<0.4)",543.847628859948,230.757034672631,9.08970901448408
"YDR354W",0.46109379298933,"moderate (0.4-0.7)",58.6557856492881,18.1831631126851,5.89859015774943
"YDR356W",0.130957343327541,"low (<0.4)",38.7637659674388,16.566530919438,5.3133824937709
"YDR357C",0.12469140530475,"low (<0.4)",90.6716780348333,12.702374704297,6.51840417690958
"YDR358W",0.0965169302259394,"low (<0.4)",75.7049464241655,12.6740236495586,6.26124770979309
"YDR359C",0.13024972095105,"low (<0.4)",42.0283529858507,25.7383673852607,5.4272157135928
"YDR361C",-0.0172610784862477,"low (<0.4)",77.3531286427053,33.1669393052741,6.29191897759031
"YDR362C",0.282196044445754,"low (<0.4)",30.7592775962214,10.0209703034378,4.98910619187069
"YDR363W",0.0283498245731835,"low (<0.4)",33.9275291798712,7.8855789801622,5.12629268305308
"YDR363W-A",0.537087455960868,"moderate (0.4-0.7)",914.012869164009,81.2774815550915,9.83764822404412
"YDR364C",-0.0175573813550141,"low (<0.4)",32.6891773212222,11.5432583763779,5.07421329363245
"YDR365C",0.0951210613199776,"low (<0.4)",99.959256099141,40.4962418507752,6.6576293749975
"YDR367W",0.0262809815476575,"low (<0.4)",75.5455238871284,37.9551080339168,6.25824611134986
"YDR368W",0.257562833628757,"low (<0.4)",161.65975295515,51.8452842520039,7.34571351764526
"YDR369C",0.147452175915632,"low (<0.4)",15.5050831962661,6.12145204901668,4.04483850557977
"YDR370C",0.105060910677766,"low (<0.4)",24.7556586930942,6.95782108909701,4.68681753190483
"YDR371W",0.0616822667404593,"low (<0.4)",21.3274364314989,6.28320517562037,4.48074570968959
"YDR372C",-0.103749494080231,"low (<0.4)",201.995882685152,63.4897724787414,7.66530665565831
"YDR373W",0.301514589679834,"low (<0.4)",157.455991717432,26.8638438176366,7.30793840334524
"YDR374C",0.0466904220531485,"low (<0.4)",2.86564316776429,0.364056662467213,1.95070847048852
"YDR374W-A",0.247296905698586,"low (<0.4)",109.632434555594,15.5179090962593,6.78963059806495
"YDR375C",0.202548729086219,"low (<0.4)",49.5063124160641,15.8324422728005,5.65839180596419
"YDR376W",0.0441387407880171,"low (<0.4)",50.0575761149139,15.3749213513691,5.67405314438332
"YDR377W",0.625933379974976,"moderate (0.4-0.7)",599.01703781252,122.78003157873,9.22885965719362
"YDR378C",0.112086772564821,"low (<0.4)",353.766783563519,94.306648620704,8.47072712773523
"YDR379W",0.202493802609897,"low (<0.4)",45.0015912557261,15.7174472502868,5.52361186164481
"YDR379C-A",0.159218949115482,"low (<0.4)",206.788377599008,24.2636818846718,7.69897115080605
"YDR380W",0.350478271125025,"low (<0.4)",94.1152443337764,11.4746836966909,6.57160467847813
"YDR381W",0.287493309644456,"low (<0.4)",277.44925912987,167.754089846198,8.1212706438351
"YDR381C-A",0.155933956490648,"low (<0.4)",47.9406155965499,12.7617937240097,5.61296034327042
"YDR382W",0.126875652507857,"low (<0.4)",3230.40435740275,2192.40181404146,11.6579455762492
"YDR383C",0.107388295837253,"low (<0.4)",74.7144215120052,9.68417887960083,6.24249621494323
"YDR384C",-0.0387020114145501,"low (<0.4)",42.4089664657437,32.2991824520066,5.43992116842272
"YDR385W",0.170513732100962,"low (<0.4)",677.046139976588,667.418678459414,9.40523963961202
"YDR386W",-0.0678333870386814,"low (<0.4)",17.5834131546791,4.65917790863088,4.21594359602134
"YDR387C",0.376075689654832,"low (<0.4)",31.9918272017116,8.76486736264713,5.04403677645339
"YDR388W",0.135290605737706,"low (<0.4)",230.406197431177,91.2548142637311,7.85428369243749
"YDR394W",0.276905034010263,"low (<0.4)",222.312389921033,68.7579674185279,7.80291948742751
"YDR395W",0.110798340074679,"low (<0.4)",73.6468701320755,24.6833839226002,6.22200986576833
"YDR397C",0.234425477016924,"low (<0.4)",2.67139957893892,90.4843035828758,6.51545232915067
"YDR403W",0.0191500812206688,"low (<0.4)",3.79914321584454,0.709193435817801,2.26277686654561
"YDR404C",0.0915310479860165,"low (<0.4)",143.190784151172,54.8227352641866,7.17183514849851
"YDR405W",0.0944884825215128,"low (<0.4)",165.54335313201,18.7166732895085,7.37975396591341
"YDR406W",-0.000838320251157834,"low (<0.4)",21.484189063216,8.09378180420158,4.49083894618028
"YDR407C",0.130849819305922,"low (<0.4)",28.469283340934,12.3086616588649,4.88114007109233
"YDR408C",0.186908341949743,"low (<0.4)",179.462945891641,49.3914563053665,7.49555883150662
"YDR409W",0.00660899392857725,"low (<0.4)",21.197970845526,2.95552558141864,4.4723558982693
"YDR410C",0.579635367981488,"moderate (0.4-0.7)",16.5564660948346,12.1640109876503,4.1339305718483
"YDR411C",0.311628998777226,"low (<0.4)",101.114145145805,50.5184761385937,6.67403891611005
"YDR412W",0.16848347680976,"low (<0.4)",6.57817648822928,36.9743623105436,5.24695383317257
"YDR414C",0.0395485197789024,"low (<0.4)",32.8701168932556,10.8862629520485,5.08194106078731
"YDR415C",0.328981333069463,"low (<0.4)",40.5096118689058,10.9910856062748,5.37537353712947
"YDR416W",-0.104533457580648,"low (<0.4)",22.1805391778497,9.30303367409434,4.53484221861584
"YDR418W",0.164556545878388,"low (<0.4)",746.499313621959,1310.48887331773,10.3569898524804
"YDR419W",-0.0534478077489402,"low (<0.4)",20.4727504068399,2.49114667761585,4.42443509019073
"YDR420W",0.0406106486664431,"low (<0.4)",21.6169860194635,14.0926934360312,4.499334780869
"YDR421W",0.224991769931208,"low (<0.4)",20.705010673767,6.62516511393095,4.43995622694542
"YDR422C",0.354926135089193,"low (<0.4)",38.9933369318957,17.7387893028996,5.32168775548655
"YDR423C",0.672531653497241,"moderate (0.4-0.7)",48.2657548767034,10.1744572103741,5.62251325798896
"YDR424C",-0.234060551456707,"low (<0.4)",115.006648330171,30.3104114203851,6.85806367821479
"YDR425W",0.292878719513543,"low (<0.4)",25.1747156668925,5.93971370622735,4.71010196028826
"YDR427W",0.183631914202895,"low (<0.4)",202.417764092459,85.5498255628761,7.66830186232822
"YDR428C",0.228586616314373,"low (<0.4)",38.1610731227057,14.5877084572903,5.29134839424146
"YDR429C",0.159257218815907,"low (<0.4)",419.357828688667,60.2993978596154,8.71547413168792
"YDR430C",0.110563121348441,"low (<0.4)",47.0055624090025,18.6625640584553,5.58512967561584
"YDR432W",0.19196000627265,"low (<0.4)",178.889342093125,65.2394362409462,7.49096590351876
"YDR434W",0.0785997329459677,"low (<0.4)",74.2571817655596,21.4229071923201,6.23375735919378
"YDR435C",0.484453576489836,"moderate (0.4-0.7)",63.5616354003041,25.2825245933476,6.01260521863976
"YDR436W",-0.0591644368415942,"low (<0.4)",36.3422586009517,7.8250436141636,5.22273728473985
"YDR437W",-0.126120493705083,"low (<0.4)",12.4918703652852,0.113951962213657,3.75401845649281
"YDR438W",0.17110317282833,"low (<0.4)",21.9347863985433,4.4821852977345,4.51946556593499
"YDR439W",-0.104523025102768,"low (<0.4)",24.9640667979138,8.72805104290473,4.69844446781099
"YDR443C",0.218493568846015,"low (<0.4)",16.1929598345038,11.19540355609,4.10374602661311
"YDR444W",0.0245917988035557,"low (<0.4)",21.1299809886592,11.162649346956,4.46793030664179
"YDR446W",0.259450310386808,"low (<0.4)",2.57626501918728,0.141001434276117,1.8384536514262
"YDR447C",0.418685897938224,"moderate (0.4-0.7)",843.735541536795,439.031106168759,9.72235594225859
"YDR448W",0.0898927025275764,"low (<0.4)",25.9180249327172,4.6938613872537,4.75050065326399
"YDR449C",0.108113946297639,"low (<0.4)",50.3244719662551,21.0147018977423,5.68157497463802
"YDR450W",0.201818505446139,"low (<0.4)",854.151370586965,1352.90900242157,10.4029150618565
"YDR451C",0.0455521204689606,"low (<0.4)",25.8525295647495,9.29540360269072,4.74698609440621
"YDR452W",0.182741528920459,"low (<0.4)",111.602946526346,56.4254585927833,6.81510076926506
"YDR453C",0.407285725067931,"moderate (0.4-0.7)",335.483665443684,49.590635928962,8.39439266086475
"YDR454C",0.220731755373823,"low (<0.4)",294.174457089068,126.675803287502,8.20542407301138
"YDR456W",0.0765380764335022,"low (<0.4)",45.7281228961988,13.908689418064,5.54621917911046
"YDR457W",0.153844639575522,"low (<0.4)",28.2241450566051,60.7233366265786,5.94774414779578
"YDR458C",0.0497384552464285,"low (<0.4)",47.4555655331306,28.5548006522439,5.59859047581996
"YDR459C",0.141567074649413,"low (<0.4)",25.6644967076958,6.60369669333566,4.73684819230021
"YDR460W",0.0963326641853199,"low (<0.4)",65.1349416497542,24.2389666879879,6.04734079968628
"YDR461W",0.297192446727585,"low (<0.4)",36.6762683744135,5.49398066775085,5.23558417596526
"YDR462W",0.307220707058148,"low (<0.4)",111.934396255068,48.0218597827769,6.81934114221865
"YDR463W",0.296723295750346,"low (<0.4)",92.0664155718342,28.5379976763848,6.54018873818969
"YDR464W",0.138596962158019,"low (<0.4)",45.599095736207,27.2798055223265,5.54223005428307
"YDR465C",0.072872827958222,"low (<0.4)",70.2814616767414,24.4735827728586,6.15545501553178
"YDR466W",0.146657234502195,"low (<0.4)",31.1561426001714,15.1730150271346,5.0070224483763
"YDR468C",0.185531384882059,"low (<0.4)",101.35800208545,33.1387573422587,6.6774800827342
"YDR469W",0.127365590156577,"low (<0.4)",64.4825436963959,18.6093350722657,6.03303845987136
"YDR470C",0.299187714485122,"low (<0.4)",40.1422976088839,6.6330597745863,5.36255045891025
"YDR471W",0.148820630615674,"low (<0.4)",514.962422463136,577.984581160017,9.17738111833436
"YDR472W",0.320283161635709,"low (<0.4)",52.9131050161721,26.1147883335058,5.75256409595024
"YDR473C",0.0209444675241365,"low (<0.4)",57.5940325513858,14.4616679867414,5.87268183723274
"YDR475C",0.420881642910462,"moderate (0.4-0.7)",50.6114366157106,16.7915906665593,5.68961888380259
"YDR476C",0.455189169211278,"moderate (0.4-0.7)",135.316971914392,106.345420348056,7.09082138341025
"YDR477W",0.108432346313228,"low (<0.4)",86.9796801535271,32.7519535894494,6.45909845128704
"YDR478W",0.192385156454119,"low (<0.4)",33.2343222731917,13.459033005439,5.09737154699074
"YDR479C",0.194235780441488,"low (<0.4)",48.8953590833048,14.4467044791093,5.64083372730616
"YDR480W",0.115913645908857,"low (<0.4)",36.0255242847111,3.68378254337922,5.21044825923599
"YDR481C",0.0929096506007997,"low (<0.4)",96.7413857593402,16.139890102284,6.61089765388115
"YDR482C",0.313065189874507,"low (<0.4)",102.11868589984,24.0468380550055,6.68816197361928
"YDR483W",-0.0719208069229853,"low (<0.4)",252.780025055123,82.8620255674857,7.98743470935562
"YDR484W",0.21269242266051,"low (<0.4)",22.3775866428559,6.46096960953097,4.54705409755017
"YDR485C",0.125531087687567,"low (<0.4)",43.8393876309037,12.8079926955268,5.48669467035695
"YDR486C",0.127841168683458,"low (<0.4)",102.788071535706,41.8867181278127,6.69749683264995
"YDR487C",0.60122335290432,"moderate (0.4-0.7)",271.102866951596,78.5864621276893,8.08800834707919
"YDR488C",0.121997144177622,"low (<0.4)",13.9848942299011,1.55632147830048,3.90543699558665
"YDR489W",0.174306618810546,"low (<0.4)",33.8019765300799,8.31026344749177,5.12109733915587
"YDR490C",0.190963087004376,"low (<0.4)",76.6304685209879,19.5048619265231,6.27855108952776
"YDR492W",0.0265336599287981,"low (<0.4)",483.35065362133,108.001228472101,8.91990807833663
"YDR493W",0.207901614886678,"low (<0.4)",72.6401421734716,21.4716140415064,6.20242050691962
"YDR494W",0.109962814572833,"low (<0.4)",128.723714696144,25.911562958047,7.01929843148537
"YDR495C",0.0277820543612994,"low (<0.4)",21.2552280006481,9.2955309027877,4.4760723758941
"YDR496C",0.197664725723152,"low (<0.4)",93.2043428755306,32.0411532103287,6.55772166534717
"YDR497C",0.569099597395373,"moderate (0.4-0.7)",598.305414520148,209.362949995401,9.2271475979999
"YDR498C",0.157282458892045,"low (<0.4)",45.3517688557907,14.0327614787672,5.53455249028151
"YDR499W",0.190926354415906,"low (<0.4)",16.9826773500405,5.27077295479884,4.16853592731205
"YDR500C",0.0400689267472939,"low (<0.4)",854.575280173642,293.630246919067,9.74075098961511
"YDR501W",0.15745433429119,"low (<0.4)",12.6737346643439,1.52048997347728,3.77333543043266
"YDR502C",0.31995401783897,"low (<0.4)",1298.51513214191,314.956186682721,10.3437577179635
"YDR503C",0.345960582053367,"low (<0.4)",40.6643166633698,17.0806716409144,5.3807404135318
"YDR505C",0.0264497721840536,"low (<0.4)",69.301915381616,9.77577748080931,6.13549209106875
"YDR506C",0.208416654380736,"low (<0.4)",7.98321619468162,5.88084444148521,3.16723205492279
"YDR507C",0.140172385098478,"low (<0.4)",45.8288075749112,19.4088340821467,5.54932439733466
"YDR508C",0.679484561360779,"moderate (0.4-0.7)",194.202504984012,150.000198382556,7.6088277565322
"YDR513W",0.285452172809446,"low (<0.4)",646.509707369469,90.9181602758032,9.33875801140606
"YDR514C",0.114835007706042,"low (<0.4)",37.3852698287449,9.64473349244756,5.26248088442717
"YDR515W",0.102428888692529,"low (<0.4)",39.8035959130489,10.5392730975001,5.35062439358714
"YDR516C",0.156377118161711,"low (<0.4)",381.56185047512,54.8243477423288,8.57954920335813
"YEL061C",0.104816559570595,"low (<0.4)",22.7273838084625,5.12089328400373,4.56848113201294
"YEL060C",0.396935153902289,"low (<0.4)",678.162096450137,112.18439881935,9.40761213513607
"YEL059C-A",0.643507636291009,"moderate (0.4-0.7)",103.071500839582,11.6261082888575,6.70143124182721
"YEL058W",0.137672984876468,"low (<0.4)",125.870365599788,44.1633221155992,6.98721131336659
"YEL057C",0.529943352196311,"moderate (0.4-0.7)",15.7235109308225,6.65070098274619,4.06380585323651
"YEL056W",0.0492473566620853,"low (<0.4)",61.5021167753333,20.3843891964856,5.96583314561509
"YEL055C",-0.0262512261230955,"low (<0.4)",55.967217284969,48.4782187953593,5.83206003054606
"YEL054C",0.270970893497053,"low (<0.4)",505.389123856593,980.838821730812,9.93934240150948
"YEL053C",-0.0661114357420594,"low (<0.4)",32.6759790297598,9.43773020040164,5.07364798328757
"YEL052W",0.299886176548189,"low (<0.4)",48.2772435601844,17.2584707329862,5.62284965259888
"YEL051W",0.0251737106406453,"low (<0.4)",373.065491092928,74.8456656989142,8.54714706791823
"YEL050C",0.296395341714159,"low (<0.4)",76.4293566572421,33.1497262188822,6.27480875006814
"YEL048C",0.153289717108014,"low (<0.4)",22.3910055717664,9.70779535475177,4.5478819789042
"YEL047C",0.190691625946788,"low (<0.4)",130.452759702738,9.31294319137163,7.03840061980723
"YEL046C",0.11686416404419,"low (<0.4)",291.981012095125,104.8189544971,8.19466335734421
"YEL044W",0.543691413930866,"moderate (0.4-0.7)",137.759563122108,56.1720226227068,7.11644339326201
"YEL043W",0.318315563077457,"low (<0.4)",43.6643065688639,19.1576733630044,5.48105045858691
"YEL042W",0.215562748350862,"low (<0.4)",89.0223973239144,26.0611143092164,6.49221207953163
"YEL041W",0.202411308371554,"low (<0.4)",35.0111403909014,0.753814774187657,5.17037138200921
"YEL040W",0.452279636835845,"moderate (0.4-0.7)",134.826235246033,83.1971325700838,7.08561835716108
"YEL039C",0.287819420460881,"low (<0.4)",669.278408848689,13.3166711821396,9.38861665196698
"YEL038W",0.0935504838265865,"low (<0.4)",72.4450407773433,21.0555650237797,6.19859317399459
"YEL037C",0.13606379719613,"low (<0.4)",199.556559417982,54.2154043427552,7.64786534159176
"YEL036C",0.740946482242782,"high (>=0.7)",119.182169062243,33.7588528641326,6.90907905492774
"YEL035C",0.439438295519983,"moderate (0.4-0.7)",4.77322047631547,0.951180853764662,2.52937632217806
"YEL032W",0.0813941956236334,"low (<0.4)",39.4939754800786,14.1353415651222,5.3396353808716
"YEL031W",0.0991849022962757,"low (<0.4)",121.719033665767,98.3586927521328,6.93921521746831
"YEL030W",-0.129807738522365,"low (<0.4)",10.3818288126321,3.61984397433572,3.50866048090931
"YEL029C",0.219223265494208,"low (<0.4)",41.655687675658,10.1161442944768,5.41466621707287
"YEL027W",0.138904240174519,"low (<0.4)",1047.66787092866,586.373100738519,10.0343421114477
"YEL026W",0.308551949021943,"low (<0.4)",662.873417120873,423.784298733601,9.37476437426667
"YEL025C",-0.040582965377255,"low (<0.4)",25.3771806131289,5.07998292077392,4.72121846187135
"YEL024W",0.501222644732323,"moderate (0.4-0.7)",432.164147984096,69.1894440702906,8.75877002905981
"YEL023C",-0.0771700473653161,"low (<0.4)",8.17497790462567,1.64728053343055,3.19770468363156
"YEL022W",-0.322425198130454,"low (<0.4)",28.8503734787569,18.0535500274867,4.89967707705013
"YEL020W-A",0.36969460857978,"low (<0.4)",200.689248058185,141.321349099445,7.65599036650403
"YEL020C",0.129298641689549,"low (<0.4)",31.7294817050531,6.99411246196296,5.0325188513345
"YEL019C",0.266485428070412,"low (<0.4)",15.5860057613812,2.78878889988749,4.05189459347469
"YEL018W",0.325232592501533,"low (<0.4)",13.6928691234044,13.3212422700401,3.87704423795219
"YEL017W",0.136634780297763,"low (<0.4)",64.0736733364547,21.4625780663442,6.02400208944717
"YEL016C",0.0529630662967082,"low (<0.4)",20.4233084649366,5.46660151368911,4.42110939184647
"YEL015W",0.21900209554965,"low (<0.4)",81.6190624097503,25.9545101628088,6.36840278296231
"YEL013W",0.200796240907398,"low (<0.4)",86.9398982187183,27.3853611428885,6.4584459576695
"YEL012W",0.144949389832383,"low (<0.4)",125.697417336165,17.7890333168284,6.98524330593235
"YEL011W",0.291626516754083,"low (<0.4)",231.085168340463,26.8665997770116,7.85851051837972
"YEL009C",0.280071806755967,"low (<0.4)",1218.56397254059,329.091329352109,10.252149721719
"YEL007W",0.465041329242169,"moderate (0.4-0.7)",98.8010880600185,29.2363675166247,6.64098363920978
"YEL006W",0.209239082339379,"low (<0.4)",48.2058494908262,20.3938059711735,5.62075792528479
"YEL005C",0.132038848798214,"low (<0.4)",32.2134148590004,7.34130676633125,5.05369415698937
"YEL004W",0.362699866443088,"low (<0.4)",16.9553028377306,5.80698725037445,4.16633808087839
"YEL003W",0.0205228855985719,"low (<0.4)",162.954055909378,12.4676384806802,7.35714778145976
"YEL002C",0.179114099243592,"low (<0.4)",135.352237249276,81.497827145767,7.09119456176942
"YEL001C",0.000981549105439166,"low (<0.4)",192.123425754902,78.4325067153737,7.59337936271483
"YER001W",0.575619175518466,"moderate (0.4-0.7)",134.047897070939,24.2032043107663,7.07732736454238
"YER002W",0.25214942926271,"low (<0.4)",237.345240432144,48.5120611993219,7.89690900597945
"YER003C",0.220567140269466,"low (<0.4)",183.950103398647,78.6016384642545,7.5309922967934
"YER004W",0.643406527379041,"moderate (0.4-0.7)",147.796678535062,58.9673055654663,7.21719851249435
"YER005W",0.18792598136647,"low (<0.4)",41.9031259053918,12.068239069151,5.42301086065215
"YER006W",0.0952583536784968,"low (<0.4)",132.82758727736,59.6687794304507,7.06423173419774
"YER007W",-0.184556322548593,"low (<0.4)",12.905658836071,4.74990361463343,3.7976001946252
"YER007C-A",-0.0527975435684047,"low (<0.4)",159.765224083823,69.9352818793844,7.32881155358142
"YER009W",0.271327800805206,"low (<0.4)",656.448709739757,223.1660267312,9.36073453803457
"YER012W",0.441296269306496,"moderate (0.4-0.7)",365.425677987946,111.951317020008,8.51737679639687
"YER013W",-0.0108444858434688,"low (<0.4)",22.3402347325264,12.9331380274315,4.54474716517636
"YER014W",0.143806462538402,"low (<0.4)",34.4311192801045,9.77838755415027,5.14694513624961
"YER015W",0.000140257629806533,"low (<0.4)",19.524641490011,1.5979638938746,4.35928511712916
"YER016W",0.105354349123891,"low (<0.4)",64.3244268501652,8.52072145887079,6.02955065642957
"YER018C",0.025532518246009,"low (<0.4)",78.6052181865376,12.7617965149254,6.31479109858459
"YER019W",0.224843865087931,"low (<0.4)",72.5857803725123,34.8633423629063,6.20135510345173
"YER019C-A",0.0381566730466151,"low (<0.4)",842.643652560958,217.163631136971,9.7204899360489
"YER020W",0.129774356731851,"low (<0.4)",158.40108829445,26.8133224312782,7.31651766898797
"YER021W",0.162090649682959,"low (<0.4)",223.837022264294,53.6438925210957,7.81273580291092
"YER022W",0.159426990678182,"low (<0.4)",33.2907803687709,13.7826503944674,5.09974883151277
"YER023W",0.129764371577149,"low (<0.4)",166.676077101404,149.60771710889,7.38953305930235
"YER024W",-0.137961101996428,"low (<0.4)",40.0375981650263,9.98909638594644,5.35887439072497
"YER025W",0.163173336146512,"low (<0.4)",249.809175110446,100.811712015255,7.97044631560296
"YER026C",0.145202176349616,"low (<0.4)",283.20520909983,83.9316911911396,8.15078918726049
"YER027C",0.349681570348251,"low (<0.4)",100.025173534795,31.7766492226082,6.65857101947054
"YER028C",0.404646487252467,"moderate (0.4-0.7)",9.12531896240548,4.39578714789897,3.3398954506113
"YER029C",0.335666908470249,"low (<0.4)",82.9629916637677,28.1171563263076,6.3916816667293
"YER030W",0.197685768354646,"low (<0.4)",239.184525702863,25.139425127836,7.90799939572719
"YER031C",0.297528628599459,"low (<0.4)",194.481046285479,50.3461978221379,7.61088492131987
"YER032W",-0.0650606984606385,"low (<0.4)",20.8982496292135,6.89159768066727,4.45274365182911
"YER033C",-0.0682883884021433,"low (<0.4)",17.6652687833001,6.3024070730727,4.2222843787516
"YER034W",0.3942209689879,"low (<0.4)",59.7036671298053,18.2058695378803,5.92371176771394
"YER035W",0.550497593183263,"moderate (0.4-0.7)",256.066257333207,73.7124734390012,8.00599644338147
"YER036C",0.379764717126653,"low (<0.4)",290.949277818,152.515752387492,8.1895739321787
"YER037W",0.316200416532618,"low (<0.4)",192.946400612633,27.6331758273895,7.59951419139043
"YER038C",0.0177511501333602,"low (<0.4)",30.7875036354539,2.15528600322334,4.99038781680002
"YER039C-A",-0.157306347922026,"low (<0.4)",39.2671265597391,0.0264437574436162,5.33153062091025
"YER040W",0.610922426516007,"moderate (0.4-0.7)",29.5946350472132,10.5357015481064,4.93520678475407
"YER041W",-0.0258914109843082,"low (<0.4)",13.6989926574646,4.25616383509569,3.87764538342675
"YER042W",0.172581064339126,"low (<0.4)",170.008605844433,43.0917186985389,7.41792511896005
"YER043C",0.324690882892396,"low (<0.4)",1166.41412898492,702.523004695554,10.1891007187565
"YER044C",0.124573950970622,"low (<0.4)",862.944323522394,135.014003367096,9.75479453136913
"YER044C-A",-0.0876760736922461,"low (<0.4)",1.79296256065197,0.0782697715616269,1.48179623458322
"YER045C",0.218912900458282,"low (<0.4)",56.0263312453481,9.53685527015234,5.83355631566448
"YER046W",0.427630274557531,"moderate (0.4-0.7)",60.6878169520415,14.8524863015699,5.94691368704345
"YER047C",0.150027513657718,"low (<0.4)",23.1141169178329,4.82073451133699,4.5918060730738
"YER048C",0.3105259821732,"low (<0.4)",205.218256552888,51.730939011874,7.68802825028093
"YER048W-A",-0.202675524919407,"low (<0.4)",331.576760031983,52.2315785846299,8.37754354854413
"YER049W",0.211631774673712,"low (<0.4)",129.814222002017,31.1827886644964,7.03137558761677
"YER050C",-0.0830680514843449,"low (<0.4)",176.362015894684,36.0112614294549,7.47055326284143
"YER051W",0.0576068009456119,"low (<0.4)",21.8874961000031,2.73359456078635,4.51648773507681
"YER052C",0.732169623697803,"high (>=0.7)",141.287437894015,50.9968483528745,7.15266448629824
"YER053C",0.351360183485194,"low (<0.4)",261.431332823139,38.6823428292598,8.03579616967706
"YER053C-A",0.137983068367302,"low (<0.4)",1343.58922032494,1.35501760289914,10.3929497731936
"YER054C",-0.00214484570679802,"low (<0.4)",43.9298615888613,2.36074913405373,5.48960271238257
"YER055C",0.495308873453395,"moderate (0.4-0.7)",440.177743265593,106.347285800848,8.78521620080764
"YER056C-A",0.131521212867712,"low (<0.4)",546.296545559257,1118.57798776299,10.1287393118612
"YER057C",0.372930959426195,"low (<0.4)",389.756519601413,109.839185431376,8.61012613393546
"YER058W",0.197744049661157,"low (<0.4)",89.3238084393127,18.0999083557101,6.49703441249378
"YER060W",0.661659454265836,"moderate (0.4-0.7)",38.9997354846004,13.8865011655775,5.32191855447944
"YER068W",0.32083340644732,"low (<0.4)",59.7477379109495,32.746962518465,5.92475878236435
"YER069W",0.521393558679646,"moderate (0.4-0.7)",225.332568199739,27.4322547655199,7.82230038639703
"YER070W",0.383915773144271,"low (<0.4)",130.008946993771,36.9916100614334,7.03352153087163
"YER071C",0.274564123626348,"low (<0.4)",77.3468690572621,20.686741749149,6.29180371692644
"YER072W",0.247281867458998,"low (<0.4)",285.491839347117,88.7831725656352,8.16235023451214
"YER074W",0.207002561370686,"low (<0.4)",854.39969518116,1445.06047693819,10.4979121744022
"YER074W-A",0.356668417349298,"low (<0.4)",140.893137958394,34.3192066667869,7.14866101121849
"YER075C",0.11946531111094,"low (<0.4)",29.0887310961897,16.0542777666193,4.91115136141787
"YER077C",0.148830022360138,"low (<0.4)",21.7960599891985,6.57495396526149,4.51071258922299
"YER078C",0.1255605047697,"low (<0.4)",42.5213855015569,11.3604377015165,5.44365258034529
"YER078W-A",0.183306853927657,"low (<0.4)",4.67945671954746,0.400832286215489,2.50575293228261
"YER079W",0.141639346835962,"low (<0.4)",121.518506457841,15.5257401467798,6.93685587498944
"YER080W",0.0206975246694413,"low (<0.4)",66.8628394104121,26.7894677402524,6.0845498891806
"YER081W",0.852519243323245,"high (>=0.7)",354.631720098803,42.0269355413432,8.47424019894893
"YER082C",0.120425172730741,"low (<0.4)",80.2180099100676,18.2334357662661,6.34372777213666
"YER083C",0.320964038685955,"low (<0.4)",106.764226442755,46.339576397088,6.75173452835677
"YER084W",0.155410704625042,"low (<0.4)",10.400778110034,1.62569227588133,3.51106038745091
"YER086W",0.113878796985799,"low (<0.4)",161.917594641112,47.744373261114,7.34799860905096
"YER087W",0.022776895669191,"low (<0.4)",14.7301866569966,6.71664112843522,3.97546388500051
"YER087C-B",0.572817779365852,"moderate (0.4-0.7)",500.56759379324,270.772240214353,8.97030032861626
"YER088C",0.556186086486133,"moderate (0.4-0.7)",185.348813324993,42.772521052127,7.54186182174409
"YER089C",0.196171703412384,"low (<0.4)",96.0021757960775,28.3750302226159,6.5999452027542
"YER090W",0.698105561791043,"moderate (0.4-0.7)",137.937149679829,53.9665849404718,7.11828859537833
"YER091C",0.30571466462819,"low (<0.4)",618.789960298031,119.66116654699,9.27563557531268
"YER092W",0.576785418945265,"moderate (0.4-0.7)",134.180679670072,33.9601067779029,7.07874516287455
"YER093C",-0.164871487101007,"low (<0.4)",20.5119086803262,7.97863889074456,4.42706363087459
"YER093C-A",0.127325372282346,"low (<0.4)",29.9550037861679,16.6233736363763,4.95210073062734
"YER094C",0.159486445538905,"low (<0.4)",429.998912560596,140.830012417736,8.75154041907654
"YER095W",0.247258925163672,"low (<0.4)",128.456136549771,31.2735641621749,7.01631954404395
"YER096W",-0.0089081482034634,"low (<0.4)",5.95213434089949,0.952037865951528,2.79745596061562
"YER098W",0.265441397021207,"low (<0.4)",24.6981030612394,6.22729181800869,4.68358996383387
"YER099C",0.222653928837123,"low (<0.4)",93.4805084483987,25.6266969252351,6.56194482353024
"YER100W",0.205007552461436,"low (<0.4)",159.24458668231,58.4053024230655,7.32413181090269
"YER101C",0.24423060533048,"low (<0.4)",23.3552607933727,4.19815295552589,4.60616152636345
"YER102W",0.202440123851102,"low (<0.4)",1013.27087789634,732.834601196966,9.9862272841523
"YER103W",-0.0301792703889016,"low (<0.4)",396.463578412452,16.4793431170266,8.6346788548229
"YER104W",0.195627297373638,"low (<0.4)",33.3084378185221,14.95305714423,5.10049153139847
"YER105C",0.0115693975095889,"low (<0.4)",48.1555488989564,27.252985117624,5.61928237853661
"YER106W",0.226804759509169,"low (<0.4)",2.74732640943424,0.464374877145393,1.90586164854034
"YER107C",0.134233600296325,"low (<0.4)",65.927296004948,23.1241968805554,6.06452282263662
"YER110C",0.0444347917520703,"low (<0.4)",77.2773302810332,51.5993687038656,6.29052264727525
"YER111C",0.227703549202145,"low (<0.4)",27.9601424583073,7.97020129140121,4.85599679411055
"YER112W",0.0462267577350577,"low (<0.4)",161.485088069689,29.0488056793151,7.34416351188465
"YER113C",0.384850211095072,"low (<0.4)",30.4924592733284,6.5920357263892,4.97693451806088
"YER114C",0.00727961556303544,"low (<0.4)",39.3206372790435,7.01509683736228,5.33344653610738
"YER115C",0.318618789338836,"low (<0.4)",33.5397053486431,10.1641827049675,5.11018387046223
"YER116C",0.398825138220054,"low (<0.4)",38.2712771940823,8.58230979146891,5.2954026134826
"YER117W",0.17945940357122,"low (<0.4)",804.665050320154,942.134428135073,9.88131960752747
"YER118C",0.173132102175046,"low (<0.4)",48.823887008156,20.2355177952035,5.63876567264114
"YER119C",0.249887364925388,"low (<0.4)",52.7718647073255,15.9573339331552,5.74877959732397
"YER120W",0.0420734392124487,"low (<0.4)",303.448676468031,193.894815953252,8.25005523089209
"YER121W",-0.064016185567689,"low (<0.4)",35.9934848192132,2.15220952805441,5.20919930490836
"YER122C",0.191666093235914,"low (<0.4)",181.558444393162,64.1101469586311,7.51221459315379
"YER123W",0.126246908730375,"low (<0.4)",39.365811813638,11.5814214379355,5.3350620015189
"YER124C",0.271718960270313,"low (<0.4)",37.4278153831898,13.1264807172171,5.26407905657497
"YER125W",0.324787919298081,"low (<0.4)",78.9538313728117,74.1994584321436,6.32109526392899
"YER126C",0.0238631873945058,"low (<0.4)",151.240007555376,64.2337893513618,7.25020372809746
"YER127W",0.00971914495537742,"low (<0.4)",93.9268556121269,36.037246057668,6.56874439053576
"YER128W",0.36041158131756,"low (<0.4)",31.1273808391624,7.00540789857393,5.00573146585002
"YER129W",0.155102944180474,"low (<0.4)",38.387907682335,11.0045437747945,5.29968087674177
"YER130C",-0.0987444995238415,"low (<0.4)",73.55937040118,22.3244184440501,6.22031777243682
"YER131W",0.133741198593251,"low (<0.4)",713.796381426414,734.712056562291,9.52299742364989
"YER132C",0.207986439976332,"low (<0.4)",11.434843881928,14.1371697201336,3.92002357680045
"YER133W",0.292361966501232,"low (<0.4)",327.225974959551,78.3754826020503,8.35854560431951
"YER136W",0.227723515492595,"low (<0.4)",215.257449004103,84.0960425662546,7.7566060171192
"YER137C",0.19335556001355,"low (<0.4)",19.4094285625389,12.3638404629203,4.35116388423828
"YER139C",0.164785786963145,"low (<0.4)",46.0170781363672,12.368878646776,5.55511298077001
"YER140W",0.119254122659199,"low (<0.4)",21.3968904159954,4.96743587290972,4.48522653731136
"YER141W",-0.123153931071686,"low (<0.4)",219.033701507079,20.3544354607905,7.78158070113112
"YER142C",0.152703961787801,"low (<0.4)",54.2280202962844,15.035230716918,5.78732850837415
"YER143W",0.170578591102527,"low (<0.4)",82.3666176697701,19.0985496650884,6.38139789866041
"YER144C",0.26588784310552,"low (<0.4)",42.8003518911614,19.1167869733015,5.45287055534382
"YER145C",0.409763861164227,"moderate (0.4-0.7)",521.097407220712,129.026520917895,9.0281751839344
"YER146W",0.172737647656566,"low (<0.4)",68.9378445046991,89.5440983536866,6.50054870455157
"YER147C",0.188527664270946,"low (<0.4)",26.0943900245512,10.8863396781281,4.75992226301294
"YER148W",0.243452460360136,"low (<0.4)",91.9882510895252,32.2111255822338,6.53897654050974
"YER149C",0.0351914545993726,"low (<0.4)",23.9684085844782,8.95242086976608,4.64203196579515
"YER150W",0.214892912730349,"low (<0.4)",811.961601090992,95.855770659647,9.66704340034822
"YER151C",0.188427380283849,"low (<0.4)",62.0661316789556,21.588134465102,5.978793539453
"YER152C",0.491363642080388,"moderate (0.4-0.7)",73.5947436115678,34.5092904226245,6.22100206809304
"YER153C",0.109668818346244,"low (<0.4)",29.242401214435,0.175013259344087,4.91850078744324
"YER154W",0.481710711715755,"moderate (0.4-0.7)",112.380589258811,37.555733690201,6.82502986200338
"YER155C",0.0195420037845982,"low (<0.4)",35.755517391322,37.5532239295753,5.26877960231001
"YER156C",0.115002791376757,"low (<0.4)",122.515322833467,89.8207616147086,6.94854621785671
"YER157W",0.311659862565287,"low (<0.4)",28.8602019033493,9.75480860566173,4.90015201534897
"YER158C",0.328034513427878,"low (<0.4)",91.012783525961,20.1032556670671,6.52376240658208
"YER159C",0.235482661853919,"low (<0.4)",339.145811683015,53.9345390088786,8.41000951465895
"YER165W",0.0257654905326961,"low (<0.4)",524.574965177921,250.037962769665,9.03775274687742
"YER166W",0.241712012841505,"low (<0.4)",36.6841903457916,31.2307666734336,5.23588749123317
"YER167W",-0.131612107290067,"low (<0.4)",57.6882369848241,16.3301938756396,5.87499946458966
"YER170W",0.339975912712548,"low (<0.4)",29.9521524088021,0.756002753774741,4.95196783264782
"YER173W",-0.056873672800424,"low (<0.4)",17.5660623900927,5.52238531100476,4.21459596656077
"YER174C",0.0912284873266358,"low (<0.4)",63.5437011677604,12.407167490389,6.01220440440222
"YER175C",0.388005147207599,"low (<0.4)",93.2448817815962,18.9358028395209,6.55834236601338
"YER175W-A",0.0568710390221068,"low (<0.4)",23.1968277021068,0.0405477630124978,4.59674601187341
"YER176W",0.153514719448402,"low (<0.4)",48.0370157790893,35.6365380663039,5.61579927922377
"YER177W",0.181265968547671,"low (<0.4)",2089.46521895615,961.578099579785,11.0296083247641
"YER178W",0.334877498288651,"low (<0.4)",536.919815747118,241.105208325241,9.07124732529732
"YER179W",0.398747574892881,"low (<0.4)",10.6526416972089,4.06765089806171,3.54258515117702
"YFL058W",0.34471273349427,"low (<0.4)",23.3664409214793,2.3988062000525,4.60682363442172
"YFL049W",-0.0933356634437051,"low (<0.4)",33.1814707489203,7.4718112944582,5.09514256903787
"YFL048C",0.298093239503354,"low (<0.4)",83.7959211381803,24.8185034665629,6.40592296468471
"YFL047W",0.194554290359158,"low (<0.4)",36.275273342372,9.89181266693195,5.22014702682569
"YFL046W",0.632224274111631,"moderate (0.4-0.7)",66.8177936911585,16.4626770232363,6.08359194497468
"YFL045C",0.268733826785835,"low (<0.4)",776.531324731998,493.094752298075,9.60275698865162
"YFL044C",0.209844742113354,"low (<0.4)",45.8076658241525,22.6642883296927,5.54867291830333
"YFL042C",0.325325393141959,"low (<0.4)",59.0773635995571,25.7859889115248,5.90874959872991
"YFL041W-A",-0.0615942101911502,"low (<0.4)",45.3388234609714,5.82333411530453,5.53414950964318
"YFL041W",0.299136507822172,"low (<0.4)",48.2376805461698,20.7641319411268,5.62169089685283
"YFL040W",0.226334901029005,"low (<0.4)",4.3253760270041,0.318550841282067,2.41288339822877
"YFL039C",0.25315284997708,"low (<0.4)",1415.77021189086,803.546175344561,10.4683900689953
"YFL038C",0.00271422173361983,"low (<0.4)",642.884579292315,165.886071725537,9.33065828835321
"YFL037W",0.125568752847203,"low (<0.4)",258.885637911041,122.294052416145,8.021733097971
"YFL036W",0.208015250978749,"low (<0.4)",45.1290360529914,15.7888211022162,5.52760323996599
"YFL034C-B",0.151450003668811,"low (<0.4)",48.1232696154806,20.1906897989416,5.61833468371137
"YFL034C-A",0.243507003954999,"low (<0.4)",177.940640550118,143.676837225089,7.48333727566339
"YFL034W",0.125827936157076,"low (<0.4)",29.3343698282029,15.11361288457,4.92288143575646
"YFL031W",0.341544907334662,"low (<0.4)",1009.93375218428,44.9334376395205,9.9814727433009
"YFL030W",0.125162870682629,"low (<0.4)",73.3132446126621,8.04875347098058,6.21554745550496
"YFL029C",0.312642118373796,"low (<0.4)",32.493076825555,9.08263820030137,5.06579100951288
"YFL028C",0.446087639264843,"moderate (0.4-0.7)",89.4789221279082,25.9556072115897,6.49950983754418
"YFL027C",0.0119885157989846,"low (<0.4)",16.8001874677054,3.72757577187052,4.15382053030964
"YFL026W",0.909643232968088,"high (>=0.7)",14.7944146156936,5.15586566125731,3.98134256272961
"YFL025C",0.0360327991647322,"low (<0.4)",17.1541929270276,4.2989822452237,4.18223088919203
"YFL024C",0.126927166751369,"low (<0.4)",64.1493228278357,23.4961662891645,6.02567827816273
"YFL023W",0.173580966598962,"low (<0.4)",34.0873687251079,16.2222356472244,5.13287985597671
"YFL020C",-0.03884508650602,"low (<0.4)",339.171032729252,2.28628974048586,8.4101164832829
"YFL007W",0.213882752535497,"low (<0.4)",35.322494910715,30.3259347514278,5.1827913964065
"YFL005W",0.0662560740136692,"low (<0.4)",253.982810737629,65.4843495430711,7.99425618313553
"YFL004W",0.112664200536132,"low (<0.4)",69.8815010794163,34.2097811160112,6.14733725150178
"YFL003C",0.304035907261985,"low (<0.4)",3.15548457505854,2.4213883487142,2.05501672086356
"YFL002C",-0.0438910287416451,"low (<0.4)",46.0445499338127,20.02563537248,5.55595569267877
"YFL001W",0.322032312331424,"low (<0.4)",32.9935643269983,12.3111969057816,5.08718973559265
"YFR001W",0.0817393513679821,"low (<0.4)",183.139065464176,37.4419126887929,7.5246519195186
"YFR002W",0.0808417189206971,"low (<0.4)",63.2344529197515,29.109605718555,6.00527540662955
"YFR003C",0.177417087652319,"low (<0.4)",210.513248414923,47.6900397513616,7.72460422108165
"YFR004W",0.252525205966818,"low (<0.4)",241.191229158974,80.6178603800612,7.92000280923317
"YFR005C",0.08397310941548,"low (<0.4)",28.7779922844622,8.35072392860383,4.89617458155105
"YFR006W",0.365854920103147,"low (<0.4)",108.353717385339,27.1267951066164,6.77285845416838
"YFR007W",0.328434177202899,"low (<0.4)",33.6870192363213,8.54646268364464,5.11632396555656
"YFR008W",-0.0902737221205988,"low (<0.4)",28.6276925551946,0.620463710896273,4.8888743665188
"YFR010W",0.0764306961374152,"low (<0.4)",167.405331509612,67.7973961811912,7.3957940028864
"YFR011C",0.401507277913878,"moderate (0.4-0.7)",70.0699562118176,57.2017198687324,6.15116790530228
"YFR012W-A",0.0232309163352454,"low (<0.4)",5.44564716666419,0.120002210332772,2.68832521774346
"YFR013W",0.131087803268416,"low (<0.4)",30.7476505574411,15.2386535801381,4.98857792599912
"YFR014C",0.0561527303842364,"low (<0.4)",86.173153110712,22.3080064447395,6.44581198863276
"YFR016C",0.249622150648966,"low (<0.4)",71.5240939579301,39.6093223058779,6.18038846186264
"YFR017C",0.180637967635589,"low (<0.4)",235.388613904892,18.8661046858965,7.88501673688682
"YFR018C",0.152196918021162,"low (<0.4)",63.476914743096,9.65087319019094,6.01071080662969
"YFR019W",0.291192430722256,"low (<0.4)",17.7769954954744,11.6995429097089,4.23089433090626
"YFR020W",0.810592899333146,"high (>=0.7)",51.7011908125123,12.2888349085935,5.71976365560937
"YFR021W",0.336546528434311,"low (<0.4)",37.2159485694715,14.0398076382161,5.25610293525019
"YFR022W",0.123572677667915,"low (<0.4)",17.5029559892049,5.69673719775886,4.20968386564506
"YFR024C-A",0.117347498637378,"low (<0.4)",116.946272316245,30.0507726430594,6.88198601279593
"YFR025C",0.359702571813514,"low (<0.4)",75.5226883053811,19.7577624948534,6.25781565253264
"YFR028C",0.0851524479963678,"low (<0.4)",62.1735022899125,11.1997687090709,5.98124765121564
"YFR029W",0.204799759696253,"low (<0.4)",30.2549166995263,11.5919848142391,4.96601125234442
"YFR030W",0.894370253062361,"high (>=0.7)",95.1537174093305,25.0579225429798,6.58727072972069
"YFR031C",0.0812533270602456,"low (<0.4)",26.9062710195842,17.7029716259352,4.80251745178956
"YFR032C",0.115807051730015,"low (<0.4)",1.80394880345174,0.582539458560216,1.48746000780767
"YFR032C-A",0.0904018365156566,"low (<0.4)",1111.97530342729,514.643094291861,10.1202058647469
"YFR033C",0.441619577480969,"moderate (0.4-0.7)",2092.41326033693,249.459348748278,11.0316414265405
"YFR034C",-0.0436900911469933,"low (<0.4)",74.1764465757687,3.57474021451535,6.23220881887864
"YFR036W",0.320550553188141,"low (<0.4)",47.0667815352284,15.9638290465869,5.58696830134603
"YFR037C",-0.0439050804913673,"low (<0.4)",61.7613024170689,21.8791909859505,5.97180338618556
"YFR038W",0.177561583546268,"low (<0.4)",31.0672505784085,28.4065273697223,5.00302875839763
"YFR039C",0.170785639483397,"low (<0.4)",63.0316699074529,19.6977358058523,6.00071372996061
"YFR040W",-0.294174912405028,"low (<0.4)",52.6036098573251,10.014169782458,5.74425825504611
"YFR041C",0.347795390344104,"low (<0.4)",89.9929502376439,18.5083582416785,6.50768287040561
"YFR042W",0.197672038900113,"low (<0.4)",55.5358859594249,24.6826892054738,5.82109499889333
"YFR043C",0.0874749611816824,"low (<0.4)",35.2511445737961,9.38988909124608,5.17995464159759
"YFR044C",0.478227468499858,"moderate (0.4-0.7)",166.600817167322,104.534331024692,7.38888537294307
"YFR045W",0.517295050548753,"moderate (0.4-0.7)",34.3811552064078,12.4229731995859,5.1449092481545
"YFR046C",0.0858245723069568,"low (<0.4)",26.6603389933464,8.26297905118981,4.78974693254073
"YFR047C",0.145829721555496,"low (<0.4)",136.530616881816,36.8204801513875,7.10360901500528
"YFR048W",-0.10244375885228,"low (<0.4)",28.1371203956763,9.56506441769976,4.86478639863986
"YGL256W",0.181434960684532,"low (<0.4)",249.296294271048,200.059000077203,7.96749312132691
"YGL253W",0.510378022360882,"moderate (0.4-0.7)",421.85531863068,286.616674275712,8.72402031458808
"YGL252C",0.319335639124479,"low (<0.4)",114.286855243671,27.394417552957,6.84908421919253
"YGL251C",0.114414399882218,"low (<0.4)",4.91904044910552,1.0517063805223,2.56536331580012
"YGL250W",0.182078002855711,"low (<0.4)",42.1952915236834,12.0544735663772,5.43280215575651
"YGL249W",0.0404385388061779,"low (<0.4)",4.81267458913816,0.54261322607207,2.53920214445875
"YGL248W",0.239747146839737,"low (<0.4)",63.2382318820102,13.3911334163554,6.00536027899165
"YGL247W",0.481063345373408,"moderate (0.4-0.7)",45.0858922101226,10.8587009161481,5.52625327605309
"YGL246C",0.104983535502901,"low (<0.4)",46.0280814390432,19.5312002784481,5.55545057199423
"YGL245W",0.189448534482447,"low (<0.4)",290.63610915266,216.767392778121,8.18802554891241
"YGL244W",0.13708425152578,"low (<0.4)",95.3922847294433,21.0986255137492,6.59084577217232
"YGL243W",-0.0365177027186156,"low (<0.4)",23.469941022354,6.20737094418204,4.61293871911382
"YGL242C",0.232604301528551,"low (<0.4)",161.934725026128,41.8521331294218,7.34815029691715
"YGL241W",0.286893524001531,"low (<0.4)",24.5813246536054,12.7402622760346,4.67701906675769
"YGL240W",0.279710965161659,"low (<0.4)",10.7654577480077,2.12615576262529,3.55648554617068
"YGL238W",0.223322772502232,"low (<0.4)",66.0580895567096,29.4807665343175,6.06733947711954
"YGL234W",-0.0383629490337922,"low (<0.4)",205.513951625943,43.8013112770189,7.69009543999884
"YGL233W",0.389846298936216,"low (<0.4)",36.9317724853967,14.8210410063563,5.24533488271105
"YGL232W",0.397611194571344,"low (<0.4)",64.6674293030013,21.2701375831758,6.03710607373932
"YGL231C",0.209801355262447,"low (<0.4)",165.794126879807,58.1325883931927,7.38192467957317
"YGL230C",0.114632213008761,"low (<0.4)",4.39597838257365,0.672015841333807,2.43188456855744
"YGL229C",0.360478619417282,"low (<0.4)",9.09398985137577,4.34611464822792,3.33542463613335
"YGL228W",0.288720752863408,"low (<0.4)",103.515621522486,40.9502914798719,6.70757478192465
"YGL227W",0.240295149646918,"low (<0.4)",44.1555458855777,8.55582132836027,5.49683128149201
"YGL226C-A",0.147256465974092,"low (<0.4)",153.399049208264,81.1871321944351,7.27052005826966
"YGL226W",0.167919281256919,"low (<0.4)",85.2556433827699,20.9743225225973,6.43054694487122
"YGL225W",0.369679025568874,"low (<0.4)",285.008119169097,120.945654225197,8.15991229243829
"YGL224C",0.73009046911285,"high (>=0.7)",96.7467314960069,22.8728046069828,6.61097655655707
"YGL223C",0.0550949374798559,"low (<0.4)",44.5000774343987,4.28913650748837,5.50779709545426
"YGL222C",0.133771908864706,"low (<0.4)",98.2835922355012,2.90974622129948,6.63348341026082
"YGL221C",0.292604786609353,"low (<0.4)",138.499786218931,53.9815753968773,7.12411910092507
"YGL220W",0.247823238652041,"low (<0.4)",155.785813285622,66.4901214661706,7.29265121333224
"YGL219C",0.124015409250685,"low (<0.4)",60.4312027849306,12.2830202138402,5.94089972554174
"YGL216W",0.120317924235536,"low (<0.4)",18.5991665129769,11.7580002153103,4.29272039753586
"YGL215W",0.0863571854654039,"low (<0.4)",185.942579316158,75.6664007391716,7.54645139434198
"YGL213C",0.117129519692461,"low (<0.4)",29.0430271056773,15.4816743490517,4.9089582795879
"YGL212W",-0.0371613137985942,"low (<0.4)",22.3229610727056,6.99631501729791,4.54367905897104
"YGL211W",0.183073066991248,"low (<0.4)",59.8403319029359,21.3730044946259,5.92695611832146
"YGL210W",0.0720297689084931,"low (<0.4)",86.8423794799445,46.7266520165813,6.45684522957452
"YGL209W",0.441079312554403,"moderate (0.4-0.7)",47.9023725262912,21.2538478881855,5.61183255492955
"YGL208W",0.297009104354846,"low (<0.4)",27.4275960508041,5.04423809444998,4.82922019910083
"YGL207W",0.105155683934436,"low (<0.4)",104.322423042329,58.9692730742369,6.71866880722216
"YGL206C",0.0755836142293748,"low (<0.4)",68.4518459357192,40.6473876010653,6.117941134478
"YGL205W",-0.0957448553461173,"low (<0.4)",4.6349471088935,1.20538475606935,2.49440206894316
"YGL204C",0.14743978449859,"low (<0.4)",28.7252590391006,0.911312142419245,4.89361747719799
"YGL203C",-0.0455643516501448,"low (<0.4)",54.1005018763779,14.7685823150761,5.78399355436009
"YGL202W",0.624468662211911,"moderate (0.4-0.7)",263.546509775298,97.9081774430439,8.04737757382848
"YGL201C",0.0985943039503086,"low (<0.4)",31.8043761509825,12.1594156041467,5.03581638016335
"YGL200C",0.272694309430824,"low (<0.4)",418.828770735153,224.906980711299,8.71365722723531
"YGL198W",0.33113994865716,"low (<0.4)",42.3431766063489,77.7843351584337,6.2998368992409
"YGL197W",0.384937337360527,"low (<0.4)",45.9122109890427,15.6407884684322,5.55189159204951
"YGL196W",0.487232531551349,"moderate (0.4-0.7)",67.7938744654013,19.4692595255042,6.10420820528246
"YGL195W",0.154213907155856,"low (<0.4)",45.2786877846507,56.9225855910837,5.85605409883087
"YGL194C-A",0.243968885027579,"low (<0.4)",35.9658007975324,7.05131600416704,5.20811926195438
"YGL194C",0.091297796904203,"low (<0.4)",30.8323410447089,4.42069599628079,4.99242135583218
"YGL192W",-0.240254373135009,"low (<0.4)",24.8748561074233,5.52501652459041,4.69347893455502
"YGL191W",0.444719423734677,"moderate (0.4-0.7)",831.199505275566,168.751834924395,9.70078562050695
"YGL190C",0.0262552754452116,"low (<0.4)",93.7295395599652,30.5471685970615,6.56574246705839
"YGL189C",-0.0854379453894797,"low (<0.4)",1704.22877559184,2336.24906268636,11.1905957639077
"YGL187C",0.571229376150849,"moderate (0.4-0.7)",262.284690632225,20.1045433230115,8.04047982437138
"YGL186C",0.13181871023121,"low (<0.4)",58.559235436456,13.5196434627563,5.89625332901031
"YGL185C",0.341790319689954,"low (<0.4)",32.2989850004017,10.716161018595,5.05740629749308
"YGL184C",0.405004528131036,"moderate (0.4-0.7)",60.3885746493493,5.54418240184757,5.93989826790097
"YGL183C",0.229010684162963,"low (<0.4)",13.9217414466685,2.43522630871877,3.89934401049815
"YGL181W",0.0227505647836583,"low (<0.4)",84.7345213458731,19.2164776484277,6.42180432310269
"YGL180W",0.588361486856603,"moderate (0.4-0.7)",26.1092361095479,4.74637239985429,4.76071255603444
"YGL179C",0.407299842739888,"moderate (0.4-0.7)",28.1870386460235,11.2402675605976,4.86725593548339
"YGL178W",0.0402595342902453,"low (<0.4)",51.3531075188678,46.8863125067835,5.7102032685096
"YGL176C",0.1881393898489,"low (<0.4)",26.6400916184884,7.24851683490409,4.78869049271627
"YGL175C",0.0424848268788164,"low (<0.4)",14.4785918995372,4.65105548553234,3.95220232916337
"YGL174W",0.374100067820296,"low (<0.4)",36.8839397547168,8.07334928396231,5.24351446711484
"YGL173C",0.377432528590818,"low (<0.4)",79.7163292904095,67.1617599605804,6.33478866186215
"YGL172W",0.107786479866321,"low (<0.4)",70.9987634821417,25.2780749319631,6.16990022458814
"YGL171W",0.0629628529732701,"low (<0.4)",47.017072953131,16.7140319185398,5.58547555666668
"YGL170C",0.161065884128616,"low (<0.4)",6.18679078503587,0.445651095718081,2.84534768831546
"YGL169W",0.014990462139496,"low (<0.4)",51.0633707192053,11.8268435686065,5.70219681351489
"YGL168W",-0.0245914218011454,"low (<0.4)",54.3501271183419,0.210295629199228,5.79051472522374
"YGL167C",0.34330692361648,"low (<0.4)",80.5710547141209,53.9944032062605,6.34998540114545
"YGL164C",0.0431022608315837,"low (<0.4)",47.736011483262,12.8703284273144,5.60691628175551
"YGL163C",0.012400374251358,"low (<0.4)",31.1420478207678,14.0694189118747,5.00638994321431
"YGL162W",0.439411857226266,"moderate (0.4-0.7)",40.8586301738477,9.19415397075197,5.3874531949728
"YGL161C",0.421319253787512,"moderate (0.4-0.7)",146.764636376795,50.6387662125999,7.20715722902628
"YGL160W",0.16581144686024,"low (<0.4)",57.5623385276779,13.7399893631883,5.87190125976139
"YGL159W",0.443399741999523,"moderate (0.4-0.7)",30.835950956023,7.97608179614725,4.99258495378629
"YGL158W",0.197950950119056,"low (<0.4)",7.07061950075722,1.68646841687819,3.01267941902564
"YGL157W",0.502801713099006,"moderate (0.4-0.7)",153.031588923301,67.290657210658,7.26708244010777
"YGL156W",0.283427910877968,"low (<0.4)",100.46318233368,27.4073247911095,6.66481250535659
"YGL155W",0.113797529512618,"low (<0.4)",41.5360114813147,9.09272594434442,5.41061285583286
"YGL154C",0.342623640824558,"low (<0.4)",34.4904367125247,11.6692141181433,5.14935842186772
"YGL153W",0.193052802992785,"low (<0.4)",16.0927489357862,19.0221340388379,4.32352384544334
"YGL151W",0.183547775472186,"low (<0.4)",30.3869501562266,6.97168338876287,4.97209294514373
"YGL150C",0.172628312830381,"low (<0.4)",60.6854871815397,51.7520554033579,5.94685919959378
"YGL148W",0.276041612657318,"low (<0.4)",271.070708339422,168.466700702875,8.0878378313744
"YGL146C",-0.0638212432237751,"low (<0.4)",11.8565461351215,0.618906443397717,3.68443121477035
"YGL145W",0.0255854300148641,"low (<0.4)",33.9071339439873,10.7106242151748,5.12545000392533
"YGL144C",0.386853514537063,"low (<0.4)",21.7143928901517,11.5059055615086,4.50553484047253
"YGL143C",0.331115769325008,"low (<0.4)",24.6571124214677,12.5500116995744,4.68128690640439
"YGL142C",0.076698702540349,"low (<0.4)",28.2310317669635,10.3104151315704,4.86942884769917
"YGL141W",0.136790959632657,"low (<0.4)",36.9573093013543,11.6781326247991,5.24630582183076
"YGL140C",0.0483110972971258,"low (<0.4)",39.6782154092982,13.8461136055702,5.3461844831135
"YGL139W",0.221389768712816,"low (<0.4)",28.5478835177161,10.6929836056006,4.88498289033755
"YGL137W",0.0679020577130807,"low (<0.4)",145.683900509066,71.5825686891166,7.19656672451935
"YGL136C",0.501516998117939,"moderate (0.4-0.7)",79.4694283033569,26.3267468229411,6.33036887796162
"YGL135W",0.0548282943214889,"low (<0.4)",1578.42876306929,813.542831459354,10.6251871533807
"YGL134W",0.313919156904619,"low (<0.4)",42.0082767586928,10.7104408962523,5.42654242190362
"YGL133W",-0.154034813100798,"low (<0.4)",38.8655054247266,21.6823457246812,5.31706905495109
"YGL131C",-0.0325608674900383,"low (<0.4)",14.3339622624945,9.31573760032296,3.93865862931676
"YGL130W",0.109095335883808,"low (<0.4)",58.6143230355653,19.2010876960396,5.89758709151147
"YGL129C",0.160829784612121,"low (<0.4)",63.6448116439653,10.8985231091333,6.01446267968092
"YGL128C",0.131229678763379,"low (<0.4)",29.8294054205588,9.40702289135326,4.94623516061909
"YGL127C",0.243299340687321,"low (<0.4)",165.794783174443,46.0760900827861,7.38193035621882
"YGL126W",0.502997303396261,"moderate (0.4-0.7)",159.527737143998,13.9916511595925,7.32667878794939
"YGL125W",0.555545510557828,"moderate (0.4-0.7)",64.1650816619775,2.04330155098967,6.02602720646527
"YGL124C",0.140577621943373,"low (<0.4)",21.6729403508274,3.42862737856781,4.50289959467716
"YGL123W",0.172998859182606,"low (<0.4)",1644.33469116435,1658.69932483542,10.696706187765
"YGL122C",0.13897951732089,"low (<0.4)",114.453775640462,45.8165089176395,6.85117154355979
"YGL121C",0.258935709629129,"low (<0.4)",242.579500367786,19.7627216338227,7.92824891102306
"YGL120C",0.0496473906944173,"low (<0.4)",76.239399867286,27.9632789904201,6.27126504980444
"YGL119W",0.301059792834047,"low (<0.4)",42.2104992015037,9.37919472104865,5.43330999305346
"YGL117W",0.598258504094168,"moderate (0.4-0.7)",98.0942659617297,23.0622714757324,6.63072967391453
"YGL116W",-0.0402968916098217,"low (<0.4)",38.9962138105588,7.2106709501995,5.32179153050576
"YGL115W",0.404052622955442,"moderate (0.4-0.7)",121.130924962125,40.4896239238263,6.93228474342082
"YGL114W",0.0227108655786698,"low (<0.4)",39.0359641105238,9.01345554853291,5.32322464320714
"YGL113W",0.19808589106062,"low (<0.4)",16.799667396438,10.2556074973732,4.15377837821428
"YGL112C",0.150827649818693,"low (<0.4)",58.0700410957853,23.4989354462964,5.88435471054978
"YGL111W",0.170185089505126,"low (<0.4)",86.0134699267359,37.6338520807893,6.44316684633476
"YGL110C",0.0814396136309701,"low (<0.4)",37.0665753612496,11.4402126955735,5.25045287935072
"YGL108C",-0.045089129937768,"low (<0.4)",31.0181524310663,19.5822498316212,5.00081815616311
"YGL107C",0.273576589269966,"low (<0.4)",44.1692294824941,19.6406858529301,5.49726839871668
"YGL106W",0.0502048139415954,"low (<0.4)",271.862250767869,76.8376995379996,8.09202900799613
"YGL105W",-0.0656372061733651,"low (<0.4)",382.842105112183,159.496211232433,8.58436916473885
"YGL104C",0.234151966216841,"low (<0.4)",36.1283376385286,9.51047857259788,5.21444881718102
"YGL103W",0.411382031209957,"moderate (0.4-0.7)",62.2302918271122,3764.23570044393,11.8785244638271
"YGL101W",0.449211398543073,"moderate (0.4-0.7)",75.4023301528947,15.4445499862597,6.25554473378663
"YGL100W",0.137561920031494,"low (<0.4)",87.5057998164498,39.9369232054559,6.46770009349843
"YGL099W",-0.0819299913128045,"low (<0.4)",50.8611831325125,27.040113234471,5.6965832143053
"YGL098W",0.231053221501566,"low (<0.4)",55.5405385394861,18.0832872930143,5.82121371955885
"YGL095C",0.254042016302628,"low (<0.4)",56.2535360036535,18.1478216011379,5.83929289233102
"YGL094C",-0.0194488279253091,"low (<0.4)",29.5504172260552,10.5741091039575,4.9331201779052
"YGL093W",0.0790883917452791,"low (<0.4)",29.5495660878139,10.0774945226748,4.93307998369062
"YGL092W",-0.0883532781023104,"low (<0.4)",44.0363515595933,29.3002149485545,5.49301805285435
"YGL091C",-0.0917113517610295,"low (<0.4)",78.6634248446287,27.1280919867861,6.31584559944698
"YGL090W",0.193184958975623,"low (<0.4)",30.7665503446531,12.4694093880845,4.98943652548403
"YGL089C",0.21101103454505,"low (<0.4)",30.0050950945168,0.922516424282397,4.9544334092123
"YGL087C",0.32064370848418,"low (<0.4)",131.355929915417,46.469986568946,7.04827902282426
"YGL086W",-0.107817399149549,"low (<0.4)",42.4862717616732,27.1340218929927,5.44248812142889
"YGL085W",-0.087052100485239,"low (<0.4)",30.945486376199,10.2826528040452,4.9975401999976
"YGL084C",0.298397956508361,"low (<0.4)",54.0394405108358,16.658203206008,5.78239389965948
"YGL083W",-0.0298827548356639,"low (<0.4)",24.2776014543005,9.04607094026908,4.65978767018423
"YGL082W",-0.0382253963928165,"low (<0.4)",72.0041153441052,25.7003282916384,6.18990588790995
"YGL081W",0.224639481896684,"low (<0.4)",9.49209647359474,1.486749820163,3.39123107307534
"YGL080W",0.339191115290819,"low (<0.4)",202.518974541791,65.0521408014082,7.66901949631152
"YGL079W",0.137494216040576,"low (<0.4)",43.7283222256256,13.3039685818525,5.48311673826975
"YGL078C",0.022426487146594,"low (<0.4)",147.48109629355,39.1971343095734,7.21413545736947
"YGL077C",0.0692506165875027,"low (<0.4)",192.653918709898,70.1196047510821,7.59733688528576
"YGL075C",-0.115061087015393,"low (<0.4)",18.9476126500092,0.591951774196151,4.31814418849849
"YGL073W",0.305725899971362,"low (<0.4)",48.8523662801926,18.7675173652293,5.6395900797451
"YGL071W",0.0978704591026517,"low (<0.4)",65.2413802907482,23.9109091040333,6.04966082989052
"YGL070C",0.308217828290637,"low (<0.4)",108.706809202988,37.2249477939013,6.7775092624485
"YGL068W",0.486551412989979,"moderate (0.4-0.7)",52.5686775747246,70.6215154611352,6.16232114028601
"YGL067W",0.260433275569415,"low (<0.4)",46.466937117767,23.2308551860634,5.56885105538631
"YGL066W",0.204557727103527,"low (<0.4)",47.5288613887763,12.581789302324,5.60077110607053
"YGL065C",-0.0640201722554703,"low (<0.4)",42.9864872706759,14.5549629866857,5.45898848814436
"YGL064C",0.0630951947159665,"low (<0.4)",17.1516793987627,6.09845424580053,4.18203112785667
"YGL063W",0.360471575462659,"low (<0.4)",15.4908779709352,5.59277010089414,4.04359630449329
"YGL062W",0.113549762910317,"low (<0.4)",343.776954185398,116.3194518967,8.42951953382584
"YGL061C",0.122118491100909,"low (<0.4)",39.4880435357115,7.56953385980371,5.3394240256389
"YGL060W",0.0371003980118174,"low (<0.4)",22.6834926951974,8.4899985503865,4.56580995129637
"YGL059W",0.479868544634747,"moderate (0.4-0.7)",40.3292737338679,6.61010893308031,5.36909210680322
"YGL058W",0.164135387166656,"low (<0.4)",127.432123191844,43.1865874265872,7.00486228143554
"YGL057C",-0.145072526529419,"low (<0.4)",23.3013895969108,6.7311653242003,4.60296690695928
"YGL056C",0.144951890861014,"low (<0.4)",102.626468349179,25.2118004566892,6.69524873410198
"YGL055W",0.0835349408080983,"low (<0.4)",1688.973493279,756.695549082737,10.7227849031134
"YGL048C",0.203709297610982,"low (<0.4)",233.452985771083,102.628968452032,7.87315484174754
"YGL047W",0.160735774485486,"low (<0.4)",71.5289926250336,24.1935383277837,6.18048590594889
"YGL045W",0.456047594962864,"moderate (0.4-0.7)",94.2559044180695,18.6453139739787,6.57373661542677
"YGL044C",0.0225375705211957,"low (<0.4)",68.3436782742883,16.3374708282342,6.11569245994454
"YGL035C",0.236404865008888,"low (<0.4)",50.5862562680008,4.76790441375605,5.68891484551502
"YGL032C",0.627997175650675,"moderate (0.4-0.7)",9.80837063329504,3.18412133534895,3.43407714742902
"YGL031C",0.276000653969827,"low (<0.4)",827.715523271286,1426.68770784277,10.4794647236798
"YGL030W",0.0776946333340763,"low (<0.4)",1522.33351471808,1441.32342066504,10.5730161210073
"YGL029W",0.00713053560747826,"low (<0.4)",158.7188615799,10.0501535819515,7.31939088387006
"YGL028C",0.311700914193699,"low (<0.4)",39.6684861151488,14.1343645930569,5.3458393823479
"YGL027C",-0.0231071268055125,"low (<0.4)",42.0026837685735,21.3959432011612,5.42635479513906
"YGL026C",0.617627021366857,"moderate (0.4-0.7)",193.438662490274,108.411239602306,7.60317130499984
"YGL025C",0.108216587524878,"low (<0.4)",39.2432565767896,7.1285930769593,5.33067515095235
"YGL023C",0.140637936640269,"low (<0.4)",65.2616531637514,8.56687774399497,6.05010229259234
"YGL018C",0.178071950543016,"low (<0.4)",47.2238979617546,17.8504964618014,5.59167636430165
"YGL017W",0.0484936730653253,"low (<0.4)",27.6083991581829,9.57553562520295,4.83836686583868
"YGL016W",0.218656311315376,"low (<0.4)",16.5117335105024,8.04904734744744,4.1302500000875
"YGL015C",0.0681808118148812,"low (<0.4)",7.64531411484538,0.88181259963668,3.11191838303435
"YGL014W",0.236093308735153,"low (<0.4)",46.284264725186,19.5541836429277,5.56328825773788
"YGL013C",0.163755336290751,"low (<0.4)",30.1524937294243,12.5774492556351,4.96127574921445
"YGL012W",0.607668632946295,"moderate (0.4-0.7)",298.908692104624,68.8044514084732,8.22837952550093
"YGL011C",0.315713378624544,"low (<0.4)",401.363297771846,187.234378875775,8.65235490312532
"YGL010W",0.305651831051715,"low (<0.4)",82.5096829576319,12.157224515531,6.38387158283381
"YGL009C",0.440458225525887,"moderate (0.4-0.7)",152.106348521956,43.4117967565036,7.25839029489363
"YGL008C",0.122722525534187,"low (<0.4)",1356.98511331553,647.490491903169,10.4072519490285
"YGL006W",0.399411257772979,"low (<0.4)",106.308866041524,74.6760627660615,6.74562546871834
"YGL005C",0.0234970672965487,"low (<0.4)",57.2611414119595,12.8958524502807,5.86446206092523
"YGL004C",0.0185613180276587,"low (<0.4)",31.751896919085,11.2709917715291,5.03350656173605
"YGL003C",-0.0534769230365024,"low (<0.4)",33.7514960260214,9.89010857146849,5.11900318100738
"YGL002W",0.148317009145649,"low (<0.4)",67.0788558073156,30.6083335031917,6.08913488492265
"YGL001C",-0.191957507377959,"low (<0.4)",446.779050726386,97.1710776901304,8.80664322327979
"YGR001C",0.197879362835761,"low (<0.4)",87.566535120394,45.757453158751,6.46868977407473
"YGR002C",0.183327091221667,"low (<0.4)",45.9298213142683,17.771719205137,5.55243306218919
"YGR003W",0.262527377630371,"low (<0.4)",30.8311857492429,4.45457843655923,4.99236899495544
"YGR004W",0.00820067501050728,"low (<0.4)",25.4762587239276,14.765552250081,4.72662736877828
"YGR005C",0.0791178860682986,"low (<0.4)",101.561093422192,40.0670704938535,6.68033973775632
"YGR006W",0.354707345244463,"low (<0.4)",15.8311040907194,1.19400919024773,4.07305791290756
"YGR007W",0.329128945143063,"low (<0.4)",97.9506649471625,31.7230150414686,6.62863749708436
"YGR008C",0.300551015121714,"low (<0.4)",2423.83467442778,457.246380580505,11.2436706721623
"YGR009C",0.304805964989309,"low (<0.4)",70.7326125259682,17.5489456116053,6.16455727005541
"YGR010W",0.233866880674208,"low (<0.4)",26.1472001455586,4.66764630171418,4.76273150675084
"YGR012W",0.207730538171278,"low (<0.4)",59.7098038575382,16.2346782533577,5.92385760699525
"YGR013W",0.114797978850113,"low (<0.4)",43.2780106737859,23.2248547397767,5.46851850093785
"YGR014W",0.535004560629579,"moderate (0.4-0.7)",67.8843411659443,47.680828686851,6.1061041606945
"YGR015C",0.459365021019474,"moderate (0.4-0.7)",21.114302792358,5.49753734284737,4.46690785334082
"YGR016W",0.170219002242993,"low (<0.4)",12.0408869673085,2.68870662137114,3.70497009174316
"YGR018C",-0.0981668347180141,"low (<0.4)",7.92450685981652,0.436592757078573,3.15777245255316
"YGR019W",0.283552677090819,"low (<0.4)",142.023558657052,50.3569926651945,7.16010899522817
"YGR020C",0.0177845592563219,"low (<0.4)",590.813555400668,139.209133202252,9.2089989313984
"YGR021W",0.10027438419091,"low (<0.4)",70.3582721477466,9.07277612985156,6.15700877749344
"YGR023W",0.0699584385998043,"low (<0.4)",47.8396178759889,3.99756876150686,5.60998000752692
"YGR024C",-0.00268385305415624,"low (<0.4)",80.6362071759597,16.8871179168333,6.35113725109993
"YGR026W",0.268956521546578,"low (<0.4)",155.468512382084,30.0252914061997,7.28972854916416
"YGR027C",0.0395466268437157,"low (<0.4)",1489.18266936057,1578.13468817862,10.6249185120226
"YGR028W",0.306943873108267,"low (<0.4)",88.5694420921464,26.7461999599735,6.48493471487662
"YGR029W",0.379537737669579,"low (<0.4)",61.9931492505121,20.8712173283067,5.97712303334547
"YGR030C",0.27542421592453,"low (<0.4)",47.6812260731284,13.5640071496933,5.60529359875139
"YGR032W",0.398360892832907,"low (<0.4)",124.452915381507,118.321195921072,6.97100218748531
"YGR033C",0.282071359566844,"low (<0.4)",104.786969785456,29.3060985032217,6.72501812551014
"YGR034W",0.153569754053247,"low (<0.4)",842.566432367837,1498.67244868556,10.5504317132099
"YGR035C",0.283846226564589,"low (<0.4)",22.6602899380861,1.65142326027632,4.56439584775678
"YGR036C",0.0718171580388544,"low (<0.4)",37.1589521873713,7.58760726611611,5.25394965158619
"YGR037C",0.447117606166462,"moderate (0.4-0.7)",1724.16514652739,1273.62462721109,10.7525187594061
"YGR038W",0.273761643071452,"low (<0.4)",62.419148816494,21.4754372894591,5.98684660925021
"YGR040W",0.0449580715326063,"low (<0.4)",33.2523103513827,2.32471844353934,5.09812939741508
"YGR041W",0.145528405015556,"low (<0.4)",22.5788076738164,7.35411098882106,4.55941886127273
"YGR042W",0.240421959597441,"low (<0.4)",44.3533679745666,8.47347831822949,5.50313778521747
"YGR043C",0.182935189892455,"low (<0.4)",183.938156894464,64.8418258977444,7.53089910561002
"YGR044C",0.700598345373653,"high (>=0.7)",12.6071436787898,0.662972818866795,3.76629235255069
"YGR046W",0.16177921059915,"low (<0.4)",58.2391789407546,8.6250662222598,5.88847973979653
"YGR047C",0.00261847179385566,"low (<0.4)",23.4711964709338,9.90141477268392,4.61301273576048
"YGR049W",0.24922542666667,"low (<0.4)",778.083169048019,61.9576936684349,9.60563353753333
"YGR050C",0.112495650774205,"low (<0.4)",55.3048364364584,5.58759241611675,5.81518694620194
"YGR052W",0.0527925411059968,"low (<0.4)",127.332449310126,38.6742655693944,7.00374219683288
"YGR053C",0.444855729481723,"moderate (0.4-0.7)",13.4650217120374,1.88345579381275,3.85449658364573
"YGR054W",-0.0453379230847867,"low (<0.4)",128.469927393361,51.2659660634713,7.01647322483894
"YGR055W",0.0721687027957912,"low (<0.4)",270.128526971283,80.5584515695813,8.08283310507064
"YGR056W",-0.11995966603435,"low (<0.4)",30.3010689398346,13.5833451586465,4.96814002130614
"YGR057C",0.281806658218629,"low (<0.4)",59.3065104201792,2.13112661324318,5.91424185230127
"YGR058W",0.0347581096910732,"low (<0.4)",33.3665078029152,7.26931909371167,5.10293135272537
"YGR059W",0.776492551081841,"high (>=0.7)",3.73927356081898,1.19895006317349,2.2446659387604
"YGR060W",0.154002274976276,"low (<0.4)",2181.24378308459,344.675522365971,11.0915965618514
"YGR061C",0.210872461439933,"low (<0.4)",119.64552448505,49.6210121884421,6.91463058752495
"YGR062C",0.176997603323453,"low (<0.4)",26.5257215985609,13.8011428704049,4.78270848004011
"YGR065C",0.128743218400081,"low (<0.4)",321.198926279222,65.0296693248875,8.33180787607798
"YGR066C",0.0901682685695459,"low (<0.4)",28.0110045350441,1.38766249994212,4.8585283460467
"YGR067C",-0.055349861723387,"low (<0.4)",5.9001543661372,0.457806832250531,2.78662863736465
"YGR068C",0.18689436827166,"low (<0.4)",17.9765669615419,4.59321912108691,4.24614711382499
"YGR070W",0.225096252170557,"low (<0.4)",32.3822338350931,5.51406293873897,5.06100859347585
"YGR071C",0.0467808477180728,"low (<0.4)",16.3201143229097,3.61734098180005,4.11437654761658
"YGR072W",0.0119332028748541,"low (<0.4)",73.6625634317858,15.2404586613701,6.222313137239
"YGR075C",0.148785542921845,"low (<0.4)",35.1063559123254,0.838732474093594,5.17418091637833
"YGR076C",-0.146543167343607,"low (<0.4)",98.516795912234,20.8694309767661,6.63686813144165
"YGR077C",0.140139779545127,"low (<0.4)",29.969682684495,10.76551272424,4.95278469611593
"YGR078C",0.265558653006363,"low (<0.4)",107.327692952268,40.3208794523861,6.75925829124111
"YGR079W",0.313990371167715,"low (<0.4)",73.8577725167875,22.5366869366935,6.22608021463478
"YGR080W",0.171554088574115,"low (<0.4)",104.952257069734,42.0560064324927,6.72727051111981
"YGR081C",0.284426685517661,"low (<0.4)",76.4346387318741,21.1456179695624,6.27490716445892
"YGR082W",0.20830746024959,"low (<0.4)",163.569424620922,112.015269321754,7.36255251189389
"YGR083C",-0.0823813774337224,"low (<0.4)",115.705320660782,23.4569195678191,6.86672652559242
"YGR084C",0.268633462075452,"low (<0.4)",65.4339027855965,22.0370928911556,6.05384776564953
"YGR086C",0.28383645083374,"low (<0.4)",854.716002964981,358.13441490379,9.74098826082155
"YGR087C",0.137110152968305,"low (<0.4)",7.58505565830822,2.45449866925896,3.10182748748367
"YGR088W",0.372468250670695,"low (<0.4)",422.372129183118,108.039554228428,8.72578248884917
"YGR089W",0.16395990038427,"low (<0.4)",35.8436716690464,15.6968749523274,5.20334493576216
"YGR090W",0.0646554104399171,"low (<0.4)",51.10342822561,26.0035747646717,5.7033063948647
"YGR091W",0.271947158149877,"low (<0.4)",20.8949158386401,7.93977909034004,4.45252399914653
"YGR092W",0.0901730312874392,"low (<0.4)",45.8455571557735,5.91861061537314,5.54984032370522
"YGR093W",0.0872143380906041,"low (<0.4)",36.0164625938854,11.7501450708309,5.21009512834276
"YGR094W",0.287521366129248,"low (<0.4)",209.430431653698,123.934380339404,7.71719954659666
"YGR095C",0.264282863233147,"low (<0.4)",92.3665441061188,23.8635821278514,6.54483377866794
"YGR096W",0.198937092717737,"low (<0.4)",13.1987035211986,3.90763610085655,3.82768729863643
"YGR097W",0.0134825436712277,"low (<0.4)",52.0690064855437,15.4218176156682,5.72979763493525
"YGR098C",-0.0131656180224386,"low (<0.4)",14.4127337441604,6.78467853858078,3.9460508690927
"YGR099W",-0.165671783414077,"low (<0.4)",20.6186687388866,5.85011064266439,4.43420578063616
"YGR100W",0.106472766076753,"low (<0.4)",38.7541208552977,19.1602937517107,5.31303251073994
"YGR101W",0.217498945206804,"low (<0.4)",58.7492646223109,21.5916783940959,5.90084905179206
"YGR102C",0.326629804912027,"low (<0.4)",113.000516347273,23.9903322159837,6.8328965486381
"YGR103W",0.0541183624113064,"low (<0.4)",184.38222447329,69.0666668320563,7.53435910637207
"YGR104C",0.265248545452936,"low (<0.4)",38.90367688807,9.98958833657125,5.3184497832844
"YGR105W",0.284478304914507,"low (<0.4)",293.477564912726,72.8527147371807,8.20201391475719
"YGR106C",-0.0952293262964735,"low (<0.4)",289.902005848382,81.3447273114463,8.1843894340216
"YGR110W",0.16501802678596,"low (<0.4)",20.9760520475083,7.93239781236813,4.45786032725911
"YGR111W",0.180085712991604,"low (<0.4)",83.0441765442487,25.0981092972967,6.3930759528759
"YGR112W",0.0950630667438538,"low (<0.4)",32.2345307162522,11.3675580524347,5.05461107754434
"YGR113W",-0.0407759174158245,"low (<0.4)",49.2299233953863,16.5674370439489,5.65047516967452
"YGR116W",0.0739636772660424,"low (<0.4)",61.2197349008391,53.3777141175265,5.95930034289274
"YGR117C",-0.0500756951539445,"low (<0.4)",38.2984665068304,7.73834851974239,5.29640111204922
"YGR118W",0.173134072938917,"low (<0.4)",1304.50846957913,1412.71276629128,10.4652733123472
"YGR119C",0.458424349514928,"moderate (0.4-0.7)",109.64064363221,33.4104824012482,6.78973764402126
"YGR120C",0.22762520873977,"low (<0.4)",46.0005812240258,17.6357475290382,5.5546066926103
"YGR121C",0.146812999171641,"low (<0.4)",88.8822288861115,22.7415301308229,6.48996399558531
"YGR121W-A",0.321838314919057,"low (<0.4)",5.28835930717989,1.07933248220664,2.65268365332757
"YGR122W",0.313538112810869,"low (<0.4)",40.9365240870041,10.4177862057982,5.39013538335436
"YGR124W",0.577960308828319,"moderate (0.4-0.7)",259.140324869869,121.573671309257,8.02314624142212
"YGR125W",0.170157023043349,"low (<0.4)",37.4495045918066,19.6878293257794,5.26489310458166
"YGR126W",0.210210182090382,"low (<0.4)",26.3537946824134,2.77767170051888,4.7736690810953
"YGR127W",0.349288741264392,"low (<0.4)",75.20642878621,8.72128671400184,6.25184080371832
"YGR128C",0.293815462940112,"low (<0.4)",53.9888358832481,22.9012571047902,5.78106683987435
"YGR129W",0.090668218700891,"low (<0.4)",41.1439408586642,6.60881680107289,5.39725332103644
"YGR130C",0.164874905402692,"low (<0.4)",138.586303747127,62.972656165525,7.12501358056676
"YGR131W",0.33920972881973,"low (<0.4)",51.3010394342712,17.9775641278917,5.7087677138599
"YGR132C",0.194718105290306,"low (<0.4)",245.854916742848,60.0673849537393,7.94751957007708
"YGR133W",0.232352830323082,"low (<0.4)",49.9538729167282,24.6583608874612,5.67111990222853
"YGR134W",0.0126573383737396,"low (<0.4)",14.8311002873207,8.69560901871425,3.9846896235082
"YGR135W",0.104861725994222,"low (<0.4)",336.426604361718,124.195381909865,8.39842991700888
"YGR136W",0.0967673042477702,"low (<0.4)",179.097606542895,28.583414743902,7.49263519805034
"YGR138C",0.162507019953071,"low (<0.4)",176.242664691427,52.5301471933943,7.46958211155668
"YGR140W",0.162132220856509,"low (<0.4)",21.6455150488655,7.34955925202352,4.50115344725812
"YGR141W",0.293520470585987,"low (<0.4)",55.3235376799345,13.4676927825737,5.81566604734641
"YGR142W",-0.00852545260648659,"low (<0.4)",518.327839645476,37.746295804819,9.02050175593201
"YGR143W",-0.113569016367202,"low (<0.4)",38.9736468485002,2.19083839549755,5.32097729262049
"YGR144W",0.422448214317467,"moderate (0.4-0.7)",140.545599481087,11.0171961536097,7.14512308769024
"YGR145W",-0.0589560919964011,"low (<0.4)",61.1469659962551,18.8667872620692,5.9576120557709
"YGR146C",0.592217716507714,"moderate (0.4-0.7)",296.095381691491,48.411640672924,8.2147823686183
"YGR146C-A",-0.0556204238559079,"low (<0.4)",24.2155494907568,1.84711447497274,4.65624175936372
"YGR147C",0.180137409644216,"low (<0.4)",115.399731527458,27.0451327213801,6.86294392049127
"YGR148C",0.168290656868701,"low (<0.4)",1013.29772516156,1169.31325440478,10.1926790282207
"YGR149W",0.294852105142937,"low (<0.4)",90.0076449011767,24.159966042685,6.50791583577846
"YGR150C",0.197569835935363,"low (<0.4)",27.6915120151766,9.90239997526199,4.84255209364287
"YGR152C",0.044477615173406,"low (<0.4)",52.4503979787504,27.9820019865033,5.74012878483186
"YGR153W",-0.273044795719767,"low (<0.4)",34.9615444668229,3.15122146492986,5.16838307755223
"YGR154C",0.905838706125396,"high (>=0.7)",99.1356071131723,19.5758872248497,6.64581126156275
"YGR155W",0.498577405522483,"moderate (0.4-0.7)",446.757447172765,139.691213083494,8.80657361731788
"YGR156W",-0.0354932810662912,"low (<0.4)",39.397443108578,11.5747116017427,5.33619207768347
"YGR157W",0.109226688863539,"low (<0.4)",178.269600327027,95.2001675017169,7.48598705346456
"YGR158C",0.164573064845645,"low (<0.4)",68.7566876290162,18.3394951745736,6.12425963077846
"YGR159C",0.204995726427161,"low (<0.4)",191.175799247755,307.900852974579,8.27100004449066
"YGR161C",0.272239993080104,"low (<0.4)",529.584713767705,42.9953782435143,9.05143930166021
"YGR161W-C",0.552422756836497,"moderate (0.4-0.7)",172.36630925473,37.6724471212833,7.43767975273104
"YGR162W",0.072887120173002,"low (<0.4)",140.371160729846,43.4510169394122,7.1433440347062
"YGR163W",0.234722962809586,"low (<0.4)",67.0628107239808,19.6405594775437,6.08879482500044
"YGR165W",0.469057510182021,"moderate (0.4-0.7)",88.1553517417046,17.0482883981567,6.47824949620909
"YGR166W",0.150587230475018,"low (<0.4)",24.9527833576702,9.12108925208374,4.69781736645599
"YGR167W",-0.0722592590125885,"low (<0.4)",371.688158307849,133.657533293552,8.54182516976998
"YGR168C",0.415884050959084,"moderate (0.4-0.7)",27.6325711314696,11.7165626743892,4.83958532135701
"YGR169C",0.179158800201728,"low (<0.4)",14.7157615237039,4.45525105500883,3.97414027601879
"YGR169C-A",0.0447594928527867,"low (<0.4)",315.439572815188,49.644686633366,8.30578621921326
"YGR170W",0.13532180544886,"low (<0.4)",34.6223830369555,11.597616852861,5.15471212678448
"YGR171C",0.20336186211805,"low (<0.4)",22.6986474902049,7.27837935050287,4.56673282005084
"YGR172C",0.339432397029927,"low (<0.4)",90.2991595138655,47.6039192998145,6.51252967392753
"YGR173W",0.257549391758446,"low (<0.4)",87.7523762463757,44.9450531171591,6.47171384146775
"YGR174C",0.316955243430202,"low (<0.4)",119.724343329478,19.2011721919826,6.91557280588101
"YGR175C",-0.0162895885126946,"low (<0.4)",1205.44540449294,124.137127880269,10.2365469151354
"YGR177C",0.509556478591667,"moderate (0.4-0.7)",37.4925235071603,12.4907008074157,5.26650634987414
"YGR178C",0.448340390600724,"moderate (0.4-0.7)",128.941202190484,33.6207759205388,7.02171514766463
"YGR179C",0.0232083505823448,"low (<0.4)",25.6782265026814,7.34751819560624,4.73759085808041
"YGR180C",0.552001425078788,"moderate (0.4-0.7)",582.52867187225,117.041645376881,9.18865973474189
"YGR181W",0.265384150336403,"low (<0.4)",97.6991667333167,70.1269278601207,6.62496599968265
"YGR183C",0.163265429410008,"low (<0.4)",475.05076740726,16.3119957679643,8.89497162461297
"YGR184C",0.137663613447986,"low (<0.4)",45.2367625962383,38.9238382573952,5.53096848169955
"YGR185C",0.120741475719499,"low (<0.4)",247.783037263741,96.7843862193118,7.95874431153846
"YGR186W",0.264887471139593,"low (<0.4)",128.124553962258,54.8332369981656,7.01261955534095
"YGR187C",0.128806669558356,"low (<0.4)",83.9028389361393,25.9839475060296,6.40774088954452
"YGR188C",0.106309331912638,"low (<0.4)",8.82041053498096,4.13391259761498,3.29578333659711
"YGR191W",0.169108376779906,"low (<0.4)",69.9170195471193,28.3568484460815,6.14805999977955
"YGR192C",0.0413583051896018,"low (<0.4)",12812.5797162855,12359.6818663798,13.6453859557344
"YGR193C",0.109791587671538,"low (<0.4)",103.678208059525,20.7919058434813,6.70981732261909
"YGR194C",0.18411224678951,"low (<0.4)",60.699218796451,14.3762517405675,5.94718031772039
"YGR195W",0.0572612878151112,"low (<0.4)",95.8395842311135,25.9459503119937,6.59752498020316
"YGR196C",0.238437758693993,"low (<0.4)",39.8147072134101,13.6146726084736,5.35101720297949
"YGR197C",0.317819856875441,"low (<0.4)",34.2780884018946,19.8487287792502,5.14070048322541
"YGR198W",0.34467163577806,"low (<0.4)",49.3598227225905,35.8525102880121,5.65420129935633
"YGR199W",0.0293642946459992,"low (<0.4)",34.6561205398976,13.6787622710277,5.15607783816671
"YGR200C",0.223189808200122,"low (<0.4)",62.6639630934096,20.1772932349163,5.99240506268818
"YGR201C",0.377260963867293,"low (<0.4)",162.544247265631,18.4001200725153,7.35353720271231
"YGR202C",0.124487638429288,"low (<0.4)",91.7939639560999,28.2078941147617,6.53595905914302
"YGR203W",0.228753784898255,"low (<0.4)",83.7436693844343,28.3279024855766,6.40503369335686
"YGR204W",0.234117159476262,"low (<0.4)",263.616413389353,70.5871746766921,8.04775874035965
"YGR204C-A",0.16728691978869,"low (<0.4)",14.1055180486106,0.145819667373787,3.91700375749313
"YGR205W",0.125867437413417,"low (<0.4)",47.6139451885114,5.25608168107122,5.6032983134192
"YGR206W",0.261492220750501,"low (<0.4)",72.6380818580726,12.9733769165606,6.20238014240778
"YGR207C",0.291751385776053,"low (<0.4)",148.388552715586,28.3722983467082,7.22292579189659
"YGR208W",0.213718312555671,"low (<0.4)",83.4800627718654,14.5513820102455,6.40053900156083
"YGR209C",0.249263529225709,"low (<0.4)",1674.17453700322,577.078993617803,10.7100957029494
"YGR210C",-0.064070709501963,"low (<0.4)",89.4442778660161,28.9661228557486,6.49895732570005
"YGR211W",0.0757743330637912,"low (<0.4)",158.9024504534,46.0033744642947,7.32104823759784
"YGR212W",0.220136000323561,"low (<0.4)",21.1091709338198,3.39666287393115,4.46657302180123
"YGR213C",0.501749641142994,"moderate (0.4-0.7)",33.3193908862982,4.67750388205828,5.10095204244757
"YGR214W",0.158118519876698,"low (<0.4)",569.883327283576,274.862073898406,9.15705211864041
"YGR215W",0.239899117229472,"low (<0.4)",185.444311198868,47.6270141074772,7.5426009679515
"YGR216C",0.113718677929213,"low (<0.4)",26.8551638126345,10.5545759052691,4.79987289521072
"YGR217W",0.0742676346315561,"low (<0.4)",11.1246155648257,14.1789917404432,3.9240040582776
"YGR218W",0.154125466438876,"low (<0.4)",86.0405313359849,24.6623553886095,6.44361545838566
"YGR220C",0.212102562337454,"low (<0.4)",60.0543846167125,34.2691059204637,5.93202300087225
"YGR221C",0.299496756824229,"low (<0.4)",18.6352062044977,4.76651153258422,4.29537084382848
"YGR222W",0.159852189657566,"low (<0.4)",62.9408590839416,11.2270695257776,5.99866622261255
"YGR223C",0.196770338899891,"low (<0.4)",54.9602127637229,13.2639136775884,5.80632954260419
"YGR224W",0.32856690345037,"low (<0.4)",9.90136896277842,0.12457478670022,3.44643741078858
"YGR225W",-0.0557485210360619,"low (<0.4)",3.32166789820054,0.333142849316187,2.11158821147833
"YGR227W",0.0646115112868754,"low (<0.4)",30.7348758085603,11.0470250434829,4.9879972916683
"YGR229C",0.0863912043589976,"low (<0.4)",124.277317124662,21.7983042987524,6.96898141182355
"YGR230W",0.515308238857435,"moderate (0.4-0.7)",23.6165682822048,5.1493194258966,4.62155774918232
"YGR231C",-0.0136309121212652,"low (<0.4)",213.681629620542,58.1799073076088,7.74605493435176
"YGR232W",0.130616553392835,"low (<0.4)",127.138712455007,66.4751844875732,7.00156258918142
"YGR233C",0.329165830613546,"low (<0.4)",20.9571292062644,8.53689219848648,4.45661753581396
"YGR234W",0.801721141225259,"high (>=0.7)",602.9923072689,104.731541738844,9.23838636459712
"YGR239C",0.51728492612403,"moderate (0.4-0.7)",42.3847585844889,17.0459668091104,5.43911639616246
"YGR240C",0.485727362203799,"moderate (0.4-0.7)",195.328119267376,123.648765569274,7.61712300864248
"YGR240C-A",0.326316609002226,"low (<0.4)",66.8155325611611,0.200087491416758,6.0835438429171
"YGR241C",0.174609420465696,"low (<0.4)",63.2875153701275,28.9643185799271,6.00646668839069
"YGR243W",0.0358503198637308,"low (<0.4)",300.879145595202,47.3331030794052,8.23782728585919
"YGR244C",0.18166064510414,"low (<0.4)",222.399293087568,42.5946309505194,7.80348081041836
"YGR245C",0.0440854333083127,"low (<0.4)",80.6896865591985,33.9609831338655,6.35208204242458
"YGR246C",0.360858032727797,"low (<0.4)",41.3906157233379,16.5874302080975,5.40567301656593
"YGR247W",0.110950155076947,"low (<0.4)",44.6598410840127,2.202150403779,5.51285393325625
"YGR248W",0.212093295058143,"low (<0.4)",142.473578217953,14.35975245522,7.1646412675563
"YGR249W",-0.0430004057725405,"low (<0.4)",64.9750600345995,7.9913295760469,6.04384885323284
"YGR250C",0.239824883531395,"low (<0.4)",124.638461449402,15.8468277703294,6.97313437094865
"YGR251W",0.0687169287100285,"low (<0.4)",55.9111988193723,14.1839715165341,5.830640664668
"YGR252W",0.169113033970081,"low (<0.4)",42.0310585481975,15.1023014327812,5.42730642537696
"YGR253C",0.0560955830531175,"low (<0.4)",352.980798427701,99.2666600590044,8.46752729368621
"YGR255C",0.196071645827277,"low (<0.4)",86.9761779755449,17.7006714129603,6.45904102126042
"YGR256W",0.283336398422525,"low (<0.4)",129.474187211325,19.1543696559946,7.02762060449543
"YGR257C",0.0948307362742975,"low (<0.4)",63.3158493708407,18.7712007058898,6.00710239995331
"YGR258C",-0.00143968594706994,"low (<0.4)",27.6329527910128,10.2913482522795,4.83960455171736
"YGR260W",0.194948949641775,"low (<0.4)",83.7006207431387,39.1010594216502,6.40430063752354
"YGR261C",-0.00949772262568175,"low (<0.4)",50.2612070725988,15.461204375145,5.67979554575932
"YGR262C",0.12225235184314,"low (<0.4)",50.2041600854839,32.916141446467,5.67818912173149
"YGR263C",0.167790091283435,"low (<0.4)",19.1441576970905,7.15079168308652,4.33228957713556
"YGR264C",0.194666537001262,"low (<0.4)",108.336692283341,55.9248109257127,6.7726338258428
"YGR266W",0.176784121254483,"low (<0.4)",37.4078777760478,17.0293429366702,5.26333034496937
"YGR267C",0.736798835262887,"high (>=0.7)",284.163678306515,98.7259064721091,8.15564642518861
"YGR268C",0.509433866237476,"moderate (0.4-0.7)",114.178410125019,14.3961512038799,6.84772650269512
"YGR270W",0.0717440589182032,"low (<0.4)",59.3890343634794,48.7936045783984,5.91621469897958
"YGR271W",0.077942819366482,"low (<0.4)",19.7857397818734,13.3365808841862,4.37752219048723
"YGR271C-A",0.190711750184287,"low (<0.4)",101.402751110084,12.2880713814494,6.67811066448334
"YGR274C",0.0981600110057846,"low (<0.4)",30.680473189828,17.4767225457151,4.9855219790271
"YGR275W",-0.111961469021915,"low (<0.4)",135.930707311877,20.6528459419697,7.09730220334507
"YGR276C",0.0287728046622891,"low (<0.4)",45.6679397504942,15.4472161139115,5.54435987293822
"YGR277C",0.131769382438336,"low (<0.4)",71.2722657657084,21.4624363750357,6.17537021898581
"YGR278W",0.272744826952763,"low (<0.4)",21.8591571210131,3.79198282323939,4.51470030334994
"YGR279C",0.288897267904554,"low (<0.4)",479.330493464195,224.666644199835,8.90788358979939
"YGR280C",0.0553553755502479,"low (<0.4)",140.408488993135,35.2143316267043,7.14372491996932
"YGR281W",0.29444479705697,"low (<0.4)",40.49320880768,19.0457076194521,5.37480332481136
"YGR282C",0.444096149755387,"moderate (0.4-0.7)",913.644963713421,469.243375706703,9.83706803318363
"YGR283C",0.174442891429888,"low (<0.4)",39.9882347198439,19.7231226764203,5.357137952248
"YGR284C",0.214904190625241,"low (<0.4)",206.799034394898,112.692509849089,7.69904514008553
"YGR285C",0.24714596164701,"low (<0.4)",349.707942459254,233.161422604161,8.45412629335326
"YHL043W",0.0942786469193188,"low (<0.4)",52.1700961968454,0.309486678647215,5.73254317147525
"YHL042W",0.0561904489541796,"low (<0.4)",38.4283620934823,3.06123822736403,5.30116187511014
"YHL040C",0.19167657049568,"low (<0.4)",79.1176256349585,4.1563227541287,6.32404776097771
"YHL039W",0.0853902325777466,"low (<0.4)",51.6015852187035,17.5749356772385,5.71703437259318
"YHL038C",0.265701492844879,"low (<0.4)",28.7930620344265,5.94293320187049,4.89690450161888
"YHL036W",0.250968182331603,"low (<0.4)",32.4037567677209,5.9806556041972,5.06193846002307
"YHL035C",0.0535459536010614,"low (<0.4)",19.409743931797,8.62331746161096,4.35118617678548
"YHL034C",-0.237643653900043,"low (<0.4)",239.240933381951,133.893057654742,7.90833817493934
"YHL033C",0.110483428165092,"low (<0.4)",807.120523256287,447.797671179155,9.6584266626248
"YHL032C",-0.00233267138892303,"low (<0.4)",40.1145457068505,7.1640488272932,5.36157698287242
"YHL031C",-0.00935789792439781,"low (<0.4)",35.9976363112827,41.4239025041652,5.40680543297519
"YHL030W",0.059936492670102,"low (<0.4)",23.6135409389695,15.736944484134,4.62138031577226
"YHL028W",0.254636203943065,"low (<0.4)",18.9948623046661,1.33167978412939,4.32155744089865
"YHL027W",0.290188730386878,"low (<0.4)",97.3941557400489,34.3682013442589,6.62050072208558
"YHL026C",0.179998686753169,"low (<0.4)",43.693958541638,9.4199649738991,5.48200792470582
"YHL025W",0.308079341064024,"low (<0.4)",88.4253242965767,16.6318646535266,6.48261153998055
"YHL024W",0.0808364610573564,"low (<0.4)",24.5350313829836,0.891737004969392,4.67440592703528
"YHL023C",0.0489651554896644,"low (<0.4)",23.2240765474853,7.64195115826269,4.59836976421165
"YHL022C",0.338856448761704,"low (<0.4)",2.57691127843323,0.52742355515578,1.83871433422584
"YHL021C",0.188789704036369,"low (<0.4)",362.940805563767,54.3794539489628,8.50756000705508
"YHL016C",0.204794849437641,"low (<0.4)",11.1160797141705,2.43808298497384,3.59885106995073
"YHL015W",0.103887972882531,"low (<0.4)",3637.00564371914,109.458110731022,11.8289320657382
"YHL006C",-0.0020644556287293,"low (<0.4)",21.6835373476758,3.0383211355879,4.50357373146447
"YHL004W",0.129792283676861,"low (<0.4)",82.8811356477507,19.5412291315269,6.39027448877641
"YHL003C",-0.0161467457701671,"low (<0.4)",79.9130510860364,21.4561635106314,6.33830051965022
"YHL002W",0.412163577839124,"moderate (0.4-0.7)",60.9890355855863,55.0003839671698,5.95394115385199
"YHL001W",0.294887427499966,"low (<0.4)",479.008624167711,366.596916302377,8.90691651630063
"YHR001W",0.266051650598418,"low (<0.4)",71.2222306101138,21.2973726443812,6.17437107402815
"YHR001W-A",0.453078733474342,"moderate (0.4-0.7)",550.620953343378,158.301649827995,9.10753344849472
"YHR004C",0.130399906457974,"low (<0.4)",69.4069964715213,16.7093627263893,6.13764689410835
"YHR005C",0.862936642335292,"high (>=0.7)",11.7840885032325,4.71319463070476,3.676277395964
"YHR005C-A",0.301164885559144,"low (<0.4)",645.979391266191,182.486152673061,9.33757594744598
"YHR006W",0.539889502955204,"moderate (0.4-0.7)",72.9786829712293,14.3093452168941,6.20903771154568
"YHR007C",0.108335131453119,"low (<0.4)",1578.99537616174,393.678374025773,10.6257046210402
"YHR007C-A",0.336017612729517,"low (<0.4)",204.012996690759,0.616188396662599,7.6795715612955
"YHR009C",0.0084109072884047,"low (<0.4)",127.00299421463,27.457917383489,7.00003374756308
"YHR010W",0.143462024396905,"low (<0.4)",921.484207155894,814.452478877921,9.84938040235382
"YHR011W",0.299438922048961,"low (<0.4)",24.9209838826967,4.89950675302265,4.69604857451993
"YHR012W",0.40176099357606,"moderate (0.4-0.7)",80.8372484488942,32.5732735191439,6.35468573415598
"YHR013C",0.128139903296148,"low (<0.4)",104.297262892702,45.8226077305585,6.71832412507048
"YHR014W",-0.00172087393611197,"low (<0.4)",2.51581636587939,0.310097742604623,1.81385971924305
"YHR015W",0.596464178014726,"moderate (0.4-0.7)",2.94020125154212,1.65452822188298,1.97826931932297
"YHR016C",0.164259825327676,"low (<0.4)",69.6962012280572,15.2209540542475,6.14356079059129
"YHR017W",0.308774785148935,"low (<0.4)",67.9753277802564,13.7257112501849,6.10800850236771
"YHR018C",0.692107244559303,"moderate (0.4-0.7)",444.046351967381,111.198185028371,8.79781179163124
"YHR019C",0.0719925221451106,"low (<0.4)",343.799973936585,193.327918058463,8.42961585514849
"YHR020W",0.34270535318953,"low (<0.4)",176.990576749848,109.551315678309,7.47565705323533
"YHR021C",0.136599017467035,"low (<0.4)",588.010361778544,713.081232002291,9.47994439055687
"YHR021W-A",-0.0710009274254784,"low (<0.4)",11.5888641461387,0.0925246083431967,3.65407621395242
"YHR022C",0.390630420793872,"low (<0.4)",9.45518374276021,0.440280710784259,3.38614651142409
"YHR022C-A",0.11100133564129,"low (<0.4)",7.67692707386546,0.0772499171759009,3.11718420393398
"YHR023W",0.0247348506859852,"low (<0.4)",31.6820379922231,17.3998237292152,5.03042604500495
"YHR024C",0.189110647477662,"low (<0.4)",79.8822909983317,22.3330956382386,6.33775195717677
"YHR025W",0.329857987694193,"low (<0.4)",216.045185306921,84.5324531817078,7.76185160955109
"YHR026W",0.245388430173554,"low (<0.4)",261.991557145359,108.954166731667,8.03887267499559
"YHR027C",0.162412766665775,"low (<0.4)",204.64142521089,56.0628093670898,7.68398710569938
"YHR028C",0.260713578463062,"low (<0.4)",65.8124455221509,25.8513653769187,6.06204496136944
"YHR029C",0.637446017602341,"moderate (0.4-0.7)",49.4820530175367,7.44316275170878,5.6576986783059
"YHR030C",0.208187656792581,"low (<0.4)",160.715908119081,42.3967449188982,7.3373177945952
"YHR031C",0.465626702634505,"moderate (0.4-0.7)",25.8488172208196,8.05677156460648,4.74678662901077
"YHR032W",0.109808746765537,"low (<0.4)",77.8321035643548,0.623076837924778,6.30071136696777
"YHR033W",0.349625730663922,"low (<0.4)",37.0300515926741,16.5758184106998,5.24906799105925
"YHR035W",0.314374686680607,"low (<0.4)",6.0672681579708,2.7161930687659,2.82115265116122
"YHR036W",-0.08211805868778,"low (<0.4)",22.1191660205732,4.29206576603252,4.53101745121713
"YHR037W",-0.0593528497937861,"low (<0.4)",126.36575592377,24.8011933518711,6.99283363063574
"YHR038W",0.159561162997323,"low (<0.4)",47.8877958346181,10.5160992530185,5.61140245604952
"YHR039C",0.142734753585751,"low (<0.4)",303.334582545007,28.3219815438665,8.24951447115065
"YHR039C-A",0.385368636763597,"low (<0.4)",603.719079372801,177.373082801842,9.24012128766991
"YHR040W",0.110576107171707,"low (<0.4)",41.9276757007371,9.71741125293769,5.4238361557281
"YHR041C",0.0419237991971528,"low (<0.4)",53.2887538707517,18.3939265696072,5.76258146390616
"YHR042W",0.110390571287769,"low (<0.4)",344.478080031826,98.4329844996682,8.4324503668641
"YHR045W",0.0774971470961715,"low (<0.4)",39.6970293546324,13.234287462231,5.34685158491321
"YHR046C",0.249352955328671,"low (<0.4)",49.5818170403863,10.6626925576291,5.66054695846165
"YHR047C",0.609255307623927,"moderate (0.4-0.7)",38.9433322898336,21.0331843909299,5.31988279014995
"YHR048W",0.0755649000693696,"low (<0.4)",13.8652906472983,1.58905610219756,3.89387576609233
"YHR049W",0.451520844381197,"moderate (0.4-0.7)",147.378020628439,46.8218277202795,7.21313358982766
"YHR050W",0.0068046732045276,"low (<0.4)",65.4384645325384,14.943816651806,6.05394682627179
"YHR050W-A",0.135982512362656,"low (<0.4)",87.4543508958125,0.935955586216991,6.4668612028843
"YHR051W",0.556787489827498,"moderate (0.4-0.7)",581.978196225607,100.571375584529,9.1872981164502
"YHR052W",0.0238661694621237,"low (<0.4)",146.593510919032,53.5996473814314,7.20548548318707
"YHR056C",-0.0139314132327783,"low (<0.4)",25.4572630907853,6.78421132080536,4.725591922582
"YHR058C",0.0415458918051541,"low (<0.4)",36.2491569199271,4.68663461638919,5.21913586754391
"YHR059W",0.185725020861902,"low (<0.4)",100.422211045789,22.4400063818209,6.66422982097821
"YHR060W",0.0136946434018923,"low (<0.4)",88.9112665765727,23.2141407410733,6.490430002793
"YHR061C",0.150771209714008,"low (<0.4)",21.8075877539925,2.51483654876583,4.51144196287085
"YHR062C",0.267236378237752,"low (<0.4)",49.331436526998,17.3559540608883,5.65338786976967
"YHR063C",0.185573580699195,"low (<0.4)",72.1109619489954,22.6185447264091,6.19201582888719
"YHR064C",0.108898891024583,"low (<0.4)",248.754664505539,167.324487847441,7.96436781232162
"YHR065C",0.108933328994051,"low (<0.4)",54.6776822965476,15.1931904406657,5.79902725203537
"YHR066W",0.096588211213628,"low (<0.4)",70.2440266426895,25.278119242059,6.15469715334361
"YHR067W",0.426083753796375,"moderate (0.4-0.7)",34.1644282533405,6.99566719324443,5.13604485526794
"YHR068W",0.241007075702835,"low (<0.4)",184.183738844363,85.9416677601734,7.53281360954682
"YHR069C",-0.0865618025723176,"low (<0.4)",58.9162598611369,22.1029159081242,5.90487566447509
"YHR070W",-0.027869829813089,"low (<0.4)",20.4322547918629,103.598772876699,6.70872211616756
"YHR071W",0.677901847076554,"moderate (0.4-0.7)",735.237612923113,58.0043519413533,9.52402764581496
"YHR072W",0.161796718040322,"low (<0.4)",185.972212518027,40.1297749395469,7.54668006501458
"YHR072W-A",-0.0698814382700098,"low (<0.4)",1205.00237639897,191.92263212095,10.2360170346991
"YHR073W",-0.0766392944117977,"low (<0.4)",52.9776490790476,32.864400703784,5.75429023849728
"YHR074W",-0.0189022855722533,"low (<0.4)",81.3813775861792,26.8411223515183,6.36424634612548
"YHR075C",0.155888617913433,"low (<0.4)",34.132234151827,5.0553822810164,5.13472341916394
"YHR076W",0.301863018434496,"low (<0.4)",54.1008854065392,18.3982623833472,5.78400359628562
"YHR077C",-0.105373084554127,"low (<0.4)",58.499306957716,22.6345723143626,5.89480095903081
"YHR078W",0.344434608717466,"low (<0.4)",47.078565572872,12.5442385587989,5.58732194867825
"YHR079C",-0.0542891430102173,"low (<0.4)",26.3771108935272,9.62960192882013,4.77489830191039
"YHR079C-A",0.145524394326646,"low (<0.4)",2.89917471855841,0.0438946417024778,1.96316880206827
"YHR080C",0.292839326439719,"low (<0.4)",22.962822054967,13.2113129160578,4.58272591640965
"YHR081W",-0.0788428957960043,"low (<0.4)",130.163383738732,23.279835604222,7.03522121558844
"YHR082C",0.0154125899671856,"low (<0.4)",105.080165385816,15.9639503675485,6.72901111959419
"YHR083W",0.416165422612889,"moderate (0.4-0.7)",89.1288997508733,43.8409065363017,6.49391787397898
"YHR084W",0.341867304342428,"low (<0.4)",31.375883095241,8.11152558762426,5.01684763964792
"YHR085W",0.0126511936334469,"low (<0.4)",38.7996039838221,12.9300587628161,5.31468217054527
"YHR086W",0.19046703624079,"low (<0.4)",46.3581705461422,14.0998672435275,5.56554144538576
"YHR086W-A",-0.0547297825585613,"low (<0.4)",2.85884546156404,0.0111880591901759,1.94816926821203
"YHR087W",0.132675868294375,"low (<0.4)",2458.33282282434,721.532100420186,11.2640512734987
"YHR088W",0.120905469199043,"low (<0.4)",98.3228988194851,27.2465265245268,6.63405446324329
"YHR089C",-0.0133897184023037,"low (<0.4)",350.668088031632,159.072920275185,8.45807061394081
"YHR090C",0.0263328593883227,"low (<0.4)",54.7868194074709,14.6274554449304,5.80185239576479
"YHR099W",0.25162185753992,"low (<0.4)",20.5061212479666,53.0060562263778,5.75504929471615
"YHR100C",0.079009246756697,"low (<0.4)",45.9243537380939,14.089973278626,5.55226497067836
"YHR101C",0.0252749097569798,"low (<0.4)",25.5933664394093,3.72287894024889,4.73299451360314
"YHR102W",0.0788443638407091,"low (<0.4)",40.0193050715614,21.8523727799307,5.35823114549829
"YHR103W",0.306477429493099,"low (<0.4)",63.1947652110798,24.9539890006175,6.00438375186219
"YHR104W",0.107335564228994,"low (<0.4)",459.663958909615,99.2114052616961,8.84757091961106
"YHR105W",0.016848207267362,"low (<0.4)",22.7258916890328,0.606230215424468,4.56839040389018
"YHR106W",0.115719057853246,"low (<0.4)",87.2065017585678,11.1834932692494,6.46281309657865
"YHR107C",-0.0515734307763128,"low (<0.4)",105.122786783625,37.7697963314506,6.7295906561129
"YHR108W",0.136387093897815,"low (<0.4)",98.4855081632669,43.7067870570916,6.63641448161224
"YHR109W",0.26136175128422,"low (<0.4)",13.4754406465637,4.3804046963697,3.85553536081767
"YHR110W",0.282206736585336,"low (<0.4)",139.062819480568,39.4166932859117,7.12993022427348
"YHR111W",0.0647770555809094,"low (<0.4)",56.3513288228561,12.4057744629145,5.84175500857284
"YHR112C",0.614732410340651,"moderate (0.4-0.7)",97.5630093654529,19.9815812507131,6.62297440053802
"YHR113W",0.134197775584717,"low (<0.4)",101.25630604569,44.6245364773921,6.67604600526757
"YHR114W",0.0556055702724509,"low (<0.4)",41.1168259160387,10.6949545644324,5.39632480837017
"YHR115C",0.096852472193981,"low (<0.4)",77.4639211255799,9.90253914871858,6.29395752878665
"YHR116W",0.18681348704824,"low (<0.4)",47.7542215777573,29.8698852889471,5.60745524063381
"YHR117W",0.223195546953311,"low (<0.4)",43.4420452493557,27.5718486781446,5.47385330682602
"YHR118C",-0.276524629354029,"low (<0.4)",33.6927747899962,8.28765735283515,5.11656332944859
"YHR119W",0.0878498775911224,"low (<0.4)",28.3391129811207,16.8750676188405,4.87475334909284
"YHR120W",0.193427154908117,"low (<0.4)",13.9975881843162,10.7016125261016,3.90665860932264
"YHR121W",0.25035346328544,"low (<0.4)",161.154114519348,64.986888427339,7.34122182116232
"YHR122W",0.424033001309114,"moderate (0.4-0.7)",87.6195308452262,23.5555825203281,6.46955278405542
"YHR123W",0.37262608231042,"low (<0.4)",58.3207912109848,27.5230403281771,5.89046593523809
"YHR124W",0.286191216743973,"low (<0.4)",6.31368750309858,6.07867300802914,2.8705989849837
"YHR127W",0.171518543289836,"low (<0.4)",53.8191304326773,13.1171359126872,5.7766075385123
"YHR128W",0.256036491879563,"low (<0.4)",177.660443319934,98.4900846673222,7.48107643667034
"YHR132C",0.110374562427008,"low (<0.4)",103.476737258666,36.0745074727319,6.70703793803662
"YHR132W-A",-0.0549819315559381,"low (<0.4)",125.500574907718,15.5345053967303,6.98300013133169
"YHR133C",0.142178231138166,"low (<0.4)",74.1624687307506,9.81134632665808,6.23194054811578
"YHR134W",0.0629490529523585,"low (<0.4)",33.479129135453,11.0441505583994,5.10765143057221
"YHR135C",0.448434366116107,"moderate (0.4-0.7)",138.336548931152,66.286736173269,7.12242992614558
"YHR136C",-0.0213985041303406,"low (<0.4)",6.51987722952474,0.785189913978573,2.91070910847184
"YHR137W",0.147451401965412,"low (<0.4)",36.2620079473941,5.98519027216316,5.21963351413993
"YHR138C",0.436174100647039,"moderate (0.4-0.7)",431.433635657141,117.343700166523,8.75633493326467
"YHR139C",0.230748859520911,"low (<0.4)",14.3817478378268,4.25589920509886,3.94314754186033
"YHR140W",0.201157583646421,"low (<0.4)",6.27975458725706,0.491690747822459,2.863889815573
"YHR141C",0.0631933492247895,"low (<0.4)",805.516973641506,1115.42701565679,10.1246732253956
"YHR142W",0.0934888981059334,"low (<0.4)",69.0022695366139,19.6249002732211,6.12932979117554
"YHR143W",0.241588802496394,"low (<0.4)",64.0341934966853,9.15144467948267,6.02312654867958
"YHR143W-A",0.0392073612230558,"low (<0.4)",350.186448096987,92.4266887027574,8.45609336368986
"YHR144C",0.0162827016893221,"low (<0.4)",28.239319617719,11.7152791216348,4.86983783587802
"YHR146W",0.324998980949132,"low (<0.4)",179.144382563592,76.4019357207977,7.49300985472841
"YHR147C",0.506695211679252,"moderate (0.4-0.7)",100.466555229449,34.23108112141,6.66486046343369
"YHR148W",0.0395957414247302,"low (<0.4)",58.3174553645515,17.103762008082,5.8903848044182
"YHR149C",0.245624904412531,"low (<0.4)",33.7777053833739,8.41628926778954,5.12009084233246
"YHR150W",0.226461364605232,"low (<0.4)",20.9499516650877,5.73627641290726,4.45614585776348
"YHR151C",-0.0296188822571446,"low (<0.4)",19.7457409891093,6.92555624363293,4.3747432826933
"YHR152W",0.256374683855273,"low (<0.4)",120.877550831397,10.1821709742237,6.92928860378197
"YHR153C",0.337438573049717,"low (<0.4)",7.50398416239734,1.01867579928949,3.08813891003316
"YHR154W",0.1371971921475,"low (<0.4)",15.8488767120537,5.80818911949897,4.07458050730526
"YHR155W",0.112021230368541,"low (<0.4)",22.6560441983906,14.4438900631443,4.56413693895787
"YHR156C",0.213264569233791,"low (<0.4)",23.7599998226523,6.35372458184618,4.62993939910599
"YHR157W",-0.0314301770531328,"low (<0.4)",6.46671638627591,0.586195391637167,2.90047393314483
"YHR158C",0.102320161284097,"low (<0.4)",23.1714269861486,6.81648620987886,4.59523074155602
"YHR159W",-0.00968180978330709,"low (<0.4)",24.5924865452558,5.87314586972803,4.67764842015581
"YHR160C",0.244134552284876,"low (<0.4)",24.1544313950593,1.5494051730334,4.65274067338776
"YHR161C",0.467961495297161,"moderate (0.4-0.7)",114.937813264992,34.2289576099522,6.85720736968814
"YHR162W",0.212360155234496,"low (<0.4)",2459.49975443286,444.212195463476,11.2647356571437
"YHR163W",0.450621962225274,"moderate (0.4-0.7)",350.652544768506,99.5429421817566,8.45800684732403
"YHR164C",0.00714766113549275,"low (<0.4)",16.2624115682471,13.3878837495499,4.10956211876225
"YHR165C",0.100871704640696,"low (<0.4)",25.3930894091191,35.0025224618344,5.1700260852115
"YHR166C",0.173213953446645,"low (<0.4)",19.9144186826627,7.03392810859196,4.38642599364412
"YHR167W",-0.0432762521036072,"low (<0.4)",26.2086451273463,8.4047982524652,4.76599321330058
"YHR168W",0.146203059422013,"low (<0.4)",16.0123333200273,3.47085843917581,4.08850912174239
"YHR169W",0.0992436810745814,"low (<0.4)",43.2057085238177,14.1794278313232,5.46616077959959
"YHR170W",-0.099197111763932,"low (<0.4)",104.756553944697,29.7491342206263,6.72460326258117
"YHR171W",0.227158609817358,"low (<0.4)",21.434767468575,5.31200626662067,4.48766432576268
"YHR172W",-0.0254059985644622,"low (<0.4)",14.7542657896393,2.19649670411518,3.97767061558186
"YHR173C",0.0823346244215712,"low (<0.4)",21.7789797924136,0.0378557471297207,4.50963122905432
"YHR177W",0.120822202325256,"low (<0.4)",14.9625712180313,0.57769722028165,3.99662115150582
"YHR178W",0.379288025356197,"low (<0.4)",20.5458403398736,3.53297433280098,4.42933746302819
"YHR183W",0.309946230765837,"low (<0.4)",572.853132479376,168.399675620093,9.16453774173585
"YHR186C",-0.0525382158354918,"low (<0.4)",20.0042774945424,6.79637115965471,4.39261125571927
"YHR187W",0.0858505785328547,"low (<0.4)",49.7322545834662,18.5997327969016,5.66483137134516
"YHR188C",0.229488579362146,"low (<0.4)",84.6925760598463,28.0266556633961,6.42109831736307
"YHR189W",-0.107246265102295,"low (<0.4)",24.0249857648335,0.417081062586561,4.64529734328889
"YHR190W",-0.0826470627002811,"low (<0.4)",513.809986465648,148.830688495477,9.00789622951191
"YHR191C",0.0414945483041588,"low (<0.4)",96.2826259042689,12.3144551876873,6.60411026618466
"YHR192W",0.338372242388041,"low (<0.4)",45.3500966172132,16.1922910501113,5.53450044105271
"YHR193C",0.0395412624591461,"low (<0.4)",1220.89659087569,964.462497861082,10.2549064796849
"YHR194W",0.13463696217143,"low (<0.4)",17.1290919396647,8.08532426272193,4.18023475924404
"YHR195W",0.26716985801161,"low (<0.4)",112.158186353742,22.9567344801968,6.82219714896837
"YHR196W",0.165936015531737,"low (<0.4)",78.6915828417477,48.3043060026254,6.31635544728694
"YHR197W",0.108643227253041,"low (<0.4)",38.4405632603639,13.2223048509104,5.30160825023227
"YHR198C",0.295101374754331,"low (<0.4)",57.9015538581035,15.3437423749876,5.88023378860033
"YHR199C",0.565401240641222,"moderate (0.4-0.7)",137.387572471382,41.8565870216925,7.11257058116755
"YHR199C-A",-0.0403380421914713,"low (<0.4)",40.4015265152443,0.171332752287147,5.37161205718616
"YHR200W",0.13313679292603,"low (<0.4)",252.243979430253,101.149105532402,7.9843841608767
"YHR201C",0.0531921422672364,"low (<0.4)",87.0415699986697,33.1680679536627,6.46011296716249
"YHR202W",0.092398038282158,"low (<0.4)",26.1676264130011,4.7516312812983,4.76381662026403
"YHR204W",0.0858206395557807,"low (<0.4)",24.2876618089351,9.06840666293749,4.66036174111734
"YHR205W",0.131555426417219,"low (<0.4)",44.259435300005,23.5055106485195,5.50014667916153
"YHR206W",-0.0646034023508123,"low (<0.4)",53.1168576567338,3.0544356132091,5.75800616526864
"YIL158W",0.386502818437928,"low (<0.4)",98.2355142489,18.4971862890829,6.63278461732919
"YIL157C",0.133681463411132,"low (<0.4)",100.260979854728,30.1445076050061,6.66193453948188
"YIL154C",0.197383948342704,"low (<0.4)",122.152689409524,30.9428428233175,6.94430432354271
"YIL153W",0.183736530753758,"low (<0.4)",81.4939884127228,42.8065354917597,6.36621708451061
"YIL151C",0.225408224442139,"low (<0.4)",36.0142836172497,12.3577390311327,5.21001020149956
"YIL150C",0.244788519267893,"low (<0.4)",14.8727411861157,4.49443542509361,3.98847939471213
"YIL149C",0.156225467362902,"low (<0.4)",49.3258271322596,38.7820734872598,5.65322707370418
"YIL148W",0.196973293422583,"low (<0.4)",1136.47806242332,2572.59493162628,11.3295692845605
"YIL147C",0.0109950016706906,"low (<0.4)",32.633134158074,15.1392528254333,5.07181131989002
"YIL146C",0.158937077594561,"low (<0.4)",27.3628211030069,9.80204686779457,4.82592913200995
"YIL145C",0.471498836276518,"moderate (0.4-0.7)",121.031409126732,49.4862017490952,6.93110871427859
"YIL143C",0.121444763872984,"low (<0.4)",56.7691532545141,12.2208953791353,5.8522274435646
"YIL142W",0.187165419431532,"low (<0.4)",177.05019262708,99.2605085519907,7.47614018628436
"YIL140W",0.224273249685503,"low (<0.4)",22.4763708303435,7.53849558141868,4.55313749695797
"YIL139C",0.122346250150444,"low (<0.4)",36.8540900591829,13.3214369280559,5.24237728385157
"YIL138C",0.251341399568337,"low (<0.4)",406.321317595804,90.2794378391194,8.67002351107639
"YIL137C",0.369699083774671,"low (<0.4)",51.2506561864938,23.607162368844,5.70737725018722
"YIL136W",0.129851787384594,"low (<0.4)",278.086517265109,37.2831939054343,8.12456861892751
"YIL135C",0.117423005462112,"low (<0.4)",73.2697671326377,21.8812425615344,6.21470314974113
"YIL134C-A",0.24198736978888,"low (<0.4)",2.18359518278677,0.0395635916907971,1.67065689840791
"YIL134W",-0.115906545026017,"low (<0.4)",22.822648172364,7.34037965171176,4.57426188981826
"YIL133C",0.305690645200084,"low (<0.4)",583.951139687125,834.625275841648,9.70671232121744
"YIL132C",0.256500818108004,"low (<0.4)",11.9424063653753,0.841311910259285,3.69403397563615
"YIL131C",-0.0236391443723173,"low (<0.4)",33.3198024487352,8.15646501447037,5.10096934332359
"YIL130W",0.118614122539041,"low (<0.4)",26.5919032576992,6.32038011441328,4.78617307045279
"YIL129C",0.139436674139937,"low (<0.4)",23.1149181761391,19.5449946495979,4.59185400981493
"YIL128W",0.339098137876297,"low (<0.4)",26.0793859091519,12.3875128321817,4.75912311755704
"YIL127C",0.179818827713698,"low (<0.4)",100.080751086349,24.9133291698519,6.65936447923856
"YIL126W",0.224477950615209,"low (<0.4)",58.4380689529043,60.6115579629936,5.94512911223232
"YIL125W",0.470368926155539,"moderate (0.4-0.7)",109.209970290666,39.9895202044354,6.78411093490197
"YIL124W",0.463022553709978,"moderate (0.4-0.7)",135.966638588908,39.844593051423,7.09768072381092
"YIL123W",0.155656312775048,"low (<0.4)",136.491229188713,74.2486237713876,7.10319577925175
"YIL121W",0.939591838178364,"high (>=0.7)",18.2082822477952,3.42578851741108,4.26365660278234
"YIL118W",0.207279777572459,"low (<0.4)",90.7230913961097,12.9812283447949,6.51921307460631
"YIL117C",0.3857033100524,"low (<0.4)",41.1621181402212,2.66344868242633,5.39787544178736
"YIL116W",0.600249521231628,"moderate (0.4-0.7)",230.718566036388,23.9219729310857,7.85622983197289
"YIL115C",0.195582811559796,"low (<0.4)",40.3228532614826,33.9710132164167,5.36886796777557
"YIL114C",0.254982638500485,"low (<0.4)",35.1354586746367,12.5292761749812,5.17534330171912
"YIL113W",0.114676499144967,"low (<0.4)",30.3460034203456,6.12119387041573,4.97020960766901
"YIL112W",0.2104650653242,"low (<0.4)",55.2588296651223,19.7770412097035,5.8140076359174
"YIL111W",0.321517006774567,"low (<0.4)",139.076495581811,17.4693136369053,7.13007108592622
"YIL110W",0.159257079921258,"low (<0.4)",51.5096855447559,14.9049609750098,5.71451165097287
"YIL109C",0.447578047116298,"moderate (0.4-0.7)",156.836188337976,60.6312441922819,7.30228421103311
"YIL108W",0.356467454488001,"low (<0.4)",74.416675319732,20.0260001953745,6.23681164677958
"YIL107C",0.100881071770245,"low (<0.4)",50.3359370131777,8.47055361186014,5.68189721310506
"YIL106W",0.211484503166376,"low (<0.4)",93.5944889877878,20.6982353370561,6.56368423044373
"YIL105C",0.118751276003623,"low (<0.4)",62.7393422593244,16.5875433689469,5.99411222658382
"YIL104C",0.0779264024871981,"low (<0.4)",25.2602333532918,8.36487320418209,4.71480783123016
"YIL103W",0.0401776563673728,"low (<0.4)",49.6993030845525,11.9427683389704,5.66389401088579
"YIL102C-A",0.48376201974246,"moderate (0.4-0.7)",79.9529555202806,26.2153253383314,6.33901184788729
"YIL101C",0.14776635799626,"low (<0.4)",26.7922401503307,5.5847261490354,4.79661022030457
"YIL099W",0.188835427499925,"low (<0.4)",18.3178575805943,3.33750392792414,4.27186319789959
"YIL098C",0.0444989080613387,"low (<0.4)",82.8156099440711,12.5813147201758,6.38914705350954
"YIL097W",0.326317825745732,"low (<0.4)",30.947313600489,5.97802767256376,4.99762271719588
"YIL096C",0.221144800173532,"low (<0.4)",38.4083245721169,9.97661065384096,5.30042851011091
"YIL095W",0.025364340783289,"low (<0.4)",26.2780176445592,7.09655739673992,4.76966689913654
"YIL094C",0.190119528401473,"low (<0.4)",254.339602388159,77.7087235163328,7.9962735024438
"YIL093C",0.302039103331531,"low (<0.4)",76.7261171440961,18.4953954139993,6.28032754221009
"YIL092W",0.120628771279452,"low (<0.4)",16.3209000944918,4.91779534624434,4.11444199770712
"YIL091C",-0.00755420520395997,"low (<0.4)",52.9689276771533,18.8057633313697,5.75405711719472
"YIL090W",0.287748163172097,"low (<0.4)",52.4261545113222,22.9987974534813,5.73947427399636
"YIL089W",0.242850078740791,"low (<0.4)",16.3739053280165,0.311205789764403,4.11885017617136
"YIL088C",0.320638008462193,"low (<0.4)",78.7641722336897,19.2043616367949,6.31766896981186
"YIL087C",0.526633334721068,"moderate (0.4-0.7)",102.868628892628,37.1461925098185,6.69861617726948
"YIL085C",0.207362372811344,"low (<0.4)",61.539081511712,20.0780157793475,5.96668612597908
"YIL084C",-0.0346808808932937,"low (<0.4)",26.69788634056,10.7838983774089,4.79170398154668
"YIL083C",0.548857243436401,"moderate (0.4-0.7)",104.081199552165,23.7607752518787,6.71536076450701
"YIL079C",0.268708250100378,"low (<0.4)",42.6497902967258,15.6293801981979,5.44790281773176
"YIL078W",0.34608407901609,"low (<0.4)",330.311843600833,105.819040984005,8.37204596699015
"YIL077C",0.231705540705365,"low (<0.4)",75.21710235476,23.9010566358563,6.25204285525624
"YIL076W",0.286313781779407,"low (<0.4)",225.087838222552,100.653132835049,7.82073957811398
"YIL075C",0.180126785754265,"low (<0.4)",246.672481439607,110.174708202209,7.95228977133403
"YIL073C",0.281070200655741,"low (<0.4)",6.15029777281645,3.14028244181673,2.83800332390785
"YIL072W",0.244471128614285,"low (<0.4)",8.23499276192015,3.12759546813059,3.20711083047182
"YIL071C",-0.00756743483782943,"low (<0.4)",11.2952129169043,4.07629781075204,3.62002481327009
"YIL070C",0.372801406594989,"low (<0.4)",113.993757348279,26.721669255334,6.84541173366493
"YIL069C",0.324254486832884,"low (<0.4)",555.755873370629,676.303487681951,9.40365861451275
"YIL068C",0.129944753540113,"low (<0.4)",32.4420705843401,20.3574117842131,5.06359227033485
"YIL067C",0.216726544125616,"low (<0.4)",21.4486206093741,9.40133649971662,4.48855489392262
"YIL066C",-0.0198381076310616,"low (<0.4)",12.490432461376,1.40917270992507,3.75386469223819
"YIL065C",0.337607212920855,"low (<0.4)",139.892727663069,39.9608790752084,7.13845333701352
"YIL064W",0.291355782735067,"low (<0.4)",53.7177802817573,25.9936582730386,5.77393780096178
"YIL063C",-0.0379343448009891,"low (<0.4)",159.096940956137,35.262148531978,7.32280193167278
"YIL062C",0.349286388570003,"low (<0.4)",549.888498262099,254.560719236143,9.10561653165131
"YIL061C",0.280660189588402,"low (<0.4)",30.4491150079476,7.04617178435403,4.97494751448447
"YIL057C",0.313048163809245,"low (<0.4)",9.00021301272603,0.965771038914297,3.32195882580041
"YIL056W",0.650283984261813,"moderate (0.4-0.7)",64.4371485583458,30.1022627082148,6.03203797870551
"YIL055C",0.228994042687676,"low (<0.4)",18.6314042751158,6.51499341261302,4.29509147035492
"YIL054W",-0.13747187825138,"low (<0.4)",5.2112455142603,0.0735987059074122,2.63488259486647
"YIL053W",0.402350580378625,"moderate (0.4-0.7)",829.854682569916,872.742168011711,9.77106380839292
"YIL052C",0.194295193000458,"low (<0.4)",637.849063053094,1543.38842432102,10.5928199306401
"YIL049W",0.397012627341992,"low (<0.4)",20.4609970890186,7.46678907301926,4.4236452008963
"YIL048W",-0.0158929858271253,"low (<0.4)",38.2001023187667,17.8313042356399,5.29278551490603
"YIL045W",0.140895633749406,"low (<0.4)",59.6791138358656,13.4194133357723,5.92312811135666
"YIL044C",0.212709859494841,"low (<0.4)",106.253787941313,34.899444152831,6.74488479085753
"YIL043C",0.27745258019757,"low (<0.4)",319.0744213681,103.016183604778,8.32226357881109
"YIL042C",0.386408548766391,"low (<0.4)",57.7709495955483,18.2662736806991,5.87703130384394
"YIL041W",0.253257649666935,"low (<0.4)",252.208561703034,119.810792914697,7.98418237699627
"YIL040W",0.402611810241746,"moderate (0.4-0.7)",276.974707780702,213.35961631138,8.11880981150292
"YIL039W",0.231103305001895,"low (<0.4)",76.0314589167342,36.5296857842363,6.26737584399845
"YIL038C",0.322670830073334,"low (<0.4)",61.4958314100265,22.665651176189,5.96568805738768
"YIL037C",-0.00822084577391819,"low (<0.4)",5.07955682227068,0.635384486609468,2.60396616024523
"YIL036W",0.0918054812781796,"low (<0.4)",77.9669586096009,21.9449710066088,6.30317722132329
"YIL035C",0.374643301393225,"low (<0.4)",120.42731925574,45.9328002872996,6.92394923180283
"YIL034C",0.242697659508797,"low (<0.4)",203.745694574839,92.4638404348215,7.67768930473827
"YIL033C",0.223755052555027,"low (<0.4)",220.270540253607,71.9298073373871,7.78966757467234
"YIL031W",0.000187015087403399,"low (<0.4)",19.4358437642467,10.4960022782516,4.35302990611302
"YIL030C",0.202390563453152,"low (<0.4)",44.053268244008,23.4604707243449,5.49355986038008
"YIL027C",0.148305039193239,"low (<0.4)",145.282423112989,47.0973570082083,7.19261261946204
"YIL026C",0.168693804676731,"low (<0.4)",28.2904028306739,18.8853460175515,4.87235612961434
"YIL024C",-0.0560916013641437,"low (<0.4)",25.3710629341292,2.22873102554445,4.72088381773532
"YIL023C",0.125532315715019,"low (<0.4)",45.4804253675139,16.4828899257124,5.53855136657289
"YIL022W",0.351437259094453,"low (<0.4)",136.569511489692,49.924931343413,7.10401696143996
"YIL021W",0.256318810442946,"low (<0.4)",45.168402854664,40.5500025272247,5.5288339196829
"YIL020C",0.233653978530535,"low (<0.4)",46.9110497325376,10.9109678327231,5.5822865181956
"YIL019W",0.246777663997562,"low (<0.4)",54.0140736794406,14.6283740898072,5.78172883043794
"YIL018W",0.311993571501065,"low (<0.4)",1083.11630745978,930.092538159628,10.0823038265884
"YIL017C",0.111557240655232,"low (<0.4)",35.4755183263706,9.65165330029071,5.18885657423879
"YIL016W",0.0604664288834,"low (<0.4)",81.2624849529634,48.2114096178196,6.3621627477513
"YIL015W",0.753796654307335,"high (>=0.7)",5.5908898753447,4.16620758233542,2.72047326524469
"YIL009C-A",0.459985396609531,"moderate (0.4-0.7)",50.7683301305381,14.9789745365747,5.69399787742373
"YIL009W",0.265074019805301,"low (<0.4)",45.5321832028986,11.5954222598789,5.54015697212018
"YIL008W",0.23779450202301,"low (<0.4)",151.535952452058,26.567920541548,7.2530055131792
"YIL007C",-0.104671574207778,"low (<0.4)",73.2711454647749,15.32844903967,6.2147299236838
"YIL006W",-0.0538367016376379,"low (<0.4)",18.7530057521458,2.0871524822964,4.30400029520349
"YIL005W",0.249487614553841,"low (<0.4)",44.923640106206,22.6322523526613,5.52116509567787
"YIL004C",0.0405323731431088,"low (<0.4)",75.1491029332913,22.4709458878599,6.25075513617885
"YIL003W",0.193738654081173,"low (<0.4)",50.9840687097563,14.6525661916224,5.69999765054565
"YIL002W-A",0.296192584917822,"low (<0.4)",279.237579576161,34.7550901049384,8.130506622463
"YIL002C",0.103726853951169,"low (<0.4)",34.9636480725696,11.2817125052916,5.16846746694271
"YIL001W",0.232678517620168,"low (<0.4)",25.2952058965125,10.6048302270485,4.71672788832946
"YIR001C",0.267577638132711,"low (<0.4)",79.5919275957603,6.55209824987001,6.33256343487137
"YIR002C",0.37077445047412,"low (<0.4)",26.5904229795096,21.4038796634321,4.78609566922129
"YIR003W",0.195489646654711,"low (<0.4)",61.9358302271049,17.3290111145114,5.97580969185931
"YIR004W",0.317653830620539,"low (<0.4)",75.9214125096876,25.4723723788783,6.26531335005102
"YIR005W",0.469326344625721,"moderate (0.4-0.7)",41.8999723730721,6.27126595372483,5.42290481353888
"YIR006C",-0.0656156040356588,"low (<0.4)",82.1528043488397,63.8770481554556,6.37769301446653
"YIR007W",0.190640400593109,"low (<0.4)",27.4221936590401,3.96373188828852,4.82894600270115
"YIR008C",0.0770668862888024,"low (<0.4)",35.7073799728573,5.38229064114689,5.19799823915158
"YIR009W",0.31979563632886,"low (<0.4)",44.0442671920069,0.199698903540559,5.49327160003944
"YIR010W",-0.0323225191881619,"low (<0.4)",33.6565993292238,7.90014875776463,5.11505819221397
"YIR021W",0.467064737125,"moderate (0.4-0.7)",11.8762045709679,9.20090829597614,3.68663549784513
"YIR022W",0.382531505958537,"low (<0.4)",120.185258233521,56.5577402268465,6.92107040040966
"YIR023W",-0.0981589462399362,"low (<0.4)",16.9294421982575,6.00554235984014,4.16425870019763
"YIR024C",0.250201558786387,"low (<0.4)",56.5586824642991,20.6794781385849,5.84696166361643
"YIR025W",0.00402651408036876,"low (<0.4)",29.2091593471207,8.91394782746982,4.9169141325575
"YIR026C",0.120900505029144,"low (<0.4)",56.4122702539813,20.452495952208,5.84328720012905
"YIR027C",0.732197369774838,"high (>=0.7)",12.0227276071072,1.15019314704729,3.70295974716317
"YIR028W",0.428114536685046,"moderate (0.4-0.7)",4.24333583522664,1.12980031618589,2.39048495331171
"YIR029W",-0.153634623268434,"low (<0.4)",13.0470397386284,3.00492915391482,3.81219422502206
"YIR030C",0.0369293202924044,"low (<0.4)",3.46331077386477,1.26374134003092,2.1581142628533
"YIR031C",0.488751474717962,"moderate (0.4-0.7)",11.4965673851991,2.7102968184931,3.64345995805975
"YIR032C",0.616972796109092,"moderate (0.4-0.7)",16.4799332352891,2.78771148716642,4.12762776935394
"YIR033W",0.11818256991314,"low (<0.4)",124.062256924366,75.5383193729148,6.96650264783296
"YIR035C",0.447241835606115,"moderate (0.4-0.7)",127.445173580644,48.0387054012666,7.00500887073288
"YIR036C",0.47631425943204,"moderate (0.4-0.7)",71.981761787203,32.5887472525207,6.18946407303615
"YIR037W",0.451977125448154,"moderate (0.4-0.7)",333.638879273721,147.228788783752,8.38646126120259
"YIR038C",0.798973685658966,"high (>=0.7)",227.619451248829,63.3732049136333,7.83680434497368
"YJL209W",0.0871055640754586,"low (<0.4)",23.5757824718809,8.3761088729415,4.61916544635987
"YJL208C",0.0779224347650039,"low (<0.4)",63.3364299054179,14.1548187147746,6.00756397646938
"YJL207C",0.288781363365171,"low (<0.4)",23.0732154014893,37.7778576465121,5.27716119621426
"YJL206C",-0.00790724452490231,"low (<0.4)",13.0465974408425,4.64673066506879,3.81214879830724
"YJL205C",0.276456580867182,"low (<0.4)",45.7788179856018,13.6932191545259,5.54778350279713
"YJL204C",0.0967403929993365,"low (<0.4)",14.2878765112586,8.36270169590138,3.93431612490653
"YJL203W",0.154285663150098,"low (<0.4)",22.4887107700597,8.12524457286517,4.55389562489627
"YJL201W",0.281574334202905,"low (<0.4)",38.0192951353048,11.6207017398078,5.28611581148153
"YJL200C",0.386675666042257,"low (<0.4)",80.7653559557153,16.7682633711719,6.35341779651599
"YJL198W",0.160237094552469,"low (<0.4)",37.275989831864,22.2772378518456,5.25836778174519
"YJL197W",0.180645434172621,"low (<0.4)",27.7404667493236,17.2737529395143,4.84501158644832
"YJL196C",0.198437649067167,"low (<0.4)",160.030659722882,43.03716381655,7.33119158879172
"YJL194W",0.0450349881777847,"low (<0.4)",10.1979144250163,5.48239288823968,3.48515815495032
"YJL193W",0.290424812430529,"low (<0.4)",17.5829334656027,5.71913877671524,4.21590635560819
"YJL192C",0.110558725906218,"low (<0.4)",129.265267388255,46.9544724764725,7.02530865935729
"YJL191W",0.415467706240939,"moderate (0.4-0.7)",337.182148674082,441.111542931847,8.78826659136627
"YJL190C",0.232687355675184,"low (<0.4)",1786.4788877986,1445.63702630034,10.80371048675
"YJL189W",0.00971163292733781,"low (<0.4)",13.1201896412614,214.189402330388,7.74946321942637
"YJL187C",0.0205239296356302,"low (<0.4)",37.8016190886169,9.20703041863215,5.27804494839212
"YJL186W",0.42590174871494,"moderate (0.4-0.7)",65.0254929187616,21.7085394982332,6.04495126187872
"YJL185C",0.190497090499739,"low (<0.4)",27.0867867542785,4.38591387499655,4.81181967845345
"YJL184W",0.269027364937843,"low (<0.4)",94.0236352118324,17.4352196828278,6.57021449424573
"YJL183W",0.184793829471868,"low (<0.4)",87.6232910578236,30.7736756783394,6.46961399770582
"YJL181W",0.00637187047670645,"low (<0.4)",20.6344052068495,3.58029200522936,4.43525555228112
"YJL180C",0.519227759275464,"moderate (0.4-0.7)",45.6813900335048,15.8016805464765,5.54477561575667
"YJL179W",0.11258434338525,"low (<0.4)",137.575119206243,29.0788094304871,7.11452443844729
"YJL178C",0.0977193592207644,"low (<0.4)",116.103486975515,44.7033641577462,6.87164022519869
"YJL177W",0.164239732089727,"low (<0.4)",611.013109118598,682.127072656638,9.41601015780635
"YJL176C",0.141402523461485,"low (<0.4)",39.3874098407424,19.243154744793,5.3358337197662
"YJL173C",0.194577373131737,"low (<0.4)",162.714255829578,51.6269935467118,7.35503614334706
"YJL164C",0.266985409388169,"low (<0.4)",86.2886215997443,24.4807782916125,6.44772170027139
"YJL163C",0.0686078166456413,"low (<0.4)",31.1865618271779,7.05045152777788,5.00838657105687
"YJL162C",0.28076527566162,"low (<0.4)",15.151765608687,6.05348628863076,4.0136199747086
"YJL161W",0.198656079430773,"low (<0.4)",44.3824713133902,7.27373657127271,5.50406326834219
"YJL160C",0.0369548720052123,"low (<0.4)",4.8562318768848,0.547093153714167,2.54997267811118
"YJL155C",0.251083446169959,"low (<0.4)",52.9111575597275,10.3420941140292,5.75251198178432
"YJL154C",0.371159863142721,"low (<0.4)",64.5555088987375,29.3468549819657,6.03464511602002
"YJL153C",0.732843485863941,"high (>=0.7)",503.194449915268,239.562915776524,8.97783642712272
"YJL151C",0.407701206620232,"moderate (0.4-0.7)",316.819960208371,100.35041250794,8.31206592361582
"YJL149W",0.553594690064142,"moderate (0.4-0.7)",46.253065361493,9.99761064048374,5.56233601656771
"YJL148W",0.267944527807144,"low (<0.4)",190.587062137718,104.742394315163,7.58185632903266
"YJL147C",0.181557431413974,"low (<0.4)",16.691299449954,5.78566325476546,4.14496811471634
"YJL146W",0.293217190020371,"low (<0.4)",34.8306130599572,4.87786929335556,5.16312082308557
"YJL145W",0.341674811299622,"low (<0.4)",64.5969117102033,36.2320783272798,6.03555598952868
"YJL144W",0.252326612772984,"low (<0.4)",266.208468024011,28.1255827848774,8.0618219183302
"YJL141C",0.380587383063125,"low (<0.4)",111.646228993701,25.6622415082625,6.81565520771426
"YJL140W",0.357415151545239,"low (<0.4)",293.946490975956,67.1606689480321,8.20430943507719
"YJL139C",0.304550590842068,"low (<0.4)",29.8226180574324,12.6971518515066,4.94591750372446
"YJL137C",0.135318981364687,"low (<0.4)",21.1221483780827,5.31374890630686,4.46741959365619
"YJL136C",-0.0987999699216727,"low (<0.4)",901.646202754713,439.287824063166,9.81801681585353
"YJL134W",0.282757272588072,"low (<0.4)",41.0766744395533,10.8705804174137,5.39494877957563
"YJL133C-A",0.128521583081963,"low (<0.4)",765.500180157937,56.9746300909174,9.58214232074936
"YJL133W",0.242210143678444,"low (<0.4)",65.5667088976271,25.1253981734385,6.05672893710402
"YJL132W",0.00695839208911697,"low (<0.4)",12.3606184366781,3.0033632028923,3.73991488375313
"YJL131C",0.0247628999470004,"low (<0.4)",37.8721298506624,11.8421059180482,5.28066425172341
"YJL130C",0.167509031846437,"low (<0.4)",71.1688907503693,47.9780188693756,6.17330517532315
"YJL129C",0.148945818026029,"low (<0.4)",42.208937914971,22.6383035943805,5.43325786449504
"YJL128C",-0.0257215513992012,"low (<0.4)",63.4835414859292,16.732447626755,6.01085907485563
"YJL127C-B",0.30560290846321,"low (<0.4)",340.90639946025,48.2681324488566,8.41745761571411
"YJL127C",0.312071107955044,"low (<0.4)",26.6655579431383,4.83747094888435,4.79001911440936
"YJL126W",0.096474184449314,"low (<0.4)",23.4344894437089,7.29458587717783,4.61084705481369
"YJL125C",0.154967104854409,"low (<0.4)",69.9146254666087,14.9818420240992,6.14801129516106
"YJL124C",0.217309465455746,"low (<0.4)",204.137496141802,74.1495849586071,7.68044740930383
"YJL123C",0.347876623373475,"low (<0.4)",225.160505221234,94.1020898392944,7.82120320090467
"YJL122W",0.145118486684874,"low (<0.4)",174.805097066663,83.4589961266792,7.45783308850517
"YJL121C",0.312559169452737,"low (<0.4)",149.227860634476,93.4785244859229,7.23100858366434
"YJL118W",0.193248346048171,"low (<0.4)",15.8839275639295,9.05457339895878,4.07757863980355
"YJL117W",0.249781396322357,"low (<0.4)",122.717201024658,38.9806599834696,6.95090228918163
"YJL116C",0.199944327571466,"low (<0.4)",353.119878534602,6.09276240368224,8.46809402152484
"YJL115W",0.131341939042952,"low (<0.4)",160.561793139697,15.9273733546035,7.33594225318011
"YJL112W",0.141423842895369,"low (<0.4)",46.655510532613,15.2815387211749,5.57457114130831
"YJL111W",0.130112081014599,"low (<0.4)",191.848665031976,77.742807293487,7.59132534892048
"YJL110C",0.200368233701312,"low (<0.4)",49.5206460100214,14.6414546889646,5.65880118194425
"YJL109C",0.0174565486378959,"low (<0.4)",52.8553181117634,45.1592566899255,5.75101691012365
"YJL108C",0.117917894258243,"low (<0.4)",119.994907589574,34.5546396527651,6.91880251868062
"YJL107C",-0.0928084533463099,"low (<0.4)",100.363617870515,40.088361099167,6.66339611296023
"YJL106W",0.220195021054645,"low (<0.4)",13.0919803250083,2.78020938318345,3.81680246056714
"YJL105W",0.0527575639651845,"low (<0.4)",29.6801865562714,0.921199275138763,4.93923535031586
"YJL104W",0.132499094961216,"low (<0.4)",197.074810325007,61.5841265724799,7.6299016104873
"YJL103C",-0.124931293242801,"low (<0.4)",26.3017259986093,3.61933061523,4.77092025522376
"YJL102W",0.0708604847125664,"low (<0.4)",26.245705829292,7.33868575521217,4.7679569608515
"YJL101C",0.362995421903498,"low (<0.4)",105.212097312535,26.3341325821428,6.73080428490787
"YJL100W",0.0749051353797507,"low (<0.4)",41.2478535287384,12.3281997965256,5.4008061396642
"YJL099W",0.0519422653532229,"low (<0.4)",16.4678641884695,6.286211985723,4.1266313142998
"YJL098W",0.181452333391015,"low (<0.4)",27.682034227727,11.447480581501,4.84207544341042
"YJL097W",0.368405328991379,"low (<0.4)",150.653345976205,85.0253572901293,7.2446335187294
"YJL096W",-0.0493665402702487,"low (<0.4)",141.402092105199,39.4330918604974,7.1538265316382
"YJL095W",0.147139376022817,"low (<0.4)",20.1201920351917,14.4346292425846,4.40055104733748
"YJL094C",0.102127534937953,"low (<0.4)",50.8684904030961,19.1664963590159,5.69678647654823
"YJL093C",0.578686973890778,"moderate (0.4-0.7)",28.4904265951006,12.4129366885111,4.88217478680836
"YJL092W",0.338300216641062,"low (<0.4)",27.0329862078967,14.3783881320674,4.80905353022641
"YJL091C",0.501455639124648,"moderate (0.4-0.7)",48.3114203139264,22.6727118337711,5.62384990218488
"YJL083W",0.554208875016716,"moderate (0.4-0.7)",24.8042371508263,14.1525411795981,4.68953607582951
"YJL082W",0.0796708768576708,"low (<0.4)",64.2657022542169,9.01486434829794,6.02825313586435
"YJL081C",0.310599761766962,"low (<0.4)",68.6170722842268,25.4287184635885,6.12136923831062
"YJL080C",0.111392312322458,"low (<0.4)",114.31303985375,116.217498989219,6.87304415049438
"YJL079C",0.194083176327857,"low (<0.4)",279.68669485013,17.1371775943213,8.13281686841434
"YJL078C",0.329271895565748,"low (<0.4)",46.6336432926362,21.9767196727164,5.57390899335212
"YJL077W-B",0.118363312251038,"low (<0.4)",53.2215323593787,0.463800595321301,5.76079398076748
"YJL076W",0.362268695441776,"low (<0.4)",51.5034571376599,33.7229541801056,5.71434051635465
"YJL074C",-0.160830193181734,"low (<0.4)",24.6212394837113,16.0906128030513,4.67926836579521
"YJL073W",0.293896691296668,"low (<0.4)",50.9917090408446,20.5050430756681,5.70020967430792
"YJL072C",0.584704015506504,"moderate (0.4-0.7)",42.1855105748896,16.1461846177473,5.43247544134689
"YJL071W",0.470678279200244,"moderate (0.4-0.7)",26.0889267321291,7.03842664199031,4.75963132973743
"YJL070C",0.189683113987253,"low (<0.4)",26.5086990571013,8.70164457850707,4.78181600814207
"YJL069C",0.183952978185271,"low (<0.4)",49.5342914414161,21.8704610499918,5.65919079568941
"YJL068C",0.568581845947033,"moderate (0.4-0.7)",105.190338754795,38.744875476958,6.73050870483788
"YJL066C",-0.0608083126715995,"low (<0.4)",54.292301717259,27.5409295487688,5.78900672457963
"YJL065C",0.302386820967271,"low (<0.4)",22.4172080475921,39.1113279981193,5.32593782629995
"YJL063C",0.315723804652086,"low (<0.4)",126.84744496286,35.7966276492707,6.99827951831483
"YJL062W-A",0.245412959446969,"low (<0.4)",257.520581853233,86.4236554336495,8.01413533358595
"YJL062W",0.467160950732445,"moderate (0.4-0.7)",26.7815190977527,16.6599144119121,4.79605358315105
"YJL061W",0.271372972446499,"low (<0.4)",41.0329841038884,13.6041299326522,5.39344997819278
"YJL060W",0.690687265018247,"moderate (0.4-0.7)",92.1512029712519,21.0915430124588,6.54150249539569
"YJL059W",0.08961823248844,"low (<0.4)",20.1241960882756,6.63578072435531,4.40082453348802
"YJL058C",0.209632760553789,"low (<0.4)",14.450748292352,5.18422336901501,3.9496048056075
"YJL057C",0.202450892277938,"low (<0.4)",65.1429699282699,18.8848764165882,6.04751592125386
"YJL056C",0.0988857245177607,"low (<0.4)",28.257448238534,10.7735063448755,4.8707320415972
"YJL055W",0.292888281497824,"low (<0.4)",283.107932108432,109.871890416786,8.15029530097042
"YJL054W",-0.0316928124622704,"low (<0.4)",70.6178694706472,20.6329661647256,6.16224769606674
"YJL053W",0.0877995813074252,"low (<0.4)",63.1047710319604,13.875840069746,6.0023598290793
"YJL052W",0.282381946821551,"low (<0.4)",3226.24917997082,220.168992620929,11.6560892590873
"YJL051W",0.242516112894528,"low (<0.4)",23.2690383216007,5.04074971667323,4.60104503666253
"YJL050W",0.0537050850304457,"low (<0.4)",59.2230486235194,23.5047036463051,5.91224383720281
"YJL049W",0.0640350674699762,"low (<0.4)",46.8057218444829,7.4591373469422,5.57911139892245
"YJL048C",0.524518183411068,"moderate (0.4-0.7)",330.161358273135,40.2901188820691,8.37139053084838
"YJL047C-A",0.0945914173665493,"low (<0.4)",20.3192651490698,0.798854123883607,4.41408580577695
"YJL047C",0.42282530364286,"moderate (0.4-0.7)",19.4322217925415,8.24071752374616,4.35277418563495
"YJL046W",0.151296346876641,"low (<0.4)",32.8233097380802,8.15524008674883,5.07994593467915
"YJL045W",0.127521162126474,"low (<0.4)",3.1875569044095,0.406702748822088,2.06610879527009
"YJL044C",0.0312587720813042,"low (<0.4)",54.4012244156156,20.2095307336905,5.79184595633902
"YJL043W",-0.0718451390826197,"low (<0.4)",2.75270558156758,0.00611714186979738,1.90793110805754
"YJL042W",0.191602713635677,"low (<0.4)",49.3215150399356,12.8779653885722,5.65310345326709
"YJL041W",0.504937906376986,"moderate (0.4-0.7)",65.8401460370133,31.5114975804063,6.06264298039066
"YJL039C",0.102354799421513,"low (<0.4)",34.0751505804332,11.2959016234152,5.13237739235129
"YJL038C",0.112978713995542,"low (<0.4)",5.33675765531682,0.126340882618972,2.66374484176528
"YJL037W",0.631235823880852,"moderate (0.4-0.7)",7.35002151433095,2.55747582691535,3.06177991478173
"YJL036W",0.56681319462319,"moderate (0.4-0.7)",94.321845388676,21.6410077331863,6.57473497662243
"YJL035C",0.528014793618216,"moderate (0.4-0.7)",60.8065205429068,21.1085027126413,5.94968714432242
"YJL034W",0.276150381154973,"low (<0.4)",1170.08534924778,745.432087173678,10.193630508622
"YJL033W",-0.0919127155707068,"low (<0.4)",64.5222782234131,25.0598764384337,6.0339136155488
"YJL031C",0.359675508579154,"low (<0.4)",51.784681982672,15.148287968155,5.72204741776839
"YJL030W",0.179242765238366,"low (<0.4)",74.111418875412,28.7225610046116,6.23096034620391
"YJL029C",0.220326789435168,"low (<0.4)",36.374594311357,12.3248725171195,5.22398601431396
"YJL027C",-0.0577394915234152,"low (<0.4)",2.03882127117872,0.110326196236393,1.60351182498631
"YJL026W",0.753362789172476,"high (>=0.7)",349.998076898884,85.7237855226432,8.45531931587139
"YJL025W",0.0512293032562234,"low (<0.4)",17.0610960486511,5.14433002364043,4.17481354119299
"YJL024C",0.302780117962496,"low (<0.4)",60.0619000743177,28.3696401784652,5.93220057773611
"YJL023C",0.109540808230986,"low (<0.4)",20.3793674704021,7.57631406209561,4.41814726502653
"YJL019W",0.249288084971223,"low (<0.4)",14.8904418646197,11.7097638144391,3.99008733707111
"YJL014W",0.299946054827135,"low (<0.4)",145.947861880883,71.5289796970659,7.19916055743163
"YJL013C",0.204113972770353,"low (<0.4)",33.2697136981215,9.83246179060401,5.09886223398619
"YJL012C",0.113778060459968,"low (<0.4)",66.0536409652724,19.1351419749104,6.06724376646421
"YJL011C",0.248208636785061,"low (<0.4)",55.7715801260425,16.5044994077115,5.82709699165746
"YJL010C",-0.106136528926551,"low (<0.4)",50.2364045904498,20.7565040078491,5.6790973359549
"YJL008C",0.0958760429103909,"low (<0.4)",126.236425156168,60.497456539056,6.99136793326967
"YJL006C",-0.0104305627481106,"low (<0.4)",31.1418478527258,8.10634342282303,5.00638096762565
"YJL005W",0.260600958150063,"low (<0.4)",36.3049682454715,21.1791666507011,5.22129587512098
"YJL004C",0.521618454657688,"moderate (0.4-0.7)",78.4849872538766,25.6224986348995,6.31261049164083
"YJL003W",0.221245868141493,"low (<0.4)",89.2612962134042,14.3602983211427,6.49603559166536
"YJL002C",0.223594735447618,"low (<0.4)",146.728475636201,49.9900846642785,7.20680413164925
"YJL001W",0.363415349987278,"low (<0.4)",275.42465800719,192.629833225747,8.11074250448058
"YJR001W",0.316813654475216,"low (<0.4)",79.4326520672473,29.9221429382901,6.32970938500467
"YJR002W",0.16938100650773,"low (<0.4)",89.8853773303494,42.9475082948111,6.50597629084707
"YJR003C",-0.0849272214804571,"low (<0.4)",43.4055768165104,19.1159423412367,5.47266896831597
"YJR004C",0.934447748467701,"high (>=0.7)",16.9039115474046,4.39503656230604,4.16220290883241
"YJR005W",0.153438960589608,"low (<0.4)",55.0537517504069,18.568955948206,5.80873903260255
"YJR005C-A",0.310934137812665,"low (<0.4)",63.9305441876924,1.04380441039598,6.02082539563695
"YJR006W",0.491786716696363,"moderate (0.4-0.7)",59.3295500207657,13.0918096107948,5.91479291668108
"YJR007W",0.195520736844017,"low (<0.4)",289.59108373725,106.876558009838,8.182846626932
"YJR008W",0.098247404754996,"low (<0.4)",107.04918088357,14.3256284340326,6.75554432500138
"YJR010W",0.880900951990931,"high (>=0.7)",100.387374366007,18.7779321385409,6.66373419641929
"YJR010C-A",0.179745475679555,"low (<0.4)",110.324449219954,9.16584177019707,6.79862666380925
"YJR011C",0.152719009680032,"low (<0.4)",27.8828889560131,7.73737811097738,4.85214314715622
"YJR012C",0.346887953249479,"low (<0.4)",24.1682370495305,12.8577792375653,4.65353225898356
"YJR013W",0.188407618196044,"low (<0.4)",29.5059249906903,10.8084124298296,4.93101757115378
"YJR014W",0.357600716288083,"low (<0.4)",250.434325878517,139.647499703365,7.97403781007489
"YJR015W",0.609726697534584,"moderate (0.4-0.7)",37.7107236243338,7.64990420011921,5.27466137124609
"YJR016C",0.214527174789104,"low (<0.4)",342.330408714328,64.50048627082,8.42345383197669
"YJR019C",0.41710420801882,"moderate (0.4-0.7)",31.3223847238823,10.5510683861678,5.01446173797705
"YJR021C",0.190657165758508,"low (<0.4)",36.2155905281732,11.2072932190433,5.21783522336359
"YJR024C",0.285433923142547,"low (<0.4)",71.9216506001435,23.0197909752982,6.18827531240388
"YJR025C",0.549830859610138,"moderate (0.4-0.7)",301.449533225568,47.4992258120283,8.24055062393301
"YJR030C",0.156466440315109,"low (<0.4)",21.1391042677177,1.09737110372959,4.46852494778084
"YJR031C",0.00253621838233938,"low (<0.4)",15.427699574569,9.23642985040048,4.03805856393235
"YJR032W",0.189179800255029,"low (<0.4)",48.7298609173815,14.7937265618329,5.63604049115805
"YJR033C",0.053766755072336,"low (<0.4)",19.8212460553669,6.66017560194336,4.37998450474016
"YJR034W",0.097149708138782,"low (<0.4)",83.2826117227999,11.3692962952706,6.39716311551092
"YJR035W",0.0704675335337704,"low (<0.4)",21.2368195441778,9.00668159798646,4.47487855399373
"YJR036C",0.214130712522208,"low (<0.4)",13.2787922949719,4.9573476132751,3.83580205578539
"YJR039W",0.205007080143026,"low (<0.4)",20.0164257880989,5.95904375302987,4.39344542944738
"YJR040W",0.0956219576448001,"low (<0.4)",31.3961319285491,11.4308981876411,5.0177496616813
"YJR041C",-0.030913640805769,"low (<0.4)",23.1962654375792,11.3063910435022,4.59671248740977
"YJR042W",0.141189495936765,"low (<0.4)",69.785384295976,20.1057295630592,6.14537959953922
"YJR043C",0.178696663631828,"low (<0.4)",35.1583675750053,11.0839426677744,5.17625764142902
"YJR044C",0.418900611021004,"moderate (0.4-0.7)",181.093312501865,56.6612956566259,7.5085341291265
"YJR045C",0.218915690037142,"low (<0.4)",759.872209950736,210.68740099875,9.57151036025588
"YJR046W",0.266541969731855,"low (<0.4)",62.8567103216188,14.4640246094454,5.99676632701658
"YJR047C",0.345366481680059,"low (<0.4)",257.753128204432,29.4952522468122,8.01543249400114
"YJR048W",0.551715653235074,"moderate (0.4-0.7)",1061.41201681989,363.683681348979,10.0531276547092
"YJR049C",0.187264523502699,"low (<0.4)",86.9484712083402,18.4170644738613,6.45858659470722
"YJR050W",0.485561370722235,"moderate (0.4-0.7)",49.8225751192413,13.9930417780043,5.66739757176697
"YJR051W",0.0574070508033298,"low (<0.4)",62.4302462504025,18.5272986094193,5.98709903793383
"YJR052W",0.127851303085677,"low (<0.4)",31.5471517829142,10.0055206732361,5.02445939285723
"YJR053W",-0.0274497795638922,"low (<0.4)",8.81712655024643,1.53416160974634,3.29530081289625
"YJR054W",-0.0311632438409023,"low (<0.4)",26.9841320196966,10.9007176777264,4.80653709542424
"YJR055W",0.178115667784143,"low (<0.4)",30.5641624075714,10.840911787942,4.98021556287482
"YJR056C",0.163166391029964,"low (<0.4)",40.6408532889213,9.94035704023255,5.37992772699929
"YJR057W",0.187602718377461,"low (<0.4)",53.9477522607177,20.9928177277901,5.77998856116394
"YJR058C",0.226507555766303,"low (<0.4)",126.083840248859,42.0170155123559,6.98963678128968
"YJR060W",0.471055020892707,"moderate (0.4-0.7)",50.7586126687888,18.375386407863,5.69372704292331
"YJR061W",0.358071818608769,"low (<0.4)",43.6335850400223,7.39601497073838,5.48005778567475
"YJR062C",0.0757639060671255,"low (<0.4)",33.6399559231048,3.51261528664756,5.11436518922571
"YJR063W",0.106162932034335,"low (<0.4)",136.238533545375,48.4327552116676,7.10054180502864
"YJR064W",0.172078905944825,"low (<0.4)",148.15436549465,53.8924906317144,7.22066239329642
"YJR065C",0.177480874474406,"low (<0.4)",269.284483270019,115.950962563873,8.07833488051542
"YJR066W",-0.00984567810326993,"low (<0.4)",15.8086335462113,14.0632518573377,4.0711305406849
"YJR067C",0.236038852287036,"low (<0.4)",65.1559338400952,11.2930710496006,6.04779865936927
"YJR068W",0.204598899168277,"low (<0.4)",87.1382826350347,21.8120931563672,6.46169688101874
"YJR069C",0.374494146411748,"low (<0.4)",74.6021084128131,33.5997515420039,6.24035456417887
"YJR070C",0.0329291412557332,"low (<0.4)",162.501120276949,107.115767144153,7.35315671058959
"YJR072C",0.172500470145648,"low (<0.4)",77.8699344539466,31.6460993975928,6.30140353859141
"YJR073C",0.363396138840142,"low (<0.4)",865.985809207323,485.105577399624,9.75986456943432
"YJR074W",0.169725364102673,"low (<0.4)",119.684506836581,77.4909819821848,6.91509666831413
"YJR075W",0.568379334535857,"moderate (0.4-0.7)",110.880847000714,42.1098398635707,6.80581927075281
"YJR076C",0.0942497257317648,"low (<0.4)",120.422380197238,30.6265696977579,6.92389054896134
"YJR077C",0.527796318895749,"moderate (0.4-0.7)",405.016536770853,152.556251696943,8.66539467834637
"YJR078W",0.509829546148759,"moderate (0.4-0.7)",44.1778030780717,6.05924930391364,5.49754221144763
"YJR079W",0.162318729577814,"low (<0.4)",8.03629951027936,3.30197353899698,3.17573208999102
"YJR082C",0.359717751801004,"low (<0.4)",120.956553346606,27.6145459095834,6.93022347334242
"YJR083C",0.511461512779073,"moderate (0.4-0.7)",31.6560362472855,11.3001620526949,5.0292777837226
"YJR084W",0.080367815210158,"low (<0.4)",36.794364404525,12.1457771912455,5.24009922214356
"YJR085C",0.264576411129079,"low (<0.4)",437.942674058156,103.418153157769,8.77788872577148
"YJR086W",0.943631529570151,"high (>=0.7)",45.1290848154145,1.23080294530273,5.52760476501995
"YJR088C",0.157470459712174,"low (<0.4)",77.9450937896314,37.5627907523565,6.3027777044142
"YJR089W",-0.031786308665335,"low (<0.4)",23.3114013728592,13.9770512010716,4.60356115137221
"YJR090C",0.400174193301158,"moderate (0.4-0.7)",35.5689376251681,18.1038209854927,5.19254681002263
"YJR091C",0.105589084993687,"low (<0.4)",61.1536170872317,8.83514880661147,5.95776644758049
"YJR092W",0.195640620746821,"low (<0.4)",33.6375742239856,13.4901011591425,5.11426599211224
"YJR093C",0.423009472282691,"moderate (0.4-0.7)",50.8954370477226,14.9043472553844,5.69753578880732
"YJR094C",0.354575665350323,"low (<0.4)",2.95988847791295,0.39257650351486,1.98545980034844
"YJR094W-A",0.346254733262336,"low (<0.4)",717.945894108443,718.54880528844,9.49094873464111
"YJR095W",0.00501974316995362,"low (<0.4)",16.0610880763202,1.76421445099335,4.09263775281286
"YJR096W",0.286309430363658,"low (<0.4)",210.623107723448,45.742005125139,7.72535335776474
"YJR097W",-0.00575733208794362,"low (<0.4)",29.5569897303369,4.96880500070089,4.93343052062279
"YJR098C",0.14951546297289,"low (<0.4)",16.5047795528071,4.46701076671239,4.12967698812624
"YJR099W",0.349807010173461,"low (<0.4)",50.2980349317438,12.5335959950418,5.68083165661584
"YJR100C",0.50796947104836,"moderate (0.4-0.7)",57.5022669839796,13.5411653423445,5.87042062562061
"YJR101W",0.438377733106562,"moderate (0.4-0.7)",108.008142698778,27.6339796551527,6.76829209534922
"YJR102C",0.202174283619661,"low (<0.4)",47.0736961072988,13.2607903242382,5.58717582307044
"YJR103W",0.366346549293853,"low (<0.4)",58.1120720280929,22.4332537204183,5.88538088648382
"YJR104C",0.483049226926707,"moderate (0.4-0.7)",2807.9448533347,1704.15646019714,11.4558125856655
"YJR105W",0.287258113159311,"low (<0.4)",434.610646256072,275.988403268335,8.7668954035016
"YJR106W",0.290092388329639,"low (<0.4)",25.6021433891539,8.2535454347866,4.73347058618996
"YJR107W",0.225652059660683,"low (<0.4)",44.0217938834614,8.82961385643822,5.49255163669083
"YJR108W",0.245573500178809,"low (<0.4)",16.6095481725432,4.25010297744932,4.13828598772521
"YJR109C",0.6558713315851,"moderate (0.4-0.7)",87.0919336121569,26.1254383228056,6.46093801561619
"YJR110W",-0.0233841381923104,"low (<0.4)",26.4710673437542,2.94932674883299,4.77984105996537
"YJR111C",0.45770292808642,"moderate (0.4-0.7)",57.3845263448637,7.89321414561067,5.86751415708336
"YJR112W",0.283111708338188,"low (<0.4)",41.7620939379263,8.83891082473618,5.41826059434189
"YJR112W-A",0.260263201985241,"low (<0.4)",62.5903112171811,22.9484546785955,5.9907350644264
"YJR113C",0.338288225918155,"low (<0.4)",88.7746836655496,29.0213930968866,6.4882367592357
"YJR115W",-0.0510122029930423,"low (<0.4)",61.9690094716899,3.33543619980613,5.97657006823318
"YJR116W",0.249006120126505,"low (<0.4)",130.54429491453,52.2422901499888,7.0394048698483
"YJR117W",0.0486706858929726,"low (<0.4)",131.393708804896,33.1479141886695,7.04869075835776
"YJR118C",0.379841811730454,"low (<0.4)",86.641190130766,28.596713140644,6.45353717054475
"YJR119C",0.363613492256445,"low (<0.4)",12.5869730370494,3.53359723790876,3.76415217712591
"YJR120W",0.411571015126033,"moderate (0.4-0.7)",44.1282914981304,181.388180216685,7.5108684275268
"YJR123W",0.150494293939974,"low (<0.4)",3248.53953394554,2855.19017879768,11.6660195846007
"YJR126C",0.315299686704089,"low (<0.4)",60.5616115657263,23.7426333439407,5.94395909405591
"YJR132W",0.0801059368644218,"low (<0.4)",31.8704039798034,16.4819476053562,5.03871728224801
"YJR133W",0.482017945821751,"moderate (0.4-0.7)",99.6745373172467,38.7200242097059,6.65355503169686
"YJR134C",0.00380905192342183,"low (<0.4)",71.3129797259886,22.7552980683056,6.17618272001168
"YJR135C",0.0103141633023482,"low (<0.4)",19.2403769480242,4.11216509914916,4.33916425329811
"YJR135W-A",0.0280252008201768,"low (<0.4)",175.086682559429,40.5119764747331,7.46014199200466
"YJR136C",0.193172405438835,"low (<0.4)",23.131107336533,5.45488441054808,4.59282221484508
"YJR137C",0.817160214232936,"high (>=0.7)",60.9203148170822,22.3256244579139,5.95234090138081
"YJR138W",0.242535070716115,"low (<0.4)",16.7290652116503,10.6216256410004,4.1480445651302
"YJR139C",0.657066027725782,"moderate (0.4-0.7)",428.938093096747,197.809601319271,8.74798513049156
"YJR140C",0.281286371535917,"low (<0.4)",13.7773036909525,11.1045266014393,3.88531115012543
"YJR141W",0.0376190814356318,"low (<0.4)",28.0819814989629,9.20006409381459,4.86205366542879
"YJR142W",0.190744120490232,"low (<0.4)",89.2111387788929,34.8893832480653,6.49523367547356
"YJR145C",0.197391063374023,"low (<0.4)",1107.60044472729,1039.595289638,10.1145237761527
"YJR146W",0.168933993404265,"low (<0.4)",17.2962594332869,0.198856304612831,4.19347682270536
"YKL218C",0.666272164856857,"moderate (0.4-0.7)",47.1097684022499,5.14653793103488,5.5882579492705
"YKL217W",0.140728515640786,"low (<0.4)",53.0045420101519,4.29242720339706,5.75500884401454
"YKL216W",0.163993468105311,"low (<0.4)",143.268567418443,67.4589150635204,7.17261319598469
"YKL215C",0.359004192381632,"low (<0.4)",20.1326796475519,4.14210260677089,4.4014038091135
"YKL214C",0.321225225543254,"low (<0.4)",53.1626031526599,26.8195400169491,5.75922517399936
"YKL213C",0.32467388415466,"low (<0.4)",103.197452839754,30.8363692631874,6.70317620040102
"YKL212W",0.0867397743566827,"low (<0.4)",170.280857272077,40.8500633027666,7.42022011141344
"YKL211C",0.467178323429225,"moderate (0.4-0.7)",132.430848781192,15.8226687985127,7.05994844129344
"YKL210W",0.22180079816931,"low (<0.4)",158.108131390634,57.0975462388374,7.31386375779549
"YKL209C",0.708775420575139,"high (>=0.7)",7.33917002385683,4.37300572561524,3.05990380308828
"YKL208W",0.145259688407941,"low (<0.4)",25.6484332120843,6.72048859642938,4.7359788074739
"YKL207W",-0.0159188044792015,"low (<0.4)",177.350473217261,67.0398215672362,7.47857123348688
"YKL206C",0.360137812255847,"low (<0.4)",97.6153847556187,32.5535566046548,6.62374083052921
"YKL205W",0.064342040022816,"low (<0.4)",36.0176870339871,22.5015632453781,5.21014284939234
"YKL204W",0.160295206656948,"low (<0.4)",69.9086922799722,41.9971751919837,6.14789058470134
"YKL203C",0.0190611312420349,"low (<0.4)",17.1343633804236,13.6495775283709,4.18065419426079
"YKL201C",0.500538951694139,"moderate (0.4-0.7)",94.0734325471191,60.5403494685022,6.57097034357216
"YKL198C",0.0666326197970401,"low (<0.4)",45.0355317707055,8.57805908843791,5.52467590652704
"YKL197C",0.0787216620007112,"low (<0.4)",17.8911761740299,9.39593369943582,4.23964062232118
"YKL196C",0.545739904300297,"moderate (0.4-0.7)",273.22676626576,131.416073447953,8.09922558391977
"YKL195W",0.0126437068621873,"low (<0.4)",282.268266910858,78.8631968490711,8.14602518282658
"YKL194C",-0.070367021868965,"low (<0.4)",34.423736493133,9.56597077781691,5.14664449037081
"YKL193C",0.060542256626264,"low (<0.4)",101.879805833873,14.5772816412049,6.68481601474244
"YKL192C",0.335387107874386,"low (<0.4)",552.557221990847,228.81917996406,9.11258864791149
"YKL191W",0.0600712923048679,"low (<0.4)",55.5948995165709,22.4881870306519,5.82260013427455
"YKL190W",0.166189165596717,"low (<0.4)",199.394800691904,99.0383378482301,7.64670126760269
"YKL189W",0.189336040717081,"low (<0.4)",44.9861634186813,9.1299785694377,5.52312793496819
"YKL188C",0.0329787886940933,"low (<0.4)",13.3798982707423,4.11080750433552,3.84598156448831
"YKL187C",-0.051474897509703,"low (<0.4)",18.1970125942896,1.88490397465494,4.26280991360791
"YKL186C",0.223258009985115,"low (<0.4)",120.631717549895,66.7319619891126,6.92637567501375
"YKL184W",0.100890992709777,"low (<0.4)",80.3076562993013,15.927030642626,6.34531930432125
"YKL183W",0.195199151066564,"low (<0.4)",44.5848331498598,9.92508966907589,5.5104819899091
"YKL182W",0.124286317969516,"low (<0.4)",627.852939019233,870.303374497304,9.76703132039881
"YKL181W",0.277380290977467,"low (<0.4)",217.109732017112,78.9818266716924,7.76891033398348
"YKL180W",0.155894268749701,"low (<0.4)",1051.20776622949,1300.87682118179,10.3463772371003
"YKL179C",0.146442874864275,"low (<0.4)",65.9239981210894,16.9207293032365,6.06445173119563
"YKL178C",0.415121002043156,"moderate (0.4-0.7)",5.02339141330292,0.849990604056732,2.59057601148329
"YKL176C",0.193650291122539,"low (<0.4)",43.3545858055508,19.1416544698589,5.47101136687494
"YKL175W",0.0350444774918015,"low (<0.4)",102.252492415781,60.5139972877561,6.6900327971094
"YKL174C",0.123681976050063,"low (<0.4)",47.6213484321326,15.6927030515299,5.60351799955336
"YKL173W",-0.173943667360148,"low (<0.4)",28.3975996328464,17.5680869175637,4.87762645609985
"YKL172W",0.0652729108997189,"low (<0.4)",249.299655642645,48.9480040087909,7.96751249597081
"YKL171W",-0.0367109189597393,"low (<0.4)",26.5722099024813,6.58060965724533,4.78514299834646
"YKL170W",-0.044446209496935,"low (<0.4)",5.467092450065,57.9649370809219,5.88178541993034
"YKL168C",0.21846849713359,"low (<0.4)",30.3602633592774,9.39562621469718,4.97086576995044
"YKL167C",0.0948087214216255,"low (<0.4)",137.439541871212,48.064566338585,7.11311226218367
"YKL166C",0.129070048894582,"low (<0.4)",54.8115913563481,14.5396236606719,5.80249287743726
"YKL165C",0.258982382395655,"low (<0.4)",76.7640157320958,50.1555492113552,6.28103081649554
"YKL164C",0.21642328731049,"low (<0.4)",462.683891704353,99.5349072041881,8.85699779838945
"YKL162C",-0.0557325312899179,"low (<0.4)",15.900342169838,1.99698909733231,4.07898055096471
"YKL161C",0.29624010577965,"low (<0.4)",26.5366045475356,5.04783852090492,4.78327877112004
"YKL160W",-0.0156630047471407,"low (<0.4)",268.815672676276,98.3704039560801,8.07583034175117
"YKL159C",0.303735611526418,"low (<0.4)",73.8056026054917,27.7550870364384,6.22507442046106
"YKL157W",0.361011988783485,"low (<0.4)",88.1253604748396,48.4937590981261,6.47776410155426
"YKL156W",0.331065375146784,"low (<0.4)",173.833469941566,274.728941912598,8.1071068976826
"YKL155C",0.22825036499782,"low (<0.4)",35.9535688706546,9.99484704380344,5.20764179737406
"YKL154W",-0.0738759076700083,"low (<0.4)",60.6067471449972,23.0272820432832,5.94501645781359
"YKL152C",0.177534137803077,"low (<0.4)",2257.74334491154,3933.41200336975,11.9419323261869
"YKL151C",0.166545021741207,"low (<0.4)",439.146914683132,49.4077280101513,8.78184134467787
"YKL150W",0.42546583075483,"moderate (0.4-0.7)",684.030665721772,73.8287051001767,9.42002476221938
"YKL149C",-0.0384146891942866,"low (<0.4)",22.4032552130313,11.1343314985452,4.54863730645134
"YKL148C",0.208532467725753,"low (<0.4)",179.749390280311,7.16348816986171,7.49784697033394
"YKL146W",0.154188543594426,"low (<0.4)",51.063888751567,15.9428638512358,5.70221116830965
"YKL145W",0.252029749714515,"low (<0.4)",224.3780222437,60.7742658601688,7.81620302761876
"YKL144C",0.0565352739290343,"low (<0.4)",58.9419948588051,10.1894267726677,5.90549519216921
"YKL143W",0.0954289011248082,"low (<0.4)",92.9883962883874,30.3675984861551,6.55441074901225
"YKL142W",0.363801960538131,"low (<0.4)",570.111850295838,123.82120542502,9.15762950990683
"YKL141W",0.297403495654826,"low (<0.4)",346.198994330403,91.0864330010625,8.43961895876495
"YKL140W",0.244051581790112,"low (<0.4)",49.5726453243286,13.6677363251777,5.66028533897399
"YKL139W",0.0190119968763342,"low (<0.4)",36.5265958259642,4.18710988487123,5.2298415189319
"YKL138C-A",0.520655795013651,"moderate (0.4-0.7)",138.844852948286,30.4067010754195,7.12768334553639
"YKL138C",0.459416927942668,"moderate (0.4-0.7)",199.674649500573,56.375943730662,7.64871456756255
"YKL137W",0.144416565930046,"low (<0.4)",126.62873089712,32.8746094812333,6.99580932496674
"YKL135C",0.178439917067582,"low (<0.4)",45.8001261206184,22.1816493753818,5.54844051258804
"YKL134C",-0.110733084524027,"low (<0.4)",20.1664900215154,10.8074634464207,4.40371014607555
"YKL133C",0.245763506083136,"low (<0.4)",20.4161355918163,4.74982556513838,4.42062627313174
"YKL132C",0.275221309413915,"low (<0.4)",5.6349672181748,1.01786878469291,2.73008933759344
"YKL130C",0.0517379113728425,"low (<0.4)",50.7571458906418,17.383638075666,5.69368615806503
"YKL129C",0.122731014524767,"low (<0.4)",39.9707591191146,31.4879593451775,5.35652271866081
"YKL126W",0.37740905609302,"low (<0.4)",152.994867981226,56.5307379131085,7.26673846237409
"YKL125W",0.328633207306645,"low (<0.4)",54.3024276751877,19.1872628695167,5.78927090840483
"YKL124W",0.275962054180124,"low (<0.4)",28.4164119164571,3.69029514748618,4.87854937866485
"YKL122C",0.145969400967311,"low (<0.4)",251.443840844545,68.4925943890575,7.9798186685445
"YKL121W",0.0325733904403452,"low (<0.4)",26.0122761022914,9.11495313269112,4.75554330389894
"YKL120W",0.532143677166469,"moderate (0.4-0.7)",110.097462520881,20.4853761507588,6.79568205555351
"YKL119C",0.127675253339821,"low (<0.4)",53.2239713114878,36.2403408252635,5.76085887352917
"YKL117W",0.149558545386318,"low (<0.4)",676.303569134721,229.061950720989,9.40365878801178
"YKL116C",0.082554580563379,"low (<0.4)",34.5940930935869,5.13335510346351,5.15356593799871
"YKL114C",0.108710526571081,"low (<0.4)",56.1302970794295,19.3381803110533,5.83618412689054
"YKL113C",0.00409218629415042,"low (<0.4)",82.4755264518216,27.105996313352,6.38328138179255
"YKL112W",-0.138837572451065,"low (<0.4)",59.0173171456087,14.3161623469871,5.90730692486599
"YKL110C",0.0288672003695768,"low (<0.4)",78.4490162626236,12.6280770024852,6.31195745112798
"YKL109W",0.487542428129014,"moderate (0.4-0.7)",217.042862977606,70.6520531156068,7.76846795838582
"YKL108W",-0.0317072222772958,"low (<0.4)",20.3131418306899,4.27756024785419,4.41367137545284
"YKL107W",0.405049175943863,"moderate (0.4-0.7)",10.2436585237406,1.92980713522268,3.49103963892041
"YKL106C-A",-0.033244859079469,"low (<0.4)",5.01703355116856,0.0528060254534048,2.58905240130317
"YKL106W",-0.0152666108917431,"low (<0.4)",53.4542749652406,10.8002136268734,5.7669734079077
"YKL105C",0.094170068903239,"low (<0.4)",26.959809138814,11.2602829014041,4.8052826074095
"YKL104C",0.0806483682195008,"low (<0.4)",168.281821653932,69.0938425232237,7.40328324736856
"YKL103C",0.427977286196409,"moderate (0.4-0.7)",206.281167287193,30.0327162439765,7.69544523484913
"YKL101W",-0.0589874690160249,"low (<0.4)",68.0552490948181,31.6600401108934,6.10967917707871
"YKL100C",0.242520361215354,"low (<0.4)",67.6207473718561,45.6729615664854,6.10057293374998
"YKL099C",0.0117602704016437,"low (<0.4)",91.6953172498123,35.6877105531096,6.53442455400663
"YKL098W",0.0826822051920056,"low (<0.4)",47.4158261417349,10.9522410464217,5.59740680693446
"YKL093W",0.0588434360298427,"low (<0.4)",43.4982084565989,6.87074179985891,5.47567534775719
"YKL092C",0.277041480480213,"low (<0.4)",16.5496482388894,10.5121459169607,4.1333702086596
"YKL091C",0.201948312595637,"low (<0.4)",114.291282559393,17.0827970788546,6.84913962137851
"YKL090W",0.156122300566515,"low (<0.4)",19.8603633718232,6.82501273238218,4.38269238362527
"YKL089W",0.37527864575983,"low (<0.4)",24.5019203304116,8.17047129858702,4.67253398302442
"YKL088W",-0.174294529415355,"low (<0.4)",48.9397089759984,9.73369816090238,5.64211550886259
"YKL087C",0.423077567566,"moderate (0.4-0.7)",141.021471118565,24.4084574540742,7.14996524580488
"YKL085W",0.573356430389435,"moderate (0.4-0.7)",419.292443680783,112.150773274322,8.71524970869084
"YKL084W",0.266415917848418,"low (<0.4)",55.1832567249546,3.83336088850369,5.81206834919794
"YKL082C",-0.00949728773580579,"low (<0.4)",83.5568220927603,36.9088140518413,6.40184925167928
"YKL081W",0.292987388501238,"low (<0.4)",470.597791439583,436.630457724811,8.88141315175944
"YKL080W",0.296986949359145,"low (<0.4)",255.648021563962,65.8012528444279,8.00364732898729
"YKL079W",0.0589965996788817,"low (<0.4)",38.9454429990977,15.8715492842889,5.3199590238831
"YKL078W",0.120985590792761,"low (<0.4)",18.0729520843417,9.76363922774176,4.25345625410307
"YKL077W",0.0385981781871332,"low (<0.4)",149.526402405767,50.4673883851559,7.23387274838173
"YKL075C",0.207335017855919,"low (<0.4)",30.3953308257961,7.20166820163999,4.97247810956624
"YKL074C",0.219321497721306,"low (<0.4)",46.710376224893,16.7283468969758,5.57623115776895
"YKL073W",0.263445709553987,"low (<0.4)",76.4984281853083,43.4858826244201,6.27609514498705
"YKL072W",0.174867248253067,"low (<0.4)",21.5056773302005,4.59349245914121,4.49221707957157
"YKL068W-A",0.525667104962568,"moderate (0.4-0.7)",142.820032341184,22.1306861182307,7.16812082901818
"YKL068W",-0.0222245917953171,"low (<0.4)",49.4175278351837,20.753727164271,5.65585347394536
"YKL067W",0.207878445418359,"low (<0.4)",580.172710471127,107.512590885206,9.18282315118956
"YKL065W-A",-0.0405426190655367,"low (<0.4)",28.498011837843,1.71455728616353,4.88254581518068
"YKL065C",0.319680257450125,"low (<0.4)",466.652125581403,187.996961445351,8.86929193471397
"YKL064W",0.180059345253408,"low (<0.4)",80.9577740012055,31.4898841418954,6.35680889571977
"YKL063C",0.243781965017827,"low (<0.4)",174.517393479938,34.767682269816,7.45547019605298
"YKL062W",0.427217103666217,"moderate (0.4-0.7)",58.0897773462871,7.69316085517675,5.884836657651
"YKL061W",0.19793760580113,"low (<0.4)",86.7575241787813,9.17760199032959,6.45545091979234
"YKL060C",0.249102895208054,"low (<0.4)",8554.48978964338,4505.94422522473,13.0626347339838
"YKL059C",0.359550504313052,"low (<0.4)",42.7695520912353,19.0610103275511,5.45185571534913
"YKL058W",-0.0323391601993602,"low (<0.4)",179.062315055077,59.4962692872522,7.49235246334517
"YKL057C",-0.153090832349457,"low (<0.4)",42.4606995095038,19.5987353776836,5.44163949008697
"YKL056C",0.341623933292877,"low (<0.4)",2334.69997849497,1532.09287889096,11.1896392560823
"YKL055C",0.144240697280097,"low (<0.4)",5.97221507085083,0.464572550747785,2.80161707274304
"YKL054C",0.0981499044787959,"low (<0.4)",186.208124302496,152.630688407361,7.54849923493424
"YKL053C-A",0.251905797118025,"low (<0.4)",257.11383804168,39.8236023049281,8.01186367928463
"YKL052C",-0.013300337709326,"low (<0.4)",55.5200627399407,20.6198598709538,5.82069116201978
"YKL051W",0.390109513236613,"low (<0.4)",54.7406879075612,10.0068931894913,5.80065890204209
"YKL050C",0.184134675910353,"low (<0.4)",8.62487202961773,5.58836032443158,3.26676735903638
"YKL049C",0.322439760227004,"low (<0.4)",64.7462961017399,16.0251178973878,6.03883771558633
"YKL048C",0.204995043887792,"low (<0.4)",18.3531383719219,7.37712238044559,4.27449563265102
"YKL047W",0.116747140144748,"low (<0.4)",28.9806691151466,7.25844609737125,4.90596067691668
"YKL046C",0.0249489922418068,"low (<0.4)",153.886892356542,27.9636366265038,7.27507124783148
"YKL045W",0.283546859247277,"low (<0.4)",50.1425615029588,9.66861413814694,5.67645251544091
"YKL044W",-0.0603408457705,"low (<0.4)",64.1331905023389,0.562860184574111,6.02532099266806
"YKL043W",0.177638912732229,"low (<0.4)",113.278077622749,9.06160177827619,6.83640486245799
"YKL042W",0.00696423463525903,"low (<0.4)",34.6737492867048,8.02506150260353,5.1567909449248
"YKL041W",0.177016340102617,"low (<0.4)",121.032371976301,20.3190084384468,6.9311200973547
"YKL040C",-0.00140963142333132,"low (<0.4)",100.55102616216,32.1931014192202,6.66606100776013
"YKL039W",0.06546412463804,"low (<0.4)",118.079047495866,31.3622461605035,6.89577577650289
"YKL038W",0.017934721272805,"low (<0.4)",33.1631969515995,12.7724624951572,5.09437108186006
"YKL035W",0.533092218400914,"moderate (0.4-0.7)",654.480135070139,126.627237315264,9.35640824868085
"YKL034W",0.281999407845155,"low (<0.4)",27.1663269880979,11.7946766887941,4.81589953713944
"YKL033W-A",0.440490165610455,"moderate (0.4-0.7)",203.327447398019,62.7027410520655,7.67473920473801
"YKL033W",-0.00655258498236825,"low (<0.4)",14.8204841402426,3.80135633724635,3.98372184489021
"YKL032C",0.0775419049195076,"low (<0.4)",78.9710146939044,14.9205597876425,6.32140528820391
"YKL029C",0.633973986245114,"moderate (0.4-0.7)",110.760612744475,13.0082237429888,6.80426802545035
"YKL028W",0.160453891883724,"low (<0.4)",97.645656057436,38.6936255828219,6.62418361697275
"YKL027W",0.0798096821313322,"low (<0.4)",63.3761092696459,23.2946749203922,6.00845348147298
"YKL026C",0.183563750456566,"low (<0.4)",71.1211454303771,11.0578225171938,6.17235040476913
"YKL025C",-0.130017793774656,"low (<0.4)",45.250856780585,12.9821010781362,5.53140818617366
"YKL024C",0.38120907879533,"low (<0.4)",144.147102667653,65.0213008935851,7.18137196388379
"YKL023C-A",-0.128007841308855,"low (<0.4)",147.190769436559,0.37653058336602,7.21131177707545
"YKL023W",0.468173155538754,"moderate (0.4-0.7)",125.489049785281,24.2450020841355,6.98286868533254
"YKL022C",0.00946377524854995,"low (<0.4)",31.6529925191848,7.72770159623668,5.02914331008174
"YKL021C",0.0505755412249789,"low (<0.4)",74.6602948122709,37.4391957847973,6.24146449278367
"YKL020C",0.0135287752382686,"low (<0.4)",49.9725625942013,20.5553057048844,5.67164897999277
"YKL019W",0.157952021529677,"low (<0.4)",72.9233706084505,34.855759999941,6.20795863423378
"YKL018C-A",0.395678856957754,"low (<0.4)",104.153616847265,30.5931307156338,6.71635466340955
"YKL018W",-0.090912768451666,"low (<0.4)",42.6723440910264,17.8484414522699,5.44864806401192
"YKL017C",0.0938578227597449,"low (<0.4)",20.8971004666149,8.48215447033685,4.45266794099776
"YKL016C",0.621349108058343,"moderate (0.4-0.7)",515.670724387007,175.771960338918,9.01310132982114
"YKL015W",0.457191946789261,"moderate (0.4-0.7)",22.4301681170115,9.33268145082726,4.55029540080453
"YKL014C",0.0284021774337437,"low (<0.4)",26.9218233652076,22.2008212147641,4.80332125112152
"YKL013C",0.224839072249497,"low (<0.4)",351.230946024276,88.0964235648318,8.4603778556573
"YKL012W",0.278425256018301,"low (<0.4)",54.4433824816425,25.5539434262592,5.79294337077217
"YKL011C",0.249232192573782,"low (<0.4)",22.9194476850983,4.95489230174608,4.58011217208353
"YKL010C",-0.0907350221982467,"low (<0.4)",43.157197725231,21.6423109057822,5.46457671455346
"YKL009W",0.19248954369088,"low (<0.4)",220.763566370808,92.576421231784,7.7928785537699
"YKL008C",0.1301312864201,"low (<0.4)",82.0609686912797,26.7733316416715,6.37609879205286
"YKL007W",0.320616979150153,"low (<0.4)",207.666466461053,78.5355321327463,7.70505496201441
"YKL006C-A",-0.161648604458196,"low (<0.4)",136.051362711549,22.8188630866602,7.0985728628302
"YKL006W",0.193749455317427,"low (<0.4)",749.590167414202,681.801344676589,9.55188158109782
"YKL005C",0.200939453825944,"low (<0.4)",42.9912280255958,19.211648565404,5.45914396987281
"YKL004W",0.104235267706355,"low (<0.4)",102.28645476815,35.8166602355385,6.69050725791642
"YKL003C",0.121366733790451,"low (<0.4)",125.174939366427,38.6151525071088,6.97928158312177
"YKL002W",0.0747960989263996,"low (<0.4)",171.080374782408,55.3297662956218,7.42693876176905
"YKL001C",0.794607322898638,"high (>=0.7)",253.607793550726,52.0690537228403,7.99213277062003
"YKR001C",-0.0589736247680546,"low (<0.4)",134.271724013865,72.5887206160924,7.07971649259071
"YKR002W",-0.0238968962768551,"low (<0.4)",52.6757665776789,21.2585535933849,5.74619898516179
"YKR003W",0.0327538479475674,"low (<0.4)",98.589895605615,51.6967032880568,6.6379274687152
"YKR004C",0.0553582106089247,"low (<0.4)",22.3130961631356,10.0801409232513,4.54306871336418
"YKR005C",0.0088667473975898,"low (<0.4)",5.54378532848216,1.55462336001659,2.71012542086307
"YKR006C",0.371988375630525,"low (<0.4)",91.541691799654,30.523536553535,6.53203156864102
"YKR007W",0.44970777443849,"moderate (0.4-0.7)",102.46780931418,27.2743449211077,6.69303817907988
"YKR008W",-0.139543494263902,"low (<0.4)",43.0800855846395,20.9101872483581,5.46205511989478
"YKR009C",0.180571046353747,"low (<0.4)",13.4660104295564,15.2972099543543,4.02655309434074
"YKR010C",0.0768511572430712,"low (<0.4)",22.1574701198797,8.59363491042357,4.53340574696825
"YKR011C",0.395254473451047,"low (<0.4)",116.255547512035,41.2786128382787,6.87351236990365
"YKR013W",0.435560718770648,"moderate (0.4-0.7)",394.872919130876,93.7307402413205,8.62889356865602
"YKR014C",0.529065595372074,"moderate (0.4-0.7)",318.967227980655,56.3027840724737,8.32178033722802
"YKR015C",0.275658027717911,"low (<0.4)",10.3561720858662,0.345154230107599,3.50540471112154
"YKR016W",0.343906758764098,"low (<0.4)",143.102604551342,28.8093598090435,7.17095260120235
"YKR017C",0.0116172193971685,"low (<0.4)",21.4725933497237,4.06675611168323,4.49009471681937
"YKR018C",0.405798333708006,"moderate (0.4-0.7)",103.432718822693,35.8630962932303,6.70642996957586
"YKR019C",0.381117190207862,"low (<0.4)",18.4657941628508,7.67494817862162,4.28286929965139
"YKR020W",0.419770572268698,"moderate (0.4-0.7)",81.1802044713517,30.2694668936721,6.3607190149456
"YKR021W",-0.00473175997685708,"low (<0.4)",26.9752871271573,7.76608511854172,4.80608103340986
"YKR022C",0.254716658219562,"low (<0.4)",53.1441148641332,16.4746541005137,5.75873262906919
"YKR023W",0.0964283606910817,"low (<0.4)",48.0999328591513,22.840050838646,5.61764914664045
"YKR024C",0.162498101895956,"low (<0.4)",36.7732344990178,9.36190778096947,5.23929242105085
"YKR025W",0.00693484435844092,"low (<0.4)",97.8434781310364,31.9917447818119,6.62707387239048
"YKR026C",0.321563386109361,"low (<0.4)",88.3198015219277,28.3176985470671,6.48090814022992
"YKR027W",0.018589979531321,"low (<0.4)",22.2004006680087,10.6273388928924,4.5360778156177
"YKR028W",-0.0710855717731671,"low (<0.4)",49.0070764693499,24.1740272320534,5.64406035907185
"YKR029C",0.161951429528354,"low (<0.4)",25.9766649945911,7.79144912660182,4.75364010020993
"YKR030W",0.275383435070427,"low (<0.4)",78.5675754030315,16.4135049007217,6.31410873249832
"YKR031C",0.0615517065682733,"low (<0.4)",23.6792378559877,11.8440017011268,4.62522593676672
"YKR036C",0.258870428840613,"low (<0.4)",23.5369866797782,8.58101979790446,4.6168861813344
"YKR037C",0.45248665102091,"moderate (0.4-0.7)",43.6594701457073,15.8691854411763,5.48089422955211
"YKR048C",-0.00827518721234672,"low (<0.4)",258.198663088096,31.3547951961278,8.01791446678913
"YKR049C",0.165427186565021,"low (<0.4)",251.227112668041,52.6218893038491,7.97857955350327
"YKR050W",0.232454171511951,"low (<0.4)",24.0739851920735,10.2982268904852,4.6481194073703
"YKR051W",0.333419550369516,"low (<0.4)",29.9258803533975,5.30201136793877,4.95074275923705
"YKR052C",0.348891205790137,"low (<0.4)",62.6176501338501,14.8623317727655,5.99135517844584
"YKR053C",0.481740056543902,"moderate (0.4-0.7)",27.7883415422872,5.91288027647819,4.84741277445786
"YKR054C",0.0812397050979756,"low (<0.4)",9.82748170268701,12.6585854096049,3.77173616942122
"YKR055W",0.259816392934433,"low (<0.4)",30.7792783555666,9.63177275258819,4.99001445920041
"YKR056W",0.0346273124520239,"low (<0.4)",54.7032489237869,30.4450234560905,5.7996895709184
"YKR057W",0.355161599820457,"low (<0.4)",621.139721942702,866.263555982796,9.76032667587307
"YKR058W",0.0694941270913564,"low (<0.4)",40.1685596126714,3.20928153987398,5.36347106805448
"YKR059W",0.00925517698004416,"low (<0.4)",634.564118012407,189.661635123546,9.31189386665306
"YKR060W",0.0872105869987298,"low (<0.4)",38.1119515515519,11.8767029244435,5.28953761826334
"YKR061W",0.278882606259277,"low (<0.4)",47.3931309198956,14.6903541486697,5.59673037604226
"YKR062W",0.119827134260894,"low (<0.4)",90.8387106868614,37.5357971417522,6.52103048321272
"YKR063C",-0.15585141042107,"low (<0.4)",41.2928711659146,11.4211918557674,5.40234259983248
"YKR079C",0.202639328771585,"low (<0.4)",27.2370088185702,9.61827835270037,4.81951536511214
"YKR080W",0.066113861944795,"low (<0.4)",143.622920190759,7.46172944798041,7.17615240198871
"YKR081C",-0.00695835011847996,"low (<0.4)",127.963065368453,41.9036040438726,7.01081413108658
"YKR082W",-0.0977255556448123,"low (<0.4)",38.8602924450963,12.2131968688054,5.31688038979947
"YKR083C",0.177291176705666,"low (<0.4)",47.7118462816143,7.70250490871227,5.60620076028395
"YKR084C",-0.0822272759168854,"low (<0.4)",61.8395007649054,19.0499238313013,5.97359981392087
"YKR085C",0.418121855668728,"moderate (0.4-0.7)",92.4634545216783,36.0541465992739,6.54633045681925
"YKR086W",0.164145398313268,"low (<0.4)",18.9431236286831,7.69425750267267,4.31781948710478
"YKR087C",0.415922850877387,"moderate (0.4-0.7)",52.0518937150168,14.8959260489959,5.7293323446985
"YKR088C",0.367590399055337,"low (<0.4)",64.6968115193414,30.0278461378962,6.03775144843559
"YKR089C",-0.00717156004834953,"low (<0.4)",66.9126516976225,22.0724017970565,6.08560845935953
"YKR090W",0.25996620332481,"low (<0.4)",30.0812381024496,10.0580339097099,4.95797206866797
"YKR091W",0.19532757839484,"low (<0.4)",133.171703492005,31.3771816452417,7.06793663227989
"YKR092C",0.279612374540426,"low (<0.4)",106.935519802457,59.1629702276601,6.75402589992146
"YKR093W",0.505881557687894,"moderate (0.4-0.7)",39.7834962261185,6.25696807713912,5.34991355273023
"YKR094C",0.156649411691378,"low (<0.4)",665.434607281752,653.700038674172,9.38031951013213
"YKR095W",-0.0769419467539798,"low (<0.4)",44.8363671020473,39.6466458401802,5.51842079841593
"YKR095W-A",0.20613331389045,"low (<0.4)",95.0272772830016,19.6389101768228,6.58537236750401
"YKR096W",0.0253542600005249,"low (<0.4)",35.92490106506,19.4928920217649,5.20652215038958
"YKR097W",-0.107993541998177,"low (<0.4)",17.3800079146552,1.37284529160904,4.20006548275649
"YKR098C",0.0956619542246901,"low (<0.4)",29.5110506128802,8.66401784946843,4.93125995320104
"YKR099W",0.374604206122512,"low (<0.4)",27.5431865937102,16.2120579163485,4.83507450280232
"YKR100C",0.202995785099025,"low (<0.4)",83.3930425728773,22.1842357682443,6.39905216183708
"YKR101W",-0.00708585402815315,"low (<0.4)",17.1760750718481,5.75459466399834,4.18396879355514
"YLL058W",0.130831919893393,"low (<0.4)",50.7387777023499,8.31709813018543,5.69317406650592
"YLL043W",0.150283444862156,"low (<0.4)",74.8920656174635,15.3227513169393,6.24587715717246
"YLL042C",-0.00600153313102668,"low (<0.4)",14.6578391481408,2.37673970643915,3.96881322288269
"YLL041C",0.228765312655398,"low (<0.4)",234.723292146981,31.8732677571729,7.88095051011369
"YLL040C",0.189449420216421,"low (<0.4)",27.7138894334484,37.43648617626,5.26440454734149
"YLL038C",0.0617225749101117,"low (<0.4)",30.4976805500661,5.37358302493868,4.97717368914685
"YLL036C",0.152118769002044,"low (<0.4)",32.4310278014845,14.5472898432425,5.06311580465306
"YLL035W",0.0657411787156476,"low (<0.4)",21.7522543290745,7.91820128946937,4.50793759177008
"YLL034C",0.25146666591275,"low (<0.4)",40.4356959522867,17.7884716545689,5.37280224871356
"YLL033W",0.311061392903819,"low (<0.4)",23.6989854989225,4.16365152198742,4.6263798797851
"YLL032C",-0.0429513650657335,"low (<0.4)",20.4665008729514,5.43631908929686,4.42401514008244
"YLL031C",0.0458474196993397,"low (<0.4)",31.627683197989,9.21682242133606,5.02802464414865
"YLL029W",0.108110881797744,"low (<0.4)",175.447775188603,32.2953072712548,7.46309742921736
"YLL028W",-0.08080481533393,"low (<0.4)",34.587980177384,12.5111530814744,5.15331814881506
"YLL027W",0.244836222454447,"low (<0.4)",129.984671523985,24.5381277447961,7.0332541800852
"YLL026W",0.280912402848831,"low (<0.4)",528.268690490666,38.7515626191991,9.04785650195672
"YLL023C",0.424643170614533,"moderate (0.4-0.7)",146.942890628168,37.5468037335302,7.20889655949397
"YLL022C",0.117255042944703,"low (<0.4)",51.051884933032,18.2906356347483,5.70187850306718
"YLL021W",-0.0432038858698307,"low (<0.4)",36.4523954824998,20.9135686967232,5.22698609234838
"YLL019C",0.136095815274839,"low (<0.4)",79.2426404669254,11.7309971817128,6.32629717498828
"YLL018C-A",0.224925000025066,"low (<0.4)",82.8566406391339,24.1023769862808,6.3898531307676
"YLL018C",0.301985893339477,"low (<0.4)",275.835537980359,107.231866310622,8.11288534653923
"YLL015W",0.346037059288373,"low (<0.4)",39.7421044285738,17.0424879783482,5.34844859581601
"YLL014W",0.221216980533907,"low (<0.4)",210.168808672958,44.5576342128934,7.72225294257679
"YLL013C",0.375871809425893,"low (<0.4)",40.9076111907293,10.5231355262703,5.38914038248546
"YLL012W",0.248791069694418,"low (<0.4)",97.9986590545556,11.3702209756077,6.62933707878219
"YLL011W",0.281896447850525,"low (<0.4)",60.429166145992,25.0386739947798,5.94085189483893
"YLL010C",0.169975147811775,"low (<0.4)",39.9315624995908,11.0138700355564,5.35514183538898
"YLL009C",0.241463406016529,"low (<0.4)",383.489057000977,22.0745135653605,8.58679872779256
"YLL008W",0.25919016663951,"low (<0.4)",97.0868420060775,76.5478660355418,6.61598771200699
"YLL007C",-0.0161422290469491,"low (<0.4)",10.8494491405757,3.28198280854429,3.5667480872909
"YLL006W",-0.181795043511996,"low (<0.4)",27.092915267454,6.62567158756539,4.81213443895531
"YLL005C",-0.16050855976727,"low (<0.4)",12.9027381131583,0.244055028637317,3.79729714137943
"YLL004W",0.114096552978279,"low (<0.4)",14.9732070039699,5.35163757108899,3.99758209230959
"YLL003W",0.0291454666380763,"low (<0.4)",21.0513059934911,8.40602562204999,4.46279219713443
"YLL002W",-0.125879055752863,"low (<0.4)",18.6294005188238,7.14260250534406,4.29494420851027
"YLL001W",0.00829100181889748,"low (<0.4)",56.9691698062325,21.0514294149928,5.85721391938184
"YLR001C",0.236260174586165,"low (<0.4)",34.6643504480428,15.0931603069848,5.15641079299878
"YLR002C",0.121948872404482,"low (<0.4)",44.2680222977885,17.6362703193724,5.50042037334193
"YLR003C",0.292308028657741,"low (<0.4)",78.5620269138997,35.2474247230176,6.31400812547559
"YLR004C",0.441743942364961,"moderate (0.4-0.7)",45.4254858256124,7.14210068995107,5.53684510239937
"YLR005W",0.213861043478354,"low (<0.4)",71.1401241861351,13.1730486528603,6.17273000155273
"YLR006C",0.211400167547975,"low (<0.4)",64.5778037504761,15.9695675375478,6.03513568049522
"YLR007W",0.133936898523484,"low (<0.4)",60.9477449041228,10.4340675033239,5.95297985949932
"YLR008C",0.332610046297843,"low (<0.4)",113.708064558804,49.5609997115577,6.84182301347366
"YLR009W",0.286233703460464,"low (<0.4)",245.282531741618,69.6686158664723,7.94417049417085
"YLR010C",0.0872725917182126,"low (<0.4)",25.8525744362594,4.90355602086337,4.74698850519774
"YLR011W",0.533165138505382,"moderate (0.4-0.7)",30.3837221537952,7.30362673862718,4.97194456301136
"YLR012C",0.219180883739536,"low (<0.4)",2.27106540322368,0.135991515805602,1.70976060563382
"YLR014C",0.0814755099916917,"low (<0.4)",10.8095972681711,2.32648354086399,3.56188786155983
"YLR015W",0.271513046824274,"low (<0.4)",35.7406319838549,11.3343769109271,5.19930453767118
"YLR016C",0.24823272520287,"low (<0.4)",52.8767719535747,20.913527108824,5.75159150867789
"YLR017W",0.0788702491496271,"low (<0.4)",80.224719864907,39.9579750404091,6.34384695775475
"YLR018C",0.167883272258262,"low (<0.4)",76.3107948643271,23.6131178275197,6.27259796582801
"YLR019W",0.0632574947335804,"low (<0.4)",81.8188240910021,16.309199649314,6.37188681353184
"YLR020C",0.0412092918392638,"low (<0.4)",54.7910388180373,12.2933335961382,5.80196150921793
"YLR021W",0.340785518721697,"low (<0.4)",53.8244454262319,27.4676215335722,5.77674740835492
"YLR022C",0.309502168420658,"low (<0.4)",73.4354016382692,26.2780204993608,6.21791702832614
"YLR023C",0.221151897978589,"low (<0.4)",126.984676316575,29.2458391417806,6.99982727558204
"YLR024C",0.200073884593713,"low (<0.4)",15.3630037275461,16.3041367684036,4.1130450681153
"YLR025W",0.214612338356495,"low (<0.4)",254.335700036412,60.5415064287599,7.99625145358619
"YLR026C",-0.016967941139759,"low (<0.4)",75.4869772364086,33.7291617733948,6.25714222863011
"YLR027C",0.511779637950675,"moderate (0.4-0.7)",297.482981892095,120.540945707424,8.22150486786519
"YLR028C",0.054800689555693,"low (<0.4)",225.57679817084,90.234102173286,7.8238563242003
"YLR029C",0.0969994599164866,"low (<0.4)",2830.24447388073,1559.17599312842,11.4672206139225
"YLR030W",0.255540107297548,"low (<0.4)",7.45272885813454,0.114694536416067,3.07941717270114
"YLR031W",0.436384090093178,"moderate (0.4-0.7)",8.09673456632211,0.594968583370966,3.18534875735253
"YLR032W",0.167174310738268,"low (<0.4)",16.5310320974782,6.15910090362142,4.13183902869627
"YLR033W",0.0397788905177112,"low (<0.4)",59.303782637056,24.3239350246418,5.91417659486618
"YLR034C",0.357246851967581,"low (<0.4)",82.3780378012582,21.9757148855143,6.38159551539413
"YLR035C",0.263025620033595,"low (<0.4)",15.2862944357794,2.90367436850126,4.02558648467731
"YLR036C",0.598592799003616,"moderate (0.4-0.7)",18.2021193183295,5.53675078448147,4.263193643402
"YLR038C",0.6454146638841,"moderate (0.4-0.7)",710.646341874991,139.514700951408,9.47501665065571
"YLR039C",-0.0166546058557405,"low (<0.4)",26.7096835339999,12.7726297624127,4.79231832910849
"YLR040C",0.830401991625569,"high (>=0.7)",10.2116242602384,3.99697606490315,3.48692339555003
"YLR042C",0.0848638560699239,"low (<0.4)",97.1425301600554,54.5126721625016,6.61680656012182
"YLR043C",0.0893791129457245,"low (<0.4)",876.674626774336,303.820278754033,9.77754238996879
"YLR044C",0.0747363843490128,"low (<0.4)",5173.05118464099,6631.45351091523,12.6953269428195
"YLR045C",0.142117023337636,"low (<0.4)",41.3181851807307,19.1339949610328,5.40320585355621
"YLR046C",0.614328848966819,"moderate (0.4-0.7)",42.0800178047705,11.7301218599514,5.42894694102874
"YLR047C",-0.0656363642404149,"low (<0.4)",26.1804927938976,0.969754358058032,4.76449970790463
"YLR048W",0.284447682711513,"low (<0.4)",762.658631803941,656.217042532571,9.57678406329379
"YLR049C",0.299556243747064,"low (<0.4)",46.4250087686471,7.40844498336157,5.56757613527124
"YLR050C",0.257735790814726,"low (<0.4)",175.722498747627,37.7133807441946,7.46534191254685
"YLR051C",0.174516828897161,"low (<0.4)",99.0852342762916,36.0601067323386,6.64508533669906
"YLR052W",0.255677892390123,"low (<0.4)",62.0521281864738,26.5880940582441,5.97847316127361
"YLR053C",0.19950948366783,"low (<0.4)",77.3844509946399,1.19363440586328,6.29249559236911
"YLR054C",0.659850434859336,"moderate (0.4-0.7)",6.32212178733972,13.4270941617219,3.85070884304387
"YLR055C",0.213283550617789,"low (<0.4)",37.8072925991612,9.26553905693857,5.27825588152759
"YLR056W",0.299817587215486,"low (<0.4)",1604.96995493492,248.933969135336,10.6492291873107
"YLR057W",0.140534410068002,"low (<0.4)",26.2280309928924,8.90255309460314,4.76702075191103
"YLR058C",0.185200350743473,"low (<0.4)",532.35609387613,59.7765298291299,9.05895525621902
"YLR059C",0.156749259726787,"low (<0.4)",41.9802087615344,24.3566859897625,5.42560058506346
"YLR060W",0.197980863596763,"low (<0.4)",203.265556697937,64.5627321609866,7.67430214680567
"YLR061W",0.101027644557405,"low (<0.4)",28.1565284672236,872.815585314388,9.77118502759538
"YLR063W",-0.16111485526947,"low (<0.4)",16.2868438960817,2.58240194885459,4.11160259133432
"YLR064W",0.21596355645313,"low (<0.4)",134.974919712568,51.1003515998726,7.08719676372788
"YLR065C",0.270979838304268,"low (<0.4)",114.225944659773,43.7979501688755,6.84832178518097
"YLR066W",0.114482263511374,"low (<0.4)",142.060100895075,79.0052648619436,7.16047755389348
"YLR067C",0.00351491071735939,"low (<0.4)",17.1251653949362,5.46047869026615,4.17992225489028
"YLR068W",0.191144459880268,"low (<0.4)",116.81854387836,22.2866542388049,6.88042281770245
"YLR069C",0.181765665608704,"low (<0.4)",72.6835012592055,16.4341153354243,6.20326971127426
"YLR070C",0.0763937584578164,"low (<0.4)",15.7590024856085,2.39208224314761,4.06686437567321
"YLR071C",-0.0548604865174389,"low (<0.4)",34.7755923980938,11.3582403509934,5.16090375122341
"YLR072W",0.00955418740267481,"low (<0.4)",33.8701750795253,7.98657630873243,5.12392170264204
"YLR073C",0.350578253373856,"low (<0.4)",29.7858228814576,12.6910021912745,4.9441942260888
"YLR074C",0.302346680767997,"low (<0.4)",224.697580298857,75.6512020380796,7.81824714127057
"YLR075W",0.28068971458426,"low (<0.4)",885.265484524563,1621.28811383038,10.6638143455749
"YLR077W",-0.0389129793115836,"low (<0.4)",54.6851832001841,15.8484905174045,5.79922159898301
"YLR086W",0.31917731269803,"low (<0.4)",30.4928029120882,17.978744570627,4.97695026034462
"YLR087C",0.103039906639411,"low (<0.4)",10.6804734212233,18.798873889777,4.30734647065508
"YLR088W",0.0885345003712381,"low (<0.4)",39.8023613928785,13.6932381038623,5.35058074392756
"YLR089C",0.204730057397981,"low (<0.4)",261.749457739432,41.0549988146167,8.0375439765409
"YLR090W",0.0474923408903903,"low (<0.4)",71.1962574912949,14.8516837589653,6.1738521475304
"YLR091W",-0.103782057882672,"low (<0.4)",18.7281002254907,1.42828445707925,4.30218012914318
"YLR092W",0.801901842448801,"high (>=0.7)",39.1972692259183,7.52721466427463,5.32902559111639
"YLR093C",0.44567043002096,"moderate (0.4-0.7)",158.572968491968,54.7877276301262,7.31807247087427
"YLR094C",0.457141487742043,"moderate (0.4-0.7)",85.2929616534751,27.8596966992925,6.43117098799123
"YLR095C",0.309439069630461,"low (<0.4)",51.6631399749004,23.5564156791746,5.71872163775189
"YLR096W",0.284953350941635,"low (<0.4)",39.7174140196817,25.699433063316,5.34757403303353
"YLR097C",0.110263784563648,"low (<0.4)",48.367178956353,9.26809679939011,5.62548030079353
"YLR098C",-0.0533991159064462,"low (<0.4)",19.1410246995194,8.54567594330037,4.33206517899216
"YLR099C",0.183220478441081,"low (<0.4)",175.876884972084,50.7275950313077,7.46660171256242
"YLR099W-A",0.249584020177002,"low (<0.4)",172.813446356869,49.581704602034,7.44139588436658
"YLR100W",0.0367063543861049,"low (<0.4)",333.790493632784,79.4138426653445,8.38711475295703
"YLR102C",0.330477312944079,"low (<0.4)",49.8440833957869,13.7198005766885,5.6680079957708
"YLR103C",0.104110431142484,"low (<0.4)",25.4483229880552,6.59476518847762,4.72510434299155
"YLR104W",0.466088210995317,"moderate (0.4-0.7)",195.237897203619,107.371028314305,7.61645986959941
"YLR105C",0.275080423770406,"low (<0.4)",38.364952260535,25.0029989747514,5.29883982349864
"YLR106C",0.11321246300459,"low (<0.4)",27.2280591188856,76.0830127600626,6.26834105480667
"YLR107W",0.453513688747851,"moderate (0.4-0.7)",56.9777693379339,20.5635341155983,5.85742792247418
"YLR109W",0.265569858060036,"low (<0.4)",6067.87968131872,3742.53122242171,12.567214503387
"YLR110C",0.20616552521147,"low (<0.4)",12339.599808506,9088.30277545811,13.5911248971913
"YLR113W",0.391267762606577,"low (<0.4)",154.748994572421,49.5786884644438,7.28307903982937
"YLR114C",0.22776807264499,"low (<0.4)",59.5477636788515,20.9101881297727,5.92000177009991
"YLR115W",-0.00344952106319159,"low (<0.4)",28.8234812974527,14.1232296563769,4.89837676825063
"YLR116W",0.313288711191723,"low (<0.4)",39.1537522548127,13.0308962752737,5.32746290470893
"YLR117C",0.197948276307857,"low (<0.4)",41.9261193598201,11.4800038461741,5.42378384993727
"YLR120C",0.191431693547108,"low (<0.4)",167.462517099151,82.7307775333329,7.39628381731999
"YLR128W",0.252634393360001,"low (<0.4)",20.5031662208412,2.61033672898233,4.42647719911099
"YLR129W",0.345686241663687,"low (<0.4)",66.7719387777544,27.908154026884,6.08261613865828
"YLR131C",0.0484758730140464,"low (<0.4)",41.829210105667,5.20182830488593,5.42052316489835
"YLR197W",0.101682401710096,"low (<0.4)",224.432103982977,174.470660180389,7.81654917537762
"YLR199C",0.32548352257482,"low (<0.4)",78.9784934310945,27.1296633441581,6.32154019999189
"YLR200W",0.329651145958245,"low (<0.4)",169.687290544484,16.8602622746977,7.41521182839183
"YLR204W",0.11784069567198,"low (<0.4)",234.625498399407,77.6777868267536,7.88035185977445
"YLR206W",0.183648610784151,"low (<0.4)",154.098073094202,21.0427771879515,7.2770369525207
"YLR207W",0.236119789542156,"low (<0.4)",35.7109092907677,18.1012762819938,5.19813694381229
"YLR208W",0.153557546856549,"low (<0.4)",289.027201504777,124.49450262041,8.18004440600002
"YLR210W",0.160012368488938,"low (<0.4)",24.26485050984,2.64989055873722,4.65905973855387
"YLR211C",0.228302751456152,"low (<0.4)",26.1412011842401,10.9207504977063,4.76241266620414
"YLR212C",0.0141094976911875,"low (<0.4)",35.3396853993013,10.1071996951521,5.18347402478321
"YLR213C",0.398307007067825,"low (<0.4)",13.8195800073437,3.8639932863955,3.88943265657238
"YLR214W",0.167696410563476,"low (<0.4)",104.420578908524,17.0120713094302,6.72001270941889
"YLR215C",0.18214537339304,"low (<0.4)",29.6698426024221,11.9711007274278,4.9387488576029
"YLR216C",0.141179626666164,"low (<0.4)",398.395643448374,140.466381355698,8.64167478592741
"YLR218C",0.132724597767807,"low (<0.4)",78.1500143480346,20.0024629785206,6.3065177067765
"YLR219W",0.348027321372046,"low (<0.4)",68.1155517844679,36.7741653064079,6.11093846480492
"YLR220W",0.326973651824387,"low (<0.4)",100.770200534753,23.9364422246938,6.66917137560559
"YLR221C",0.371367570570179,"low (<0.4)",106.774700496396,37.52355755069,6.75187474307782
"YLR222C",0.0640480859354722,"low (<0.4)",56.3971813849183,24.0493862342448,5.84290798680847
"YLR223C",0.101171071850585,"low (<0.4)",74.7200021221098,43.6130572662176,6.24260254636159
"YLR224W",0.0551050156943155,"low (<0.4)",89.8777130564037,23.3232450837365,6.50585462467165
"YLR225C",0.214149740838572,"low (<0.4)",114.708930120244,27.4296084178527,6.85435640204228
"YLR226W",0.0967411106474956,"low (<0.4)",31.1894773521149,9.18064390422854,5.00851724742109
"YLR227C",-0.0410119210159904,"low (<0.4)",25.678969077705,6.28400285373427,4.73763101421277
"YLR228C",0.279796904033029,"low (<0.4)",19.7014256649571,4.4239245973822,4.37165822149787
"YLR229C",0.26094939787568,"low (<0.4)",151.383606765744,93.0947013740639,7.25156389765936
"YLR231C",0.48215085499713,"moderate (0.4-0.7)",88.836775630494,21.5369723454704,6.48923424318048
"YLR233C",0.228039834900657,"low (<0.4)",12.9430357550906,2.71500170989739,3.80147280186106
"YLR234W",0.106439452955378,"low (<0.4)",8.79419375619412,0.794090579597016,3.29192673682016
"YLR237W",0.586287768974711,"moderate (0.4-0.7)",183.798821950939,56.4134166168253,7.52981174971616
"YLR238W",-0.0317280035851646,"low (<0.4)",32.1448521476805,7.33518222760512,5.05071291220189
"YLR239C",0.113151015713846,"low (<0.4)",40.8677807020748,14.2255573622692,5.38776854162648
"YLR240W",0.0556256834917968,"low (<0.4)",28.0053995767267,7.7553744866813,4.8582495888325
"YLR241W",0.300610969704983,"low (<0.4)",72.702285476857,31.5401763561158,6.20363745226746
"YLR242C",0.213575606738686,"low (<0.4)",24.6397649239669,10.4409114010338,4.68031112967624
"YLR243W",0.379459166248035,"low (<0.4)",77.3617552178815,19.6682594005006,6.29207780765077
"YLR244C",0.303895059358498,"low (<0.4)",154.853894730423,52.5683995171787,7.2840503975969
"YLR245C",0.292912186510887,"low (<0.4)",35.3822106935012,6.01668567455229,5.18516130306785
"YLR246W",0.15609154027813,"low (<0.4)",37.2307083790611,9.19620027589388,5.25666002708949
"YLR247C",0.370192959919367,"low (<0.4)",36.2408143004422,40.3886496865324,5.37116327599189
"YLR248W",0.0961846823079618,"low (<0.4)",169.413025920883,57.5995882927952,7.41289180534564
"YLR249W",0.144964928756161,"low (<0.4)",1089.09028935054,911.2277026855,10.0902319193006
"YLR250W",0.237965625275528,"low (<0.4)",185.729988451267,47.2662626856267,7.54480982979557
"YLR251W",0.220298103706243,"low (<0.4)",72.089707734871,6.07798823988369,6.19159635954279
"YLR253W",0.127225444436339,"low (<0.4)",45.4492184499475,17.7057717113751,5.53758241705243
"YLR254C",0.375365473721596,"low (<0.4)",89.7370677507737,13.6319816983055,6.50362013335307
"YLR256W",0.727564080250645,"high (>=0.7)",48.8639935270407,51.6242307308292,5.71765533368056
"YLR259C",0.00750681903426031,"low (<0.4)",724.432292417751,205.148211438258,9.50269715768287
"YLR260W",0.00418872551736948,"low (<0.4)",44.0783950190278,14.1991539318406,5.49436424528415
"YLR262C-A",-0.0291478338645345,"low (<0.4)",1157.05843839293,127.215637763692,10.1774923416615
"YLR263W",0.226490207343729,"low (<0.4)",9.55351864458614,2.97749699761709,3.39965218242193
"YLR264W",0.0347033019044036,"low (<0.4)",839.119632071107,315.242650719083,9.71445097041212
"YLR264C-A",-0.097943268645467,"low (<0.4)",2067.36538461733,0.114812664585984,11.0142753503982
"YLR265C",0.653846825929713,"moderate (0.4-0.7)",4.50931328149992,1.09037482921157,2.46187250262268
"YLR266C",0.033858988332941,"low (<0.4)",22.9717114136843,6.97693072029849,4.58326100595604
"YLR267W",-0.0183347241659955,"low (<0.4)",17.6908848495246,5.9614754552148,4.22426296454846
"YLR268W",0.0300415019868595,"low (<0.4)",120.261746705087,56.4869477753193,6.92198069866063
"YLR270W",0.161461511871411,"low (<0.4)",172.615696499906,47.2908735492542,7.43975357672111
"YLR271W",0.266619894982234,"low (<0.4)",40.385052663668,8.22307836253434,5.37103788817174
"YLR272C",0.180272439862734,"low (<0.4)",20.1009659136596,7.27495623025496,4.39923713585544
"YLR273C",-0.0699046540547623,"low (<0.4)",11.9106598484941,1.54450546897717,3.69049083184718
"YLR274W",0.139490851950451,"low (<0.4)",42.6919215407,7.98889105979436,5.44929465080175
"YLR275W",0.193992789813711,"low (<0.4)",87.8396019381857,20.1545680529241,6.47313102353214
"YLR276C",0.182782684207454,"low (<0.4)",94.5061528525702,26.3254287535197,6.57752177467397
"YLR277C",0.0481983857885732,"low (<0.4)",29.2882002925371,10.5223383654916,4.92068395145679
"YLR278C",0.117518040250173,"low (<0.4)",32.8489982642393,9.99688484690422,5.08104123383981
"YLR281C",0.103416614152714,"low (<0.4)",4.1236165695285,1.39289462069628,2.35716251433337
"YLR283W",0.223974881705396,"low (<0.4)",26.2736519058532,10.2496485586151,4.76943598302906
"YLR284C",0.228303189543898,"low (<0.4)",18.2579836472267,4.91262679025778,4.26738475266739
"YLR285W",0.122489550569389,"low (<0.4)",74.9475498549465,36.2216204626363,6.24693151755895
"YLR285C-A",0.0158172292890791,"low (<0.4)",171.509683192753,0.842784901592849,7.43053353428631
"YLR286C",0.300658775989268,"low (<0.4)",143.009811947555,77.0136613953291,7.17002330120501
"YLR287C",0.0600951391084776,"low (<0.4)",52.1225725228045,28.1435034640897,5.73125310746127
"YLR287C-A",0.116522270799068,"low (<0.4)",1023.14456663967,1391.87379031032,10.4438488244803
"YLR288C",0.145458007247913,"low (<0.4)",20.2872518928131,5.9938235121294,4.41191780998934
"YLR289W",-0.027762723214272,"low (<0.4)",17.3512580065981,4.85597053352771,4.19780706028127
"YLR290C",0.337160951470071,"low (<0.4)",67.1077979582004,21.3166472399897,6.08974808301553
"YLR291C",0.0775414186213405,"low (<0.4)",115.397759324094,24.8447868944931,6.86291947617271
"YLR292C",0.44282660865117,"moderate (0.4-0.7)",171.00785877954,71.7465448298503,7.42633067076758
"YLR293C",0.442968950573126,"moderate (0.4-0.7)",1030.13924948804,627.176777565656,10.0100234582802
"YLR295C",0.469448242001193,"moderate (0.4-0.7)",352.674622280199,70.1237611632486,8.46627889277165
"YLR297W",0.32038646228537,"low (<0.4)",108.854197817235,15.4699818312037,6.77944618975344
"YLR298C",0.272334784141638,"low (<0.4)",58.4992537974037,12.3647720517347,5.89479967003844
"YLR299W",0.525849422157761,"moderate (0.4-0.7)",34.0052481685569,9.41171647573183,5.1294993294919
"YLR300W",0.630493933793925,"moderate (0.4-0.7)",507.740001716276,154.18058352045,8.99078472609988
"YLR301W",0.460180173686517,"moderate (0.4-0.7)",267.919101324372,111.061329475264,8.07102842325707
"YLR304C",0.482179004759773,"moderate (0.4-0.7)",273.758317895019,37.8431519283291,8.10201934703385
"YLR305C",0.168229820197528,"low (<0.4)",25.4137493074688,19.8242809282941,4.72321719470267
"YLR306W",0.15183351009708,"low (<0.4)",25.3434087203824,5.08174780523723,4.7193701309074
"YLR307W",0.0623619137111442,"low (<0.4)",2.92021451123387,0.227752854409556,1.97093259970428
"YLR307C-A",0.15476704027541,"low (<0.4)",9.3324453174286,0.227906295253349,3.36910982342117
"YLR309C",0.22233792348763,"low (<0.4)",94.5167875018558,41.1182268114826,6.57768241041513
"YLR310C",0.107182821347896,"low (<0.4)",41.5907260207731,13.0849594661087,5.41246741781721
"YLR312C",0.0237909533222582,"low (<0.4)",21.1325616197739,1.6750467159927,4.46809853302448
"YLR312W-A",0.228094171068957,"low (<0.4)",87.5070855691425,25.2598791474583,6.46772105184878
"YLR313C",0.217243135369903,"low (<0.4)",16.415658789956,0.567769482913752,4.12231314231824
"YLR314C",0.296949151077421,"low (<0.4)",189.787436042851,40.8799028935613,7.5758223582068
"YLR315W",0.0490269720941496,"low (<0.4)",13.1485321797491,0.102736548024468,3.82258048527047
"YLR316C",0.233838307637052,"low (<0.4)",13.9934621733623,7.41092462291947,3.90626165252997
"YLR318W",0.137070577866613,"low (<0.4)",7.13520635726664,2.81531613399546,3.02417894169735
"YLR319C",-0.053354333138748,"low (<0.4)",27.0938922650855,5.69540236303015,4.81218461121816
"YLR320W",0.0611930721508748,"low (<0.4)",10.6050973189113,8.43901623017159,3.53668671588273
"YLR321C",0.199112837495269,"low (<0.4)",32.3523255927276,18.4755026540883,5.05971545612089
"YLR323C",0.230028935803309,"low (<0.4)",34.7170151635545,13.2551482593846,5.15853961575339
"YLR324W",0.0901250764351478,"low (<0.4)",58.8922462023782,18.5142869936575,5.90429733513927
"YLR325C",0.223538156348512,"low (<0.4)",3370.56044521935,1730.44551797755,11.7192007471469
"YLR326W",0.124176437894447,"low (<0.4)",62.054089720644,8.05287497927902,5.97851804241694
"YLR327C",0.303939158012516,"low (<0.4)",3551.26372327508,217.633839952134,11.7945229773122
"YLR328W",0.282766643471779,"low (<0.4)",67.8363969019476,32.719813178828,6.10509967936988
"YLR329W",0.171409433063575,"low (<0.4)",5.79732335019356,0.534253845481861,2.7649667537732
"YLR330W",0.289991212754368,"low (<0.4)",148.43753358452,68.660350707415,7.22339873894226
"YLR332W",0.365666590562278,"low (<0.4)",78.4649395361587,28.3458375376369,6.31224656894303
"YLR333C",0.266629160539812,"low (<0.4)",428.30018313715,680.430774873725,9.41242329387925
"YLR335W",-0.0219375469582879,"low (<0.4)",107.524549328905,51.4136110928098,6.76187762128232
"YLR336C",0.273970823643941,"low (<0.4)",38.6616224232337,13.2846815962035,5.30967178945056
"YLR337C",0.136861407899692,"low (<0.4)",55.6408899382482,22.6015132285508,5.82377202802386
"YLR340W",0.0783189838246379,"low (<0.4)",1318.04427790381,1794.19263897995,10.809922950097
"YLR341W",0.155268847991703,"low (<0.4)",6.58249994738244,0.0901944810793636,2.92267358283809
"YLR342W",0.460329899248698,"moderate (0.4-0.7)",226.347884534522,146.571243073088,7.82875776968408
"YLR342W-A",0.233109906686991,"low (<0.4)",190.554639863141,2.33326689470864,7.58161216111978
"YLR343W",0.438934072477872,"moderate (0.4-0.7)",5.57057837034386,1.99811483830624,2.7160203683104
"YLR344W",0.217147752983559,"low (<0.4)",478.280030807314,847.937599173301,9.72951470271466
"YLR345W",0.192107863137336,"low (<0.4)",90.215357980408,16.6102445300622,6.511204847093
"YLR346C",0.427453479288341,"moderate (0.4-0.7)",47.0755417026086,5.00769603197156,5.58723120845387
"YLR347C",0.00317006450803046,"low (<0.4)",59.7837037796128,31.7270853018359,5.92561268125924
"YLR348C",0.284441099785789,"low (<0.4)",66.9075772188974,24.0311022987913,6.08550065619422
"YLR350W",0.33660302165961,"low (<0.4)",461.24471225895,200.939392165795,8.85251300612367
"YLR351C",0.075011645037145,"low (<0.4)",137.174502638025,45.8576103452986,7.11034760932556
"YLR352W",0.202787341176344,"low (<0.4)",26.9184943714131,13.2717128839597,4.80314923480648
"YLR353W",0.0874310583949531,"low (<0.4)",29.0331735086649,9.62429935013648,4.90848502277316
"YLR354C",0.611591378685952,"moderate (0.4-0.7)",906.957972947941,178.89535557551,9.82648171017327
"YLR355C",0.121837630388998,"low (<0.4)",1214.9277972062,526.688968632743,10.2478418475676
"YLR356W",0.459519889655467,"moderate (0.4-0.7)",82.2900795430101,22.728461283348,6.38007276519112
"YLR358C",-0.00484893190359976,"low (<0.4)",6.78876348856984,0.0477071163612397,2.96139431025052
"YLR359W",0.165347273471532,"low (<0.4)",317.058155577731,27.5978083054822,8.3131467700412
"YLR360W",0.178400387796577,"low (<0.4)",46.4975822123367,20.6210328757838,5.56978217214044
"YLR361C",0.258492264192833,"low (<0.4)",26.3745491386773,9.99858139612552,4.77476329847786
"YLR361C-A",0.144594547660499,"low (<0.4)",106.085098691739,33.3582010686344,6.74261392719969
"YLR362W",0.173838240301907,"low (<0.4)",31.6974481967435,9.57203216835765,5.03110614291787
"YLR363C",-0.0165610216095437,"low (<0.4)",45.1803026839532,2.30255085879424,5.5292057240238
"YLR363W-A",0.192245989891206,"low (<0.4)",104.627995907015,14.3249636664955,6.72284845063841
"YLR364W",0.6210504935674,"moderate (0.4-0.7)",40.9323703225719,10.3791276747425,5.38999247899406
"YLR367W",0.281859031510056,"low (<0.4)",175.590046761728,220.405796323076,7.7905491816191
"YLR368W",-0.014824176302413,"low (<0.4)",24.9929980495935,12.0853711231185,4.70005113969522
"YLR370C",0.599322330616514,"moderate (0.4-0.7)",333.593780822662,108.632954187958,8.38626681967075
"YLR371W",0.138117890643597,"low (<0.4)",29.7632562660958,18.0743689761935,4.94313631438705
"YLR372W",0.251268517720811,"low (<0.4)",306.175511302309,125.026441599738,8.26291939564187
"YLR373C",0.167564073581127,"low (<0.4)",26.7643370682233,13.228865384597,4.79516104385843
"YLR375W",0.436249918752673,"moderate (0.4-0.7)",132.43006055442,63.5259244181222,7.05993991871996
"YLR376C",0.321798603261071,"low (<0.4)",20.0603917150496,5.39360207735361,4.3964603650641
"YLR377C",-0.0677907878091929,"low (<0.4)",14.0427365817955,1.51687025410885,3.91099514154704
"YLR378C",0.206684537887815,"low (<0.4)",183.819287679952,190.25323156295,7.57934031468043
"YLR380W",0.190510499916374,"low (<0.4)",136.736274831524,52.4535512909957,7.10576475380498
"YLR381W",-0.135045043107223,"low (<0.4)",13.6687641489775,2.08440384440411,3.87467542320972
"YLR382C",0.218591900323778,"low (<0.4)",38.0994452569545,8.17823366377781,5.28907623360367
"YLR383W",-0.121547290587758,"low (<0.4)",26.5558748146551,9.49831431658621,4.78428802393514
"YLR384C",0.0673507870583934,"low (<0.4)",57.5220195457349,48.4538319524801,5.87090765141679
"YLR385C",-0.244600357518657,"low (<0.4)",11.8519088153392,0.0991126353706735,3.68391074488304
"YLR386W",0.191767887222433,"low (<0.4)",28.8742992185907,9.50581634971866,4.90083296611558
"YLR388W",0.148606379284652,"low (<0.4)",418.333780323111,335.373443994601,8.71195524400295
"YLR389C",0.222878883550435,"low (<0.4)",49.6554610317387,30.8246588225373,5.66264590544796
"YLR390W",0.144933130528433,"low (<0.4)",76.9753521306008,23.6438544122479,6.28494625759964
"YLR390W-A",0.561125065405191,"moderate (0.4-0.7)",717.716006480644,387.702571696479,9.48927800636561
"YLR392C",0.0464282848084779,"low (<0.4)",28.5060129602748,5.53205745012339,4.88293708271757
"YLR393W",-0.00986990847435897,"low (<0.4)",21.5207344968375,0.925927563848785,4.49318197548778
"YLR394W",0.0525685335255725,"low (<0.4)",25.7929337740586,4.55996441417292,4.74378065701388
"YLR395C",0.68075808790329,"moderate (0.4-0.7)",779.924293768347,214.675181389208,9.60903888372587
"YLR396C",-0.0880866037379747,"low (<0.4)",31.114089382897,13.1320738660026,5.00513448330128
"YLR397C",0.277427432740435,"low (<0.4)",36.9413501918428,15.2512767597701,5.24569911471255
"YLR398C",0.254817952224388,"low (<0.4)",38.1170247652388,21.6072082780219,5.2897247381921
"YLR399C",0.117866165836911,"low (<0.4)",139.753475596371,59.4665173535046,7.1370267366894
"YLR401C",0.22566396983063,"low (<0.4)",39.4457225429871,16.6746894521951,5.33791522912906
"YLR403W",0.0579811517089331,"low (<0.4)",73.1667713119967,9.94891092872215,6.21270106069924
"YLR404W",0.178678075604362,"low (<0.4)",20.7561435688139,9.36391943787041,4.44335094618071
"YLR405W",-0.0798265888540691,"low (<0.4)",53.5762852819196,12.6536107117483,5.77020229624667
"YLR406C",0.282078715340189,"low (<0.4)",392.993574592388,598.157118937527,9.22679056505686
"YLR407W",0.193873914038202,"low (<0.4)",68.9374588229653,21.1699892539455,6.12799347156197
"YLR408C",0.136694541102187,"low (<0.4)",31.5386284563136,7.06634605129498,5.02408153578788
"YLR409C",0.0893669614559041,"low (<0.4)",53.3029773591782,23.1411564940909,5.76295939611337
"YLR410W",0.126169137099862,"low (<0.4)",52.6033151244051,25.0420684539995,5.74425032254133
"YLR411W",0.0929588754966662,"low (<0.4)",166.456355233305,8.19489890744101,7.38764131941499
"YLR412W",0.340061345442029,"low (<0.4)",58.5507299617846,34.9068197403164,5.89604728737293
"YLR412C-A",0.102306461879452,"low (<0.4)",4.45861973529552,0.263514927308863,2.44853619788819
"YLR413W",0.289364448968463,"low (<0.4)",61.7182874802623,29.5275574202276,5.97081426216154
"YLR414C",0.388172289797878,"low (<0.4)",676.946123089256,360.094800090729,9.4050268155841
"YLR415C",-0.000485407816903879,"low (<0.4)",4.48603050349714,0.923496572207906,2.45576264389995
"YLR417W",0.243185837212519,"low (<0.4)",52.6530799002806,37.7583317263323,5.74558908468231
"YLR418C",0.0683956054891628,"low (<0.4)",59.8724334717722,10.8332505084679,5.9277171358712
"YLR419W",0.195675964894713,"low (<0.4)",19.1564259485397,13.9827564055049,4.3331679438723
"YLR420W",0.110863325605137,"low (<0.4)",110.286537932461,32.1539144343012,6.79813527362506
"YLR421C",0.204328642797813,"low (<0.4)",348.097157126138,105.220514172592,8.44748479812136
"YLR422W",0.183844781556219,"low (<0.4)",21.6527060957932,18.9281824949306,4.5016115000278
"YLR423C",0.666740205101273,"moderate (0.4-0.7)",28.5576953615088,7.59549116743398,4.88546188060481
"YLR424W",0.0811707669858793,"low (<0.4)",15.9063611761972,5.17683634933072,4.07949427101771
"YLR425W",0.247794607234799,"low (<0.4)",17.0133806665485,7.90824124295633,4.17099705976087
"YLR426W",0.268383445579347,"low (<0.4)",35.2864372393634,21.910383702842,5.18135850856802
"YLR427W",0.358266724934241,"low (<0.4)",45.88619573012,21.6652021436219,5.55109132075898
"YLR429W",0.402603137094932,"moderate (0.4-0.7)",141.527327452974,78.6374218316207,7.15509475046301
"YLR430W",0.202396799397913,"low (<0.4)",28.3936485319797,24.3704210013983,4.87743254173971
"YLR431C",0.286099647772637,"low (<0.4)",23.5807194287158,8.59524676624346,4.61945523602721
"YLR432W",0.094641591334295,"low (<0.4)",153.154270980062,82.5033695508345,7.26823105091229
"YLR433C",0.194015127714323,"low (<0.4)",23.0327007174857,3.83984019584986,4.58692687788647
"YLR435W",0.312498293886697,"low (<0.4)",81.4125302713668,39.5406002490592,6.36479180105825
"YLR436C",0.150709967216363,"low (<0.4)",41.1083964662387,10.7317298670941,5.39603603203642
"YLR437C",0.582120907661922,"moderate (0.4-0.7)",120.016709274051,45.7120281402736,6.91906244985724
"YLR438W",0.211935547746984,"low (<0.4)",91.9421075779375,92.2529181053253,6.54307696631649
"YLR439W",0.313818149909337,"low (<0.4)",89.5055300080521,19.8186602932931,6.49993404035891
"YLR440C",0.0609673505985916,"low (<0.4)",29.8671711503992,9.83319283827448,4.94800136681689
"YLR441C",0.259857152907412,"low (<0.4)",1615.80147169215,1032.92062520482,10.6589268247049
"YLR442C",0.0629339429311107,"low (<0.4)",19.4372741543065,12.975500598623,4.35313088283082
"YLR443W",-0.100436290860144,"low (<0.4)",21.5489663766885,7.26663813418535,4.49498939810625
"YLR446W",0.171231932467361,"low (<0.4)",27.3217941816124,5.35736033605227,4.8238407577279
"YLR447C",0.200767190095585,"low (<0.4)",309.428861210374,76.4547922677952,8.27811888386368
"YLR448W",0.3223824915738,"low (<0.4)",556.784764558089,807.597688277563,9.65927826882922
"YLR449W",0.331322114808392,"low (<0.4)",149.608030111219,82.9232857498339,7.23465488337543
"YLR450W",-0.0942213539623611,"low (<0.4)",50.5389851400089,34.1722308740662,5.68759222409321
"YML131W",0.536078046890315,"moderate (0.4-0.7)",152.455213093189,13.784830753279,7.26167384682671
"YML130C",0.358587839090688,"low (<0.4)",210.781207051959,109.345499677235,7.72643076354381
"YML129C",0.242872080655495,"low (<0.4)",266.410974612302,63.4815562972434,8.06291486498103
"YML128C",0.151513557739856,"low (<0.4)",278.318769820453,64.5637613393612,8.12576871368627
"YML127W",0.117933842420959,"low (<0.4)",59.4665395014334,9.82561371947843,5.91806511083768
"YML126C",-0.136601461372172,"low (<0.4)",1042.6169163271,81.2615032303135,10.0273765192343
"YML124C",-0.0995186975410975,"low (<0.4)",135.125846703319,37.9538329325669,7.08879721231382
"YML123C",0.321421612359679,"low (<0.4)",48.4664094223165,2.04065024955817,5.62837727846283
"YML121W",-0.0438674028055484,"low (<0.4)",73.2268145752142,14.5704926290343,6.21386855216853
"YML120C",0.398237364167654,"low (<0.4)",200.510029689229,32.6522045523957,7.65470783707787
"YML119W",-0.0918534495729859,"low (<0.4)",48.3231761133122,7.86137967344781,5.62419379842759
"YML118W",-0.0488000889454724,"low (<0.4)",21.1984002477137,4.09403561515103,4.47238380579379
"YML117W",0.241850364578351,"low (<0.4)",71.2161650631246,24.4385891126597,6.17424990493698
"YML116W",0.247104291694931,"low (<0.4)",31.8370020117173,7.77901472982843,5.03725051127638
"YML115C",0.0857244741436923,"low (<0.4)",74.0223605812972,25.0755040829023,6.22924875305273
"YML114C",0.086766616454711,"low (<0.4)",44.0977467907273,17.2417768412625,5.49498344909863
"YML113W",0.138803818622047,"low (<0.4)",64.3373261743319,14.5983055426999,6.02983551088217
"YML112W",0.0554831759432617,"low (<0.4)",28.555825050909,6.48069845492509,4.88537058887292
"YML111W",0.0364726949640789,"low (<0.4)",36.4629059447439,6.88502412827811,5.2273909066271
"YML110C",0.318777108189409,"low (<0.4)",223.507397070742,45.2272008255815,7.81061916944702
"YML109W",0.108219796772092,"low (<0.4)",26.5910766141381,7.23532240329469,4.78612984717745
"YML108W",0.301713415631756,"low (<0.4)",118.221861577388,42.1719991889922,6.897504995184
"YML107C",0.327100646609232,"low (<0.4)",32.4435058459997,13.0812081288463,5.06365418637085
"YML106W",-0.0300655181166862,"low (<0.4)",401.752676819976,140.749018746934,8.65375036733989
"YML105C",0.0565226802371963,"low (<0.4)",135.210512049077,20.7153445775567,7.08969423744081
"YML104C",-0.00906034562099961,"low (<0.4)",17.3624244101123,12.0720090231555,4.19868464675098
"YML103C",0.0103149731232414,"low (<0.4)",34.3561955138153,25.6685524561887,5.14389113747173
"YML102W",0.124721469189358,"low (<0.4)",32.6505490980269,8.74516205389044,5.07255814131395
"YML101C",0.112584512377554,"low (<0.4)",95.544208322973,21.7310291709123,6.59311780953354
"YML100W-A",-0.0344129845209926,"low (<0.4)",13.7792270590076,0.579363811237264,3.88549891462204
"YML100W",0.177912667698497,"low (<0.4)",376.575903031873,47.5145092646933,8.56062288433217
"YML099C",0.0875715252932888,"low (<0.4)",26.209546384088,8.00870088725921,4.76604100021138
"YML098W",0.336739045531481,"low (<0.4)",110.782739267634,30.3355259754548,6.80455362397117
"YML097C",0.246219252221923,"low (<0.4)",43.4955414262756,17.5486683015181,5.47558887625941
"YML096W",0.0506525286917549,"low (<0.4)",32.1991168210788,10.8474227908381,5.0530729577006
"YML095C",-0.0115281574491568,"low (<0.4)",21.9840621011825,1.19423387848813,4.52256189092765
"YML094W",0.0537420071051235,"low (<0.4)",31.344628857112,39.5146212801464,5.3403707495907
"YML093W",0.0877600312511753,"low (<0.4)",70.7227031853246,34.873582037018,6.16435795842228
"YML092C",0.457471446249395,"moderate (0.4-0.7)",286.045879488775,136.812186702725,8.16513753580795
"YML091C",0.3059038792965,"low (<0.4)",62.5950160180667,13.7817922596059,5.99084179989749
"YML088W",0.130305514579219,"low (<0.4)",53.0718521424342,10.7907468017648,5.75680586930137
"YML087C",0.172991004992243,"low (<0.4)",14.0716524034364,1.25119229376109,3.91376569255013
"YML081W",-0.0045338103040652,"low (<0.4)",30.2946660251957,26.2049237847508,4.96784487489611
"YML080W",0.133752502621408,"low (<0.4)",36.4608599029493,12.2303143823491,5.22731211148599
"YML079W",0.11429361354977,"low (<0.4)",87.5143488154666,35.5257304027292,6.46783944033088
"YML078W",0.245321345951688,"low (<0.4)",292.826331799457,120.66927740203,8.19881988129256
"YML077W",0.125898659388475,"low (<0.4)",74.6528989773252,30.0898717660098,6.24132346166615
"YML076C",-0.0269769809256252,"low (<0.4)",25.2462219942678,9.09575689808367,4.7140378642413
"YML075C",0.16192753532703,"low (<0.4)",338.934609700889,85.50681217254,8.40911344398126
"YML074C",0.306164453602548,"low (<0.4)",381.641219262372,289.145659737911,8.57984848327664
"YML073C",0.159589158230047,"low (<0.4)",756.229993138348,1202.10042667042,10.2325413586077
"YML072C",0.272332532852732,"low (<0.4)",108.34566588457,76.9715195100669,6.77275222743777
"YML071C",-0.0184452515150646,"low (<0.4)",60.5559007756908,28.5543336756552,5.94382525560656
"YML070W",0.194291793116575,"low (<0.4)",164.888939427739,45.6398883288541,7.37407388821616
"YML069W",0.133895557049582,"low (<0.4)",121.18282671835,38.068537882455,6.93289771266164
"YML068W",0.00710416860914943,"low (<0.4)",25.9721657520921,4.53137575799138,4.75339946348931
"YML067C",0.100105916142369,"low (<0.4)",77.4669775807995,27.7454958757403,6.29401372591322
"YML066C",0.139430726079822,"low (<0.4)",10.1838224916833,0.273797442071192,3.48334146260887
"YML065W",0.221402246588323,"low (<0.4)",28.6728215924115,10.5607636602519,4.89107021428498
"YML064C",0.116685449402151,"low (<0.4)",53.7648101878043,8.58679123619752,5.77517726407842
"YML063W",0.156112930256745,"low (<0.4)",2116.65374202013,1435.69636149522,11.048250997926
"YML062C",0.12488373696282,"low (<0.4)",61.7696370228957,13.689111906064,5.97199496117999
"YML061C",0.0916748603196722,"low (<0.4)",23.4315745803002,12.1660518281471,4.61067494113629
"YML060W",0.222387323066887,"low (<0.4)",30.5344373326238,6.42951189919729,4.97885628639116
"YML059C",0.133700483483468,"low (<0.4)",21.2084602245594,11.5054847333371,4.47303746510682
"YML058W-A",0.342536743928731,"low (<0.4)",137.189802310348,4.33212543861031,7.11050734602828
"YML058W",0.0545502381393438,"low (<0.4)",1315.79361202981,255.580956846524,10.3628135268137
"YML057W",-0.0147500303870521,"low (<0.4)",83.2665196148461,29.4249317731519,6.39688763495248
"YML056C",0.270955588974274,"low (<0.4)",175.395013334755,123.697899100538,7.46266596643598
"YML055W",0.316148103465768,"low (<0.4)",130.527287518343,47.8046832630359,7.03921833137125
"YML054C",0.0794132729342842,"low (<0.4)",232.478817639504,23.0935327028979,7.86714785717149
"YML053C",0.257862047661742,"low (<0.4)",77.5090199741456,36.883675255741,6.29478651098587
"YML052W",0.253798368484376,"low (<0.4)",120.521088082063,39.9413731043983,6.92506288246574
"YML051W",0.455558594789922,"moderate (0.4-0.7)",42.3007460323951,16.6732771563901,5.43631997637435
"YML050W",0.0549879869035724,"low (<0.4)",17.4248179737717,3.64920515412642,4.20357846131034
"YML049C",0.334057277782634,"low (<0.4)",30.296897063094,14.6369296317745,4.9679477228569
"YML048W",-0.112266017175034,"low (<0.4)",160.220397311979,33.2329170605336,7.3328904723455
"YML046W",0.0491971073834959,"low (<0.4)",22.1247043931654,4.39207826735131,4.53136301843025
"YML043C",0.0738843911429033,"low (<0.4)",19.531105222138,12.2779304537983,4.35973938699922
"YML042W",-0.119839978676254,"low (<0.4)",33.949565147627,4.62089738957916,5.12720260018006
"YML041C",0.0275111114519878,"low (<0.4)",39.7848074975671,11.905911343537,5.34995993753241
"YML038C",0.0764563917557156,"low (<0.4)",74.7066655604465,18.8983089785603,6.24234842214796
"YML037C",-0.0812921670323967,"low (<0.4)",14.8818477449773,3.83111307481888,3.98930686488962
"YML036W",0.26681063019321,"low (<0.4)",64.2362710833385,22.3055902921907,6.02760241459313
"YML035C",0.338726459781037,"low (<0.4)",67.0898522205863,22.3054072823005,6.08936789691428
"YML034W",-0.130235575028852,"low (<0.4)",49.3243332198294,16.4425137040769,5.65318424694569
"YML032C",0.329355877887361,"low (<0.4)",74.0752110151128,17.538358981782,6.23026471968183
"YML031W",0.00477500190860018,"low (<0.4)",48.3145486202075,40.6245266618646,5.62394142355615
"YML030W",0.339066655772117,"low (<0.4)",158.706672362165,37.2352671329722,7.31928077793225
"YML029W",0.0981595238126962,"low (<0.4)",32.568966904167,2.24672495858544,5.06905623319869
"YML028W",0.0921802907471496,"low (<0.4)",3612.03087657242,4294.80294335699,12.0687121003406
"YML027W",0.363207443370235,"low (<0.4)",56.3552183149531,14.8994794771651,5.84185284694567
"YML026C",0.219087010620915,"low (<0.4)",742.07900398934,760.823339017604,9.57331267637535
"YML025C",0.141508518909135,"low (<0.4)",84.1920432917195,17.6515450470044,6.41264678778425
"YML024W",0.0224571573788745,"low (<0.4)",965.968243004997,883.035408370146,9.91732469952697
"YML023C",0.0763666120835723,"low (<0.4)",25.4546146210276,8.93810711132836,4.72544749625076
"YML022W",0.23322843713703,"low (<0.4)",236.13231133908,148.279063143587,7.88954844573102
"YML021C",0.213286954384812,"low (<0.4)",42.0280631559672,16.6361908768599,5.42720599587147
"YML020W",0.241460822530873,"low (<0.4)",27.816080391509,9.24992937812375,4.84880220610085
"YML019W",0.29763855101048,"low (<0.4)",41.8405913020521,12.6518579361001,5.42090648773582
"YML018C",0.231399857935595,"low (<0.4)",77.2121319889424,26.5612242595816,6.28932050552396
"YML017W",0.122385050244877,"low (<0.4)",32.0283671199073,5.85326025528864,5.04563374128211
"YML016C",0.092872893524661,"low (<0.4)",39.9734826694811,9.54761422444916,5.35661861930064
"YML015C",0.00271180269972626,"low (<0.4)",45.4852250288041,8.89775904595659,5.53870033444475
"YML014W",0.0947019626263761,"low (<0.4)",49.4735418425518,16.4020842745334,5.65745542224884
"YML013W",0.310209973830329,"low (<0.4)",43.6039573853475,14.8551294598129,5.47909981056962
"YML012W",0.167379023199333,"low (<0.4)",525.526353762485,229.865608536006,9.04036193278436
"YML011C",0.262245147514174,"low (<0.4)",41.1060428351621,11.3897257405877,5.39595539095132
"YML010W",0.0178884348930604,"low (<0.4)",66.8561086735784,28.6704853488953,6.08440679345526
"YML009C",-0.012850555846867,"low (<0.4)",269.916636533132,54.3140456787021,8.08170517950102
"YML008C",0.069608327145522,"low (<0.4)",1661.88064716899,253.269924300266,10.6994689079375
"YML007C-A",0.3060173461786,"low (<0.4)",25.2916449218157,3.39878801335397,4.71653250106197
"YML007W",0.141842580631433,"low (<0.4)",123.502219172125,52.1500509449211,6.96002764741014
"YML006C",0.0773691315392678,"low (<0.4)",33.419707541565,5.35839435443602,5.10516293398174
"YML003W",0.0445334750193146,"low (<0.4)",21.8333361089212,0.920894893834709,4.51306975761134
"YML002W",-0.16480982025393,"low (<0.4)",26.874047985722,5.24886755782766,4.80085062674605
"YML001W",0.453728714988029,"moderate (0.4-0.7)",174.947321261985,68.465280861986,7.45899973948908
"YMR001C",0.299673623909402,"low (<0.4)",51.1655327003456,12.9206364125712,5.70502498546956
"YMR001C-A",0.124781444162267,"low (<0.4)",26.6422540217385,3.52937310236709,4.78880335653965
"YMR002W",0.500895535912406,"moderate (0.4-0.7)",628.724104683678,227.558104314749,9.29857608190286
"YMR003W",0.188884898830267,"low (<0.4)",36.9901243468325,12.1418529671002,5.24755252903468
"YMR004W",0.278437140937728,"low (<0.4)",79.1589411685193,25.4020739356281,6.32479154677109
"YMR005W",0.246080446258314,"low (<0.4)",94.6874766098343,38.1754599236516,6.58025821484265
"YMR006C",0.637738463927966,"moderate (0.4-0.7)",115.494419606561,38.0068863192954,6.86411703736875
"YMR009W",0.305040912137045,"low (<0.4)",177.110438255443,38.7051574733012,7.47662825858976
"YMR010W",-0.0498735492008433,"low (<0.4)",63.5706271059008,28.2695651844411,6.01280613340487
"YMR011W",0.213927550157965,"low (<0.4)",314.894733896815,134.666232520083,8.30330007670353
"YMR012W",0.176408453986056,"low (<0.4)",119.548547417394,66.5597044851274,6.91347045667246
"YMR013C",0.268388864664402,"low (<0.4)",22.5828350887749,6.83657244698108,4.55966526200273
"YMR014W",-0.125845871362561,"low (<0.4)",91.2167838661183,20.6504326074597,6.52695744637445
"YMR015C",0.121729150160597,"low (<0.4)",774.776996202283,92.7886297260134,9.5994981866328
"YMR016C",0.0921602611528518,"low (<0.4)",41.7389004729477,17.1978959188565,5.4174778877089
"YMR017W",-0.0336363767429231,"low (<0.4)",3.15724786303038,0.311936271149437,2.05562876675094
"YMR018W",0.17141528347175,"low (<0.4)",2.6081953114473,0.401970571357062,1.85127743372358
"YMR019W",0.0206180163875916,"low (<0.4)",25.4663883030533,8.69437360883439,4.72608942788521
"YMR020W",0.340687307090479,"low (<0.4)",82.069240659717,13.1395306224176,6.37624246162265
"YMR021C",0.321271774028027,"low (<0.4)",42.5084053002961,12.8421968218337,5.44322223409362
"YMR022W",0.251983428744511,"low (<0.4)",198.780684734753,94.9676708740855,7.64227329650656
"YMR023C",0.368195917964794,"low (<0.4)",25.2227259411401,6.13746586193301,4.7127457612765
"YMR024W",0.255905238158757,"low (<0.4)",88.5900849888826,25.1680961848844,6.48526717171403
"YMR025W",0.177724294444592,"low (<0.4)",16.9662799394405,2.46880302633033,4.16721981322249
"YMR026C",0.211038519954189,"low (<0.4)",47.4498638538771,12.7028051247173,5.59842070650063
"YMR027W",0.430049023247707,"moderate (0.4-0.7)",171.600949509639,43.0156312500934,7.43129659084478
"YMR028W",0.140894531381113,"low (<0.4)",49.5030148778622,19.7305208574105,5.65829760987082
"YMR029C",-0.0743630556975023,"low (<0.4)",65.9822720184288,14.5435283978684,6.06570740754184
"YMR030W",0.0546604296614464,"low (<0.4)",38.1121733482004,10.2943839452259,5.28954579949708
"YMR031C",0.194589835259072,"low (<0.4)",126.348007113124,20.7631177968898,6.99263257262586
"YMR044W",0.168753000744206,"low (<0.4)",58.0365614877533,27.7901286485862,5.88353679072623
"YMR047C",0.42761881022916,"moderate (0.4-0.7)",60.5174723978025,26.2314319864254,5.94292432260081
"YMR048W",0.055976333887112,"low (<0.4)",42.0540111112658,11.7763234719907,5.428075746929
"YMR049C",0.151321434847435,"low (<0.4)",81.8672135561927,58.6643277358572,6.37272950666927
"YMR052W",0.085873723111002,"low (<0.4)",26.279619783936,11.9965835268931,4.76975163149092
"YMR053C",0.129690012034214,"low (<0.4)",17.0180458149873,3.7028633637199,4.17137064400177
"YMR054W",-0.102520829663761,"low (<0.4)",72.6761522396835,20.0815103916325,6.20312581307992
"YMR055C",0.367843568497926,"low (<0.4)",18.8745666121962,6.8678110229494,4.31285149600121
"YMR056C",-0.110861529453763,"low (<0.4)",17.3157687643279,10.553572747565,4.19501435117311
"YMR058W",0.397980411493402,"low (<0.4)",358.899429055835,79.6362439755709,8.49145000334893
"YMR059W",0.287212555392094,"low (<0.4)",36.4742413103311,14.1757556703896,5.22782736508444
"YMR060C",0.196336148142963,"low (<0.4)",53.7800880134399,16.9459631271903,5.77557967886514
"YMR061W",-0.0098530704025392,"low (<0.4)",54.6853060324546,15.6385635814673,5.79922478132528
"YMR062C",0.653223625922955,"moderate (0.4-0.7)",121.610647972241,37.3225954472537,6.93794046333597
"YMR063W",0.155761507725268,"low (<0.4)",16.2086973088238,0.194286070343332,4.10506598498876
"YMR064W",0.240838297670577,"low (<0.4)",44.4030096247688,9.76304292122878,5.50471602735549
"YMR065W",0.0395189134400028,"low (<0.4)",9.20570506989837,3.22009176038054,3.35130395052678
"YMR066W",-0.0595916713998573,"low (<0.4)",19.4685017876717,7.10761233487658,4.35533360161608
"YMR067C",0.142269363883613,"low (<0.4)",63.187454424994,22.1539574006671,6.00421944196207
"YMR068W",0.0332366734374397,"low (<0.4)",24.6917871224346,5.19066672558886,4.68323534258033
"YMR069W",-0.0155788864379272,"low (<0.4)",7.69733002381789,1.62448868073875,3.12057257882461
"YMR070W",0.0219825506142409,"low (<0.4)",161.374659732072,22.4836007388573,7.34318269217849
"YMR071C",0.243546018097282,"low (<0.4)",186.277003813473,57.3543594158265,7.54902994829274
"YMR072W",0.375019527805044,"low (<0.4)",358.420231830048,157.414618550753,8.48952781047387
"YMR073C",0.112698970664925,"low (<0.4)",62.615477450002,17.8716817594926,5.99130590636909
"YMR074C",0.110381772251271,"low (<0.4)",253.443257904184,62.7740104900933,7.99120015386615
"YMR075W",0.0462376364619875,"low (<0.4)",28.4855871253198,9.80168222250896,4.88193801668341
"YMR076C",0.26131314631812,"low (<0.4)",27.6796395059772,8.47368508837749,4.84195498481952
"YMR077C",0.00711399404100866,"low (<0.4)",60.2422155599642,10.7779825815108,5.93645457105548
"YMR078C",0.0782733473883448,"low (<0.4)",29.891764967672,10.3883883342667,4.94915039503277
"YMR079W",0.294759428513728,"low (<0.4)",158.118351977701,127.636146706581,7.31395642883987
"YMR080C",0.082758231943335,"low (<0.4)",56.4152508047608,26.0867145871037,5.84336209551633
"YMR081C",0.0566589873930749,"low (<0.4)",79.9676921118053,5.98902353586306,6.33927445068541
"YMR083W",0.277401280763495,"low (<0.4)",416.784312397486,71.982448323444,8.70661451068318
"YMR084W",0.267552498662171,"low (<0.4)",22.3538448922028,0.300290425079996,4.54558818444839
"YMR085W",0.295190451853465,"low (<0.4)",29.0859032358184,9.04479587689787,4.91101576474388
"YMR086W",0.209101155083124,"low (<0.4)",63.7268601165321,26.0603131939244,6.01629261569001
"YMR087W",0.173783353321604,"low (<0.4)",43.3806811750254,9.04965313202944,5.47185990573661
"YMR088C",0.242291392893317,"low (<0.4)",71.6075507500252,33.3136475005779,6.18204768254601
"YMR089C",0.33158146360778,"low (<0.4)",93.1097131762935,52.1365169071864,6.55627172781023
"YMR090W",0.17502551525591,"low (<0.4)",369.011495368184,50.212871604901,8.53142628228132
"YMR091C",0.148851288140058,"low (<0.4)",79.2794237348865,19.7850048845442,6.32695835561124
"YMR092C",0.263390965397604,"low (<0.4)",140.854686783078,27.4501339541325,7.14827000684454
"YMR093W",0.0475053324076008,"low (<0.4)",62.6268303271993,30.3260749476419,5.99156334809523
"YMR094W",0.0114315691717353,"low (<0.4)",23.3453369559302,0.868917486610693,4.60557356350777
"YMR095C",0.246218191319849,"low (<0.4)",92.4955443518791,0.801921777603773,6.54682570807356
"YMR096W",0.107462121055247,"low (<0.4)",545.730415132497,26.7936150130331,9.09468582604071
"YMR097C",0.0614942764907366,"low (<0.4)",78.0210112282087,10.4039576601378,6.30416440342248
"YMR098C",0.19227036366609,"low (<0.4)",37.7088932777137,15.6919999030076,5.27459315515053
"YMR099C",0.348956985443629,"low (<0.4)",206.700712204667,84.4447504003287,7.6983623529596
"YMR100W",-0.0833075909677373,"low (<0.4)",33.9098488851405,8.7140237684442,5.12556220677287
"YMR101C",0.216452307578378,"low (<0.4)",2.35413620211177,0.554308046027979,1.74594127391166
"YMR102C",0.335946504291766,"low (<0.4)",30.5760840384836,15.059371096256,4.98076035891122
"YMR104C",0.164137519865398,"low (<0.4)",51.068515376823,1.70550851832313,5.70233936681564
"YMR108W",0.480348942091134,"moderate (0.4-0.7)",259.454559909409,84.961965468735,8.02488788507453
"YMR109W",-0.187681791358592,"low (<0.4)",56.8713951541591,27.1647172953407,5.85477851967161
"YMR110C",0.296357299027931,"low (<0.4)",145.104920529472,26.764277326033,7.19086095589649
"YMR111C",0.349225504277689,"low (<0.4)",28.3071623557061,8.4200132374144,4.87318138179791
"YMR112C",0.550990930967871,"moderate (0.4-0.7)",85.7607976537693,31.5134185607224,6.43897141168094
"YMR113W",0.213466517881934,"low (<0.4)",38.0111058154995,13.7729567725476,5.28581298871064
"YMR114C",0.0419909978310853,"low (<0.4)",50.1562751338767,14.3394886296424,5.67683931529293
"YMR115W",0.132180425092135,"low (<0.4)",54.2008003851857,28.5513694724395,5.78661728043006
"YMR116C",0.257673890032363,"low (<0.4)",1210.40191094671,1594.05368493059,10.6393892664452
"YMR117C",-0.168299873489655,"low (<0.4)",26.4615461258235,0.816441247264392,4.77934094853204
"YMR118C",0.21313605349673,"low (<0.4)",24.9793704469996,1.4033078734375,4.69929456555013
"YMR119W",0.265764234389829,"low (<0.4)",42.1852815175304,13.6059356115958,5.43246778922496
"YMR120C",0.161049673143025,"low (<0.4)",294.616764957032,8.74930905966354,8.20758427940264
"YMR122W-A",0.527928302024769,"moderate (0.4-0.7)",4146.09023300883,760.741983407949,12.0178837226217
"YMR125W",0.0203874870464113,"low (<0.4)",65.5478578033268,22.3795496087513,6.05632032096053
"YMR126C",-0.00424551344631085,"low (<0.4)",19.5791281525095,6.95505966815033,4.36310995774633
"YMR127C",0.230713042395484,"low (<0.4)",25.5562242651139,7.87046187363948,4.73097813535163
"YMR128W",0.3544094924245,"low (<0.4)",46.0828370457441,22.6460867673361,5.55712934959908
"YMR129W",-0.0200044171638305,"low (<0.4)",35.23519981424,23.0738887145012,5.17931994478386
"YMR130W",0.176180192371649,"low (<0.4)",44.2322197916782,16.1640752987469,5.49927889350677
"YMR131C",0.0699740599751541,"low (<0.4)",159.04433013847,56.6767562696622,7.32232775746732
"YMR133W",-0.186680924290223,"low (<0.4)",7.94845724859614,0.750183258518852,3.16163897716457
"YMR134W",0.0404002511539584,"low (<0.4)",192.994341261713,49.1264854510976,7.59987075995656
"YMR135C",0.292956231436358,"low (<0.4)",81.7815201143173,13.1966287977225,6.37123683586015
"YMR136W",0.193030533358493,"low (<0.4)",73.7939572691416,19.1577714127056,6.22484981192545
"YMR137C",0.0255795841594639,"low (<0.4)",17.9202585329238,4.2444328922381,4.24185989718088
"YMR138W",-0.136389945274138,"low (<0.4)",20.9144013373949,9.2863946401853,4.45380736241666
"YMR139W",0.159619154927458,"low (<0.4)",109.8473005285,23.2667936566396,6.79242982636184
"YMR140W",0.19158121446429,"low (<0.4)",72.3018200858122,14.0519929258721,6.19577711584093
"YMR142C",0.152678451512879,"low (<0.4)",855.263777838504,1771.48528089869,10.7915579317248
"YMR143W",0.235211484730999,"low (<0.4)",654.293617714069,1007.04638814586,9.97734631477781
"YMR144W",0.170182304909111,"low (<0.4)",37.9562795014604,6.62582622368152,5.28378399507207
"YMR145C",0.596734476166002,"moderate (0.4-0.7)",198.306090338064,74.8956979870438,7.63884198608453
"YMR146C",0.0992287978921515,"low (<0.4)",369.002400774263,182.871702813563,8.53139082152682
"YMR147W",0.104347923648269,"low (<0.4)",20.9772194190604,0.25002597193975,4.45793696142505
"YMR148W",0.204642373990132,"low (<0.4)",56.696138494572,14.1383891714045,5.85040285983862
"YMR149W",-0.00153967968932262,"low (<0.4)",168.291744442752,30.3242378475681,7.40336781131365
"YMR150C",-0.068148523605552,"low (<0.4)",63.9728724366085,5.20406013090736,6.02176558271668
"YMR152W",0.781142565803733,"high (>=0.7)",130.043717754223,24.839652460509,7.03390438218906
"YMR153W",0.230554927076627,"low (<0.4)",48.1327236679123,24.9802190863836,5.61861231185691
"YMR154C",0.216465203403699,"low (<0.4)",13.5720710658336,3.30192702318472,3.86513403090801
"YMR155W",0.214928140595135,"low (<0.4)",24.4795266843044,7.13955806287996,4.671266572774
"YMR156C",0.0911463728456822,"low (<0.4)",23.7870756666438,9.36454923214909,4.63151616985813
"YMR157C",0.208699088621464,"low (<0.4)",48.9397262398697,17.773886188232,5.64211600759392
"YMR158W",0.156361585912624,"low (<0.4)",97.6912304853649,29.4241921787467,6.62484999013273
"YMR158C-A",-0.0544527815969802,"low (<0.4)",34.7711555592165,2.34787317405359,5.16072481910877
"YMR160W",0.165070321421107,"low (<0.4)",24.3045328642372,8.069767618245,4.66132393652627
"YMR161W",0.186962630851842,"low (<0.4)",109.851715632087,39.5879063236059,6.79248728848468
"YMR162C",0.311939118124397,"low (<0.4)",21.624136723347,8.4093605805244,4.49979083874255
"YMR163C",0.153376819644542,"low (<0.4)",15.0775225971414,7.09995410439668,4.0069732120898
"YMR164C",0.253882903474492,"low (<0.4)",24.3149350396194,2.4876241089031,4.66191687705572
"YMR166C",-0.125024189478138,"low (<0.4)",39.0724988025049,5.24638041853703,5.32454056965684
"YMR167W",-0.148597921823281,"low (<0.4)",26.0107602885142,3.86220716123665,4.75546234373209
"YMR168C",-0.0487919240079957,"low (<0.4)",23.8934895548333,0.837326615994883,4.63769657553091
"YMR171C",-0.112433805045069,"low (<0.4)",59.0397007156326,19.5509412792323,5.90784488035448
"YMR172W",0.320695681212134,"low (<0.4)",16.9888461030743,4.33028369714307,4.16903074257942
"YMR174C",0.122913462181618,"low (<0.4)",342.075218908507,12.6564748119234,8.42238111033954
"YMR175W",0.0961457134375556,"low (<0.4)",428.060134215564,11.9650376576214,8.74503605021463
"YMR175W-A",-0.0305035950089222,"low (<0.4)",171.486738609712,0.233418031910146,7.43034163643389
"YMR183C",0.359703132912291,"low (<0.4)",115.068726540249,52.0839243417779,6.85883549580219
"YMR184W",0.332926920289115,"low (<0.4)",168.933061081389,82.9355215645125,7.40882275105524
"YMR185W",0.0782965707117075,"low (<0.4)",18.2744339097716,8.64922417996552,4.26861658368873
"YMR187C",0.177528260635023,"low (<0.4)",19.8625008869891,5.71210657036071,4.38284020581279
"YMR188C",0.0312848435379294,"low (<0.4)",141.696434552305,25.8934949394171,7.15680547751083
"YMR189W",-0.0250481368497775,"low (<0.4)",66.7778000269606,8.041701921484,6.0827409045965
"YMR190C",0.316411984195222,"low (<0.4)",17.6310123165767,16.3500366480512,4.21963416017212
"YMR191W",0.444388335583737,"moderate (0.4-0.7)",130.972679279069,26.4432184410178,7.04409548641773
"YMR192W",0.147026932997803,"low (<0.4)",31.5412851494379,13.0366105149988,5.02419932322137
"YMR193W",-0.0227337742755355,"low (<0.4)",105.069507165414,25.4239674152053,6.72886616003289
"YMR194W",0.090015149782242,"low (<0.4)",330.70019534414,354.81128004542,8.47496843789421
"YMR194C-B",0.136220672224891,"low (<0.4)",94.3914737616205,20.9437832942974,6.57578841655272
"YMR195W",0.18636904854473,"low (<0.4)",383.174720107267,36.7206072636013,8.5856187780759
"YMR196W",0.181360560415499,"low (<0.4)",111.455796261538,18.9413968642768,6.81321421302711
"YMR197C",-0.0853042494616325,"low (<0.4)",155.17778058159,46.024837736147,7.28704540557897
"YMR198W",-0.0821649338551988,"low (<0.4)",19.0196597334065,3.35856040128035,4.32334554832707
"YMR199W",0.411053875030588,"moderate (0.4-0.7)",107.692876736763,15.9813010217466,6.76411358521552
"YMR200W",-0.0748120037496583,"low (<0.4)",205.156127633575,40.6778665538468,7.68759353324756
"YMR201C",0.207188525091024,"low (<0.4)",55.224750149321,14.4509561440642,5.81313343987869
"YMR202W",-0.00788989845324632,"low (<0.4)",1407.3884571717,343.234824180219,10.459829593027
"YMR203W",0.182713768484912,"low (<0.4)",190.784618799529,76.9299654170338,7.58334321007103
"YMR204C",-0.019746089696233,"low (<0.4)",18.8148984764854,1.76311952179535,4.30851367042711
"YMR205C",0.311173287974207,"low (<0.4)",178.529073553095,105.726316516973,7.48807368771937
"YMR206W",-0.153748692005592,"low (<0.4)",9.62510834151292,0.810318443732185,3.40940564700514
"YMR207C",0.0777992377363297,"low (<0.4)",18.5229937842898,10.9823129366332,4.28710239710018
"YMR208W",0.196095782297556,"low (<0.4)",218.190770750534,49.2575420114482,7.77604324321571
"YMR209C",0.0238104851735239,"low (<0.4)",28.9254097108666,14.6931167233237,4.90329909422954
"YMR210W",0.132334493271581,"low (<0.4)",56.1651106641984,8.75802066485829,5.83706299663073
"YMR211W",-0.0075718139670154,"low (<0.4)",25.4234583708952,9.30074559427646,4.72374739750596
"YMR212C",-0.0478174314547738,"low (<0.4)",45.2957390357759,22.3190638783466,5.5328075118105
"YMR213W",-0.0302615112887904,"low (<0.4)",35.4623185104281,16.1734214962824,5.18833439507816
"YMR214W",0.414897616485982,"moderate (0.4-0.7)",125.639233139098,61.1552644672363,6.98458061418297
"YMR217W",0.0649945415899303,"low (<0.4)",343.880163897951,114.244041144352,8.4299513430182
"YMR218C",-0.13593563263275,"low (<0.4)",25.9858178782208,14.2567166710197,4.75412950763694
"YMR219W",0.252487215353602,"low (<0.4)",34.0290638804616,21.139371778037,5.13048052884345
"YMR220W",-0.073132872024474,"low (<0.4)",233.767533073431,55.4625189513473,7.87508909603939
"YMR221C",0.00191225847470965,"low (<0.4)",51.8739750209871,15.8220007982343,5.72448588628361
"YMR222C",0.180321280393779,"low (<0.4)",63.6001382290351,31.2329495104484,6.01346534683644
"YMR223W",-0.0535639636866923,"low (<0.4)",22.7937273068281,7.86849409495599,4.57250938371095
"YMR224C",0.150781774506377,"low (<0.4)",19.5110389277411,4.63275184727603,4.35832866412781
"YMR225C",0.424330466793179,"moderate (0.4-0.7)",72.9337176261615,56.9675576728798,6.2081605534159
"YMR226C",0.434308835019885,"moderate (0.4-0.7)",426.316573602727,241.542119634777,8.739161463243
"YMR227C",-0.0909652206338702,"low (<0.4)",47.5145253205911,8.61518258048525,5.60034485189024
"YMR228W",0.168334409403025,"low (<0.4)",31.8225596051726,7.64659142075873,5.03661584396751
"YMR229C",0.154964582697113,"low (<0.4)",67.3350401724816,105.190773509785,6.73051461137883
"YMR230W",0.104236312856295,"low (<0.4)",610.119315754179,742.491266658069,9.53817198568646
"YMR230W-A",0.124964456057399,"low (<0.4)",15.5437685291438,1.31106748278065,4.04821600043811
"YMR231W",0.0479160940723786,"low (<0.4)",18.0174061858807,10.209626256142,4.24924858304433
"YMR232W",-0.0885784550161265,"low (<0.4)",5.09007794234874,1.73448660113337,2.60646069222363
"YMR233W",0.147439215831681,"low (<0.4)",39.0348533197579,14.2802217331525,5.32318461533229
"YMR234W",0.268914018581308,"low (<0.4)",32.2852141928255,10.7709239582937,5.05680954702305
"YMR235C",0.226808593982064,"low (<0.4)",198.414257239389,64.4186320526717,7.63962474952716
"YMR236W",0.154642565849619,"low (<0.4)",150.79281817128,70.9069092478438,7.24595972338853
"YMR237W",0.216441143820807,"low (<0.4)",67.3897680687755,28.7940573921514,6.09570859162669
"YMR238W",0.225803748748676,"low (<0.4)",103.216942764777,34.9130278871074,6.70344602838654
"YMR239C",0.0770034589262467,"low (<0.4)",37.4756101621385,14.9003947444663,5.26587230047688
"YMR240C",0.158173633676431,"low (<0.4)",36.3745028875249,10.4911159318126,5.2239824852624
"YMR241W",0.0937694864235605,"low (<0.4)",203.727563029156,52.1536339399409,7.67756153917326
"YMR242C",0.323847495868504,"low (<0.4)",664.111480821266,747.100253278574,9.54708780910702
"YMR243C",0.589550945320285,"moderate (0.4-0.7)",155.897319439525,46.9828363619181,7.29367689412446
"YMR244W",-0.0835311816359598,"low (<0.4)",9.74690928709818,0.740253206403983,3.42584990844235
"YMR244C-A",0.12882275575092,"low (<0.4)",31.5212353130181,37.4230710294406,5.2639009283593
"YMR246W",0.0634891917480815,"low (<0.4)",292.664455875157,140.940331849839,8.1980248472119
"YMR247C",0.108027078131543,"low (<0.4)",30.4584600619056,17.3192459955058,4.97537614531585
"YMR247W-A",0.25314177926171,"low (<0.4)",19.2678009009085,0.0205769318356642,4.34111765673283
"YMR250W",0.226043183054173,"low (<0.4)",249.838098049567,38.6502766034375,7.97061267544629
"YMR251W",-0.0686864686189837,"low (<0.4)",31.8286189295985,0.292786638182115,5.03688215319517
"YMR251W-A",0.373526597084866,"low (<0.4)",20815.4647457934,3624.21283242931,14.3454374565067
"YMR252C",0.228293519388516,"low (<0.4)",56.4145723902981,2.09063203724548,5.84334504863506
"YMR253C",0.0844664831978977,"low (<0.4)",26.256971924728,2.31620508495385,4.76855339173956
"YMR255W",0.461826671952323,"moderate (0.4-0.7)",168.467943534142,34.6848292091582,7.40486858951899
"YMR256C",0.347833038406788,"low (<0.4)",1111.31527354123,78.4007651093167,10.1193500467416
"YMR257C",0.104944428087783,"low (<0.4)",17.1396263470698,6.58724931453699,4.18107283340091
"YMR258C",0.0851116386585295,"low (<0.4)",70.8153194473027,22.7403429539072,6.16621972352053
"YMR259C",0.147007955791524,"low (<0.4)",17.8991108429941,14.5837590015664,4.24024645565232
"YMR260C",0.209540391583396,"low (<0.4)",765.630199068896,132.659795970796,9.58238701962305
"YMR261C",0.474130353965478,"moderate (0.4-0.7)",91.4842041627998,33.9182881576032,6.531135076495
"YMR262W",0.326774213748524,"low (<0.4)",57.9127524939743,9.45539391102283,5.88050805438322
"YMR263W",0.265208023244769,"low (<0.4)",46.0734288102268,23.7044557615145,5.55684103708698
"YMR264W",-0.0630740946043255,"low (<0.4)",171.925533989097,37.6271307399894,7.43400710120489
"YMR265C",0.11792603154559,"low (<0.4)",19.4118882777868,5.94052300375349,4.3513377453123
"YMR267W",0.308485174297258,"low (<0.4)",57.1032504371377,11.5177283062024,5.860546968644
"YMR268C",0.249091875407261,"low (<0.4)",20.2211172434054,4.82324174099815,4.40742870774182
"YMR269W",0.0945585579788869,"low (<0.4)",88.8351183995059,25.4708078326716,6.48920762934706
"YMR270C",-0.0344269418432586,"low (<0.4)",32.5000386362376,11.5521167687675,5.06609085434662
"YMR271C",0.476101674628391,"moderate (0.4-0.7)",133.479233577897,12.212731748715,7.07123959729816
"YMR272C",0.156127604207247,"low (<0.4)",216.577859578126,39.5258421290647,7.76538794718115
"YMR272W-B",-0.0644976049544426,"low (<0.4)",11.7168651508211,0.0357027743418114,3.66867116890915
"YMR273C",0.197912589377955,"low (<0.4)",32.3802068790755,15.0300491090488,5.06092099094472
"YMR274C",0.2015772432037,"low (<0.4)",14.3936484705949,4.20133118151107,3.94426330229192
"YMR275C",0.29000290014123,"low (<0.4)",44.2512339104244,15.5005841559147,5.49988522702087
"YMR276W",0.164305741722069,"low (<0.4)",233.081767298028,73.0173867814296,7.87086875663339
"YMR277W",0.145056911860515,"low (<0.4)",53.6000450237498,25.8194460970045,5.77083023569391
"YMR278W",0.153258601547092,"low (<0.4)",53.3434022236644,8.76735749207584,5.76403298465701
"YMR279C",-0.327936430117468,"low (<0.4)",19.2362644879365,0.177475679003069,4.33887109528971
"YMR280C",0.160892118540591,"low (<0.4)",9.45651275108747,4.21231956719258,3.3863298876247
"YMR281W",0.151289064821511,"low (<0.4)",45.8239778496193,11.4280286902198,5.54917559619219
"YMR282C",0.262650038169998,"low (<0.4)",30.8814816086546,9.60422202000036,4.99464677126061
"YMR283C",0.0361215011013038,"low (<0.4)",23.6176304817081,8.71266407064519,4.62161999981275
"YMR284W",-0.00487901532901999,"low (<0.4)",27.25991686629,9.25861229112368,4.82068531651224
"YMR285C",0.0770005075631395,"low (<0.4)",43.9135209133739,17.1936801543136,5.48907791887872
"YMR286W",0.285937261755513,"low (<0.4)",200.346327899968,51.9632747232138,7.65353535081521
"YMR287C",-0.0124825152360869,"low (<0.4)",17.2397019522543,5.80398570311993,4.18901025007435
"YMR288W",0.0592885391995998,"low (<0.4)",15.8358990863727,10.3077118023224,4.07346886225524
"YMR289W",0.165324119857382,"low (<0.4)",41.3198954318279,15.4241896105706,5.40326415759049
"YMR290C",0.296783496003349,"low (<0.4)",84.4358865736374,56.6696036898409,6.41677028308005
"YMR291W",0.367893282517506,"low (<0.4)",51.8583902616687,9.97468987068007,5.72406058500363
"YMR292W",0.0541444714876504,"low (<0.4)",89.1594962043997,51.2656297369919,6.49440754889079
"YMR293C",0.0191677142922245,"low (<0.4)",21.7492227901912,4.86803267121819,4.50774535246725
"YMR294W",-0.00963863078209033,"low (<0.4)",28.7367224762864,5.30628622068384,4.89417373999862
"YMR295C",0.333198340766725,"low (<0.4)",234.784988839769,116.688042478903,7.88132806239357
"YMR296C",0.0495350716508627,"low (<0.4)",169.613987956245,62.4101955356358,7.41459212205713
"YMR297W",0.33854307036644,"low (<0.4)",424.961699977164,138.749318126225,8.73457990722806
"YMR298W",0.124501087836015,"low (<0.4)",205.171589085878,87.1648756398002,7.68770172951799
"YMR299C",0.0892474639424081,"low (<0.4)",32.1705181024286,6.60808198080801,5.05182964116967
"YMR300C",-0.0118697686487987,"low (<0.4)",154.5945538812,19.4178347486746,7.2816477537872
"YMR301C",0.0524298258668731,"low (<0.4)",34.5349620004137,8.85631572147088,5.15116725143039
"YMR302C",0.406861800237339,"moderate (0.4-0.7)",92.393734462974,18.1153866986149,6.54525386149897
"YMR304W",0.218966360380157,"low (<0.4)",39.9719770867394,14.8384650516675,5.35656560607058
"YMR305C",0.296954941165951,"low (<0.4)",545.825251378176,114.789028136046,9.09493605524416
"YMR306W",0.123199823322137,"low (<0.4)",4.77044607415712,1.54779021218426,2.52868284817743
"YMR308C",0.114717321667863,"low (<0.4)",91.6460866274073,35.7492165950134,6.5336581329589
"YMR309C",0.0895501387790116,"low (<0.4)",110.621119121806,52.8070903555498,6.80246620591803
"YMR310C",0.0564881273384076,"low (<0.4)",44.6919196050125,20.8648920360833,5.51386714908742
"YMR311C",0.0638944251971212,"low (<0.4)",323.763226582346,63.3160253677806,8.34324447306506
"YMR312W",0.188993317910488,"low (<0.4)",45.2830907669506,13.9873642434946,5.53241330516817
"YMR313C",0.099432156619508,"low (<0.4)",49.3635444193096,14.4989867901439,5.65430791361189
"YMR314W",0.234015868258907,"low (<0.4)",343.67817918599,168.825700035144,8.42910615753523
"YMR315W",0.475338106309468,"moderate (0.4-0.7)",381.728439371556,111.210090457444,8.58017729698936
"YMR315W-A",0.0267070529329135,"low (<0.4)",31.9896421973636,0.199251554977139,5.04394122553684
"YMR316W",0.614777049215654,"moderate (0.4-0.7)",116.028839984542,63.3716122786592,6.87072029373308
"YMR316C-A",-0.00801656095771066,"low (<0.4)",6.22878590999069,0.0539986225327783,2.8537533638131
"YMR317W",0.107024822951869,"low (<0.4)",21.6618383865307,2.61947954137812,4.50219299592003
"YMR318C",0.29826506851269,"low (<0.4)",288.926573027184,97.2413063488558,8.17954375848835
"YMR319C",0.263718591237988,"low (<0.4)",108.765476751752,4.61333946165831,6.77828056150625
"YNL330C",-0.139209888405652,"low (<0.4)",95.1930376259527,30.2722440208185,6.58786057156447
"YNL329C",0.0283404160674811,"low (<0.4)",22.7753409658137,8.65374869094546,4.57139412603256
"YNL328C",0.482757138296725,"moderate (0.4-0.7)",11.1128481470912,2.41984112341228,3.59846622701802
"YNL327W",0.27111973731163,"low (<0.4)",70.9263466199428,30.0022181566644,6.16844842153982
"YNL326C",-0.148503527845199,"low (<0.4)",26.1189298230188,6.51522629325819,4.76122834233334
"YNL325C",0.2803950548136,"low (<0.4)",14.1108496215598,8.30908810228546,3.91751287453974
"YNL323W",-0.252189956314455,"low (<0.4)",62.0238216288303,19.2029564847575,5.97782533381591
"YNL322C",0.406690172463953,"moderate (0.4-0.7)",293.217074250703,74.7637926481774,8.2007371624791
"YNL321W",0.260672145828023,"low (<0.4)",36.81025629019,10.6997896756572,5.24070572330093
"YNL320W",0.127887428867407,"low (<0.4)",58.9858675452609,17.8952239917558,5.90655074187609
"YNL317W",0.233611639814185,"low (<0.4)",38.3399748070009,11.9388084296854,5.29792412861396
"YNL316C",0.0984853578378975,"low (<0.4)",38.329263588385,13.7160826406995,5.29753126801458
"YNL315C",-0.0541809787303267,"low (<0.4)",84.8175682468977,16.9728817400501,6.42320111590087
"YNL314W",0.347070379186136,"low (<0.4)",30.3505881006039,10.8137403571442,4.9704206014511
"YNL313C",0.0131020489269265,"low (<0.4)",52.2910017422524,25.6956947605931,5.73582004742604
"YNL312W",0.406702495724945,"moderate (0.4-0.7)",97.2282105287032,34.7637855665082,6.61806551194286
"YNL311C",0.520513137383331,"moderate (0.4-0.7)",20.3007971009084,7.07637034582503,4.41283551369578
"YNL310C",0.368124810055819,"low (<0.4)",104.564394569678,40.4418451154652,6.72197950515664
"YNL309W",0.00598368306183327,"low (<0.4)",27.8887756467393,6.54844347340202,4.8524371563251
"YNL308C",0.0798197822723332,"low (<0.4)",181.155352955912,76.5659321639732,7.50902558161345
"YNL307C",0.307460572199654,"low (<0.4)",125.728267333739,45.4116091679182,6.98559455003604
"YNL306W",0.351072274767902,"low (<0.4)",185.996884772126,63.2789721598902,7.5468704258703
"YNL305C",0.169474131941867,"low (<0.4)",136.611232913949,36.0365994474028,7.10445442876687
"YNL304W",0.333623711674053,"low (<0.4)",22.3722521023988,12.0115619411872,4.54672485084889
"YNL302C",0.336272851991928,"low (<0.4)",759.411515630293,595.689560759129,9.57063657002121
"YNL301C",0.310244591729187,"low (<0.4)",268.547236573649,116.868758047145,8.07439430875969
"YNL300W",0.269077851213088,"low (<0.4)",568.002497213543,204.617418114756,9.15229117395806
"YNL299W",0.0305279010834728,"low (<0.4)",24.1224573077521,6.50798907572063,4.65090568062651
"YNL298W",0.0848728177875406,"low (<0.4)",44.4642126803691,14.2243765395636,5.50665946429379
"YNL297C",0.239856712540602,"low (<0.4)",30.6012730745752,18.4527292378276,4.9819107742195
"YNL295W",-0.112991374229343,"low (<0.4)",37.8845346146511,10.7248293555983,5.28112456703566
"YNL294C",0.358300002968944,"low (<0.4)",54.4242961396658,19.6952815754518,5.79244663860401
"YNL293W",0.262188661336305,"low (<0.4)",38.2072948202651,6.73052496134068,5.29305019876625
"YNL292W",0.0223026020513751,"low (<0.4)",46.956463651475,22.4708804623818,5.58365337205936
"YNL291C",-0.014033369350463,"low (<0.4)",27.2598659112994,6.72299278507417,4.82068271521023
"YNL290W",0.211118386936849,"low (<0.4)",80.2816590306244,33.1312773972162,6.34485794398105
"YNL289W",0.139542653246301,"low (<0.4)",172.543374042092,21.2110122120588,7.43915247329853
"YNL288W",0.33394434300472,"low (<0.4)",74.3730192760344,23.0169082608851,6.23597627988431
"YNL287W",0.0921116494695769,"low (<0.4)",137.740187000496,64.4774067706829,7.11624192400236
"YNL286W",0.0927682036715382,"low (<0.4)",45.2301341180139,11.7206321680415,5.53076164286275
"YNL284C",0.12531224066834,"low (<0.4)",105.488708826657,20.3866122155148,6.7345566570017
"YNL283C",0.0271636818866491,"low (<0.4)",82.1704950499377,41.4658929138817,6.37799991418452
"YNL282W",0.223386228410421,"low (<0.4)",30.3849668431901,10.9525884284052,4.97200177966655
"YNL281W",0.0327797845079596,"low (<0.4)",488.77743287888,136.312747807889,8.93598249119034
"YNL280C",0.155822030429337,"low (<0.4)",213.881901513477,51.8867029105938,7.7474001662756
"YNL279W",-0.0125422650182065,"low (<0.4)",9.77740749172701,3.52218517783829,3.42993827403105
"YNL278W",0.397605933493034,"low (<0.4)",22.4416403979294,11.6158764152048,4.55100162502087
"YNL277W-A",0.229557296261779,"low (<0.4)",7.67980941741799,0.1342674421864,3.1176633657614
"YNL277W",0.74416330958439,"high (>=0.7)",42.3752571833942,8.50560581005372,5.43880040672483
"YNL275W",0.207357037763154,"low (<0.4)",17.5984976535083,5.02119439303463,4.21711418313621
"YNL274C",0.24296040545363,"low (<0.4)",278.239937450635,25.1190258674867,8.12536148319009
"YNL273W",0.269950322619906,"low (<0.4)",17.4639934695178,8.96783841225039,4.2066427137204
"YNL272C",0.0833498327867934,"low (<0.4)",42.9377326506089,12.4018054577361,5.45738851817333
"YNL271C",-0.0380793359299765,"low (<0.4)",35.5174210169083,30.493458384651,5.19051297583114
"YNL262W",0.129418834694437,"low (<0.4)",20.9533330705942,16.7958897956267,4.45636808883318
"YNL261W",0.425209853498552,"moderate (0.4-0.7)",30.9742434044685,9.63370081445387,4.9988383164013
"YNL259C",0.233107704328791,"low (<0.4)",348.604119702803,27.9800173954261,8.44957837529912
"YNL258C",0.395200908468355,"low (<0.4)",49.0777163421568,21.8671508793138,5.64609686848047
"YNL255C",0.11142034204653,"low (<0.4)",840.892660737895,264.474686870874,9.71749249469026
"YNL253W",0.203467919655685,"low (<0.4)",34.3581455948539,14.0600612038424,5.14397070753348
"YNL252C",0.198664598376959,"low (<0.4)",90.6512759971288,23.1135448334098,6.51808306143447
"YNL251C",0.213967975030873,"low (<0.4)",76.6100453553776,35.9062325644711,6.27817149274365
"YNL250W",0.369481002769985,"low (<0.4)",15.4470302796405,9.1222079172074,4.03975520543671
"YNL249C",0.0278947798936269,"low (<0.4)",14.8147397857333,5.9767782690445,3.9831979129671
"YNL248C",0.169424573528248,"low (<0.4)",107.286680638565,57.6632492022623,6.75871199081495
"YNL247W",0.182912306566098,"low (<0.4)",98.7026730666634,29.9594737659738,6.63956027923323
"YNL246W",0.0524869790825937,"low (<0.4)",109.457100933654,32.4774553329766,6.78734235769805
"YNL245C",0.159412499816439,"low (<0.4)",88.6079133883219,18.0142555575715,6.48555423902255
"YNL244C",0.297948379915001,"low (<0.4)",1073.35999518579,425.183751003506,10.069261775421
"YNL243W",0.115695152511568,"low (<0.4)",99.2468106203317,31.7828544535365,6.64741252744818
"YNL242W",-0.00352171477661237,"low (<0.4)",12.490865209665,5.59416686024691,3.75391097050235
"YNL241C",0.552610900941785,"moderate (0.4-0.7)",401.329610328566,135.410911726892,8.65223410994596
"YNL240C",0.471412650527815,"moderate (0.4-0.7)",47.2463102813126,14.5230703915808,5.59234670892828
"YNL239W",0.636181916392062,"moderate (0.4-0.7)",188.892270616799,48.7128938915084,7.56903737293587
"YNL238W",0.340774499037865,"low (<0.4)",37.1530224353727,12.4645309239346,5.25372544499577
"YNL237W",0.12288695024773,"low (<0.4)",33.3437258807726,2.68683777806764,5.10197465776046
"YNL236W",0.123885180125598,"low (<0.4)",24.2916551760306,18.092622201271,4.66058955008198
"YNL234W",0.299259118616785,"low (<0.4)",19.3904174852768,7.52382788757418,4.34981940912233
"YNL233W",-0.0382107763361144,"low (<0.4)",30.3734075817501,19.0983197494906,4.97147032901962
"YNL232W",0.123116070722935,"low (<0.4)",95.2311104032128,33.6944329525752,6.58843147088481
"YNL231C",0.0481751538343678,"low (<0.4)",263.996840719828,28.1846033006739,8.04983134980903
"YNL230C",0.170442052905591,"low (<0.4)",27.4218970669838,6.23555404064162,4.82893094777167
"YNL229C",0.195034089289657,"low (<0.4)",127.160116865678,26.1508255375165,7.00180355818843
"YNL227C",0.112483233375758,"low (<0.4)",18.0620089708464,16.2269994505764,4.25262826972506
"YNL225C",-0.181900784188727,"low (<0.4)",33.5722151360507,12.5491864727109,5.11154113885251
"YNL224C",0.209868806457113,"low (<0.4)",31.2822777683692,13.6404706288841,5.01267047056616
"YNL223W",0.111902683723529,"low (<0.4)",25.7689169308548,6.29391182815381,4.74248686367201
"YNL222W",0.396584405831802,"low (<0.4)",60.5251971755249,19.7671126156842,5.94310547111726
"YNL221C",0.0786296548339281,"low (<0.4)",53.6461399936638,20.0342070360782,5.77204768760659
"YNL219C",0.399352167712297,"low (<0.4)",79.2776950330112,23.9194926906479,6.32692728891496
"YNL218W",0.169065213832702,"low (<0.4)",24.3548350957689,5.8577110667481,4.66418898623965
"YNL217W",0.229170583275038,"low (<0.4)",132.359779619546,40.8392979106826,7.05917981512313
"YNL216W",0.129094419552335,"low (<0.4)",39.2380780287001,14.0459322655382,5.3304894913657
"YNL215W",0.285868792654717,"low (<0.4)",111.266568426732,27.0910531229981,6.81078456501434
"YNL214W",0.138908177690718,"low (<0.4)",27.5426619014572,15.5454429804852,4.83504798236227
"YNL213C",0.177731111392271,"low (<0.4)",78.7540972238707,30.2711732055476,6.31748673154195
"YNL212W",0.04486306712046,"low (<0.4)",43.4632579528407,21.345411743296,5.4745417576068
"YNL211C",0.346927383369505,"low (<0.4)",34.5401644670817,13.4153861417133,5.15137845254248
"YNL210W",-0.0611020052600838,"low (<0.4)",6.68364434674019,0.00288939945163987,2.94179074244579
"YNL208W",0.330996059329125,"low (<0.4)",2198.95076317687,756.872980643367,11.1032555199959
"YNL207W",0.184806736678496,"low (<0.4)",60.7572743220151,17.411077809205,5.94853717506965
"YNL206C",0.322313333160807,"low (<0.4)",58.6509014946628,15.0390163029416,5.89847203619515
"YNL204C",-0.0537164747012584,"low (<0.4)",8.37524498066393,1.84732544372281,3.22885638945815
"YNL202W",0.212436992203096,"low (<0.4)",7.02010182743414,1.53849229383646,3.00362055401207
"YNL201C",-0.0228252217147622,"low (<0.4)",31.4213705062262,8.9032761379577,5.01887317219393
"YNL200C",0.308635668141369,"low (<0.4)",178.839598116184,22.129605002827,7.49056690648915
"YNL199C",0.306192811363009,"low (<0.4)",63.5869950345482,20.9721876849197,6.01317179404842
"YNL197C",0.109627426806282,"low (<0.4)",48.0564116116838,27.3760089897535,5.6163698020938
"YNL196C",0.156571003095558,"low (<0.4)",7.63400137225765,0.620400757881784,3.11002932209623
"YNL195C",0.0383041680998112,"low (<0.4)",55.7602561742277,10.1566191159549,5.82680919556937
"YNL194C",-0.0750607588637973,"low (<0.4)",57.9044532129153,1.73481383484705,5.88030480169912
"YNL193W",0.102066813908547,"low (<0.4)",30.6852655442736,11.1694480105175,4.98574020124448
"YNL192W",0.479368850387247,"moderate (0.4-0.7)",113.057939693102,67.8413178636342,6.83362306743901
"YNL191W",0.155127467601256,"low (<0.4)",48.7465491015979,8.40121177673543,5.63652454483131
"YNL190W",0.115680442700334,"low (<0.4)",484.714012063282,249.532959108492,8.92396329615411
"YNL189W",0.159458189180078,"low (<0.4)",159.474277167269,58.4035749582459,7.32619825237274
"YNL188W",0.0472066553856773,"low (<0.4)",20.7735634742616,6.83798020431917,4.44450563405944
"YNL187W",0.175946825169752,"low (<0.4)",15.0261530204498,2.04473889777552,4.00235625185892
"YNL186W",0.129352499022013,"low (<0.4)",86.412448003303,62.3344395033572,6.44976683678563
"YNL185C",0.541003538894559,"moderate (0.4-0.7)",99.7392063000453,28.9305069514549,6.65448145928132
"YNL183C",0.357158111970942,"low (<0.4)",44.144601461589,13.9562964491025,5.49648157073837
"YNL182C",0.312599677408765,"low (<0.4)",47.2776694418441,17.7698350285338,5.59328412794284
"YNL181W",-0.0143988855327348,"low (<0.4)",49.9450420921581,13.2242344348458,5.67086984683108
"YNL180C",0.315560682042928,"low (<0.4)",192.58787404089,27.9710335822312,7.59684477767154
"YNL178W",0.265801655170112,"low (<0.4)",2029.77345256462,1614.24709153974,10.9878135902285
"YNL177C",0.28097873683544,"low (<0.4)",101.196239947009,41.5497040098267,6.67519830670001
"YNL176C",0.0175513725045193,"low (<0.4)",45.7953530984234,9.89775024805893,5.54829336839873
"YNL175C",0.147515619900999,"low (<0.4)",48.3673641565935,27.9334418427949,5.62548571303246
"YNL173C",0.354746809898821,"low (<0.4)",86.7137275669678,7.82661192237107,6.45473074306419
"YNL172W",-0.0234465916684204,"low (<0.4)",14.7729980088396,3.88696646371553,3.97938499733715
"YNL169C",0.449710646979331,"moderate (0.4-0.7)",81.7314213221737,46.8767155157962,6.37036346268993
"YNL168C",0.239698471635303,"low (<0.4)",69.9982148814577,31.2477667468744,6.14971084606743
"YNL167C",0.390571896224573,"low (<0.4)",46.5904314086185,23.5909879062131,5.57259962751675
"YNL166C",0.317183225933783,"low (<0.4)",54.6181952155449,10.2987128238343,5.79748502555132
"YNL165W",0.118813515778423,"low (<0.4)",34.2084299184876,15.6673330173145,5.13784898811178
"YNL164C",0.0768544101466002,"low (<0.4)",36.34271391503,7.91798512403186,5.22275487541013
"YNL163C",0.123333233232119,"low (<0.4)",38.4100114570252,13.250637186287,5.3004902637742
"YNL162W-A",-0.0648855658696731,"low (<0.4)",36.1176795704282,9.25976588635843,5.21403461739825
"YNL162W",0.144351944731096,"low (<0.4)",623.864894309296,490.316686296469,9.28740047974073
"YNL161W",0.166440917120975,"low (<0.4)",55.1109769596841,10.5142147965576,5.81021112697215
"YNL160W",0.293451365969264,"low (<0.4)",1064.46554984363,127.159904163386,10.0572682312569
"YNL159C",0.414072811141557,"moderate (0.4-0.7)",64.4571931382523,23.8544143727282,6.03247983457
"YNL158W",0.147077752899514,"low (<0.4)",42.8210028022965,0.639412728981325,5.45355059430784
"YNL157W",0.47963816781528,"moderate (0.4-0.7)",461.413418248437,145.914800090488,8.85303945214533
"YNL156C",-0.00490775355627101,"low (<0.4)",289.082794893358,45.9708836763113,8.18032092013271
"YNL155W",0.157863456855477,"low (<0.4)",135.376686910859,26.886252205024,7.09145323184425
"YNL154C",0.370373150944482,"low (<0.4)",128.54534831921,36.9498642861585,7.0173134023032
"YNL153C",0.02423435312294,"low (<0.4)",174.936699781145,51.5311394522843,7.45891264512376
"YNL152W",0.0720327063440854,"low (<0.4)",27.9167620287923,6.70478880049329,4.853834109606
"YNL151C",0.185289432520484,"low (<0.4)",73.8467688599659,34.7556121012349,6.22586813127363
"YNL148C",0.478337082472367,"moderate (0.4-0.7)",35.0666000537422,9.41506785115257,5.17259152364645
"YNL147W",0.163333099115138,"low (<0.4)",117.690121082918,59.3342450336742,6.89105605013116
"YNL146C-A",0.590969122667705,"moderate (0.4-0.7)",5.34661626584953,0.0780874054064833,2.66598761588491
"YNL146W",-0.0245597307669174,"low (<0.4)",21.5029721011428,4.26319031693602,4.49204365421445
"YNL145W",0.761719002557286,"high (>=0.7)",63.2252905021014,5.31997739971469,6.0050696055875
"YNL144C",0.174177007215611,"low (<0.4)",23.7107775747351,4.01132623242108,4.62706850359389
"YNL143C",0.0148693865674293,"low (<0.4)",5.52802447146018,2.75301704357567,2.70664646551837
"YNL141W",0.148627576764454,"low (<0.4)",82.9482009925001,30.0126814702448,6.39142750346827
"YNL139C",-0.118193851982993,"low (<0.4)",24.4887008539919,8.44076945321993,4.67178593669519
"YNL138W-A",0.180106593225598,"low (<0.4)",62.3681702603648,26.904060388999,5.9856864535719
"YNL138W",0.0835003070683923,"low (<0.4)",249.747011564891,93.6552455443814,7.97008869648974
"YNL137C",0.530519332175737,"moderate (0.4-0.7)",94.7802839786546,34.8534842759071,6.58165680790948
"YNL136W",0.150949550390509,"low (<0.4)",101.1505946945,21.1798351678714,6.67455379286993
"YNL135C",0.205548450059636,"low (<0.4)",1600.73285823457,599.343254367819,10.6454178355062
"YNL134C",0.348121624897065,"low (<0.4)",402.941928422218,118.721843000236,8.65800409265486
"YNL133C",0.248313959281012,"low (<0.4)",71.7123004226286,7.72006909786156,6.18412753410316
"YNL132W",0.0453870450813396,"low (<0.4)",53.9496214079135,35.4697622464426,5.78003763621096
"YNL131W",0.110426021009921,"low (<0.4)",353.112334541974,114.248271829205,8.46806328674448
"YNL130C",0.203805181772256,"low (<0.4)",119.03523449708,47.949637704483,6.90731413871608
"YNL130C-A",0.181769542778729,"low (<0.4)",18.0885901030477,0.337030949384717,4.25463864307408
"YNL129W",0.0128091501609745,"low (<0.4)",53.5484532702191,14.924535180449,5.76946638417647
"YNL128W",-0.0400804603993696,"low (<0.4)",5.20458318535347,2.32841412699743,2.6333342955093
"YNL127W",0.16744511025223,"low (<0.4)",27.2045338939501,5.43533253343066,4.81785519015515
"YNL126W",0.0514427102430362,"low (<0.4)",18.0550712465651,8.20750839775109,4.25210309725807
"YNL125C",0.125711089632247,"low (<0.4)",49.8401118139129,10.4689848474389,5.66789529818854
"YNL124W",-0.0483048203900584,"low (<0.4)",47.2243549604328,15.0828961535485,5.59169003608328
"YNL123W",0.124745238785017,"low (<0.4)",50.7521840637272,23.9342320705428,5.69354784390355
"YNL122C",0.171999327063809,"low (<0.4)",89.4155294644455,30.7566353053063,6.49849868121357
"YNL121C",0.334728054282228,"low (<0.4)",135.689660352606,45.902907619987,7.09476030673341
"YNL119W",-0.0905510058893306,"low (<0.4)",26.4351518578145,10.4369500307103,4.77795365625773
"YNL118C",0.19691335007926,"low (<0.4)",78.9424242065483,36.3020754094492,6.32088941717958
"YNL117W",0.0341313328826767,"low (<0.4)",21.8758487852971,4.98072953494161,4.51575336902157
"YNL116W",0.0754597663029051,"low (<0.4)",97.3650247075228,17.5282498344233,6.6200735278233
"YNL115C",0.278944782286493,"low (<0.4)",59.0361055943553,14.551890693161,5.9077584905346
"YNL113W",0.135878625398274,"low (<0.4)",63.146983961934,61.7780681043741,6.00330952971983
"YNL112W",0.0576417729343642,"low (<0.4)",148.888249029197,67.0341414917816,7.22774347278144
"YNL111C",0.179271208282871,"low (<0.4)",1768.90340561707,317.282257099672,10.7894549104845
"YNL110C",0.0894339124305249,"low (<0.4)",239.677344457027,68.2622368553525,7.91095653359042
"YNL108C",0.309277069221805,"low (<0.4)",24.0329337772334,16.4004828011369,4.64575547492023
"YNL107W",0.308585640475443,"low (<0.4)",55.8460874914682,18.3188513167966,5.82898915199259
"YNL106C",0.10148733595659,"low (<0.4)",13.0344917548615,9.74210563901549,3.81090491392002
"YNL104C",0.388893754646771,"low (<0.4)",243.465766267258,74.9640482618858,7.9334886414783
"YNL103W",0.488675426501411,"moderate (0.4-0.7)",67.9882418253624,25.4176537722338,6.10827858857873
"YNL102W",0.230542373231562,"low (<0.4)",28.3268977837625,15.0626005898605,4.87415256493598
"YNL101W",0.164720237364635,"low (<0.4)",63.3191506451135,18.467342595816,6.00717645028211
"YNL100W",0.171943473131963,"low (<0.4)",160.222678070868,30.0808535651261,7.33291088177458
"YNL099C",0.272363015905775,"low (<0.4)",99.2132587766172,39.8647776041263,6.64692958758751
"YNL098C",0.147063071081539,"low (<0.4)",417.575543806434,82.9948840154168,8.70934421121093
"YNL097C-B",0.0254742611306701,"low (<0.4)",24.8465683218828,3.60424228441694,4.69190083988974
"YNL097C",0.302495549671637,"low (<0.4)",37.7896700072675,15.2336645025327,5.27760059746708
"YNL096C",0.273551268468206,"low (<0.4)",528.388708911091,574.748485617615,9.16929490109926
"YNL095C",0.411387416009405,"moderate (0.4-0.7)",16.2520232066592,6.39943515685542,4.10869365672333
"YNL094W",0.335886017777498,"low (<0.4)",80.6965406880533,29.985181467345,6.35220308589172
"YNL093W",0.0181096701688081,"low (<0.4)",35.380263047837,2.19793068828945,5.18508406933465
"YNL092W",0.133648913985678,"low (<0.4)",28.2095907026917,8.51959185522358,4.86837023753463
"YNL091W",0.148741128762589,"low (<0.4)",86.6862253304336,40.4211584970726,6.45427832172734
"YNL090W",0.363784836787168,"low (<0.4)",19.9179316518301,25.1543920286004,4.70898132915417
"YNL088W",0.202309828768983,"low (<0.4)",41.5622867393976,35.6204621298527,5.41150375932992
"YNL087W",0.445820561952562,"moderate (0.4-0.7)",36.2682131949766,29.0836990430601,5.21987374635173
"YNL086W",0.252267650050483,"low (<0.4)",47.0024664244677,7.6652759909496,5.58503663003224
"YNL085W",-0.0923088117996715,"low (<0.4)",93.1041226724791,30.6963898382781,6.55618602324876
"YNL084C",0.198881546481428,"low (<0.4)",140.271518553686,41.5487010432609,7.14232682612517
"YNL083W",0.196322329252352,"low (<0.4)",30.1048541389036,11.4714918941603,4.95906783587532
"YNL082W",-0.001563287169198,"low (<0.4)",24.3063532655385,7.17589898052645,4.6614277198872
"YNL081C",0.44411209147632,"moderate (0.4-0.7)",161.336921309267,75.8901200617384,7.34284734820645
"YNL080C",0.289634867948009,"low (<0.4)",56.5784663329389,21.951459832869,5.84745745649919
"YNL079C",0.391225059638578,"low (<0.4)",1210.80420941339,283.510423804899,10.2429409068013
"YNL078W",0.313085903200698,"low (<0.4)",28.3304294475756,8.87386148806251,4.87432628965601
"YNL077W",-0.011106504640778,"low (<0.4)",49.5800421268541,5.9941509642905,5.66049633347369
"YNL076W",0.154389245084714,"low (<0.4)",49.918635744334,16.2814326665766,5.67012186072423
"YNL075W",0.0798824641775313,"low (<0.4)",101.307059863492,22.9645470204568,6.67676189378873
"YNL074C",0.129857119348923,"low (<0.4)",108.636842032779,24.097154168433,6.77658886842443
"YNL073W",-0.0521135045256577,"low (<0.4)",52.7298162592027,13.0752914147662,5.74765099933123
"YNL072W",0.0756303446958845,"low (<0.4)",28.5202174180535,9.81833831851538,4.88363144185452
"YNL071W",0.316725901923149,"low (<0.4)",381.98687166297,82.9163243673847,8.58115112889272
"YNL070W",0.157594009486776,"low (<0.4)",505.219166713312,40.8073271131578,8.98361832227025
"YNL069C",0.217501749021553,"low (<0.4)",974.023189105836,1248.03906051611,10.2866028789272
"YNL068C",0.207583250753099,"low (<0.4)",25.0216531215908,6.76867488842044,4.70164071238362
"YNL067W",0.397190045152271,"low (<0.4)",989.265412094019,324.428049215851,9.9516714396068
"YNL066W",0.324209068194652,"low (<0.4)",35.6719201180838,19.2866255158934,5.19660390149638
"YNL065W",0.0197745489648517,"low (<0.4)",8.63196960425855,4.74884019943085,3.26783083937184
"YNL064C",0.354168147516472,"low (<0.4)",448.39691453474,145.472235502678,8.81184640908402
"YNL063W",0.220912708503531,"low (<0.4)",36.476028831943,10.1058672822933,5.22789618000827
"YNL062C",0.220266414797096,"low (<0.4)",53.0357379745233,44.6033867519679,5.75584198262453
"YNL061W",-0.0283441994167493,"low (<0.4)",133.810045358958,21.7774553375325,7.07478419259709
"YNL059C",0.0593416543203214,"low (<0.4)",61.9293376135945,23.8572331037927,5.97566085224812
"YNL058C",0.32019362656852,"low (<0.4)",39.7887043794069,10.1241879028339,5.35009777669074
"YNL056W",0.32013774126382,"low (<0.4)",93.3615979166423,17.9600072256146,6.5601279442288
"YNL055C",0.376101973240988,"low (<0.4)",1078.49695960971,744.349774963526,10.0761434646949
"YNL054W",0.130132679260873,"low (<0.4)",33.1205098163383,18.7504321597273,5.09256729793302
"YNL053W",0.155664858998571,"low (<0.4)",30.2336417362875,13.2304580473597,4.96502888738309
"YNL052W",0.523201135758258,"moderate (0.4-0.7)",644.763855274577,126.102814615311,9.33486288239053
"YNL051W",0.0903008885861428,"low (<0.4)",34.649012126841,14.4547322770129,5.15579019345122
"YNL050C",0.260654863412531,"low (<0.4)",69.5305615727398,15.1739447784249,6.14017662155509
"YNL049C",0.400283204894373,"moderate (0.4-0.7)",55.2688594903822,40.4995792796376,5.81426481669327
"YNL048W",0.269863340093999,"low (<0.4)",37.7826423509038,12.337507950493,5.27733919582249
"YNL047C",0.175182357980116,"low (<0.4)",18.3308361429418,6.82999386452208,4.27283213663653
"YNL046W",0.31194909101993,"low (<0.4)",49.5680614210978,13.8892885591622,5.66015456720709
"YNL045W",0.490529463405644,"moderate (0.4-0.7)",98.3481961585593,32.5631608439631,6.63442186793124
"YNL044W",0.459249710682221,"moderate (0.4-0.7)",163.679730672976,419.078240837915,8.71451424899065
"YNL042W-B",-0.259545690212852,"low (<0.4)",6.07032927940702,0.181463522654078,2.82177740579923
"YNL042W",0.419027801262745,"moderate (0.4-0.7)",37.7875715894989,16.6819528288465,5.2775225493992
"YNL041C",0.268795860913273,"low (<0.4)",35.1799025628444,24.7421574172508,5.17711661748746
"YNL040W",0.477678917753015,"moderate (0.4-0.7)",27.56820758278,11.9496743477984,4.83633861689651
"YNL039W",0.175361971334978,"low (<0.4)",67.1397800122954,14.2793153003907,6.09042538462155
"YNL038W",0.0428823474656132,"low (<0.4)",58.248942220883,13.3334636525315,5.88871749250486
"YNL037C",0.129862969473084,"low (<0.4)",168.076909959258,35.7180949815481,7.40153584087807
"YNL036W",0.379721129314874,"low (<0.4)",635.249892450148,351.551955732043,9.31344969709406
"YNL035C",-0.0394272403836651,"low (<0.4)",34.3830783496277,4.291009608885,5.14498766373389
"YNL032W",0.084147413616628,"low (<0.4)",61.1275134472613,13.5850868561332,5.95716040879848
"YNL031C",0.248833489046123,"low (<0.4)",1445.8190564045,1168.34632849772,10.4986687899796
"YNL029C",-0.0658112336208768,"low (<0.4)",30.3431343977596,4.55075079094411,4.97007755529745
"YNL027W",0.191545109447487,"low (<0.4)",39.07933541715,9.3173347074962,5.32478668130643
"YNL026W",-0.138637404977869,"low (<0.4)",47.1060202318073,19.0265712787847,5.58814554636887
"YNL025C",-0.0991630113091904,"low (<0.4)",34.3831186097443,9.16998878685677,5.14498930528234
"YNL024C-A",0.325760246000846,"low (<0.4)",291.579782909755,84.120798804218,8.19268627331972
"YNL024C",0.131125252523446,"low (<0.4)",16.9017937995076,6.41529270195296,4.16203225086811
"YNL023C",0.182849726728361,"low (<0.4)",33.2779666480751,9.36391860566707,5.09920962692401
"YNL022C",-0.0257107311744488,"low (<0.4)",51.078458203303,24.2324105077774,5.70261483265023
"YNL021W",0.146323835763576,"low (<0.4)",30.7544688632402,5.36476061321874,4.98888773411548
"YNL020C",0.322763515649197,"low (<0.4)",33.1092323579433,10.5907014748974,5.09209038176919
"YNL018C",0.30652063931433,"low (<0.4)",3.0162484333459,0.703527030082803,2.00584851293178
"YNL016W",-0.10719224014782,"low (<0.4)",263.3011233221,141.195950008561,8.0460387464522
"YNL015W",0.182425180580368,"low (<0.4)",1675.38926951409,111.688189579954,10.7111414766523
"YNL014W",-0.0811377368503165,"low (<0.4)",10.022069441999,2.83159186455995,3.46232321656545
"YNL012W",0.0965584405873491,"low (<0.4)",8.81777553696248,2.40743999244314,3.29539618285665
"YNL011C",0.12109229592387,"low (<0.4)",39.9259438932755,10.1050161886202,5.35494378548891
"YNL010W",0.320798815651678,"low (<0.4)",246.052698677975,164.171261890687,7.94867500491278
"YNL009W",0.0751292239201967,"low (<0.4)",9.74544139032279,4.60350293948148,3.42565284043118
"YNL008C",0.208378381180607,"low (<0.4)",36.8044071282633,15.638850991797,5.24048252434611
"YNL007C",0.374261186595919,"low (<0.4)",451.213126294666,46.2835189828576,8.82085905927543
"YNL006W",0.0663067570368129,"low (<0.4)",74.7226778872196,21.567038003056,6.24265352687851
"YNL005C",0.0487238453458653,"low (<0.4)",125.771428627419,31.9387971871458,6.98608582151244
"YNL004W",0.209034181642907,"low (<0.4)",99.8959833332367,36.0873291730539,6.65672493170597
"YNL003C",0.193129280508374,"low (<0.4)",82.3194536330106,23.8631841160403,6.38058147382988
"YNL002C",0.147018921160143,"low (<0.4)",236.493028268715,79.1736839085524,7.89174135277713
"YNL001W",0.0967497738580427,"low (<0.4)",51.6469980681166,21.9495757350119,5.71827936601087
"YNR001C",0.19096911580573,"low (<0.4)",391.382881719937,60.0579146349293,8.61611829301267
"YNR002C",-0.0565415351181636,"low (<0.4)",43.423083824758,14.4225401773185,5.47323764230304
"YNR003C",0.0914624665903671,"low (<0.4)",37.1318418049398,15.9744955225761,5.25292431120395
"YNR004W",0.142636186668602,"low (<0.4)",28.24801173331,7.008929102313,4.8702666491564
"YNR006W",0.0355139209590177,"low (<0.4)",48.6497338796596,20.7261058544029,5.63371407988121
"YNR007C",0.291082924971468,"low (<0.4)",73.3783428515515,15.5682592635426,6.2168106999698
"YNR008W",-0.108907624433417,"low (<0.4)",46.5933679110565,15.4640312259011,5.57268864429348
"YNR009W",0.101162758177466,"low (<0.4)",50.38227620422,13.8426776962021,5.68319889707242
"YNR010W",0.487981672899455,"moderate (0.4-0.7)",78.7854702590199,26.639727801272,6.31805413589844
"YNR011C",0.408789419510695,"moderate (0.4-0.7)",25.4897205888061,8.08579250011416,4.72736072125742
"YNR012W",-0.00589539987565042,"low (<0.4)",30.9821605765803,9.76419023348762,4.9991954992412
"YNR013C",0.183075628614301,"low (<0.4)",44.8120739894541,14.8998916508278,5.51765597244684
"YNR014W",0.155694860112902,"low (<0.4)",138.720431194154,36.6997192068671,7.12639918995844
"YNR015W",0.0434468080265416,"low (<0.4)",42.3201749395498,13.0961451460625,5.43696716387034
"YNR016C",0.21804314792363,"low (<0.4)",286.006853160852,348.401555327038,8.44874222006034
"YNR017W",0.189919120548136,"low (<0.4)",305.933980182152,85.2444467863639,8.26178456293835
"YNR018W",0.324351513571305,"low (<0.4)",305.860904709392,86.2161940337586,8.26144104224356
"YNR019W",0.00571740719594519,"low (<0.4)",349.641120597522,22.2679570947055,8.45385138439876
"YNR020C",0.351415569945477,"low (<0.4)",42.2382250635207,14.0345666653017,5.4342353962991
"YNR021W",0.363405591707312,"low (<0.4)",145.522005975568,70.6228522427367,7.19497354744348
"YNR022C",0.354638589672657,"low (<0.4)",149.33734113012,41.3000867546498,7.23205958340879
"YNR023W",-0.0346619354363098,"low (<0.4)",31.2685851591488,6.49471110397562,5.01205841802899
"YNR024W",0.0770253860223512,"low (<0.4)",26.6513610378316,19.3853390848036,4.7892785885193
"YNR026C",0.0940454474524069,"low (<0.4)",57.2148984809513,6.48294372594787,5.86331651286559
"YNR027W",-0.0341680265797901,"low (<0.4)",54.2101117357674,13.5670232218642,5.78686061578672
"YNR028W",0.38743738934542,"low (<0.4)",43.2227217685379,16.1541348336568,5.466715916087
"YNR029C",0.04645865677897,"low (<0.4)",50.6864969273764,14.4143802025767,5.69171552126188
"YNR030W",0.326966445546932,"low (<0.4)",49.5689281423197,35.6549496211691,5.66017929435022
"YNR031C",0.0587206512125963,"low (<0.4)",22.5354536385023,12.8528462435513,4.55676375567788
"YNR032W",0.164662612269424,"low (<0.4)",36.1196486291731,10.239194854472,5.21411114901263
"YNR032C-A",0.305656834491898,"low (<0.4)",164.087403695316,30.1286520184771,7.36708623540702
"YNR033W",0.305712346603166,"low (<0.4)",51.7029952667004,19.6577928232204,5.71981305169516
"YNR034W",0.115815181955878,"low (<0.4)",51.43485292028,8.08487282272175,5.71245417040065
"YNR034W-A",0.380900126228593,"low (<0.4)",2635.27984683247,85.8857500774397,11.3642878083495
"YNR035C",0.30042607315623,"low (<0.4)",263.678464426256,71.2177250323397,8.04809700444413
"YNR036C",0.15606466264569,"low (<0.4)",266.632617845308,70.5131667585563,8.06411014557462
"YNR037C",0.0681165834066401,"low (<0.4)",253.665460393953,47.0226015695782,7.99245949372382
"YNR038W",0.120346544642435,"low (<0.4)",27.938149406453,17.7216476424662,4.85490075941425
"YNR039C",0.153487848196671,"low (<0.4)",34.7457056647297,9.4139059955749,5.15969802801395
"YNR040W",0.179604182322485,"low (<0.4)",42.1155552253514,16.5394795682994,5.43013655347728
"YNR041C",0.106712096342473,"low (<0.4)",54.4981258083949,24.6656564023565,5.79436714684399
"YNR043W",-0.0182970128313591,"low (<0.4)",540.829879121372,225.181761269188,9.08169614269387
"YNR044W",0.00490816993478103,"low (<0.4)",16.7687707279775,8.07081649719522,4.15127197175227
"YNR045W",0.110326225637675,"low (<0.4)",31.3222780578245,5.29172089830686,5.01445697697789
"YNR046W",0.206633689989592,"low (<0.4)",169.772054716668,105.680633651984,7.41592810021196
"YNR047W",0.255686869321685,"low (<0.4)",35.9058839100011,23.7908342676144,5.20577893857323
"YNR048W",0.142254535541896,"low (<0.4)",20.4818620674495,5.85764208443127,4.42504714775641
"YNR049C",0.368064122780847,"low (<0.4)",62.8761868022897,22.423240651131,5.99720628607064
"YNR050C",-0.0871363467412889,"low (<0.4)",160.584598487776,54.3507294835908,7.33614588325915
"YNR051C",0.241712391359734,"low (<0.4)",136.300487866903,56.6073845831156,7.10119294156645
"YNR052C",0.294089166146661,"low (<0.4)",70.1714606963095,25.8300655130142,6.15322694048971
"YNR053C",0.204806243298573,"low (<0.4)",95.6926148770708,45.6866139886306,6.59533379961434
"YNR054C",0.234069012409681,"low (<0.4)",60.3932142907588,18.8528656408496,5.9400073001559
"YNR055C",0.221471682671317,"low (<0.4)",69.6642456382759,29.5291217993029,6.14290852650026
"YNR056C",0.253862466364502,"low (<0.4)",199.527503324587,29.5012065728489,7.64765631268329
"YNR057C",0.408814207485933,"moderate (0.4-0.7)",357.610877029631,82.469357011045,8.48627543704048
"YNR058W",0.366934813820682,"low (<0.4)",487.341771228684,71.2137270674054,8.9317473766525
"YOL145C",0.0598817438835198,"low (<0.4)",60.3689107235975,23.426254753249,5.93943607126468
"YOL144W",0.100551339020772,"low (<0.4)",48.565095946663,19.5953201379848,5.63125261810095
"YOL143C",0.209864418947275,"low (<0.4)",234.524639668563,69.3575519689535,7.87973418663256
"YOL142W",0.171428971380579,"low (<0.4)",83.5403555149275,35.0666500082857,6.40156827418941
"YOL141W",-0.0203468773242975,"low (<0.4)",8.17332590573702,0.638688830344763,3.1974448960637
"YOL139C",0.140027078853709,"low (<0.4)",594.978294565523,130.750267295311,9.21911597869554
"YOL138C",0.301529759433408,"low (<0.4)",18.2182464776649,17.1508723706953,4.26440480179059
"YOL137W",0.119059166935991,"low (<0.4)",26.7360276140692,9.59273004538838,4.79368927289281
"YOL135C",0.00524886412075911,"low (<0.4)",42.175996723202,7.45868663348101,5.43215757781869
"YOL132W",-0.0561798120349024,"low (<0.4)",2.35804142381969,0.684149280043455,1.74762002705
"YOL131W",-0.0527854956980508,"low (<0.4)",6.41033240145567,0.185023715205746,2.88953825820938
"YOL130W",-0.0342354452062941,"low (<0.4)",36.6726936547235,2.79527840856289,5.23544728674385
"YOL128C",0.0239232273373934,"low (<0.4)",35.3737998457192,8.25121493891829,5.18482774194076
"YOL127W",0.25685035427613,"low (<0.4)",1264.99058164673,1100.58534486139,10.3060509565199
"YOL126C",0.210767802772369,"low (<0.4)",50.4179831668294,15.881889702805,5.68420111750005
"YOL125W",-0.0232195211397186,"low (<0.4)",33.9650434410598,10.3085833120085,5.12784139250094
"YOL124C",0.00191995711650808,"low (<0.4)",37.6734565689426,13.02200711929,5.27327181074358
"YOL121C",0.387187234044542,"low (<0.4)",586.214797912211,548.91938883856,9.19774451457295
"YOL120C",0.111208681066699,"low (<0.4)",941.708443641038,1401.57304594915,10.4538601929538
"YOL119C",0.52337580946567,"moderate (0.4-0.7)",109.126482808779,10.122706091569,6.78301763435941
"YOL117W",0.197458302561659,"low (<0.4)",20.0503813590297,4.94507838476195,4.3957744649865
"YOL116W",0.143090316213987,"low (<0.4)",33.6583356144828,8.98006711348049,5.11513046899344
"YOL115W",0.00325537685293376,"low (<0.4)",39.0699404098235,16.5377440828056,5.32444845914781
"YOL114C",0.0863453608513519,"low (<0.4)",8.4635636501621,2.43930247327928,3.2423835548421
"YOL113W",0.0898511839451063,"low (<0.4)",53.6178344227567,7.38112031031585,5.77130020779161
"YOL112W",0.0604704771351703,"low (<0.4)",49.7668019290334,13.9736840763211,5.66581347478066
"YOL111C",0.123539912877977,"low (<0.4)",160.921309993437,53.8342563374666,7.33914905681552
"YOL110W",0.432529912928741,"moderate (0.4-0.7)",85.1529439276785,20.2777288785694,6.42882819043563
"YOL109W",0.0868157323521326,"low (<0.4)",2911.35078261509,314.154171118904,11.5079684183102
"YOL108C",0.587804426452255,"moderate (0.4-0.7)",138.702132745139,60.0587438212539,7.12621023541365
"YOL107W",0.221838212097631,"low (<0.4)",37.0084001230866,13.7568501895357,5.24824639440805
"YOL105C",0.173193530470693,"low (<0.4)",25.1018087624215,6.96318333413968,4.70607787877675
"YOL103W",0.245616300249094,"low (<0.4)",72.6898526251659,21.7412358507242,6.20339406325429
"YOL102C",0.174131333911636,"low (<0.4)",59.5834267124941,19.790037887245,5.92085127687186
"YOL101C",0.151638416352615,"low (<0.4)",165.565663088293,61.8675566574547,7.37994721474051
"YOL096C",0.277816363449824,"low (<0.4)",47.913005014549,12.1632184748579,5.61214619555597
"YOL095C",0.371269141266256,"low (<0.4)",9.02925864805879,6.57195399474092,3.3261430623232
"YOL094C",-0.0463519632824235,"low (<0.4)",42.6728821654216,11.4981444405328,5.44866583893323
"YOL093W",0.0547263196880192,"low (<0.4)",59.8888939786921,18.5663703316746,5.92810720211548
"YOL092W",0.147386194375367,"low (<0.4)",95.9771200618065,43.5733155635469,6.59957250541431
"YOL091W",0.203277336296227,"low (<0.4)",6.82005318238191,2.06364160376628,2.96717841900293
"YOL090W",-0.129944193566528,"low (<0.4)",38.1626703482169,13.3631437691119,5.29140723487452
"YOL089C",0.253621769338011,"low (<0.4)",17.7606259048858,15.6093770312349,4.22963605572634
"YOL088C",0.36903054973995,"low (<0.4)",65.2370667104353,24.9192665553935,6.04956687980174
"YOL087C",0.118491337304807,"low (<0.4)",47.5774993422426,18.0037682747432,5.60221632015547
"YOL086W-A",0.261967152032217,"low (<0.4)",153.475406812816,10.5100046658324,7.27123336257514
"YOL081W",0.0468321055932969,"low (<0.4)",39.6192305940986,39.3227648028245,5.34409100737738
"YOL080C",0.1533713394702,"low (<0.4)",24.7631798594,19.7978035569204,4.68723876614509
"YOL078W",0.00846077942948383,"low (<0.4)",17.0279303081228,7.95088486309472,4.17216187293324
"YOL077W-A",0.600684093561241,"moderate (0.4-0.7)",452.278555402539,91.9498118819226,8.82425409874573
"YOL077C",-0.0294542499173488,"low (<0.4)",171.033424157421,74.2989422670562,7.42654508133854
"YOL076W",0.293990775652842,"low (<0.4)",38.0916671920079,13.914615835274,5.28878920927541
"YOL075C",0.224526664568936,"low (<0.4)",18.8269145377878,6.61049259438247,4.30938827788145
"YOL073C",0.0441989989972994,"low (<0.4)",59.6800476898273,16.2009096462038,5.92315031431955
"YOL072W",-0.19784701847989,"low (<0.4)",29.7647409215339,7.33796864748955,4.94320593814002
"YOL071W",0.229069405200947,"low (<0.4)",117.100144406371,29.8011157781535,6.88386691855914
"YOL070C",0.176735769159505,"low (<0.4)",54.0864216797216,11.1461305365975,5.78362484581745
"YOL069W",0.0775013392127796,"low (<0.4)",32.5306737500965,2.80544750851849,5.0674095671678
"YOL068C",0.14833565618727,"low (<0.4)",88.7146145735774,29.4394303042867,6.48727111520918
"YOL067C",0.322130557756008,"low (<0.4)",55.0950737284192,3.96698505151122,5.80980217374917
"YOL066C",-0.0732956102135867,"low (<0.4)",33.9851156503986,8.54661027770671,5.12866935566911
"YOL065C",0.116374287180022,"low (<0.4)",28.2324091605499,11.4461722142614,4.8694968272387
"YOL064C",0.686629976616896,"moderate (0.4-0.7)",170.372463361102,43.9039547945056,7.42099150130253
"YOL063C",0.0807757957288814,"low (<0.4)",21.1954496028936,9.08251055434749,4.47219202784842
"YOL062C",0.256342182591643,"low (<0.4)",84.8104492022973,27.8274097590247,6.42308143135869
"YOL061W",0.224470765280114,"low (<0.4)",149.54054995293,52.4637784439964,7.23400833680143
"YOL060C",0.00735504631607919,"low (<0.4)",87.4612013567165,22.2582681016391,6.46697292992981
"YOL059W",0.294525835587232,"low (<0.4)",196.083491153293,68.8614055013827,7.62266312278331
"YOL058W",0.46001309686341,"moderate (0.4-0.7)",973.166166596848,174.799318861123,9.92802406811778
"YOL057W",0.386856957665651,"low (<0.4)",81.4955890553777,31.0787801422766,6.36624507705724
"YOL056W",0.145048655370931,"low (<0.4)",27.9136340608236,6.8270058931768,4.85367804275583
"YOL055C",0.778749497503544,"high (>=0.7)",116.995119996973,39.0631041594217,6.88258338409276
"YOL054W",0.126358631189322,"low (<0.4)",49.2515385968547,12.5094632404027,5.65109586415545
"YOL053W",0.116410060097316,"low (<0.4)",32.3746526448943,5.48768078658257,5.06068091655359
"YOL052C-A",0.158804565265626,"low (<0.4)",805.18727668803,221.192756894396,9.65497120441506
"YOL052C",0.0322919412116583,"low (<0.4)",51.0044108967248,19.8403901029504,5.70056208946707
"YOL051W",0.248539551100276,"low (<0.4)",44.1801528113915,11.9961139573147,5.49761724520809
"YOL049W",0.192665133224106,"low (<0.4)",102.018478037492,33.9258049763514,6.68675932118442
"YOL048C",0.362476210433051,"low (<0.4)",31.9142426192405,12.2074384358797,5.04064009555923
"YOL047C",0.0743403798649211,"low (<0.4)",5.45789106224643,0.713557583938174,2.69106310442628
"YOL045W",0.0857428738250922,"low (<0.4)",22.2841250952882,9.81346580742026,4.54127476856792
"YOL044W",-0.0738325188375662,"low (<0.4)",24.57827652868,9.62528894300926,4.6768471531924
"YOL043C",0.096711702907105,"low (<0.4)",25.5256221397108,6.7734027001385,4.72931468381627
"YOL042W",-0.115209937762166,"low (<0.4)",36.4971396645815,6.99313478639435,5.22870864385293
"YOL041C",0.126916970611004,"low (<0.4)",98.0566894285509,39.4307408041242,6.63018250038601
"YOL040C",0.0261469369403014,"low (<0.4)",3081.13905171081,2016.9188229083,11.5897162356414
"YOL039W",0.218463245668302,"low (<0.4)",2212.02648536172,1019.3471423033,11.1118050019878
"YOL038W",0.151925743842731,"low (<0.4)",315.180819406968,141.855300337499,8.304606041387
"YOL036W",0.425755678750958,"moderate (0.4-0.7)",64.6204606969371,46.7661139293619,6.0360738174065
"YOL034W",0.151871603913646,"low (<0.4)",23.1036329640295,15.0894261299792,4.59117870458662
"YOL033W",0.0356393861390507,"low (<0.4)",23.879196359417,4.64289809371526,4.63686797959185
"YOL032W",0.0188439150291432,"low (<0.4)",164.834420212271,20.476304434526,7.37359967016542
"YOL031C",0.351551460928162,"low (<0.4)",116.45846889841,35.7403028445688,6.87600692694144
"YOL030W",0.236018715436188,"low (<0.4)",133.487640509499,18.3726767326886,7.07132978415538
"YOL029C",0.0551738247039481,"low (<0.4)",103.245559240141,7.3958552808443,6.70384211734218
"YOL028C",0.0491240718953699,"low (<0.4)",67.8732083808355,2.12756805178703,6.10587097980597
"YOL027C",0.33138396100248,"low (<0.4)",148.34413494352,68.9295855114727,7.22249677088479
"YOL026C",0.37036800590686,"low (<0.4)",138.0896018059,83.2079347044149,7.1198707593041
"YOL025W",0.261196296083205,"low (<0.4)",20.3588977825412,5.44371276751009,4.41676529412767
"YOL024W",0.248870626472314,"low (<0.4)",3.81231432140436,0.602586385606959,2.2667308767454
"YOL023W",-0.020912609893029,"low (<0.4)",25.0852770881489,11.9750729035814,4.70516385321277
"YOL022C",0.35670441312384,"low (<0.4)",58.3694254819804,28.8130550542805,5.89164824709942
"YOL021C",0.0627846466759231,"low (<0.4)",54.7306429200191,27.2062400179502,5.80039889162247
"YOL020W",0.356594990492138,"low (<0.4)",72.9583250290361,31.2959919170075,6.20864064656746
"YOL018C",-0.033695387731601,"low (<0.4)",58.0120296355511,13.102609750999,5.88293717353998
"YOL017W",0.103948483124852,"low (<0.4)",23.7317957922318,4.7065211746946,4.62829509347028
"YOL016C",0.466114205824497,"moderate (0.4-0.7)",191.856797029638,56.4350621066642,7.59138618286687
"YOL015W",-0.0404106883237694,"low (<0.4)",4.99400393787727,1.09921459846826,2.58352003165832
"YOL014W",0.277688370835597,"low (<0.4)",106.531447728497,37.5694838507498,6.74861482956265
"YOL013C",0.0954537571544106,"low (<0.4)",60.7783653945935,20.8822277201183,5.94902979381808
"YOL012C",0.136369851593756,"low (<0.4)",160.94881616591,69.1033434516868,7.33939411195035
"YOL011W",0.386587130228658,"low (<0.4)",77.6603103607946,36.5760912247682,6.29756397345265
"YOL010W",0.0948403523123013,"low (<0.4)",73.4762204911209,23.6498830170475,6.21870795595445
"YOL009C",-0.0811223728141564,"low (<0.4)",34.5780790918877,7.03656009128312,5.15291671455879
"YOL008W",0.12587572692894,"low (<0.4)",47.5177824727371,20.0063294696441,5.60044170782116
"YOL007C",0.0334698657622437,"low (<0.4)",75.5539688080925,27.3026248315911,6.25840526858015
"YOL006C",0.162448973463038,"low (<0.4)",97.7383951239794,39.1472902199012,6.62553929085261
"YOL005C",0.0686551637607212,"low (<0.4)",211.374360535137,123.166030189113,7.73046579319752
"YOL004W",0.0399059197324025,"low (<0.4)",60.4115744445275,30.9497835144599,5.94043868566231
"YOL003C",0.085388261260412,"low (<0.4)",27.0403126690737,11.7277093611535,4.80943053138308
"YOL002C",-0.011665220635101,"low (<0.4)",122.877251022501,57.1488309412179,6.95276746320661
"YOL001W",-0.0188684430748085,"low (<0.4)",36.182413822224,7.48388843533592,5.2165485256158
"YOR001W",0.0415273297535042,"low (<0.4)",53.763459609418,18.7499957402567,5.7751416847208
"YOR002W",0.424026008099872,"moderate (0.4-0.7)",72.2961597139844,36.0201253009693,6.19566570652436
"YOR003W",0.0959921358162623,"low (<0.4)",24.3174832520324,8.77553158863682,4.6620620920598
"YOR004W",0.114454567715384,"low (<0.4)",74.3150722819601,28.2556250691574,6.23486670520934
"YOR005C",0.274495287283456,"low (<0.4)",18.319590249888,12.0890495927091,4.27199259119752
"YOR006C",0.0537591469834159,"low (<0.4)",66.8449077490845,27.6414565497713,6.08416862990007
"YOR007C",0.391957850714326,"low (<0.4)",501.086561885499,181.681635668719,8.97179230223202
"YOR008C",0.359668330908805,"low (<0.4)",115.294342888467,27.7519111781059,6.86163710872465
"YOR011W",0.238651695189569,"low (<0.4)",10.3370608924451,3.6633504087667,3.50297476819374
"YOR012W",0.216044544097876,"low (<0.4)",9.7857706083342,1.36381664076044,3.43105735095047
"YOR014W",0.0368388256276166,"low (<0.4)",87.5538284976501,10.3957638320638,6.4684827760619
"YOR016C",0.142730308874249,"low (<0.4)",77.8822165764302,26.5802081800458,6.30162818665001
"YOR017W",0.136753827817529,"low (<0.4)",21.754763480007,7.93067443255407,4.50809668545651
"YOR018W",0.059526813835969,"low (<0.4)",27.2816962240528,11.4678503720977,4.82179674476038
"YOR019W",0.0481765320953494,"low (<0.4)",14.2955116246693,14.6868017558639,3.97147933876215
"YOR020C",-0.076308712027113,"low (<0.4)",1659.43771433505,411.469002664577,10.6973478907275
"YOR020W-A",0.462173677319762,"moderate (0.4-0.7)",344.2416609674,75.929093591529,8.43146275754908
"YOR021C",0.211580246915392,"low (<0.4)",152.323748147636,56.5257930221973,7.26043736153552
"YOR022C",0.0157991944192411,"low (<0.4)",17.3304621817813,6.39348275601432,4.19617125714038
"YOR023C",0.0175033475419852,"low (<0.4)",75.0662984837007,17.8436805976679,6.24918549763426
"YOR025W",0.0613454868394324,"low (<0.4)",60.9363090976524,12.220227590262,5.95271350752265
"YOR026W",0.20357613606312,"low (<0.4)",51.2498145138531,11.0442816544481,5.70735401054176
"YOR027W",0.210676651595259,"low (<0.4)",443.100511528076,124.430968156347,8.79474242281944
"YOR028C",0.110438802180393,"low (<0.4)",104.659741917768,9.14419632160013,6.72328198088581
"YOR030W",0.113427686275896,"low (<0.4)",26.6609331094725,2.33907460002323,4.78977791983933
"YOR032C",0.398394756353128,"low (<0.4)",32.9475455600268,4.55249234338309,5.08523536489836
"YOR032W-A",-0.0544662336815707,"low (<0.4)",12.0794332186827,0.501526619870395,3.70922811964443
"YOR033C",0.0187175256824584,"low (<0.4)",39.0579158274535,13.9549879625482,5.32401545603756
"YOR034C",0.0837708202144353,"low (<0.4)",24.9043687476836,7.90035607983888,4.69512352249455
"YOR034C-A",0.20038679870357,"low (<0.4)",56.4212674000465,3.70711084728753,5.84351326889437
"YOR035C",0.278833634641388,"low (<0.4)",42.5802134237919,9.20319869737461,5.44560135661636
"YOR036W",0.505812358418027,"moderate (0.4-0.7)",179.697199315584,48.0107878845572,7.49743033535283
"YOR037W",0.279571016106402,"low (<0.4)",30.1567046657101,8.2719612122833,4.96147074761157
"YOR038C",0.193126898849079,"low (<0.4)",24.9641211040095,11.7969907141858,4.69844748532953
"YOR039W",-0.0441429081848215,"low (<0.4)",157.522868282155,57.8615743859001,7.30854716627478
"YOR040W",0.0959689326009752,"low (<0.4)",28.6548524008825,2.48997421829798,4.89019628606377
"YOR042W",0.244559379623327,"low (<0.4)",124.755888134848,42.9315596177015,6.97448214116991
"YOR043W",0.231760868358747,"low (<0.4)",99.4000273962915,28.260487899411,6.64961585273361
"YOR044W",0.375237164141909,"low (<0.4)",117.229429717748,8.99147187758952,6.88544538622982
"YOR045W",0.187694744865358,"low (<0.4)",711.823688524831,137.024622801653,9.47740147100807
"YOR046C",0.118153301688708,"low (<0.4)",128.490487572822,33.1156272915754,7.01670231057789
"YOR047C",0.3494482282452,"low (<0.4)",50.3340831255041,21.9876783414473,5.68184511231556
"YOR048C",0.030466834364103,"low (<0.4)",50.6116335320776,25.9341575794927,5.68962438819741
"YOR049C",0.139629889610906,"low (<0.4)",33.3859497172528,1.47959505895601,5.1037472873162
"YOR051C",0.324046774485182,"low (<0.4)",170.401605683704,41.0697744258689,7.42123681440056
"YOR052C",0.0734068209638922,"low (<0.4)",614.315155544799,92.5860247965524,9.26518171710976
"YOR054C",0.215418485809578,"low (<0.4)",32.9833922728207,19.9657854653064,5.08675796656499
"YOR056C",0.0781877955102163,"low (<0.4)",90.5672737358381,37.4829085960502,6.51676016422285
"YOR057W",0.147991156995865,"low (<0.4)",76.6699981955237,37.18041720098,6.27928552732898
"YOR058C",-0.0795231036171182,"low (<0.4)",26.545024689708,6.12170836052931,4.78371985093625
"YOR059C",0.174441023875801,"low (<0.4)",58.8879069155343,13.4110540232555,5.90419280584205
"YOR060C",0.139352689100527,"low (<0.4)",22.9472341317758,5.43470424090075,4.58178713144176
"YOR061W",-0.00680636644760516,"low (<0.4)",123.109059943354,43.7032350474653,6.95546462561571
"YOR062C",0.368386940158829,"low (<0.4)",169.512917693676,78.8840566137031,7.41373722865271
"YOR063W",0.286976156835734,"low (<0.4)",2324.53016853628,1948.82383863757,11.1833439403773
"YOR064C",0.334915167432199,"low (<0.4)",69.7001984469698,20.2688788957894,6.14364235939951
"YOR065W",0.376103592556648,"low (<0.4)",505.909942045019,103.287353049582,8.98558564961529
"YOR066W",0.126749671440662,"low (<0.4)",41.391304608137,9.75520919592603,5.40569646143907
"YOR067C",0.0335951567494203,"low (<0.4)",40.2401426162484,12.452613413286,5.36597741671556
"YOR070C",-0.00485368975539728,"low (<0.4)",43.2788516427977,11.5688283499888,5.46854590167882
"YOR071C",0.345729788665383,"low (<0.4)",30.7715286613287,1.63242700150074,4.98966260071031
"YOR073W",-0.0269669762336068,"low (<0.4)",18.2998390594162,6.03218118870427,4.2705169118548
"YOR074C",0.205022463887792,"low (<0.4)",52.7109710369657,12.7327375274129,5.74714489900139
"YOR075W",0.212659607127066,"low (<0.4)",61.2574335854898,20.7170532458052,5.96017420125115
"YOR076C",0.0711449601941792,"low (<0.4)",22.0964040914367,9.77202377935232,4.52959634898418
"YOR077W",0.037634815701346,"low (<0.4)",16.5039729553385,1.82976361149537,4.12961050908402
"YOR078W",0.075487126600887,"low (<0.4)",185.299677439196,44.4141862401612,7.5414813661623
"YOR079C",0.0851550640090495,"low (<0.4)",28.0474615179234,10.7444709655219,4.86034018569367
"YOR080W",0.394189913924288,"low (<0.4)",18.1402264402995,12.969913084893,4.25853599275544
"YOR087W",0.0889911487254142,"low (<0.4)",27.8159330067939,7.56470638688914,4.84879482717428
"YOR089C",0.247445675789492,"low (<0.4)",428.424775000297,67.1276503801109,8.74626161743854
"YOR090C",-0.048162792055526,"low (<0.4)",65.2086362330202,16.3255897978991,6.04894750886716
"YOR091W",-0.107874602623515,"low (<0.4)",135.45047156731,86.3703544551468,7.09223357029109
"YOR092W",0.393695559224611,"low (<0.4)",59.5339182006575,50.9299971251381,5.91967183079768
"YOR093C",0.0364567399797227,"low (<0.4)",15.5405730926542,6.52761234955238,4.04793731631352
"YOR094W",-0.04462541028351,"low (<0.4)",75.5980342523941,19.9974841107782,6.25923546339905
"YOR095C",0.381400126117576,"low (<0.4)",88.4330943154863,41.1653480716405,6.48273688792718
"YOR096W",0.264812273118165,"low (<0.4)",756.221880145744,931.768010689156,9.86537450188573
"YOR097C",0.00367543853343457,"low (<0.4)",75.2734415653846,17.0722543385686,6.2531088925512
"YOR098C",0.112367800182058,"low (<0.4)",53.8368539833725,31.6224606018535,5.77707390027183
"YOR099W",0.169154729988208,"low (<0.4)",182.940050343674,59.78523781736,7.52309183016249
"YOR100C",-0.131381711959048,"low (<0.4)",16.7730474399468,1.0736634048795,4.1516191679002
"YOR101W",0.201179176964149,"low (<0.4)",33.9746381863971,23.1968557321198,5.12823722763434
"YOR103C",0.0719377809915522,"low (<0.4)",9.44987963844135,89.0061134261794,6.49195109088627
"YOR105W",0.233837823363972,"low (<0.4)",2.70020739030025,0.46372189462879,1.88760613359907
"YOR106W",-0.0129933023332827,"low (<0.4)",54.0481228654191,16.2262587677386,5.78262146378284
"YOR107W",0.514744989627802,"moderate (0.4-0.7)",36.2901869758443,3.76800278097519,5.22072412580012
"YOR108W",0.141186415600658,"low (<0.4)",67.5334706300225,21.8949109146359,6.09873684381475
"YOR109W",0.0612383175065865,"low (<0.4)",58.8697273203855,19.0092142027689,5.9037547943176
"YOR110W",0.103123392784719,"low (<0.4)",43.6238277292821,11.707825181334,5.47974236483884
"YOR111W",0.0645798380519317,"low (<0.4)",25.4057606370105,1.18301580137273,4.72278079476812
"YOR112W",0.00531134662748401,"low (<0.4)",29.7563448945072,10.985476281539,4.94281215748842
"YOR113W",0.0781892237939438,"low (<0.4)",18.3159166869628,4.04624768169349,4.27171824091972
"YOR114W",0.0730791129605011,"low (<0.4)",35.6061491171205,4.0653281599891,5.19401410830464
"YOR115C",0.188892196769761,"low (<0.4)",86.9717022681321,29.2767090311479,6.4589676236056
"YOR116C",-0.147204154552191,"low (<0.4)",43.7130631494953,24.7457077669458,5.48262447859414
"YOR117W",-0.0482658192932286,"low (<0.4)",216.625010881381,91.5036504918632,7.76570055978672
"YOR118W",0.259572278124824,"low (<0.4)",52.4584042183586,12.2182372901255,5.74034486736132
"YOR119C",-0.0668726196449473,"low (<0.4)",66.9395076906369,12.2475943066971,6.08617885895596
"YOR120W",0.241004273237755,"low (<0.4)",264.462530138355,47.9992232907349,8.05236442971755
"YOR122C",0.214208387266969,"low (<0.4)",785.995309780701,522.479645553081,9.62021122757066
"YOR123C",0.10238574165376,"low (<0.4)",117.464362488871,33.4517099948318,6.88830930971497
"YOR124C",0.258661759700982,"low (<0.4)",51.5876352124809,28.7203195985095,5.71665171732045
"YOR125C",0.204698690966357,"low (<0.4)",58.9356389272152,10.5514976980259,5.90534220831886
"YOR126C",0.0681124422616682,"low (<0.4)",66.8090816626814,27.2938492763431,6.08340660117369
"YOR127W",0.114809590269834,"low (<0.4)",47.4338764035887,14.8143808307577,5.59794456849449
"YOR128C",0.170289894698947,"low (<0.4)",170.486963141037,25.6976106035339,7.42195509313095
"YOR129C",0.114061421755585,"low (<0.4)",14.2018304559252,5.25208931016856,3.92617314425954
"YOR130C",0.432512959571579,"moderate (0.4-0.7)",67.784653429474,22.9882454049512,6.10401481547044
"YOR131C",0.134653340758489,"low (<0.4)",123.389391130191,36.4235143243074,6.95871963652521
"YOR132W",0.280041932654044,"low (<0.4)",96.2878045348179,45.8490047070847,6.60418706289623
"YOR134W",0.0713182489422302,"low (<0.4)",23.3286468373675,3.19391715608013,4.60458417450159
"YOR136W",0.330974325908199,"low (<0.4)",163.084377632447,27.3034643900157,7.35829407710233
"YOR137C",0.135116593255478,"low (<0.4)",31.6429876049777,8.77245508571858,5.02870119893809
"YOR138C",0.333477661855683,"low (<0.4)",65.6586323710673,21.807781467344,6.0587198129998
"YOR141C",0.112921158960296,"low (<0.4)",45.2956703126172,20.1199337908387,5.53280537021743
"YOR142W",0.479974727861695,"moderate (0.4-0.7)",259.304513008525,40.2025356388203,8.02405651434263
"YOR143C",0.222068843948261,"low (<0.4)",42.610378471277,14.3912439409466,5.44659960574405
"YOR144C",-0.0115281306327548,"low (<0.4)",15.4254987782473,5.62974695351054,4.03786527511401
"YOR145C",0.262976708847281,"low (<0.4)",147.466179082008,79.3811096092911,7.21399050916541
"YOR147W",-0.170338215955144,"low (<0.4)",47.5726177639314,9.40817901435416,5.60207133569148
"YOR148C",0.235499035428248,"low (<0.4)",58.0417620848865,12.277605716486,5.88366387375844
"YOR149C",0.054736112499807,"low (<0.4)",22.524783275617,9.33623126925905,4.55610952693224
"YOR150W",0.27915076521238,"low (<0.4)",163.800991187019,61.0385676013417,7.36458110933649
"YOR151C",0.183494304947206,"low (<0.4)",91.2111769379563,34.3760893360791,6.5268697255384
"YOR152C",0.096751936319255,"low (<0.4)",39.8173161247324,9.00770403695881,5.35110941834484
"YOR153W",0.855202919921506,"high (>=0.7)",79.1057726409096,40.8352169424596,6.32383430581512
"YOR154W",0.229933934423745,"low (<0.4)",33.1501097660171,11.2900703759903,5.0938183105516
"YOR155C",0.113079855274363,"low (<0.4)",59.7807654424696,11.996058219349,5.9255429384396
"YOR156C",0.0379621167436102,"low (<0.4)",10.3182343435633,3.68220042677773,3.50057700866971
"YOR157C",-0.030156210358099,"low (<0.4)",279.457661300938,89.8360397673772,8.13163918363379
"YOR158W",0.437618329707659,"moderate (0.4-0.7)",100.105820814926,21.3987558911961,6.65972224754077
"YOR159C",0.0682636616428763,"low (<0.4)",140.920302784393,29.3762507295555,7.14893718249334
"YOR160W",-0.0277610007675335,"low (<0.4)",30.6582217785662,11.0055295197575,4.98450831740945
"YOR165W",0.262905450344011,"low (<0.4)",65.5587725971467,30.1138874537817,6.05655692403438
"YOR166C",0.133682214568524,"low (<0.4)",26.4821386404164,4.37453302806672,4.78042237291047
"YOR167C",0.16273542168849,"low (<0.4)",3298.47605274256,972.465026901891,11.6880212315199
"YOR168W",0.134380073978844,"low (<0.4)",119.460159050565,67.2901125379251,6.91241225868383
"YOR171C",0.035387617396631,"low (<0.4)",59.3797641754818,6.56719149815628,5.91599321703325
"YOR172W",-0.100699361037591,"low (<0.4)",39.4922427235644,12.0749774484561,5.33957364594222
"YOR173W",0.33509241594076,"low (<0.4)",216.636178773451,31.0876540145955,7.76577459286338
"YOR174W",0.211777002191029,"low (<0.4)",62.402447455824,27.6388400834842,5.98646662711685
"YOR175C",0.148329604291225,"low (<0.4)",115.578445683223,48.5929693856783,6.86515726149957
"YOR176W",0.367852124612062,"low (<0.4)",160.284658013547,69.2198881373978,7.33346540036708
"YOR177C",0.00384171096353776,"low (<0.4)",4.08797444479033,0.670627744101112,2.34709142446133
"YOR178C",0.168787598461625,"low (<0.4)",27.930212742626,1.0697725652994,4.85450502726663
"YOR179C",0.312133025861323,"low (<0.4)",33.9733125773866,15.3413033642963,5.12818254555931
"YOR180C",0.320556676656466,"low (<0.4)",10.7428977167336,0.824384516480089,3.55371655152266
"YOR181W",-0.0295501908637801,"low (<0.4)",42.3266135728995,24.0471041135812,5.43718157422715
"YOR183W",-0.00396912903406685,"low (<0.4)",1.82101218926949,0.285395528744971,1.49621289965643
"YOR184W",0.331583861334118,"low (<0.4)",269.198741648297,54.5440563144849,8.07787714563007
"YOR185C",0.264630369060175,"low (<0.4)",204.667284286781,47.3840464530923,7.68416851085681
"YOR186W",0.303979855433612,"low (<0.4)",3.18812576089015,0.730151870857485,2.06630476411411
"YOR187W",0.592853943929308,"moderate (0.4-0.7)",329.318771062011,56.9832032347517,8.36771514592131
"YOR188W",0.0529570038579522,"low (<0.4)",27.16728318936,14.7889029614406,4.8159485134722
"YOR189W",0.286041269089854,"low (<0.4)",113.807991074242,43.598360601649,6.84307925236281
"YOR190W",0.119892625969212,"low (<0.4)",6.48121368314608,1.61719459163134,2.90327233864465
"YOR191W",0.0962496294071414,"low (<0.4)",30.2460643971512,20.7638414434934,4.96560258122924
"YOR192C",-0.123958585717212,"low (<0.4)",7.80340663823962,0.402769664775125,3.13806190886899
"YOR193W",0.0135200549452229,"low (<0.4)",28.4096966624451,4.54300052431431,4.87821999894087
"YOR194C",0.126811957982625,"low (<0.4)",203.450006776364,53.2414332859592,7.6756043004562
"YOR195W",0.264562235873633,"low (<0.4)",50.6188705419821,14.4153584996682,5.68982666945934
"YOR196C",-0.0448422162940356,"low (<0.4)",83.7207386054263,18.7297657145957,6.40464326185856
"YOR197W",0.500186905626587,"moderate (0.4-0.7)",216.655295085026,81.6632464893331,7.76590130799374
"YOR198C",0.390675902935062,"low (<0.4)",409.631379488258,376.385619405463,8.68170006880989
"YOR201C",0.0677221131684178,"low (<0.4)",38.2056347749146,14.987963123558,5.29298911345271
"YOR202W",0.600486930320794,"moderate (0.4-0.7)",168.030489865938,99.7781744864146,7.40113969433478
"YOR204W",0.0520920230282095,"low (<0.4)",81.2303204066994,5.66847355193079,6.3615985451787
"YOR205C",0.16200833941928,"low (<0.4)",34.9392646862227,10.8419129574286,5.16748898664027
"YOR206W",0.102324902164153,"low (<0.4)",116.343104398938,54.3970254780824,6.87458925496983
"YOR207C",0.140070447546498,"low (<0.4)",65.8137359257923,24.0967160431675,6.06207282505474
"YOR208W",0.0927612842040201,"low (<0.4)",46.9590438281703,25.6173854107686,5.583730990543
"YOR209C",0.68957754687792,"moderate (0.4-0.7)",157.537220724786,55.624701156435,7.30867777998835
"YOR210W",0.164730110755597,"low (<0.4)",447.346380826724,75.1837789352858,8.80846994173423
"YOR211C",0.129108947782098,"low (<0.4)",34.9894996311547,9.68775011144757,5.16950413922641
"YOR212W",0.759831636836439,"high (>=0.7)",16.8516863029979,9.91751188234027,4.15798845519577
"YOR213C",0.365394590873422,"low (<0.4)",55.8771155099062,20.5492823015111,5.82977639625337
"YOR215C",0.32304988647701,"low (<0.4)",195.549837200887,44.3055335389597,7.61875135857581
"YOR216C",0.164805095110308,"low (<0.4)",56.5758642812483,16.4598803596078,5.8473922576126
"YOR217W",0.183217507289255,"low (<0.4)",30.8146637008076,26.6407675588006,4.99161996644582
"YOR219C",0.235532161263333,"low (<0.4)",30.7045936465354,7.00311403598961,4.98661998102323
"YOR220W",0.393179570044332,"low (<0.4)",257.705496717721,126.334532518427,8.01516689707589
"YOR221C",0.574842757139178,"moderate (0.4-0.7)",100.230675565818,26.6274086155622,6.6615027207231
"YOR222W",0.30090093180473,"low (<0.4)",97.4022937825371,63.7954121192896,6.62062004043279
"YOR223W",-0.0325175928094858,"low (<0.4)",48.9735610169931,9.16876981463614,5.64309312021571
"YOR224C",0.177727736728316,"low (<0.4)",307.512151105453,154.188933578762,8.26918350246983
"YOR226C",0.456540220642923,"moderate (0.4-0.7)",76.7303112467064,22.9016767852949,6.2804053879589
"YOR227W",0.234415282312013,"low (<0.4)",54.1010646510706,20.7875059737439,5.78400828940033
"YOR228C",-0.138140528996513,"low (<0.4)",44.6601569034694,6.24330970744598,5.51286391203798
"YOR229W",0.131793242505014,"low (<0.4)",18.2180936130401,7.85251131401201,4.26439332634649
"YOR230W",0.483580484588913,"moderate (0.4-0.7)",723.95660827945,84.5449602818497,9.5017508360837
"YOR231W",0.0657827100514849,"low (<0.4)",44.1754373735914,14.6221021928914,5.49746666373943
"YOR232W",0.249797887326747,"low (<0.4)",274.156596079423,80.7879585468699,8.10410910327577
"YOR233W",-0.00786188166153597,"low (<0.4)",24.8480369507665,9.47049407141852,4.691982812993
"YOR234C",0.0669889076957278,"low (<0.4)",414.837759692482,234.656444853637,8.69987695626276
"YOR236W",0.336240724780713,"low (<0.4)",80.4673246853992,46.6637416957362,6.34814962703175
"YOR237W",0.0418805402037929,"low (<0.4)",50.4694962763785,5.04234941862438,5.68564575807827
"YOR238W",0.0111071744055095,"low (<0.4)",48.4506373853392,17.5233772973922,5.62791721135692
"YOR239W",0.110976232929405,"low (<0.4)",119.423779150148,91.6115169184569,6.91197648780835
"YOR241W",0.0435671955021575,"low (<0.4)",67.044561393254,19.7231373534819,6.0884079507454
"YOR242C",0.147229743591446,"low (<0.4)",10.3045233100254,0.941008799832723,3.4988282525883
"YOR243C",-0.111717479421394,"low (<0.4)",67.6585409392039,38.4211721945876,6.10136729383501
"YOR244W",-0.0503354876350782,"low (<0.4)",44.0591862848567,11.3788885633618,5.49374935534482
"YOR245C",0.290774537549585,"low (<0.4)",66.7322081783461,16.5489824437995,6.08177012557798
"YOR246C",0.176958437464261,"low (<0.4)",106.829085821607,32.0298781727507,6.75260257297342
"YOR247W",0.0971844398037916,"low (<0.4)",321.799214237072,264.921105833037,8.33449325656372
"YOR249C",-0.082895189058564,"low (<0.4)",13.8704087874138,4.70590981577518,3.89437240249749
"YOR250C",0.200509455378398,"low (<0.4)",41.4208453342098,14.9615378990052,5.40670146510333
"YOR251C",0.360327014504012,"low (<0.4)",73.7265692276722,26.0474339733229,6.22354938312007
"YOR252W",0.274853121813994,"low (<0.4)",99.9222978291979,33.4026949334965,6.65710114928966
"YOR253W",0.0494111523911504,"low (<0.4)",100.904252496187,34.6813734685282,6.67107044664793
"YOR254C",0.409033481036916,"moderate (0.4-0.7)",145.079209769394,53.6975059936631,7.19060705582245
"YOR255W",0.270751137692186,"low (<0.4)",2.82467019409976,0.589721496641225,1.93533534784426
"YOR256C",0.0262647964996963,"low (<0.4)",46.6862650496403,10.1482904466954,5.57550188526536
"YOR257W",-0.0621175931142649,"low (<0.4)",109.651046692789,35.0529061519174,6.78987328801129
"YOR258W",0.14346587329062,"low (<0.4)",22.8248053950959,4.84573642020154,4.57439252490184
"YOR259C",0.269268261960441,"low (<0.4)",260.376478541675,81.4859287872272,8.02998550757938
"YOR260W",-0.121009038299572,"low (<0.4)",100.228684180912,39.9746488081778,6.6614743401026
"YOR261C",0.348472407615239,"low (<0.4)",306.131312084627,80.8518654048125,8.26271179256847
"YOR262W",0.254681290250158,"low (<0.4)",63.4882790477757,24.369208260886,6.01096506478361
"YOR264W",0.265316513500689,"low (<0.4)",30.976988201977,12.3524736164668,4.9989621578241
"YOR265W",0.147534739048624,"low (<0.4)",157.963249984488,68.2310147124493,7.31254946350271
"YOR266W",-0.027923430144345,"low (<0.4)",21.0264462406737,4.65320664400387,4.46116484346541
"YOR267C",0.22185696495924,"low (<0.4)",94.5376478043563,52.0773070857077,6.57799745209465
"YOR268C",-0.072754027748365,"low (<0.4)",3.95098555545283,0.0581358776372274,2.30771574022979
"YOR269W",0.21233870273314,"low (<0.4)",13.3382043759934,7.21734878309025,3.84179245644085
"YOR270C",0.316886014153382,"low (<0.4)",213.431143652707,92.3600771403251,7.74437064561853
"YOR271C",0.15429487304841,"low (<0.4)",140.298945721546,33.9536615566328,7.14260689105895
"YOR272W",0.0188317032310926,"low (<0.4)",82.5444655508402,40.7697813683709,6.38447235421128
"YOR273C",0.545762938975464,"moderate (0.4-0.7)",97.2163093308488,23.7839266452926,6.61789070636255
"YOR274W",0.517819516586872,"moderate (0.4-0.7)",55.4431624474281,18.9132164894367,5.81872691768088
"YOR275C",0.286251153727712,"low (<0.4)",44.7249936997879,16.6949106169933,5.51491106607983
"YOR276W",0.113902936488749,"low (<0.4)",57.6457417402429,154.499360571843,7.28076483764361
"YOR278W",0.158117608448992,"low (<0.4)",33.2460394014786,9.86803464756288,5.09786524307016
"YOR279C",-0.01140403839911,"low (<0.4)",27.8163463573901,6.60397831469981,4.84881552178715
"YOR280C",0.296406411686507,"low (<0.4)",40.1703241994052,15.1367211569728,5.36353290422258
"YOR281C",0.0897413222349812,"low (<0.4)",75.187055339734,35.0728983887163,6.251473990459
"YOR283W",0.0654813712086665,"low (<0.4)",108.907551346292,18.4730546336907,6.78014670177239
"YOR284W",0.148766343600385,"low (<0.4)",15.3960620083546,4.95094153147879,4.0352774461191
"YOR285W",0.775125258529713,"high (>=0.7)",771.611926250236,115.269806450206,9.59360013735398
"YOR286W",0.54421797356125,"moderate (0.4-0.7)",161.367819898603,89.7770304371988,7.34312191913865
"YOR287C",0.28216970603553,"low (<0.4)",56.8106409077,2.98705599823327,5.85326316152056
"YOR288C",0.420237112882677,"moderate (0.4-0.7)",77.182146987212,38.2707413032728,6.28876729841036
"YOR289W",0.496703814377269,"moderate (0.4-0.7)",145.897094794067,37.9457732826855,7.19866205355429
"YOR290C",0.163670569843104,"low (<0.4)",45.0691202829103,21.4655104098785,5.52572814397773
"YOR291W",0.196705715403484,"low (<0.4)",26.5822542622792,10.4311704630403,4.78566846617391
"YOR292C",0.256161140512683,"low (<0.4)",40.8089369367718,10.3425040774576,5.38573945576414
"YOR293W",0.00224464980297429,"low (<0.4)",1042.45506218287,1341.05422458519,10.3902272482715
"YOR294W",0.175138015375705,"low (<0.4)",174.73783769902,61.2659084424683,7.45728103782948
"YOR295W",0.110305700821306,"low (<0.4)",20.1507780907578,12.7758905871382,4.40263883279662
"YOR296W",-0.0658591343384128,"low (<0.4)",12.361205365131,6.56552629759241,3.73997825957469
"YOR297C",0.210052409410336,"low (<0.4)",62.3091458762558,13.7328583592987,5.98434202672414
"YOR298W",-0.0193086503650114,"low (<0.4)",17.9159477520166,1.53386713164159,4.24153115691463
"YOR298C-A",0.223151998996438,"low (<0.4)",1737.70017097958,211.371383802861,10.7637934541466
"YOR299W",0.190425118365741,"low (<0.4)",57.548104451683,24.3529672434277,5.87155055780129
"YOR301W",0.0675041098289358,"low (<0.4)",29.5708364599921,7.01929750090477,4.93408412176625
"YOR302W",-0.0425999195378536,"low (<0.4)",736.615204071933,0.0887703175533072,9.52672458335802
"YOR303W",0.609390608873151,"moderate (0.4-0.7)",508.465193366957,85.7641469041422,8.99283977468947
"YOR304W",0.150477302765789,"low (<0.4)",38.3410263335653,20.6262980337224,5.29796269020158
"YOR304C-A",0.476701137627143,"moderate (0.4-0.7)",76.2668942687896,17.1314294748901,6.27177850509559
"YOR305W",0.155723572269505,"low (<0.4)",64.7621642975432,21.647888663533,6.03918587520183
"YOR306C",-0.070822298034751,"low (<0.4)",46.1462707821546,4.52753096258509,5.5590717547195
"YOR307C",0.122011446981876,"low (<0.4)",60.6093457379971,7.32622826780669,5.94507730988489
"YOR308C",-0.0310842357998763,"low (<0.4)",29.3014195727895,13.7451314496484,4.92131347811199
"YOR310C",0.12866817277965,"low (<0.4)",210.672649344035,134.59604269102,7.72569105758559
"YOR311C",-0.0505930736677117,"low (<0.4)",75.4007466824655,36.7335942756262,6.25551483301522
"YOR312C",0.105113150071621,"low (<0.4)",902.519241346769,1107.74815858199,10.1147159931507
"YOR313C",0.0762505991541296,"low (<0.4)",8.3421684341312,1.39074578997354,3.22375745636645
"YOR315W",0.351856220992401,"low (<0.4)",43.0613462075402,10.0500997398444,5.46144166930138
"YOR316C",0.269800666421671,"low (<0.4)",42.5405958476944,6.09211020297131,5.44428924565261
"YOR316C-A",0.168614109644034,"low (<0.4)",6.91244887852187,0.130165618727931,2.98412427347416
"YOR317W",0.271467453631328,"low (<0.4)",257.899212348986,26.2886509000459,8.01624676589749
"YOR319W",0.156712433391179,"low (<0.4)",73.9701490579295,11.2774497526246,6.22824436544613
"YOR320C",0.051321446949986,"low (<0.4)",64.7052301828008,16.4372936952411,6.03793630955165
"YOR321W",0.244291386735663,"low (<0.4)",33.0900160993308,12.9880017518941,5.09127737569169
"YOR322C",0.103321005223173,"low (<0.4)",52.9255545384471,23.0386822070136,5.75289720217025
"YOR323C",0.371813896324553,"low (<0.4)",129.136309865197,62.2009447799869,7.02387974025341
"YOR324C",0.182250425672435,"low (<0.4)",19.3815305317687,5.83916016602825,4.34919048827938
"YOR326W",-0.103357075721986,"low (<0.4)",86.7918184645198,70.0994083145666,6.45601459261333
"YOR327C",0.301761976884649,"low (<0.4)",368.17764413923,74.9063017048385,8.5281713817996
"YOR328W",0.368991386539007,"low (<0.4)",17.9612176766031,10.2458076031963,4.2449797110005
"YOR329C",0.253206091153717,"low (<0.4)",51.2376275892956,15.5554999204999,5.70701747219134
"YOR330C",0.123484112503299,"low (<0.4)",25.1367208912704,17.3697066660383,4.70800624708995
"YOR332W",0.0794410266457096,"low (<0.4)",299.384867587727,447.851384839738,8.81009403597527
"YOR334W",0.201813141435033,"low (<0.4)",13.2602410918097,3.84757820269152,3.83392646790465
"YOR335C",0.0820176671069987,"low (<0.4)",115.376398048961,84.4492489018861,6.86265468899757
"YOR336W",0.466710932690829,"moderate (0.4-0.7)",24.6163803988728,24.6295031620308,4.67973360657882
"YOR337W",0.0922884167218458,"low (<0.4)",25.4208108611294,4.97056186256772,4.72360283881423
"YOR338W",-0.00142129576845191,"low (<0.4)",29.786142132025,4.36866194276808,4.94420918683303
"YOR339C",-0.0178453059279375,"low (<0.4)",6.09519352533752,0.203589172752555,2.82684203512967
"YOR340C",0.316587596784084,"low (<0.4)",98.4932958405646,37.5136376475606,6.63652741065993
"YOR346W",0.194646909029623,"low (<0.4)",10.1227885498263,3.55681622523682,3.47544662059851
"YOR347C",0.392508544084382,"low (<0.4)",50.6242597204696,10.2229657197008,5.68997728366613
"YOR348C",-0.0217871480786087,"low (<0.4)",26.7358002380429,4.62808516479049,4.79367744583471
"YOR349W",0.284459997980255,"low (<0.4)",10.3961449437216,5.79322011593451,3.5104739709298
"YOR350C",-0.0988416941797605,"low (<0.4)",19.5467734323371,5.05295437420587,4.36083995260731
"YOR351C",-0.00887239586775098,"low (<0.4)",2.04915842681691,0.346425037112435,1.60841111120212
"YOR352W",0.0188374877285667,"low (<0.4)",38.2423677611639,5.55915503375836,5.29434018675626
"YOR353C",-0.00576152838895177,"low (<0.4)",27.2725221138413,5.13780992898497,4.82132868264895
"YOR354C",0.349283971981562,"low (<0.4)",57.2139002865665,21.0906189477111,5.86329177517004
"YOR355W",0.148697374287193,"low (<0.4)",114.697044559963,68.8311955926635,6.85420820155683
"YOR356W",0.0911391373258269,"low (<0.4)",71.1530578575845,8.85102370322651,6.17298863253509
"YOR357C",0.0872624360170194,"low (<0.4)",154.128459091982,26.583721200233,7.27731957005274
"YOR358W",0.228188283429504,"low (<0.4)",64.5579744169738,13.70029772725,6.03469937422204
"YOR359W",0.0809861331085461,"low (<0.4)",31.0515759660158,11.7426439745864,5.0023233903416
"YOR360C",0.0649276652422296,"low (<0.4)",56.1117249728052,13.807139065891,5.83571505454954
"YOR361C",0.107587728307574,"low (<0.4)",176.247724036478,85.6955308304941,7.46962329231784
"YOR362C",0.0920312065522403,"low (<0.4)",359.031614595563,143.867500587039,8.49197978582314
"YOR363C",0.232410461108732,"low (<0.4)",22.0238123680894,3.97311377668781,4.5250548349235
"YOR365C",0.0527114062798041,"low (<0.4)",4.4008073464278,0.53386030603976,2.43317508646609
"YOR367W",0.410137564718478,"moderate (0.4-0.7)",84.9336382021226,27.511494231853,6.42515107104534
"YOR368W",0.0922592765875582,"low (<0.4)",25.6059763213082,4.08114243134418,4.73367843988788
"YOR369C",0.340915192670954,"low (<0.4)",3751.04175686476,1554.63549361628,11.8734601685086
"YOR370C",0.29988019802004,"low (<0.4)",136.920668525077,37.6754260522141,7.10769486232101
"YOR372C",0.127600523143075,"low (<0.4)",43.3967118996041,7.09168520406922,5.47238092682772
"YOR373W",-0.0123033131470666,"low (<0.4)",15.2435622028429,7.58688297417142,4.0217961442101
"YOR374W",0.0874210317899045,"low (<0.4)",425.124396755476,91.123330928568,8.73513084178501
"YOR375C",0.241790714331986,"low (<0.4)",974.512551041377,176.743330512485,9.93001662458613
"YOR377W",0.130795328817734,"low (<0.4)",64.4740570085943,20.2790231787662,6.0328514711689
"YOR388C",0.253155519010929,"low (<0.4)",11.2226237823778,0.406815604751344,3.61148211093649
"YOR389W",0.392213282613482,"low (<0.4)",42.7670802945185,1.28306453413803,5.45177423977098
"YPL279C",-0.25806405632421,"low (<0.4)",11.3794342003714,0.0794492961783832,3.62987347285054
"YPL274W",0.470849242060743,"moderate (0.4-0.7)",164.441987481361,58.4372757291936,7.37018161197324
"YPL273W",0.473299774626457,"moderate (0.4-0.7)",168.799126228599,28.6381323870672,7.40768522470272
"YPL272C",0.0949364755267923,"low (<0.4)",296.944820130004,15.6379529828969,8.2189013557102
"YPL271W",0.446787977073301,"moderate (0.4-0.7)",1413.75246101147,265.158006128117,10.4663339317035
"YPL270W",0.232383565933252,"low (<0.4)",48.6201323108011,13.4639170069611,5.6328536770319
"YPL269W",0.0939958095241801,"low (<0.4)",11.6525273059193,4.98337617033926,3.66135368277455
"YPL268W",0.102042815444798,"low (<0.4)",17.9727485581329,9.53473209042548,4.24585679018645
"YPL267W",0.309284263666496,"low (<0.4)",51.8720964792552,9.11923453949681,5.72443462834461
"YPL266W",0.072421750345056,"low (<0.4)",99.9547010946385,32.7690650716751,6.65756428308905
"YPL265W",-0.0340483679049563,"low (<0.4)",327.85443758994,8.3631943097344,8.36130532802883
"YPL264C",0.210835075227088,"low (<0.4)",15.2226258971744,1.21432079367399,4.01993545711888
"YPL263C",0.0339476899248436,"low (<0.4)",58.4034909798636,27.189189745005,5.8924758116263
"YPL262W",0.330178838428691,"low (<0.4)",189.556920125395,59.639581193914,7.57407819073146
"YPL260W",-0.078835352099168,"low (<0.4)",158.536743029889,60.8473835042633,7.31774492023678
"YPL259C",0.105627997006733,"low (<0.4)",64.5033131061585,19.2957810473237,6.03349597376559
"YPL258C",0.340591095382171,"low (<0.4)",16.5639952681282,5.56283065696235,4.13454914579166
"YPL256C",0.214964262759486,"low (<0.4)",89.455266844555,26.8807653320706,6.49913260248018
"YPL255W",0.317317089267724,"low (<0.4)",22.0861759711062,4.75780447523911,4.52895731761348
"YPL254W",0.219436096039883,"low (<0.4)",38.1343633305258,11.1092653838421,5.29036406902504
"YPL253C",-0.0497564572135771,"low (<0.4)",17.82693270773,5.56820957308111,4.23472606946497
"YPL252C",0.286830021241692,"low (<0.4)",101.417808986793,27.8158500412379,6.67832279088396
"YPL250C",0.458112294194498,"moderate (0.4-0.7)",316.217625977477,19.7291140061346,8.30932912539359
"YPL249C-A",0.173528584744258,"low (<0.4)",61.9747070402259,2210.84110748374,11.1110320347561
"YPL249C",0.234691850240166,"low (<0.4)",36.1729346850394,16.8285139987033,5.21618068377102
"YPL248C",0.182311597829226,"low (<0.4)",10.9889891117341,2.59567232780198,3.58363811352513
"YPL247C",0.162459796696427,"low (<0.4)",109.219930754079,30.3184526235777,6.78424131568164
"YPL246C",0.089269428516907,"low (<0.4)",165.840864344018,77.5509291039784,7.38232888123101
"YPL245W",0.151041555415665,"low (<0.4)",46.0931888444073,14.4854410575038,5.55744651075585
"YPL244C",0.10850571384857,"low (<0.4)",48.3564193520397,26.0847558635666,5.6251658303303
"YPL243W",-0.166804317495501,"low (<0.4)",99.4874645660825,55.7766379512803,6.65087173161368
"YPL242C",0.0160068345843771,"low (<0.4)",31.3302732792689,12.2754376537919,5.01481379712339
"YPL241C",0.182366832245161,"low (<0.4)",22.7450659141752,7.71046341150355,4.56955585588133
"YPL239W",0.0962543955279686,"low (<0.4)",202.052053352212,38.5070400482335,7.66570580628136
"YPL237W",0.257949672781822,"low (<0.4)",246.918182810844,188.405207980525,7.9537202751931
"YPL236C",0.00154994075956707,"low (<0.4)",30.2295790767549,7.2151242009024,4.96484121922597
"YPL235W",0.113860206665269,"low (<0.4)",119.981461685014,43.2820945239224,6.91864218616628
"YPL234C",0.183703035136958,"low (<0.4)",419.836972113948,160.08848138533,8.71711764616905
"YPL233W",0.16525760452286,"low (<0.4)",40.954742761573,8.11346387596958,5.3907620038085
"YPL232W",0.0682862510783344,"low (<0.4)",215.546586851554,76.5573981091439,7.75853362299229
"YPL231W",0.13867880412602,"low (<0.4)",590.831815176779,826.343827946509,9.69234319968763
"YPL230W",0.121701850323668,"low (<0.4)",78.9912962048565,5.84455460315465,6.32177112482211
"YPL229W",0.175538833098953,"low (<0.4)",47.2347607122907,11.9768231982605,5.59200130426267
"YPL228W",-0.202476644287067,"low (<0.4)",42.5660763533211,8.73565065117532,5.44513328203299
"YPL227C",0.0756756383270223,"low (<0.4)",66.7147732135024,16.8876596596903,6.08139871327777
"YPL226W",0.21816603752355,"low (<0.4)",83.956480565598,57.1185836843046,6.40865209672002
"YPL225W",-0.00993411775221659,"low (<0.4)",710.366026020341,128.226554577663,9.47444826445228
"YPL224C",0.091885525378663,"low (<0.4)",45.2492725579982,7.18131657384058,5.53135876894395
"YPL223C",0.406203199836244,"moderate (0.4-0.7)",159.769198685376,34.622216576914,7.3288472209162
"YPL222W",0.0957850049688899,"low (<0.4)",38.3827935409086,9.71344794504025,5.29949354448828
"YPL221W",0.303395427260829,"low (<0.4)",144.523034383661,57.4865432261584,7.18510372064627
"YPL219W",-0.0354235892143253,"low (<0.4)",24.0567553220236,5.81359714610121,4.64712770252811
"YPL218W",0.135321286486002,"low (<0.4)",541.010611765085,232.314315356057,9.08217728746271
"YPL217C",-0.107393917938779,"low (<0.4)",92.1647678214066,31.5607535843995,6.54171256801588
"YPL216W",0.0065580837698777,"low (<0.4)",9.8694732493488,5.90196799994415,3.44221012182426
"YPL215W",0.34578128165459,"low (<0.4)",82.6380378128701,29.3263604251013,6.38608731091758
"YPL214C",0.368010303188504,"low (<0.4)",65.4878928348867,18.539334697318,6.05501975072976
"YPL213W",0.255801699885221,"low (<0.4)",48.0223876668277,17.8301326209278,5.6153688481905
"YPL212C",0.131389805375729,"low (<0.4)",80.8108548191841,35.7684069629664,6.35422037026525
"YPL211W",0.182278456813506,"low (<0.4)",129.465535569065,67.5709895692981,7.02752493733324
"YPL210C",-0.183933885973526,"low (<0.4)",103.883182004915,39.1773305456193,6.71263955040387
"YPL209C",0.163967649069015,"low (<0.4)",13.5576109010062,3.31582039302845,3.86370170426441
"YPL208W",0.0101488609948279,"low (<0.4)",33.6126119817037,9.91200803787106,5.11322591101838
"YPL207W",0.371614103126623,"low (<0.4)",80.1413298321283,17.4553651824584,6.34236504207655
"YPL206C",0.091307960761305,"low (<0.4)",153.687721983323,35.4612720326234,7.27321488018328
"YPL204W",-0.0451908601117038,"low (<0.4)",175.575889426702,39.2020884725283,7.46414455326378
"YPL203W",0.248392756503368,"low (<0.4)",134.004524629968,28.8417613385882,7.0768639492866
"YPL202C",0.0884774685301776,"low (<0.4)",38.7209409440913,13.379578057357,5.31182789396955
"YPL199C",0.14618929586844,"low (<0.4)",85.3800399933454,39.5501885024889,6.43262607939002
"YPL198W",0.200289668362538,"low (<0.4)",115.462673223911,222.400943177704,7.80349146653115
"YPL196W",0.21200394425492,"low (<0.4)",85.7757856797355,18.490254417629,6.43922061735703
"YPL195W",0.0704711870269264,"low (<0.4)",58.8023115366697,16.2723913861585,5.90212934482978
"YPL194W",0.0367121078937944,"low (<0.4)",14.3046953457916,2.4589027886916,3.93590242185026
"YPL193W",0.116336462450456,"low (<0.4)",42.4417376208162,9.87166618273955,5.44100990536845
"YPL192C",-0.0842835137874883,"low (<0.4)",29.1916218263419,2.64143416177556,4.91607635216868
"YPL191C",0.286927834212405,"low (<0.4)",23.5903170441921,2.67040562326288,4.62001843068086
"YPL190C",0.251062481713203,"low (<0.4)",114.646463675992,83.6657072979367,6.853577340616
"YPL189C-A",0.1439770010106,"low (<0.4)",214.656567462672,28.8414588409877,7.75259184139806
"YPL189W",0.266979597204464,"low (<0.4)",6.27385899299304,1.01149912522138,2.86272095877656
"YPL188W",0.411127792277443,"moderate (0.4-0.7)",46.9237806794736,1.82898201147877,5.58266982088502
"YPL187W",0.872952580210443,"high (>=0.7)",32.7684734232678,4.95630775858681,5.07760505556345
"YPL186C",0.189974241877861,"low (<0.4)",75.6132422452974,9.34438551290235,6.25952187176947
"YPL184C",0.208855740444716,"low (<0.4)",42.1973524334395,24.855679304262,5.43287098717894
"YPL183W-A",0.286917908923145,"low (<0.4)",180.178201587496,48.9998463144682,7.50126557808713
"YPL183C",0.178764336952855,"low (<0.4)",31.8439419383814,12.2380893742278,5.03755538502568
"YPL181W",-0.0476768453851261,"low (<0.4)",84.9139777129261,17.5269182660587,6.42482096358079
"YPL180W",0.243247437344464,"low (<0.4)",36.8154969213125,19.6964537489462,5.2409056719222
"YPL179W",0.256241355214206,"low (<0.4)",178.13290023704,63.8175021620416,7.48488652235126
"YPL178W",-0.00836458399499678,"low (<0.4)",158.446460729947,23.701081928527,7.31692826388404
"YPL177C",-0.0377807118380922,"low (<0.4)",99.6784609415822,14.501550332984,6.6536112572651
"YPL176C",0.217316634729833,"low (<0.4)",33.409209928648,7.57569786572111,5.10472286155955
"YPL175W",0.0467777756798446,"low (<0.4)",24.8748015474035,7.46638762223559,4.69347589246841
"YPL174C",-0.0482267113144743,"low (<0.4)",19.5267111149973,9.37454230478737,4.35943058554943
"YPL173W",0.0984410498139455,"low (<0.4)",68.9797818439935,23.3740414842304,6.12886626199329
"YPL172C",0.270045405154622,"low (<0.4)",37.1279983227801,7.21463672292659,5.25277888806519
"YPL171C",0.0900089028606456,"low (<0.4)",30.7947319919447,5.2116721837419,4.99071584282821
"YPL170W",0.0475929743985221,"low (<0.4)",486.761685089302,111.247563847425,8.93003262502513
"YPL169C",0.113924372524377,"low (<0.4)",76.7868254152636,18.152278258767,6.28145392468041
"YPL168W",0.0791532913028678,"low (<0.4)",34.9162884406555,10.5241970943205,5.16656636576477
"YPL167C",0.456197489806032,"moderate (0.4-0.7)",12.280412083882,11.6685404186652,3.7312280083003
"YPL166W",0.137247663871711,"low (<0.4)",24.286348872587,1.16187561402041,4.6602868343922
"YPL165C",-0.18221546386865,"low (<0.4)",32.6886988432295,0.113184705694998,5.07419280329151
"YPL164C",0.271211375010268,"low (<0.4)",16.3154462912473,3.23147702770669,4.1139876671682
"YPL163C",0.0219370227174286,"low (<0.4)",398.842861076677,97.42984370339,8.64328931955719
"YPL162C",0.150611642754336,"low (<0.4)",44.1662149559589,0.942869383703749,5.49717211220342
"YPL161C",0.356669151401874,"low (<0.4)",28.9749790469404,6.38630907688138,4.90568684005695
"YPL160W",0.25818583185033,"low (<0.4)",139.01527654826,105.676169948607,7.12944043264535
"YPL159C",0.0928748122801848,"low (<0.4)",121.407798306047,11.2672249047643,6.93555166135987
"YPL158C",0.0743711412917767,"low (<0.4)",57.7874467011509,20.7987294629011,5.87743621397113
"YPL157W",0.28229852234227,"low (<0.4)",34.9403601577148,13.1354939467347,5.1675329610292
"YPL156C",0.375578771672399,"low (<0.4)",71.4448348842683,12.2519250043307,6.1788109281825
"YPL155C",0.0354182639777752,"low (<0.4)",28.9606568755867,7.60311049147985,4.9049973495506
"YPL154C",0.120295790764501,"low (<0.4)",711.750734131336,332.725221569866,9.47725380991072
"YPL153C",0.123094757173767,"low (<0.4)",16.6899309880861,2.73436524282447,4.14485651468848
"YPL152W",0.0993840937407336,"low (<0.4)",61.367452801341,15.7025881938083,5.96272143275436
"YPL151C",0.0270949307320005,"low (<0.4)",44.261985335472,13.9714662789881,5.50022796209981
"YPL150W",0.102383808021136,"low (<0.4)",32.4855995348766,13.5497262260637,5.06546889355562
"YPL149W",0.501745240144169,"moderate (0.4-0.7)",76.4581597498454,40.948657491768,6.27534532112698
"YPL148C",0.183754988335449,"low (<0.4)",27.403644648366,4.82823437267908,4.82800415767218
"YPL147W",-0.0264315720967073,"low (<0.4)",7.60840528757849,3.86018835474153,3.10574600222252
"YPL146C",0.200674716611791,"low (<0.4)",109.810996643457,43.5589062173547,6.79195724819938
"YPL145C",0.00741374360010681,"low (<0.4)",178.152287597198,85.4629522668319,7.48504265522716
"YPL144W",0.276100250646412,"low (<0.4)",46.9623643941209,14.3692613149542,5.58383087573277
"YPL143W",0.187916608057118,"low (<0.4)",15.745930884798,701.227521193067,9.45579472816187
"YPL141C",0.275792919221413,"low (<0.4)",29.3114402772494,6.71050170820573,4.92179049968127
"YPL140C",0.192091709443039,"low (<0.4)",25.3081249259249,8.21798571621726,4.71743652102437
"YPL139C",0.405235613408458,"moderate (0.4-0.7)",37.2612931552581,13.2724406865199,5.25781372960511
"YPL138C",0.173376773097297,"low (<0.4)",44.0316900209627,13.1284662695787,5.4928687173397
"YPL137C",0.00480880072443419,"low (<0.4)",33.250620649034,13.7879110934816,5.09805822600201
"YPL135W",0.0449852540878907,"low (<0.4)",218.142003510847,86.3299918110328,7.77572222567253
"YPL134C",0.328492023767651,"low (<0.4)",49.1525431836064,8.81636326229551,5.64825095515351
"YPL133C",0.275058383120586,"low (<0.4)",23.0924832058243,4.6098217246568,4.59051119432085
"YPL132W",0.243707441417551,"low (<0.4)",43.3492762048909,9.24339583904565,5.47083865433737
"YPL131W",0.160783713693987,"low (<0.4)",2082.06806651191,2116.37758772546,11.0480628498813
"YPL129W",0.191024343632243,"low (<0.4)",143.529093859866,50.5603535471028,7.17521612777683
"YPL128C",-0.138283476037139,"low (<0.4)",24.7305421658186,8.71958807779851,4.68540995117
"YPL127C",0.204892556365511,"low (<0.4)",130.571088053478,45.790266911265,7.03969869021249
"YPL126W",-0.00229545483400185,"low (<0.4)",76.8863661129496,14.052552431119,6.28329890375587
"YPL125W",0.234238296151904,"low (<0.4)",39.1262868499689,9.91648139134102,5.32647575509237
"YPL124W",0.104835270951749,"low (<0.4)",33.9254763147512,7.29794033726518,5.12620788617689
"YPL123C",0.0511560653182717,"low (<0.4)",57.2361196189943,7.82455781022818,5.86384232417158
"YPL122C",0.127469086973319,"low (<0.4)",31.3440990860573,8.87382652482015,5.01543062330861
"YPL120W",0.0905591012893824,"low (<0.4)",29.793967163174,13.6563016897501,4.94457583553903
"YPL119C-A",0.0368984833486568,"low (<0.4)",36.290761528914,1.14409946898687,5.22074635412736
"YPL119C",0.183809086666555,"low (<0.4)",14.4443328201649,0.784587089870629,3.94900564420646
"YPL118W",0.178604896657915,"low (<0.4)",150.997813761736,48.6022073240637,7.24790676280026
"YPL117C",0.163978753591525,"low (<0.4)",591.3665319962,105.838914552082,9.21034632215185
"YPL116W",0.0833982002381349,"low (<0.4)",43.3073601167711,7.32069044612027,5.46947446685003
"YPL115C",0.119851427154652,"low (<0.4)",28.2144748327341,8.12006057518142,4.8686114501289
"YPL113C",0.174111129004886,"low (<0.4)",5.30419815689777,1.24203150413042,2.65631288306217
"YPL112C",0.313227331177365,"low (<0.4)",63.0080909062399,17.3030508845509,6.00018237457088
"YPL111W",0.264615586374502,"low (<0.4)",255.676565642508,166.848820312985,8.00380777484021
"YPL110C",0.251698110420679,"low (<0.4)",20.3236638134828,11.6274268934834,4.41438343689714
"YPL109C",0.015412631561827,"low (<0.4)",13.2514837095279,4.83177015746155,3.83304021970504
"YPL108W",0.124387866555596,"low (<0.4)",30.3280620300085,15.3885733910301,4.96938362150114
"YPL107W",0.011238883621272,"low (<0.4)",79.2288101476566,12.6209545634586,6.3260484960738
"YPL106C",0.36514959974308,"low (<0.4)",540.845070662992,210.345872938389,9.08173659165278
"YPL105C",0.319740456010485,"low (<0.4)",91.2497456374342,41.8171654916582,6.52747302808622
"YPL104W",0.27345615877677,"low (<0.4)",30.4050964964789,10.2191168327897,4.97292679711119
"YPL103C",0.121616265264001,"low (<0.4)",33.1160703939478,8.29332800890135,5.09237957654791
"YPL101W",0.368033862042814,"low (<0.4)",56.5212838710482,21.263706550934,5.84602397187673
"YPL100W",0.172637070181556,"low (<0.4)",49.1811308826589,18.9891956926214,5.64907307859618
"YPL099C",0.188999151211121,"low (<0.4)",50.524484393206,19.4674000774227,5.68718625763905
"YPL098C",0.203808817512854,"low (<0.4)",195.444530617479,91.7506471732722,7.61797819080684
"YPL097W",-0.0523879253399411,"low (<0.4)",37.6272335782276,6.9619306016163,5.2715464526051
"YPL096C-A",0.39987096486252,"low (<0.4)",66.5955712659784,16.4246803508765,6.07885682183989
"YPL096W",0.218748740594621,"low (<0.4)",47.8433828421236,12.5206237117944,5.61009121823778
"YPL095C",-0.0703959996070967,"low (<0.4)",32.5105167690724,9.35487824210961,5.06654202954761
"YPL094C",0.277499796663267,"low (<0.4)",255.166042359853,133.233831999003,8.00093543295618
"YPL093W",0.0291602772627256,"low (<0.4)",148.162117656827,70.9156402712395,7.22073737410749
"YPL092W",0.915555252631889,"high (>=0.7)",62.2190291722627,12.5820121990076,5.98228697544587
"YPL091W",0.576278185557188,"moderate (0.4-0.7)",138.992962727628,55.0954468574816,7.12921049627977
"YPL089C",0.115475848348575,"low (<0.4)",53.0473030909676,10.3280812396881,5.75615072553259
"YPL088W",0.384075518661696,"low (<0.4)",140.388102033811,33.1342074964688,7.14351691063611
"YPL087W",0.307287869987229,"low (<0.4)",166.013582613904,38.8984032604778,7.3838216264434
"YPL086C",0.101566624220955,"low (<0.4)",50.2164956213173,16.0316906622037,5.67853663789093
"YPL085W",0.206046380210742,"low (<0.4)",34.7606410130116,63.7639762448587,6.01711965885762
"YPL084W",0.421874442768747,"moderate (0.4-0.7)",44.1654074952763,19.5240878798696,5.49714632013878
"YPL083C",0.0867632678882891,"low (<0.4)",26.0389474563565,10.1403282106285,4.75696708788876
"YPL082C",0.143801583686785,"low (<0.4)",27.0319446868102,47.7996853584555,5.60879994076447
"YPL081W",0.435289268275542,"moderate (0.4-0.7)",233.590206370048,180.729441296789,7.87399897502396
"YPL079W",0.210363433690891,"low (<0.4)",706.355651795479,998.883656735926,9.96561642704723
"YPL078C",0.625739912509848,"moderate (0.4-0.7)",508.95994194889,160.220862482736,8.99424011564037
"YPL077C",0.0946052602668333,"low (<0.4)",17.6439086680818,5.20232297208624,4.22063244548637
"YPL076W",0.146187490967154,"low (<0.4)",17.9002801857139,5.87420529830591,4.24033571661116
"YPL075W",-0.0418624209070445,"low (<0.4)",30.4708865807433,13.9533410652601,4.9759459169182
"YPL074W",0.0996261685606314,"low (<0.4)",26.6347870373005,11.1034088684179,4.78841358960284
"YPL072W",-0.106839130358876,"low (<0.4)",11.9416664296921,3.12963804485751,3.69395149236163
"YPL071C",0.310813516079726,"low (<0.4)",61.6469689010384,22.7741905044672,5.96917280304218
"YPL070W",0.0493970589466689,"low (<0.4)",49.3997487698556,15.4727643234964,5.65534463715647
"YPL069C",0.226124178160242,"low (<0.4)",26.8319274848818,10.9320687380629,4.79866892007099
"YPL068C",0.0896593413916811,"low (<0.4)",24.4988167716898,7.87498989257024,4.67235839776676
"YPL067C",0.5919367435646,"moderate (0.4-0.7)",35.9764803081782,10.5127739329524,5.20853599989983
"YPL066W",0.197771965807193,"low (<0.4)",44.2670709058397,9.98843206122893,5.50039005209526
"YPL065W",0.127212479805585,"low (<0.4)",44.4440914956574,9.35013070634909,5.50602082662174
"YPL064C",-0.0160513268854024,"low (<0.4)",51.3541560728003,19.4618395707352,5.71023216323011
"YPL063W",0.120450537512163,"low (<0.4)",116.008325551524,52.7334802629706,6.87046737603268
"YPL061W",0.40934896644386,"moderate (0.4-0.7)",1874.14337672945,702.633867667161,10.8727851954644
"YPL060W",0.192842319857425,"low (<0.4)",19.4717929155199,3.30628918667868,4.35556555372439
"YPL059W",0.275478560331214,"low (<0.4)",200.391095581323,78.6109906010854,7.65385608640313
"YPL058C",0.175519230903167,"low (<0.4)",27.7696301291771,2.8840835348928,4.84647476837221
"YPL057C",0.204947763975359,"low (<0.4)",252.638240011243,62.5035489439371,7.98662846094446
"YPL055C",0.0369908607213659,"low (<0.4)",83.4687545664449,11.6186324311349,6.40034587452788
"YPL054W",0.333856241895463,"low (<0.4)",13.8781337174932,1.64949315402178,3.89512166398251
"YPL053C",0.271731364945914,"low (<0.4)",87.3214365993546,20.3086331734035,6.46469173346527
"YPL052W",0.16751843650787,"low (<0.4)",40.1183781634236,12.8318442728462,5.36171145616696
"YPL051W",-0.180063282249163,"low (<0.4)",52.163217059721,8.49155505562532,5.73235650378429
"YPL050C",0.0708155564460666,"low (<0.4)",137.961705699392,26.9485049180169,7.11854355754931
"YPL049C",0.349204351924223,"low (<0.4)",77.7362244410032,16.7448641648558,6.29895562893834
"YPL048W",0.258693098805679,"low (<0.4)",309.772308847094,153.115864493764,8.27971414889752
"YPL047W",0.209246886528464,"low (<0.4)",75.2776493421622,16.9888401214265,6.25318847950998
"YPL046C",0.19891682431151,"low (<0.4)",69.5657823943959,6.42804628467438,6.14089687984622
"YPL045W",0.16197114435415,"low (<0.4)",33.3531678971959,9.42558342897178,5.10237123902073
"YPL043W",0.0751471761884196,"low (<0.4)",79.2344531332789,50.1139521633628,6.32614996612009
"YPL042C",0.155704707804852,"low (<0.4)",40.1805343660541,13.5583293739193,5.3638906456505
"YPL041C",0.140659405700931,"low (<0.4)",20.6466534056335,6.74435414568736,4.43607209497595
"YPL040C",0.0328519068292049,"low (<0.4)",18.3526607785203,7.36991080633553,4.27446002963302
"YPL039W",0.49142794935764,"moderate (0.4-0.7)",31.3067011083588,8.77449961111186,5.01376153699195
"YPL038W",0.202379607321297,"low (<0.4)",28.207443045053,12.2681856991529,4.8682641583715
"YPL037C",-0.050372357563648,"low (<0.4)",978.516885047723,840.156773343451,9.93592655185886
"YPL036W",0.229090888239339,"low (<0.4)",17.9409804909578,2.19119439004718,4.24343910958116
"YPL034W",0.00805416510556133,"low (<0.4)",16.2546902150742,10.2478496539785,4.10891666723001
"YPL033C",0.0425842349870574,"low (<0.4)",3.75288485477382,0.163567753902336,2.24880345077574
"YPL029W",0.130782976923156,"low (<0.4)",22.1011861355051,7.92693300001798,4.52989502392603
"YPL028W",-0.204295949933233,"low (<0.4)",1281.68023496429,620.483365180393,10.3249458440771
"YPL027W",0.0580980939156486,"low (<0.4)",2.37266002854452,0.558146589054094,1.75388689889191
"YPL026C",0.302765971783567,"low (<0.4)",63.1696765911018,15.0141094150636,6.0038198070878
"YPL024W",0.40370288106666,"moderate (0.4-0.7)",54.7226764188755,8.76516393136716,5.80019264865401
"YPL023C",0.000330881590179684,"low (<0.4)",63.903611845715,16.7268035612271,6.02022686042934
"YPL022W",-0.023868417032594,"low (<0.4)",33.0052471464738,16.3513131484571,5.08768547207749
"YPL020C",0.23946074182976,"low (<0.4)",43.0402738109664,19.6252661218295,5.46075153346484
"YPL019C",0.295143352124015,"low (<0.4)",46.9158449088844,28.6610000473611,5.58243090307142
"YPL018W",0.238085839679606,"low (<0.4)",31.3995470088363,4.28736823749627,5.01790173723572
"YPL017C",0.0523357455291011,"low (<0.4)",33.7674276948548,0.91705295371792,5.11966442657308
"YPL016W",0.276937546991824,"low (<0.4)",19.2196311441822,13.24890137917,4.33768477406138
"YPL015C",0.0936555695752738,"low (<0.4)",80.8591099261345,29.7653582515887,6.35507107498215
"YPL014W",0.321935964096815,"low (<0.4)",87.051650395317,31.2064220161107,6.46027814033879
"YPL013C",0.182398922857292,"low (<0.4)",199.173375282787,62.8196144987143,7.64510628631682
"YPL012W",-0.0685817905683119,"low (<0.4)",65.5159719864119,22.1510131142991,6.05562890074677
"YPL011C",-0.00562998980577097,"low (<0.4)",41.2147433985543,15.6767195178035,5.39967503963166
"YPL010W",0.364851119287848,"low (<0.4)",272.050910385848,138.627150934704,8.09302615672042
"YPL009C",-0.0192404367614912,"low (<0.4)",81.0992000562647,48.0706460119373,6.35929625988091
"YPL008W",0.151763475490148,"low (<0.4)",20.2754007343626,7.64510937106758,4.41111440104221
"YPL007C",-0.167298388031849,"low (<0.4)",22.3098179157828,7.16068834974484,4.54286582981218
"YPL006W",0.103306198848305,"low (<0.4)",35.7954251768907,28.4751452929996,5.20145450016711
"YPL005W",-0.162191506731852,"low (<0.4)",15.8380060946317,4.28107882136533,4.07364940385586
"YPL004C",0.240516185681467,"low (<0.4)",589.587701775479,156.966315156688,9.20600750430236
"YPL003W",0.232665249696892,"low (<0.4)",39.9260435202709,9.62591959397817,5.35494729747137
"YPL002C",-0.138887663112766,"low (<0.4)",53.5341088742916,2.85095165313659,5.76908695434677
"YPL001W",-0.0533617076560493,"low (<0.4)",42.3622943218137,14.6765114591552,5.43836918735254
"YPR001W",0.224817915502402,"low (<0.4)",10.402493914414,2.06635859963359,3.5112774951074
"YPR002W",0.119801238273361,"low (<0.4)",15.2051403296208,3.90274622133387,4.01837960872247
"YPR003C",0.10749129042926,"low (<0.4)",18.2467442510793,6.12945261085828,4.26654251731449
"YPR004C",0.475315285729961,"moderate (0.4-0.7)",133.793014620303,28.6981424612852,7.07460192343268
"YPR006C",0.605256502808295,"moderate (0.4-0.7)",13.7167310439784,6.94128553507623,3.87938534302241
"YPR008W",0.282361678872954,"low (<0.4)",79.3333644421065,31.4011192583687,6.32792739418678
"YPR009W",0.361171822345524,"low (<0.4)",31.4598316919515,14.4763519510039,5.02058361424902
"YPR010C",-0.0370004485124416,"low (<0.4)",104.602261060596,50.6869172459534,6.72249691448991
"YPR010C-A",0.387723430784733,"low (<0.4)",584.423283798971,92.2549156053377,9.19333631637771
"YPR011C",0.281169024892193,"low (<0.4)",31.1562264436551,12.0549311506747,5.00702621003459
"YPR013C",0.2792296852164,"low (<0.4)",60.3440075913151,10.2825005139754,5.93885051553945
"YPR015C",0.306668899949513,"low (<0.4)",11.534117011969,2.63179055369937,3.64778846143632
"YPR016C",0.204696405715425,"low (<0.4)",261.551568703268,43.1086430189839,8.03645700533676
"YPR017C",0.225267729110271,"low (<0.4)",37.1893256699025,19.27955366377,5.25509754060645
"YPR018W",0.0143951685262531,"low (<0.4)",42.2877526541053,9.22340797226325,5.43588699779525
"YPR019W",0.115736225988,"low (<0.4)",37.1810583150848,10.6516978883915,5.2547851872773
"YPR020W",0.61915290927755,"moderate (0.4-0.7)",358.485288773869,121.632890586315,8.48978892219938
"YPR021C",0.0283464112516347,"low (<0.4)",26.2243702381678,8.61897922117705,4.76682677138581
"YPR022C",0.00453162121748188,"low (<0.4)",24.0156623419132,10.4143417129139,4.64475974608839
"YPR023C",0.20082720833999,"low (<0.4)",121.348977742495,45.0570784738111,6.93485823715039
"YPR024W",0.216577313188782,"low (<0.4)",108.389219709446,33.4089054050894,6.77332675753908
"YPR025C",0.0583830105003845,"low (<0.4)",52.8378217870525,12.374210098044,5.75054813632543
"YPR026W",0.144897663979181,"low (<0.4)",29.5184929698761,7.23548500276427,4.93161181726403
"YPR027C",0.0475975841031277,"low (<0.4)",7.12410825167624,0.409116565957942,3.02220946330664
"YPR028W",0.181671066795262,"low (<0.4)",678.786142687437,311.840045394276,9.4089371428872
"YPR029C",0.223947009712621,"low (<0.4)",58.670004666368,23.8015850515486,5.89893398460313
"YPR030W",0.370911220994319,"low (<0.4)",25.4480509499729,5.50895113770627,4.72508950386504
"YPR031W",-0.00720917794172168,"low (<0.4)",19.013769139399,6.13676967539601,4.32292098660137
"YPR032W",-0.0910147005940812,"low (<0.4)",21.0247634339473,8.33667603297977,4.46105461825534
"YPR033C",0.0709627067526209,"low (<0.4)",161.578990907577,56.8664611418949,7.34499702854229
"YPR034W",-0.0153242620785484,"low (<0.4)",66.9595731957912,21.378414611309,6.08660488692908
"YPR035W",0.209195430388847,"low (<0.4)",978.869385622692,165.589602722515,9.93644564382609
"YPR036W",0.273935235114574,"low (<0.4)",374.600417704471,124.267383451875,8.55305485718556
"YPR036W-A",0.35383617702679,"low (<0.4)",9329.98388256905,541.32615449311,13.1878134951781
"YPR037C",0.151614482964879,"low (<0.4)",51.0488580819065,17.8563102111719,5.7017946069684
"YPR040W",0.19128790760163,"low (<0.4)",68.4654523443859,19.5353074979415,6.11822374720677
"YPR041W",0.204640852719746,"low (<0.4)",227.58099093664,80.6672404183985,7.83656162210346
"YPR042C",0.136481311183757,"low (<0.4)",18.4727594532671,3.11951020313432,4.28338543541483
"YPR043W",0.0912137162906692,"low (<0.4)",15.0973892302413,805.926714468878,9.65629384286472
"YPR045C",0.0906389545395875,"low (<0.4)",43.5961573953947,9.34824730702591,5.4788475013236
"YPR046W",0.122129936709556,"low (<0.4)",32.8819717971119,7.48844923282023,5.08244593116132
"YPR047W",0.0403598398612976,"low (<0.4)",33.6342737540063,10.0185614667693,5.11412851716926
"YPR048W",0.0232281838574157,"low (<0.4)",28.7270074299941,8.92395842343688,4.89370233165425
"YPR049C",0.146869948331938,"low (<0.4)",24.8739627179443,12.612030698297,4.69342912129936
"YPR051W",-0.014381520884554,"low (<0.4)",21.7338503507322,12.6000883305257,4.50677014382426
"YPR054W",0.00638778511673081,"low (<0.4)",14.7925190748114,0.341627153856808,3.98116940964924
"YPR055W",0.187888080055808,"low (<0.4)",26.9983356605587,8.94698654722018,4.8072691647139
"YPR056W",0.0950441274335912,"low (<0.4)",38.1175546365261,13.7139503446328,5.28974428051429
"YPR057W",0.207972524039454,"low (<0.4)",46.1209595311902,15.0214687122609,5.55829701217108
"YPR058W",0.341300951419544,"low (<0.4)",37.9230340761305,25.4060655835335,5.28255226841795
"YPR060C",0.0752310445042763,"low (<0.4)",90.846402089565,41.041573736616,6.52115130246015
"YPR061C",0.1158406282981,"low (<0.4)",17.830077829334,5.85946726138496,4.23496705786458
"YPR062W",0.148939828980222,"low (<0.4)",317.907571898993,108.057270808041,8.31699454202605
"YPR063C",0.434881596721333,"moderate (0.4-0.7)",168.983054998888,112.940357597594,7.4092471262111
"YPR065W",0.143707140320277,"low (<0.4)",201.926862091859,18.517771840702,7.66481604176736
"YPR066W",-0.0667274363469155,"low (<0.4)",12.615178994815,2.07757144580607,3.76714404408762
"YPR067W",0.251245248849104,"low (<0.4)",59.18550160917,23.8210357281803,5.91134408559791
"YPR068C",-0.107680422648891,"low (<0.4)",12.9576132773277,2.5685367841415,3.80298035969093
"YPR069C",0.378868948436435,"low (<0.4)",179.443699362664,120.816314765942,7.49540495862952
"YPR070W",0.023095760418258,"low (<0.4)",30.7491320139497,2.44245613427778,4.98864524562925
"YPR072W",0.0265271318356785,"low (<0.4)",96.8974575534587,35.3057109563885,6.61319948768215
"YPR073C",0.424620135078622,"moderate (0.4-0.7)",154.760740968226,33.8683708645524,7.28318784199541
"YPR074C",-0.0782130131740698,"low (<0.4)",540.315747653564,233.673913081225,9.08032654851125
"YPR075C",0.0129256043185908,"low (<0.4)",117.726495071861,18.7647506035654,6.8914981133256
"YPR078C",0.274032645733703,"low (<0.4)",5.16928921325313,0.684316764657485,2.62510428068986
"YPR079W",0.400501488571432,"moderate (0.4-0.7)",46.3897168950844,12.1216104058278,5.56650213726159
"YPR080W",0.157983207582926,"low (<0.4)",5350.6357293128,1820.53390087815,12.385764203818
"YPR081C",0.232701166689353,"low (<0.4)",32.8277798039973,9.68499438676896,5.08013658768959
"YPR082C",0.206868403263151,"low (<0.4)",79.3740330630765,19.5909422452443,6.32865757114138
"YPR083W",0.246268533835044,"low (<0.4)",20.9692763225701,5.57805281558489,4.45741544243486
"YPR084W",0.149437113533619,"low (<0.4)",34.1558746775379,7.89922725487315,5.13569388404231
"YPR085C",0.346896842007742,"low (<0.4)",38.0923821559857,18.1128119951818,5.2888155950918
"YPR086W",0.345502858954158,"low (<0.4)",149.63432467837,36.8281582996216,7.23490674066657
"YPR088C",-0.062240805205834,"low (<0.4)",117.8237393078,47.7332160947569,6.8926792848378
"YPR089W",0.254133380408658,"low (<0.4)",39.3544068478498,16.104232894408,5.33465432453372
"YPR091C",0.283265407359258,"low (<0.4)",43.5914790199323,16.8389230697335,5.47869614695754
"YPR093C",0.270211736643101,"low (<0.4)",39.9854916354466,13.7554150757669,5.35704139852441
"YPR094W",0.159958235979679,"low (<0.4)",99.5132088741798,16.0620369602177,6.65124129441355
"YPR095C",0.27681732543183,"low (<0.4)",19.5527623767419,11.6037962344139,4.36126040603989
"YPR096C",-0.252275128994423,"low (<0.4)",4.41484543319415,0.250599468980836,2.43692015667997
"YPR097W",0.0683332131677644,"low (<0.4)",37.8056573163858,17.1662755198481,5.27819508717939
"YPR098C",0.329706220696033,"low (<0.4)",137.70242590166,47.1252460699504,7.11584921035396
"YPR100W",0.293174511421402,"low (<0.4)",53.6336272698281,76.5979239220805,6.27794614952418
"YPR101W",0.0853024374849711,"low (<0.4)",65.2653141710295,18.6872852757899,6.05018200040053
"YPR102C",0.0985455333701938,"low (<0.4)",1438.25948825701,785.979667123843,10.4911110078536
"YPR103W",0.233444335851559,"low (<0.4)",422.093859469627,86.0585156331211,8.72483393721089
"YPR104C",0.105200787673539,"low (<0.4)",27.3110951530654,6.100051397256,4.82329565272647
"YPR110C",0.111462392537072,"low (<0.4)",180.577700953004,41.6361672022327,7.50444322995953
"YPR111W",0.417486828513025,"moderate (0.4-0.7)",32.1973860652941,7.80290400534052,5.05299774431798
"YPR112C",0.102685250135086,"low (<0.4)",64.0449130981964,38.0466325033792,6.02336432884859
"YPR113W",0.115184979050249,"low (<0.4)",230.069419343258,85.3622375419318,7.85218253014663
"YPR114W",0.107725605211763,"low (<0.4)",136.181839800666,76.36253950847,7.09994569924751
"YPR115W",0.118535319444583,"low (<0.4)",44.2064161188136,7.69622446683736,5.49845564287911
"YPR116W",0.256108712464745,"low (<0.4)",11.4839665637067,8.16013504925519,3.64200449323604
"YPR117W",0.0120405424295072,"low (<0.4)",17.9299887802815,14.5485090560378,4.24260165085042
"YPR118W",0.21007966957227,"low (<0.4)",80.9732586365243,43.2849711782305,6.35708144456292
"YPR119W",0.108880651675097,"low (<0.4)",52.5820976877995,2.52008072300761,5.74367915730218
"YPR120C",0.0100363306318527,"low (<0.4)",31.4117855056618,11.6747590375761,5.01844659314912
"YPR122W",0.886947546773027,"high (>=0.7)",7.13140980161228,2.841812435949,3.0235055045103
"YPR124W",0.308904407173357,"low (<0.4)",90.0427761860477,14.9545478537023,6.50847264559839
"YPR125W",0.152352354034074,"low (<0.4)",43.0382244049438,28.7733208088389,5.46068439635496
"YPR127W",0.165466183536925,"low (<0.4)",132.658609497605,25.380824235815,7.062408960236
"YPR128C",0.131860089277243,"low (<0.4)",60.0182142663911,20.1914876116101,5.93116805411039
"YPR129W",0.0981672330762517,"low (<0.4)",76.0042318366164,68.8287302058115,6.26686582747331
"YPR131C",0.0409837629337134,"low (<0.4)",66.208386917458,17.5970910092416,6.07056937267161
"YPR132W",0.198824075017485,"low (<0.4)",1255.03848231731,1895.181332201,10.8888812207115
"YPR133C",0.113804301869661,"low (<0.4)",136.306672181811,40.3818482517754,7.10125792224975
"YPR133W-A",0.0178517615369724,"low (<0.4)",613.677171311557,154.829535686529,9.26368509513593
"YPR134W",0.111909476048125,"low (<0.4)",40.3845955717028,17.1548309964226,5.37102195372414
"YPR135W",0.131004505884042,"low (<0.4)",21.6440701760277,8.98333440000444,4.50106139470925
"YPR137W",-0.0328651300356212,"low (<0.4)",49.6105104410186,25.8738349716017,5.66136511985665
"YPR138C",-0.142481453704866,"low (<0.4)",67.2556445036496,10.8094624845691,6.09287645169938
"YPR139C",0.0308298466939364,"low (<0.4)",75.8138762977702,18.4620805662235,6.26329504981357
"YPR140W",-0.012237010538411,"low (<0.4)",52.708323888384,7.16538750917562,5.74707379393344
"YPR141C",-0.120059425278631,"low (<0.4)",25.7633122346277,8.72705749989485,4.74218477023753
"YPR157W",0.193544708317394,"low (<0.4)",16.9773550601166,4.51142103279709,4.16810887311767
"YPR158W",0.0420872634497865,"low (<0.4)",97.0931787565414,17.1529655978149,6.61608091210389
"YPR159W",-0.12015672642031,"low (<0.4)",179.391195210368,12.4957256389352,7.49498511297812
"YPR160W",0.365122285252901,"low (<0.4)",358.620500326402,34.7165740838822,8.49033145444308
"YPR161C",0.0031298546619187,"low (<0.4)",47.0288665626317,17.2772186634121,5.5858298575796
"YPR162C",-0.131043113576525,"low (<0.4)",25.4529902887275,5.9101347719554,4.72535891102151
"YPR163C",0.153739369532271,"low (<0.4)",320.016158215967,136.886568891141,8.32650210641
"YPR164W",-0.232599144948675,"low (<0.4)",22.3383506192964,11.8947804457879,4.54463070060082
"YPR165W",0.2267848376784,"low (<0.4)",860.454136006575,206.787585371774,9.75063017889212
"YPR166C",0.0563266434318518,"low (<0.4)",168.277660702069,33.3327101866341,7.40324778544869
"YPR167C",0.842865041962112,"high (>=0.7)",100.689616385144,38.5928797568311,6.66802856164995
"YPR168W",0.0462123428141745,"low (<0.4)",35.2297331552023,3.96381893218285,5.17910227475849
"YPR169W",0.0128729265938757,"low (<0.4)",100.562731650957,44.5053408627319,6.66622729340066
"YPR170W-B",0.316801132867002,"low (<0.4)",76.1096073666851,60.6933005118385,6.2688387168535
"YPR171W",0.18789900857354,"low (<0.4)",32.8116273857141,17.1089675911928,5.07944755107124
"YPR172W",0.0644489896319226,"low (<0.4)",121.087271794836,28.3237555094081,6.93176898980807
"YPR173C",-0.0396373270561316,"low (<0.4)",168.289621824901,35.5893519735821,7.40334972236634
"YPR174C",0.201202019025814,"low (<0.4)",49.1453562630722,20.0008041031896,5.6480442003822
"YPR175W",0.151528927316366,"low (<0.4)",28.0797368156321,5.13992928058813,4.8619423071813
"YPR176C",0.349738727150686,"low (<0.4)",76.0130910393,25.9456230825137,6.2670317974766
"YPR178W",0.13368672063515,"low (<0.4)",26.5376118251837,11.3617963378262,4.78333154334499
"YPR179C",-0.0497622422108317,"low (<0.4)",29.3112924029295,7.24282428693356,4.92178346147832
"YPR180W",-0.093594899640601,"low (<0.4)",58.8941159030058,20.8458581885982,5.90434237211637
"YPR181C",0.107705250947544,"low (<0.4)",178.563100685186,61.1902562601079,7.48834710373003
"YPR182W",0.288657856778558,"low (<0.4)",132.259016295524,68.0616455960502,7.05808933870497
"YPR183W",0.32627415816844,"low (<0.4)",288.97127585836,180.197952080032,8.17976618577655
"YPR184W",0.324662118474604,"low (<0.4)",95.088265337635,13.0330427027398,6.58628834926924
"YPR185W",0.282454284604104,"low (<0.4)",43.2587758744015,13.9470007897053,5.46789164398487
"YPR186C",0.00393570451818524,"low (<0.4)",25.8706705639385,6.12978494320751,4.7479604194836
"YPR187W",0.301111758350456,"low (<0.4)",292.954922498565,125.025966619333,8.199451126898
"YPR188C",0.256803068965199,"low (<0.4)",122.330816028342,35.7535021647894,6.94638951325064
"YPR189W",0.083666473941906,"low (<0.4)",24.6217091612528,18.6810198840169,4.67929481241774
"YPR190C",0.0598171419233271,"low (<0.4)",56.6609134033459,17.6118612390468,5.84952178555369
"YPR191W",0.564767749646491,"moderate (0.4-0.7)",394.630749693704,90.4270579583256,8.62801075112598
"YPR193C",0.0853449429365808,"low (<0.4)",39.6905523681689,5.56983165865353,5.34662195980155
"YPR194C",0.0647148043312054,"low (<0.4)",21.7390674867313,1.57556682800972,4.50710118641508
"YAL067C",0.595961033460621,"moderate (0.4-0.7)",4.11043004342261,1.57955576306972,2.35344469926625
"YAL065C",0.0183366489331607,"low (<0.4)",22.920963452156,1.02667639073478,4.58020359226852
"YAL062W",0.156063705650816,"low (<0.4)",20.211113257464,3.74242836935226,4.40674843706061
"YAL037C-A",NA,NA,1145.27453015333,0,10.1627368923336
"YAL034W-A",0.128693417087867,"low (<0.4)",22.1770480267712,6.74229721199328,4.53462492230423
"YAL020C",0.244463389216636,"low (<0.4)",19.4403551903204,8.39568875613805,4.35334836097021
"YAL008W",0.174161714575842,"low (<0.4)",129.254057039465,24.4218980728623,7.02518449878187
"YAR029W",0.857872588764333,"high (>=0.7)",47.3949817611257,3.4698487166403,5.59678555222847
"YAR031W",0.52395601255853,"moderate (0.4-0.7)",10.5645546854005,3.61661097804631,3.53163780828614
"YAR035W",-0.0885497661710359,"low (<0.4)",28.0804678055969,2.37010424796798,4.86197857237686
"YAR035C-A",0.000601800562935749,"low (<0.4)",17.6901614455545,0.0237226715089553,4.22420712601938
"YAR068W",0.733808390724777,"high (>=0.7)",75.1539353917214,34.0078964241931,6.25084668739006
"YBL100W-C",0.24389398452058,"low (<0.4)",17.8160107900498,0.126645503560203,4.23388888748863
"YBL054W",0.00393334508289354,"low (<0.4)",35.7295698517335,11.4947069879062,5.19887009532925
"YBR010W",0.310933013937012,"low (<0.4)",1134.28141156146,414.935439222938,10.1488342392195
"YBR013C",0.262211359651086,"low (<0.4)",24.74610407933,0.457535397818614,4.68628223395341
"YBR017C",0.0644072732727044,"low (<0.4)",56.6250808005333,31.8214016554561,5.84862496334382
"YBR018C",0.426187989093901,"moderate (0.4-0.7)",22.2210899185852,1.79289562875007,4.53736378385377
"YBR019C",-0.113560556375705,"low (<0.4)",24.9371080022879,0.766483717776578,4.69694572238161
"YBR020W",0.815563021200825,"high (>=0.7)",23.0430144641276,6.65199965164695,4.58754588443916
"YBR048W",0.114462487646686,"low (<0.4)",681.517013051182,1035.47848988806,10.0174744610671
"YBR060C",0.0860383176982418,"low (<0.4)",26.7060527032198,10.8069549677869,4.79212927878005
"YBR072C-A",-0.0225485616176029,"low (<0.4)",7.74899498832712,0.0820137859151078,3.12911730167285
"YBR073W",0.727322032388154,"high (>=0.7)",12.1020385540203,4.70716517809125,3.71171939389947
"YBR092C",0.441628696129419,"moderate (0.4-0.7)",145.026840955807,44.5159624884165,7.1900897626799
"YBR093C",0.278979029024623,"low (<0.4)",68.2502363583954,8.12164891255096,6.11374709012865
"YBR181C",0.138534303321895,"low (<0.4)",1022.61350327283,698.835883104552,9.99945536897726
"YBR218C",0.253947826212042,"low (<0.4)",110.180656729461,33.7870238058927,6.79676199880801
"YBR298C",0.679135095934328,"moderate (0.4-0.7)",52.7497842912952,9.53366374609882,5.74818705977545
"YCL042W",0.027170080283535,"low (<0.4)",22.2343214232029,0.483037286571545,4.53818560529762
"YCL021W-A",0.192961552215937,"low (<0.4)",11.5857089244857,0.454726413757067,3.65371457741998
"YCL018W",0.512505639678906,"moderate (0.4-0.7)",236.918693935735,46.7298897630772,7.89432482256682
"YCL009C",0.486438344467244,"moderate (0.4-0.7)",544.274735959411,312.123360433829,9.09083950285078
"YCL008C",0.326721685202571,"low (<0.4)",47.960692199389,19.6774430091626,5.61355204968195
"YCL001W-A",0.121816394064673,"low (<0.4)",3.54386341307676,0.253265908064135,2.18391946859294
"YCL001W-B",0.230750638081385,"low (<0.4)",14.4051068265872,0.307453126213366,3.94533678165627
"YCR041W",0.541659312243474,"moderate (0.4-0.7)",13.9859890600312,3.34601412799949,3.90554239828598
"YCR060W",-0.0537695154106764,"low (<0.4)",76.5896329751591,9.4824174239737,6.27779199659777
"YCR077C",-0.153603974026609,"low (<0.4)",65.0841890574472,24.7125733186676,6.04623323656076
"YCR097W",0.51186897319999,"moderate (0.4-0.7)",69.5074760321064,19.0511475040651,6.13970433201036
"YCR098C",0.227973436568265,"low (<0.4)",26.4894492649706,3.56313353288078,4.78080609847687
"YCR099C",0.0677447256661926,"low (<0.4)",9.9216892256852,0.265178798815701,3.44912410581954
"YCR100C",0.237447684204376,"low (<0.4)",6.69375137822375,0.113899280576688,2.94368721003497
"YCR101C",0.248953642626031,"low (<0.4)",6.72575863543036,0.352765883998595,2.94967660626425
"YCR105W",-0.119325735226335,"low (<0.4)",27.0063640196267,2.545334625514,4.8076827897832
"YCR106W",0.718221052117784,"high (>=0.7)",10.9673205924797,6.99332268155517,3.58102827301272
"YCR107W",0.19069737284398,"low (<0.4)",26.9890074126555,1.98807133906497,4.80678841973205
"YDL243C",0.833911775741674,"high (>=0.7)",73.5086995542978,41.1190453055539,6.21933697779244
"YDL241W",0.208101210395901,"low (<0.4)",20.6008134451562,1.76159467581572,4.43301373742405
"YDL226C",0.148921684130589,"low (<0.4)",116.153267897997,52.0358595807728,6.87225338737721
"YDL061C",0.148702728126928,"low (<0.4)",571.358789567127,949.865962319523,9.89309817741603
"YDL009C",0.324986248956009,"low (<0.4)",78.3152019840733,0.092748582763778,6.30952550211691
"YDR034C-A",0.111594307319545,"low (<0.4)",10.671558183492,0.522640924660797,3.54492527234515
"YDR036C",-0.077206498541062,"low (<0.4)",55.5065331815329,16.8015425345694,5.82034577380819
"YDR037W",0.620569061295855,"moderate (0.4-0.7)",404.867807503175,158.279148738189,8.66486610311068
"YDR038C",0.282477512268684,"low (<0.4)",17.1331089059448,3.54882830707275,4.18055439000115
"YDR055W",0.380016834144429,"low (<0.4)",401.28316443167,60.7414956614841,8.65206755214997
"YDR104C",0.0366250037691949,"low (<0.4)",12.0592830579925,10.2824722820199,3.70700379138348
"YDR155C",0.15527078989861,"low (<0.4)",1712.98875377635,2899.62086619316,11.5021460210086
"YDR169C-A",0.0192668188097523,"low (<0.4)",10.5697542370386,0.0196376825613488,3.53228631414942
"YDR206W",-0.162546007705215,"low (<0.4)",48.4815852739227,6.63384019272682,5.62881981650703
"YDR207C",-0.00249486295375037,"low (<0.4)",28.7207636175724,7.95099544881848,4.89339927850048
"YDR213W",0.0147269241527249,"low (<0.4)",32.5579267315625,3.69176851795824,5.06858168115113
"YDR249C",0.231061427268282,"low (<0.4)",22.7360480424928,6.88988153300269,4.56900784688036
"YDR259C",0.518171145725664,"moderate (0.4-0.7)",64.9056464832754,10.7948011808376,6.04233016868591
"YDR312W",0.16134842022503,"low (<0.4)",38.3911139108777,11.0036993739426,5.29979830927463
"YDR334W",0.0383654433574029,"low (<0.4)",36.9604910250265,30.8654568887384,5.24642674885832
"YDR342C",0.557077679743997,"moderate (0.4-0.7)",513.410732353197,37.7882732956351,9.00677693226798
"YDR345C",-0.078318033996301,"low (<0.4)",424.868259692726,139.557870568821,8.73426339843663
"YDR398W",0.212001729718948,"low (<0.4)",58.184387549983,22.1030963667934,5.88714474751868
"YDR461C-A",0.263252923166417,"low (<0.4)",84.0784726592508,5.5862334507348,6.41072222895342
"YDR504C",0.071116184806602,"low (<0.4)",43.5187464111573,6.57804870256698,5.47634106376064
"YDR517W",0.43316476104813,"moderate (0.4-0.7)",164.097511381022,64.9425014201797,7.36717456353699
"YDR523C",0.30637241029851,"low (<0.4)",3.08027576945848,0.308227178673606,2.02866666145787
"YDR534C",-0.133349390455909,"low (<0.4)",4.35270142906428,1.1653071960231,2.420267182109
"YDR536W",0.411023804408062,"moderate (0.4-0.7)",18.5878411583994,13.7990248945581,4.2918864970004
"YDR540C",0.400811886472746,"moderate (0.4-0.7)",39.0544022247662,2.55375407354763,5.32388890727954
"YEL073C",0.619254882654027,"moderate (0.4-0.7)",94.2842458013624,3.30158470958457,6.57416579503414
"YEL067C",-0.0701901025601238,"low (<0.4)",9.44535144825149,0.0323741663843809,3.38478912957286
"YEL033W",0.307639004276921,"low (<0.4)",579.02030841322,1346.96877891124,10.39657136647
"YEL021W",0.261762457259515,"low (<0.4)",141.001417892142,59.7352089052609,7.14976152496771
"YEL017C-A",0.206931597144425,"low (<0.4)",1336.08511836938,626.769407361274,10.3848755944768
"YER011W",0.522637573017327,"moderate (0.4-0.7)",550.262146064,99.5553693681551,9.10659472797006
"YER014C-A",-0.111483545746382,"low (<0.4)",3.52859093440899,0.295533193326296,2.17906222727651
"YER056C",0.28085216220253,"low (<0.4)",212.03673429317,66.9147707568118,7.73495840808121
"YER060W-A",-0.0457353779518754,"low (<0.4)",20.3878098945447,2.36559333100625,4.41871685340492
"YER066W",-0.0348953495905171,"low (<0.4)",26.0972088685354,1.62383859980439,4.76007235019707
"YER134C",0.103840154485872,"low (<0.4)",27.3974206483255,22.5397862659029,4.82768798986857
"YER162C",0.294118550526541,"low (<0.4)",27.6976866872064,10.7045183546499,4.84286254121671
"YER172C",-0.0410374495885152,"low (<0.4)",20.8949830210349,29.4279401693906,4.92732476827361
"YER180C",0.367082932668523,"low (<0.4)",31.8916790772616,10.7259056783294,5.03965075263828
"YER180C-A",-0.122882293962457,"low (<0.4)",40.2146109645538,1.59070978879518,5.36508397184154
"YER182W",-0.193330634220932,"low (<0.4)",101.207171476192,23.3213064426856,6.67535261785213
"YER183C",0.107632779562898,"low (<0.4)",56.7891706826931,16.8896947854424,5.85272726120941
"YER184C",0.191222473848123,"low (<0.4)",20.4531926887298,4.36504187153457,4.42312046211986
"YER185W",0.653759322014831,"moderate (0.4-0.7)",16.7766328139029,19.8432055187976,4.38150526455956
"YER186C",0.533632598293547,"moderate (0.4-0.7)",36.879346945127,7.73638529229876,5.24333955327686
"YER187W",0.707758267446335,"high (>=0.7)",42.1188986537171,3.93219067311189,5.43024842401877
"YFL067W",0.070219209075229,"low (<0.4)",26.1892123259503,0.0138435816748542,4.7649624518438
"YFL056C",0.187379365223163,"low (<0.4)",133.112077553615,8.57784851868722,7.06729535574274
"YFL054C",0.615309828722385,"moderate (0.4-0.7)",22.995920921598,4.21757778820967,4.58471727712369
"YFL051C",0.342706549943182,"low (<0.4)",46.0249865854648,2.11155271513487,5.55535562708695
"YFL010W-A",-0.034239264954212,"low (<0.4)",140.012140461961,0.0142245983026467,7.13967556679784
"YFL009W",0.0140611598776915,"low (<0.4)",45.1431193757129,16.1613110694813,5.52804363154269
"YFL008W",0.0685651484921732,"low (<0.4)",44.8903816961504,15.663413358395,5.52011990139465
"YFR026C",0.777214965629459,"high (>=0.7)",45.6308330533352,20.3891266417257,5.54321229834128
"YFR027W",0.0916718728531361,"low (<0.4)",28.1100448291544,2.74972589846715,4.86344515608452
"YFR035C",-0.111909008378554,"low (<0.4)",48.5837375128246,0.213631297458769,5.63179511758247
"YFR055W",0.539786698018419,"moderate (0.4-0.7)",88.2733629657215,7.58081888696015,6.48015786877975
"YGL263W",0.709919312270718,"high (>=0.7)",13.2524973021813,3.51114177852943,3.83314282327431
"YGL262W",0.814733357600059,"high (>=0.7)",20.7429710268145,1.42951263080833,4.44247718303514
"YGL259W",0.262814885368121,"low (<0.4)",6.34230756376951,0.0177942105433428,2.87623354911893
"YGL258W-A",0.525601129776286,"moderate (0.4-0.7)",11.8978539813181,0.304312036414842,3.68905913665489
"YGL258W",0.050206171177573,"low (<0.4)",16.3753542133169,8.73154243709427,4.11897048375009
"YGL166W",0.203668266954705,"low (<0.4)",20.3372683966848,41.9448364575817,5.42441277188862
"YGL147C",0.156686975896803,"low (<0.4)",1051.0197187757,1012.23619411198,10.038946031035
"YGL097W",0.2022578586261,"low (<0.4)",94.7079940773154,31.5776004920893,6.58056752674636
"YGL053W",0.693065511143601,"moderate (0.4-0.7)",19.65482739857,0.513017452888823,4.36840709929502
"YGL051W",0.2681059833281,"low (<0.4)",9.42456999125115,1.1424354954849,3.38191596927343
"YGL049C",0.111588479323018,"low (<0.4)",65.6810560823738,31.2214254968689,6.0592050485329
"YGL007C-A",-0.00044896266372152,"low (<0.4)",27.4181940597373,0.77137491471663,4.82874297093727
"YGL006W-A",-0.283018565828464,"low (<0.4)",11.8710172534034,0.819892620601837,3.6860541755201
"YGR063C",0.126694060266992,"low (<0.4)",71.0663202259003,38.0506740701048,6.1712532767481
"YGR074W",-0.0578525628371033,"low (<0.4)",16.8829262359104,34.9012962148263,5.16596402832128
"YGR108W",0.47721394018418,"moderate (0.4-0.7)",88.5277740872608,20.4823848169386,6.48426341214641
"YGR109C",0.153170101464393,"low (<0.4)",14.6505703462248,3.3000283237438,3.96814332844633
"YGR123C",0.583233104220972,"moderate (0.4-0.7)",43.7232576295631,18.5800412218247,5.48295337239867
"YGR174W-A",-0.068250768038835,"low (<0.4)",88.7445942574417,0.91725030470034,6.48775313607534
"YGR189C",0.343057466855267,"low (<0.4)",504.283480312869,148.004016959733,8.98094920317549
"YGR237C",0.423437694522348,"moderate (0.4-0.7)",55.1326043705153,47.5686651102336,5.81076709210388
"YGR238C",0.184769411543088,"low (<0.4)",20.7011811675523,6.31291101049306,4.43970166374119
"YGR254W",0.206481533317488,"low (<0.4)",2604.38077439772,835.649353839748,11.3472785213465
"YGR287C",0.459450686190532,"moderate (0.4-0.7)",45.735140209996,4.90261938430504,5.54643581703852
"YGR288W",0.528062222558833,"moderate (0.4-0.7)",13.8106418378939,0.348692453001472,3.88856225788293
"YGR292W",0.755247585498864,"high (>=0.7)",39.7161464142606,1.36248319643574,5.34752911867524
"YHL048W",0.879168641962039,"high (>=0.7)",43.697362141732,12.7658848046123,5.48211778675824
"YHL047C",0.155224537856157,"low (<0.4)",23.9799371401907,3.40636157418539,4.64269794142294
"YHL044W",0.408680581131367,"moderate (0.4-0.7)",9.89309446277787,0.87089157832042,3.44534194168185
"YHL015W-A",0.0268187130351907,"low (<0.4)",22.1289074813653,0.0547575662218192,4.5316252152306
"YHR043C",0.662893994512764,"moderate (0.4-0.7)",172.974407124609,39.4266983431392,7.44273128073337
"YHR044C",0.359252973146725,"low (<0.4)",48.6932803310797,17.9624380773766,5.63497887447265
"YHR057C",0.236103336226352,"low (<0.4)",122.925649409719,42.2104597291276,6.95333100878249
"YHR091C",0.220050879234111,"low (<0.4)",20.8674591235167,9.2274998531949,4.45071369191438
"YHR092C",0.04107631048184,"low (<0.4)",573.416371952046,35.9483379443431,9.16595305905655
"YHR094C",0.419552238476268,"moderate (0.4-0.7)",41.0049562654792,91.0978255071361,6.5250951885861
"YHR096C",0.23775799499569,"low (<0.4)",145.612785093781,45.867467890512,7.1958671062556
"YHR098C",0.288137214918051,"low (<0.4)",83.8334851958462,42.4070636233769,6.4065619279608
"YHR129C",0.771696507219822,"high (>=0.7)",27.0087546974747,6.44383201255838,4.80780593578938
"YHR131C",0.0767524601790185,"low (<0.4)",24.6777921064573,4.45912276947806,4.68244925318851
"YHR174W",0.11063013291147,"low (<0.4)",5625.56649011608,7033.90434464298,12.7803150915713
"YHR175W",0.121973903724538,"low (<0.4)",96.0507851429401,18.7877118836399,6.60066797930744
"YHR175W-A",0.0193666710128897,"low (<0.4)",179.498167179416,11.1745071119977,7.49584037749885
"YHR176W",0.553662800748404,"moderate (0.4-0.7)",21.2451815596134,9.43673405454291,4.47542096836555
"YHR211W",0.175918252401031,"low (<0.4)",16.2732020208956,0.962966054288958,4.11046364222824
"YHR213W-A",0.0416704317082871,"low (<0.4)",9.69502562192572,0.145788638429303,3.41886803363912
"YHR213W-B",0.0878121254122231,"low (<0.4)",9.23553794411926,0.133213596407087,3.35551502225294
"YHR216W",0.770964582359403,"high (>=0.7)",33.5990133204902,12.189219082865,5.11265899119062
"YIL165C",0.283459701849078,"low (<0.4)",43.3736991017907,5.13708563672423,5.47163291970121
"YIL074C",0.764104091822799,"high (>=0.7)",142.636704294756,32.3121071188968,7.16628064602305
"YIL029C",0.327964476104521,"low (<0.4)",12.2769209219058,17.022032775105,4.17168984239637
"YIL011W",0.110601384902467,"low (<0.4)",273.217998269068,41.8094253322211,8.09917945513465
"YIR018W",0.0634489692360882,"low (<0.4)",33.7021910194122,1.5433983579591,5.11695484913326
"YIR018C-A",0.30298211225028,"low (<0.4)",79.6687620806778,0.193841133407156,6.33393821181137
"YIR019C",0.0322326090016636,"low (<0.4)",46.734895717208,2.51981152596649,5.57697240246397
"YIR034C",0.365398049643842,"low (<0.4)",176.79200693187,26.6317156973155,7.47404665556804
"YIR039C",0.34880779757275,"low (<0.4)",6.77513526019885,1.13472774600673,2.95886777331665
"YJL222W",0.165028211799466,"low (<0.4)",6.54935700292789,0.577435170034733,2.91635377182962
"YJL216C",0.0213558111844025,"low (<0.4)",7.12313290799189,0.746003343434341,3.02203624946874
"YJL214W",0.474589546670393,"moderate (0.4-0.7)",5.62186297609851,0.57248885885747,2.72723715785837
"YJL212C",0.578139316369386,"moderate (0.4-0.7)",33.2456186030415,6.44256038768683,5.09784751583633
"YJL174W",0.223538146219976,"low (<0.4)",239.779902922692,61.3952493836395,7.91157117006275
"YJL172W",0.172624921153102,"low (<0.4)",95.0445754894783,17.5414165971857,6.58563222897155
"YJL165C",0.355554078103096,"low (<0.4)",109.407930386047,57.7698116664115,6.78669999158025
"YJL156C",0.143783877460686,"low (<0.4)",26.4743023064016,3.01425029276883,4.78001094014286
"YJL084C",0.150485741036236,"low (<0.4)",28.1873138056364,11.356869502756,4.86726953636776
"YJL020C",0.254653163704371,"low (<0.4)",90.7766771602405,59.9921270381181,6.52005566878481
"YJR017C",0.20569599528375,"low (<0.4)",101.800275080244,71.960820001828,6.68370031477707
"YJR059W",0.341515386735308,"low (<0.4)",113.307842253167,55.3583136924101,6.83678057488126
"YJR121W",0.643098980339295,"moderate (0.4-0.7)",965.082775930105,221.803540056363,9.91600299716665
"YJR127C",0.122191618536698,"low (<0.4)",21.933184223251,4.99615253835386,4.51936477881412
"YJR130C",0.498841331933741,"moderate (0.4-0.7)",44.6873499400862,9.26612207176357,5.51372285743426
"YJR131W",0.340892222117608,"low (<0.4)",32.5834150551996,9.99151841605794,5.06967703846451
"YJR143C",0.077272980660143,"low (<0.4)",72.5569915272454,38.0472632772172,6.20079056977749
"YJR144W",0.60206009475551,"moderate (0.4-0.7)",100.460672618665,41.2378492406071,6.66477681952354
"YJR147W",-0.106433205451409,"low (<0.4)",27.1078986861902,3.30332748481964,4.81290369843387
"YJR148W",0.529844215941571,"moderate (0.4-0.7)",225.118284906083,40.6964057844618,7.820933849165
"YJR149W",0.127599839825671,"low (<0.4)",28.6389141233355,3.72453357395477,4.88942068768712
"YJR150C",0.00305444218559456,"low (<0.4)",160.514988696949,1.81377860576784,7.33552424395312
"YJR151C",0.323900613746104,"low (<0.4)",21.0502188576109,3.56259382458992,4.4627210700907
"YJR154W",-0.0383398113021858,"low (<0.4)",128.290508558812,2.14371139371814,7.01447255805713
"YJR155W",0.278069858296463,"low (<0.4)",230.750303588253,29.681482025268,7.85642741852836
"YKL221W",0.224990600291842,"low (<0.4)",2.57525820639721,0.632499271930476,1.83804743759367
"YKL185W",0.12097966996571,"low (<0.4)",78.7714492703829,27.5004548386777,6.31780058361269
"YKL183C-A",0.0120303148290511,"low (<0.4)",32.8184108659749,1.19677813680681,5.07973696369374
"YKL128C",0.543394327628277,"moderate (0.4-0.7)",74.5832207442071,28.3302225783012,6.23999409076355
"YKL127W",0.783985749509924,"high (>=0.7)",111.514386457746,35.4074714967199,6.81396567072167
"YKL096C-B",0.0886952134812438,"low (<0.4)",7.6061702630041,0.202666600883268,3.1053713826011
"YKL086W",0.291573995234745,"low (<0.4)",53.3058944730036,4.15413009219072,5.76303689449043
"YKL071W",0.146399534306157,"low (<0.4)",23.5315087087201,1.18201549197207,4.61656405848755
"YKL070W",-0.205104507441458,"low (<0.4)",35.322579303968,0.140781690255903,5.18279474842256
"YKL069W",0.255978814938377,"low (<0.4)",79.3674513842716,11.8457298357869,6.32853942671325
"YKL037W",-0.163077261778661,"low (<0.4)",13.1051367544365,0.228005719045045,3.81814874833236
"YKR064W",0.227243212319986,"low (<0.4)",26.7470790391326,8.79390081949315,4.79426400049212
"YKR065C",0.192758211066817,"low (<0.4)",149.910865841937,77.7462028299085,7.23755287590381
"YKR066C",0.400549567611839,"moderate (0.4-0.7)",307.185361403488,27.085181418264,8.26765452621485
"YKR067W",-0.0631667565126231,"low (<0.4)",57.3869799105216,11.6307896115827,5.86757478397979
"YKR068C",0.260843857737888,"low (<0.4)",170.072802547848,40.3143930721992,7.41846660566159
"YKR069W",0.51017010905962,"moderate (0.4-0.7)",62.6590550285424,14.2197518477251,5.99229383628227
"YKR070W",0.105645460937279,"low (<0.4)",68.13723692338,26.7904941210524,6.11139104218753
"YKR071C",0.383908995129096,"low (<0.4)",142.12993990597,45.1760861521667,7.16118167620603
"YKR072C",0.0249495491825046,"low (<0.4)",77.0170414675534,20.8060597462731,6.28571738495687
"YKR074W",-0.00356956285642593,"low (<0.4)",120.748333141585,19.7152882229233,6.92775821025621
"YKR075C",0.191708411698043,"low (<0.4)",66.0613039321347,8.75207824028055,6.06740862988508
"YKR076W",-0.0801787222775843,"low (<0.4)",99.3774555856748,16.6748661758129,6.64929147134488
"YKR077W",0.0773162058222063,"low (<0.4)",45.7679078179468,6.3433093029264,5.54744698551751
"YKR078W",0.13249021498739,"low (<0.4)",18.2061206075863,4.59044387542274,4.26349423724332
"YKR102W",0.265384507412657,"low (<0.4)",4.90882231055641,0.865363489862214,2.56287061500052
"YKR103W",0.0644792734915782,"low (<0.4)",4.51772059160416,1.37751963801368,2.4640724028106
"YKR104W",0.411089422862442,"moderate (0.4-0.7)",6.57031497234004,0.195589492744552,2.92035332657557
"YLL063C",0.363005020005293,"low (<0.4)",7.74420690369941,1.94028017129404,3.12832753817925
"YLL062C",0.544617374655044,"moderate (0.4-0.7)",37.9920359601734,5.02217241683957,5.28510758157879
"YLL061W",0.360802226966593,"low (<0.4)",38.6588786666586,6.85808119160439,5.30957198160891
"YLL060C",0.027189196848852,"low (<0.4)",29.167949385627,1.46913019038875,4.91494472999542
"YLL057C",0.961531159256151,"high (>=0.7)",12.5869796293797,3.22065821177266,3.76415287711405
"YLL056C",0.985489589459607,"high (>=0.7)",33.9016297000008,14.7156062352862,5.12522249823392
"YLL053C",0.61637771119097,"moderate (0.4-0.7)",242.223022780808,19.0869534784938,7.9261359863179
"YLL052C",0.66047129460728,"moderate (0.4-0.7)",171.046687736345,0.933296196913608,7.42665630717744
"YLL039C",0.0411396106338718,"low (<0.4)",884.636409102331,151.761867087206,9.79057072326687
"YLL025W",-0.0226569192556519,"low (<0.4)",233.560571985073,2.43787332480984,7.87381671643131
"YLR037C",0.109641572389867,"low (<0.4)",104.087447308507,3.24853704898847,6.71544653949988
"YLR079W",0.23183323010207,"low (<0.4)",107.053377653487,26.2204060889934,6.75560036005427
"YLR108C",0.206736679529158,"low (<0.4)",97.9358328285432,20.8246849031445,6.62842122943337
"YLR119W",0.109062647806562,"low (<0.4)",39.7517622543693,10.4113872987701,5.34879054295911
"YLR121C",0.596148520436193,"moderate (0.4-0.7)",82.0421744431797,33.5344238062299,6.37577231576668
"YLR125W",-0.0205184060814216,"low (<0.4)",16.3287328324779,1.23823074353688,4.11509425584015
"YLR126C",0.35727977053469,"low (<0.4)",57.8056771260467,26.3177002980963,5.87788353508898
"YLR127C",0.0655973367010778,"low (<0.4)",14.9922162444507,4.54948935546301,3.99929798012953
"YLR130C",0.0830688579688168,"low (<0.4)",118.112310434036,28.968819142825,6.89617871535569
"YLR132C",0.403384161589507,"moderate (0.4-0.7)",27.3989256734519,3.33153943425552,4.82776444874057
"YLR133W",0.0475433240742275,"low (<0.4)",70.4052561800215,20.1702504446118,6.15795837062279
"YLR134W",0.568152010822595,"moderate (0.4-0.7)",101.212176935861,14.0345315231803,6.6754232701842
"YLR135W",0.19818682821197,"low (<0.4)",18.8264240404151,6.90572978209796,4.30935258665582
"YLR136C",0.298648671617428,"low (<0.4)",91.9478105075707,12.7477717888689,6.53834897609373
"YLR137W",0.124668472185527,"low (<0.4)",18.6216718066187,6.50308585098589,4.29437606225315
"YLR138W",0.322054874212199,"low (<0.4)",66.4686839189908,27.462663458868,6.07614611500106
"YLR139C",0.0447549311963684,"low (<0.4)",17.19703053861,15.982218280605,4.18563113999571
"YLR141W",0.157518271207432,"low (<0.4)",13.9162553418929,2.61780213438557,3.89881349390222
"YLR142W",0.45095649636309,"moderate (0.4-0.7)",71.2636708931673,8.3838378311968,6.17519863840463
"YLR143W",0.119154836581583,"low (<0.4)",21.6142689989062,8.72168258948674,4.49916145682185
"YLR144C",0.231769781063683,"low (<0.4)",29.0609724357767,8.36725417925624,4.90981977432065
"YLR145W",0.354418347109749,"low (<0.4)",52.106853417616,13.1264545595954,5.73082614713333
"YLR146C",0.314875737723317,"low (<0.4)",38.4987469965478,17.5895786195532,5.303734982847
"YLR146W-A",-0.129260186066288,"low (<0.4)",82.3958491798822,2.98394930537852,6.38190367380161
"YLR147C",0.168568560907707,"low (<0.4)",117.695427809482,17.6929360199207,6.89112055269364
"YLR148W",0.174298920264512,"low (<0.4)",25.9702136260078,8.1402451012919,4.75329504382319
"YLR149C",0.242656296450922,"low (<0.4)",56.8114178774665,7.34123619818754,5.85328255108067
"YLR150W",0.154037079493363,"low (<0.4)",1605.5459617272,680.155783960102,10.6497465401725
"YLR151C",0.317096367126776,"low (<0.4)",22.1257516713516,3.50216633610046,4.53142835413392
"YLR152C",0.660007354064554,"moderate (0.4-0.7)",45.7931720812717,10.2644040062305,5.54822612633837
"YLR153C",0.0852036325760956,"low (<0.4)",757.661819390947,228.031046805786,9.56731312388378
"YLR162W",0.170932357260097,"low (<0.4)",835.193990316074,0.0681037595995399,9.70769386461773
"YLR163C",0.237310998832409,"low (<0.4)",82.5012578427838,31.6108171322778,6.38372602504745
"YLR164W",0.153982407693148,"low (<0.4)",23.6623776239865,6.23449587091892,4.62423998712537
"YLR165C",0.306755242871118,"low (<0.4)",18.1986200374771,4.39936251293136,4.2629307112173
"YLR166C",0.17386385280284,"low (<0.4)",32.2139123825643,13.012166024643,5.05371576781757
"YLR167W",0.0188516118091104,"low (<0.4)",5959.99808078245,2624.86999701618,12.5413381934773
"YLR168C",0.347482948479526,"low (<0.4)",229.308193973803,37.2606461286601,7.84742193045423
"YLR172C",0.2261772825725,"low (<0.4)",150.092840116977,99.1960885329728,7.23929148646231
"YLR173W",0.059234882677616,"low (<0.4)",35.7584552647141,5.20225061992008,5.20000423505178
"YLR174W",-0.0778937857626518,"low (<0.4)",24.1284796947837,3.53301674564754,4.65125148384789
"YLR175W",0.165202977817921,"low (<0.4)",390.421221113051,170.418550135187,8.61257816435116
"YLR176C",0.0958644969336404,"low (<0.4)",20.5211870342101,5.8606212404921,4.427685749043
"YLR177W",0.0946799656183407,"low (<0.4)",97.8573755356627,14.6979691907145,6.62727670122401
"YLR178C",0.0822144942823644,"low (<0.4)",642.906863677882,68.1909637310816,9.3307082181345
"YLR179C",0.937694973976227,"high (>=0.7)",393.408450636217,123.027558241877,8.62354665315473
"YLR180W",0.61057307723031,"moderate (0.4-0.7)",338.119315124943,161.499802568231,8.40564914766028
"YLR181C",0.343524902025948,"low (<0.4)",71.1685546880962,16.8031860516717,6.17329845724146
"YLR182W",0.39526704919101,"low (<0.4)",39.1337722537208,15.289977896636,5.32674485917785
"YLR183C",0.275810546445873,"low (<0.4)",53.2541942801394,11.4305013149304,5.76166276854132
"YLR185W",0.231385845629535,"low (<0.4)",735.781698934225,1190.22815948609,10.2182340480187
"YLR186W",0.186671452077031,"low (<0.4)",136.757352215963,57.7808140529129,7.10598550837117
"YLR187W",0.156360300827588,"low (<0.4)",20.9460989691069,19.9969940653537,4.45589261104449
"YLR188W",0.00775977441789175,"low (<0.4)",54.4702977407654,17.7512193150471,5.79364356413958
"YLR189C",0.214448637792532,"low (<0.4)",46.4806177960264,18.9060637487157,5.56926680167563
"YLR190W",0.0929434551993013,"low (<0.4)",101.432680026309,58.0252443050542,6.67853225462607
"YLR191W",0.200389017996747,"low (<0.4)",43.6858614675376,9.15347366764446,5.48174653217491
"YLR192C",0.449843259287699,"moderate (0.4-0.7)",439.557613634656,143.603125530102,8.78318688876118
"YLR195C",0.00286299362448446,"low (<0.4)",76.7423797456434,28.8759206978601,6.28062936508944
"YLR196W",0.200736190373701,"low (<0.4)",109.753374587084,42.6166112086951,6.79120684725372
"YLR201C",0.079678881212321,"low (<0.4)",67.800172236938,19.3080426028146,6.10434027151627
"YLR203C",0.242960664768767,"low (<0.4)",120.427765737746,28.9569377971945,6.92395453650852
"YLR205C",0.201447761648002,"low (<0.4)",278.717123073777,69.0981729103558,8.12782476184943
"YLR209C",0.374035330588408,"low (<0.4)",71.641287009619,23.7521208092629,6.18271785844607
"YLR303W",0.639432109324516,"moderate (0.4-0.7)",447.498683020264,130.653036212906,8.80895993856937
"YLR406C-A",0.362909601174006,"low (<0.4)",6.79156353701428,0.119069977195808,2.96191286368549
"YLR438C-A",0.122968344784841,"low (<0.4)",341.022251653859,88.816775755958,8.41794637835483
"YLR460C",0.998884596526338,"high (>=0.7)",151.191539115311,11.9155725445297,7.24974434614787
"YML125C",0.331843995109186,"low (<0.4)",88.6336896124531,47.6865466533928,6.48596917875038
"YMR032W",0.328059515280361,"low (<0.4)",31.5504837158156,4.77241080564578,5.02460707757852
"YMR030W-A",0.304977246486065,"low (<0.4)",10.867524607011,0.937032711914439,3.56894713604935
"YMR042W",0.238403541746714,"low (<0.4)",71.6582885391446,21.5498335277648,6.18305547846118
"YMR105C",0.284968866738985,"low (<0.4)",558.707887144959,59.0120469038576,9.12853026744352
"YMR105W-A",-0.0701211099879716,"low (<0.4)",24.9870030924965,0.0856104279529106,4.69971836190675
"YMR121C",-0.494187228278099,"low (<0.4)",193.548865329755,52.6766533619618,7.60398875585825
"YMR165C",0.282850558686258,"low (<0.4)",56.8356927049621,39.3906352818548,5.85388820691737
"YMR169C",0.166102659548582,"low (<0.4)",165.033422377786,77.26441989291,7.37532987378795
"YMR170C",0.359173059167511,"low (<0.4)",60.4718118233599,13.7889038313374,5.94185310265256
"YMR173W",0.412714227465436,"moderate (0.4-0.7)",72.9927843474429,200.222008500421,7.65264429719426
"YMR182C",0.0597920751538998,"low (<0.4)",59.957786029967,5.8048529905011,5.92973860038279
"YMR182W-A",-0.179571908800412,"low (<0.4)",57.4368994132353,0.313942642716179,5.86880772751511
"YMR186W",0.177212923172033,"low (<0.4)",990.806505722609,626.735504939652,9.95391487846848
"YMR266W",0.40326754395909,"moderate (0.4-0.7)",72.5143060604522,36.9380047511413,6.19995312407598
"YMR303C",0.0639156730553948,"low (<0.4)",404.507948432731,6.92385587515988,8.66358638301406
"YMR307W",0.331566172231618,"low (<0.4)",567.846070980295,314.588574411417,9.15189450368276
"YNL336W",0.629978066793874,"moderate (0.4-0.7)",116.204346493226,17.287690580191,6.87288226250372
"YNL331C",0.422704565417779,"moderate (0.4-0.7)",26.1999259081475,5.74641961963729,4.76553081650659
"YNL269W",NA,NA,3.78717958869196,0,2.25917592906904
"YNL220W",0.151915381112528,"low (<0.4)",272.03780348377,36.1348670566451,8.09295690327441
"YNL149C",0.193403741814102,"low (<0.4)",20.0873537513777,144.58810106788,7.18574863849915
"YNL142W",-0.0505542583171366,"low (<0.4)",57.009402538526,3.4957864998524,5.85821485540848
"YNR059W",0.422870359240742,"moderate (0.4-0.7)",31.8565942973329,16.5298241107959,5.03811104246126
"YNR064C",0.20125342075974,"low (<0.4)",11.9332491613777,0.986085804493312,3.69301285728545
"YNR065C",0.426301506559975,"moderate (0.4-0.7)",24.0899411734688,6.78400108634388,4.64903718305795
"YNR066C",0.226635311196934,"low (<0.4)",17.9483326588585,3.70972657434182,4.24399900024275
"YNR067C",0.434852117321821,"moderate (0.4-0.7)",43.2403998866398,17.3262565027928,5.46729252096326
"YNR068C",0.496259941946246,"moderate (0.4-0.7)",23.8987711762328,1.2641319469333,4.63800263791561
"YNR069C",-0.0505490794124492,"low (<0.4)",16.705636688255,0.523731656014923,4.14613681833789
"YNR070W",0.186545515799422,"low (<0.4)",6.16018224069789,1.71186089331644,2.83999630737852
"YNR072W",0.0757837409395034,"low (<0.4)",22.9252212113754,0.121567075758846,4.58046035874512
"YNR073C",0.105992949683291,"low (<0.4)",49.3617603644895,1.30514266738473,5.65425680734724
"YOL159C-A",0.697172682690615,"moderate (0.4-0.7)",56.9589240641854,9.00647458611829,5.85695890817986
"YOL159C",0.881367244109884,"high (>=0.7)",39.8569028548811,8.62474732001502,5.35250794004376
"YOL158C",0.347127783665244,"low (<0.4)",29.7746158955418,5.67613639140228,4.94366894512901
"YOL155W-A",0.141253853836721,"low (<0.4)",63.8251037849569,0.0165300637722496,6.01848070572178
"YOL155C",0.390822492172471,"low (<0.4)",646.50348703603,187.649546458859,9.33874415201954
"YOL140W",0.505407707541692,"moderate (0.4-0.7)",161.128857060023,38.0605846832776,7.34099708650414
"YOL133W",0.227207943669496,"low (<0.4)",66.5598349320686,53.7489785769532,6.07809389811581
"YOL097W-A",0.0129534542532374,"low (<0.4)",24.6203145962074,2.20050710656442,4.67921628577386
"YOL086C",0.195057951437352,"low (<0.4)",4487.86618952041,1919.11303248227,12.1321353756599
"YOL038C-A",0.0670851155167716,"low (<0.4)",45.7792841835114,0.350492678170225,5.54779788063073
"YOL019W",0.189544897469168,"low (<0.4)",66.0495255158441,28.1497276747516,6.06715521764559
"YOL013W-A",0.0324410198870192,"low (<0.4)",75.4849063215111,3.49948040627213,6.25710316656742
"YOR008C-A",0.0631734672854168,"low (<0.4)",5.3330733224143,0.0167947361883027,2.66290578259131
"YOR009W",0.0152848155246123,"low (<0.4)",139.665029538692,3.40247950497582,7.13611989729773
"YOR010C",0.776064005349106,"high (>=0.7)",430.179435432281,7.68724684744664,8.75214456195755
"YOR086C",0.384094920752857,"low (<0.4)",87.3419784597566,38.7779537433713,6.46502723745467
"YOR161C-C",0.151639586005407,"low (<0.4)",8.66508553283142,0.0116676392143937,3.27278249987011
"YOR162C",0.240888932862643,"low (<0.4)",22.65047305713,8.67993404255622,4.56379713554929
"YOR182C",0.16242434612697,"low (<0.4)",663.855834968564,299.048838050279,9.37689773531518
"YOR293C-A",-0.0156690440767238,"low (<0.4)",44.7512718636899,0.198616571440774,5.51573994508039
"YOR371C",0.422790624715122,"moderate (0.4-0.7)",33.2534157742603,15.0366724638137,5.09817595667936
"YOR381W",0.175523651251434,"low (<0.4)",9.03685095569658,1.29201913498383,3.32723479214198
"YOR381W-A",0.872790206382358,"high (>=0.7)",4.52567652429415,0.292271862907505,2.46615110857528
"YOR382W",0.0645875215170776,"low (<0.4)",198.142990297779,4.92953859825159,7.63766088845441
"YOR383C",0.0295177944445589,"low (<0.4)",196.987037926493,8.41936393227292,7.62926217093161
"YOR384W",0.25891867188466,"low (<0.4)",20.1330330804457,0.0797792463125516,4.40142793722351
"YOR385W",0.581181611012985,"moderate (0.4-0.7)",86.6124429831914,44.8787480033999,6.45306387516273
"YOR386W",0.102971751525718,"low (<0.4)",23.1739078135204,1.74503440091428,4.59537880454346
"YOR387C",-0.0710232949524491,"low (<0.4)",11.2827342117482,4.00599238396664,3.61855984408467
"YPL257W",0.579280038471208,"moderate (0.4-0.7)",13.5288369107411,1.24347989451994,3.86084730919545
"YPL240C",0.118271574482574,"low (<0.4)",899.303022200521,231.716325790826,9.81426685238042
"YPL090C",0.340844587297583,"low (<0.4)",1008.05629476495,414.019789331375,9.97879094861347
"YPL056C",0.0243404492757899,"low (<0.4)",74.7452011562577,4.42766417573061,6.24308258429966
"YPL038W-A",-0.0502144841292331,"low (<0.4)",19.9485421658352,0.994638053547243,4.3887779434277
"YPR005C",0.00340084722129064,"low (<0.4)",53.6575597680254,2.43074401876818,5.77234914587261
"YPR052C",0.38483574782799,"low (<0.4)",144.588034253828,93.7134307556348,7.18574797640985
"YPR071W",0.221267884978502,"low (<0.4)",29.38467287042,2.65806086806601,4.92527185441018
"YPR105C",0.15716532501605,"low (<0.4)",32.0616430439078,16.075777277671,5.04708651801718
"YPR107C",0.182810250696261,"low (<0.4)",62.6047852789101,12.2712458157037,5.99106340502668
"YPR108W-A",0.366355173347751,"low (<0.4)",21.3152249919794,1.44944431989068,4.47995644744068
"YPR109W",0.152867621713963,"low (<0.4)",66.3196563228458,17.7691606823715,6.07295590639492
"YPR121W",0.279403502567322,"low (<0.4)",7.3848524483573,2.26338357757404,3.06778539632436
"YPR152C",0.0524152558643028,"low (<0.4)",17.8322132751264,4.66101707553377,4.23513065901405
"YPR159C-A",-0.114679378949744,"low (<0.4)",5.71715592307354,0.0112669527877478,2.74785051809346
"YPR192W",0.687312813888094,"moderate (0.4-0.7)",17.3405771481664,4.21498385234632,4.19696713380377
"YPR196W",0.390742932649517,"low (<0.4)",25.2278283864318,3.06863484581979,4.71302645507035
"YPR198W",0.66538645825033,"moderate (0.4-0.7)",33.3765677946561,21.8755234705609,5.10335360617194
"YPR199C",0.701196376783534,"high (>=0.7)",49.4100054675905,13.2996338129866,5.65563820571282
"YPR200C",0.533489054352124,"moderate (0.4-0.7)",9.00267303386598,0.476694272045682,3.32231368062573
"YPR201W",0.194040684683923,"low (<0.4)",4.38116663147475,0.0822255584423902,2.42791898151489
