"gene","var_bulk","var_sc","log_var_bulk","log_var_sc"
"YAL063C",3863.12136194503,975.103705881541,11.9159246908251,9.93089062446122
"YBL059W",36.5553345128335,38.2808485737061,5.23094594346828,5.2957541910332
"YFL050C",42.2987058041992,3.3907546530257,5.43625199841286,2.13446892167642
"YKL163W",16505.7995361214,48.441568662727,14.0107728062237,5.62765261211904
"YAL068C",112.428939683631,10.1814058087051,6.82564495890424,3.48302968072005
"YAR020C",1666385.63771858,0.493798501108264,20.6682917452998,0.578985555719272
"YAR033W",84.0648730718409,34.7667732061915,6.41049159921857,5.16054806255197
"YAR050W",1532.41276555717,102.243815749629,10.5825303800066,6.68991155733182
"YAR071W",274.982098124268,0.916528838477146,8.10843087784712,0.938495706886118
"YBL113C",102.210180046104,22.1675851157326,6.68944146652137,4.53403576692239
"YBL072C",159047.491249754,90199.1560095162,17.2791071608265,16.4608423083068
"YBR031W",100330.841015059,88129.5747836625,16.6144200024662,16.4273549938871
"YBR068C",8298.7859458715,530.14771020387,13.0188584140359,9.05296931472995
"YBR118W",938402.625193621,25336.4222447177,19.8398490611608,14.6289821359172
"YBR299W",28817.8491793858,156.268497501746,14.814725105196,7.29708590280675
"YBR301W",57896.0130911211,4.8600862552244,15.8212013009974,2.55092189998347
"YCL069W",47.9686299731661,0.351190561555414,5.61378592829226,0.434231155658126
"YCL058C",86.8318764899261,5.4436045840985,6.4566727215249,2.68786796486024
"YCL024W",25.1309765250379,8.73721431704075,4.70768913464307,3.28350909614636
"YCR045C",4.82432962073294,1.89956383013602,2.54209200538897,1.53583589767955
"YCR050C",15.6902446847511,0.00640652826896074,4.06093320015045,0.00921318570693463
"YCR104W",25970.3176526269,6.04298638518414,14.6646315904347,2.8161872938523
"YDL248W",4746.37993229906,282.889997389041,12.2129157977768,8.14918820765897
"YDL245C",19.2530707975424,0.0218977247147988,4.34006876281108,0.0312508132713317
"YDL244W",706.996037658279,25.641230609677,9.46759747597742,4.73558881969418
"YDL184C",1584846.84013736,367993.177002719,20.5959129044416,18.4893234122523
"YDL133C-A",2376273.2199373,70665.8338792033,21.1802699007978,16.1087456522269
"YDL131W",72730.4720687643,2160.84412284785,16.1502921559704,11.0780467877061
"YDR040C",427.493911202106,0.384166853791843,8.74313089390028,0.469017862504096
"YDR343C",151713.121415476,313.078601070487,17.2109958510429,8.29498184183445
"YDR366C",19.2631855382308,1.48016388047683,4.34078909029708,1.31043545195886
"YDR542W",285.63849125156,0.0428022683393775,8.16308854469605,0.0604656261894169
"YEL077C",140.055246958816,145.607297553791,7.14011652192063,7.19581310690699
"YEL070W",8663.3825597447,0.197797257078469,13.0808812285388,0.260383733702254
"YEL069C",1493.50590627109,1.18815343613416,10.5454528832045,1.1297139053099
"YEL049W",99799.4469040936,15.0046533360877,16.6067586554815,4.00041952305336
"YER039C",26.8225585447146,11.1790510183086,4.79818319018255,3.60632981889368
"YER138W-A",779.296721409233,0.0476121529481497,9.60787902798443,0.0671047010519396
"YER189W",59.5701274474969,0.0215064454603636,5.92053454190079,0.0306983071591148
"YFL068W",1051.08625042707,2.4960447410254,10.0390372668234,1.80572364800855
"YFL066C",289.504211334553,0.00120003952219972,8.18241526778469,0.00173025308902288
"YFL062W",2129.49184645791,2850.37323945644,11.0569708148934,11.4774411823978
"YFL060C",943.074003570403,0.147736491517621,9.88275614300529,0.198791452102359
"YFR031C-A",87008.8752577056,32876.3133602317,16.4088915296695,15.0048047904841
"YGL261C",167.443867050627,1.01271321754061,7.39612409145066,1.00914162377116
"YGL076C",20098.7165292831,160115.346675593,14.2948875344521,17.2887610781307
"YGR017W",213.442091084836,105.121608664632,7.74444429817956,6.72957463998748
"YGR031W",41.7912393961123,135.853675362905,5.41924356035799,7.09649037023305
"YGR085C",128817.214616954,50516.4972254086,16.9749770762715,15.6244955453983
"YGR294W",5472.8508742965,0.43004540971246,12.4183404161418,0.516060959120324
"YGR295C",4411.01949592203,154.816439867434,12.1072234506158,7.2837036469482
"YHL050C",101.181990469887,0.875144192613152,6.67499713409987,0.907001538525561
"YHL046C",122.670288029473,3.90750655748641,6.95035512209103,2.29499019544423
"YHR203C",75847.4144207258,108935.896704798,16.2108314014026,16.7331331491294
"YHR214C-E",7.08037011579935,0.0140382036840341,3.01442137614528,0.0201120066087481
"YIL152W",586.235291143206,162.119730798617,9.19779486236211,7.34978748932095
"YIL060W",25.4914764859081,41.021238387782,4.72745634854341,5.39304677449911
"YIL046W-A",71.4864935635185,0.306943819085644,6.17964029712934,0.386197126084702
"YJL219W",71.344869114264,2.80845384910143,6.17681879559881,1.92920541321323
"YJL138C",39104.4031435892,1620.5921588818,15.2550803361848,10.6631953025252
"YJR009C",1619397.23037241,444268.56045485,20.6270263754317,18.7610757715686
"YJR080C",31.5010952501327,61.3646951120061,5.02241643103801,5.96265763998249
"YJR156C",1916.83706124935,13.3439932769309,10.90526443937,3.84237481201131
"YJR160C",2.84565159499576,0.249626673732594,1.94322806456545,0.321497153767807
"YJR161C",1026.70726911962,8.24005507000093,10.0052136722187,3.20790145001585
"YLL066C",79.5007032698317,0.0861125233170793,6.3309294818347,0.119173576827397
"YLL045C",39310.7423246757,247384.421741316,15.2626726860096,17.9164009601949
"YLL024C",1097104.49741244,23498.9336686332,20.0652708309593,14.5203690641666
"YLR262C",38.2956290421505,5.88755802871506,5.2962969414701,2.78399256865828
"YLR357W",42.9093675929183,62.4910426488922,5.45645685100678,5.98848116492094
"YLR369W",71.8129953090454,12.5338748891689,6.18612405348119,3.75850305194265
"YLR461W",148.038333439645,6.90459455736637,7.21953963690845,2.98269146573636
"YLR466W",77.3961082928939,0.0097325685135674,6.29271013333629,0.013973240335524
"YML133C",60.232796298786,0.881367879145893,5.9362326625827,0.911781978327532
"YMR321C",9641.26958038537,98.9729492076422,13.2351570500992,6.64346587654107
"YMR322C",395.303482503553,0.531720679100575,8.63046183477058,0.615153234849719
"YMR323W",457.525598984417,0.176571946597764,8.84085846993514,0.234589543108899
"YMR325W",10332.087287381,0.0365599975510221,13.3349837420535,0.0518036240828533
"YNL335W",95.3216459853025,0.0796757138619425,6.58978814058281,0.110598056596018
"YNL333W",4472.30050876223,26.9890617539639,12.1271239640729,4.80679122075529
"YNL332W",1172.34600624515,0.0462281631765402,10.1964127949469,0.0651975112289662
"YNL260C",176.482126388981,3.85487338970528,7.47152993288019,2.27943367207576
"YNL209W",93115.9202257221,22795.831463356,16.5067557224976,14.4765456973708
"YNL034W",6.82327421272826,4.34360928016064,2.96777253359959,2.41781452312215
"YNL030W",265136.196849457,24048.4146253011,18.0163795586207,14.5537141580582
"YNL019C",6.75703803474369,0.00356385682427045,2.95550587556583,0.00513241838727727
"YOL165C",212.785140102366,1.76824117801479,7.74001776666063,1.46896964065107
"YOL161C",405.903197340646,6.4722658097853,8.66854180655737,2.90154577673363
"YOL157C",37.0205758487305,2.66091810910262,5.24870847768436,1.87220550242888
"YOR069W",67.7585145669648,47.1110842148503,6.10346647260005,5.5882974067532
"YOR104W",55.5027729027869,30.6465302998791,5.82024976515742,4.98397542728792
"YOR133W",32912.1198514704,4766.32963183938,15.0063751662947,12.2189656671032
"YOR192C-C",215.699221538764,0.828015037109017,7.75955016053819,0.870277937941596
"YOR390W",38.7569720897068,1.94613096819682,5.31313597961684,1.55882156580086
"YOR391C",430.269426550163,0.0111371505773418,8.75244563427774,0.015978697575134
"YPL278C",1156.50016331549,1.37880601305853,10.1767966817022,1.25023762762294
"YPL277C",461.671906162745,0.708909384226633,8.85384568965006,0.773075899417307
"YPL220W",180355.162107776,10719.6670410102,17.4604891899962,13.3881070527722
"YPR156C",1879.15626283325,93.9840510994019,10.8766368562703,6.56961338378924
"YPR202W",28.6910693386027,0.0970980173208194,4.89195714852576,0.133692425272161
"YFL059W",5762.94403282492,393.695260221985,12.4928406118545,8.62459538421401
"YFL061W",42.3587396143863,0.0544880061169681,5.43825091480556,0.0765426858248458
"YHR215W",51.9199906730148,1.34278525663576,5.72574090223342,1.22822472057535
"YOL156W",67.64703644416,0.542206709484017,6.10112553412935,0.624996149663289
"YNL334C",899.545147817986,0.242793905377416,9.8146547956124,0.313587071658215
"YAL035W",5677.09110479064,1079.17706322439,12.471190281906,10.0770521038082
"YAL036C",1463.77660007379,844.016907084236,10.5164649339226,9.72283639687673
"YAL037W",14.9758533483738,4.35559259270792,3.99782108950791,2.42104621704098
"YAL039C",3588.48119096422,41.7571047800321,11.8095596224954,5.41809226176936
"YAL047C",16.5018975024954,5.61217723191443,4.12943943803286,2.72512539495346
"YAL048C",23.7091821229293,3.04321270695963,4.62697535295503,2.01550210348684
"YAL061W",12990.3964582037,157.241419898444,13.6652688954039,7.3059834663285
"YAR027W",3437.54495526825,433.961980971054,11.7475824920607,8.76474549358299
"YAR028W",438.807520632634,13.6054287091664,8.78072846401453,3.86843280071012
"YAR042W",127.988976484125,27.6275358847717,7.011103966654,4.83933159058919
"YBL032W",376.745818850079,43.7928385807174,8.56127197651456,5.48519618944807
"YBR007C",41.1524831381322,37.9252189971732,5.39754571551023,5.28263325096102
"YBR008C",250.84761798494,15.4967180876638,7.97640727559486,4.04410713332214
"YBR036C",960.215226014451,185.604984599549,9.90871569126119,7.54384371380471
"YBR037C",677.406320710515,30.8068457243768,9.40600580132565,4.99126540221165
"YBR039W",17594.2025405651,579.541173173284,14.1028945007747,9.18125457939178
"YBR041W",177.343716240816,35.3440354194578,7.47851657458467,5.1836467113888
"YBR042C",126.977870862517,54.7625987059892,6.99975055971145,5.80122589161883
"YBR043C",69.0141318480488,20.3372342230773,6.12957424393611,4.41530127802034
"YBR046C",2562.20850520888,219.970393744593,11.3237351246633,7.787709275866
"YBR047W",1452.58319812519,240.611156851937,10.5053979334238,7.91654326514684
"YBR061C",402.988725928933,35.4204910133235,8.65817122217415,5.18667846744132
"YBR062C",504.504764207214,88.1869279413122,8.98158087886787,6.47876036583732
"YBR063C",102.79000996938,19.0488155879865,6.69752377738928,4.32544510484384
"YBR065C",293.010499382265,12.942388955391,8.199723865708,3.80140587552023
"YBR066C",24512.0737695556,1059.6665112913,14.5812637790563,10.0507554082718
"YBR067C",572091.273967169,33334.7825369939,19.1258883355286,15.0247839734407
"YBR074W",62.5380745606623,28.2392783301525,5.98954946659013,4.86983579870991
"YBR076W",14.8947242769442,9.61474311480112,3.99047608539688,3.40799755218935
"YBR077C",389.783657873106,28.4294433461754,8.61022632648124,4.87918834904786
"YBR078W",31262.9287512608,5266.47960337992,14.9322114641511,12.3628971073431
"YBR079C",3069.33967419661,507.79338775906,11.5841825556226,8.99093611136162
"YBR150C",34.2215795592525,22.0945032926196,5.13838770511273,4.52947761249754
"YBR151W",3814.41473352244,220.067789915486,11.897624170418,7.78834502626141
"YBR152W",25.4431258193586,6.34033481249851,4.72482082156423,2.87584586978713
"YBR153W",380.109827268697,25.4540988272524,8.57406299962782,4.72541936730665
"YBR154C",6452.71075591881,386.163612459861,12.6559132048556,8.59679955718436
"YBR155W",614.180451109529,117.297924734932,9.26486584857602,6.88628095490734
"YBR180W",2.3588341206307,0.255761299419869,1.74796054839982,0.328562256529685
"YBR186W",5.52562528992095,2.70803267531297,2.70611614834101,1.89065395709836
"YBR187W",3783.69434247261,340.572111127072,11.8859610753869,8.41604637556101
"YBR188C",401.589459693646,53.7690704085023,8.65316559092924,5.77528948870232
"YBR199W",1627.76859262362,102.912430016131,10.6695659321172,6.69922442967644
"YBR293W",51.1808197354917,7.69832368268216,5.70544770326349,3.12073739547842
"YBR294W",676.727550459962,905.809141011793,9.40456160974993,9.82465512389038
"YBR295W",213.666981097809,8.77921372339984,7.74595649056699,3.28971847305549
"YBR297W",459.410100770881,289.177742405316,8.8467756743574,8.18079305393146
"YCL001W",807.552769453405,126.123860086373,9.65919812271225,6.99009102733747
"YCL002C",82.6210638334686,51.5501071898582,6.38579449246107,5.71562180183636
"YCL004W",27.5769079538387,23.7080458690937,4.83677791891417,4.62690900897579
"YCL005W",70.8245593861616,16.8889432695998,6.16640533233748,4.16099626233668
"YCL005W-A",469.136527061294,417.318945582509,8.87693596425018,8.70845952861007
"YCR002C",567.113596949157,110.023762593689,9.15003562191535,6.79472468172919
"YCR003W",419.958709839529,92.0514514756616,8.71753492180487,6.53995674942119
"YCR004C",14965.8916170352,319.012483681337,13.8694870074701,8.32198437549319
"YCR005C",195203.508438952,1792.84205169878,17.5746268481747,10.8088371508041
"YCR008W",402.444524720167,32.4435586408801,8.65622650041941,5.06365646384894
"YCR009C",2350.72205054329,591.153354769768,11.1995018431362,9.20982704048481
"YCR010C",328.474782511015,3.23131804758912,8.36402423759213,2.08110713013637
"YCR072C",606.249582704164,63.7389513242424,9.24614578323061,6.01656209108677
"YCR073C",15.6759205787847,7.64240446902259,4.05969450114209,3.11143275138567
"YCR073W-A",1811.93020609061,107.842753928081,10.8241076701605,6.76610155485719
"YCR102C",1015755.11619414,458262.791439619,19.95412262085,18.8058187737337
"YDL007W",2157.06368866809,282.438772850929,11.0755217268605,8.14689331420433
"YDL008W",159.116596681793,43.1196785914203,7.3229790460957,5.46335037592878
"YDL010W",173.554315009422,313.676047000773,7.44753221074874,8.29772355529256
"YDL012C",5263.66917052642,618.512673067795,12.3621271604455,9.2749899849494
"YDL013W",51.7105600506425,27.9153784646609,5.72002011569683,4.85376508013227
"YDL048C",1952.48462147851,497.538271509931,10.931834182823,8.96156045066341
"YDL049C",34.0559841261719,18.0885094198862,5.13158883105628,4.25463254511491
"YDL051W",1283.92197375882,410.222629521754,10.3274650398097,8.68377584779023
"YDL072C",11289.3479375443,3472.28598591932,13.4628023262481,11.7620854899346
"YDL073W",27.8490240526815,17.4559936107427,4.85045060896879,4.20601750457619
"YDL157C",2361.54095771188,79.9019517522046,11.2061236252024,6.33810260284868
"YDL160C",250.875351170878,23.2608711083408,7.97656613485804,4.60055944753543
"YDL160C-A",418.282539252309,30.4488834288241,8.71177894111663,4.97493689099688
"YDL161W",580.963181657732,187.178548387741,9.18478407259895,7.5559583656704
"YDL164C",54.2544420122053,27.9795054605554,5.78801854511774,4.85696107019311
"YDL165W",215.792469457568,54.2968512352616,7.76017083362098,5.78912542640326
"YDL166C",486.129379130071,112.628889487345,8.92816118557286,6.82818586811548
"YDL167C",260.845813923134,32.2055953366856,8.03257373066812,5.05335445948155
"YDL235C",1205.00400498019,124.574820116281,10.2360189829079,6.9724033981507
"YDL236W",1023.70363326709,84.0409742651715,10.0009909957189,6.41008621997228
"YDL237W",201.44476925097,43.0969715866055,7.66138455705101,5.46260767522779
"YDL238C",104.264797043494,6.90606609908196,6.71787923656553,2.98296001693581
"YDL239C",37.0578741332735,13.8759106460227,5.25012307155339,3.89490608225165
"YDL240W",7.67252850227094,6.29088681916821,3.1164526769377,2.86609430588324
"YDR005C",104.642947945467,28.8066257154671,6.72305265507248,4.89756115793538
"YDR006C",216.805411069149,59.286863770912,7.76689598600427,5.91377177467207
"YDR007W",121.721759649045,82.8362932603789,6.93924726399574,6.38950302582416
"YDR009W",775.202143122097,36.8444571180974,9.6002886062366,5.24201010649014
"YDR011W",934.2972663559,418.559532467562,9.86928116069696,8.71273172297152
"YDR034C",701.198606464294,126.21233658086,9.45573532292155,6.99109477439866
"YDR046C",5452.37878871943,116.515149531251,12.4129346524112,6.87670294439265
"YDR051C",495.420104363355,88.6840359642245,8.95541773368373,6.48677929870593
"YDR052C",112.935769988219,45.1857609851967,6.83207694018402,5.52937623392391
"YDR054C",1167.44461074519,26.4669798850784,10.1903736305096,4.77962638337347
"YDR056C",8645.89673265624,719.455521580958,13.0779667443832,9.49276555594808
"YDR057W",46.4495641745969,15.8764613826977,5.5683229310055,4.07694052968994
"YDR058C",93.3362298232895,12.6136482773465,6.55974003915182,3.76698183669755
"YDR059C",310.99179446295,98.6303433873698,8.28536427577481,6.63851329087112
"YDR100W",1357.15587648673,76.4999771102719,10.4074333528522,6.27612397917228
"YDR101C",2726.31939106101,103.592066213747,11.4132679460146,6.70862961049735
"YDR103W",27.6528094863911,12.101156781566,4.8406047010026,3.71162229667669
"YDR212W",530.84782585723,137.754081600251,9.05486970564023,7.1163864002849
"YDR222W",1022.37231867592,319.664237212105,9.99911540001433,8.3249196527724
"YDR223W",158.823726801705,18.5041774179443,7.32033779077006,4.28571124935969
"YDR226W",25438.1430208568,2819.36012155784,14.6347624503138,11.4616636715467
"YDR227W",27.0096821560448,36.9792801692294,4.80785370720018,5.24714065687492
"YDR251W",224.811262388686,79.067340680234,7.8189736324273,6.3231419848757
"YDR257C",89.1638445018507,30.96044245317,6.49447712687382,4.99821547563685
"YDR258C",114721.698799911,496.378781893058,16.8077913427407,8.95820115348035
"YDR260C",318.213757544946,98.0034516253237,8.31837902026405,6.62940691862438
"YDR261C",239.228682963421,64.5353956213192,7.90826460684069,6.03420241061766
"YDR262W",1892.13715202469,88.0339522657765,10.8865632183546,6.47628369416545
"YDR263C",18.0966048063308,9.08637416627894,4.25524425856866,3.33433574480967
"YDR335W",92.1845576367672,54.0497515540463,6.542018988965,5.7826641476406
"YDR336W",20.2000465158606,26.5745013472359,4.40599552515356,4.78526289147919
"YDR337W",603.680417427986,54.6670187586772,9.2400290478497,5.79875091677908
"YDR338C",39.6165784470276,48.2635091218797,5.3439968065693,5.6224474919573
"YDR339C",2416.62262886117,146.578903634044,11.2393733539145,7.20534269303059
"YDR341C",6716.80953095566,594.990361569138,12.7137751762986,9.21914518920571
"YDR346C",3298.07284270889,430.856614375358,11.6878449172647,8.75440857608231
"YDR347W",1797.4923537962,86.2155609983327,10.8125723105998,6.44651365847056
"YDR348C",367.056793970802,67.1727719034764,8.52378459208418,6.09112373907324
"YDR389W",133.113710268448,29.5551610214973,7.06731291937533,4.93334417873685
"YDR390C",120.101245627276,33.5636352654556,6.92006989420458,5.11118305728555
"YDR391C",2614.09934884712,807.036485449727,11.3526500408347,9.65827662655006
"YDR392W",105.587400669462,28.5365260290474,6.73589310192469,4.88442824680615
"YDR393W",101.266377523473,33.2473112237369,6.67618809289141,5.09791882058238
"YDR399W",30381.0484264444,614.321642628687,14.8909315224324,9.26519692693246
"YDR400W",970.160204646813,386.322021312123,9.92356549508436,8.59738971834116
"YDR440W",21.9397914499669,21.6806233020331,4.51978037048408,4.50338838342129
"YDR441C",828.446062986941,172.565119637399,9.69600435879039,7.43933323673775
"YDR510W",17208.0843157001,1627.9265359426,14.0708827140953,10.6697058249152
"YDR511W",1840.26669810402,83.3136446420703,10.8464828935146,6.39769421910962
"YDR512C",1487.48077848609,191.538237374916,10.5396248760991,7.58900117788375
"YDR518W",580.946134597684,155.051532117811,9.18474181207461,7.28587871151706
"YDR519W",9393.04905755309,2938.31680362856,13.1975314123118,11.5212651476977
"YDR520C",11.139595460021,9.23778897764942,3.60164844090057,3.35583226965843
"YDR522C",7.0302910631784,0.0485539306277262,3.00545228012041,0.0684010659631097
"YDR524C",74.6174592371355,24.9490918864886,6.24064747016377,4.69761214584879
"YDR524C-B",6745911.32710217,523039.142850342,22.6855821378912,18.996562150677
"YDR527W",464.858977874212,80.071816996062,8.86374948647335,6.34112857225926
"YDR528W",316.216630083827,33.7699730464563,8.30932459609582,5.11977004358192
"YDR529C",327642.034106227,3037.38250890414,18.3217653339011,11.5690877901049
"YDR530C",728.043631389377,144.779444426113,9.5098613485045,7.1876434971269
"YDR531W",1038.1531338492,301.998992536972,10.0211925560032,8.24316918656097
"YDR532C",79.1179001302731,16.4175372468933,6.32405270386447,4.12246874334363
"YDR533C",137921.665557828,1974.57912473697,17.0735000364438,10.9480599141109
"YDR538W",11.087327633584,31.8016056654326,3.59542341177074,5.03569453256179
"YDR539W",1762.93299793645,45.2790291535176,10.7845800465889,5.5322866946375
"YDR541C",120.459718279766,12.1656148161077,6.92433411781439,3.71870298971901
"YEL062W",25.2794203589058,14.5968968254043,4.71586154959804,3.96318711244037
"YEL063C",1704.65472824042,13.1001340971858,10.7361099194374,3.81763697810895
"YEL064C",28.0812711750519,8.06083661029938,4.86201842734506,3.17964426415748
"YEL065W",5818.33533635173,91.7938479541136,12.5066386677426,6.53595725562491
"YEL066W",964.663885604388,276.750692119243,9.91537731366778,8.11764669640531
"YEL068C",601.005844388643,164.756508357291,9.23363368278891,7.37292170801875
"YEL071W",531457.411375092,3803.19551001848,19.0195972742827,11.8933756775709
"YEL072W",368.484199267455,29.9344352051726,8.5293688596241,4.95114178863736
"YER008C",66.2339255626225,69.8576708363892,6.07111748102371,6.14685213827165
"YER010C",656.204284113623,25.2127690868592,9.36019807458087,4.71219786125347
"YER017C",393.782261800064,63.4056776563395,8.62491335842418,6.00911596902837
"YER059W",63.1942748050333,24.7351843840536,6.00437273057297,4.68567021389992
"YER061C",381.438681707951,4.17561017091555,8.5790846416653,2.37172895703933
"YER062C",23292.9759914032,6814.24696726929,14.5076692901806,12.73455022225
"YER063W",896.903728049319,235.46754371374,9.81041695933869,7.8854983702251
"YER064C",2482.18060113618,93.7027573706471,11.2779734768608,6.56533452678002
"YER065C",298.438716216887,13.0318263105265,8.22611695787443,3.81063088985128
"YER073W",8135.91817595583,982.034933790089,12.9902667678347,9.94109887583214
"YER076C",287.823394121379,31.0567373265055,8.174043792166,5.00255569310598
"YER161C",524.597982484993,131.988652253336,9.03781592764105,7.05515933748398
"YER163C",1401.43372566893,335.302797743508,10.4537168801607,8.39361697064307
"YER164W",63.9871393388509,69.6705879841198,6.02208233844663,6.1430380072612
"YER168C",84.4912824910044,31.3846827427736,6.41770541139823,5.01723970564582
"YER169W",126.935504409483,18.1635121497563,6.99927288344943,4.26029008689516
"YER171W",51.5246505695901,17.2530139898866,5.71492275400946,4.19006280048241
"YFL010C",1314.65517364778,831.121490299568,10.3615657004404,9.70065036796929
"YFL013C",27.6874302841765,33.9519751733368,4.84234683739916,5.12730208102485
"YFL014W",29270760.5262485,1216829.3049456,24.8029569444936,20.2146965580139
"YFL016C",9778.99722265151,68.6259853197017,13.2556183401394,6.12155393394023
"YFL017C",755.671522202362,71.5087077337326,9.56352333921235,6.18008235691021
"YFL017W-A",813.485338286469,44.5762706060664,9.66974491851719,5.51021097213956
"YFL018C",5606.64973160349,388.660716145974,12.4531805223379,8.6060746825387
"YFL021W",680.726369646775,52.1066392928689,9.4130489783377,5.73082033023187
"YFL022C",1375.99747550827,166.765006730009,10.4273101992003,7.39029801233505
"YFL033C",29.3688017924133,11.408356435568,4.92451808267344,3.63324012902717
"YFL052W",310.873563865948,0.516247341358943,8.28481745683145,0.600505115676119
"YFL053W",104.969718810383,0.959317147740272,6.7275082586832,0.970350940453548
"YFL055W",39.2729682894726,1.07324621320391,5.33173990386546,1.05189145724594
"YFR009W",293.29067478699,56.9384808972827,8.20109801797994,5.85644995362948
"YFR015C",12561.3538840992,132.421167991907,13.6168191955894,7.05984376584922
"YFR049W",6271.14724483854,122.219259084296,12.6147437132008,6.94508395566067
"YFR050C",6719.90471089407,541.390192531934,12.7144397340452,9.08318728175661
"YFR051C",1569.58647540032,230.923334931859,10.6170876636256,7.8575041736086
"YFR052W",2636.70218439893,564.814230605953,11.3650659677711,9.14418465170942
"YFR053C",417121.253646909,3045.63582409925,18.6701107571018,11.5730013441988
"YGL019W",356.104463261199,71.9979216583463,8.48020235529926,6.18978348414192
"YGL020C",193.20016069124,104.744958859768,7.60140058429269,6.7244450776933
"YGL021W",200.343962272673,15.5691452233009,7.65351840042504,4.05042727294985
"YGL022W",587.915951955284,112.944478574723,9.20191794208259,6.83218720717424
"YGL036W",227.316465967938,15.2414231092565,7.83489109889345,4.02160614506533
"YGL037C",661895.149247947,16153.8202541947,19.3362453520161,13.9796770781673
"YGL038C",2701.77799568218,278.571472107788,11.400227299427,8.12707334323338
"YGL039W",20314.5708788043,4110.84531914777,14.3102982852185,12.0055702784021
"YGL040C",7309.6408732245,139.410521690607,12.8357821674603,7.13350723811024
"YGL041W-A",36.9882202270977,43.3832805416647,5.24748021726967,5.47194440159029
"YGL043W",431.762077091811,102.811822339395,8.75743027122069,6.69782694039912
"YGL050W",253.665054969761,40.92336297864,7.99245719696974,5.38968254549374
"YGL054C",3459.33814031037,466.573613337686,11.7566973079324,8.86904970608358
"YGL096W",2100.24812273914,55.3188504014838,11.0370308152164,5.81554598040722
"YGL236C",70.8764014333438,16.8768992464846,6.16744627551834,4.16002461722195
"YGL237C",437.22499914122,49.0337832342698,8.77552797695162,5.64483063870234
"YGL254W",80.6285449048104,5.54539335160941,6.35100183521308,2.71047989489994
"YGL255W",435939.256069547,22732.1396213797,18.7337709071957,14.4725093247435
"YGL257C",83.7945065820919,29.9328930927134,6.40589889760639,4.95106986705746
"YGR048W",655.789913577234,223.63666423319,9.35928816137302,7.81144960723049
"YGR235C",1920.65359577598,168.998274678323,10.9081325787876,7.40937629422207
"YGR236C",2228.67846353436,190.084485537515,11.1226199622919,7.5780668380707
"YGR286C",140545.285596177,4456.20286464382,17.1006858006361,12.1219229097713
"YGR289C",20.7042397001083,5.2799634147421,4.43990498073109,2.65075615441565
"YHL007C",161.970794876724,65.0233168032588,7.3484696397427,6.04490371171827
"YHL008C",216.673935233893,40.509313046,7.76602485609699,5.37536315129697
"YHL009C",58.2687558066064,6.7399616150572,5.88919986708026,2.95232641160174
"YHL010C",42.3610598995352,7.98284724920856,5.43832811664175,3.16717280145237
"YHL011C",3466.28908959999,316.666807605436,11.7595924127359,8.31137054326733
"YHL012W",16.6496353738534,0.1909833225331,4.14156647386443,0.252153211130447
"YHL013C",153.090668389137,23.0122527558056,7.26763568578478,4.58569885402295
"YHL014C",31.0411262802091,12.8841806899129,5.00185295581482,3.79537014064517
"YHL017W",44.3592243176333,26.9714162666223,5.50332406403276,4.80588139800802
"YHL018W",19.7484108667308,3.38490301464412,4.37492893869721,2.13254493347062
"YHL019C",17.66941813801,27.2375099752775,4.22260505927586,4.8195409701571
"YHL020C",368.481872549499,48.3846703518842,8.52935977464825,5.62599137476393
"YHL029C",123.223522347307,44.9561309235931,6.95679457074593,5.5221854365548
"YHR002W",109.147918930938,11.0047348836456,6.78329842765167,3.58553163787484
"YHR003C",231.682307249171,23.3394140076714,7.86221770471093,4.60522252923303
"YHR008C",141775.499206673,1115.66312610072,17.1132588865077,10.1249783052143
"YHR034C",92.7630617857159,9.40036773257202,6.55094777589909,3.37856263446323
"YHR097C",6924.54356330241,600.328562621283,12.7577115926911,9.23200967678602
"YHR179W",87558.0220317898,23710.3686526755,16.4179682203432,14.5332913191066
"YHR181W",150.464729076126,64.8920271143029,7.2428380685475,6.04203200566664
"YHR182W",9.42076200358132,13.4243804575653,3.38138887140907,3.85043744980713
"YHR207C",107.74145944855,19.5370991878915,6.76475828595382,4.36016051399289
"YHR208W",28489.7038173798,1666.31917386147,14.7982036411305,10.7033145896286
"YHR209W",2097.40307686879,89.8046660968842,11.0350761127894,6.50469452876779
"YHR210C",87.5291204729699,1.94501238364893,6.46808018343381,1.55827370053836
"YIL010W",1493.40255423278,328.508617513925,10.5453531106787,8.36417238575777
"YIL013C",21.5048564110387,7.32287455973514,4.49216445473443,3.05708189336948
"YIL014W",81.7286552695371,19.4626816796744,6.37031522663802,4.35492332073532
"YIL046W",994.39350235495,115.986523293375,9.9591231593184,6.87019853242388
"YIL047C",532.088360658974,66.4981012463534,9.05823087270116,6.07677501392492
"YIL050W",856.856047052633,20.1314642857649,9.74459176567291,4.40132083587613
"YIL051C",50221.8857542295,7522.65919838281,15.6160573062812,12.8772187847807
"YIL119C",1030.33612586415,19.0710703422627,10.0102988870933,4.32704564912153
"YIL120W",8.46534992724123,4.73465997809217,3.2426558423224,2.51970794788664
"YIL122W",370.680075024358,13.4078124666733,8.53791754024496,3.84877940312362
"YIL144W",80.8225691206251,24.2198114602751,6.35442693154373,4.6564855852108
"YIL155C",6032.89225989157,43.2107556494416,12.5588732208703,5.46632548790781
"YIL156W",35.2775850127826,12.7786545911237,5.18100651420343,3.78436311867156
"YIL156W-B",1987.65738024035,34.3385361106188,10.9575790246819,5.14317037275953
"YIL159W",16.8626332009969,15.5899095884379,4.15887286437227,4.05223411881419
"YIL160C",114.009053336729,3.95651953283099,6.84560362216098,2.30932741591989
"YIL161W",449.787580557507,21.973914272825,8.81630395880103,4.52192477750186
"YIL162W",252739.753324157,827.329515307341,17.9472987856456,9.6940609859178
"YIL164C",506.077153879863,0.270669576813704,8.98606146570419,0.345588922658302
"YIL166C",15.033352799347,4.32349285907742,4.00300423973144,2.41237313989309
"YIL169C",129982.248116643,257.412909815738,16.9879661791035,8.01353433589752
"YIR011C",458.932292698688,47.4050544439435,8.84527768534142,5.59708579611622
"YIR012W",2032.60079059164,197.37778738445,10.9898207809862,7.63210668412678
"YIR014W",103.546165367897,49.6829774847435,6.70799633629165,5.66342937619904
"YIR015W",555.302096622994,1.35817232199068,9.11972473268765,1.23766914622172
"YIR016W",2011.73615396576,25.2653163290979,10.9749423489663,4.71508705473399
"YIR042C",13340.4749726367,46.3576877780941,13.7036305526744,5.56552673851235
"YJL016W",2635.12239148258,119.139303950741,11.3642016388798,6.90856440025563
"YJL085W",50.5481872589408,14.7323366549507,5.68784978962877,3.97566105872115
"YJL087C",38.8152289615901,8.54198781269567,5.31524844889807,3.25428984367133
"YJL088W",112803.727457968,3537.16191862213,16.7834680043832,11.788784356955
"YJL089W",41.3501744432077,5.8675648956293,5.40429600701467,2.77979863823309
"YJL090C",18.8552791087431,6.8984829488591,4.31145073608061,2.98157558337467
"YJL143W",4081.53221891001,286.386773346079,11.9952485560898,8.1668498546767
"YJL157C",162.327857191084,53.0004623368772,7.35162706765462,5.75489985416837
"YJL158C",203674.042243313,31712.6758549106,17.6359096818502,14.9528174859506
"YJL159W",306624.469444189,15999.1801891114,18.2261180119903,13.9658005319417
"YJL166W",281910.557365306,4803.60910873734,18.104883098893,12.2302033462905
"YJL167W",78464.1662708575,2182.06656362169,16.2597647074188,11.0921404047035
"YJL168C",139.246338247878,44.1631130157447,7.13181929315359,5.49707302691481
"YJL170C",22.9448861050299,5.64148571870054,4.58164566823119,2.73150601254162
"YJL171C",17308.0217812501,5182.27626362723,14.079236572699,12.3396485746886
"YJL210W",197.453909958948,205.84757566749,7.63266017651567,7.69242423851052
"YJL213W",39499.1410566609,842.311618340659,15.2695701847729,9.71992202042306
"YJR122W",330.72464520722,15.905706621611,8.3738423897132,4.07943841388047
"YJR124C",78.1827632757481,24.311660019991,6.30711450949782,4.66173022201491
"YJR125C",764.438168548062,99.450389278616,9.58014203251364,6.65033934477914
"YJR129C",57.7546476149017,28.0711253029331,5.87663107125896,4.8615150121661
"YJR152W",134.285661244822,4.55060077420582,7.07986512777938,2.47264393129335
"YJR153W",6184.9462266714,9.53493527968292,12.5947785770528,3.39710954601768
"YKL094W",5134.10518723425,638.425095402618,12.3261781136003,9.32063155619912
"YKL095W",98.1640700474876,1.33210957343215,6.63174558088263,1.22163557470197
"YKL096W",159095.975327447,61283.6911158621,17.279546882566,15.903239113995
"YKL096W-A",20006185.9693887,1129553.72168554,24.2539428906981,20.1073227336293
"YKL219W",750.288977296957,35.4271145400663,9.55322412537468,5.18694081591904
"YKL220C",512.789594937263,23.5129281276846,9.00503386342254,4.61547092274664
"YKL222C",52.5237140393356,4.34394837112597,5.74210632372589,2.41790606973555
"YKR038C",232.996464735253,58.3996426493723,7.8703429232268,5.8923823466284
"YKR039W",9147.77076199039,3.15092944195044,13.1593621991283,2.05343440902817
"YKR041W",4.43731554997401,5.95325975552535,2.44289455614275,2.79768948583496
"YKR042W",75349.0363028062,9529.26408002871,16.2013205864471,13.2183004758875
"YKR043C",3579.76247699914,261.474284157916,11.80605110809,8.03603227184787
"YKR044W",68.1002609657119,8.03353868061062,6.11061925402807,3.17529124096285
"YKR045C",97.6777137622608,26.8189993396154,6.62465238549441,4.79799862139086
"YKR046C",19047.3298091216,9043.53404180372,14.2173768847887,13.1428304643583
"YLL048C",388.405357431991,139.272098028514,8.60512892254222,7.13208425618686
"YLL049W",300.49048837538,29.7400616071782,8.23596867750497,4.94204815127198
"YLL050C",42659.6417291674,4397.17380454588,15.3806180473499,12.1026889015885
"YLL051C",222.360499475242,46.4369972976595,7.80323026257053,5.56794078687757
"YLL054C",10.4341722129342,4.26173909930634,3.51528001922698,2.3955397149674
"YLL055W",2799.5948936756,152.653910427028,11.451517597188,7.26354067315137
"YLR078C",402.590573180923,119.043729133693,8.65674866703375,6.90741623154366
"YLR080W",91.418558110342,5.4601552788874,6.53011067602472,2.69156884253351
"YLR081W",453312.077058955,3.33538547459711,18.7901482547562,2.11616027431574
"YLR082C",19.4090471413186,8.50441980174523,4.35113692220731,3.24859856009916
"YLR083C",494.348148433398,64.4329830750894,8.95229904924899,6.0319461392313
"YLR084C",48.369019917962,25.3833664839163,5.62553409962748,4.72155675726972
"YLR085C",37.8327118382463,25.9684713080524,5.2792005546184,4.753201840458
"YLR118C",673.835020955593,113.821316573423,9.39839103484054,6.8432466929374
"YLR193C",1736.58926352774,30.5286899150386,10.7628713786081,4.97859331906832
"YLR194C",195770.682868565,36527.504869652,17.5788125777874,15.1567350842135
"YLR257W",44417.7322091826,2510.31629517077,15.4388805959006,11.2942280292161
"YLR258W",23197.6313736744,299.926665668097,14.5017520741844,8.23326814198472
"YLR387C",735.865370871886,183.614359798825,9.52525724529899,7.52837096380298
"YLR451W",64.5316495666553,21.2546672035689,6.03411994267952,4.47603602176828
"YLR452C",163.576322639649,26.424747656889,7.36261298198955,4.77740644091858
"YLR453C",6.62834656128064,3.73134838864578,2.93137038781474,2.24225139633176
"YLR454W",59.9718288562703,78.0315735939239,5.93007091531672,6.30435722877458
"YLR455W",299.744835871882,44.648595588839,8.23239615468733,5.51249857025163
"YLR456W",69.5211077089549,9.47746006053738,6.13998323082828,3.38921711689758
"YLR457C",25.2839874926903,11.404325998162,4.7161122556138,3.63277144192533
"YLR459W",123.133151441837,29.2404010842287,6.9557446479802,4.91840536931376
"YML004C",26700.3878988441,2173.95508652126,14.7046271125761,11.0867698938432
"YML005W",88.5345012949975,20.6070591993751,6.4843718136422,4.43343082431815
"YML081C-A",170442.16822128,1716.7349388423,17.3789312483306,10.7462917181581
"YML082W",112.647241092774,27.3985968142581,6.82841885140444,4.82774774225384
"YML083C",12.9024346183577,2.7083415958796,3.79726564720761,1.89077414471389
"YML085C",1698.13078132882,309.233358514612,10.7305811850436,8.27721001340235
"YML086C",437.056411286207,29.4786195552438,8.77497285650175,4.92972565631753
"YMR008C",6752.84361435906,507.761445274568,12.7214930587068,8.99084553488851
"YMR033W",163.323700891176,61.1072273803964,7.36039676922373,5.95668925864949
"YMR034C",40.6888002771455,11.842972667973,5.38158794966457,3.68290726595919
"YMR035W",360.623655594537,20.0620665682406,8.49834524444339,4.39657509257491
"YMR036C",27.0579718717082,10.7412526769938,4.81033882457304,3.55351443301816
"YMR037C",419.806000535815,16.3080340633828,8.71701146684206,4.11336996008411
"YMR038C",2851.18389153836,474.238776161046,11.4778512856787,8.89250874454332
"YMR039C",20261.5966055175,1351.6524577194,14.3065314436127,10.4015754943149
"YMR040W",15756.1028025801,5268.38001520668,13.9437146759817,12.3634175118748
"YMR041C",189.668881267362,25.547866038193,7.57492559291853,4.73052399434064
"YMR043W",1591.12645607941,60.606274055784,10.636739212449,5.94500537905819
"YMR106C",15.3732758805392,19.5697455984858,4.03327109255712,4.36245204596593
"YMR107W",100357.461364505,51.4991033060948,16.6148027319345,5.71422087639187
"YMR123W",2205.93672965402,514.009904959817,11.1078295544596,9.00845636905891
"YMR124W",67.7103742713049,26.0627279840778,6.10245603643167,4.75823536844914
"YMR132C",80.5608619313829,28.4813833062051,6.3498051166563,4.88173231410261
"YMR176W",20.966943031069,48.6204784493655,4.45726220994785,5.63286374090366
"YMR177W",114.089551371801,51.1886095128204,6.84661305132189,5.70566305891358
"YMR178W",763.064661361691,55.7631385175812,9.57755092578235,5.8268824552261
"YMR179W",123.836196965593,10.6942485888391,6.96389250226904,3.54772725952916
"YMR180C",112.299331336306,22.0327877260228,6.8239955365409,4.52561713020879
"YMR181C",12460.9907973362,290.848764190135,13.6052469361957,8.18907714903295
"YMR215W",367.025854476945,119.522422630833,8.52366331153376,6.91315776783933
"YMR216C",142.682383001091,69.726012444726,7.16673937255096,6.14416901887412
"YNL254C",273.914108224118,5.24786157687557,8.10283713570415,2.64336249052096
"YNL256W",552.598146972148,98.5791813786422,9.11269530370571,6.63777225022075
"YNL257C",45.9425355211037,26.8935514034389,5.55282386356844,4.80185972469812
"YNL263C",241.243348782224,46.3267844805891,7.92031324422568,5.56458499939553
"YNL264C",192.996692932709,46.2804978302378,7.59988824873224,5.56317332104228
"YNL265C",45.3847391648753,70.0271637185796,5.5355783236762,6.15029897115811
"YNL267W",106.21912300804,61.3871305444238,6.74441842960436,5.96317655002277
"YNL268W",1792.21974409924,144.951378372031,10.8083365739265,7.18934402556252
"YNL270C",8.09177695089302,0.450677321144091,3.1845622908663,0.536726651757696
"YNR060W",9191.72464417668,528.015661263705,13.1662768119057,9.04716662306493
"YNR061C",462.293645785145,77.98318293425,8.85578308527536,6.30347360285947
"YNR062C",16.1979734733263,0.147452808930627,4.10416666956877,0.198434821419699
"YNR063W",7.88702788148202,1.44408497097836,3.15170101437915,1.28929444271726
"YNR071C",7911.58500037437,3.18902066184519,12.9499333773339,2.06661300014334
"YNR074C",2727.60983408601,38.4409468056275,11.4139504020036,5.30162227985339
"YNR075W",607.285892749209,30.1227610997641,9.24860573566348,4.95989815162002
"YOL082W",819.833884908729,41.8076253666853,9.68094647795744,5.41979590316862
"YOL083W",129.493851393425,16.1083855180735,7.02783802129638,4.09663171707783
"YOL084W",3233.8166920898,535.149205876364,11.6594682457498,9.0664907363958
"YOL097C",1714.44125991036,130.93533579269,10.7443640106819,7.04368719822721
"YOL098C",99.4138793072117,20.7007251829924,6.64981488360305,4.4396713495583
"YOL100W",35.6977750621664,31.3711945336788,5.19762069190454,5.01663869849492
"YOL122C",6355.35347565191,240.692907482455,12.6339836395862,7.91703132737957
"YOL123W",2721.18069893456,339.223989898156,11.4105471210867,8.41034106177796
"YOL129W",6599.80593202736,485.351145374161,12.688426467187,8.92585450517973
"YOL136C",1351.59279785404,47.4161945494701,10.401511861643,5.59741778470831
"YOL146W",100.120040485315,16.1818529294609,6.65992513601266,4.10281372321453
"YOL147C",226.076685639451,51.714677986408,7.82703577939947,5.7201328197442
"YOL148C",49.6755092920046,15.5550786191501,5.66321677782684,4.04920195691727
"YOL149W",189.149943782369,27.1864262531656,7.57099370221202,4.81692866560611
"YOL151W",17490.3424129243,2980.36660025104,14.0943533959759,11.5417580702044
"YOL152W",1201.93101657091,1.10690894368164,10.2323381965821,1.07512796515778
"YOL154W",111727.452999358,243129.41296459,16.7696371067559,17.8913708445161
"YOR081C",34.9850221334405,7.3104302256082,5.16932464060391,3.05492316631992
"YOR083W",33.5707882918202,1.26955440707653,5.11148159555836,1.18240907381388
"YOR084W",98.5281637300645,15.7866416189904,6.63703292129071,4.06924172455126
"YOR085W",482.111370016641,139.584007499861,8.91621199674383,7.13528867598519
"YOR140W",126.57296412606,57.5677580493165,6.99517880842312,5.8720347645945
"YOR161C",1708.36917680953,92.4569731769091,10.7392482978456,6.54623040778688
"YOR163W",1253.27849980693,212.509690152919,10.292642004158,7.73815773792642
"YOR164C",170.27011445351,65.283266259118,7.42012962204189,6.05057279128691
"YOR341W",1760.18518826921,161.422217949149,10.7823309009014,7.34360518395188
"YOR342C",1237.02932881214,116.981116100457,10.273829776945,6.8824121520025
"YOR344C",1886.87547460978,506.299694907891,10.8825478914764,8.98669448260135
"YOR378W",31.4939529178768,22.2913273146831,5.02209935434808,4.5417209523729
"YOR380W",36.1365142475478,7.30059020875266,5.21476650052735,3.05321392211829
"YPL030W",190.30503395558,16.7632539992143,7.57973102669555,4.15082398392418
"YPL031C",412.599128129013,102.155584076692,8.69208933421559,6.6886781099007
"YPL032C",356.236775680546,111.744027867588,8.48073679588036,6.81690720468325
"YPR106W",46.3980759367019,14.2713642598286,5.56675659086916,3.93275704523248
"YPR108W",1505.50063420681,202.269580174628,10.5569855649405,7.66725051801732
"YPR143W",765.608955164615,109.847683664425,9.58234704089531,6.79243481292751
"YPR144C",946.105749743811,41.2162949651852,9.88738170956902,5.39972806367418
"YPR145C-A",54050.7145859607,31.0252827193601,15.7220527622722,5.00113940162972
"YPR145W",68129.6401628411,1463.7323588179,16.0560161420973,10.5164213589471
"YPR147C",117.727733114313,34.741629608777,6.89151315721613,5.15953350920252
"YPR148C",1633.06279265445,313.498843500564,10.6742477081154,8.29691090169942
"YPR149W",582251.036713874,12399.4736140759,19.1512842554197,13.5981076023898
"YPR151C",857.697176392721,197.815063305679,9.74600563762077,7.63528325720372
"YPR153W",34.2596064602858,0.597273181189002,5.13994446741947,0.675611077584363
"YPR154W",46369.2796494511,1462.03364832225,15.50091280688,10.5147472350745
"YPR155C",113.297027448478,11.9015716952867,6.83664407328245,3.68947492323945
"YAL060W",30367.5928084538,571.585093626652,14.8902924393456,9.16134630225165
"YAL059W",169.92122135746,78.472776025598,7.41718772105719,6.31238883428793
"YAL058W",12.540239265569,22.0990008646569,3.75918132746349,4.52975854484996
"YAL056W",245.215136760276,17.7745501062088,7.94377564801344,4.23070643179771
"YAL055W",195.194246188759,16.2508935394907,7.61613892186875,4.10859918556691
"YAL054C",143.725969959064,8.62704191194929,7.17718001537204,3.26709257122067
"YAL053W",414.574892371235,123.994686189108,8.69896468389724,6.96572295368949
"YAL051W",41.2386758834969,24.452890936966,5.40049270405687,4.66975762166217
"YAL049C",10664.6283405242,809.872807811188,13.3806813407324,9.66333182316794
"YAL046C",619.653551501599,112.653596288423,9.27764437125732,6.82849952518774
"YAL044W-A",107.98351655643,176.942615482434,6.76796613779915,7.47526825283918
"YAL044C",20169.740464735,543.770170083119,14.2999764255823,9.0895038978028
"YAL043C",72.8033809334122,54.5822262274802,6.20561500255709,5.79655171465478
"YAL042W",513.94008759724,93.3513253600645,9.00826077672212,6.55997087849965
"YAL041W",80.0420879680235,33.9724761378871,6.34059943909438,5.12814804091965
"YAL040C",3240.53006996787,118.068472555219,11.6624592407651,6.89564765075599
"YAL038W",127247.317986597,82249.9749963338,16.957287060809,16.3277451600878
"YAL034C",2553.40374507682,435.684608821543,11.3187708578565,8.7704478732443
"YAL033W",100.728341464162,64.4262938449386,6.66857785907406,6.03179864461875
"YAL032C",74.7464356597411,27.3443764005956,6.24310609730792,4.82499062392599
"YAL031C",40.4544458436045,25.4239275381483,5.37345492887785,4.72377301335272
"YAL030W",2107.31751393195,483.057769670461,11.041876438772,8.91903542538113
"YAL029C",112.554479606262,36.8828480445107,6.82724080976285,5.24347289204095
"YAL028W",85.6576969299932,13.2660457303114,6.43725599002669,3.83451359817845
"YAL027W",22.827671584373,14.9609694101286,4.57456607462363,3.99647637305867
"YAL026C",37.9323802895488,39.3511429613634,5.28289864730307,5.33453763385107
"YAL025C",6868.51436303783,187.28898829665,12.7459923966892,7.55680481907179
"YAL024C",7.80678432990975,16.1166046920633,3.13861533603974,4.09732464710998
"YAL023C",1709.86393164032,397.228204024944,10.7405093086894,8.63745159156137
"YAL022C",51.5129471256767,18.055755025779,5.71460125959345,4.25215486653087
"YAL021C",115.429965406754,61.6748198761421,6.86331860008366,5.96981403972927
"YAL019W",150.733917336617,32.4351135023887,7.24539979944644,5.06329210974037
"YAL017W",210.412858335337,31.2628284670371,7.72391931527715,5.01180101932294
"YAL016W",668.85692966457,95.825291859449,9.38770918250275,6.59731203984788
"YAL015C",92.6413069005484,24.4468616020109,6.54907316438409,4.66941583250815
"YAL014C",147.980545858022,126.883707142796,7.21898014310272,6.99868866101868
"YAL013W",185.746368252036,26.3162126462163,7.54493637626595,4.77168556477847
"YAL012W",32930.9219066157,11019.5778801438,15.007199089607,13.4279122552697
"YAL011W",63.8973263798885,61.4674699233767,6.02008713862905,5.96503319349711
"YAL010C",41.0622426640094,18.6226633437584,5.39445386825684,4.29444896376666
"YAL009W",35.3178509942783,29.192000580792,5.18260693265872,4.91609445069093
"YAL007C",2628.68126814721,1439.51784679028,11.3606722321913,10.4923718190345
"YAL005C",760192.318523004,12606.3766205815,19.536006819584,13.6219804862846
"YAL003W",101859.091868495,120825.88462337,16.6362293979646,16.8825819721247
"YAL002W",15.5787666053765,15.2623847207973,4.05126477491188,4.02346692503114
"YAL001C",31.9213444089729,25.6730483137081,5.04095134718865,4.73731080675636
"YAR002W",140.286206190077,45.6237299009765,7.14247681162086,5.54299251965426
"YAR002C-A",2729.49749566467,1241.84694476485,11.4149481182756,10.2794329256828
"YAR003W",59.4733202934176,29.2021323269859,5.91822688736026,4.91657850499962
"YAR007C",304.143009377585,60.0594331429278,8.25334172938539,5.93214229095543
"YAR008W",157.612505437355,13.2037318804219,7.30936271126564,3.8281981272952
"YAR014C",208.551414528397,24.1877805549014,7.71116044985559,4.65465209812244
"YAR015W",24647.7367267393,43.7987235204169,14.5892260884337,5.48538572009434
"YAR018C",263.98807836752,11.6784912432748,8.049783645047,3.66431116801817
"YAR019C",21.426756126145,26.1908695414894,4.48714905462646,4.76505038318037
"YAR023C",112.512776416241,6.76828554876324,6.82671087878854,2.95759623271039
"YBL108C-A",870.085107500644,1.7744634170662,9.76666987090741,1.47220878033086
"YBL107C",697.389637028232,169.485069144834,9.44788834164171,7.41350158524746
"YBL106C",120.41194788934,14.4865754736281,6.9237665908785,3.95294625299662
"YBL105C",76.1168327102043,64.5442967169688,6.26897389428827,6.03439834587419
"YBL104C",17.3928154619168,19.4535887103397,4.20107043064848,4.35428209015115
"YBL103C",136.706333025206,12.8484940198109,7.1054510993853,3.79165719114149
"YBL102W",834.40372133264,88.5939083490714,9.70632975982102,6.48532873907484
"YBL101C",156.152913303755,32.6025931451015,7.29602520686794,5.07050066638014
"YBL099W",54748.3405170209,13918.9340272839,15.7405539663901,13.7648647531832
"YBL098W",2049.30007344919,16.7685711888348,11.0016193567322,4.15125577053315
"YBL097W",11.3082739076195,12.5872576438509,3.62155654968115,3.7641823969931
"YBL095W",148.998217692461,70.6832891471318,7.22880154821905,6.16356493104666
"YBL093C",3863.94297793974,1263.55084401311,11.916231413935,10.3044093295169
"YBL092W",235614.818273365,332511.472559174,17.8460768734459,18.3430489316274
"YBL091C-A",253.235410420963,96.077579035673,7.99002117558905,6.60106622524724
"YBL091C",920.698355580667,99.8461788518985,9.84815086655624,6.65601260981031
"YBL090W",1103.79618807879,66.6464468233651,10.1095645315925,6.07994225251954
"YBL089W",18.7743917426486,14.3613262404787,4.30556141318287,3.94123087331382
"YBL088C",4.67501722066525,31.3503906819479,2.50462477022393,5.01571123002649
"YBL087C",21876.3200290928,21258.428748674,14.4171483984138,14.3758152110127
"YBL086C",169.83580742036,7.08700610426392,7.41646658729451,3.01560570043595
"YBL085W",75.8230062149196,21.8556775540353,6.26346651497213,4.51448068299831
"YBL084C",35.536708457014,11.689985004651,5.19127476424855,3.66561845928085
"YBL082C",41.4606686662094,27.4659369814653,5.40805518572152,4.83116468297988
"YBL081W",514.434944901697,22.8600299622432,9.00964654056822,4.57652394958658
"YBL080C",26.1377178487871,4.88412367990791,4.76222749704896,2.5568275712893
"YBL079W",86.9574727848579,46.5228339669021,6.45873424781682,5.5705489669706
"YBL078C",12501.4004807757,360.475533519868,13.6099175007747,8.4977541914073
"YBL076C",2890.49996940105,706.287699896877,11.4976023715163,9.46615336207452
"YBL075C",23107.8580516222,103.452989610469,14.4961583488328,6.70670997499423
"YBL074C",15.7296648785749,3.94486901466313,4.06433664110879,2.30593230573691
"YBL071W-A",1250.5741232514,316.545756202306,10.2895280204191,8.31082067926573
"YBL069W",89.0923615121363,25.9981699212066,6.49333288710027,4.75478971197522
"YBL068W",594.747258994507,124.793048740632,9.2185565984326,6.9749083916064
"YBL067C",61.92725648224,44.3935714633032,5.97561314020082,5.50441609560415
"YBL066C",46.470593798762,3.71023601218848,5.5689621911087,2.23579934966467
"YBL064C",53192.6334365469,1933.61076152316,15.6989659643894,10.9178276138701
"YBL063W",9.01672833890066,15.0842992625118,3.32433946769357,4.0075811789961
"YBL061C",114.33657211517,50.724394825202,6.84970623999841,5.69277295555675
"YBL060W",15.7588071258448,8.31439783966297,4.06684755807293,3.21946250434538
"YBL059C-A",804.394472540676,121.860898319672,9.65355176080992,6.94088202675339
"YBL058W",1682.8151425878,143.221914847289,10.7175180456847,7.17214659179651
"YBL057C",509.499447226097,96.5210480215138,8.99576558871404,6.60764172502223
"YBL056W",722.856259389415,158.729815448298,9.4995594306544,7.3194898236545
"YBL055C",191.536438272611,19.6378896225274,7.58898769709087,4.36722354690934
"YBL052C",13.1102980266837,18.6263859493412,3.81867655462112,4.29472263075867
"YBL051C",466.472635192202,56.1462734643276,8.86873810508946,5.83658751756466
"YBL050W",727.624903544228,197.355191867528,9.50903249532174,7.63194234971573
"YBL049W",4911.75040694467,8.44423976151554,12.2623152292649,3.23943466782224
"YBL047C",460.361657553965,104.351329402223,8.84975430052453,6.71906470905471
"YBL046W",73.6887189504393,14.7974377257503,6.22281844843335,3.9816186735352
"YBL045C",26615.1609798247,625.568320351013,14.7000148766152,9.29132801784966
"YBL043W",2260.35349696875,1.88507296819778,11.1429708178664,1.52860780744124
"YBL042C",574.635088233358,41.5047854173976,9.16901072500337,5.40955337165051
"YBL041W",4039.63356051932,608.751807483397,11.9803658060937,9.25207831937424
"YBL040C",2354.05470293017,601.330251943641,11.2015448556379,9.23441090965036
"YBL039W-B",2356.57138857665,117.690445962606,11.2030857418344,6.89105999908386
"YBL039C",4295.88419232342,539.574538054533,12.0690751794346,9.07834974995004
"YBL038W",1091.41303595091,91.8021696339371,10.0933027199064,6.53608662958861
"YBL037W",29.9980611897073,14.8806895010236,4.954106078146,3.98920164704786
"YBL036C",794.173271554774,53.6036381541118,9.63512545366253,5.77092517372541
"YBL035C",114.961803355119,29.0534554254994,6.85750586422369,4.90945897063701
"YBL034C",9.65848451670409,9.03324409411984,3.41393041706849,3.32671624936946
"YBL033C",1001.05546197305,286.790518353094,9.96874664598873,8.16887525110135
"YBL031W",43.2064222245146,9.2195016500003,5.46618407170775,3.35325294041896
"YBL030C",182024.864882161,4481.39238722711,17.4737839385199,12.130053232111
"YBL029C-A",12253.2582451525,98.2390757501361,13.5809955395252,6.6328363938329
"YBL029W",204.380154176798,3.29752312599548,7.6821529709732,2.10350540320985
"YBL028C",11867.2648300623,160.534694244493,13.5348214043312,7.33570024843327
"YBL027W",80425.8548256198,213946.316954549,16.2953896826297,17.7068960611307
"YBL026W",1459.69721410849,81.092444117068,10.5124414395484,6.3591775356909
"YBL025W",91.149175111402,23.7216682914819,6.52589934627763,4.62770419875407
"YBL024W",864.056758985198,153.747579796137,9.75665098520619,7.27377303609042
"YBL023C",72.139344144643,80.6919918167441,6.19257578468514,6.35212275425546
"YBL022C",457.090389321734,63.3220146279073,8.83948848538917,6.00724068872034
"YBL021C",210.88859468129,24.4362424655055,7.72716212368783,4.66881366107705
"YBL020W",63.4286249745315,16.4050788332765,6.00962990020712,4.12143644339995
"YBL019W",28.6317275712304,17.2457709594805,4.8890708347806,4.18949020694541
"YBL018C",610.213547337838,42.9103135464783,9.25553271034163,5.45648793111302
"YBL017C",179.647901145447,161.115081737654,7.49703668271477,7.34087450232042
"YBL016W",276.065872540558,25.8457434549861,8.11408520824959,4.74662145374259
"YBL015W",12333.1967036033,280.941135975558,13.5903761390087,8.13925017615525
"YBL014C",26.5579229877212,13.713670232366,4.78439525258729,3.87908525756256
"YBL013W",9.49528307829022,1.88183099634836,3.39166917434619,1.52698573180713
"YBL011W",345.797688584751,84.9776899173199,8.43795047276807,6.42589044282664
"YBL010C",88.6096787641881,11.4251571101892,6.48558266144444,3.63519218898139
"YBL009W",59.2727340851088,12.1848851003896,5.91343360453724,3.72081309378643
"YBL008W",17.2230320846181,17.0843663569365,4.18769112041049,4.17667114437564
"YBL007C",231.96189246611,136.453598058184,7.86395017020583,7.10280086186937
"YBL006C",288.200173061075,100.359427587962,8.17592460539114,6.66333647198703
"YBL005W",14.7624374159551,4.9394060217929,3.97841873729682,2.57031865960154
"YBL004W",238.30364425472,97.538789303004,7.90269855701545,6.62261984097137
"YBL003C",105325.273335514,22792.748823233,16.6845058318155,14.4763505996292
"YBL002W",55264.9636440298,19888.7208270376,15.7541036285519,14.2797354061346
"YBL001C",16290.4819820149,372.058974437517,13.9918302265593,8.543259904446
"YBR001C",440.646483657115,24.1432515281594,8.78674821472669,4.65209932619788
"YBR002C",458.196589216676,246.08872123244,8.84296811589446,7.94888534777692
"YBR003W",355.094157783852,19.9625314983177,8.47611495626648,4.38974104647341
"YBR004C",232.45273875219,85.6274173422003,7.86698670343954,6.43675180117265
"YBR005W",1310.00486827715,597.049596602081,10.3564573275263,9.22412132270116
"YBR006W",655.557737767473,266.592415788977,9.35877807724945,8.06389341689503
"YBR009C",156746.528535127,27939.5213744353,17.258083170426,14.7700713214598
"YBR011C",66673.684047971,10646.6749045057,16.0248514628276,13.3782508081266
"YBR014C",452.2253483707,81.6322498860946,8.82408474145837,6.36863304445312
"YBR015C",652.733787332759,130.997587779474,9.35255945258798,7.0443677547343
"YBR016W",21634.4317785163,5260.37770424522,14.4011082924751,12.3612249067709
"YBR021W",158.35370580628,9.08167321471041,7.31608875947836,3.33366319188374
"YBR022W",228.358764147295,57.8702009409544,7.84146222582012,5.8794656468802
"YBR023C",297.741114777139,24.1227488810026,8.22275199455821,4.65092242456347
"YBR024W",506.825302397015,37.5955442890737,8.98818846883514,5.27036239825895
"YBR025C",16424.0206686899,3266.29264326389,14.0036075655368,11.6738799638267
"YBR026C",1605.11979208202,24.0394974384173,10.6493637846141,4.64613370147183
"YBR028C",110.227201919436,5.27290727062355,6.79736584901494,2.64913423613815
"YBR029C",879.852276072169,104.60807871099,9.78275628105677,6.72257639066882
"YBR030W",71.3451898196496,13.4461867842666,6.17682519106333,3.85261682405434
"YBR033W",10.2399924049759,7.68078468258952,3.49056915559679,3.11782545816676
"YBR034C",6160.54838885265,415.940814823504,12.5890772284741,8.70369879593708
"YBR035C",5619.28584137889,1638.55804308186,12.4564277908117,10.6790912611013
"YBR038W",208.577463776803,60.8358376286387,7.71133977952477,5.95037130492267
"YBR044C",107.106909417911,11.5378218004985,6.75631492250873,3.64821482495914
"YBR045C",44.5825048105873,36.464253826994,5.51040829940551,5.22744281258601
"YBR049C",210.668774924338,60.6296081834676,7.7256646505025,5.94555171394188
"YBR050C",88.3698694469834,6.22291543076175,6.48171661168419,2.85258127873641
"YBR052C",11454.8359181302,675.862561207268,13.4837951136997,9.40271911014189
"YBR053C",2072.03429295661,167.317808006634,11.0175282669412,7.39504401150338
"YBR054W",41047.9555834824,4.99352381200739,15.3250578952505,2.58340446567569
"YBR055C",39.103712482003,33.0570608197531,5.3256638909556,5.08988202832615
"YBR056W",2595.71975719177,144.03090864896,11.3424746087571,7.18021658658454
"YBR056W-A",66.4832153422182,5352.25720347844,6.07645680958813,12.3862012549441
"YBR057C",172.892895011355,18.8585315572624,7.44205517738594,4.3116870413498
"YBR058C",72.1733089877514,20.5763614184295,6.19324559567616,4.43137968787908
"YBR058C-A",13783.7948395821,209.953030625178,13.7507901752893,7.7207780037435
"YBR059C",245.861704598382,102.688725588564,7.94755923981917,6.69611522354266
"YBR069C",317.638541656187,31.4463428984339,8.31577697168273,5.01998397281526
"YBR070C",175.972144197086,47.4303075890991,7.46737848459513,5.59783826065694
"YBR071W",2687.71380284995,95.2754897857395,11.3927004819765,6.58909665240233
"YBR072W",10123795.5465888,19984.9544082513,23.2712470838671,14.2866988483385
"YBR080C",279.989249409675,95.9069553485608,8.13437112406418,6.59852831147472
"YBR081C",33.6810862186904,34.9019854443091,5.11607717965752,5.16599172477007
"YBR082C",104823.25771594,2638.24052702904,16.6776130886104,11.3659071212449
"YBR083W",1999.37367089126,371.348249004494,10.9660538060557,8.54050876295949
"YBR084W",976.470495122195,76.9537891682349,9.93290934520411,6.28454724585865
"YBR084C-A",36324.092038896,53318.6766505863,15.1486788328485,15.7023804109889
"YBR085W",166.057936970983,6.36817312697521,7.38420471693525,2.88130696024768
"YBR085C-A",1745545.6577213,67068.0100809954,20.7352474893564,16.0333586880017
"YBR086C",403.488675002645,142.177524995242,8.65995549997943,7.16166123598955
"YBR087W",127.603267690838,43.2290901822701,7.00678349046137,5.46692366036545
"YBR088C",306.806206138004,652.041135810701,8.26587851005117,9.35103006142532
"YBR089C-A",888.59426467637,430.750376497381,9.79700367663377,8.75405362559648
"YBR091C",194.130198883068,107.783807783774,7.60829326042969,6.76532002054922
"YBR094W",73.5566220570953,14.4330709194881,6.22026459205936,3.94795325721727
"YBR095C",76.2509300701104,26.9922648949348,6.27148039747665,4.8069563170785
"YBR096W",1600.51915120624,144.351783200793,10.6452253348415,7.18340496058951
"YBR097W",8.52534914650089,17.1273663889326,3.25177197477852,4.1800974351037
"YBR098W",23.3104796657341,6.46610226218016,4.60350645409312,2.9003552691727
"YBR101C",50680.6213303066,235.922735484422,15.6291750572993,7.88827283831821
"YBR102C",30.1548923324874,19.1435695439719,4.96138682602138,4.33224745385655
"YBR103W",61.6800656645299,35.6233839602043,5.96993478608653,5.19469319560895
"YBR104W",3449.1452311872,84.0870706087686,11.7524413769597,6.41086801897535
"YBR105C",790.516998037992,149.464619473264,9.62847652272947,7.2332804786786
"YBR106W",63758.7558221314,14106.3995890455,15.9603584838641,13.784164460629
"YBR107C",193.509770018001,1.56828291838901,7.6036988118372,1.36080413644563
"YBR108W",138.615908550513,20.3638178366712,7.12531952873845,4.4170975828234
"YBR109C",11335.3379055827,2573.5486306867,13.4686670463975,11.3301038061425
"YBR110W",127.65019650652,43.1580291237846,7.00730985049017,5.46460387758328
"YBR111C",3549.92781521792,300.925443725144,11.7939803175961,8.23804852989669
"YBR111W-A",284.035719476581,50.3660844477556,8.154998912851,5.68274419849038
"YBR112C",329.581148856825,16.1052611886446,8.36886064814304,4.09636822838139
"YBR114W",169.619608682185,20.9494739564457,7.41463964957799,4.45611445927117
"YBR115C",2748.00649634528,388.232763148731,11.4246946008378,8.60448934193592
"YBR117C",5049.39951178196,530.545270634413,12.3021818014115,9.05404875817918
"YBR119W",168.769728900079,25.4905788885662,7.40743542923687,4.72740746560654
"YBR120C",1833.70263014862,48.6278978847307,10.841330533684,5.63307944181531
"YBR121C",3632.70138202611,2028.99350427596,11.8272241482705,10.9872593956371
"YBR122C",1632.85020487775,467.85129901965,10.6740600046289,8.8729866195867
"YBR123C",25.7418098672528,45.1860272007589,4.7410252042285,5.52938454962027
"YBR125C",111.485650547216,24.8692300244371,6.81359716273035,4.6931652089619
"YBR126C",265217.400411933,4934.56274693167,18.0168213451443,12.2689988730766
"YBR126W-A",112.02095919868,1531.48923876421,6.8204465281506,10.5816612279184
"YBR127C",10442.2092666215,583.205495279709,13.3502775092305,9.19033211859484
"YBR128C",25.2726092815775,5.25948238648303,4.7154875846872,2.64604336173794
"YBR129C",107.903815479376,29.3202502900793,6.76691068998883,4.92220975772242
"YBR130C",149.454220438715,48.4262356393365,7.23318076650649,5.6272051281855
"YBR131W",8.54880637427332,13.8775081087661,3.25532040377229,3.89506099900923
"YBR132C",758.879911780816,8.50179742049623,9.56962762890007,3.24820044863878
"YBR133C",50.7008628017945,28.2562587981059,5.69211645181991,4.87067338867999
"YBR135W",893.128952880563,291.431167642956,9.80433910425397,8.19195327332093
"YBR136W",8.82717132961131,24.3775430438204,3.29677620842611,4.6654804946385
"YBR137W",2033.26741093361,282.699483372201,10.9902936231839,8.14821971318558
"YBR138C",82.1881432710646,9.96790914679947,6.37830601191955,3.45521662053319
"YBR139W",2989.46392266881,117.550113633266,11.5461535975187,6.8893532354548
"YBR140C",21.4919345878844,96.1476465190375,4.49133585117037,6.60210714065742
"YBR141C",58.297432205487,10.2901464706236,5.8898977270681,3.49699229765653
"YBR142W",751.719345690271,66.3062837609688,9.55596824052124,6.07266929701258
"YBR143C",4734.43246880488,763.239847765392,12.2092804721528,9.57788167211653
"YBR145W",27538.1246166608,863.178619599743,14.7491950809514,9.75518572783152
"YBR146W",1929.28551520135,154.228854811558,10.9145985419482,7.27825294848671
"YBR147W",3573.50367354777,221.104880958182,11.8035272195821,7.79509728755286
"YBR148W",69.6144371612754,5.81708037973547,6.14189126835039,2.76915399386349
"YBR149W",22277.1390133905,2705.932246787,14.4433411028788,11.4024430627034
"YBR156C",15.9870827642996,13.1433967246727,4.08636621092679,3.82205673903331
"YBR157C",98.3348008115894,0.841732764317174,6.63422733290843,0.881063741361967
"YBR158W",181.748020157017,89.9350917226875,7.51371196626639,6.50676523072219
"YBR159W",506.970926062693,73.9062108583437,8.9886021158558,6.22701343978029
"YBR160W",707.262212309571,135.718128494442,9.46813976246219,7.09506074328916
"YBR161W",216.138457045204,23.86354538252,7.76247145177093,4.63596012503021
"YBR162C",9085.54121416123,1772.32978134717,13.149515522671,10.7922451399467
"YBR162W-A",166568.377166887,849.191879039553,17.3457636682358,9.73164466831742
"YBR163W",32.6966044970912,24.0741875666423,5.07453131768881,4.64813105145504
"YBR164C",1535.61013093062,164.135945189125,10.5855354552074,7.3675103760569
"YBR165W",161.284649742525,52.4091948783187,7.34238273379081,5.739016231246
"YBR166C",161.836988387011,31.8492888648828,7.34728463447323,5.03779023370857
"YBR167C",141.99352797297,41.7061423586091,7.15980604046648,5.41637168026012
"YBR168W",17.7764013233803,5.94536170023881,4.23084867809154,2.79604982877151
"YBR169C",31644.3944433939,103.615282841551,14.9497079298459,6.70894981448721
"YBR170C",239.291067116989,106.034316927153,7.90863920667544,6.74192961185072
"YBR171W",1256.111203244,577.316814800357,10.2958965599357,9.1757162394604
"YBR172C",684.357138099929,149.80100752063,9.42071215901108,7.23650225724178
"YBR173C",16387.0496448485,2110.03825614125,14.0003565478896,11.0437370080393
"YBR175W",67.4548549993358,25.8826879617261,6.09708095974641,4.74860549324111
"YBR176W",92.8440546951084,15.9139313333169,6.55219344374132,4.0801401216303
"YBR177C",4355.82064600169,745.863497010344,12.0890600087828,9.54470077792762
"YBR179C",106.642155825391,23.7302566910325,6.75009938002637,4.62820530934055
"YBR182C",275.957105967647,3.23602388693283,8.11351874438994,2.08271072470852
"YBR182C-A",50.0944890828234,0.387820485897113,5.67509578914948,0.472820967876523
"YBR183W",3394.55246260299,32.1510668856135,11.7294306073544,5.05098339556658
"YBR184W",1.51675456431455,1.06445505998639,1.33156453071773,1.04576101360227
"YBR185C",302.414117127813,24.8134732071889,8.24514440204547,4.69005236424144
"YBR189W",113762.346362802,271391.001286551,16.7956762821827,18.0500186753915
"YBR191W",59919.4487793689,96214.6509374278,15.8707608085755,16.5539839689009
"YBR192W",151.173500580953,23.7034859341983,7.24957334027861,4.62664273123701
"YBR193C",124.23594988706,9.25397234807103,6.9685049475644,3.35811100721886
"YBR194W",353.63077081037,23.3647130738256,8.47017391205057,4.60672132790779
"YBR195C",64.2043484493605,28.3831921178307,6.0268962752507,4.87691923014179
"YBR196C",22833.7914068593,2439.4434812277,14.478945990476,11.2529276250859
"YBR196C-A",413.920758708439,7.06549017784621,8.69669202759778,3.01176221542161
"YBR196C-B",146.511402721651,0.157455994988623,7.20468266976879,0.210957345089402
"YBR197C",97.4161685371075,0.27628398448138,6.62082344655038,0.351949377236265
"YBR198C",123.293705170106,58.761584043227,6.95760942301281,5.90114648366078
"YBR200W",72.4648638470155,19.0323556269877,6.19898250981994,4.32426017412843
"YBR200W-A",393.285942001276,0.0127170381616237,8.62309846282101,0.0182311290582714
"YBR201W",432.272083288599,110.111478018058,8.75912947323754,6.79586404722541
"YBR201C-A",3350.7361400335,1.20262829873526,11.7106928643531,1.13922605572152
"YBR202W",213.22747928262,17.5230884328254,7.74299973840651,4.21125276018338
"YBR203W",424.274938169224,15.5178230976251,8.73225202794008,4.04595165978009
"YBR204C",186.112157516182,15.4826901022404,7.547759489767,4.04287981559054
"YBR205W",97.4572985965563,84.8293489260021,6.6214262513318,6.42339914948783
"YBR207W",519.201195395506,57.741507129213,9.0229259042982,5.87630837621148
"YBR208C",357.469408178207,47.9003401897677,8.4857061941893,5.61177259663713
"YBR210W",480.52351627579,16.6642673866678,8.91146244679674,4.14276201057283
"YBR211C",57.6757759110262,6.92162326095309,5.8746931095325,2.98579609073017
"YBR212W",330.731239230395,121.764492532811,8.37387106732315,6.93974953668569
"YBR213W",912.473772936977,68.4406616589898,9.83521949750331,6.11770878932292
"YBR214W",9513.53469545564,934.693723178244,13.215917388458,9.8698925653518
"YBR215W",73.5257514626742,20.3612941576121,6.21966711224916,4.41692714913241
"YBR216C",46.4225089095252,34.4614452707784,5.56750008616743,5.1481794309687
"YBR217W",71.2651617096914,4.22470689129745,6.17522840123558,2.38535010354129
"YBR219C",14.9760625321966,24.04344305702,3.99783997967181,4.64636101737408
"YBR220C",54.8652003687312,2.14275743612282,5.80387797206718,1.65203092654103
"YBR221C",8730.0000888843,438.12499288612,13.0919312009036,8.77848783785053
"YBR221W-A",2394.02550351032,0.879452778457051,11.2258253032924,0.910312667899328
"YBR222C",779.094622220804,286.561780973397,9.60750531724867,8.16772813375733
"YBR223C",14.1104736802373,6.44937165103683,3.91747698142703,2.89711874045211
"YBR225W",26.1567867484534,2.97298931682333,4.76324088167486,1.99022491409384
"YBR227C",68.0009481038275,29.1724003422244,6.10854428018821,4.91515756843771
"YBR228W",28.4646306305203,11.6509883426507,4.88091227552261,3.66117819295651
"YBR229C",89.9441571457035,25.4167127688112,6.50690904746787,4.72337904719531
"YBR230C",21696.3451809304,1172.13885770584,14.4052309093798,10.1961580716579
"YBR230W-A",23618.2112153294,43.154954928066,14.5276731649986,5.46450343647675
"YBR231C",145.516408675604,42.1768684468383,7.19491843387136,5.4321867055463
"YBR233W",55.6064936592477,18.581614818156,5.82289565735483,4.29142783807631
"YBR233W-A",242.154404361635,27.0427404299517,7.92572891375167,4.80955543608737
"YBR234C",1379.78731769129,313.998435049729,10.4312754034313,8.29920085092187
"YBR235W",27.3680950205037,10.7511892105342,4.82619736863155,3.55473485859893
"YBR236C",142.215055309981,71.39866755235,7.16203935192545,6.17789124063084
"YBR237W",27.0629668793342,16.3122207094681,4.81059563683993,4.1137188918649
"YBR238C",223.880955371085,12.9281656010333,7.81301767767978,3.79993335623207
"YBR239C",106.074622838983,8.2468024982247,6.74247278524522,3.20895457455402
"YBR240C",952.615116100301,3.95555101421528,9.89726329444025,2.30904548148415
"YBR241C",539.9900158831,61.7966473275951,9.07945815874576,5.97261563150476
"YBR242W",18171.3837077845,85.6471913167089,14.1494600527176,6.43708107982815
"YBR243C",60.4251038451889,34.9079514809975,5.94075648649495,5.1662314456759
"YBR244W",16390.2956173793,565.42485467195,14.0006422734556,9.14574076191392
"YBR245C",74.3703930198223,101.292561421808,6.23592601053249,6.67655742781933
"YBR246W",143.905571407977,29.7537831302911,7.17896925525711,4.94269198721236
"YBR247C",2016.47016112123,90.0385911500189,10.9783316205092,6.50840632655857
"YBR248C",3019.29777932704,528.513234393739,11.5604750804309,9.0485229324543
"YBR249C",32861.9476977635,2598.1990741992,15.004174270617,11.3438514195731
"YBR250W",1.08376645488708,3.8517586468712,1.0591935917925,2.27850778466647
"YBR251W",361.837905713407,52.1026507610519,8.50318137201411,5.73071197370161
"YBR252W",1379.38339849785,601.116329266049,10.4308533127449,9.23389843330786
"YBR253W",914.226130515542,178.848492233118,9.83798443269852,7.49063825440831
"YBR254C",165.354949082054,29.3285041932013,7.37812097700498,4.92260244064813
"YBR255W",56.1119597445201,17.2929154337033,5.8357209850882,4.19321311784473
"YBR255C-A",159.739133854495,51.9873505826894,7.32857740282346,5.72757608796454
"YBR256C",24075.0741559383,4149.44818855994,14.5553125450066,12.0190514197963
"YBR257W",83.6574683198233,17.7782087388213,6.40356544041768,4.23098754515959
"YBR258C",59.4992200657579,10.7071200311308,5.91884463868755,3.54931430925583
"YBR259W",8.89848214487408,13.1709100621923,3.3072073161065,3.82486050664025
"YBR260C",77.9693092041788,28.0152759373004,6.30322016511559,4.85874074397445
"YBR261C",349.747531657159,95.4175543327703,8.45428914086578,6.59122393058779
"YBR262C",9017.47553320053,81.2846781096198,13.1386678681907,6.36255191225159
"YBR263W",886.048262198464,297.479600115937,9.7928687900623,8.22148852221191
"YBR264C",411.694098551669,97.5956145725341,8.68892899799824,6.62345157338547
"YBR265W",333.006730130547,84.0503194438636,8.38373336261819,6.41024474946165
"YBR267W",871.252552342261,172.877150288234,9.7686021037434,7.44192454604325
"YBR268W",1893.4141232356,181.126785941905,10.8875360263613,7.50879930925407
"YBR269C",7469.53195342751,118.656523170193,12.8669952611769,6.90275523845859
"YBR270C",14.6484843050482,4.84582897221191,3.96795102095982,2.54740762172846
"YBR271W",91.6246627870132,16.3568384879546,6.53332447998314,4.11743228269731
"YBR272C",89.8883520995421,17.694737944948,6.5060235109242,4.22456034312684
"YBR273C",304.642520447748,195.320087146736,8.25570145229717,7.61706398430248
"YBR274W",38.1360934894824,22.9916769768122,5.29042785022291,4.58446209793654
"YBR275C",27.5334251433255,24.0967253637995,4.8345810328583,4.6494272276049
"YBR276C",90.2879060145615,35.5991502090054,6.51235183693112,5.19373824603366
"YBR278W",40.3544199819111,43.0762518043213,5.36996962852091,5.46192963882285
"YBR279W",677.83181442164,111.559299157222,9.4069103702015,6.81454144064776
"YBR280C",309.939459012493,27.5067871046471,8.28048989976145,4.83323354246233
"YBR281C",93.168458300277,35.6146775694963,6.55717200532124,5.19435018634586
"YBR282W",1575.5430467432,122.969848249888,10.6225488473095,6.95384546304892
"YBR283C",1136.78604824421,482.129360854053,10.1520135803062,8.91626572101996
"YBR284W",8.08954374372734,7.97414117692856,3.18420787910783,3.16577387998625
"YBR285W",2138.52151692108,3.24413402711438,11.063072472714,2.08547021638466
"YBR286W",35729.9328722589,606.057445647759,15.1248859602124,9.24568923447599
"YBR287W",1993.07974589451,251.042730648278,10.9615073908405,7.9775245348821
"YBR288C",90.6024281732444,22.7423685734945,6.51731393629984,4.56939196241899
"YBR289W",35.0435699335227,15.6932574482956,5.17167000477145,4.06119359817696
"YBR290W",756.178804685333,150.755282823975,9.56449021676545,7.24560292946023
"YBR291C",518.350255136766,63.8891368471505,9.02056402492236,6.01990507036106
"YCL064C",7686.56870750809,627.412420331859,12.9083116841201,9.29556788500597
"YCL063W",168.243534031791,25.6700955327375,7.40295690630195,4.73715108754372
"YCL061C",48.9127433771855,20.1507806161519,5.64133629642042,4.4026390050538
"YCL059C",2079.27377429207,142.005043365381,11.0225576913083,7.15992221726734
"YCL057C-A",24332.6235960774,1116.43074209317,14.5706635520589,10.1259697011847
"YCL057W",812.062511682088,187.742159277761,9.66722246683117,7.56027290305459
"YCL056C",356.669351146215,25.5209877838151,8.4824826881923,4.72906260503894
"YCL055W",194.871905334816,45.2416632974356,7.61376667088798,5.53112138692588
"YCL054W",2091.4579411427,166.697502977829,11.0309829092467,7.38971739705311
"YCL052C",404.158194029427,30.1876037139165,8.66234150809441,4.96290080300633
"YCL051W",63.9587279159678,10.9751079123501,6.02145147545087,3.58196675159294
"YCL050C",11001.9263521912,255.868260456924,13.4255996553287,8.00488482656739
"YCL049C",4383.36707870083,111.177146185957,12.0981528768591,6.80963497585912
"YCL048W-A",83.3786235896985,0.858499619190689,6.39880564894721,0.894138392589361
"YCL048W",2.16838182864849,0.587332106601205,1.6637462082406,0.666604004934734
"YCL047C",745.363484521321,94.4946239025037,9.54373459452191,6.57734761036542
"YCL045C",153.892017153688,61.6881283078543,7.2751189820006,5.97012035046595
"YCL044C",1042.36885323187,87.2936510443742,10.0270335562834,6.46423779622532
"YCL043C",126371.095438161,24729.5126150844,16.9473184077511,14.5940045238295
"YCL040W",254295.921166057,5364.01706406139,17.956154469515,12.3893670443107
"YCL039W",137.164483650199,28.4938041488279,7.11024299618898,4.88234000995213
"YCL038C",129.93347898475,23.1618282847995,7.03269022357221,4.59465771998154
"YCL037C",1138.80172306706,241.236417198032,10.1545671634144,7.92027196216255
"YCL036W",3036.65476529063,17.7503283721647,11.5687421990362,4.22884395645563
"YCL035C",412214.494812643,7834.59677962601,18.6530392099525,12.9358274429872
"YCL034W",651.079854212872,85.4362690703773,9.3489048386215,6.43356489603168
"YCL033C",1096.50370527565,143.266868483967,10.100010095105,7.17259620642958
"YCL032W",128.967485415279,46.4811434530203,7.02200693227982,5.56928277363588
"YCL031C",1102.99758394021,112.080441863652,10.1085212994944,6.82120561542163
"YCL030C",25178.1991079885,2646.95205260173,14.619944774548,11.3706612836577
"YCL029C",111.401670212883,24.9980714124682,6.81251966296649,4.70033270018471
"YCL028W",506.297991084338,82.3116770740433,8.98668963713831,6.38044681468165
"YCL027W",69.3465371440376,40.7120052456574,6.136407502456,5.38239076430527
"YCL026C-B",17605.7307772606,3181.54144710134,14.1038394335632,11.6359635875203
"YCL026C-A",68.3657838273022,5.42198685346202,6.11615229262641,2.68301971170576
"YCL025C",23561.9070874897,184.065620140362,14.524229923046,7.53189309870653
"YCL017C",421.440265020407,100.032311868361,8.72260354193495,6.65867295519859
"YCL016C",31.3100612421415,19.1741609743667,5.01391158005115,4.33443676921863
"YCL014W",17.2131621047128,19.3096634315101,4.18690951455247,4.34409442660835
"YCL012C",627.151200320461,62.4668443070135,9.29496805732632,5.98793120573234
"YCL011C",549.692479186859,80.19113702624,9.10510309549629,6.34325034365042
"YCL010C",187.363586817378,29.9186445727912,7.55737628956969,4.95040516994009
"YCR007C",1100.74772017013,189.184832321027,10.1055781959335,7.57125838230445
"YCR011C",530.562390152166,29.6371399895006,9.05409522241658,4.93720972127727
"YCR012W",907233.612909143,92688.8599649094,19.7911161576179,16.500123899862
"YCR014C",11.2973892778786,10.73864420403,3.62028016039995,3.55319388382293
"YCR015C",18.9081296788034,6.84969720314255,4.3152857845615,2.97263700407433
"YCR016W",1537.44640680423,75.131460328107,10.5872584716001,6.25042084664674
"YCR017C",201.746760683436,88.3647947786475,7.6635350542381,6.48163468914414
"YCR018C",4.69052374574248,1.23393165539879,2.50856144174311,1.15958504888054
"YCR019W",37.8295682684543,9.82301569882073,5.27908376143268,3.43603063911108
"YCR020C",7346.92213544856,1147.78916235754,12.8431206232238,10.1658983286582
"YCR020C-A",1602.84536793734,78.1141625861919,10.6473193381358,6.30586407610777
"YCR020W-B",1344.28664339379,62.2808678562952,10.3936978886282,5.98369748046589
"YCR021C",147499.437446304,81.999078261256,17.17035970756,6.37502340971682
"YCR023C",110.833480132457,45.0336732540126,6.8052083492456,5.52461766180089
"YCR024C",25.3545743829382,12.5946506289287,4.71998148812792,3.76496717067897
"YCR024C-B",358505.121955477,17038.9333029377,18.4516382294571,14.0566320681819
"YCR024C-A",1048628.06549705,54.2745299889026,20.0000730089114,5.78854294743791
"YCR026C",90.5219110686383,16.5830639537375,6.51604527222724,4.13611458548836
"YCR027C",105.867216911558,10.3481909001244,6.73967554280741,3.50439041994134
"YCR028C",66.2898089875561,20.3382548131764,6.07231612072736,4.41537028251487
"YCR028C-A",2104.88444265927,606.568982734195,11.0402105574092,9.2469044098488
"YCR030C",241.221707113923,94.7704563929939,7.92018435019224,6.58150877184258
"YCR031C",129604.185322588,48449.6098364511,16.9837639140292,15.5642272041679
"YCR032W",8.08312712726239,33.6873400565072,3.18318907221877,5.11633730897899
"YCR033W",74.780730833484,36.3802304791086,6.24375914823041,5.22420355937016
"YCR034W",1576.24490669784,513.383131003377,10.6231909766521,9.00669952058828
"YCR035C",223.335793112994,50.8960294661525,7.80951601272629,5.69755225796726
"YCR036W",760.160745806144,111.901994338144,9.57205735137211,6.81892716035276
"YCR037C",84.7938294231984,29.6846725955083,6.42280198293056,4.93944628493419
"YCR038C",6.23927103159955,9.77826231019118,2.85584443045148,3.43005269797344
"YCR042C",32.595323664736,43.9077818205096,5.0701885244623,5.48889355814081
"YCR043C",1241.73778064059,158.357815266474,10.2793062025506,7.31612596364232
"YCR044C",59.5206046708312,24.4777875460378,5.91935449670592,4.67116809638482
"YCR046C",742.180573999048,181.106196222541,9.53756898137484,7.5086362010925
"YCR047C",1318.30999796012,76.1890565758557,10.3655678787986,6.27032441980483
"YCR048W",142.84885295847,11.6423865682152,7.16840990694004,3.66019692906088
"YCR051W",1033.32796092871,110.587138112666,10.0144779873223,6.80202693692004
"YCR052W",148.815889769418,45.3246343907398,7.22704683677439,5.53370768496078
"YCR053W",6697.95072117006,538.55000295652,12.7097194238275,9.07561285787457
"YCR054C",30.0188999531247,3.74738353900706,4.95507561877547,2.24713260916723
"YCR057C",847.303488716661,62.4170874828131,9.7284366849124,5.98679971609151
"YCR059C",192.280832924064,45.4470770531875,7.59455476671109,5.53751590455115
"YCR061W",85.5454944270093,33.9759117247669,6.43538680948786,5.12828975981581
"YCR063W",51.0599501623603,21.6986253198504,5.70210202552009,4.50453302217059
"YCR065W",355.580834039059,27.6672727290119,8.47808535101051,4.84133275469829
"YCR066W",12.666622539774,13.6223150722718,3.77258484571996,3.87009983838525
"YCR067C",54.8237246318846,44.8094847508041,5.80280648100186,5.51757443090111
"YCR068W",109.490230458784,2.01457371605743,6.78777500199992,1.59195400835733
"YCR069W",1273.01069421837,168.863893095717,10.3151616724848,7.40823541023262
"YCR071C",780.78357453579,65.8678761151556,9.6106254633445,6.06324138946364
"YCR075C",51.2116824516354,8.3578173935615,5.70630074324037,3.22617207653177
"YCR075W-A",1095.60707348358,40.0347029621927,10.0988309693065,5.35877260498935
"YCR076C",173.494832267992,40.1562060651906,7.44704050087018,5.36303809016077
"YCR079W",87.9807778974164,15.9744907809333,6.4754218059414,4.085296390486
"YCR081W",9.16872291046415,5.35822191274407,3.34606659744246,2.66862336986192
"YCR082W",6230.24960513953,432.961519389931,12.6053057927525,8.76142331021725
"YCR083W",4023.94849724121,20.8339045482457,11.9747546074545,4.4484982448533
"YCR084C",996.70644198614,54.2261502362172,9.96247157949491,5.78727965686638
"YCR086W",65.471104149321,48.8251009055633,6.0546554135418,5.63880082169396
"YCR088W",813.633449748157,400.662947621441,9.67000724398226,8.64984157237224
"YCR089W",34.0068673438478,93.1692578225906,5.12956606011833,6.55718425424197
"YCR090C",683.876010041028,58.066512131296,9.41969901596447,5.88426851843683
"YCR091W",304.318743347392,4.64764089767385,8.25417234828208,2.49764835850719
"YCR092C",16.3155403971453,7.88458678428667,4.11399550789844,3.15130467911008
"YCR093W",87.6968518697667,84.3127553304028,6.47081099453799,6.41468955361943
"YCR094W",66.6009862792045,42.3041122166121,6.07897239005958,5.43643212660188
"YCR095C",65.3031271659765,20.8120336515276,6.05100501108423,4.44705238124366
"YCR095W-A",143.258855517409,6.57483389132476,7.17251607307468,2.92121425204571
"YDL234C",700.465270084268,121.270232939633,9.45422786679519,6.93392940788803
"YDL233W",90.888251995395,10.5654502855616,6.52180851819278,3.53174953138462
"YDL232W",3736.68540386098,168.723519889177,11.8679294290823,7.40704269382005
"YDL231C",103.477430179901,44.2053399069018,6.70704750639356,5.49842129677953
"YDL230W",246.183666310996,27.037194988233,7.94943960409035,4.8092701154559
"YDL229W",42994.675402049,34568.1064208484,15.3919039372763,15.0771956913108
"YDL225W",129.301420455973,23.3250352903432,7.0257090010301,4.60436999293244
"YDL224C",98.382069244284,42.2005086537006,6.63491367558992,5.43297639403192
"YDL223C",5673.83985325165,19.664540802,12.4703639640824,4.36908540004487
"YDL222C",21250.2136618612,65.1046290379201,14.3752576158092,6.04667939621518
"YDL220C",13.535399343095,17.2482259524316,3.86149880326474,4.18968431043975
"YDL219W",272.066137207729,55.2108210033212,8.09310660709464,5.81277598165164
"YDL218W",13.2942251553456,0.297653438547589,3.8373605130489,0.375905137383719
"YDL217C",250.394988680529,27.9855501594541,7.97381208106931,4.85726196379403
"YDL216C",22.9901047738244,5.63886699878422,4.58436755332516,2.73093704959822
"YDL215C",1749.76816766641,114.265387057037,10.7737723430187,6.84881554215712
"YDL214C",208.155843967717,6.94983445560173,7.70843449827763,2.99092481856441
"YDL213C",4592.01474926851,513.237408056437,12.1652257010671,9.00629075221098
"YDL212W",1640.39639936396,322.201063146387,10.6807079783192,8.33628813351263
"YDL211C",33.3498337351077,7.37867999984909,5.10223121081237,3.06672297570593
"YDL210W",4.44339915547174,1.0392540084131,2.44450783038704,1.0280414878872
"YDL209C",96.2510041904635,26.7606056583083,6.60364124198488,4.79496713869353
"YDL208W",34104.5595757834,1834.05847158694,15.0577193128939,10.8416103179347
"YDL207W",136.901218315031,162.497160014326,7.10749139245178,7.35312176574987
"YDL206W",75.1241943695237,17.8059745818582,6.25028314979148,4.23311916797555
"YDL205C",609.303394018046,15.3508922618247,9.25338280332119,4.03129746006554
"YDL204W",31893.4301393896,556.583896286104,14.9610168815369,9.12304508476214
"YDL203C",25.6111347878683,12.5456218852655,4.73395812790524,3.75975472469108
"YDL202W",601.424709520687,75.0185436434636,9.23463713570066,6.24827948132798
"YDL201W",1575.02403508295,174.270333383979,10.6220738213793,7.45343801301532
"YDL200C",134.020314693972,16.7289741766363,7.07703267633495,4.14803715717615
"YDL199C",39.7857809452071,14.2926438261687,5.34999437122008,3.93476593946554
"YDL198C",13864.2855692704,4053.63618025832,13.7591897099642,11.9853567528691
"YDL197C",180.574462437841,25.0763001044596,7.50441749865328,4.70466727888831
"YDL195W",820.943501772045,134.207108877008,9.68289542003861,7.07902719695684
"YDL194W",46.5338487324323,3.47566760976753,5.57088331374616,2.16210289700549
"YDL193W",462.040869363926,137.588413588521,8.85499572543411,7.11466283861275
"YDL192W",65122.4530110959,12620.7070090536,15.9908895765417,13.6236194187888
"YDL191W",41430.6473522051,32845.1991326944,15.3384455636032,15.0034388152518
"YDL190C",81.4366364747316,65.675081197048,6.36521373707387,6.05907577158156
"YDL189W",118.746303651618,19.0512757180013,6.90383731307827,4.32562212276381
"YDL188C",304.708733783759,29.2693237029182,8.25601395890026,4.91978453677411
"YDL186W",3.18462240528856,0.074104069866896,2.06509744867895,0.103133782715376
"YDL185W",5019.92759912157,454.768051885188,12.2937382064133,8.83215598887945
"YDL183C",322.503247450825,13.9588349957087,8.33763638439648,3.90292591641232
"YDL182W",208188.74825803,4369.1430681338,17.6675395032017,12.0934647955798
"YDL181W",55358.1346365316,2469.69369481536,15.7565337707657,11.2707004477519
"YDL180W",64.534812229671,14.0921562028605,6.03418956778707,3.91572703202756
"YDL179W",513.120555754594,76.4936394616651,9.0059628853727,6.27600599632339
"YDL178W",1078.49973047031,29.8741291737134,10.0761471678102,4.9483265399415
"YDL177C",169.829142347178,12.0772058362744,7.41641030017443,3.70898241272807
"YDL176W",48.2955778677259,12.8343543542087,5.62338632821575,3.79018341019651
"YDL175C",55.8297451548059,20.7867455700858,5.82857434072316,4.44537880255947
"YDL174C",22076.2222723915,4495.57178671648,14.430271045056,12.134609785837
"YDL173W",348.408059138881,402.261160940215,8.44876907434768,8.65557065275335
"YDL171C",658.921438044553,727.012866544449,9.36615047532198,9.50782013791276
"YDL170W",526.206893350693,13.6528886242493,9.04222542381159,3.87311319592247
"YDL169C",350.387747358559,116.88625236189,8.45692007624557,6.88125167394687
"YDL168W",108808.771996577,3492.04171600403,16.7314486025133,11.7702681570292
"YDL159W",25.5659145135042,18.557760997825,4.73150447234687,4.28966931271195
"YDL156W",34.4502005015124,5.96344755063149,5.14772188206216,2.79980175043598
"YDL155W",126.45328006479,22.2792682565167,6.99382469198783,4.54097380522608
"YDL154W",5.47537901261531,6.08160237413697,2.69496463814557,2.82407583992122
"YDL153C",1813.89586289139,101.365676738128,10.8256710547011,6.67758824983464
"YDL150W",332.792462422378,82.3971298590937,8.38280756643858,6.38192582856565
"YDL149W",26.9200419533925,15.8483993792877,4.80322920426823,4.07453963482569
"YDL148C",1414.05254772826,80.3791803471222,10.4666399129414,6.34658784451627
"YDL147W",4854.90150183713,1441.34493910259,12.2455234426123,10.4942005133338
"YDL146W",72.0580252464271,13.1386093705366,6.19097085316312,3.82156832303384
"YDL145C",353.336219994417,165.309445931042,8.46897513402161,7.37772630194084
"YDL144C",211.693381633601,50.2668932232637,7.73263133152212,5.67995556786742
"YDL143W",1037.27661326258,530.446243705012,10.0199751362754,9.05377995893018
"YDL142C",320.741119960581,53.7338758196149,8.32975652045652,5.77436211528725
"YDL141W",2324.17395923021,41.4627832246137,11.1831229409818,5.40812703072679
"YDL140C",222.168914303461,230.002199461871,7.80199227472173,7.85176277794259
"YDL139C",85.3087751613116,3.13869279989376,6.43143534302983,2.04917516653925
"YDL138W",42.9667822219287,12.1587174205735,5.45834204539703,3.71794697141089
"YDL137W",5603.37196338456,2736.42758687156,12.4523369955917,11.4186050862917
"YDL136W",36265.9496013448,6464.13908410293,15.1463677854564,12.658465691633
"YDL135C",2183.51250587563,286.515692637619,11.0930956495942,8.16749689043216
"YDL134C",760.975275004236,191.148978909299,9.57360037488506,7.58608149963157
"YDL133W",108.252392732926,39.0532089620361,6.77152106626147,5.32384592723812
"YDL132W",256.146702014516,65.3702032165193,8.00644784057646,6.05246378646051
"YDL130W-A",83868.8686127193,1720.05441962073,16.3558649755455,10.749077000678
"YDL130W",96270.7253044436,193621.19318379,16.5548245249424,17.5628847997826
"YDL129W",86.5222880529807,5.60284746320544,6.45157854919174,2.72308831767273
"YDL128W",258.843730351623,70.872230615043,8.02150043908362,6.16736255689375
"YDL127W",771.839660006135,26.6758423452363,9.59402532099037,4.79055532260065
"YDL126C",13240.0429993267,1433.9130005782,13.6927291475171,10.4867475529642
"YDL125C",11020.5423652991,2082.08308939711,13.4280385097258,11.024504670978
"YDL124W",215687.447483815,13721.5821274032,17.7185893806332,13.7442643531809
"YDL123W",1278.51075438063,184.794503039896,10.3213765580468,7.53756400821005
"YDL122W",499.054552094677,98.1008123873263,8.96594168014891,6.63082497896273
"YDL121C",1199.16130603813,111.572009865702,10.2290126069806,6.81470434714167
"YDL120W",1030.93530014455,193.610508516756,10.0111368047578,7.60444580418812
"YDL119C",36.8450533874292,17.750367303088,5.24203283711166,4.22884695189072
"YDL117W",46.0334102751779,37.8408383642899,5.55561403709208,5.27950243598819
"YDL116W",75.4229818487895,27.8305805019218,6.2559346443197,4.84952798058638
"YDL115C",209.36602494631,94.5916653925556,7.71675791151815,6.57881293044684
"YDL114W",1.56250524858297,0.425298035457794,1.35755495958272,0.511263624062764
"YDL113C",239.449298809347,25.159696845525,7.90958890885275,4.70927391699278
"YDL112W",74.5880556803174,54.2393825491085,6.24008637467511,5.78762528851813
"YDL111C",522.441940099673,95.1857246731125,9.03188571284186,6.5877508883471
"YDL110C",85390.014911096,889.366121343289,16.3817966528476,9.79825488858678
"YDL109C",10.8530028545411,2.26445135360304,3.56718069447889,1.70684054278324
"YDL108W",77.1746464854527,31.3530778338083,6.28862888502313,5.01583106102641
"YDL107W",21.5012930170304,19.0090793055243,4.49193600191451,4.32258287972655
"YDL106C",93.5381632613775,39.660934940376,6.56282493039582,5.34557148317224
"YDL105W",24.624183153293,5.68628087653934,4.67943411006245,2.74120396080023
"YDL104C",15.4742036475314,4.30972202964761,4.04213682285057,2.40863633618087
"YDL103C",204.741594124638,46.5390398871075,7.68468967819839,5.57104086135458
"YDL102W",31.4168362182304,11.5403512969202,5.01867139009209,3.64850585827658
"YDL101C",247.564217947492,39.1274647944183,7.95747481800264,5.32651810612471
"YDL100C",5949.63514608235,1686.96221157426,12.5388279485783,10.7210668914414
"YDL099W",2692.75581662806,134.464747447102,11.3954033640792,7.0817736516841
"YDL098C",74.1186092317508,32.8736656556428,6.23109844764169,5.08209221213167
"YDL097C",3434.52712851088,403.554523204379,11.7463157599335,8.6601903425058
"YDL095W",1083.87583665048,367.084958586627,10.0833142212499,8.52389498645173
"YDL093W",88.3071357461127,18.6921904759755,6.48070354788492,4.29955169434712
"YDL092W",1536.25272889975,330.786487588548,10.5861386525256,8.37411132174074
"YDL091C",81.1760591902813,26.0168081550677,6.36064624161392,4.75578533539625
"YDL090C",32.2469915238939,10.0604801605906,5.05515189384923,3.46734211249129
"YDL089W",92.5431471811902,23.6183558803543,6.54756006273247,4.62166251054959
"YDL088C",184.501110656517,35.2451890879731,7.53528401453914,5.17971761030378
"YDL087C",46.1421586727695,17.3448412845643,5.55894591701374,4.1973025176552
"YDL086W",933.947004398428,439.932300151623,9.86874078080877,8.78441335409905
"YDL085C-A",14910.2438772291,41.4553206823308,13.8641129899984,5.40787346470786
"YDL085W",1545.82886202118,9.06786602151373,10.5950978734522,3.33168601791091
"YDL084W",4002.77933196983,425.658773293076,11.9671467469864,8.73693890392494
"YDL083C",46710.7356954419,196640.93518883,15.5114974327519,17.5852114931526
"YDL082W",24982.8076123389,57922.7561792607,14.6087057445988,15.8218675393857
"YDL081C",1024954.16890984,44745.2319686313,19.9671293775857,15.4494785792661
"YDL080C",115.532387166949,15.324433291825,6.86458716020422,4.02896100388633
"YDL079C",1406.44572677054,22.876646956773,10.458863575544,4.57752834528893
"YDL078C",3893.34585065443,228.195396972778,11.9271652978594,7.84043425991129
"YDL077C",13.5637572568109,43.2239997523893,3.86431069468839,5.46675760764851
"YDL076C",140.557876467706,45.6755327759011,7.1452482147143,5.54459458501455
"YDL075W",85480.0525111626,45063.6803657549,16.383317051273,15.4597095375482
"YDL074C",169.086507248018,71.446340866427,7.41012488810432,6.17884091859401
"YDL070W",6663.11654607378,832.2357422172,12.7021979163038,9.70258091587139
"YDL069C",95.6458305214583,10.3084111517232,6.594635588154,3.4993243376941
"YDL067C",81570.5133558089,2061.80238567838,16.3157777974867,11.0103899038228
"YDL066W",14478.7885260457,268.165669941543,13.8217529118978,8.07235060654538
"YDL065C",488.336928599897,45.3910365700118,8.93468435196031,5.53577417728352
"YDL064W",211.970249009,173.852600712103,7.73450809625863,7.44999544424073
"YDL063C",672.644839671298,35.3289819146168,9.39584436116359,5.18304903104224
"YDL060W",956.482111463571,106.887370087495,9.90310172334613,6.75338217435385
"YDL059C",1175.81800595672,115.775343893322,10.2006755105566,6.86759188353162
"YDL058W",87.717788791313,61.9784491577742,6.47115150299788,5.97678632648047
"YDL057W",32.7495660016979,47.4272078337634,5.07679704501456,5.59774591879513
"YDL056W",49.7829703992228,16.4144220646728,5.66627287850798,4.12221068964571
"YDL055C",111745.792464044,11931.5262157296,16.769873895889,13.5426118855404
"YDL054C",428.889869395662,109.916775250924,8.74782330255035,6.7933337675474
"YDL053C",849.584581401511,105.955681024894,9.73231089315459,6.74086930405674
"YDL052C",1248.96365209528,542.195990630397,10.287670427786,9.08532902075834
"YDL047W",793.470664343166,75.3426322095764,9.63385013913077,6.25441702482877
"YDL046W",6826.21889145277,509.32925598199,12.7370822923702,8.9952845401985
"YDL045W-A",2272.11519950993,218.060162375322,11.150455085206,7.7751833337595
"YDL045C",157.971843886486,42.9967291969912,7.31262745665311,5.45932436984917
"YDL044C",34.7942017024716,17.6180248366924,5.16165399934365,4.21862812216341
"YDL043C",63.6899828287178,46.3279748463072,6.01547042469106,5.56462128567909
"YDL042C",49.4498140355637,19.6489023727507,5.65677704627123,4.36799318968092
"YDL040C",319.748863448073,82.6457442618501,8.32530034300633,6.38622023540789
"YDL039C",15286.6664296257,306.989106896039,13.9000805843292,8.26673551567874
"YDL037C",10026.4055975698,5.48020202593802,13.2916607635968,2.69603879108453
"YDL036C",101.431898614749,21.8968991627581,6.6785212489306,4.51708032790756
"YDL035C",75.5963864093246,34.7240660103973,6.25920442656345,5.15882438808999
"YDL033C",33.8657189863847,7.06719216251428,5.12373732747712,3.01206662169425
"YDL031W",929.793722322973,207.141221475215,9.862317670389,7.70141890270281
"YDL030W",29.7120641954095,14.2509994067682,4.94073357575865,3.93083188129699
"YDL029W",2359.66179255842,304.77643632264,11.2049756489099,8.25633342410489
"YDL028C",39.3398481979196,7.68256794091442,5.33413374987144,3.11812179471037
"YDL027C",203.679034080411,94.6869355209474,7.67721951989699,6.58025005673786
"YDL025C",247.234872088662,29.3288246145344,7.9555619895921,4.92261768267336
"YDL024C",38.182782078418,14.8191561686949,5.29214793119226,3.9836007399757
"YDL022W",101305.860649442,18141.3818843643,16.628372353312,14.1470762569801
"YDL021W",1337.18945031372,13.9763710322158,10.386066660492,3.90461617742312
"YDL020C",9726.44968224251,302.812205572103,13.2478458971651,8.24703602065693
"YDL019C",1022.82137858489,137.115338330084,9.99974832157421,7.10972973604676
"YDL018C",258.698421765944,32.7164943444029,8.02069343630023,5.07538263547144
"YDL017W",12.3961972598314,9.72327339931803,3.74375161997455,3.42267346673613
"YDL015C",1061.06708403318,131.771880444244,10.0526591795663,7.0528058226098
"YDL014W",50602.0567587641,3691.91835638926,15.626936915408,11.8505456522329
"YDL006W",159.880888691019,52.0529351280149,7.32984914586544,5.7293606646418
"YDL005C",227.062944139152,141.706402499423,7.83328824515084,7.15690625231761
"YDL004W",32694.5745766514,1749.96540378999,14.9968077563009,10.7739348634229
"YDL003W",969.062287479507,57.7252492062088,9.92193357517009,5.87590902535214
"YDL002C",334.062305869052,57.6557032649761,8.38828558388326,5.87419948740483
"YDL001W",35.0790070855849,22.4766201528797,5.17308773025411,4.55315281851168
"YDR001C",9610.23640427354,425.01940099876,13.2305063181145,8.73477532230885
"YDR002W",18926.464664854,1337.32610287017,14.2081935544365,10.386213977376
"YDR003W",480.623589671379,7.54521958434096,8.91176224605101,3.09511756494641
"YDR003W-A",2059.19874194384,31.0444288406145,11.0085678017728,5.00200165040018
"YDR004W",84.2552118432328,14.8075232588328,6.4137161269192,3.98253943714974
"YDR012W",66807.3871025265,24306.5065583405,16.0277416090702,14.5691142901759
"YDR013W",108.584532579448,24.2562992605805,6.77590037178054,4.65857135517091
"YDR014W",14.5036113879922,39.9010575897593,3.95453240875332,5.35406624269435
"YDR014W-A",3.28947239156637,7.19812693348896,2.10080020602749,3.03529432772548
"YDR016C",690.748367314544,48.7188136035925,9.43410352352143,5.63571996592308
"YDR017C",77.2907188472248,29.9431053030189,6.29076938494879,4.95154608095881
"YDR018C",72.5770396475654,16.8880392535889,6.20118372591836,4.16092335404067
"YDR019C",7517.16695418475,27.6862576079936,12.8761652379919,4.84228786213799
"YDR020C",101.924716026765,1.39404204585254,6.6854456579885,1.25944849013032
"YDR021W",216.276176706541,15.6649199097456,7.76338618835512,4.05874247887675
"YDR022C",194.959508525173,33.4872068352638,7.61441176817181,5.10798938262804
"YDR023W",8342.05865851079,983.318852637554,13.026360673427,9.94298191652354
"YDR025W",63711.6130550078,153594.664633412,15.9592913876762,17.2287779697918
"YDR026C",110.509785516392,283.396982977114,6.80102650885764,8.15176234999562
"YDR027C",59.3501059955513,46.1445593590848,5.91528439973878,5.55901938352768
"YDR028C",282.305244484956,55.9858488613743,8.14621349859418,5.83253179816114
"YDR030C",34.7410506756711,8.7290634506416,5.15951014063498,3.28230093346004
"YDR031W",5079.87945491756,29.9038833015959,12.3108625209182,4.94971622971433
"YDR032C",32821.3783945475,7787.90002155159,15.0023921636081,12.9272038843863
"YDR033W",113526.424875739,3308.86575545052,16.792681326604,11.6925569887419
"YDR034W-B",21689.9542817632,124.859693237136,14.4048059045413,6.97567252146329
"YDR035W",27946.9040909966,1678.33861267487,14.7704524740346,10.7136774414247
"YDR041W",826.095974058715,55.6385857843592,9.6919109354529,5.8237133379325
"YDR042C",19.1278320201312,1.30582753496844,4.33111988203761,1.20528461023574
"YDR043C",9925.65012638138,40.5603150239658,13.277091228859,5.37713468468749
"YDR044W",12288.0189837473,581.059638436031,13.5850821314055,9.18502317051632
"YDR045C",688.855552737858,70.5215287983987,9.43015050070214,6.16030566986351
"YDR047W",968.771974363425,331.547835181468,9.9215017513754,8.37741806908142
"YDR049W",46.8217316138961,33.508442137459,5.57959446553813,5.1088774405445
"YDR050C",1330327.72106581,90115.0373119602,20.3433513456178,16.4594962546399
"YDR060W",2003.818751894,243.046262952317,10.9692560986174,7.93101084987986
"YDR061W",92.5983596975794,12.7951146541395,6.54841134182314,3.78608554217449
"YDR062W",495.483124008449,276.38370960281,8.95560086961678,8.11573925225473
"YDR063W",1342.47576154412,101.156792537694,10.3917545777173,6.67464132370046
"YDR064W",83082.3670863841,195540.030797823,16.3422720644416,17.5771118375582
"YDR065W",25.3607723062134,19.4243279964539,4.72032073329183,4.35221670632405
"YDR066C",41.8087844239994,14.2335100880563,5.419834964985,3.92917649916615
"YDR067C",216.15610321637,52.9083535567539,7.76258869037337,5.75243694302475
"YDR068W",242.321139609203,80.6331804060591,7.92671785606216,6.35108376028955
"YDR069C",39.7814143093719,13.6999655931442,5.34983990412455,3.87774087316952
"YDR070C",78330.1538572833,846.372532358923,16.2572985897013,9.7268525541718
"YDR071C",2801.49349892682,400.625390398988,11.4524953110106,8.64970666784031
"YDR072C",757.387429509608,61.6841821302466,9.56679124112265,5.97002953087672
"YDR073W",541.688509156219,64.5587692175078,9.08398055126719,6.03471686481489
"YDR074W",63302.3264240705,1812.91976590668,15.9499936910422,10.8248949280211
"YDR075W",77.7618801820764,11.3353385138494,6.2994256461596,3.62472540238196
"YDR076W",17.5656337157752,1.94818409311147,4.2145626555959,1.55982661328193
"YDR077W",4529081.08515224,108110.881734815,22.1107872563759,16.7221655615973
"YDR078C",31.2164809101472,23.4753519442215,5.00972700821321,4.61325770015177
"YDR079W",3780.7348335126,62.6495860087406,11.8848324930613,5.99207922543066
"YDR079C-A",2034.0257576563,40.9919331814157,10.990831339698,5.39204030189912
"YDR080W",83.3635795152644,32.1957725030144,6.39854840433099,5.05292762027659
"YDR081C",47.6180300326582,20.0881052111297,5.6034195324808,4.39835756814549
"YDR082W",15.7955707607657,8.02447960472183,4.07000891813079,3.17384374160277
"YDR083W",2427.26598606272,66.596678228821,11.2457107440465,6.07888044759964
"YDR084C",285.411349442191,68.0559619259646,8.16194485227754,6.1096940693956
"YDR085C",431.52121644562,37.4531290390094,8.75662709272095,5.26502909399483
"YDR086C",58550.345886135,3897.49956464455,15.8374147130588,11.9287032580839
"YDR087C",1263.41168262485,135.679800121201,10.3042505549658,7.09465623287723
"YDR088C",119.324899198379,41.2136562140776,6.910791404467,5.39963788446443
"YDR089W",142.510647944791,8.93405829754294,7.16501397313729,3.3123832131864
"YDR090C",147.503652591626,20.2990140839282,7.21435460572346,4.4127147455663
"YDR091C",1159.18499536235,138.945275536288,10.1801391508876,7.12871897303841
"YDR092W",473.712596778939,140.291058193559,8.89091052281442,7.14252635531914
"YDR093W",51.790489567588,50.4855234353468,5.72220614019987,5.68609493098921
"YDR096W",487.817266844159,17.4886899631374,8.93315143718682,4.20857109947577
"YDR097C",103.310658458747,28.6402519546494,6.70474276968365,4.88948580609988
"YDR098C",1435.52050267761,874.540803034635,10.4883628684829,9.77403060425768
"YDR099W",3034.79858842199,1004.90559733788,11.5678603622654,9.97427920149232
"YDR105C",86.2795631194437,19.9664515034562,6.44757197511225,4.3900108060328
"YDR106W",5.18778501316026,1.72388476430789,2.62942307302555,1.44566567050191
"YDR107C",27.6584532106131,5.07960311784539,4.8408888396724,2.6039771462667
"YDR108W",23.99967488965,20.8462150825501,4.64383742824915,4.44931144533957
"YDR109C",26.0246215421979,27.4776525990602,4.75620250922037,4.83175832534658
"YDR110W",81.1915546273536,20.3958963572524,6.36091825615215,4.41926221521705
"YDR111C",25.3431525802012,24.2312710552557,4.71935610333908,4.65714098050894
"YDR113C",148.975665349702,10.1855645796947,7.22858462164671,3.48356617164823
"YDR114C",1.38915598202413,0.427501722561736,1.25650104682336,0.513492486484633
"YDR115W",2737.03768767647,203.480742847022,11.4189265893477,7.67582117227051
"YDR116C",537.850403863635,52.1811205336934,9.07374099603712,5.73284227019072
"YDR117C",69.1672915332933,54.0538789492132,6.13272677015478,5.78277231069598
"YDR118W",11.9848784139413,10.4856696374929,3.69876060005308,3.52176306605921
"YDR119W",104.955967350008,50.2950497251747,6.72732103113116,5.68074769885731
"YDR119W-A",92394.1520172951,11.1942568920546,16.4955295348261,3.60812993905567
"YDR120C",649.951428085418,38.2260801035173,9.34640608788976,5.29374126772852
"YDR121W",315.027579945766,46.8086628460903,8.30390665866669,5.57920015059824
"YDR122W",221.390321324788,35.1835750779065,7.79695019150262,5.17726305376844
"YDR123C",751.883873321212,273.775315024052,9.55628354696479,8.10210859243141
"YDR124W",70.5050583160507,17.7071083140949,6.15997339760855,4.22551466344297
"YDR125C",14.517838739885,1.20436345713475,3.95585573383162,1.14036211618459
"YDR126W",39.6273416646123,5.95334744835821,5.34437906386813,2.79770768064168
"YDR127W",1517.94879375211,607.849368722856,10.5688575197127,9.24994153469363
"YDR128W",34.208104925566,20.6206844813315,5.1378356711919,4.43434029243684
"YDR129C",2248.43363535019,375.451611300862,11.1353460886257,8.55632062406701
"YDR130C",94.0752542306762,10.2658611123078,6.57099798650653,3.49388568586648
"YDR131C",12.2218719596427,3.38131433645273,3.72485454372263,2.1313637242188
"YDR132C",20.0105463532012,9.17143656188015,4.39304177288145,3.34645154737062
"YDR135C",136.518874549294,110.428115309359,7.10348583277492,6.79996948618443
"YDR137W",25.9449674571636,15.2177075625104,4.75194393919836,4.0194979981703
"YDR138W",55.3391572477787,13.3694445053774,5.81606607813262,3.84493238599176
"YDR139C",1882.992930746,76.6428681043816,10.8795778362387,6.27878150664763
"YDR140W",297.240964473004,90.5853499875281,8.22033462037771,6.5170449378529
"YDR141C",27.31780104937,80.8441933040381,4.82363733564941,6.3548081586407
"YDR142C",45.4125467160464,10.5891265679016,5.53644295709718,3.53469993442931
"YDR143C",100.038037849761,44.4885122415864,6.65875471726792,5.50743034515146
"YDR144C",154.787024631857,68.3706787594041,7.28343126734108,6.1162540956296
"YDR145W",239.662500649524,43.7638610461839,7.91086755243626,5.48426257427462
"YDR146C",222.529977172437,6.80627601581042,7.80432451119646,2.96463447476775
"YDR147W",57.1413563223327,28.5668691508074,5.86149282196315,4.88590957880074
"YDR148C",4014.98239342315,100.645212797928,11.9715372290064,6.66739845970086
"YDR150W",45.3884719935419,166.860583633011,5.53569442041019,7.39111969179973
"YDR151C",1026.71175332305,41.4482618112646,10.0052199671279,5.4076335738103
"YDR152W",1674.29591250755,247.17989221917,10.7102002302633,7.95524242139594
"YDR153C",824.257445252332,112.523848566623,9.68870043889071,6.82685159385125
"YDR156W",3169.63711393126,400.489545473183,11.6305570520785,8.64921861116523
"YDR158W",78473.0719820578,12920.9273278445,16.2599284424483,13.6575336460946
"YDR159W",24.6033561283043,109.046067764803,4.67826102824964,6.78196378464006
"YDR160W",24.4579092554801,12.1643537752933,4.6700420368837,3.7185647975807
"YDR161W",701.024931580376,72.1801785678213,9.45537845681264,6.19338103090593
"YDR162C",303.015721952627,22.7704832856765,8.24800212330078,4.57109933038315
"YDR163W",643.935776687858,57.8018149419488,9.33301169253216,5.8777887800058
"YDR164C",39.543594474667,12.2520883641517,5.34140209441971,3.72814782325733
"YDR165W",1256.02009440158,174.316878065775,10.2957919971586,7.4538210833602
"YDR166C",30.4962511423233,55.4013014967509,4.97710821619075,5.81765654902285
"YDR167W",493.582354962957,63.9456618629021,8.95006695990789,6.0211612569285
"YDR168W",1067.93735023951,223.75971334862,10.0619615847295,7.81223965522334
"YDR169C",699.425441500863,72.0129992244422,9.45208767740187,6.19008143897682
"YDR170C",94.5605220785622,310.914803685956,6.57834283062065,8.28500821538674
"YDR171W",572594.79150487,1061.7132317614,19.127157541216,10.0535366294796
"YDR172W",3196.89320138854,348.473371233945,11.6429060432427,8.44903872076219
"YDR173C",169.559795224656,11.2760875842857,7.41413380087522,3.61777893881221
"YDR174W",3026.05131793346,1335.30108242776,11.5636974182023,10.3840293831834
"YDR175C",456.526339882948,106.933469004139,8.8377109918045,6.75399848814193
"YDR176W",102.88296861917,17.8516912711841,6.698815336772,4.2366220549381
"YDR177W",3341.80647916661,142.997126790532,11.7068441219303,7.16989621528672
"YDR178W",13648.104038876,317.689923796445,13.7365186317133,8.31600959508846
"YDR179C",168.878111241124,5.91978385221134,7.40835616331949,2.7907269742474
"YDR179W-A",19.6264927294505,16.8019726127332,4.36642662517663,4.15396520804128
"YDR180W",12.7050432442704,13.8509255243335,3.77663497527258,3.89248093889376
"YDR181C",54.5996998356979,24.4670025466019,5.79700518922609,4.67055726001053
"YDR182W",87.2185131615397,40.2793756657125,6.46300954028066,5.36734924561965
"YDR182W-A",122.790071955666,2.77842386512292,6.95175180388528,1.91778455292002
"YDR183W",85.0374499725866,25.0459221205421,6.42689286085682,4.70298560954109
"YDR184C",511.889278849625,35.2180807980196,9.00250360411562,5.17863819455649
"YDR185C",34.5498510449211,9.42913339351799,5.15177160980368,3.38254737730716
"YDR186C",1429.83207481097,116.511559851972,10.4826386492122,6.87665887440155
"YDR188W",961.129468015831,180.453404023684,9.91008723168761,7.50345531146948
"YDR189W",280.019945764596,60.2769428311494,8.13452872105527,5.93727241642631
"YDR190C",1121.62625737202,91.1710089927656,10.132661993006,6.52624113882376
"YDR191W",33.3713182164025,1.69032610087888,5.1031332782181,1.42778105590703
"YDR192C",30.632157736096,12.5997674245565,4.98332006519067,3.76551007442857
"YDR194C",1313.98722536293,161.662355040904,10.3608330689743,7.3457365964101
"YDR195W",54.7259353621291,29.5724556614537,5.80027702227153,4.93416053289292
"YDR196C",858.601927201938,45.8812781675895,9.74752490702339,5.5509399987112
"YDR197W",52.0622678265139,31.606404229787,5.72961443106739,5.02708344717021
"YDR198C",27.902353304244,11.8218195081133,4.85311506035172,3.68052910014123
"YDR200C",30.7077447990924,29.0494157262658,4.98676336485932,4.90926503467528
"YDR201W",94.432469136764,32.6122528620964,6.57640829500645,5.0709153374455
"YDR202C",226.381288084772,41.8221863684141,7.8289697250161,5.42028655203871
"YDR204W",732.062541853017,63.4873091569944,9.51779247813669,6.01094336677642
"YDR205W",18.7627973812324,28.1822412408506,4.3047152666273,4.86701878358838
"YDR208W",227.829421042953,110.039037201879,7.83812874391897,6.79492315352673
"YDR211W",415.859968589014,61.4977667506386,8.70341902536295,5.96573273337661
"YDR214W",71230.6576871529,395.699908612366,16.120230944303,8.63190425490475
"YDR216W",1289.66773047272,11.0993798619826,10.3339019256653,3.5968612008195
"YDR217C",11.932465127031,32.5629736618571,3.69292539614275,5.06879863835161
"YDR218C",53.4446335540039,2.75770201353839,5.7667179486675,1.90985066531154
"YDR219C",97.2093696423836,19.0978685486532,6.61778876598296,4.32897060139896
"YDR221W",42.0056124103626,37.7792008570318,5.42645304466091,5.27721116827852
"YDR224C",97570.929806488,23989.7053809193,16.5741785421571,14.5501879562968
"YDR225W",89142.2296541309,8236.20397050182,16.443837610206,13.0079389979891
"YDR228C",103.445011929864,21.9090605434639,6.70659978379884,4.51784639259257
"YDR229W",133.871468404616,12.7214034394551,7.07544137316288,3.77835614429842
"YDR231C",316.861141921694,171.17179904486,8.31225284958694,7.42770504499504
"YDR232W",5934.82675418109,81.9555110183452,12.5352332700623,6.37426592241852
"YDR233C",77606.544318083,2274.73571261181,16.2439092848129,11.152117307929
"YDR234W",5584.09052260682,166.53446423253,12.4473649486218,7.38831409885444
"YDR235W",21.3148596051769,32.9748299169399,4.47993282473269,5.0863944235518
"YDR236C",305.91029691926,105.069932734281,8.26167323918013,6.72887194835866
"YDR237W",606.042004405612,55.123418661313,9.24565253731173,5.81053098580357
"YDR238C",935.12313156004,585.065449104606,9.87055449480524,9.19491797699235
"YDR239C",21.9623458566425,32.7965316884715,4.52119813162501,5.07880329486871
"YDR240C",24.1512985113235,13.2911776327389,4.65256098030534,3.83705289829875
"YDR242W",76.9535799167571,9.7084738760194,6.2845433732249,3.42068098315652
"YDR243C",21.617210034638,16.8974406031656,4.49934907030529,4.16168138667169
"YDR244W",120.801444128485,18.555871805021,6.92838742831169,4.28952994805076
"YDR245W",316.857589746299,77.6561066375817,8.31223672702968,6.29748687163773
"YDR246W",854.835996740412,103.664183392187,9.74119055023498,6.7096240190277
"YDR246W-A",89.4079354293087,0.0439649349240558,6.49837750361259,0.0620732549530549
"YDR247W",1806.0485614666,3.28107439046993,10.8194195614488,2.09797290487134
"YDR248C",1751.17271489402,58.4817405063673,10.7749292757198,5.89437495786557
"YDR252W",16.3872247471207,10.8674638724424,4.11995577088523,3.56893975273329
"YDR253C",939.456057603704,36.2573114549238,9.87721672580575,5.21945166582302
"YDR254W",50.5036725630635,7.40824341650648,5.68660340484553,3.07180443555883
"YDR255C",160.596613934193,3.11737746369613,7.33625315821388,2.04172571488217
"YDR256C",134.960389424882,11.8839494926909,7.08704258901571,3.68750300511787
"YDR264C",243.153097566324,67.9502377692212,7.93164227131441,6.10748362165033
"YDR265W",49.0048335770254,20.3715383137483,5.64399565058597,4.41761885116498
"YDR266C",163.115086678781,68.6769225889263,7.35856405797558,6.12260900091744
"YDR267C",172.823378268149,30.1082511472894,7.441478319357,4.95922538618998
"YDR268W",75.1463606866518,21.7277193508834,6.25070318156991,4.50638101677963
"YDR270W",1551.64747090265,31.8471943673358,10.600514587205,5.03769824335912
"YDR272W",3964.63467002045,180.632019413162,11.9533360615666,7.50487474359635
"YDR273W",50.1056392056065,42.5128978331887,5.67541058771535,5.44337119428377
"YDR275W",1958.45736154493,205.217685805605,10.9362384644116,7.68802425734922
"YDR276C",451852.927536936,10549.5941958198,18.7854969371715,13.3650366314888
"YDR277C",7505.3815098373,28.5062201005086,12.8739019013409,4.88294721079349
"YDR279W",95.9747073760036,27.8597179238137,6.59953661227642,4.8509852938189
"YDR280W",368.432839275323,66.6997377112395,8.52916830448136,6.08107833927217
"YDR281C",143.667853109604,2.75565966457655,7.17660056353201,1.90906633283353
"YDR282C",60.880356379881,11.3259114337245,5.9514096004333,3.62362242484127
"YDR283C",29.22716902112,62.8105023002748,4.91777396202885,5.99572198548543
"YDR284C",1233.77671187462,65.2840260273034,10.2700344634794,6.05058932800233
"YDR285W",8.73582629476312,5.37266295136876,3.28330342792023,2.67189635896947
"YDR286C",547.09257572999,26.1404697959707,9.09827578235205,4.7623737886158
"YDR287W",180.434435679957,35.9310125650496,7.50330449056858,5.20676091341652
"YDR288W",78.6370546494023,15.5324557077558,6.315367959325,4.0472291313303
"YDR289C",88.8660853657135,42.2708430490518,6.48970485349565,5.43532332405571
"YDR291W",10.3687970569022,9.70820201540372,3.50700770427541,3.42064435637428
"YDR292C",164.911369671363,33.9153687393928,7.37426894530565,5.12579030391724
"YDR293C",879.259520876298,72.72561669547,9.78178511611958,6.20409407999093
"YDR294C",899.920179309376,66.1023562297414,9.81525548003577,6.06829152094442
"YDR295C",60.4065938211316,62.0065487967896,5.94032167494998,5.97742988263697
"YDR296W",1114.69493326917,94.5743427376222,10.1237268867168,6.57855146860349
"YDR297W",3638.73299208186,137.010814043488,11.8296169040068,7.10863750573224
"YDR298C",24504.4139667865,1977.81087371144,14.5808128977636,10.9504180170085
"YDR299W",2104.35152196399,37.6644281123348,11.0398454189772,5.27293496911188
"YDR300C",178.330790918343,44.0390439213782,7.48647940855202,5.49310429742703
"YDR301W",13.843985061079,40.3851868881532,3.89180654911426,5.37104256726897
"YDR302W",110.08442259056,22.2232057598499,6.79551271102913,4.53749523223327
"YDR303C",62.7173698908183,41.2839213441064,5.99361481178534,5.40203727107255
"YDR304C",2733.55262894529,226.758889697368,11.4170891130019,7.83136355498543
"YDR305C",148.386104364281,22.6052558058945,7.22290214715831,4.56103621213962
"YDR306C",111.202277857349,37.8735247296902,6.80995815467102,5.28071602014872
"YDR307W",34.1257997611866,14.4461643872137,5.13445916857288,3.94917672547354
"YDR308C",188.595304721201,44.0318273240283,7.56677942648287,5.4928731161564
"YDR309C",1231.02391955101,208.314382644742,10.2668145506646,7.70952763685491
"YDR310C",118.646110081208,42.3869483341958,6.9026296826998,5.43918921116532
"YDR311W",33.8016938621488,17.8089639504558,5.12108562127892,4.23334847832024
"YDR313C",224.220020901585,9.08023899044212,7.81519127106307,3.33345793870915
"YDR314C",9.20443872120709,3.60684910868051,3.35112492631235,2.20378034512611
"YDR315C",36.3440151100377,9.93229990240337,5.22280514478487,3.45052503741101
"YDR316W",233.021604568481,94.6929884303318,7.87049791345106,6.58034131502843
"YDR317W",9.86664955043774,1.8824162951065,3.44183528621292,1.52727871285947
"YDR318W",19.8684229430436,20.5281679966753,4.3832496729501,4.42815364920132
"YDR319C",115.617184474781,31.0636473837658,6.86563658663054,5.00286664274939
"YDR320C",259.872596944279,111.132722839311,8.02720159568196,6.8090635400768
"YDR320C-A",6873.85068191711,41.4386363989025,12.7471126639617,5.40730639647119
"YDR321W",580.052826551636,231.711440191542,9.18252552231937,7.8623983257518
"YDR322W",339.582929833119,37.790753398978,8.41186231809049,5.27764089123656
"YDR322C-A",54133.9866769618,1357.61438173194,15.7242736684474,10.407920315817
"YDR323C",17.9120122471052,12.7421574092282,4.24123096978111,3.78053660845126
"YDR324C",1125.46576294206,73.3581428519707,10.1375877505796,6.21641883324978
"YDR325W",21.7608045387591,13.0338085585866,4.5084796491735,3.81083468210214
"YDR326C",57.9579521891644,39.1790026841205,5.88161451046953,5.32836984908972
"YDR328C",837.962600176601,221.933527829973,9.71246268847035,7.80046979514109
"YDR329C",248.161098296359,56.0182882518599,7.96093502669209,5.83335282361217
"YDR330W",195.291111953417,37.719807919706,7.61685103893627,5.27499989063068
"YDR331W",70.1474946397797,24.4025959591507,6.15274105003119,4.66690403227936
"YDR332W",12.4218993675948,5.57203158512155,3.74651694036836,2.71633941388335
"YDR333C",53.2964826888336,31.2657969461806,5.76278683855728,5.01193375452736
"YDR349C",255.994179431837,42.7888249893449,8.00559187448603,5.45249083253386
"YDR350C",35.5000018681471,23.9748234072359,5.1898246327202,4.64240257188781
"YDR351W",44.9163849868971,33.1675013267154,5.52093715748514,5.09455284205859
"YDR352W",117.914505070553,14.3199705018091,6.89378089406782,3.93734161428243
"YDR353W",12961.4271060683,1565.83283605482,13.662048255646,10.6136355528841
"YDR354W",791.787066887446,54.5931836636384,9.6307896171206,5.79683609838447
"YDR356W",95.788007608659,43.7006604966291,6.59675639822067,5.48222424370471
"YDR357C",605.546597063372,37.2768757885314,9.24447467233392,5.25840117475485
"YDR358W",668.214651934991,63.8103909965955,9.38632522218409,6.01815323264917
"YDR359C",165.499554034104,61.9839867241902,7.37937450284515,5.97691317413241
"YDR361C",848.985943141496,106.933921803091,9.73129517228654,6.75400454047619
"YDR362C",46.5027634136546,29.2082927950317,5.56993953774591,4.91687274814431
"YDR363W",48.5882727803425,16.4787718562031,5.6319270702966,4.12753191249402
"YDR363W-A",104663.035256628,409.78993022967,16.6754062617822,8.68225700681113
"YDR364C",67.6468123279306,23.8239562445836,6.10112082406585,4.63366115393326
"YDR365C",2131.39866017631,190.111725637994,11.058261465392,7.57827248719433
"YDR367W",287.164482672829,108.071942752179,8.17074871880076,6.76913622582621
"YDR368W",1598.60562299105,182.619435526574,10.643500542345,7.52057496123781
"YDR369C",9.02673794924416,12.3149745951026,3.3257804176966,3.73497777078441
"YDR370C",35.7653652968747,10.4316913982171,5.2002754143535,3.51496697099363
"YDR371W",43.8810618794683,11.9057295654562,5.48803490519502,3.68993979468537
"YDR372C",1283.35666127203,159.156175381026,10.3268301740358,7.32333561710879
"YDR373W",1197.82344469846,45.5802602583861,10.2274034878567,5.54164679524408
"YDR374C",3.94663577374158,0.342869360995772,2.30644767617701,0.425318961198068
"YDR374W-A",1497.93609689422,46.3288778304926,10.5497231638391,5.56464881101444
"YDR375C",121.896326587422,41.6305645795689,6.94129798348927,5.41381625670459
"YDR376W",77.709818503529,24.5582587319354,6.29847170803835,4.67571764461616
"YDR377W",55509.7022432174,1844.19973135044,15.76047832371,10.8495612721309
"YDR378C",7559.66215472986,291.335513911498,12.8842968743349,8.19148129306077
"YDR379W",81.0239293327637,43.5251944691006,6.35797295209929,5.47655000737078
"YDR379C-A",6780.74114718344,119.919350964629,12.7274400037347,6.91790133019913
"YDR380W",6345.19788546558,189.751680310578,12.6316767923546,7.57555195543249
"YDR381W",2761.52406822761,1069.96946774547,11.4317713185639,10.0647016355625
"YDR381C-A",795.142854214861,35.6291600132653,9.63688351071466,5.1949207121612
"YDR382W",946376.830286823,305890.087124349,19.8520567521404,18.2226585455407
"YDR383C",1121.32218815714,42.8130810711396,10.1322711785515,5.45328976788549
"YDR384C",345.079800022943,196.124785325188,8.43496092654766,7.62296537365313
"YDR385W",35107.1019010464,15642.5011804635,15.0995163794146,13.9332758186909
"YDR386W",18.6357112071492,8.6102901949945,4.29540794837652,3.26457999567732
"YDR387C",51.5519945693778,36.7270677064511,5.71567361646286,5.23752806755702
"YDR388W",1254.6843821764,289.363843918451,10.2942581712728,8.18171801002633
"YDR394W",2054.16895364204,209.888305571829,11.0050412861418,7.72033528508979
"YDR395W",538.49077391375,46.5833275390127,9.07545447749044,5.57238425896173
"YDR397C",2.22930132225408,323.814900219725,1.69122206338597,8.34347400450239
"YDR403W",2.50574277665319,0.649942815643559,1.80972014656508,0.722416023854674
"YDR404C",607.363095062006,118.439831924606,9.24878882773866,6.90014023020486
"YDR405W",2148.05229049863,47.4962755627825,11.0694848713483,5.59980204974535
"YDR406W",221.661672594336,21.5273758701656,7.79870943394967,4.49360736409372
"YDR407C",32.7893632058076,21.6399154663476,5.0784972566208,4.50079666628557
"YDR408C",4241.20255773093,99.9195482197017,12.0505977933328,6.65706184279239
"YDR409W",22.601043398346,4.12929821347983,4.56077873720093,2.3587614509412
"YDR410C",43.0561243010847,48.0390585844319,5.46127067895151,5.61585937838979
"YDR411C",668.763198402927,237.895571658094,9.38750729597726,7.90023630097324
"YDR412W",10.9749475893423,123.71125271024,3.58194743663075,6.96244783534992
"YDR414C",70.5249906700801,17.1310530430557,6.16037549924665,4.18039081345403
"YDR415C",53.18848499226,17.7076815319777,5.75991440754541,4.22555886941608
"YDR416W",13.4518252643724,13.9165172609666,3.853179811389,3.89883882640173
"YDR418W",43487.7675216962,92766.6031624799,15.4083552027333,16.5013334465718
"YDR419W",16.586522297776,2.50922629606172,4.13639831562806,1.81115298441127
"YDR420W",101.356310057846,23.090640300737,6.67745623408573,4.59040083410184
"YDR421W",20.7311419986955,15.105911535666,4.44169208682779,4.00951840917966
"YDR422C",66.9305185566923,36.5245248745342,6.08598796212108,5.22976189983145
"YDR423C",696.048323070376,55.0581685648745,9.44511486457347,5.80885270680087
"YDR424C",600.639840821433,60.9064463045663,9.23275629577357,5.95201773966465
"YDR425W",70.1528253049381,13.0869543863932,6.15284913867351,3.81628782813926
"YDR427W",1226.80873816631,324.622660505703,10.2618701271377,8.34705729190232
"YDR428C",94.5925769194126,38.1206073601045,6.57882668738894,5.28985686365933
"YDR429C",10203.2792792724,268.531159498666,13.3168866690305,8.07430825702204
"YDR430C",132.041016554784,26.3730072778088,7.05572728706143,4.7746820369504
"YDR432W",4413.0751161201,198.420013338003,12.1078954654196,7.63966639236248
"YDR434W",177.933610097852,45.787986191303,7.48328059207354,5.54806622966929
"YDR435C",330.781962964399,85.929498704754,8.374091647349,6.44177391995326
"YDR436W",143.378343109667,28.9473487459975,7.17371054258496,4.90435638102967
"YDR437W",11.1059799828849,0.163463022980146,3.59764796556846,0.218425359938889
"YDR438W",20.8675846199455,6.77659808726888,4.45072197145682,2.95913917886594
"YDR439W",31.6380444390835,11.1229022081192,5.02848271339299,3.59966321449358
"YDR443C",11.961934547413,29.7825420359466,3.69620914904165,4.94404046986806
"YDR444W",20.350675041549,15.2442435896584,4.41620977895793,4.02185666127832
"YDR446W",2.00769259272655,0.15244736854976,1.58865712100082,0.204700865304426
"YDR447C",73532.8523342543,10869.7332482337,16.1661209472027,13.40816163527
"YDR448W",23.4177884442099,14.4278855182814,4.609860634072,3.94746844057255
"YDR449C",650.434494120534,64.4587186029861,9.34747630370423,6.0325134558522
"YDR450W",59688.4197614546,133066.958698797,15.8651876090225,17.0218037024016
"YDR451C",106.423565176213,59.4393549899459,6.74716669737774,5.91741635900076
"YDR452W",559.437348079787,143.17774182111,9.13040929132162,7.17170464809212
"YDR453C",41088.8020529365,1070.23940293083,15.3264927599958,10.0650652174342
"YDR454C",3464.31001998279,964.097845077535,11.7587687118541,9.91453140516291
"YDR456W",123.365287714109,26.589015766635,6.95844005280747,4.78602208460056
"YDR457W",31.5735218244254,325.287138936932,5.02562780614562,8.3499983124862
"YDR458C",68.1737769385649,48.2112201484786,6.11215332565948,5.62091538214055
"YDR459C",33.8941677006464,16.6751340989013,5.12491401577779,4.14364925549975
"YDR460W",144.256224864719,49.5713643252703,7.18245618052348,5.6602487952183
"YDR461W",3800.7948133841,1087.60606725723,11.8924649550753,10.0882662666034
"YDR462W",1247.28100835689,107.762582712763,10.2857270295412,6.76503850537706
"YDR463W",687.117230160088,72.2949532380228,9.42651055842769,6.1956419591518
"YDR464W",166.659134596311,69.7043334886281,7.38938727760544,6.14372673581962
"YDR465C",1542.94775483722,100.158724630475,10.59240821919,6.66047694306994
"YDR466W",43.8708771253021,19.6352609357447,5.48770748063898,4.36703977642711
"YDR468C",292.269899110817,87.1125770725886,8.19608519188871,6.4612760571114
"YDR469W",204.639171338194,46.5980963382106,7.68397129337568,5.5728319697159
"YDR470C",90.7916088912058,13.729296461574,6.52029037091911,3.88061661720694
"YDR471W",23090.1997781644,26818.5204418779,14.4950555145081,14.7109958202851
"YDR472W",107.506608124569,104.381019172352,6.76163909620707,6.71947122741511
"YDR473C",113.784571241093,30.2665805015259,6.84278492508218,4.96654954110112
"YDR475C",306.849691254874,37.5600263393576,8.26608231143708,5.26903413192328
"YDR476C",1631.31546399868,1107.92014985288,10.672704186558,10.1149397695857
"YDR477W",268.933416162607,61.0057836963182,8.07645977476008,5.95433088652927
"YDR478W",87.2080022022041,18.5247751150481,6.4628376374474,4.28723402649286
"YDR479C",164.007619184754,48.6141703775684,7.36638883185961,5.63268032464696
"YDR480W",89.5343763623855,5.93713503800971,6.50039378974269,2.79433996830274
"YDR481C",780.333890011923,43.0238600358671,9.60979538158141,5.46021374194454
"YDR482C",786.247606997648,80.6442997504951,9.62067365677133,6.3512802579705
"YDR483W",1356.3038715753,243.90866870198,10.4065280304281,7.93610002971182
"YDR484W",23.6189188823526,10.8991505107905,4.62169550344755,3.57278667702433
"YDR485C",89.2541307739551,37.6152270560548,6.4959210580309,5.27109794928207
"YDR486C",576.473121793091,154.908772661203,9.1736099883238,7.2845582975329
"YDR487C",10859.0692077168,891.097654287166,13.406745676551,9.8010578344993
"YDR488C",20.0010538932894,3.78248133820093,4.39238982318216,2.25775933901833
"YDR489W",54.1558593004457,17.7469238560119,5.78544224878529,4.22858198106853
"YDR490C",868.126610384588,112.524511568644,9.76342254733083,6.82686001945473
"YDR492W",194223.509162449,2532.76861699669,17.5673657401581,11.30706906867
"YDR493W",471.726050033328,90.149717145506,8.88486055778919,6.51016627420817
"YDR494W",1628.13152750755,73.8411330820728,10.6698873688342,6.22575949578986
"YDR495C",16.4420633715788,43.4901403694891,4.1244988138933,5.4754137452115
"YDR496C",3482.97826565982,146.936447377992,11.7665199085637,7.2088337254675
"YDR497C",52087.0137408821,5331.36676100356,15.6686638037601,12.3805602972878
"YDR498C",79.9173155374738,29.2787107789397,6.3383765536242,4.92023187377683
"YDR499W",15.1536593362154,10.234060839752,4.0137891148033,3.48980761607042
"YDR500C",55915.9506338316,8167.44910076173,15.7709980667041,12.9958464723311
"YDR501W",26.2980464910765,2.16069924236414,4.77072580726046,1.66024376153373
"YDR502C",231211.593688544,10207.8878617593,17.8188604551352,13.3175380896715
"YDR503C",150.66432388747,67.957356875179,7.24473794903282,6.10763257209641
"YDR505C",775.898023669452,54.2362900630032,9.60158143139156,5.7875445193449
"YDR506C",10.9940189119664,17.4835316164363,3.58424324762265,4.20816853122668
"YDR507C",241.511559904238,71.2031014173263,7.92190970828697,6.17398890295962
"YDR508C",10004.006522331,2270.07293687388,13.288434487296,11.1491583244702
"YDR513W",69581.2278226333,1773.11443907874,16.0864312501889,10.7928833582054
"YDR514C",180.18380628622,20.2208767650011,7.50131020677821,4.40741235898115
"YDR515W",118.623375340047,26.5406767001275,6.90235552071571,4.78349210315922
"YDR516C",75681.5716840853,553.882196928513,16.2076734916522,9.11603770547781
"YEL061C",28.8507978812456,10.2915967888894,4.89969758865323,3.49717761257651
"YEL060C",61813.7795287005,1579.4059955146,15.9156641983189,10.6260795091875
"YEL059C-A",1252.09383031509,43.0025159279195,10.2912787308159,5.45951410984099
"YEL058W",879.042887071569,219.770040699975,9.78143002199946,7.7864005961927
"YEL057C",114.453354243108,43.9951029583826,6.85116627782483,5.49169608917193
"YEL056W",94.0174004118553,85.2893132920704,6.57011983137482,6.43110999131114
"YEL055C",331.767725446624,144.627753549915,8.37837170559739,7.18614151847898
"YEL054C",34761.2614373718,85776.1916456862,15.0852343183864,16.3883064623081
"YEL053C",66.1133963785608,34.2565922778296,6.06852886369561,5.1398211327485
"YEL052W",179.648174744957,41.2280396176339,7.49703886774075,5.4001293683215
"YEL051W",6649.98255530673,209.066682428189,12.6993517715852,7.71470355165594
"YEL050C",574.235138615471,79.9613507636874,9.16800799621589,6.33916145512483
"YEL048C",80.7037833112104,19.5745780906028,6.35233097910837,4.36279094143531
"YEL047C",2209.16081290582,20.9451361703203,11.1099356296368,4.45582931708475
"YEL046C",8187.62067634368,692.737818995736,12.9994047437339,9.43824672476811
"YEL044W",1811.27464391212,266.774652550836,10.8235858920248,8.06487559192335
"YEL043W",89.9822048050875,30.0709154721425,6.50751249129781,4.95749284447916
"YEL042W",527.083195064979,94.8239912058152,9.04462142173099,6.5823149999139
"YEL041W",2041.76321011034,0.959182501085283,10.9963062663161,0.970251793290649
"YEL040W",8677.49492393348,2305.98184388933,13.0832291482936,11.1717909346154
"YEL039C",448734.525067496,248.539289714368,18.7755058768819,7.96312317412882
"YEL038W",1015.38821143123,62.8277410789612,9.98923583217865,5.9961116853123
"YEL037C",5426.51730505732,149.826535584826,12.4060767053884,7.23674646048216
"YEL036C",2436.26384605542,234.6568511864,11.2510467231634,7.88054381481126
"YEL035C",13.3899128461854,4.34470317431745,3.84698594917843,2.41810982805219
"YEL032W",201.105463568846,40.6560796154823,7.6589645127647,5.38045516409209
"YEL031W",896.341211132246,434.158240920705,9.80951285942951,8.76539630769755
"YEL030W",7.37908467738424,7.29684251752825,3.06679265400545,3.05256240260617
"YEL029C",198.562988337474,23.7277970160867,7.64070036789864,4.62806181154461
"YEL027W",72372.0950798243,9967.98872246076,16.1431658502153,13.2832314463479
"YEL026W",66756.552242116,17412.3217054682,16.0266434368129,14.0879038123434
"YEL025C",28.4854353499357,7.85642936992021,4.88193059047356,3.1467251673361
"YEL024W",49448.5249824042,637.052531410218,15.5936690419126,9.3175313969704
"YEL023C",8.76752930696283,2.24187838334258,3.28799367914675,1.69682997023869
"YEL022W",42.8518520978235,32.4899522872259,5.45456587155778,5.06565641554138
"YEL020W-A",4401.87621171953,814.096552841938,12.1042305676721,9.67082715470826
"YEL020C",64.1706773698247,20.3343004551855,6.0261510849776,4.41510290069797
"YEL019C",38.7987681242636,8.61910008358505,5.31465187117085,3.26590192874805
"YEL018W",26.363463449404,42.1606981022457,4.77417894152363,5.43164629475738
"YEL017W",267.419860338997,42.3502621532451,8.06834761001834,5.43796881281067
"YEL016C",18.4476313780035,10.2354128319128,4.28152254792411,3.48998123049651
"YEL015W",189.078372440789,49.5897470244003,7.57045057790285,5.66077311980927
"YEL013W",310.621948581137,45.0504561124962,8.28365304061331,5.52514354062802
"YEL012W",2397.47944899652,44.4028347443771,11.2279043627431,5.50471047046483
"YEL011W",22979.2300654508,215.702761062183,14.4881056210767,7.75957372504915
"YEL009C",151505.924321749,6941.5091448487,17.2090242051408,12.7612414570619
"YEL007W",1504.85655379534,91.6438677732185,10.5563686317074,6.5336235803039
"YEL006W",102.516583218798,34.7105404943021,6.69371809383827,5.158278064783
"YEL005C",76.1244887678914,18.1092250112998,6.26911711604443,4.25619736482877
"YEL004W",17.6751298447283,13.3691255145924,4.22304636872888,3.84490035889902
"YEL003W",1381.16228492592,19.1610101648372,10.4327113026404,4.33349602158681
"YEL002C",354.675366952454,223.047367857655,8.47441725074706,7.80765996736528
"YEL001C",821.494394066022,189.022887272392,9.68386203557615,7.57002938394039
"YER001W",23433.8318795856,176.717698273484,14.5163668245751,7.47344355116362
"YER002W",11979.2252956215,151.342531405985,13.5483674187128,7.25117496339504
"YER003C",2850.29528845665,741.998393154606,11.4774017413816,9.5372152804977
"YER004W",2533.92794475392,449.733856567246,11.3077290239129,8.81613201095547
"YER005W",73.2040211141684,22.3443340268524,6.21342546346231,4.54500052648044
"YER006W",3480.50170125252,301.197464243683,11.7654940130457,8.23934774459113
"YER007W",7.36640518051348,16.9745175211084,3.06460786862054,4.16788114069818
"YER007C-A",1164.30359159973,223.357600677721,10.1864901477275,7.80965624953809
"YER009W",16771.5969030865,3119.04155208579,14.0338184583832,11.6073495273999
"YER012W",9397.97710906433,964.533889870187,13.1982880414546,9.91518308788342
"YER013W",12.6982063120316,30.7558055949855,3.77591508922985,4.98894846432887
"YER014W",166.536090656244,27.9004721836914,7.38832810446247,4.85302115894567
"YER015W",104.427104010307,4.3389659828102,6.72010200356579,2.41656035690889
"YER016W",142.452992216413,18.5254586793846,7.16443425067153,4.28728453450691
"YER018C",755.80625903458,25.8643303947281,9.56378021005987,4.74761997357098
"YER019W",371.75174367202,251.499386475574,8.54207129099194,7.98013607217491
"YER019C-A",31360.4231264109,888.635055397314,14.9367034074602,9.79706982726446
"YER020W",4882.09928179496,91.6880882272784,12.2535813954036,6.53431203827267
"YER021W",2049.70318314602,265.635950661153,11.0019029772641,8.05872750262418
"YER022W",40.2010049551525,24.4839327997668,5.36460762225053,4.67151603311312
"YER023W",1507.2298278882,465.189329598815,10.5586405715514,8.86477217341129
"YER024W",4512.80442977299,23.9328340281049,12.1401281966989,4.63997497314049
"YER025W",3933.89620530155,441.304653512712,11.9421098654846,8.78889661076868
"YER026C",6759.82232503518,582.159305692213,12.7229830181663,9.18774623810138
"YER027C",450.722506300439,91.0132752971452,8.81929298515109,6.52377011718408
"YER028C",33.9851984116671,9.73475739094952,5.12867276852421,3.42421768106969
"YER029C",489.596084811291,99.7080736234102,8.93839191032765,6.65403553657077
"YER030W",3286.1057631213,58.9593469693633,11.6826021607566,5.90591276554486
"YER031C",2328.88570781664,156.710764396308,11.1860434700951,7.30113732302411
"YER032W",47.3515346600739,12.4833452679813,5.59548977593056,3.75310657380909
"YER033C",22.117978300488,11.5837063699661,4.53094333254468,3.65348500709052
"YER034W",513.364623473961,48.750851887455,9.00664761141852,5.63664932412726
"YER035W",16057.9284967966,913.503552826844,13.9710880143767,9.83684496459914
"YER036C",8127.79113841278,969.702074214292,12.9888251045774,9.92288476450678
"YER037W",16277.9865080819,327.070689952803,13.9907232631046,8.35786289808217
"YER038C",277.042906747588,2.83219032303665,8.11916372227568,1.93816921328773
"YER039C-A",401.296660540577,0.00788893770196717,8.65211595199493,0.0113366727124966
"YER040W",156.046553237677,53.2999524971644,7.29504846971794,5.76287903081506
"YER041W",10.6802265328148,7.12509421381986,3.54599634980728,3.0223845417697
"YER042W",11938.4959109579,354.584406256626,13.5434543064274,8.47404824760518
"YER043C",140934.726131015,24108.5590571383,17.1046778446277,14.5573176450939
"YER044C",94059.9520426751,3698.81482087507,16.5213083141299,11.8532373490008
"YER044C-A",1.25260658929045,0.0691360186401581,1.17159537338731,0.0964454086565307
"YER045C",1031.2181681459,35.3390479245702,10.0115322135989,5.18344871664722
"YER046W",740.469262929909,40.5303630980574,9.53424307781848,5.3760945801217
"YER047C",29.9754275711892,9.33852413016779,4.953052291719,3.36995834417085
"YER048C",980.418733037333,111.165061856552,9.93872499918996,6.8094795525683
"YER048W-A",6195.77698254139,166.574881186789,12.5973023323695,7.38866210072642
"YER049W",6198.94046712099,60.8818001665623,12.5980386472258,5.95144326086624
"YER050C",1980.86807138944,103.961730581796,10.9526452133383,6.71371960182118
"YER051W",31.2687653666837,4.45753655028642,5.01206647489884,2.44824988728485
"YER052C",9755.38667199791,1874.02828256812,13.2521312218367,10.8726966417709
"YER053C",24700.1318282024,433.137297571337,14.5922895284656,8.76200756239943
"YER053C-A",1284774.06057665,3.03694071578941,20.2930843626753,2.01326240037685
"YER054C",1414.48066062928,6.85167476494277,10.4670763228462,2.97300041417927
"YER055C",91799.7761666126,4592.78930413141,16.486218731086,12.1654689731464
"YER056C-A",27407.3050551582,107982.440794275,14.7423254934072,16.7204505672363
"YER057C",9349.25885994104,719.888376827373,13.1907905909226,9.49363207800002
"YER058W",1101.10115371317,39.9365011313186,10.1060409289551,5.35531589445903
"YER060W",982.859851293958,87.3884195239093,9.94230901118944,6.46578545783162
"YER068W",234.477304980388,69.3164528701925,7.87944421109893,6.13579039011761
"YER069W",32535.9764750083,2150.58389453635,14.9897925731789,11.0711833795948
"YER070W",4178.26368806808,295.879367042655,12.0290330721491,8.21373302004906
"YER071C",370.551047793793,46.022878914354,8.53741662756294,5.55529096370211
"YER072W",3190.35147560247,410.947930461333,11.6399517914883,8.68631818443427
"YER074W",82080.9103924419,149575.690953349,16.324776688487,17.1905258470818
"YER074W-A",969.248329862002,121.204594397201,9.92221023440294,6.93315471543429
"YER075C",66.4887238442349,29.6587200929355,6.07657456871043,4.93822556507005
"YER077C",19.243043588856,10.6068310177812,4.33935431379489,3.53690222566119
"YER078C",110.541951728473,22.1490891064875,6.80144260994296,4.53288352088225
"YER078W-A",19.7473568068267,0.574932412270078,4.37485564510212,0.655289917136347
"YER079W",2997.36776199353,73.1616869001239,11.5499616312116,6.21260215512325
"YER080W",212.723179255484,48.5059099356894,7.73959957312799,5.62952885696783
"YER081W",203186.344632861,1040.58671908856,17.6324510221966,10.0245672430908
"YER082C",1366.16968288863,41.5187806344977,10.4169765952505,5.4100283183371
"YER083C",400.751358416516,105.045058667728,8.65015909177705,6.72853358761961
"YER084W",67.2070918442845,3.13311717466274,6.09184984640451,2.04723026497269
"YER086W",4032.65134816246,203.925613561226,11.9778706735175,7.678956507205
"YER087W",21.1467534576343,29.3643625949855,4.46902332125878,4.924307179514
"YER087C-B",15627.6734999073,3405.40403535287,13.9319077128251,11.7340338486361
"YER088C",5548.59617419493,247.08249520176,12.4381670797856,7.95467613146794
"YER089C",394.975040223515,96.4209603986259,8.62926568452245,6.60616030056116
"YER090W",3343.22282609457,585.055085651748,11.7074552622817,9.19489246544878
"YER091C",247205.523223786,8092.06198577213,17.9153572876566,12.9824699299511
"YER092W",2064.09119132797,177.777923071374,11.0119897749614,7.48202478176615
"YER093C",13.4121353047712,17.1475822826063,3.8492121962142,4.18170545240697
"YER093C-A",95.4345043524067,22.8731053474903,6.59147753129605,4.57731433529257
"YER094C",7637.46915271086,864.540443193847,12.8990678172833,9.75745742222859
"YER095W",1529.77040638697,97.5664393777855,10.5800422001544,6.62302460573886
"YER096W",8.03533316258724,1.50768078802788,3.17557779900362,1.32635371383416
"YER098W",54.2438307871063,16.8557802020488,5.78774145912377,4.15831926824204
"YER099C",416.662936719417,63.3407575620429,8.70619531464118,6.00766101758252
"YER100W",1083.49852481142,230.88322509177,10.0828123752484,7.85725464601447
"YER101C",36.2504949099806,6.20448349124202,5.21918768823214,2.84889500342785
"YER102W",108543.21294239,55549.7266150903,16.7279232848498,15.7615181620393
"YER103W",521212.162109506,165.262194647833,18.9915139909414,7.37731635001409
"YER104W",78.9982379128051,37.2966306832317,6.32189631760667,5.25914556509462
"YER105C",81.8870260723269,48.3966343277716,6.37307439581328,5.62634084106876
"YER106W",3.0768641746101,0.494758987932223,2.0274598925928,0.579912885797784
"YER107C",145.09384028639,53.9199565558974,7.19075154125209,5.77925857913756
"YER110C",1148.87254019696,241.939244542693,10.1672582364257,7.9244517523456
"YER111C",91.3882506558101,26.8341742106825,6.52963748550713,4.79878537658847
"YER112W",2085.50550223511,55.4380215830011,11.0268730097383,5.81859551049051
"YER113C",57.6987768946501,11.0625595145602,5.87525853712547,3.5924641552908
"YER114C",87.6610452933679,11.6209282957294,6.4702284665341,3.65774612235457
"YER115C",53.449071119549,24.4563375621748,5.76683553221061,4.66995296656331
"YER116C",122.761761500523,17.2653304707725,6.95142182569163,4.19103595120057
"YER117W",58088.1580793739,58902.1108282932,15.8259812997244,15.8460562081389
"YER118C",176.738971156668,41.8447225369094,7.47361623203166,5.42104560403893
"YER119C",272.729390391315,42.3528516248741,8.09660653531207,5.43805498775217
"YER120W",1803.61143639834,527.589998419112,10.8174725183796,9.04600531742607
"YER121W",1002.96048550994,3.306818225381,9.97148677259549,2.10662243412644
"YER122C",1069.74192113303,177.526805281588,10.0643950766375,7.47999689676545
"YER123W",80.7531795760978,25.2508214364199,6.35320293643954,4.71429066295022
"YER124C",266.484296983677,181.553660701397,8.06331038847076,7.51217678882854
"YER125W",368.267556187086,441.385844865969,8.52852270283505,8.78916141380037
"YER126C",6226.02954374869,226.820007293065,12.6043284086691,7.83175064074965
"YER127W",2245.08665115169,121.519997495867,11.1331978708046,6.93687343233762
"YER128W",107.407403450821,16.0234560627414,6.7603194755907,4.08945205426236
"YER129W",67.2301621679164,35.5593313766869,6.09233774015543,5.19216778048141
"YER130C",857.888355584197,85.8344171880218,9.7463268015657,6.44019506918144
"YER131W",86530.5756219425,75135.9492243041,16.4009390519611,16.1972349191608
"YER132C",10.7441200670242,20.4943545238977,3.55386671777368,4.42588588168431
"YER133W",3282.5140649296,168.641714987646,11.6810249196983,7.40634716277612
"YER136W",1623.80317843832,305.557621202429,10.6660492516101,8.2600144611129
"YER137C",79.9900142512272,34.5795505161573,6.33967213525101,5.15297637974182
"YER139C",83.5306276954181,19.114826963993,6.40140225780133,4.33018742224872
"YER140W",31.6073981463472,7.54018558101599,5.02712742309065,3.09426742041982
"YER141W",19184.6547561589,80.5612301402252,14.2277403807343,6.3498116297296
"YER142C",273.105730736518,149.549048232249,8.09858868072108,7.23408977718003
"YER143W",519.024449356603,38.9851771157767,9.02243564405983,5.32139337326577
"YER144C",127.301622234925,50.1613973593581,7.00339560163245,5.67698376363946
"YER145C",109699.133426458,3442.06969942932,16.7432057549051,11.749479670915
"YER146W",353.85417210149,241.967778448624,8.47108245830993,7.92462119103524
"YER147C",31.8903073140806,22.2806830623342,5.03959058309804,4.5410614828666
"YER148W",728.313182157355,123.619687559209,9.51039466045812,6.96138819473648
"YER149C",42.2245523715181,14.6187992835849,5.43377911844873,3.96521164348882
"YER150W",893831.771948826,4597.99681354527,19.7696454158595,12.1671034827965
"YER151C",177.983222270185,25.4658617595863,7.48368054663827,4.7260607254723
"YER152C",531.379878987036,152.070468289068,9.05631223616696,7.25805216194922
"YER153C",90.7925748809326,0.38085192106679,6.52030555336631,0.465558617063813
"YER154W",958.916453282469,130.500139040841,9.90676503552497,7.03892051471759
"YER155C",42.6723003667883,99.4629660809528,5.44864661960187,6.65051996483152
"YER156C",1111.1495801437,593.489374256261,10.1191351231001,9.21550721363161
"YER157W",25.3031538977482,13.2800817044462,4.7171638921174,3.83593232875453
"YER158C",1321.24338877945,81.9277251119558,10.3687720465802,6.37378261149857
"YER159C",36315.0795075963,285.54163115629,15.1483208448369,8.16260095074444
"YER165W",24311.5191641214,1927.92937746927,14.5694117668399,10.9135846086401
"YER166W",45.2963461507655,49.0024873087592,5.53282643096073,5.64392795654992
"YER167W",138.79223327386,33.5667366589096,7.12714039792334,5.1113125044398
"YER170W",130.364897642272,2.76286592585689,7.03743601061834,1.9118318858588
"YER173W",14.6526631727834,9.51329713799169,3.96833623570623,3.39414328737043
"YER174C",477.499515283578,38.2439893932955,8.9023736530475,5.29439980273844
"YER175C",8554.84682623263,711.580435364782,13.0626949390897,9.47690906310043
"YER175W-A",60.288898994074,0.0192728505685634,5.93755388305286,0.0275403002480122
"YER176W",138.435536169542,53.8917815308814,7.12345447925954,5.77851825810326
"YER177W",253645.264072723,24630.218399696,17.9524583857695,14.5882003730267
"YER178W",12747.0414284001,1849.1135550271,13.6379879922349,10.8533981068884
"YER179W",34.1217692517097,17.3226557282542,5.13429361704925,4.19555672104615
"YFL058W",972.346047546438,16.7445389686297,9.92680899819594,4.14930318625934
"YFL049W",35.9114900953049,13.8640593713586,5.20599807440299,3.89375626427395
"YFL048C",248.609823426513,114.082009520933,7.96353090253994,6.84651850800986
"YFL047W",57.616506805934,15.0918371284131,5.87323508946005,4.00825713597375
"YFL046W",470.266622292013,50.0285258108431,8.88039969510633,5.67323205845761
"YFL045C",45473.432053608,9248.64634892334,15.4727679992061,13.175182491328
"YFL044C",273.00585922764,116.5996181642,8.09806293328272,6.87773956565045
"YFL042C",253.67055681137,133.106190978644,7.99248836494394,7.06723203020891
"YFL041W-A",225.282257990058,13.1709154839175,7.82197966208085,3.82486105860866
"YFL041W",251.585471903426,58.0605769869861,7.9806278510077,5.88412354570731
"YFL040W",3.48195885178914,0.330077910065455,2.16412940373624,0.411510754879128
"YFL039C",66149.0279297589,10161.3671442144,16.0134541451859,13.3109488711722
"YFL038C",9851.81278885326,1332.60573804233,13.2663199297625,10.3811165015281
"YFL037W",3023.15371232158,294.925888241637,11.562315755692,8.2090921019338
"YFL036W",152.956835973393,28.3148850633127,7.26638211695583,4.87356149516895
"YFL034C-B",149.195803745332,90.7162504762825,7.23070069636614,6.51910547106812
"YFL034C-A",4578.92499322234,2396.76102859534,12.1611082557371,11.227472165249
"YFL034W",34.8412116822027,22.3535215649487,5.16354750623254,4.54556821061293
"YFL031W",119667.329863578,260.636621975642,16.8686818690392,8.03142068261681
"YFL030W",3815.85565916173,31.0793536843858,11.8981689142994,5.00357317041696
"YFL029C",75.5859266118971,16.7055445242454,6.2590074025389,4.14612930858785
"YFL028C",615.74254215535,176.048663985821,9.26852455488376,7.46800214692743
"YFL027C",15.0291771484128,11.4348659712942,4.00262846209074,3.63631905249515
"YFL026W",1438.82469899588,422.604467347837,10.4916774565487,8.72657399389861
"YFL025C",21.6299835425088,7.70301327815114,4.50016363030306,3.12151499737257
"YFL024C",388.795219376851,116.868624141776,8.6065725866209,6.88103592319623
"YFL023W",171.68494259442,56.5568712177744,7.43199848114521,5.8469162644276
"YFL020C",285914.523540763,3.22333298960779,18.1252294264355,2.07838200122792
"YFL007W",41.7265014241073,44.0916187000215,5.41705928448462,5.49478739569396
"YFL005W",1027.91954977904,150.739420889444,10.0069144683787,7.24545212660254
"YFL004W",183.844710807456,61.7410688560898,7.53016995225565,5.97133820201349
"YFL003C",1.51023628166738,5.73447049774049,1.32782316750119,2.75156451728155
"YFL002C",185.207862992788,27.8931613549058,7.54077018458974,4.85265616038634
"YFL001W",88.3533247330885,21.5507518189214,6.48144950615413,4.49510362714181
"YFR001W",3646.2371482432,118.024631832702,11.8325882933493,6.89511635612786
"YFR002W",99.4280423393276,76.8985761178519,6.6500183564245,6.28352505287279
"YFR003C",5906.39526393947,299.154073515128,12.5283064306074,8.22955943728375
"YFR004W",1978.29225279027,416.070571700652,10.9507689341984,8.70414770972343
"YFR005C",29.4456746809211,14.6832153548357,4.92816537853224,3.97114946434848
"YFR006W",578.363426406657,79.99951956193,9.17832480395303,6.33984144575281
"YFR007W",109.095223519254,14.0452697514487,6.78260806871727,3.91123806833086
"YFR008W",78.7563699807767,0.935259104429973,6.3175278435163,0.952526736215252
"YFR010W",1113.82862965355,240.356316845743,10.1226062422064,7.91502077567375
"YFR011C",674.790322378476,246.01202302772,9.40043188038217,7.94843745482486
"YFR012W-A",30.1705677183796,0.1012658762882,4.96211252630339,0.139162817762853
"YFR013W",31.8615474014557,35.036173115894,5.03832851114141,5.17137390626451
"YFR014C",933.141721299586,62.774904048559,9.86749763168575,5.9949169181346
"YFR016C",323.718943990675,107.004614160564,8.34304774318272,6.75494913812982
"YFR017C",24282.9269280394,129.835447894252,14.5677141166914,7.03160966006597
"YFR018C",349.147126998225,22.4540014228202,8.45181743980444,4.55176217286842
"YFR019W",19.1291169195692,17.1681072783358,4.33121197635159,4.18333622483972
"YFR020W",2283.2308425498,141.459864221583,11.1574927403423,7.15441171014378
"YFR021W",50.9766774412858,37.7339059490376,5.69979250876318,5.27552508577528
"YFR022W",36.9549288525352,22.3911411840758,5.24621534204012,4.54789034308669
"YFR024C-A",685.997548388379,60.7195156910559,9.42416114044221,5.94765483610817
"YFR025C",407.252256519254,52.8996020221816,8.67331704974453,5.75220271549511
"YFR028C",178.051242721756,22.2475815588315,7.48422872162665,4.53900873564317
"YFR029W",84.2116707966922,39.1020698428418,6.41297913387619,5.32560479727673
"YFR030W",13265.4476171057,3818.71994249392,13.6954944886682,11.899251150047
"YFR031C",28.8093447270995,35.969213534416,4.89769275705461,5.20825244752622
"YFR032C",4.72275843046031,0.9327286488576,2.51671070901295,0.950639100338867
"YFR032C-A",91917.6312859329,15418.3207070359,16.4880696952478,13.9124515887598
"YFR033C",577267.094359926,4976.97154502096,19.1388819641499,12.2813422683007
"YFR034C",669.727819307392,7.38330225531584,9.38958363071884,3.06751864594435
"YFR036W",305.044086190245,41.9523758421253,8.25759568042717,5.4246660288321
"YFR037C",117.653131236021,29.956366082728,6.89060636328654,4.95216422069373
"YFR038W",50.9346160759773,54.9641926690354,5.69862455628364,5.80643214381324
"YFR039C",154.935222032319,47.9150448182124,7.28480302487917,5.61220635855901
"YFR040W",176.658293846572,15.8778453906,7.47296123117122,4.07705883763516
"YFR041C",599.429250927481,39.1112138830903,9.22985045177676,5.32593372188783
"YFR042W",274.900061021092,80.6858104933661,8.10800196554825,6.35201358685987
"YFR043C",73.3467151967499,21.8408464615057,6.21619709709718,4.51354421157709
"YFR044C",3309.94007339146,897.52279341865,11.6930251834661,9.8114112917681
"YFR045W",128.801533123047,31.0619720371121,7.02016361329633,5.00279125901566
"YFR046C",32.2877743218396,40.3547089865601,5.05692050750468,5.36997971073503
"YFR047C",2120.37643872531,184.490541073459,11.0507849348064,7.53520180953536
"YFR048W",33.0505949347094,29.6029213584907,5.08960810022769,4.93559747421824
"YGL256W",156744.076300844,17285.4146405221,17.2580606000292,14.0773510514954
"YGL253W",34286.9460276846,7417.50419164571,15.0654138637464,12.8569126072439
"YGL252C",316.356632211811,68.4579942469379,8.3099611825738,6.11806884520172
"YGL251C",4.13205657753267,3.37668816631838,2.3595370752748,2.12983959738057
"YGL250W",129.944432726451,45.1286796648028,7.03281091270355,5.52759209380942
"YGL249W",2.40558082453337,0.954277711096997,1.76790087201506,0.96663549491832
"YGL248W",461.529695164342,42.2728894975773,8.85340218176275,5.4353915531707
"YGL247W",125.770287986579,27.6156494535825,6.98607284063573,4.83873244518959
"YGL246C",233.414707501558,35.585184832512,7.87291927904816,5.19318764242035
"YGL245W",3952.63412309229,1163.76298731438,11.9489636521319,10.1858207015043
"YGL244W",213.417491625878,51.2169629146465,7.74427879171116,5.70644664377905
"YGL243W",23.5775189491081,14.4526759484673,4.61926738079816,3.94978478695196
"YGL242C",2293.81365752051,182.638199901696,11.1641612939501,7.52072238510784
"YGL241W",37.1272908422415,16.6390190088616,5.25275211802273,4.14069842276665
"YGL240W",13.0697644176099,4.93517725431452,3.81452626735723,2.56929111665773
"YGL238W",131.913025112352,43.5915449097739,7.05433868147851,5.47869827872979
"YGL234W",12957.2998870886,66.5617691271806,13.6615888303833,6.07813520096617
"YGL233W",52.37681555207,17.8475283202511,5.73814133209677,4.23630343461885
"YGL232W",182.296097872314,53.9770115243858,7.51803226294012,5.78075658092832
"YGL231C",1224.16570472912,101.077823334936,10.258761172848,6.6735256608889
"YGL230C",6.02884888573195,2.80305993474291,2.81328843854027,1.92716067545944
"YGL229C",23.8801181107895,7.5791246390919,4.63692142912781,3.10083045153984
"YGL228W",336.043748351587,143.085965534944,8.39679205546524,7.17078600870729
"YGL227W",214.969418866942,18.4071984770233,7.75468323192046,4.2785199679614
"YGL226C-A",1070.77133147306,257.405004367652,10.0657814160732,8.01349019984713
"YGL226W",684.727619629814,60.3358043995663,9.421491821794,5.93865757908346
"YGL225W",9432.4264087411,968.080690008808,13.2035661663837,9.92047298568233
"YGL224C",2429.82660651263,654.390438382765,11.2472312727033,9.35621081505333
"YGL223C",95.461870041189,9.04787501099438,6.59188687381361,3.32881851815668
"YGL222C",1488.355798667,11.3640846829372,10.5404727314325,3.62808353540248
"YGL221C",856.713715016934,124.24482398879,9.74435237963677,6.96860717195764
"YGL220W",982.233201824293,202.200241864552,9.94138982324212,7.66675830909239
"YGL219C",326.731853087683,24.4630465040267,8.35637208864978,4.67033313444526
"YGL216W",15.347622276934,24.3721872889419,4.03100890928164,4.66517599169902
"YGL215W",5276.05058597451,490.036027083371,12.3655160979799,8.93968506805754
"YGL213C",50.7041427011258,24.6626178534722,5.69220797339526,4.68159644269536
"YGL212W",26.1415486023742,13.1938779397061,4.76243113315436,3.82719689993385
"YGL211W",211.160778392655,50.8059210507979,7.72901416342404,5.69504509207417
"YGL210W",439.680953422272,128.143317397093,8.78359073332213,7.01282918199171
"YGL209W",436.59406154262,53.660250292346,8.77344934965761,5.77242016094496
"YGL208W",292.229252757402,10.2788246244363,8.19588522470237,3.49554482602394
"YGL207W",325.316334382673,140.940247260086,8.35012739584704,7.14913991440673
"YGL206C",362.639388272038,86.6324211349993,8.50636466594883,6.45339281354058
"YGL205W",5.10010126851565,2.5343322784749,2.60883319322841,1.82143768051575
"YGL204C",1665.47648810885,0.792546339853463,10.702585247638,0.842010415112753
"YGL203C",150.488107555528,32.6044981240813,7.24306073037658,5.07058245250348
"YGL202W",18938.2768629946,3794.02020475732,14.209093626613,11.8898918512582
"YGL201C",63.7659539241483,20.0154528777544,6.01716371335684,4.39337864142962
"YGL200C",5876.30423495411,1580.00687162166,12.5209388651223,10.6266279228409
"YGL198W",88.6014257952457,272.177437330103,6.48544978443993,8.09369452114729
"YGL197W",230.025762785459,48.8026011667535,7.85190993219685,5.63814919044123
"YGL196W",613.211956687356,55.5082723022753,9.26259278689095,5.82039017543964
"YGL195W",92.5529374787216,184.69687418153,6.547711048401,7.536805720499
"YGL194C-A",213.464081068757,19.5988962484027,7.74459223189019,4.36449513037269
"YGL194C",41.0407152654168,13.8995570307114,5.3937153098842,3.89719753436032
"YGL192W",36.8002139617409,13.018966449355,5.24032249548897,3.80930808522346
"YGL191W",109980.083990089,1791.09774362259,16.7468958856376,10.8074336108935
"YGL190C",259.73018961366,54.6473412742623,8.02641383012523,5.79824085483434
"YGL189C",197663.894011327,251571.744698109,17.5926971404809,17.9406161040514
"YGL187C",18754.6046859565,75.4305009992962,14.1950341561915,6.25607658208853
"YGL186C",838.214225557096,52.8708108530825,9.71289532308401,5.75143187539604
"YGL185C",101.18569134199,27.7147544210787,6.67504938531478,4.8437203182165
"YGL184C",6366.31748719342,94.4515140110757,12.6364699863395,6.57669617610953
"YGL183C",167.706977416424,8.61905133643636,7.39837583189996,3.26589461751859
"YGL181W",309.197258324493,64.8008715851121,8.27704212495873,6.04003478862282
"YGL180W",131.888613390712,47.3575645816071,7.05407368183406,5.59566968326032
"YGL179C",93.6502689612181,19.7827617189878,6.56453470043033,4.37731547451679
"YGL178W",234.348680565219,152.58282369925,7.87865595464659,7.26287306762068
"YGL176C",44.2025102066075,16.5805750480723,5.49833098615765,4.1359103556664
"YGL175C",16.7814569298579,11.5228864724738,4.15230163161795,3.64649523060518
"YGL174W",85.8936723280617,11.505483412123,6.44117921745863,3.64448892232169
"YGL173C",291.881825876572,140.156847217784,8.19417486257129,7.14115530232107
"YGL172W",115.456949793601,55.0938902875389,6.86365292750799,5.80977173681084
"YGL171W",638.615696940986,43.5416265064498,9.32106153450453,5.47708233621793
"YGL170C",14.9499347403466,0.515255365474534,3.99547861605802,0.599560951095978
"YGL169W",356.574083202228,22.3787606358328,8.48209836424172,4.54712654606015
"YGL168W",326.289495805959,0.370878247044995,8.35442349031861,0.455100445526804
"YGL167C",438.610593904313,238.305271275391,8.78008234309794,7.90270836583671
"YGL164C",106.163555957032,30.7552398988981,6.74367054912158,4.9889227640138
"YGL163C",147.085471556666,46.1188947515088,7.21028629669926,5.55823379374975
"YGL162W",1188.31792900198,59.1541790923234,10.2159187131876,5.91059306414796
"YGL161C",739.579294952154,187.918978460236,9.53251040511277,7.561623829326
"YGL160W",378.939851635699,23.5698010029677,8.56962723302759,4.61881426788275
"YGL159W",70.6220350607511,18.5604599851858,6.16233160670891,4.28986839209691
"YGL158W",31.7652355649127,4.77686839176104,5.03409399887574,2.53028762766809
"YGL157W",5124.40239267766,1176.86815196335,12.3234495589643,10.2019623406773
"YGL156W",1731.77274783133,221.558333759249,10.7588667429254,7.79803971369694
"YGL155W",49.6395977856997,18.3758718299971,5.66219404082896,4.27618932173955
"YGL154C",56.038003617638,28.622906171724,5.83385158190519,4.88864127885858
"YGL153W",18.5276663870047,39.8407791493775,4.28744764815444,5.35193848471279
"YGL151W",43.2525964545637,7.78438844933009,5.46769020052884,3.13494185233163
"YGL150C",114.725333769294,275.835297542205,6.85456091336033,8.11288409352422
"YGL148W",12088.3841251672,1961.87411633294,13.5614531301581,10.9387519370557
"YGL146C",109.910322761398,1.22103038179307,6.79324983754311,1.15122912785221
"YGL145W",46.6926831202861,15.7182434147787,5.57569604380631,4.06335136635412
"YGL144C",25.0469486242584,35.9154945638957,4.7030424669114,5.20615458159368
"YGL143C",42.9096004871474,21.8405616960297,5.45646450300626,4.51352622483997
"YGL142C",29.07792855432,17.7618003164343,4.91063330793634,4.22972636532986
"YGL141W",67.8507149328594,21.3896816938859,6.10539972999903,4.48476211294315
"YGL140C",62.019198435178,28.4138125606477,5.97771949918017,4.87842189053196
"YGL139W",32.8361137061749,16.7268389121344,5.08049197011823,4.14786338959091
"YGL137W",770.279533857242,242.936488139042,9.59111001881291,7.93036176307897
"YGL136C",946.26373425715,269.769202443512,9.88762234211339,8.0809198444603
"YGL135W",220016.104112864,61972.2201671379,17.7472561575487,15.9193573131399
"YGL134W",511.869239493341,35.7573285179304,9.00244723474716,5.1999600118411
"YGL133W",61.5040158499688,38.5727471732285,5.96587698003347,5.30643531677167
"YGL131C",11.3465985016361,27.919455200369,3.6260417277301,4.85396846919821
"YGL130W",87.1128165827412,37.8939823618706,6.46127997868141,5.28147505502793
"YGL129C",240.077966106688,16.3725976699525,7.91335598820066,4.11874158672251
"YGL128C",115.728537671748,25.0366396288513,6.86701350252828,4.70247135661569
"YGL127C",3038.03113820818,291.45468603701,11.5693957415915,8.19206929551663
"YGL126W",4278.68585148692,53.882017486936,12.0632891847615,5.77826161147278
"YGL125W",956.924892680684,7.03834739153428,9.90376873383124,3.00689892738595
"YGL124C",40.1895283679585,7.15567764437775,5.36420570191162,3.02780475352416
"YGL123W",286410.021668917,168882.029158331,18.1277274858977,17.3656648352626
"YGL122C",676.194594162428,145.087227896024,9.40342664646046,7.19068624158808
"YGL121C",14699.7110445982,196.555918802219,13.843598316632,7.62611726007761
"YGL120C",1578.58877378062,63.6588407204577,10.6253333043009,6.01477573625424
"YGL119W",79.9175973738831,13.5266599389026,6.33838157854723,3.86063112246165
"YGL117W",7746.55526460198,1605.47496088225,12.9195254254943,10.6496827792638
"YGL116W",158.640821163483,13.6466087038217,7.31868579471774,3.8724947545823
"YGL115W",587.788141887056,80.9514228742073,9.20160480578071,6.35669709309241
"YGL114W",130.273358050114,19.5612146974207,7.03643034051403,4.36185359220999
"YGL113W",22.221768945274,13.4568405105874,4.53740597025059,3.85368038592067
"YGL112C",82.3145789005628,35.6613359056523,6.38049706427413,5.19618745221482
"YGL111W",800.829737432116,94.3396083530991,9.64715211343737,6.57500379384013
"YGL110C",29.5568070017146,23.0377664514979,4.9334218933834,4.58723094438698
"YGL108C",104.164527733076,27.9029007997195,6.71650435169153,4.85314238897503
"YGL107C",102.637792778263,42.9158013609818,6.69540638499276,5.4566682247031
"YGL106W",2589.44738468327,1350.47838687924,11.3389855655566,10.4003227248429
"YGL105W",5399.24056515972,599.671685204647,12.3988079612775,9.23043284868219
"YGL104C",124.767144301351,32.5221891399192,6.9746112682359,5.06704446105408
"YGL103W",617.030983007676,761814.789413063,9.27153535462134,19.5390826639814
"YGL101W",2719.88862701586,41.6646816213374,11.4098621892319,5.41497037705213
"YGL100W",188.020285595799,125.230451339425,7.56239726209408,6.97991617217886
"YGL099W",446.703491350943,96.1583623764471,8.80639975870873,6.60226626815376
"YGL098W",115.083630081567,33.1427142536878,6.8590207298915,5.09350584817632
"YGL095C",131.204387469208,30.8437406471771,7.04662624615916,4.99293791243201
"YGL094C",22.1965271761102,14.2359200785957,4.53583692606636,3.92940472013307
"YGL093W",37.7925764010845,24.2635284991325,5.27770869023683,4.65898424599585
"YGL092W",110.935274111957,54.3311179335905,6.80652093356992,5.79001916779071
"YGL091C",199.32348867735,72.5848515304542,7.64618778222621,6.20133689280992
"YGL090W",31.9224320077629,39.6350793178806,5.04099900768039,5.34465380522821
"YGL089C",717.176717816727,38.6387738986305,9.48819507358376,5.30884043284762
"YGL087C",1010.40957311852,104.915715377125,9.98215162359414,6.72677285667373
"YGL086W",54.7367360313822,50.0211920386948,5.80055661492482,5.67302470077059
"YGL085W",36.3640321174827,22.1510028113081,5.22357824592021,4.5330027816587
"YGL084C",105.887251083031,34.8400641329186,6.73994597645203,5.16350131387219
"YGL083W",36.7451295478978,14.6678762187317,5.23821859282407,3.96973773057821
"YGL082W",179.881257125849,72.9866870429287,7.49889911375105,6.20919379447992
"YGL081W",16.4305552774924,2.68077503416778,4.12354662438104,1.8800095761255
"YGL080W",3214.27500852636,269.242532603755,11.6507264239165,8.07811094344465
"YGL079W",80.335569790325,44.6179957026785,6.34581450669072,5.51153115588795
"YGL078C",6704.25428721745,140.230370232913,12.7110763299837,7.14190654943964
"YGL077C",3782.66660856347,209.470468363512,11.885569258286,7.71747400912631
"YGL075C",20.2904547626058,0.945825955549928,4.41213486087058,0.960382673996624
"YGL073W",216.525885474666,46.1064888030797,7.76504328096062,5.55785389611061
"YGL071W",581.244809998159,91.1777303874793,9.18548206440273,6.52634634076719
"YGL070C",582.795855445198,87.1887186027323,9.18932015849451,6.46252220807533
"YGL068W",285.455722691018,529.435582600986,8.16216834938279,9.05103374712592
"YGL067W",114.128951412805,72.011717378657,6.84710686258061,6.19005611021604
"YGL066W",114.477889851301,33.7732018662058,6.85147284007056,5.11990400934492
"YGL065C",56.8144531405529,28.1750826035732,5.85335829466582,4.86666483553624
"YGL064C",23.7535310226362,12.8681471617535,4.62956243121065,3.79370314577103
"YGL063W",21.5820385717422,10.6463070524769,4.49710382477991,3.54180065563054
"YGL062W",34313.1799502869,1403.33377735886,15.0665172567199,10.4556701559959
"YGL061C",117.099744580939,18.4031029082891,6.88386203433865,4.27821547886889
"YGL060W",31.1386379532574,14.0281841632376,5.00623688327437,3.90959879562845
"YGL059W",322.997250769473,21.4175291075218,8.33983776116217,4.48655536585972
"YGL058W",554.55136933513,162.637340776845,9.11777650707517,7.35435818748346
"YGL057C",41.6638926202086,11.0144039580571,5.41494369693879,3.58669317214539
"YGL056C",1240.12078835074,54.4627343548225,10.2774278129222,5.7934468389766
"YGL055W",871562.75250361,59523.332293841,19.7332466718421,15.861191911899
"YGL048C",2027.79340915751,374.083986728267,10.9864062484464,8.55106986183607
"YGL047W",473.558066865229,75.8923626030883,8.89044081580527,6.26476840332363
"YGL045W",1328.21918206059,106.902432187815,10.376363302594,6.75358357420911
"YGL044C",225.454913955077,40.2747483365493,7.82308003524225,5.36718751354572
"YGL035C",247.600686320839,8.37668984968241,7.95768646907061,3.22907871375595
"YGL032C",405.029487827788,307.751589978776,8.66544069649079,8.27030275594115
"YGL031C",60790.9277359488,131557.236241596,15.8915921474868,17.0053420461101
"YGL030W",302016.753650624,144227.153021526,18.2042738330961,17.1379932774357
"YGL029W",9811.06269349156,28.8868292837649,13.2603407365866,4.90143794341794
"YGL028C",365.530830524397,122.625906811542,8.51779074467935,6.94983729314711
"YGL027C",139.681004985625,46.3978238394648,7.13628373609595,5.56674891755344
"YGL026C",6515.97851756876,2028.20709675483,12.6699875239546,10.9867003957963
"YGL025C",147.059325930764,8.89551474562397,7.21003155533458,3.30677475544296
"YGL023C",172.809710542941,22.2982360808045,7.44136487584416,4.54214882685673
"YGL018C",141.039681657026,27.3924263693598,7.15015022184478,4.82743423952785
"YGL017W",31.5204765102967,12.4355039972625,5.02327649172237,3.74797853612777
"YGL016W",26.1870224281061,9.66534294922675,4.76484624833041,3.41485845186391
"YGL015C",9.88790318517495,1.6787300983633,3.44465423850898,1.42154922643267
"YGL014W",205.917037518785,68.9639290290502,7.69290863116345,6.12853940518124
"YGL013C",48.3476634905851,19.2810357076558,5.62490987257114,4.34205942435609
"YGL012W",16946.5560652321,1067.55511754862,14.0487896230124,10.0614456107817
"YGL011C",6847.02122309211,2133.19016236617,12.7414714575463,11.0594730147512
"YGL010W",1105.83386475403,37.8336877200036,10.1122229751802,5.27923680967284
"YGL009C",2510.00256497009,599.344586777586,11.2940477869743,9.22964700872101
"YGL008C",134464.404265259,31435.5205034551,17.0368755132778,14.9401539237933
"YGL006W",1151.45713478407,1026.41711379885,10.1704973758074,10.0048062947883
"YGL005C",160.655620135387,28.2886901556581,7.33677985499007,4.87227176955936
"YGL004C",47.6674758370987,24.2680308383431,5.60488604534649,4.65924133295512
"YGL003C",69.1633717674346,12.7830756229993,6.13264617441563,3.78482594889069
"YGL002W",193.89193453331,46.6790599732698,7.60653057667855,5.57528388720441
"YGL001C",22531.3091496427,861.398172500543,14.4597075505586,9.75221031066756
"YGR001C",448.743209086699,141.849586655064,8.81295768739176,7.15835305151942
"YGR002C",50.196415254386,47.7015367701428,5.67797089191389,5.60589539195234
"YGR003W",50.0867647437479,8.80101330583264,5.67487766957701,3.29293091409786
"YGR004W",55.0667335627717,26.7997110847136,5.80907311600135,4.79699798435353
"YGR005C",245.437589733398,98.1456961077832,7.94507852042521,6.63147824163573
"YGR006W",16.1591272088892,2.48611247473196,4.10090426757154,1.8016191168303
"YGR007W",237.887622986468,114.358555261238,7.90018829799086,6.84998119141392
"YGR008C",1637051.05460914,46860.9218073691,20.6426687663546,15.516128499886
"YGR009C",149.163452855907,45.7702671485748,7.23038991874303,5.54751976424339
"YGR010W",36.8976276989552,9.41328931445948,5.24403563684386,3.38035394912383
"YGR012W",115.977023583405,27.112771653884,6.8700813758441,4.81315379172879
"YGR013W",73.7610064327303,84.3265768706061,6.22421408566299,6.41492326606187
"YGR014W",1004.51015132397,478.982890739288,9.97371193138822,8.90683917084705
"YGR015C",35.2906025322027,14.6911718205027,5.18152410494254,3.97188119203085
"YGR016W",13.9083789288757,12.9455909053329,3.89805148876506,3.80173716070803
"YGR018C",9.4284021541186,0.754682257806583,3.38244621909954,0.811209807402326
"YGR019W",2078.97304738306,357.334690232251,11.022349118481,8.48516390679092
"YGR020C",11760.8450605042,690.568474502691,13.5218267705781,9.43372829427362
"YGR021W",499.500151566014,20.2010303167881,8.96722669572611,4.40606247273252
"YGR023W",535.869890968887,15.8348669970506,9.06842868692888,4.07338041816439
"YGR024C",311.378701614926,46.8056368929555,8.28715228178853,5.57910883522816
"YGR026W",1067.09841456844,87.4022588896642,10.0608288677068,6.4660113292923
"YGR027C",181036.035506965,115043.84822771,17.4659253401241,16.8118368547589
"YGR028W",429.186322162556,85.8083751968787,8.7488178445637,6.43976233424045
"YGR029W",320.500900629862,92.037788637505,8.32867896879736,6.53974490150482
"YGR030C",231.812898539018,35.2679917377496,7.86302717990571,5.18062495626382
"YGR032W",3520.20805597449,2813.20153668247,11.7818547582291,11.4585099343314
"YGR033C",542.690683005631,88.1654199146408,9.08664229527557,6.47841240828092
"YGR034W",75126.4425750602,175461.179170894,16.1970523716447,17.4208005659194
"YGR035C",785.620600708975,5.96592467283285,9.6195241591111,2.80031487218991
"YGR036C",126.368362044282,28.5122443977263,6.99286315033391,4.88324173637374
"YGR037C",408793.002115351,153181.959418277,18.6410145034376,17.2248962904326
"YGR038W",152.48652852911,78.5266084156407,7.26196822597517,6.31336574027275
"YGR040W",86.2249935702524,6.42231941159251,6.44666968095946,2.89187008721235
"YGR041W",64.1937170521124,20.3548061301088,6.02666102844604,4.41648889540077
"YGR042W",117.972974469945,20.3153073303276,6.89449008241525,4.41381795153771
"YGR043C",23523.4715642558,1997.29590815095,14.5218746952688,10.964554518249
"YGR044C",819.658963498257,6.29879913628795,9.6806390038766,2.86765911842609
"YGR046W",169.367803464249,12.2812496150232,7.41250890696239,3.7313189892064
"YGR047C",19.1884406546363,19.2139344242783,4.33545757679487,4.33727824896306
"YGR049W",207278.304493827,843.368684173238,17.6612165542483,9.72172926298163
"YGR050C",567.565171356453,27.4690473274746,9.15118191620788,4.83132231122275
"YGR052W",9564.29524759322,440.928916846309,13.2235937849287,8.78767052418682
"YGR053C",48.2937450221769,4.79530001707234,5.62333268676438,2.53488335009086
"YGR054W",1702.91473727451,169.872972823807,10.734637430561,7.41678041208659
"YGR055W",63401.8724252947,798.794833400813,15.9522605817415,9.64348615127898
"YGR056W",49.4277647162868,27.8071886014947,5.65614637205253,4.84835696438915
"YGR057C",156.096672778588,5.66978079958873,7.2955088152403,2.73763934843493
"YGR058W",76.1409973443356,11.8117993017947,6.2694258933615,3.67940119831761
"YGR059W",24.6877276342898,7.79737217146571,4.68300736832036,3.13707264632279
"YGR060W",760718.617567845,17013.3381190526,19.5370052844327,14.0544634091401
"YGR061C",4629.52082948293,282.429359020639,12.1769587580294,8.14684539728851
"YGR062C",66.7918822512811,24.0893075892688,6.08304062286571,4.64900075091495
"YGR065C",37404.6391767249,1047.29307566773,15.190968163005,10.0338263982
"YGR066C",226.449411528474,4.2642222404214,7.82940189177712,2.39622039682122
"YGR067C",67.3022067113652,0.55907239269862,6.09386028482461,0.640687918518381
"YGR068C",27.9883947009416,6.0433072437355,4.8574035379412,2.81625301746323
"YGR070W",281.839793423105,11.9505232904517,8.14384130049991,3.6949384888059
"YGR071C",11.5699625297245,4.87079166124305,3.65190844406813,2.55355506019045
"YGR072W",310.873271317378,21.889460057294,8.28481610353121,4.51661152624528
"YGR075C",36.4494984102646,1.7358134238536,5.22687449058421,1.45196984511437
"YGR076C",982.985877679558,39.4907135663875,9.94249379970116,5.33951916268853
"YGR077C",49.8698149268608,24.7710932172307,5.66873794032467,4.68768183292404
"YGR078C",744.6985612548,178.282859052151,9.54244874777659,7.48609375080545
"YGR079W",2281.26543854373,70.4328029490378,11.15625087848,6.15851482718328
"YGR080W",603.025755816623,125.001668512887,9.23846625753153,6.97729902778031
"YGR081C",1039.64261652343,69.6188864284605,10.0232589797225,6.14198216666734
"YGR082W",1301.37712337876,832.622722949301,10.3469315482564,9.70325079301432
"YGR083C",929.797973245954,56.1416015432314,9.86232425914369,5.83646956704016
"YGR084C",310.72423123794,58.7869298762243,8.28412649400997,5.9017582237305
"YGR086C",93856.0729238663,7077.30605549884,16.5181778479694,12.7891884277765
"YGR087C",51.2412443639558,10.4911540600526,5.70711735655591,3.5224517904437
"YGR088W",161575.160743916,6126.40506521039,17.3018548302394,12.5810605115696
"YGR089W",89.1426471682394,25.8107728065641,6.49413791237368,4.74474089974043
"YGR090W",433.578381268894,100.020383793281,8.76347259712429,6.65850261770589
"YGR091W",54.1457678504136,20.8830244454105,5.785178265645,4.45174024119208
"YGR092W",184.556221172698,14.4031172915872,7.53571256108524,3.94515044879456
"YGR093W",85.9726327701003,22.9328523858727,6.44248960184763,4.58092044653675
"YGR094W",3606.71897357017,604.907077795518,11.8168712476381,9.24295274802295
"YGR095C",835.281021806192,44.8703610923942,9.70784401322789,5.51949035927597
"YGR096W",14.8700018092369,4.60644456530366,3.98823038753285,2.48708614799676
"YGR097W",304.832006350831,31.9354556001657,8.2565955872757,5.04156960212554
"YGR098C",10.2695826837651,15.9524687012919,3.49436218792991,4.0834234758461
"YGR099W",19.6072281856769,8.36010010927631,4.3650785603805,3.22652395997792
"YGR100W",75.9055777384572,37.5323293940263,6.26501633135525,5.2679974987314
"YGR101W",163.586073114282,71.2594132763731,7.36269845324376,6.17511363547694
"YGR102C",1251.40270138418,57.682450918105,10.2904828100921,5.87485722243504
"YGR103W",7383.02159488441,278.002531997326,12.8501910568748,8.12413440460127
"YGR104C",75.2690538070206,15.7756840548147,6.25302589669856,4.06829969066411
"YGR105W",3402.47972881756,173.731085949479,11.7327948017032,7.4489924869565
"YGR106C",2689.50298950912,211.075595324573,11.3936601944831,7.72843480154394
"YGR110W",164.780751747359,20.9268490291625,7.37313269980095,4.45462660107961
"YGR111W",832.040706114639,81.7962128415982,9.70224318365472,6.37149287421099
"YGR112W",86.4100834687535,21.7923897948618,6.44972781089761,4.51048029480609
"YGR113W",104.531185581317,33.8270689219626,6.72152558335323,5.12213715438427
"YGR116W",148.034340560753,125.807996853206,7.21950098521656,6.98650191834887
"YGR117C",102.132089076856,14.3621112545719,6.68834948027997,3.94130459787277
"YGR118W",152892.454897443,99817.3735987922,17.222167123195,16.6070177768764
"YGR119C",316.629017169129,83.5926045222895,8.31119890645503,6.40245963665588
"YGR120C",114.547975878047,41.4447739044299,6.85234817726282,5.40751502495988
"YGR121C",1659.79445148841,98.27203499837,10.6976578136105,6.63331546167183
"YGR121W-A",17.7792889273609,3.14074249966106,4.2310705316601,2.04988948862597
"YGR122W",112.280601201749,18.458200979507,6.82375701698624,4.28230642587373
"YGR124W",8107.3549585213,1095.48364863827,12.985193531544,10.0986685825793
"YGR125W",127.897944855897,36.4817566235885,7.01008545138086,5.22811666295259
"YGR126W",70.7642538572124,4.56235869965981,6.1651935040522,2.47569678271664
"YGR127W",945.991354857425,23.7807948444921,9.88720744507636,4.63115055758042
"YGR128C",752.656750573262,72.3375171011531,9.55776379417337,6.19647951819779
"YGR129W",166.780537197802,18.8024073293368,7.39043156039902,4.30760392069644
"YGR130C",3735.04954229898,289.101575695669,11.867297870854,8.18041432137459
"YGR131W",693.943471724921,174.223762407188,9.44075182030311,7.45305462443065
"YGR132C",2821.95532408943,171.37497075091,11.4629905816308,7.42940649671328
"YGR133W",112.062170057614,57.7758585262273,6.82097248249906,5.87715180205336
"YGR134W",8.44826477854473,13.1164683282306,3.2400493954443,3.81930729379063
"YGR135W",3764.82369242028,375.378925535397,11.8787497423877,8.55604203974139
"YGR136W",3368.08547400879,123.590847714099,11.7181413148921,6.96105428347818
"YGR138C",9652.11408799994,369.22506647088,13.2367787145629,8.53225876744936
"YGR140W",43.8094243869682,16.3990776380188,5.48573028892074,4.12093892266672
"YGR141W",246.482832176938,28.1226934058028,7.9511846390387,4.86407188392336
"YGR142W",542868.36726724,687.5242450247,19.050245553002,9.42736364669277
"YGR143W",316.761572122178,5.59593306140308,8.31180085549049,2.7215767577093
"YGR144W",80572.4090650965,196.086885498334,16.2980161768702,7.62268796993088
"YGR145W",1024.04393044677,68.4879290639818,10.0014700254948,6.11869048003257
"YGR146C",36372.866336576,984.902382349305,15.1506146638292,9.94530099715632
"YGR146C-A",316.575061726353,4.38151548513932,8.31095381593217,2.42801250642747
"YGR147C",419.252218773445,70.4880385466757,8.71511162614276,6.15962996372917
"YGR148C",69636.729746887,79147.038678266,16.087581550139,16.2722659797641
"YGR149W",593.113191081086,83.8982827069121,9.21459401079117,6.4076634666247
"YGR150C",48.2092223993949,14.267463186189,5.62085681417191,3.93238846136104
"YGR152C",261.535445695037,61.7104060293134,8.03636840827232,5.97063295547811
"YGR153W",1199.57711913087,8.02609581274724,10.2295123627945,3.17410209295785
"YGR154C",37663.4008417073,1343.72164985211,15.2009139589378,10.3930918582343
"YGR155W",50238.7125928205,1941.6011298454,15.6165405905525,10.9237739904913
"YGR156W",183.680591826587,33.1995636021638,7.52888845053603,5.09590601084617
"YGR157W",3324.3802158068,708.713931778047,11.6993035889146,9.47109381668717
"YGR158C",487.571759733113,41.5374929810091,8.93242666559756,5.41066310302265
"YGR159C",19604.9735537095,12299.1453289352,14.2590056616098,13.5863877409754
"YGR161C",77803.4357679572,709.442935751433,16.2475647876916,9.4725749636416
"YGR161W-C",6312.27980151012,755.363249049433,12.624173976727,9.56293545562425
"YGR162W",2860.52582006476,202.818610346601,11.4825689093059,7.67114197743616
"YGR163W",131.055172895399,40.6694613154541,7.04499700596635,5.38091854451875
"YGR165W",652.596300095752,41.7248612893477,9.35225600641527,5.41700390293869
"YGR166W",50.6968960785945,14.4707871143758,5.69200575750788,3.95147469420299
"YGR167W",3656.47213598938,583.056563828516,11.8366311580694,9.18996428559786
"YGR168C",40.1591474738047,27.6062138267898,5.36314119499942,4.83825665739365
"YGR169C",12.1914038708028,7.21497065845826,3.7215262038035,3.03825542228766
"YGR169C-A",7453.6728859118,193.324563397505,12.8639293325126,7.60232446461437
"YGR170W",41.3668386379004,25.7470444572104,5.40486357545173,4.74130757770957
"YGR171C",26.7748084625528,9.41755745717362,4.79570505758803,3.38094515201454
"YGR172C",354.419766564994,108.269650349385,8.4733801084297,6.77174893780599
"YGR173W",540.977794012939,95.0491802691252,9.08208993226955,6.58570139616271
"YGR174C",4573.9166169226,80.0792684769528,12.1595297335345,6.34126116729561
"YGR175C",318226.919734391,2366.77177606173,18.2797008905436,11.2093143143571
"YGR177C",588.26170166219,71.6362451635929,9.20276469282571,6.18261772119631
"YGR178C",574.795814997347,65.2556434814744,9.16941349290929,6.04997143965399
"YGR179C",42.0801910188594,11.2538193557327,5.42895274173676,3.61515958344275
"YGR180C",59651.4219028205,1918.43537682042,15.8642930924282,10.9064662732866
"YGR181W",559.45473280601,367.518301438894,9.13045404292392,8.5255924583203
"YGR183C",40299.0773258775,46.6011471945825,15.2984949864802,5.57292443800023
"YGR184C",60.6279267389556,100.494691732214,5.94551235226455,6.66526046485146
"YGR185C",1972.16410666608,676.953229633082,10.9462952336418,9.40504193849941
"YGR186W",438.146491696762,184.102712988029,8.77855846800999,7.53218223023276
"YGR187C",1182.00846444374,81.6855158275723,10.2082446808819,6.36956272689767
"YGR188C",6.34840426503155,6.83080460130191,2.87743099704167,2.96916054949222
"YGR191W",1066.2563849138,63.5319905725237,10.0596910782675,6.01194262284611
"YGR192C",22618036.7251021,6274320.27708786,24.43097043496,22.581027973704
"YGR193C",468.881040828468,50.4989204900454,8.87615174756577,5.68647028601854
"YGR194C",747.517757330673,46.1410575817292,9.54789273198897,5.55891221984797
"YGR195W",531.533431384064,50.2137317884125,9.05672828746632,5.67845878259124
"YGR196C",54.1852650401398,42.2187687542047,5.78621120081634,5.43358606718878
"YGR197C",693.947812357362,142.012134960741,9.44076083138041,7.15999375849099
"YGR198W",161.665670682037,117.890545326775,7.34576600340023,6.89349018027861
"YGR199W",51.6387735498774,32.2597399709545,5.71805397047035,5.05570498437602
"YGR200C",538.190138568509,42.3422294426791,9.07465030059641,5.43770145974426
"YGR201C",14529.6347491941,230.563199940242,13.8268101058865,7.85526218799769
"YGR202C",403.12905274042,58.3226051160377,8.65867226002386,5.89051004914423
"YGR203W",769.281468261985,115.31747727872,9.58924190657607,6.86192407496891
"YGR204W",11025.5195401408,675.387275552034,13.4286898636284,9.40170570926441
"YGR204C-A",109.104103426193,0.159214787499027,6.78272442690864,0.213147903833775
"YGR205W",643.161813125506,11.2545097080618,9.33127932791334,3.61524085931262
"YGR206W",394.834292274937,29.4556323902941,8.62875279243787,4.92863715619186
"YGR207C",1016.66135839459,64.6846009877104,9.99104184819466,6.0374832815291
"YGR208W",1354.94348616841,22.642335699614,10.4050813348741,4.56330066575784
"YGR209C",306172.508079886,76846.2864262451,18.2239899322738,16.2297066969994
"YGR210C",289.996579619843,58.3440741454984,8.1848583855389,5.89103207036984
"YGR211W",6606.0803930397,131.823673386837,12.6897971837793,7.05336849334205
"YGR212W",60.4129021353894,6.32921061548748,5.94046987574878,2.87365782285456
"YGR213C",610.393754897392,38.2187338417309,9.25595800561659,5.29347105444235
"YGR214W",25119.1275400219,4505.04539506244,14.6165561686552,12.1376461323902
"YGR215W",3040.35039629251,184.607351798117,11.5704963245994,7.53611004567461
"YGR216C",22.9884589887093,16.4340030508576,4.58426857720589,4.12383196202998
"YGR217W",4.96284606335412,21.196216111281,2.57600109267316,4.47224184971618
"YGR218W",308.184326218687,48.9105271308488,8.27232337495042,5.64127223585451
"YGR220C",224.022607937728,73.6608972581055,7.81392614553309,6.22228094162158
"YGR221C",32.018956239386,7.8114140732939,5.04522261089681,3.13937356430142
"YGR222W",389.122167507662,17.8880474648777,8.60778216723165,4.23940166700374
"YGR223C",173.214697035442,41.1935267874591,7.44472252694772,5.39894977656943
"YGR224W",9.58111029609957,0.186644328958833,3.40341911502672,0.246887583051723
"YGR225W",4.67386478954551,0.36680056556057,2.50433177102531,0.450802749844452
"YGR227W",41.9762213106954,15.8410798020849,5.42546673409849,4.07391273775547
"YGR229C",1007.35959056841,61.285090741369,9.97779449395424,5.96081495977927
"YGR230W",179.279513606738,15.9239689598086,7.49409165256159,4.08099603965483
"YGR231C",1431.24201360022,176.628486751405,10.4840595777672,7.47271915884638
"YGR232W",1157.69285140122,225.574794308408,10.1782824692231,7.82384356483924
"YGR233C",36.3477559838664,30.3695081758731,5.22294965709317,4.97129100507649
"YGR234W",466510.371282214,18894.0482368852,18.8315527218429,14.2057205811866
"YGR239C",521.372980926068,171.900573101,9.02893646703415,7.43379884075955
"YGR240C",2445.05651238021,801.273901855284,11.2562420201663,9.64795105661202
"YGR240C-A",432.822655346866,0.260207329533817,8.76096158603783,0.333661105696488
"YGR241C",190.580318956696,86.6163579700372,7.58180555042101,6.4531283409592
"YGR243W",65601.3247183882,835.848797288805,16.0014593193968,9.70882316845566
"YGR244C",8721.22687669719,201.328321028785,13.0904808019824,7.66055446591434
"YGR245C",2615.6007723534,125.401402544161,11.353478106762,6.98186866145651
"YGR246C",37.6909587664699,46.7857357804056,5.27392457426279,5.57850812752838
"YGR247W",175.612187601193,3.65051177158134,7.46444109326567,2.21738948819824
"YGR248W",21330.8199597242,164.493090292595,14.3807194364075,7.3706271723135
"YGR249W",2903.24652909748,32.6606379227915,11.5039482074208,5.07299061318704
"YGR250C",9581.68671739441,66.4263250306445,13.2262144886855,6.07524006279587
"YGR251W",696.832002229221,34.3609341517967,9.44673595010255,5.14408448269258
"YGR252W",40.8132559263187,32.8794302809823,5.38588848282486,5.08233770929442
"YGR253C",7283.78582909012,380.106982917111,12.8306708426963,8.57405223226643
"YGR255C",771.920906114052,52.3120558530103,9.59417697883398,5.7363899121609
"YGR256W",9741.92773903944,223.778995655399,13.2501396503887,7.81236341981948
"YGR257C",128.767442804857,34.2019376454584,7.01978466251377,5.13758293723167
"YGR258C",49.6400350287422,31.9776713998077,5.66220649759547,5.04341762651432
"YGR260W",1510.27926372655,130.836788410982,10.5615545600997,7.04260919329454
"YGR261C",82.6840767630191,25.6186625320413,6.38688123068022,4.73436617902724
"YGR262C",86.9428243761636,72.5163660337604,6.45849396184834,6.19999354983523
"YGR263C",20.0388862377808,12.9516766085988,4.39498642776089,3.80236659970644
"YGR264C",1130.66818987418,155.100369774106,10.144235300257,7.28633014458342
"YGR266W",206.491719617468,30.0222871425842,7.69690995367921,4.95523314901206
"YGR267C",9425.61168280492,1287.20581555558,13.2025235839994,10.3311473946985
"YGR268C",1408.42286541215,48.9193452447793,10.4608888092306,5.6415271064452
"YGR270W",102.403045171982,195.094142989713,6.69213486275666,7.6154026350147
"YGR271W",21.5272179842809,27.3700619309193,4.49359725275264,4.82629739485926
"YGR271C-A",2070.18286373441,30.9525060477593,11.0162392186919,4.99785718164303
"YGR274C",33.4513435295901,31.3615635342778,5.10648834097169,5.0162094074963
"YGR275W",831.023678365751,55.6328438395024,9.70048077604344,5.82356707200464
"YGR276C",60.8068516163828,38.2618477382604,5.94969487225757,5.29505616529963
"YGR277C",137.747378779428,61.7793548695307,7.11631670604726,5.97221829852369
"YGR278W",20.0351631614395,10.1371956393487,4.39473110345219,3.4773141007668
"YGR279C",25687.2993647754,7285.0221332486,14.6488237626174,12.830915662323
"YGR280C",4583.28293937099,232.175408395614,12.1624803738333,7.86527183398867
"YGR281W",343.672301911614,60.3144541898857,8.42908155723443,5.93815530795427
"YGR282C",31512.2064957585,5833.05563847536,14.9436689368301,12.5102834297206
"YGR283C",259.019940055905,68.2468025462415,8.02247845270808,6.11367555150507
"YGR284C",4880.74920586274,1058.81580609079,12.25318246492,10.0495978336674
"YGR285C",6612.85758468718,2317.16383639817,12.6912762651658,11.178766817187
"YHL043W",1377.41117108572,0.463100612287648,10.4287905834478,0.549028981955895
"YHL042W",745.313670342689,22.0659971376056,9.5436383022081,4.52769575600473
"YHL040C",6641.62364670476,69.7323980012752,12.6975374621505,6.14429926790977
"YHL039W",432.64143973214,43.9544854938801,8.76035882017356,5.49039316784449
"YHL038C",36.7512667124637,6.60433756989537,5.23845314857354,2.92682257717376
"YHL036W",777.825761179158,63.994387380762,9.60515679457093,6.02224323383532
"YHL035C",115.377067375573,24.8831167976043,6.86266298648249,4.69393944937778
"YHL034C",1660.81024086656,464.846817916052,10.6985399374138,8.86371182842417
"YHL033C",85193.8103932283,23780.4018667079,16.3784779315031,14.5375461411652
"YHL032C",428.82365443133,11.7859059217214,8.74760107038064,3.67648247857778
"YHL031C",77.3447752462699,181.191823901859,6.29176516055352,7.5093144075266
"YHL030W",84.8473551557916,30.1332662756344,6.42370178226094,4.96038503669492
"YHL028W",245.841493071962,1.75752413477918,7.9474411159379,1.4633735128244
"YHL027W",492.657166625666,173.186961718151,8.94736566131195,7.44449282881745
"YHL026C",449.433245218731,32.6730570910718,8.8151695024108,5.07352280060641
"YHL025W",423.616465667704,43.6077788327408,8.73001650655865,5.47922340828087
"YHL024W",335.466860053898,1.8924580157753,8.39432060489157,1.53229601866816
"YHL023C",16.9015199607126,12.6082981872678,4.16201018219177,3.76641475391864
"YHL022C",3.80401443446271,0.772223752345202,2.26424048586796,0.825560763046414
"YHL021C",45692.9335521636,746.322847831279,15.4797150215252,9.54558782012896
"YHL016C",62.0452865792512,6.42573337982425,5.97831661004154,2.89253351630891
"YHL015W",1130751.84400806,2486.93366963692,20.1088521938862,11.280732307204
"YHL006C",35.837039532598,6.04236910155413,5.20308521648871,2.81606084308103
"YHL004W",555.282184898347,49.6530908741242,9.11967309337028,5.6625784004926
"YHL003C",295.13876749351,58.1063360343424,8.21012955570256,5.88524088646385
"YHL002W",173.559915805505,224.305017068939,7.44757850070213,7.81573562949049
"YHL001W",18244.3603718496,6040.0377394731,14.1552420260348,12.5605806840458
"YHR001W",199.653602725364,44.967235964717,7.64856324964222,5.52253401360063
"YHR001W-A",75558.2260090588,3259.29351148423,16.2053203031046,11.6707861351618
"YHR004C",296.30188844981,57.2624162056004,8.21578481699109,5.86449362773458
"YHR005C",578.028278428007,95.2485516332781,9.17748999766387,6.58869292579308
"YHR005C-A",30903.4182592988,1622.9540246312,14.9155254877475,10.6652950739737
"YHR006W",509.969459890049,51.2586373788608,8.99709325514142,5.70759760239281
"YHR007C",407891.341291736,30708.5215753913,18.6378288933491,14.9063984162466
"YHR007C-A",8585.6463671072,0.601168041192435,13.0678790616316,0.679124725388849
"YHR009C",936.639947941742,55.582688302106,9.8728902265461,5.82228881718501
"YHR010W",68938.6814964413,47263.7069676093,16.0730470129723,15.5284756902129
"YHR011W",76.7511618163795,9.50440344321647,6.28079232812682,3.39292232696483
"YHR012W",252.402475081381,59.5075242231522,7.98528680569069,5.91904265024105
"YHR013C",368.84802544897,170.590117446702,8.53078876329566,7.4228226544933
"YHR014W",1.71631256001087,0.452450570452744,1.44164949682601,0.538489066916468
"YHR015W",16.7104195187694,6.52494938433747,4.14652648148198,2.91168187779115
"YHR016C",984.67152278297,50.0981526338818,9.94496313515465,5.67519922882688
"YHR017W",334.488439719495,33.5181331142687,8.39011924458559,5.10928253450218
"YHR018C",112447.2885804,18276.0110414068,16.7789021784573,14.1577425359237
"YHR019C",9680.2461950966,1316.81881919469,13.2409770515594,10.3639363191833
"YHR020W",4402.43661998787,580.902572699975,12.1044141855485,9.18463381430234
"YHR021C",25789.8054975077,39774.570764976,14.6545692115797,15.2795950124035
"YHR021W-A",194.539280618874,0.0702879636391285,7.61131464007789,0.0979990095432743
"YHR022C",120.256663636724,0.694371491286794,6.92192022228269,0.760750220525763
"YHR022C-A",47.5329591437799,0.283783174582205,5.60089292144126,0.36040155809115
"YHR023W",83.983452480141,31.3424165396749,6.40911004968003,5.01535557207733
"YHR024C",427.216853028671,38.2377779445235,8.7421977657467,5.29417143819817
"YHR025W",6891.12347018487,930.157221399092,12.7507328318761,9.86288097021483
"YHR026W",6429.28759756453,514.740973399702,12.6506675488563,9.01050285577413
"YHR027C",1939.42304918135,231.177105174708,10.9221555063628,7.8590819058223
"YHR028C",358.713041981085,76.7985381772572,8.49070265745023,6.28167114233231
"YHR029C",2484.48885665945,136.704840446662,11.2793139198363,7.10543546214273
"YHR030C",2300.51085888793,245.406552366388,11.1683655341006,7.94489681001536
"YHR031C",57.5676000542662,13.4927698024985,5.87203087270943,3.85726143846794
"YHR032W",1094.46940155191,1.3175390371364,10.0973334724628,1.21259364012751
"YHR033W",965.382958286832,204.763804440939,9.91645120340724,7.68484541230699
"YHR035W",4.43378582856058,4.314786083564,2.44195770318176,2.41001162545495
"YHR036W",38.6018945011477,8.10555443300064,5.30749754342542,3.18674686491084
"YHR037W",2926.06416950758,61.7980857467612,11.5152386587024,5.97264867747965
"YHR038W",198.699268271288,22.7975251102211,7.64168523631065,4.57273963914046
"YHR039C",21526.5950310472,156.865406874713,14.3938995364638,7.30255125712228
"YHR039C-A",14973.9069397355,1226.43852241902,13.8702594170878,10.2614350520759
"YHR040W",285.888504634294,14.1389589669537,8.16434635153989,3.92019409645598
"YHR041C",157.495253539031,39.8016003380404,7.30829582636505,5.35055383420363
"YHR042W",15367.6168090816,759.335264549406,13.907699706421,9.57049189497368
"YHR045W",77.5035176632798,33.6826507707321,6.29468539604662,5.1161422618336
"YHR046C",330.528459862245,25.6471801991392,8.37298891272115,4.73591097016246
"YHR047C",391.45880635578,98.4181224428467,8.61639742216092,6.63543695246308
"YHR048W",30.3632365873927,5.15760129395754,4.97100254361467,2.62236845558469
"YHR049W",7168.61875950816,209.409283564399,12.807680691122,7.7170545496181
"YHR050W",422.125373167842,24.8259130527423,8.72494139082197,4.69074745011043
"YHR050W-A",959.54174697109,2.40751558171416,9.90770450729835,1.76872025412817
"YHR051W",55926.9125286733,794.331681760084,15.7712808632659,9.63541283109937
"YHR052W",5159.22787599673,230.716858795745,12.3332190612237,7.85621920254115
"YHR056C",27.8588825898435,24.0689939282786,4.85094353493474,4.64783219381918
"YHR058C",38.8671025411501,6.53539153519811,5.31712685193034,2.91368247548777
"YHR059W",744.931237100088,54.7422319257259,9.54289883303397,5.80069886416997
"YHR060W",541.811078557786,37.3929239346321,9.0843063556628,5.26276853226313
"YHR061C",43.9815786748249,3.99149558418019,5.49126238975975,2.31947214995129
"YHR062C",212.669623842324,45.915434447267,7.73923801285452,5.55199071991689
"YHR063C",244.509417768654,41.6764028484619,7.93963455731889,5.41536667284464
"YHR064C",3851.66183643499,1181.18476779985,11.9116398450928,10.2072398216635
"YHR065C",981.893737685738,50.7078303468661,9.94089164255573,5.69231086570197
"YHR066W",1929.52570474021,98.2444840146354,10.9147780483976,6.632915014716
"YHR067W",129.946346926031,16.4872552674882,7.03283200245894,4.12823196203569
"YHR068W",3978.39200232529,416.110966926704,11.9583323078341,8.70428743468652
"YHR069C",396.722015518037,37.3036140223031,8.63561661311878,5.25940861461133
"YHR070W",78.4606667366066,4313.22201516032,6.3121689936942,12.0748847059285
"YHR071W",268537.456640081,1068.73176280345,18.0347691817577,10.0630333682159
"YHR072W",5974.93029056941,174.537492238146,12.5449476038006,7.45563539175317
"YHR072W-A",97570.7447550063,1826.35561013463,16.57417580599,10.8355416997195
"YHR073W",91.1025250700355,85.7820728988579,6.52516880447304,6.43932514203747
"YHR074W",261.823784964025,56.7365843048987,8.03795203201377,5.85141385517783
"YHR075C",81.5760106090159,7.65847152526111,6.36765081597332,3.11411236934588
"YHR076W",101.858410264861,65.7700863460425,6.68451595107895,6.06113000079036
"YHR077C",147.819210990514,48.3308102314801,7.21741696495569,5.62441707788851
"YHR078W",110.300274838765,24.1848639722245,6.79831334497063,4.65448503366082
"YHR079C",21.2094832582931,15.8964144664469,4.47310392138907,4.07864522421777
"YHR079C-A",4.06952302208383,0.024594554004392,2.34185001428077,0.0350531286133544
"YHR080C",91.590474047282,55.7918424074494,6.53279186772836,5.82761181047079
"YHR081W",2041.14204502382,63.8995859437438,10.99586750373,6.02013736881573
"YHR082C",1025.45644985915,51.2168633075861,10.0034567032386,5.70644389174712
"YHR083W",206.573800223858,80.0144234827509,7.69748054930653,6.34010687738561
"YHR084W",69.5647822288058,18.780010139417,6.14087643163302,4.30597126052346
"YHR085W",330.053391575166,49.2979362984858,8.37092010030857,5.65242730300926
"YHR086W",77.8576112257758,26.4742967006325,6.30117810352071,4.78001064577993
"YHR086W-A",8.34042370526946,0.00404067736180915,3.22348799571934,0.00581771932789791
"YHR087W",2996734.29820674,100153.991980445,21.5149602254713,16.6118748049828
"YHR088W",2730.29896892863,84.2297552683331,11.4153715253063,6.41328528453749
"YHR089C",17619.6549867771,2392.35659158496,14.1049799319924,11.2248196479341
"YHR090C",218.70614804887,18.3197274014341,7.77943143111313,4.27200283298581
"YHR099W",20.9906395573689,174.319922663053,4.45881765782636,7.45384613734989
"YHR100C",149.477281377326,24.7971306213101,7.23340187929552,4.68913870051183
"YHR101C",30.6100465937876,5.69275047012868,4.98231125669025,2.74259922643248
"YHR102W",88.4939174940024,55.8172145832746,6.48371772699121,5.82825620122304
"YHR103W",223.143195523103,58.3144051844749,7.80827689289261,5.89031061727065
"YHR104W",178674.258618236,1220.92374428862,17.4469803508981,10.2549385394019
"YHR105W",61.1107330298198,1.30503929736866,5.95677068943491,1.20479134659197
"YHR106W",625.962579361926,25.1408613503659,9.29223552725171,4.70823477410135
"YHR107C",272.328409781509,72.8487579920523,8.09449161129243,6.20650175245462
"YHR108W",298.660339108379,108.336223795503,8.22718434150071,6.77262764414373
"YHR109W",13.0727552620641,6.55220173004404,3.81483291200224,2.91689730164985
"YHR110W",1225.10098672609,91.5814453871682,10.2598620948888,6.5326511811359
"YHR111W",113.688853195311,23.5710447495246,6.84158136995747,4.61888729662138
"YHR112C",3001.17648438876,144.039787085037,11.5517930736355,7.18030490212893
"YHR113W",430.436344617588,103.187634446932,8.75300390542687,6.70304025068573
"YHR114W",65.5158638837534,25.2535631301114,6.05562655605735,4.71444133333437
"YHR115C",159.52693578369,52.8909099839542,7.32667158594525,5.75197004268858
"YHR116W",212.875248015935,90.0600021738264,7.74062571748135,6.50874558868516
"YHR117W",61.023822052316,71.479918844069,5.95475052580443,6.17950943488348
"YHR118C",61.7907637995222,24.4071793556468,5.97248045654249,4.66716431461174
"YHR119W",34.4010967002968,18.5348778362579,5.14572214953381,4.28798032836769
"YHR120W",17.0635843835728,16.5005007751912,4.17501229220832,4.12932430011915
"YHR121W",884.003543860987,190.855991338127,9.789539422033,7.58388000834503
"YHR122W",871.096684296343,173.526640046947,9.76834427686704,7.44730345847438
"YHR123W",250.373838432308,79.979272189004,7.97369069980383,6.33948077156395
"YHR124W",5.63309512641474,24.0451430026634,2.7296822159737,4.64645894400142
"YHR127W",189.176105035879,33.3612534766047,7.57119217776151,5.10271076091836
"YHR128W",5071.76581621067,1897.89826977153,12.3085568447783,10.8909469022994
"YHR132C",422.727474428897,43.4579608563428,8.72699286564966,5.47436987298893
"YHR132W-A",988.547938615018,72.0724476874097,9.95062579005093,6.19125562859337
"YHR133C",224.419407402868,24.9931656946378,7.81646791894307,4.70006044450468
"YHR134W",56.3921344377518,23.1543808213867,5.84278112472899,4.59421296577517
"YHR135C",920.101388464022,189.830465047833,9.84721615671415,7.57614769793634
"YHR136C",121.39964293232,1.75175698628579,6.93545553914089,1.46035306809205
"YHR137W",996.41860084697,101.749047532858,9.96205529783034,6.68298121019271
"YHR138C",34398.268410674,2396.51663898788,15.0700902621653,11.2273251123776
"YHR139C",740.623815673619,34.6117854484262,9.53454376356899,5.15428286400639
"YHR140W",42.1547388281649,0.700656847287598,5.43144708554329,0.766092068303284
"YHR141C",54406.8802743458,79400.9457286651,15.7315280017855,16.2768867403018
"YHR142W",363.136483055299,41.6882902352118,8.50833548229062,5.41576847535583
"YHR143W",943.102660548181,82.142233550044,9.88279993475478,6.37750960022623
"YHR143W-A",9840.87417004391,492.41377156335,13.2647173561582,8.94665417271896
"YHR144C",84.4807054233868,33.5046599293605,6.4175269086715,5.10871930903877
"YHR146W",2210.99925550704,475.606983624682,11.1111351846667,8.89665628097324
"YHR147C",964.008976511554,140.797533851565,9.91439855216422,7.14768863115993
"YHR148W",895.051703321664,46.5169724481739,9.8074381697961,5.57037101239912
"YHR149C",248.712027231719,20.5512410102696,7.96412149926546,4.42969904298648
"YHR150W",26.979223802442,11.2591687063534,4.80628403480602,3.61578924815073
"YHR151C",18.5761572565398,31.0442866622494,4.29102569072661,5.0019952492726
"YHR152W",1844.46398248599,41.5963615565713,10.8497678657591,5.41265830025707
"YHR153C",18.7307804253141,1.12071111575392,4.30237611600018,1.08454810966887
"YHR154W",45.6702732247015,9.20169135383321,5.54443200827401,3.35073645350588
"YHR155W",23.4176056576912,31.1602812248948,4.60984983431461,5.00720811707545
"YHR156C",36.930595300734,11.4585121555441,5.24529010903671,3.639059881228
"YHR157W",5.41441429679328,0.675756028000039,2.68131753816159,0.744812123491168
"YHR158C",21.8636398913341,9.97756787012297,4.51498319376588,3.45648654901359
"YHR159W",34.9269787257629,10.0879926005433,5.16699571209136,3.47092629470789
"YHR160C",109.834229514699,2.61456823108927,6.79225969503147,1.85382332405912
"YHR161C",1525.46812903983,126.912259003119,10.5759817526502,6.99901072729743
"YHR162W",2620296.27848621,20384.6493936548,21.3212990672961,14.3152662947808
"YHR163W",33430.1732485453,1276.4380130394,15.0289063659782,10.3190375715586
"YHR164C",9.75558662065507,24.57499470603,3.42701430785197,4.67666203622316
"YHR165C",26.4491257298794,105.203194054587,4.77868829419966,6.73068334553467
"YHR166C",16.1775622841893,12.8978415684325,4.10245340900957,3.79678893464796
"YHR167W",38.2874160420007,21.0860713054353,5.29599537884633,4.46506490822778
"YHR168W",16.8924662837484,5.50082010797297,4.16128035595518,2.70062173215211
"YHR169W",515.945148196872,33.2779916143216,9.01386739754397,5.09921067770591
"YHR170W",2943.69507220834,106.294987831667,11.5239025331188,6.7454388735179
"YHR171W",58.3235251168425,11.4486949872091,5.89053242291396,3.63792260552104
"YHR172W",20.9430727118184,3.96553484544913,4.45569365689602,2.31194912104055
"YHR173C",48.4548341292855,0.0171878024236933,5.62803964384908,0.0245860672110882
"YHR177W",46.2733569146584,1.03157096567081,5.56295541002128,1.02259576084425
"YHR178W",21.6668244522086,7.16168279486762,4.50251038327741,3.02886664110762
"YHR183W",99506.9788162142,4012.39264526205,16.6025245889955,11.9706065919541
"YHR186C",16.0952319228652,13.3410186784517,4.09552209014758,3.84207560080676
"YHR187W",120.358686275161,27.9499614954815,6.92313356318021,4.85548952426544
"YHR188C",216.675837087872,61.21649193141,7.76603746111244,5.95922514588568
"YHR189W",67.4366216491139,0.848042999694773,6.09669663831539,0.885998325327938
"YHR190W",18802.379389948,1064.97806725702,14.1987043494833,10.0579620392835
"YHR191C",551.358543397097,16.9163424498804,9.10946123370121,4.16320424188141
"YHR192W",86.4632413114681,30.1795516303158,6.45060490931759,4.96252827675979
"YHR193C",54513.6485646007,28907.175183558,15.7343563263543,14.8191899217189
"YHR194W",18.515821937713,12.7716786506561,4.28657232017979,3.78363251735033
"YHR195W",989.685554243983,61.6458207735278,9.95228340528955,5.96914636260822
"YHR196W",1294.84537818881,187.633627472756,10.3396778690665,7.55944307609338
"YHR197W",483.365575982463,28.326464824266,8.91995252564895,4.87413126595189
"YHR198C",419.246771285773,30.1892398196456,8.71509292519596,4.96297648498986
"YHR199C",2117.97566041052,259.428505412027,11.0491513009674,8.02474355826992
"YHR199C-A",201.505183579319,0.117486409573182,7.66181502729527,0.160257286029982
"YHR200W",1556.81356942346,397.982321132552,10.605306874569,8.64018101196306
"YHR201C",278.361747045501,63.0226867439739,8.12599067606978,6.00051131645805
"YHR202W",154.403454275592,6.69929562846715,7.27987476180143,2.94472646661283
"YHR204W",40.4603020078523,13.4266702631434,5.37365872034685,3.85066645298564
"YHR205W",293.980880583553,44.535907564196,8.20447763787227,5.5089327332626
"YHR206W",221.345734505649,4.89315057990429,7.79666091797854,2.5590391299441
"YIL158W",1469.79244387016,101.462575965305,10.5223779545543,6.67895325727964
"YIL157C",1022.0243721558,81.5135955787244,9.99862480038997,6.36655994343388
"YIL154C",1201.54216189519,111.603290778404,10.2318717613524,6.81510517989544
"YIL153W",433.906306074147,288.634853664052,8.76456081758324,8.17809141161128
"YIL151C",78.4706565638457,24.5761065411341,6.31235035849928,4.67672475389501
"YIL150C",23.9256230903587,8.01131836900877,4.63955766443098,3.17173818986692
"YIL149C",164.786772510421,123.643900169035,7.37318509410605,6.96166847163172
"YIL148W",110899.221226455,424388.665681221,16.7589027178624,18.6950300000298
"YIL147C",57.1258245928037,36.4592914696712,5.86110737270525,5.22725170661838
"YIL146C",93.8109070083567,27.4471619748987,6.56698113061143,4.83021282443253
"YIL145C",1380.12565005171,176.077955345611,10.4316288616515,7.4682408101473
"YIL143C",186.658217272198,20.7475970826102,7.55196365483728,4.44278409959523
"YIL142W",1223.37395500233,475.982702122808,10.2578285458217,8.89779313731757
"YIL140W",68.8562970589304,18.1111916037601,6.12631826529971,4.25634582962553
"YIL139C",83.0147295104142,38.3342524501306,6.39257037907308,5.29771426024458
"YIL138C",13482.3329588875,675.768818186339,13.7188895414184,9.40251928824992
"YIL137C",130.733199178601,43.6202852788238,7.0414751667621,5.47962783233828
"YIL136W",35067.0225032807,336.350507968175,15.0978684584108,8.39810452396263
"YIL135C",378.02015245938,62.0507979641867,8.56613074814542,5.97844272415125
"YIL134C-A",4.14795971662288,0.017844656750195,2.36400076434809,0.0255173943828662
"YIL134W",42.413885862587,19.0976431178653,5.44008465509119,4.32895441910068
"YIL133C",36392.1961923026,89144.3710425011,15.1513811393934,16.4438722660435
"YIL132C",29.497503550038,1.63801297866896,4.93061924696008,1.39945166247243
"YIL131C",133.971303038023,19.4759210209056,7.07650889063853,4.35585644162097
"YIL130W",91.3519185710728,9.91535835970544,6.52907002777045,3.44828759079398
"YIL129C",37.3583634086159,31.5908877278757,5.2614692627762,5.02639674439131
"YIL128W",56.3443300812845,27.4208988897967,5.84157894175625,4.82888027942386
"YIL127C",2522.54555686013,81.9458469031963,11.3012364161024,6.37409784216661
"YIL126W",155.351235775982,195.543632403941,7.28864681192118,7.61870581404008
"YIL125W",1779.47883775182,152.018519076162,10.7980495730157,7.25756245551971
"YIL124W",2772.62451563953,121.697755043429,11.4375567781309,6.9389650425462
"YIL123W",2607.13029454478,386.051811953712,11.3488002288469,8.59638289269583
"YIL121W",888.560246684448,75.864475623013,9.79694850707099,6.26424507819851
"YIL118W",428.774348392347,27.3459073473937,8.74743556609196,4.8250685451925
"YIL117C",1631.83990619133,22.9065892536214,10.6731676316755,4.57933641072174
"YIL116W",22731.1139567759,1039.24112007322,14.4724442323434,10.0227022576581
"YIL115C",99.350172597699,103.442853121,6.64889928784676,6.70656996394462
"YIL114C",147.269144877519,36.3236231634225,7.21207459091418,5.22201713644103
"YIL113W",309.985078976426,16.8362197154177,8.28070155147103,4.15673797159571
"YIL112W",188.81699108985,49.3280442347806,7.56846532788674,5.65329063018282
"YIL111W",7299.00444118354,126.417225945962,12.8336816263632,6.99341652315263
"YIL110W",328.528402265827,30.0610163498159,8.36425900718451,4.95703313191618
"YIL109C",1042.77881918523,232.056298003762,10.0276003162336,7.86453468989048
"YIL108W",403.539899376298,78.2933809852116,8.66013819105434,6.30912853687765
"YIL107C",441.515057527899,19.5847981903819,8.78958273661156,4.36350739969605
"YIL106W",674.272501726034,56.9363893156777,9.39932599942593,5.85639787133754
"YIL105C",317.726731435091,40.6098751247855,8.31617621200179,5.37885405361074
"YIL104C",127.984073384328,14.7631998064627,7.01104912621414,3.9784885152364
"YIL103W",210.4161317749,21.1957107008717,7.72394165326785,4.47220899900915
"YIL102C-A",522.386352314749,105.055441399056,9.03173249531364,6.72867483306698
"YIL101C",317.705040149461,16.818924186419,8.31607802452003,4.15533833198456
"YIL099W",683.299119896604,10.7003144174357,9.41848328164159,3.54847539413027
"YIL098C",911.2996780991,26.9475767887547,9.83336399781613,4.80465129364808
"YIL097W",156.582200100979,16.8652251831357,7.29996077230797,4.15908219344787
"YIL096C",353.137475637776,30.5135139761057,8.46816571087148,4.97789872874911
"YIL095W",37.0903494192741,13.5451015899373,5.25135361731583,3.86246146783207
"YIL094C",18928.4065840895,2852.18554024724,14.2083415644099,11.478357851873
"YIL093C",579.511427986458,57.2595881548821,9.18118065813534,5.86442359779011
"YIL092W",31.3469585298532,11.1580183497378,5.01555816196817,3.60383619620319
"YIL091C",855.978640522608,50.6428318310136,9.74311543659076,5.69049620778159
"YIL090W",181.503704751527,37.8919241253526,7.51178194019152,5.28139870681134
"YIL089W",61.3201295204317,0.516421805732628,5.96162632665489,0.60067110733218
"YIL088C",511.461392751513,41.6247506378537,9.00129951032655,5.41361948903393
"YIL087C",2187.67256865802,226.057926289283,11.0958404242397,7.82691658997518
"YIL085C",184.523579510682,27.1800377333383,7.53545875064365,4.81660163831857
"YIL084C",46.4819748175359,21.95901745299,5.56930803408406,4.52098899709129
"YIL083C",4292.32574001156,116.020722087521,12.0678799206836,6.8706202153593
"YIL079C",542.133268828349,37.6399600789859,9.08516242590309,5.27202169853624
"YIL078W",8806.62479762211,424.68735718453,13.1045372964641,8.73365043282355
"YIL077C",980.282610125085,80.0528196104165,9.93852488331247,6.34079046899797
"YIL076W",2547.77116362692,487.438306737587,11.3155861343185,8.93203254074124
"YIL075C",3160.87677306665,648.65311739145,11.6265654277063,9.34352578575889
"YIL073C",3.15266673575499,11.4803670791202,2.05403809570544,3.64158846301685
"YIL072W",8.48891071404666,7.32124488787155,3.24624248159405,3.05679937682893
"YIL071C",7.4672367070706,9.62222936777639,3.08189122109831,3.4090146821497
"YIL070C",2044.03361689292,93.503330424449,10.9979088434898,6.5622932676303
"YIL069C",34410.0102457711,33270.4469650063,15.0705826271945,15.0219969894987
"YIL068C",58.6317092050552,37.5581932538776,5.89800778375942,5.26896554674727
"YIL067C",25.2692734505073,20.5825055732377,4.71530439418474,4.43179045592514
"YIL066C",69.6441304552367,3.28205947410837,6.14249779253224,2.09830483365087
"YIL065C",1693.37480049619,187.196482147596,10.7265373228553,7.55609585059541
"YIL064W",359.574969981159,92.7800297884786,8.49415544251455,6.55120883220674
"YIL063C",1157.73477862641,154.595541278933,10.1783346721045,7.28165690905168
"YIL062C",19983.9759742216,3677.30711933862,14.2866282179124,11.8448262269048
"YIL061C",95.4112263200838,11.7743053553719,6.59112924148076,3.67517293692247
"YIL057C",98.9020796428834,2.87428448525849,6.64244280553014,1.95392989364243
"YIL056W",1172.79806992915,649.051311392769,10.196968525675,9.34440979063918
"YIL055C",101.792535269626,21.1914073036612,6.68359169048829,4.47192925614171
"YIL054W",17.88725258379,0.0317390098211617,4.23934095161554,0.0450780707065126
"YIL053W",326759.961488235,109140.520929844,18.3178761077627,16.7358405279206
"YIL052C",34165.5680204059,202841.211292451,15.0602977180802,17.6299983816372
"YIL049W",44.0220601598502,20.048079538976,5.49256016932484,4.395616700341
"YIL048W",65.3946808821614,47.3440702909643,6.05299576157538,5.59526703967849
"YIL045W",2111.99436866459,49.9440745581185,11.0450732070175,5.6708424473088
"YIL044C",502.555893991519,75.6228080563929,8.97600811400254,6.25970199319938
"YIL043C",4638.8479496905,1700.51211713038,12.1798618128982,10.7326017099948
"YIL042C",447.556619818012,83.5867081382413,8.80914629303525,6.40235907253968
"YIL041W",2247.36483282551,731.306449959233,11.13466043935,9.51630369254274
"YIL040W",39984.4174715802,17072.2475135741,15.2871863301186,14.059449879984
"YIL039W",194.281013059692,50.2951133267022,7.60940787429772,5.68074948767615
"YIL038C",251.797393176948,50.4042311309848,7.98183777643024,5.68381520879017
"YIL037C",3.68892453803502,1.22890376217268,2.22925706099972,1.15633432640764
"YIL036W",629.103725797308,48.8783906149135,9.29944553009471,5.6403430105493
"YIL035C",488.45227444345,139.195112524658,8.93502438202345,7.13129224483407
"YIL034C",2470.88296820721,566.655797007257,11.2713947248364,9.14887259402398
"YIL033C",4188.18829522702,266.232105186028,12.0324550164399,8.06194953295437
"YIL031W",17.1612075012453,18.5130024822401,4.18278822252414,4.28636387862428
"YIL030C",70.3122950372137,67.3780837075199,6.15607892976149,6.09546208676664
"YIL027C",787.064807966695,78.7738645510592,9.62217046702942,6.31784426416175
"YIL026C",101.684131523245,65.0805320502236,6.68206943918582,6.04615339761217
"YIL024C",95.8540340154434,3.41302897325535,6.59774023388495,2.14176921920028
"YIL023C",129.103646458607,31.0453398799893,7.02351758729567,5.00204266636933
"YIL022W",1261.23037259373,130.78703542423,10.3017595286331,7.04206464169017
"YIL021W",74.8148395874817,119.831593003627,6.24440835626382,6.91685390528637
"YIL020C",176.942875983756,36.7718537524017,7.47527036488912,5.23923968443112
"YIL019W",843.113134400034,49.5558518085456,9.72129256252177,5.65980618773871
"YIL018W",130535.056988458,78732.7956767752,16.9940888410277,16.2646954103216
"YIL017C",118.158141161481,16.8579311185492,6.89673371295257,4.15849304556495
"YIL016W",347.655385422716,160.0818727954,8.44565795581831,7.33165034055649
"YIL015W",61.1147085983508,196.467741170799,5.9568630301492,7.62547318000561
"YIL009C-A",268.541522664356,33.2361641087997,8.07436372593466,5.0974491631211
"YIL009W",433.401241196631,32.7427896986238,8.76288441507553,5.07650734883277
"YIL008W",2453.21889092975,47.9564911929104,11.2610482128706,5.61342825585931
"YIL007C",281.767856113686,95.0894007472925,8.14347431960707,6.58630539651428
"YIL006W",40.0374018518863,4.51653259045438,5.35886748923259,2.46376174773577
"YIL005W",163.617389912284,39.9214857275,7.36297293753318,5.3547866205372
"YIL004C",256.809205104797,49.9191910847863,8.01015996597217,5.67013759528851
"YIL003W",253.789502410406,45.2585265356645,7.99316202807366,5.53164740769361
"YIL002W-A",4845.90637809237,103.572122568796,12.2428485006167,6.7083544907656
"YIL002C",73.6785479415575,25.1035839997893,6.22262197079266,4.7061759960789
"YIL001W",29.4927742816663,24.8042550523253,4.93039550992253,4.6895370766882
"YIR001C",499.434031176728,10.2562530651232,8.96703609067034,3.49265476387066
"YIR002C",57.9872970931479,52.7270525307179,5.8823323986182,5.74757678876796
"YIR003W",238.287772763183,25.1095948563361,7.90260286903892,4.70650816635315
"YIR004W",262.68003894993,53.2403816584263,8.04264455051858,5.76129542481409
"YIR005W",168.512322495094,10.0307270973184,7.40524634193509,3.46345598510248
"YIR006C",271.090789579727,152.91194063089,8.08794431118205,7.26596135140005
"YIR007W",107.307550211904,6.77346057349639,6.75899000773108,2.95855699770245
"YIR008C",66.6339990690435,10.1640566563518,6.07967675496944,3.4807894459402
"YIR009W",200.322360737194,0.158927258100515,7.65336361008694,0.212790016153632
"YIR010W",76.6579061145012,14.8962612215625,6.27906090335767,3.99061558043587
"YIR021W",22.9648693591648,12.6437450864015,4.58284917023339,3.77016780053766
"YIR022W",610.886705354375,203.401034979789,9.25712074342088,7.67525869112085
"YIR023W",40.1730225508568,8.93972059959324,5.36362745705321,3.31320529894586
"YIR024C",204.37379711743,62.9728667475279,7.68210831505208,5.99938822954637
"YIR025W",38.7819475660443,17.0666632046396,5.31404200140331,4.17525816928872
"YIR026C",743.404375843874,47.1531699540797,9.53994272581352,5.58955886962269
"YIR027C",396.098511316569,4.07831849233743,8.63335314212482,2.34435087803127
"YIR028W",18.2148890478913,1.97112454543298,4.26415274079008,1.5710090822223
"YIR029W",54.5021907796422,4.4382886607337,5.79447281345905,2.44315273068529
"YIR030C",9.88102562351154,2.94379182148637,3.4437426434073,1.97958339906979
"YIR031C",189.45241074987,4.72219885446374,7.57328673945004,2.51656963421541
"YIR032C",159.02023354404,6.52142195189016,7.3221105260628,2.91100543437788
"YIR033W",3408.69579514375,771.081763762734,11.7354273158721,9.59260982733127
"YIR035C",2692.21978508609,219.044934419408,11.3951162530517,7.78165435009107
"YIR036C",642.945837254303,137.315268543292,9.33079553710414,7.11181661333343
"YIR037W",9990.01590023403,1188.60434026115,13.2864156653538,10.216266100835
"YIR038C",26932.7148616428,1725.2564341321,14.7171256083809,10.7534310763927
"YJL209W",36.6628103451407,12.1411013382881,5.23506875070048,3.71601428597402
"YJL208C",775.69300224421,30.0694711585483,9.60120065757109,4.95742578007312
"YJL207C",21.4960364984394,76.6369286474604,4.49159893509656,6.2786711403897
"YJL206C",20.4123983659794,7.75157527343989,4.42037449345604,3.12954272375997
"YJL205C",351.80208859128,29.3810975777991,8.46271529146201,4.92510208590723
"YJL204C",9.30727610526257,14.2015919334085,3.36559121822,3.92615050764662
"YJL203W",47.6432449468013,18.5092170116386,5.60416756775822,4.2860839724707
"YJL201W",124.365183563224,19.775969352006,6.96999292806695,4.37684388580389
"YJL200C",6798.56032289019,393.379745594071,12.7312257456583,8.62344165000643
"YJL198W",446.992436401806,47.0944438167745,8.80733056478591,5.58779832898681
"YJL197W",30.6244309496944,40.4106998207999,4.98296761505984,5.37193167864964
"YJL196C",12764.3693440229,742.674536863697,13.6399476597999,9.53852756543084
"YJL194W",26.732899675124,16.359965916616,4.79352656334605,4.11769221018258
"YJL193W",28.1257158008837,9.14210941524518,4.86422160112451,3.34228583859111
"YJL192C",749.340208435907,95.3222455289619,9.55140105969917,6.58979712045399
"YJL191W",9459.6165788799,13927.9256617278,13.2077184963774,13.7657963666868
"YJL190C",474625.752923866,206699.479882525,18.8564338965506,17.6571822126116
"YJL189W",35.5127542368087,5875.954585233,5.19032859340313,12.5208530344585
"YJL187C",169.677022100549,17.8626134542796,7.41512503412191,4.23745767314412
"YJL186W",363.941602025204,66.6347305422268,8.51152181209845,6.07969235787688
"YJL185C",139.156067126862,7.86995902533075,7.13089038740508,3.14892744002931
"YJL184W",639.62567526624,82.7611501729165,9.32333780998689,6.38820934777416
"YJL183W",264.256277426969,66.2897314695985,8.05124308344293,6.07231445873962
"YJL181W",107.277801096234,4.36502755904254,6.75859368451108,2.42358558182837
"YJL180C",176.734261140827,44.4950658831435,7.47357800064949,5.50763818279394
"YJL179W",1389.89123034376,62.2664666658135,10.4417938881661,5.98336912070614
"YJL178C",519.857250770888,92.418403958716,9.02474422288615,6.54563489197885
"YJL177W",31238.8927756098,39637.7347257252,14.9311018812892,15.2746232917697
"YJL176C",70.4325297639689,62.1481805643199,6.15850930978117,5.98066926233413
"YJL173C",1509.64554148832,190.924214515714,10.5609494702959,7.584392933397
"YJL164C",1042.25283530236,94.2259082504491,10.0268731261559,6.5732822379508
"YJL163C",236.978054804962,29.226183765413,7.89468473102313,4.91772693656353
"YJL162C",14.9052466082249,13.5175325754075,3.99143083568683,3.85972436614691
"YJL161W",786.59298404653,33.8047790369216,9.62130644940632,5.12121351071685
"YJL160C",12.4168389146838,0.65900104851581,3.74597289911508,0.730314798100938
"YJL155C",275.773440122564,19.8782281071216,8.11256169473657,4.38392737338809
"YJL154C",141.650242215637,91.7961229225379,7.15633838634737,6.53599262483854
"YJL153C",185957.608083146,33083.6083981374,17.504622006745,15.0138725829243
"YJL151C",9599.1850319674,1298.2862192229,13.2288464969677,10.343503561151
"YJL149W",350.862869543834,31.813615285889,8.45886947098005,5.03622264844154
"YJL148W",7622.66546319641,1006.63686238401,12.8962690978794,9.97676009093166
"YJL147C",14.6494171557541,9.31839508213374,3.9680370215557,3.36714668705299
"YJL146W",72.7742327781789,13.1978741879402,6.20504510718481,3.82760302968038
"YJL145W",589.975094137357,135.07560840759,9.20695352098691,7.08826467628528
"YJL144W",32386.5602129494,321.135353848288,14.9831521721267,8.33152319269554
"YJL141C",2850.17042793865,129.987825706284,11.47733856322,7.03328892055001
"YJL140W",2911.24268803505,115.640422451666,11.507914870362,6.86592403975643
"YJL139C",51.3918291378548,22.2244483450313,5.71126992608781,4.53757242327829
"YJL137C",48.6645489261666,8.95623878969222,5.63414450325398,3.31560083222468
"YJL136C",64789.3615724788,13258.5617659291,15.9834915885569,13.6947454741124
"YJL134W",140.532542878744,21.1171310385009,7.14499000291508,4.46709235094069
"YJL133C-A",339258.265953014,729.302225302603,18.372028693948,9.51234981638751
"YJL133W",394.897639044041,61.9686175596525,8.62898365358221,5.97656108903346
"YJL132W",26.5326860387922,12.9247491362552,4.78307345839198,3.79957943156286
"YJL131C",134.308978057353,16.627229274388,7.08011375835077,4.13973381819882
"YJL130C",891.832543630269,290.148477716298,9.80224580394711,8.18561126536735
"YJL129C",115.18041603165,55.4528841941131,6.86022309091666,5.81897538547374
"YJL128C",198.802700256855,30.2268934382356,7.64243227050691,4.9647171469811
"YJL127C-B",10097.9355646737,334.734250515132,13.3019156194084,8.39117591336891
"YJL127C",54.2748473060419,8.36321056261591,5.7885512295626,3.22700330209085
"YJL126W",28.1292914797209,16.0285964013152,4.86439870569881,4.08988761925705
"YJL125C",608.389294384005,29.3951006430384,9.25122034507518,4.92576689067379
"YJL124C",1181.24619180063,155.176583400083,10.2073147793196,7.287034346551
"YJL123C",2350.34467114895,436.10154963655,11.1992703161713,8.77182468262949
"YJL122W",9675.29757009721,815.574992975686,13.240239421105,9.67344157651194
"YJL121C",916.770687796922,416.78975735837,9.84198991977036,8.70663331312895
"YJL118W",35.5398396806788,15.7799396979814,5.19139839901157,4.0686656260656
"YJL117W",427.431628132394,79.6589647292421,8.74292117795219,6.33376298352759
"YJL116C",94261.3293132095,27.1161093606683,16.5243937117312,4.81332506645254
"YJL115W",2942.20927957739,54.2723621179907,11.5231744147331,5.78848636372842
"YJL112W",253.982976713191,53.4899317626706,7.99425712222645,5.76791777912685
"YJL111W",1498.06349735618,211.439154737845,10.5498457789423,7.7309058840717
"YJL110C",298.37837828231,39.5180923951778,8.22582622055218,5.34049434807872
"YJL109C",801.90783903841,183.118111804415,9.64909058873424,7.52448774218317
"YJL108C",2214.82719718779,191.944340150849,11.1136296608683,7.59204091410963
"YJL107C",1496.64787042471,323.251174267926,10.5484827393599,8.34096798894698
"YJL106W",25.5573933564861,6.1006405591972,4.73104164608205,2.82794917812328
"YJL105W",300.817796851835,3.2538635283697,8.23753406745141,2.08877374977661
"YJL104W",2958.23576872452,178.147261370551,11.5310089284124,7.48500217897046
"YJL103C",149.167060681264,7.84287989822754,7.23042458050077,3.14451629475919
"YJL102W",99.0451462004452,17.6493658718202,6.64450736479037,4.22105467072263
"YJL101C",1753.6042066798,110.606665674467,10.7769299172102,6.80227938404147
"YJL100W",391.752634046365,51.2662766010951,8.61747714094763,5.70780848164893
"YJL099W",19.7625088880941,22.72923818387,4.37590888066955,4.56859387911096
"YJL098W",143.459822478636,21.2905167106028,7.17452449239263,4.47835815460679
"YJL097W",2174.07902565127,454.221660832784,11.086852103023,8.8304253968756
"YJL096W",1430.86105454448,115.686410733446,10.4836757872885,6.86649274474433
"YJL095W",28.7359131373448,28.0600866677593,4.89413447389697,4.86096710050643
"YJL094C",564.72137319652,57.097889849617,9.1439478674245,5.86041385991514
"YJL093C",158.480492155059,31.9039806378054,7.31723615237063,5.04019022289135
"YJL092W",47.9148827734766,31.4645430861296,5.61220157922118,5.02079299955466
"YJL091C",209.177655004234,138.630149876563,7.71546548738997,7.12546668132926
"YJL083W",83.6711278486863,46.6403042720204,6.40379820127485,5.57411072241208
"YJL082W",709.68471388318,18.0491571142607,9.47306585848151,4.25165525775141
"YJL081C",175.625427200928,62.9833844143128,7.46454923976021,5.99962540101097
"YJL080C",1337.36361155092,385.972438830846,10.3862544105928,8.59608700736401
"YJL079C",72524.7268452153,118.422981165883,16.1462052285833,6.89993667816785
"YJL078C",405.695990320162,275.252069518171,8.6678069568872,8.10984146214276
"YJL077W-B",638.897660245324,0.610352031088307,9.32169738103975,0.687376103240164
"YJL076W",174.28793138075,104.344683006984,7.45358285936609,6.71897368956796
"YJL074C",61.0970570734885,33.0822816715815,5.95645299222056,5.09095001631051
"YJL073W",271.211653948084,85.2953248641599,8.0885850227195,6.43121049695681
"YJL072C",176.997966345136,55.0338911816919,7.47571694804197,5.8082277765257
"YJL071W",97.2252312336921,20.6129921202189,6.61802175384832,4.4338269087869
"YJL070C",62.0050016262206,16.5202177622021,5.97739445580031,4.1309488014758
"YJL069C",694.381996769359,61.9620836107247,9.44166190638329,5.97641137977851
"YJL068C",2324.98509996125,340.181436551417,11.183626139736,8.41439534251599
"YJL066C",430.104763815241,164.233078740461,8.7518946945195,7.36835872494377
"YJL065C",32.9911254131415,205.958148999188,5.087086223789,7.69319524573242
"YJL063C",925.494176192654,91.8880095064019,9.85563809748503,6.53742047252753
"YJL062W-A",6327.03875059236,498.967090668027,12.627542719036,8.96568932527693
"YJL062W",49.9975656089779,85.2129034879316,5.67235647593857,6.42983190857373
"YJL061W",62.3453766367099,24.3101759503935,5.98516742069861,4.66164563164761
"YJL060W",1370.37847271546,167.572788994377,10.4214110653762,7.39722786513453
"YJL059W",26.7252950162738,23.0600249559779,4.79313090662694,4.58856623382059
"YJL058C",17.1691440679102,14.0364741258426,4.18341855199009,3.91039440674949
"YJL057C",1433.74213007644,81.3729495301286,10.4865757455417,6.36409874314725
"YJL056C",371.240095594187,35.6089213600931,8.54008965247801,5.19412336180025
"YJL055W",3247.42477460484,476.956020721771,11.6655245810235,8.9007340640359
"YJL054W",208.608068802939,35.5210802270456,7.71155044385394,5.19065753313265
"YJL053W",144.252174917623,52.2285146413325,7.18241595560334,5.7341274028475
"YJL052W",3138778.05218515,229712.642197987,21.5817720463054,17.8094770122452
"YJL051W",81.6961221175875,8.99293404713615,6.36974777334198,3.32090833304988
"YJL050W",802.330528717327,72.8568295016983,9.64984989361692,6.20665942728802
"YJL049W",128.52183358341,16.0370116640833,7.0170515042691,4.09060040019945
"YJL048C",34196.8054190722,540.223840370445,15.0616161253446,9.08008157976671
"YJL047C-A",407.959966818656,0.92485838622711,8.67581581411788,0.944752309182518
"YJL047C",19.1885467615533,28.366998415457,4.33546515932803,4.87612391102919
"YJL046W",72.7246505688651,18.254698395331,6.20407517428004,4.26713861989356
"YJL045W",1.9433639620038,0.735670964860845,1.55746594992758,0.795493478683642
"YJL044C",230.874191879873,59.5282046388222,7.85719844348474,5.91953565397972
"YJL043W",2.69700740484803,0.00243226260258983,1.88635793314561,0.00350475268117349
"YJL042W",757.892275932992,39.6967068259709,9.56775130070255,5.34684015134295
"YJL041W",200.695466391087,87.1564019673326,7.65603484591894,6.46199343755987
"YJL039C",67.4411702273128,23.3357559285206,6.09679252255086,4.60500568386128
"YJL038C",13.4277166646563,0.179327133634131,3.8507710913741,0.237963963108116
"YJL037W",29.5614695097634,10.0886340974051,4.93364201010256,3.47100975955168
"YJL036W",671.711887470216,116.118500758503,9.3938449419871,6.87182518059508
"YJL035C",819.740614413745,144.645865076485,9.68078253671594,7.18632093335165
"YJL034W",633111.694117534,164336.500524243,19.2721027967977,17.3263022039462
"YJL033W",1543.35682997149,70.251235974763,10.5927904163826,6.15484313528643
"YJL031C",145.168907099983,47.9441669898574,7.1914926450914,5.61306502915478
"YJL030W",305.167601068093,49.8326318355682,8.25817781339808,5.66768302246358
"YJL029C",66.8068152901489,15.94327442103,6.08335838139286,4.0826408086648
"YJL027C",2.53761972537897,0.0663781384959835,1.82277897459827,0.0927191095767336
"YJL026W",30284.4808832958,1750.23676954984,14.8863386987306,10.7741584359166
"YJL025W",93.4902323137749,15.9208263798067,6.56209329701679,4.08072812344782
"YJL024C",199.86892976656,64.1896118123698,7.6501106162737,6.02657017926966
"YJL023C",34.9815819307433,26.3655863955556,5.16918671097837,4.77429086613753
"YJL019W",20.0966931582582,21.6583437992817,4.39894497353244,4.50197050680101
"YJL014W",659.708931622532,168.448904738197,9.36787103732091,7.4047065015221
"YJL013C",61.7104966471733,25.1483858091325,5.97063504020138,4.70864998372905
"YJL012C",259.075228051887,27.1655277959181,8.02278518010266,4.81585860148769
"YJL011C",397.99553857526,40.1319501276628,8.640228804615,5.36218756869046
"YJL010C",663.131142072065,39.0675713009307,9.3753243399853,5.32436315822995
"YJL008C",578.871090247133,140.779345713757,9.17958840358088,7.14750356715687
"YJL006C",36.1747621147682,13.3061309621348,5.21625160523655,3.8385616484008
"YJL005W",136.790818888798,56.9803845155362,7.10633595310814,5.85749299601378
"YJL004C",250.090237583095,63.8015705410634,7.97206212732779,6.01795687380507
"YJL003W",533.600067553532,41.5391447785556,9.06231620965863,5.41071912404539
"YJL002C",548.977017093962,144.45678603894,9.10322752110773,7.18444679426622
"YJL001W",4958.13028950918,1915.47327658372,12.2758714139376,10.9042381659161
"YJR001W",275.828887736889,82.7179095438877,8.11285068918062,6.38746438249245
"YJR002W",1301.26168507554,102.569546363021,10.34680366698,6.69445604444211
"YJR003C",121.026916189029,27.7163133380242,6.93105559632873,4.84379863964895
"YJR004C",219.968783266476,207.180040285508,7.78769876116664,7.70168794351532
"YJR005W",126.809643878434,76.3970961477192,6.99785288874093,6.27420753397185
"YJR005C-A",9387.07271204386,7.06745012459824,13.1966133004579,3.01211275356537
"YJR006W",240.821521657321,32.5216904037079,7.91779883720125,5.06702299677535
"YJR007W",6470.24473417198,435.459769478483,12.6598275237885,8.76970486986374
"YJR008W",2487.08409565154,56.7434250861142,11.2808195331246,5.8515847793265
"YJR010W",22894.3398361797,1763.18840790667,14.4827663586833,10.7847889275517
"YJR010C-A",1109.02516942622,26.9875741772495,10.1163766742057,4.80671454163681
"YJR011C",30.0439485385114,21.1779026728284,4.95624016319324,4.47105103358006
"YJR012C",46.1599065936257,34.9039282954476,5.55948895576131,5.16606979471048
"YJR013W",32.5600903238701,24.1554891828069,5.0686746935502,4.65280133995691
"YJR014W",3398.76831580028,683.796955058713,11.731220718956,9.41953247660219
"YJR015W",396.869639937567,29.7008015756319,8.6361520059147,4.94020441869429
"YJR016C",20249.7362572734,864.057117104517,14.3056867406533,9.75665158245817
"YJR019C",132.606650189239,38.7658020030171,7.06184800863654,5.31345636261006
"YJR021C",114.396419737757,24.5608540782006,6.85045465373463,4.67586413750242
"YJR024C",394.43443501086,98.4705315393901,8.62729469831344,6.63619728085705
"YJR025C",32602.649767064,2489.89975341145,14.9927458533958,11.2824512459573
"YJR030C",71.2193640946888,1.88206438567298,6.17431381202412,1.5271025658574
"YJR031C",16.0374896954128,15.7969537106773,4.09064087934961,4.0701277049747
"YJR032W",96.3670839293017,40.1921843066913,6.60536222984419,5.36429872521778
"YJR033C",24.9661053169454,9.04177857962812,4.69855773380567,3.32794291405235
"YJR034W",868.815496327812,21.2951223814822,9.76456560135451,4.47865621374407
"YJR035W",25.8587984969494,21.4209046852203,4.74732286349251,4.48677258706051
"YJR036C",22.9568847434368,18.3932832242707,4.58236841297246,4.27748516292191
"YJR039W",39.1037403483983,10.7594480375043,5.3256648934238,3.5557484397348
"YJR040W",51.494606260054,21.9496232528603,5.7140972905875,4.52039856505405
"YJR041C",100.739418316271,25.7568262178559,6.66873494066417,4.74183509459961
"YJR042W",157.291227395347,37.3361454143204,7.30643749235071,5.2606333804796
"YJR043C",125.6603087333,34.5359362088284,6.98482069085334,5.15120680308048
"YJR044C",2103.11588869004,167.896606138895,11.0389984510005,7.39999652824097
"YJR045C",98674.6867618301,1231.81563147686,16.590407034554,10.2677413443847
"YJR046W",729.945194919677,36.7346538531608,9.51361942908283,5.23781813505212
"YJR047C",54640.5784913846,11922.4406030637,15.7377115404981,13.5415129764859
"YJR048W",343456.574687456,18736.5013564774,18.3897723767753,14.1936409621646
"YJR049C",783.937332905336,55.3694654537994,9.61643366783553,5.81684198149352
"YJR050W",227.938614221969,31.8843268204654,7.83881700718209,5.03932823185525
"YJR051W",286.343673834505,54.8785389136609,8.16663347688765,5.80422239320142
"YJR052W",68.0317587748173,16.097920504917,6.10918833628168,4.09574896621637
"YJR053W",6.37927289945145,2.23796577348651,2.88347867048166,1.69508773589303
"YJR054W",39.2856326358831,29.6051086041842,5.33219350632884,4.93570058253649
"YJR055W",96.801248063763,28.0081953353238,6.61178097073883,4.85838863993157
"YJR056C",170.457435881128,21.7338158225007,7.42170666317164,4.50676795265359
"YJR057W",171.608163076433,23.2576917379336,7.43135688460101,4.60037037095702
"YJR058C",749.763492279895,113.815615877743,9.55221468705683,6.84317506364589
"YJR060W",221.804903351993,199.699583012976,7.79963717273886,7.64889380903761
"YJR061W",428.301805896975,56.5493676101289,8.74584843140074,5.84672817006079
"YJR062C",47.4200530182959,7.96320654549002,5.59753275392662,3.16401494207095
"YJR063W",2917.47855444081,252.593857705057,11.5110007517119,7.98637599216936
"YJR064W",708.530223962852,111.648996106804,9.47072033006141,6.81569064655101
"YJR065C",2506.81849329528,369.209423885419,11.2922172196048,8.53219781004997
"YJR066W",14.2827608411107,28.2752903659949,3.93383328564236,4.87161157500765
"YJR067C",307.615473007887,16.8376884600768,8.26966658568253,4.1568567671382
"YJR068W",256.350379129603,41.3448360377701,8.00759009770481,5.40411413818869
"YJR069C",407.56366871093,120.353519746498,8.67441710872353,6.9230721429047
"YJR070C",4790.14175083892,1162.81506218281,12.2261537823752,10.1846461074534
"YJR072C",422.931321840932,68.1462019330794,8.72768675252349,6.11157810399565
"YJR073C",100413.340264773,19827.5574250556,16.6156057910514,14.2752921014217
"YJR074W",1006.19720993598,291.19562793894,9.97613047638894,8.19079078133846
"YJR075W",1476.66962584372,418.083920229716,10.529108035584,8.71109535774794
"YJR076C",529.926539021002,59.0282937682111,9.05236844793828,5.90757075656992
"YJR077C",28700.4868318917,2729.16194561419,14.8088378547583,11.4147708150032
"YJR078W",1432.62595612864,59.8879676130211,10.4854529477332,5.92808525273787
"YJR079W",15.7318120440044,23.4551490837065,4.0645217916285,4.61206635456075
"YJR082C",1528.61275776189,114.174505603916,10.5789507459667,6.84767759484245
"YJR083C",62.7834699322812,27.9993317790173,5.99511067974506,4.85794775201706
"YJR084W",38.815895985907,18.692056226408,5.31527261815789,4.29954185888236
"YJR085C",27126.1009361922,975.307532894971,14.7274472550918,9.93119185221151
"YJR086W",4464.21108122239,13.1714928582192,12.1245126612706,3.82491983802019
"YJR088C",244.605295850081,107.488838534038,7.94019785884714,6.76140281382797
"YJR089W",25.1411035259882,27.6519334597809,4.70824813953512,4.84056059159101
"YJR090C",58.3288083983298,39.1348979431027,5.8906609018706,5.32678532394412
"YJR091C",423.646163198845,25.1699277787095,8.73011740463061,4.70983803786554
"YJR092W",141.415235129362,40.2901082113558,7.1539596792664,5.36772429436008
"YJR093C",163.118783959453,39.5019619853561,7.35859655948726,5.33991989122991
"YJR094C",5.80581465891475,1.26262163367138,2.76676786327685,1.17799535046223
"YJR094W-A",48912.4290225552,32304.095948814,15.5779429863316,14.979474139521
"YJR095W",220.687076939188,4.34741861113692,7.79238086174289,2.41884261942815
"YJR096W",17977.0107574045,528.363552383659,14.133945776976,9.04811505592365
"YJR097W",306.892199294247,15.4458475422342,8.26628150573794,4.03965145474632
"YJR098C",21.9447019373209,5.75707132165519,4.52008916045899,2.75639808301013
"YJR099W",127.312606115137,24.2364422241546,7.00351910522477,4.65743663169927
"YJR100C",380.316213752562,46.6583681493116,8.5748440662442,5.57465764853051
"YJR101W",1578.66377703127,114.957692927009,10.6254018058316,6.85745472497628
"YJR102C",106.430233065563,29.2395828105161,6.74725624413913,4.91836633096251
"YJR103W",326.458821858516,95.6414313768657,8.35516968807178,6.59456991777275
"YJR104C",1149522.41882306,140640.610202104,20.1326044271817,17.101663967503
"YJR105W",7963.25032333872,1713.19135409979,12.9593228515974,10.7433124502395
"YJR106W",75.951435022437,25.4610926827391,6.26587632567021,4.7258007322946
"YJR107W",111.490270251108,34.6180614795499,6.81365641195019,5.154537094484
"YJR108W",84.7752528533209,9.54719396339642,6.42248956853761,3.39878732191884
"YJR109C",6083.39474444131,1106.99011997979,12.5708980401856,10.1137293015007
"YJR110W",29.5358400828084,3.51921973979467,4.93243163113222,2.17607370744147
"YJR111C",1224.37311374734,47.2478939738035,10.2590053868637,5.59239406483573
"YJR112W",213.724197046747,14.4327670348119,7.74634096593808,3.9479248495702
"YJR112W-A",207.742595966264,87.103402302393,7.70558121633296,6.4611258278811
"YJR113C",651.987428540127,65.1204838288424,9.35091140672652,6.04702537630703
"YJR115W",2317.30147836364,12.3057681628629,11.1788524752767,3.73397989669902
"YJR116W",5908.65541728288,1079.79724188087,12.5288582962374,10.077880182786
"YJR117W",1329.59975408915,75.2574402634114,10.3778609568674,6.25280619976123
"YJR118C",474.512904284021,100.341072968492,8.89334068268801,6.66307519864546
"YJR119C",22.8503752804251,8.72026145224299,4.57594006178686,3.28099511946701
"YJR120W",500.399446040151,3967.71827762608,8.96981659201844,11.9544574398703
"YJR123W",815017.070945009,490301.839195863,19.6364725222145,18.9033135902965
"YJR126C",145.312346968217,59.8617905214128,7.19290771016158,5.92746487268277
"YJR132W",89.8729430422714,36.6417813608659,6.50577889811436,5.23426299871566
"YJR133W",919.305463434341,147.538623830578,9.84596898294202,7.21469430708752
"YJR134C",310.776055774067,45.5893013244921,8.28436632389616,5.54192679014918
"YJR135C",24.6000881135036,7.81627253218474,4.67807687076482,3.1401688217714
"YJR135W-A",1893.10241391015,76.410871838452,10.8872986239403,6.2744642923418
"YJR136C",24.157014209687,9.74202310431227,4.65288879927893,3.42519382449483
"YJR137C",4821.41605520601,3613.2005710154,12.235540409864,11.8194608558286
"YJR138W",14.6633410717335,26.1740564538224,3.96932007466213,4.76415803729638
"YJR139C",19771.5292635202,2976.74571271354,14.2712098091671,11.5400048435953
"YJR140C",7.99868636959084,19.1539330825211,3.16971441184246,4.33298950609434
"YJR141W",34.0409654505337,16.9942333388978,5.13097061958413,4.16946273109098
"YJR142W",572.483189945354,171.84578366013,9.16360738806829,7.43334160120372
"YJR145C",96620.5029913083,111932.807794183,16.5600566742698,16.7722863192455
"YJR146W",125.529093820491,0.159534577598757,6.98332534295142,0.213545842136961
"YKL218C",2157.71351601025,56.3500823321755,11.0759560799191,5.84172365227294
"YKL217W",6443.33206461795,22.095759560307,12.6538151200527,4.52955608839489
"YKL216W",2684.87558365406,493.650763213068,11.3911767618018,8.95026649274102
"YKL215C",37.6364570071462,9.63368709184923,5.27189089888053,3.41057001412818
"YKL214C",162.846682660457,59.6508565753856,7.35620265327025,5.9224561156385
"YKL213C",425.348018228623,83.7346990724288,8.73588774040618,6.40488097269079
"YKL212W",1013.22013644461,77.37892059167,9.98615510789885,6.29239379964979
"YKL211C",3481.46060603032,57.8638494480012,11.7658913176591,5.87930998643423
"YKL210W",974.126776996127,245.382433184199,9.9294459867432,7.94475558679169
"YKL209C",15.7046031974513,41.8832057010779,4.06217380806798,5.42234085227306
"YKL208W",106.986039178417,19.2179015300615,6.75470099744151,4.33756135873155
"YKL207W",678.893078141038,173.412741616983,9.40916407177831,7.44636162895014
"YKL206C",506.848601911642,95.4865863398548,8.98825465955653,6.59225648632441
"YKL205W",88.1646050513345,48.9077550497496,6.47839922374567,5.64119210488915
"YKL204W",256.058334034957,125.335797590995,8.00595197593803,6.98111967838108
"YKL203C",13.5164713733662,23.3747067289063,3.85961890422539,4.6073129556656
"YKL201C",3224.87728015767,1136.51464371512,11.6554758407392,10.1516694025266
"YKL198C",265.302205498871,25.8096395934309,8.05692056668641,4.74467991994208
"YKL197C",21.5702377492147,21.2520036949699,4.4963497104843,4.47586334515266
"YKL196C",2852.71651648902,1312.91803868726,11.4786263116382,10.3596595687946
"YKL195W",5364.75737883861,302.298178192128,12.3895661070094,8.24459302198977
"YKL194C",84.4539807145571,13.0440839031675,6.417075793616,3.81189061529601
"YKL193C",735.024409734936,25.4687728336327,9.52360980282275,4.72621940389246
"YKL192C",12258.919477232,2514.77365399907,13.5816618830333,11.296786412387
"YKL191W",258.457455189952,51.4266228522993,8.0193541803095,5.71222771014537
"YKL190W",1589.74293145982,223.278063228209,10.6354849955835,7.80914470623287
"YKL189W",127.598514387046,21.2996188621582,7.00673016604229,4.47894714716867
"YKL188C",16.2095932077247,14.4551685471402,4.10514109092124,3.9500174825547
"YKL187C",706.121010980391,5.09035139124547,9.465813317118,2.60652546881837
"YKL186C",1116.57114638762,335.717826870445,10.1261509632951,8.39539629364524
"YKL184W",484.491945255799,63.5358978316851,8.92330355002082,6.01202997196892
"YKL183W",158.675714472796,16.9128810091766,7.31900109567393,4.16292548600164
"YKL182W",52934.3098753608,36071.5362054893,15.6919427557332,15.1386132399483
"YKL181W",4372.44561162945,396.133141563033,12.0945546371825,8.63347895147701
"YKL180W",78926.4010329901,97984.8764950255,16.2682386236617,16.5802861963386
"YKL179C",133.762475016794,32.2830851558981,7.0742750197975,5.05671726432849
"YKL178C",29.9825202829219,6.97822147131817,4.95338260027318,2.9960671724521
"YKL176C",94.1552641771836,42.7139832307981,6.572211566334,5.45002293779008
"YKL175W",3620.77069994103,266.594096419105,11.8224794945256,8.06390247779883
"YKL174C",105.092311698522,39.6848612048962,6.7291763005391,5.34642016388596
"YKL173W",33.9717565113176,47.3792945335221,5.12811835436384,5.59631782699128
"YKL172W",15533.7245970606,161.214332714825,13.9232090448279,7.34175748666077
"YKL171W",103.882705990866,11.3467265450917,6.7126330026938,3.6260566894785
"YKL170W",6.77061254834736,153.398609432517,2.9580283290874,7.2705159490268
"YKL168C",54.2135924008298,19.1170833032428,5.78695156615404,4.33034924451508
"YKL167C",2181.66296233782,108.308213456624,11.0918736572704,6.77225799945738
"YKL166C",181.171635043052,28.7723101449154,7.50915453218346,4.89589926491162
"YKL165C",1728.47741229721,548.714137267903,10.7561204562916,9.10253777212298
"YKL164C",18888.8672994438,3024.0894608965,14.2053249464368,11.5627620924653
"YKL162C",46.7066203905849,2.52508026967965,5.57611758212256,1.81765610952569
"YKL161C",277.270598779509,14.4185058655306,8.12034467575023,3.94659106216174
"YKL160W",3023.29467012922,311.681658387491,11.5623829990964,8.28855078438308
"YKL159C",1605.00132257922,462.046340341647,10.6492573656105,8.8550127712422
"YKL157W",303.270510168833,89.0400133832277,8.24921070471553,6.49249436611651
"YKL156W",3254.42001094688,6546.14761323831,11.6686279750942,12.6766507912326
"YKL155C",223.519745130887,26.8265852884316,7.81069851647737,4.79839197554029
"YKL154W",185.165260718419,44.4511954645777,7.54044007435183,5.50624633580039
"YKL152C",634244.635349476,703928.347978697,19.2746821606514,19.4250711100667
"YKL151C",67844.1538650334,875.117822163678,16.0499581481106,9.77498108930551
"YKL150W",104064.47138479,892.856898959788,16.6671319405273,9.80390007298873
"YKL149C",14.4143102455875,12.0849316009808,3.94619842854041,3.70983447787601
"YKL148C",7751.06128126495,18.9565620760967,12.9203642601916,4.31879130339011
"YKL146W",150.400905978123,87.5118652460325,7.24223002816465,6.46779896007404
"YKL145W",2150.1940398913,278.227436090169,11.0709219478531,8.12529689338017
"YKL144C",448.728493938036,17.3389610196126,8.81291048307854,4.19684000130604
"YKL143W",2297.67281961344,113.131635865622,11.1665854200909,6.83455493390192
"YKL142W",46035.9471554409,1482.73452703148,15.4905045468655,10.5350172696151
"YKL141W",22128.8108514962,627.130350647113,14.4337034996999,9.29492017041702
"YKL140W",152.477830586556,20.6920786352735,7.26188646743729,4.43909640023111
"YKL139W",49.4243752596193,5.7063181166178,5.65604939934915,2.74552091951429
"YKL138C-A",1780.28291108287,100.05183083487,10.7987009543875,6.65895165016095
"YKL138C",3144.28249849823,202.824972490205,11.618973885512,7.67118701007454
"YKL137W",2018.73284839229,90.4636429534317,10.9799487638826,6.51512647703446
"YKL135C",47.738603248861,29.4499719304682,5.60699300177924,4.92836899310787
"YKL134C",16.7917928410531,32.1406137462209,4.15313999012272,5.05052841562507
"YKL133C",90.2718142082645,11.7512141935533,6.51209750296111,3.67256272452953
"YKL132C",4.61477436374475,2.04400177105514,2.48922804740821,1.6059691982277
"YKL130C",98.86675886916,17.6773436310627,6.64193264482639,4.22321737847859
"YKL129C",99.2208545340312,124.582570318709,6.64703893385973,6.97249243537626
"YKL126W",975.570752743369,238.75213835539,9.9315807612132,7.9053998725091
"YKL125W",192.998481555203,34.8604434375179,7.59990155011831,5.16432142305887
"YKL124W",71.9375834303804,10.827600104674,6.18859049594937,3.56408546625528
"YKL122C",5345.27121168777,121.533854405564,12.3843173107639,6.93703659071908
"YKL121W",42.0266291941524,12.5508906422591,5.42715791552761,3.76031577177597
"YKL120W",3785.13785829782,138.910463755656,11.8865112270988,7.12836005394911
"YKL119C",173.983124381623,103.460107300195,7.4510719830043,6.70680828051769
"YKL117W",22090.6553851249,2912.08531478027,14.4312139071802,11.5083322385976
"YKL116C",79.7340236587351,10.3601252282484,6.33510489006569,3.5059068333547
"YKL114C",139.195280982831,46.0003530462446,7.13129397837256,5.55459968861707
"YKL113C",689.982817083351,89.5863785426886,9.43250602482116,6.50122222367606
"YKL112W",434.430901376336,31.5637641618276,8.7662999851751,5.02519557040436
"YKL110C",495.08873374242,52.6153767239631,8.95445438353323,5.74457491538314
"YKL109W",17476.396296166,1101.75939234593,14.0932026541822,10.1069023327668
"YKL108W",35.4904921223886,9.39117330174045,5.18944870258537,3.37728665779491
"YKL107W",24.3006357636137,4.44492501990431,4.66110173283021,2.44491218224668
"YKL106C-A",26.9526419536359,0.03261462077467,4.80491274122162,0.0463019304536106
"YKL106W",327.512706197955,19.8965167885625,8.35980536188783,4.38519057639606
"YKL105C",39.3541649019151,15.8638577539512,5.33464567479076,4.07586269794437
"YKL104C",1519.84054369795,511.061605672758,10.5706531827109,9.00017357978894
"YKL103C",9473.05501367404,208.301841649141,13.2097663340064,7.70944119571327
"YKL101W",410.93509199626,98.5595858012799,8.68627322176508,6.63748832316049
"YKL100C",470.355037355716,145.761982498268,8.88067033597907,7.19733448789779
"YKL099C",1362.36604471768,243.705033270743,10.4129572422565,7.93489996589599
"YKL098W",83.4676275442285,19.6801176016848,6.40032662527746,4.37017248474161
"YKL093W",812.22137326003,23.2634049235531,9.66750432267877,4.60071011532251
"YKL092C",10.3816143828905,19.7089468219244,3.50863330077473,4.37218228034236
"YKL091C",4222.63626302608,58.353555584849,12.0442698806928,5.89126255223526
"YKL090W",19.611610566751,14.3239548175126,4.3653853346448,3.93771677199994
"YKL089W",31.5006662403228,16.3825227356827,5.02239738754408,4.11956557140918
"YKL088W",119.206383017747,17.0718965374038,6.90936969567033,4.17567601124662
"YKL087C",2598.88134038686,77.6893903761638,11.3442300642458,6.29809722638219
"YKL085W",45751.6694797038,2679.85216540727,15.4815683007117,11.3884759492961
"YKL084W",896.881494509013,6.68246967422419,9.81038123544706,2.94157016693601
"YKL082C",1259.68471440509,175.83058576113,10.2999918007424,7.46622402394712
"YKL081W",21002.9840976344,10507.6836864739,14.3583753880471,13.3592943487613
"YKL080W",2188.33256914692,180.25234092676,11.0962754074841,7.50185581784916
"YKL079W",64.0554540781297,25.3256498082397,6.02359810865781,4.71839723728953
"YKL078W",169.000666103363,19.635229636445,7.4093965889738,4.36703758816408
"YKL077W",716.454884526062,107.351131383776,9.4867443039088,6.75957040765708
"YKL075C",25.5336925369343,15.0138138636267,4.7297535557547,4.00124503715
"YKL074C",73.0549520033896,64.1962482267687,6.21052430564608,6.02671704062638
"YKL073W",561.979683289413,264.090368875731,9.13693904929784,8.05034044569236
"YKL072W",32.484105676939,8.54695964005101,5.06540453067895,3.25504136031201
"YKL068W-A",21978.7421328633,484.118915056252,14.423886840185,8.92219462188599
"YKL068W",270.417689782893,50.1209222090027,8.08437094196246,5.67584195727466
"YKL067W",45975.5160988028,947.228035739042,15.4886095285675,9.88909023884382
"YKL065W-A",548.204613450489,2.80115874120489,9.10119993429504,1.92643927523067
"YKL065C",14333.6602061409,3149.61330660503,13.8072200863793,11.6214169793927
"YKL064W",260.08015969615,180.723724800454,8.02834901664975,7.5056029715789
"YKL063C",1249.97059209129,77.2733325057031,10.2888321595833,6.29044896415514
"YKL062W",891.708032913128,14.331646895004,9.80204459766056,3.93844077163877
"YKL061W",603.729228567391,18.4038696056409,9.24014550068109,4.27827248462821
"YKL060C",5595914.11547899,976895.525356857,22.4159426477299,19.8978462318604
"YKL059C",91.6587266483384,70.3505266101882,6.53385495132772,6.15685217259265
"YKL058W",2587.34086482359,69.4700846253691,11.337811906478,6.13893904144801
"YKL057C",53.7092316869728,27.2633702704073,5.77371239015863,4.82086160523332
"YKL056C",423690.284768054,119755.272294023,18.6926539275398,16.8697416942438
"YKL055C",7.9077854425847,0.663222187198819,3.15506680906341,0.733980908828525
"YKL054C",4049.63338689822,683.314716279936,11.983931800731,9.41851616283027
"YKL053C-A",9202.92921392977,125.208041591961,13.1680341727107,6.97966002715721
"YKL052C",277.076246684359,57.2579723815319,8.11933670449075,5.86438358548314
"YKL051W",235.903556240964,38.1774672159508,7.8881560453081,5.29195222671696
"YKL050C",6.84821295374827,16.5062738705653,2.97236418823763,4.12980014036588
"YKL049C",236.86373307419,41.7744586893375,7.89399151154798,5.41867769241561
"YKL048C",16.3681125755345,9.48871673283716,4.11836907715291,3.39076627362027
"YKL047W",64.6621945488091,19.5109022353889,6.0369910630708,4.35831904949851
"YKL046C",912.814386238988,103.095803869371,9.83575734494121,6.70176810414826
"YKL045W",316.277609036884,13.7195877316095,8.30960190053144,3.87966535963204
"YKL044W",3821.97448321038,0.635938850135608,11.900479855468,0.710118822695988
"YKL043W",7449.65000609475,31.8802484025873,12.863150578648,5.03914929317178
"YKL042W",142.798824022656,17.5870963831778,7.16790806733483,4.21622950953573
"YKL041W",536.422486860394,47.3119128952577,9.06991287771169,5.59430707185247
"YKL040C",441.291526480199,118.528293204624,8.78885379280239,6.90120834467203
"YKL039W",490.564582262379,92.0858612858954,8.94123716155695,6.54049014987069
"YKL038W",72.4441293174815,34.612867077667,6.19857526990239,5.15432668201285
"YKL035W",145533.474990334,2700.5852132925,17.1510014214271,11.3995904727743
"YKL034W",66.1840867819261,31.4282877324324,6.0700476517085,5.01918094399268
"YKL033W-A",3927.11837486608,633.035760571059,11.939622690959,9.30842040260562
"YKL033W",12.0818889285654,5.75112099607103,3.70949896531959,2.75512707567395
"YKL032C",937.604276032147,38.3186770866704,9.87437322269185,5.29714287657075
"YKL029C",7928.58067651806,88.9519432018311,12.9530288615746,6.49108254276061
"YKL028W",331.386418297623,137.973592553626,8.37671762286077,7.11866696113117
"YKL027W",357.64281260262,45.2406319242587,8.48640390844042,5.53108920872433
"YKL026C",1829.98449245356,37.2243112070615,10.8384038569251,5.25641859968836
"YKL025C",63.5950456278085,21.7927743127984,6.01335161085466,4.5105046335194
"YKL024C",2122.53981130169,284.413860895095,11.0522554406886,8.15691158961657
"YKL023C-A",3563.14715262364,0.404016937371119,11.7993411871723,0.489560339712224
"YKL023W",1093.509763909,101.95358093127,10.0960691092406,6.68585020043395
"YKL022C",36.3758148041199,20.5991639240066,5.22403312573121,4.43290356347821
"YKL021C",656.603319371214,106.283139516726,9.3610737710758,6.74527955154564
"YKL020C",164.575200110664,60.4909937698919,7.37134279161743,5.94230321761582
"YKL019W",216.60719583716,100.878170049072,7.76558245420736,6.67070114082809
"YKL018C-A",788.417954962822,59.8053216418449,9.6246455228406,5.92612568780497
"YKL018W",56.5846301353636,34.3478132185427,5.84761188942904,5.14354906080325
"YKL017C",20.4327349434983,12.6309622930517,4.4217440530523,3.76881550929815
"YKL016C",38376.5564271415,2523.95997266297,15.227975234838,11.3020448021509
"YKL015W",33.1366511263815,13.880427712942,5.09324962893141,3.89534408977901
"YKL014C",154.78066188771,61.6406227687777,7.28337234274892,5.96902665076282
"YKL013C",4074.40618988085,227.921205871994,11.9927281425144,7.83870730137657
"YKL012W",106.078167573536,47.3160804502206,6.74252054526694,5.59443151841652
"YKL011C",38.5807250414814,8.23807409390969,5.30672613486675,3.207592117359
"YKL010C",79.4992259270206,53.601422026287,6.3309030053616,5.77086661972401
"YKL009W",11425.9755940265,934.087898050312,13.4801559919495,9.86895817415579
"YKL008C",619.236425959388,64.5415492549652,9.27667444646983,6.0343378702404
"YKL007W",1978.94525748066,735.569951396674,10.9512448271624,9.52467873301394
"YKL006C-A",776.248837063339,56.7970817148742,9.60223274275089,5.85292474502218
"YKL006W",56316.1330509908,42181.6479355639,15.7812862717918,15.3643620399632
"YKL005C",118.751938445643,35.4303210779004,6.903905199083,5.18706780518775
"YKL004W",783.159724162192,79.4256628112202,9.61500373414943,6.32958401548275
"YKL003C",1068.11216133345,72.3334400656305,10.0621974998451,6.19639931255865
"YKL002W",1495.83878023682,161.3021246554,10.5477031263135,7.34253807573421
"YKL001C",74781.1085496253,4304.79743997975,16.190405529419,12.0720647362596
"YKR001C",463.02629255697,131.204443871669,8.85806274311654,7.04662686165714
"YKR002W",100.434718329341,35.0736267870322,6.66440772168917,5.1728725716483
"YKR003W",900.458007734409,233.493732329222,9.81611647849908,7.87340555192521
"YKR004C",38.0284716246828,15.3965703555055,5.2864550620797,4.03532217506343
"YKR005C",3.98255191303162,2.13715940113998,2.31688483653109,1.64945883533124
"YKR006C",486.275479349604,78.5677751145173,8.92859381490951,6.3141123536016
"YKR007W",756.956471380043,38.4123160885952,9.56597118813502,5.30057462770106
"YKR008W",84.3044050593068,30.5121045372928,6.41454833810884,4.97783420291234
"YKR009C",19.9651282365611,55.9474285741668,4.38991974957369,5.83155879429129
"YKR010C",23.9195353565611,23.7252837902263,4.63920526336828,4.62791517483646
"YKR011C",1508.12438159141,242.822459730901,10.5594960019316,7.92968721585575
"YKR013W",52351.0267894211,2755.16111698604,15.6759577711935,11.428444510833
"YKR014C",2856.99543072247,264.895495523843,11.48078789456,8.0547155268031
"YKR015C",16.4805481117003,0.399952355944126,4.12767851689031,0.485377729303988
"YKR016W",2477.23562018272,58.2351681747197,11.2750976440168,5.88838205937183
"YKR017C",47.0966179576033,6.80213946120053,5.58786354548686,2.96386978638916
"YKR018C",743.543673724244,119.489724223996,9.54021266721525,6.91276630350614
"YKR019C",33.0011267629053,17.6811497802533,5.08751065149506,4.22351134710954
"YKR020W",496.163139069241,109.066607974431,8.95757552507627,6.78223303999807
"YKR021W",29.3173681453331,20.0848022739079,4.92207261328822,4.39813158746528
"YKR022C",110.542322467295,22.9202742433129,6.80144740510893,4.58016202485814
"YKR023W",91.5763877629676,45.2009879644043,6.53257236611381,5.52985179752668
"YKR024C",451.203382645268,13.6041902791681,8.82082797378655,3.86831046588481
"YKR025W",807.270850852693,73.5600071815204,9.65869500961297,6.22033009383802
"YKR026C",690.163582076352,49.4174780140874,9.43288339260307,5.65585204831647
"YKR027W",22.6294182601065,41.9877225802394,4.56251220648475,5.42585277559177
"YKR028W",115.610731892859,65.8609713411312,6.86555675821132,6.06309240914351
"YKR029C",24.3817248655972,17.5238052329195,4.66571820860883,4.2113085880188
"YKR030W",200.982594641013,58.1356319452448,7.65808716737066,5.88595577758016
"YKR031C",38.6045508031426,21.2925830374535,5.30759430912932,4.47849188597672
"YKR036C",52.8573874562427,19.7928429621974,5.75107234338016,4.37801512326422
"YKR037C",97.4649468822184,51.9781091766137,6.62153831732795,5.72732444878361
"YKR048C",1518.3215282289,168.603879880726,10.5692114988699,7.40602536333537
"YKR049C",9141.48412208503,337.387279232191,13.1583705006767,8.40253152497732
"YKR050W",38.7416651623687,23.1543977686454,5.31258041717708,4.59421397800222
"YKR051W",51.9955585914924,8.69800307598637,5.72779955142127,3.27768771132442
"YKR052C",420.295293441987,47.1160601180158,8.71868798849988,5.58844661020046
"YKR053C",333.013147464903,30.8537125223876,8.38376108112407,4.99338962201587
"YKR054C",4.78329973069183,21.949928064818,2.53189287451929,4.52041772649189
"YKR055W",55.9548512458018,24.0557747483221,5.83174682655175,4.64707124284369
"YKR056W",604.383656647372,61.1282042435157,9.24170591748053,5.9571764500455
"YKR057W",42598.9127154675,57214.8116441212,15.3785628540125,15.8041262718031
"YKR058W",481.777236975754,4.05564823799357,8.91521384416842,2.33789608713908
"YKR059W",20575.8706166869,2197.34399261465,14.3287359696979,11.1022014387422
"YKR060W",275.947864079259,17.0992704853559,8.11347060173997,4.17785964366714
"YKR061W",348.567266604379,48.161320065908,8.44942628731775,5.6194517499586
"YKR062W",227.716422649024,60.0047918962628,7.83741614985605,5.93085066499652
"YKR063C",97.726956889622,10.8224917991823,6.62537215384519,3.56346223594016
"YKR079C",104.238335268141,19.5700437083147,6.71751652203623,4.36247295426805
"YKR080W",10423.8523247236,37.4455310418039,13.3477393265865,5.26474400208521
"YKR081C",4187.17300719833,200.986541026985,12.0321053237483,7.65811535482841
"YKR082W",83.2113726625025,20.3307894919778,6.39594317587322,4.41486545836626
"YKR083C",173.904555096805,12.3116596706868,7.4504240521046,3.7346185496382
"YKR084C",110.104359612766,26.2111857293676,6.79577161737767,4.76612791838444
"YKR085C",791.314195976187,106.700006365496,9.62992884115016,6.75087452492583
"YKR086W",21.7245387629247,18.1323738173847,4.50617910740601,4.25794397965886
"YKR087C",272.833370543356,38.0844281010049,8.09715446027047,5.28852202272225
"YKR088C",104.539694161307,61.3718165413658,6.72164189770392,5.96282237203562
"YKR089C",289.386792146873,49.8373539102383,8.18183202555486,5.66781703475175
"YKR090W",46.7022585466979,14.0163683748777,5.57598566965027,3.9084640421567
"YKR091W",5042.30604975806,301.105464575101,12.3001540616271,8.23890846998125
"YKR092C",3115.80376537732,485.810624944609,11.6058516101005,8.92721684588639
"YKR093W",807.631564847939,23.5912352626346,9.65933870993242,4.62007230084686
"YKR094C",47572.9348485953,38637.7108056462,15.5378837353477,15.2377593384921
"YKR095W",93.4933091117309,147.600391331603,6.56214027339495,7.21529410492054
"YKR095W-A",573.54844357424,42.8744029138195,9.16628472991826,5.45530758682005
"YKR096W",83.2070658685203,46.3336640924413,6.39586939071792,5.5647947001115
"YKR097W",2489.35965180505,2.88520187131087,11.2821383925807,1.95798956161181
"YKR098C",144.316166406955,25.1419929812879,7.18305140133284,4.70829722663346
"YKR099W",188.149017884959,70.1890997901046,7.56337947530196,6.15358445289606
"YKR100C",223.342641596338,37.8067374151219,7.80956005439263,5.27823524192776
"YKR101W",14.4876295890268,10.3346586510481,3.95304444870855,3.50266903913277
"YLL058W",232.390834028689,27.5424615022292,7.86660409288931,4.83503785310423
"YLL043W",197.030201052462,24.5797676406084,7.62957665839277,4.67693125413175
"YLL042C",35.0376461188403,5.12262732507611,5.17143287619475,2.61415087113239
"YLL041C",14893.0830179355,215.84080777696,13.8624516836538,7.76049247615914
"YLL040C",74.7459655257716,164.440361022319,6.24309714293211,7.37016742877849
"YLL038C",74.3435140417873,18.7152625387451,6.23541141742714,4.30124101714256
"YLL036C",85.6525939239624,27.4437601056614,6.43717103163836,4.83004028864984
"YLL035W",75.2200578008492,20.6200785754371,6.25209879709369,4.43429986126185
"YLL034C",378.680302003942,58.6617385154094,8.56864134296299,5.89873411263786
"YLL033W",30.7986673327667,7.26061027568397,4.99089439899145,3.04624836871246
"YLL032C",22.2790682888966,10.0837010746698,4.54096141250266,3.4703678021305
"YLL031C",48.9077723454171,14.0654259711643,5.64119260485893,3.91316956023913
"YLL029W",1697.66886652957,52.0709396638247,10.7301889299001,5.72985018794325
"YLL028W",1449.80601821917,22.2774028282848,10.5026389196686,4.54085819369295
"YLL027W",2197.40476147745,153.557492074318,11.1022413186362,7.27199977937355
"YLL026W",525960.865916275,767.782648035643,19.0045986772855,9.58643196361345
"YLL023C",2766.66451140864,122.605437567913,11.4344533587563,6.94959840049039
"YLL022C",213.732258466023,33.8979425673215,7.74639512821444,5.12507007873152
"YLL021W",102.273547613298,52.2724715616725,6.69032696078138,5.73531831077895
"YLL019C",758.318326232089,28.339620560156,9.56856101796963,4.87477830810995
"YLL018C-A",810.852795321519,48.6589512592369,9.66507435226891,5.63398188863984
"YLL018C",5386.20325904579,380.523049690235,12.3953207837142,8.5756264097946
"YLL015W",572.726060416843,62.1667452912817,9.16421824093567,5.98109333319566
"YLL014W",2514.13794675413,84.8554480749394,11.2964218137745,6.42383778020751
"YLL013C",251.423726280147,20.7496670190636,7.97970371094289,4.4429214087856
"YLL012W",4315.99946595886,28.6649970167954,12.0758131989906,4.89068973260336
"YLL011W",834.830327166322,72.5857933718353,9.70706629595681,6.20135535831153
"YLL010C",128.400609617403,26.3505701926402,7.01570060378159,4.77349900488946
"YLL009C",43766.6630362344,109.01580647002,15.4175777332307,6.78156700695796
"YLL008W",3051.97946056831,624.695511776998,11.5760021682664,9.28931694514602
"YLL007C",8.37549495956947,6.25770062193525,3.22889485656169,2.85951254728882
"YLL006W",41.7023932106653,8.63535761539937,5.41624502132344,3.2683382130066
"YLL005C",10.1610583453318,0.250425718687531,3.48040193183644,0.322419357027773
"YLL004W",10.7702947795184,11.6100621012354,3.55707854709243,3.65650347546418
"YLL003W",16.1861427636098,18.4332333526981,4.1031738793633,4.28045405519381
"YLL002W",22.5894919774071,14.7169237110903,4.56007244396209,3.97424695999868
"YLL001W",183.202501931866,28.3152708808801,7.52514884675328,4.87358048256826
"YLR001C",98.4392807806768,46.3844992956179,6.6357439566649,5.56634328804741
"YLR002C",452.678569949577,25.8702360631663,8.82552670364531,4.74793709080723
"YLR003C",888.735801149717,135.690946690438,9.79723319444225,7.09477388336002
"YLR004C",4787.6269790176,123.218361437009,12.2253963426036,6.95673463222365
"YLR005W",211.529372257874,30.8778852575764,7.73151843000126,4.9944840206523
"YLR006C",221.690704262126,76.6673589795148,7.79889752699862,6.27923650391417
"YLR007W",225.55355962291,24.7540676314893,7.8237083485138,4.6867284063415
"YLR008C",809.957894935426,263.857240715107,9.66348320120276,8.04907113960688
"YLR009W",16901.4361469309,491.610346080531,14.0449435765778,8.94430311822534
"YLR010C",102.821504043805,6.07493882217917,6.69796148283692,2.82271767284624
"YLR011W",138.885451446855,13.12573760099,7.12810211498714,3.82025429731834
"YLR012C",2.94322996185723,0.273430774148635,1.97937784819792,0.348720534400473
"YLR014C",21.4021841495548,3.67168445860625,4.48556749271115,2.22394283299843
"YLR015W",66.3320110158177,14.7603093334521,6.07322064956052,3.97822394627161
"YLR016C",106.690962209316,61.0483525432431,6.75075336887769,5.95532100050091
"YLR017W",605.557132173459,155.927963103937,9.24449973029181,7.29395863982999
"YLR018C",408.912228627513,68.635198105889,8.679171219311,6.12174481614642
"YLR019W",426.419167686459,45.5016707061644,8.73950779713168,5.53921064500478
"YLR020C",166.046337856602,20.2624529512797,7.38410454470722,4.41023613844067
"YLR021W",143.982259171155,59.3000105199901,7.179732564693,5.91408634870652
"YLR022C",511.800241260683,63.6111904138505,9.00225313048627,6.01371215077276
"YLR023C",4515.48331134627,71.7586400957999,12.1409841626183,6.18504667326186
"YLR024C",21.9812060242031,54.4140636040637,4.52238260564257,5.79218026099891
"YLR025W",2426.7475811582,188.635354000915,11.2454027135283,7.56708414286653
"YLR026C",286.024291763616,107.012860383185,8.16502903163685,6.75505928463081
"YLR027C",4742.13150603735,1459.11652389364,12.2116241531803,10.5118677919423
"YLR028C",2096.20908753963,283.186875832247,11.034254987069,8.15069612011569
"YLR029C",745570.016660299,229644.111472079,19.5079862521688,17.8090465472182
"YLR030W",16.3125785127422,0.0969086398422972,4.11374870870258,0.133443370467422
"YLR031W",24.3768181173377,0.771349706365439,4.66543928250154,0.824849062363034
"YLR032W",29.3708960678583,8.92650695643708,4.92461756952986,3.31128613636596
"YLR033W",91.4002302000373,56.9189002270898,6.52982454077154,5.85596230345511
"YLR034C",439.007651805159,98.9717105522409,8.78138480244595,6.64344800157499
"YLR035C",18.088186295723,5.22961885713818,4.25460812342942,2.63914389844389
"YLR036C",102.818309443621,16.5610602857501,6.69791709025376,4.13430804812135
"YLR038C",111594.739825093,2141.22745617088,16.7679224276745,11.0648959545113
"YLR039C",17.1213628811878,53.2574502277178,4.17961955733502,5.76174934615144
"YLR040C",106.235058317787,149.678244244205,6.74463283244087,7.23532731748156
"YLR042C",23053.6596635521,2866.40276827935,14.4927707481694,11.4855288509034
"YLR043C",41625.1767436993,2852.67086622053,15.3452034363172,11.4786032329818
"YLR044C",2039469.64898352,2317551.19851658,20.9597633140763,21.1441704025409
"YLR045C",120.861194733546,29.3784150948927,6.92909497956979,4.92497469828943
"YLR046C",382.176568445407,114.355337599954,8.58186553158687,6.84994095019636
"YLR047C",72.5655528614794,1.44245831027871,6.20095847598803,1.28833393739634
"YLR048W",89085.1572705179,32911.9858018099,16.4429136542968,15.0063692904259
"YLR049C",333.286125328463,18.387508399508,8.38493966637162,4.27705550118682
"YLR050C",3944.80055568509,187.307472053802,11.9461023201468,7.55694643710387
"YLR051C",1839.30993518429,73.6622224509089,10.845733042411,6.22230654849464
"YLR052W",444.133345416554,58.2374025524145,8.79809376844667,5.88843647746372
"YLR053C",1942.45531097222,3.70716269349876,10.9244082184879,2.23485771770691
"YLR054C",19.287602749004,274.072354492762,4.34252649638165,8.10366734200481
"YLR055C",79.1124324601935,25.0598007203421,6.32395424334972,4.70375414652658
"YLR056W",590780.475743634,18258.9483267193,19.1722650648053,14.1563950622379
"YLR057W",88.712758480912,28.4190359646918,6.4872412671917,4.87867806643775
"YLR058C",204047.258833968,944.688145642182,17.6385508744113,9.88522070218755
"YLR059C",126.411398920366,74.8048204931563,6.99335054452926,6.24421768840834
"YLR060W",3022.25058957213,245.395253195525,11.5618848499161,7.94483065255575
"YLR061W",134.569234782477,67450.7181110588,7.08288600938043,16.0415675711105
"YLR063W",108.892091169602,4.41274877986452,6.77994375039336,2.4363614302742
"YLR064W",1863.55129946318,130.206178572461,10.8646127752373,7.03569184864816
"YLR065C",790.330212771704,118.472576251772,9.62813602975353,6.90053568960419
"YLR066W",939.571715139252,217.027012378285,9.87739413791587,7.76836307803366
"YLR067C",20.5461181159812,8.90930007075846,4.42935606261045,3.30878315830912
"YLR068W",3400.55671141095,74.7467927112397,11.731979426863,6.24311289782873
"YLR069C",752.556335067445,58.3040176819131,9.55757155997123,5.89005794153767
"YLR070C",82.6012685880953,7.44483888474215,6.38545292920151,3.07806989876369
"YLR071C",59.0441742696744,36.1019274759254,5.90795237145992,5.21342223288509
"YLR072W",55.3655664571889,11.5875025453685,5.81674218885619,3.65392016485251
"YLR073C",443.704509756315,54.7223898865817,8.79670322493431,5.80018523013414
"YLR074C",15734.6854453481,525.374951111352,13.9417524032488,9.03994702617448
"YLR075W",62434.9384701314,106862.829230711,15.9300890709399,16.7054140934459
"YLR077W",200.343296408234,42.1769763313076,7.65351362928166,5.43219031035137
"YLR086W",39.6812973638663,66.1833312453243,5.34629378368383,6.07003142740465
"YLR087C",6.28244163256887,39.3989845486186,2.86442223347638,5.33624712536236
"YLR088W",48.145955417979,21.3930570519825,5.61900078635608,4.48497959014676
"YLR089C",30618.6425570548,271.182924889672,14.9021698209706,8.08843275349512
"YLR090W",583.366211302195,33.4336514076918,9.19072895211184,5.10574726994135
"YLR091W",28.7230430989719,1.60003155031844,4.89350992405615,1.37852912987365
"YLR092W",2470.34847396155,144.671446446696,11.2710827377447,7.18657430735023
"YLR093C",950.074273392564,232.61872444549,9.89341420138734,7.86801210004597
"YLR094C",798.766338902929,112.83446879094,9.6434347510931,6.83079365800133
"YLR095C",124.033559211249,43.2269308008154,6.96617155833917,5.4668532224488
"YLR096W",129.736848665553,41.4648257781123,7.03052201717039,5.40819642587022
"YLR097C",102.689551040496,15.359414470973,6.6961267085972,4.03204920777946
"YLR098C",14.4859593933558,14.688042429178,3.95288885918255,3.97159343738383
"YLR099C",9138.24088523721,494.65108304637,13.1578586231855,8.95318107269276
"YLR099W-A",2467.10948499573,264.969988663375,11.2691906783216,8.05511965486511
"YLR100W",9810.05901379055,289.675000365202,13.2601931552027,8.18326318694521
"YLR102C",155.084991072962,53.205150454747,7.28618800610624,5.76035803470441
"YLR103C",104.706982571754,12.0087614064855,6.72392686818804,3.70141170123313
"YLR104W",6094.09906825559,1032.66958395835,12.5734339549119,10.013559381568
"YLR105C",109.05235154913,41.8784211076448,6.78204616219204,5.42217987796596
"YLR106C",149.026986093025,482.60830970212,7.22907821850162,8.91769522398757
"YLR107W",281.726740789385,100.934664653263,8.14326453201616,6.67150093822564
"YLR109W",6622525.51138892,401300.939233887,22.6589502833472,18.6143286021878
"YLR110C",8682911.82186398,3284739.08238092,23.0497476682972,21.6473477856265
"YLR113W",900.563998940252,213.973856942745,9.81628609704689,7.74801741353216
"YLR114C",119.007457973313,46.3170668041038,6.90698025599831,5.56428873833825
"YLR115W",22.9071146607581,31.6133473864076,4.57936811720789,5.02739061968818
"YLR116W",156.445098888127,21.4067908690938,7.29870503826205,4.48586413379497
"YLR117C",48.6100378772014,36.6225829461247,5.63256015361422,5.23352699413777
"YLR120C",17992.7646086683,1570.92298529208,14.1352094346251,10.6183148206689
"YLR128W",31.5060119459604,4.14907335346951,5.02263466233634,2.36431282285102
"YLR129W",1212.20688070569,70.5129118633533,10.2446098700083,6.16013184306466
"YLR131C",203.198614361812,9.25408124303816,7.67382926627386,3.35812632824661
"YLR197W",8049.75570189316,2385.18204654578,12.9749084959891,11.2204883979509
"YLR199C",447.109137805774,121.177418649053,8.80770633588724,6.93283385452675
"YLR200W",2887.65565683424,49.785459951734,11.4961825218682,5.66634360255186
"YLR204W",2945.93324224226,338.990059939058,11.5249986636931,8.40934875764871
"YLR206W",1432.06032444166,126.555155426135,10.4848836255539,6.99497739963169
"YLR207W",46.5494128349204,48.0474207871863,5.57135562092843,5.61610536761382
"YLR208W",1459.96806205385,632.652085014645,10.5127089246651,9.30754711689671
"YLR210W",31.8175771210283,4.14133881481194,5.03639682537497,2.36214408898814
"YLR211C",57.3382724452252,29.8397414669978,5.86637075963548,4.94671876591711
"YLR212C",115.32953162494,15.4480053781263,6.86207357824953,4.03984073626056
"YLR213C",55.8312024484953,13.675604814721,5.82861133549442,3.87534805615919
"YLR214W",5231.00926526601,144.587417059252,12.3531493803416,7.18574186034787
"YLR215C",68.6756855024094,19.4016583732113,6.1225833862037,4.35061452304323
"YLR216C",203915.496822229,1482.9544716086,17.6376189683832,10.5352311147663
"YLR218C",584.257130511836,52.3533395676794,9.19292679637198,5.73750667197155
"YLR219W",509.160473825946,167.449862131001,8.99480731602931,7.39617543745077
"YLR220W",882.528596485248,73.6022916180268,9.78713301989943,6.2211480424615
"YLR221C",1794.71708426008,104.481205470315,10.8103443556285,6.72084215372833
"YLR222C",871.257228452939,50.5042330185336,9.76860983795247,5.68661910395761
"YLR223C",1078.76845011668,146.861110134277,10.076506252899,7.20809883995211
"YLR224W",544.599376065438,42.5692318552094,9.09169818430578,5.44523777301423
"YLR225C",515.835564664098,74.6878147657173,9.01356153844267,6.24198914949608
"YLR226W",69.7013427823281,21.393534850362,6.14366571030407,4.48501037245564
"YLR227C",27.6173024912774,11.5844780421625,4.83881578281956,3.65357347494606
"YLR228C",66.2832725763191,9.0527872297245,6.07217597311426,3.32952365251075
"YLR229C",750.703823729289,223.035865496495,9.55402053225759,7.80758589898614
"YLR231C",2240.85803807754,118.667905300403,11.1304792094397,6.90289246592781
"YLR233C",10.2741770461245,4.59974351424258,3.49495022328542,2.48536074874088
"YLR234W",15.0226559849365,1.24980391925346,4.00204140984329,1.16979926942114
"YLR237W",39618.9470320872,1871.77212625459,15.2739393310389,10.8709596517697
"YLR238W",52.1357043580532,11.8600909403631,5.73160969584655,3.68482893963308
"YLR239C",72.1141010197217,20.3453087235628,6.19207777068675,4.41584712375223
"YLR240W",33.0367772801902,11.2310911224439,5.08902253902077,3.61248120576185
"YLR241W",185.882306908281,96.442168140744,7.5459861780982,6.60647432923074
"YLR242C",34.479070376943,34.9496143820034,5.1488963035076,5.16790439038768
"YLR243W",866.523001846077,29.8049216149556,9.76075820015649,4.94508895951711
"YLR244C",2071.69792724844,173.074903406095,11.0172941596161,7.44356441262916
"YLR245C",79.2280652044717,25.4471137867053,6.32603510025219,4.72503838233794
"YLR246W",96.9904475442299,12.7424954130226,6.61456921194919,3.78057209271961
"YLR247C",84.1778852045017,195.073971060585,6.41240700600533,7.61525421936793
"YLR248W",1602.1472751933,234.839682347082,10.6466912512844,7.88166267615295
"YLR249W",175377.649278719,38114.4074725114,17.420113598191,15.2180866788661
"YLR250W",1382.00568369473,147.710797067575,10.4335913701609,7.21636558706658
"YLR251W",1893.5637468549,37.5707980725147,10.8876499680422,5.2694370921205
"YLR253W",132.398954841027,34.4361038876547,7.05960355306204,5.14714808673317
"YLR254C",677.81591254066,67.391725768669,9.40687657415209,6.09574988908366
"YLR256W",738.136054798096,1170.12689374803,9.52969613941811,10.1936816876256
"YLR259C",218779.289812919,1191.98362883311,17.7391232442399,10.2203585299053
"YLR260W",126.815857864668,37.5806472726001,6.99792302952941,5.26980544276212
"YLR262C-A",85273.7444008397,761.479503442294,16.3798309051173,9.57455474611846
"YLR263W",12.7625118810589,3.92161324307434,3.78267190414384,2.29913129042066
"YLR264W",110304.547071367,7948.01708936037,16.7511458177789,12.9565607641819
"YLR264C-A",487941.19237391,0.0870361999777542,18.8963507129719,0.120399985129511
"YLR265C",19.1920616825373,2.47158794846928,4.33571631745966,1.79559572083025
"YLR266C",41.9281983310105,15.0082761828617,5.42385371995681,4.00074605756149
"YLR267W",205.347336649985,25.972872445971,7.68893100720058,4.75343726284171
"YLR268W",767.77210549471,127.576948166847,9.58641217937944,7.00648820299733
"YLR270W",3089.99179369872,247.141797430971,11.5938541086396,7.95502095550689
"YLR271W",145.196258576725,25.1323404614525,7.19176258039563,4.70776443580708
"YLR272C",27.5729206182516,12.357947112907,4.83657660564934,3.73962640228037
"YLR273C",19.488550211307,2.35975762117345,4.35674599641769,1.74835715819927
"YLR274W",188.321964043455,11.9519372291691,7.56469798369222,3.69509599371754
"YLR275W",390.709844041216,61.9666857087044,8.61364157481852,5.97651682707179
"YLR276C",2643.07627684412,76.7817943236659,11.3685480812647,6.28136061111996
"YLR277C",30.1140808726559,18.1699576173738,4.95949572372403,4.26077524226003
"YLR278C",88.2228954885344,19.9436795184981,6.4793420625367,4.38844302124176
"YLR281C",6.15565494331492,2.23682936390472,2.83908382009373,1.69458131292516
"YLR283W",53.0391483115594,23.7240912567897,5.75593303201631,4.62784559005106
"YLR284C",48.3059046817433,7.72048186702747,5.62368852333575,3.12440785609894
"YLR285W",234.420558701489,64.9194529004802,7.87909650268117,6.04263236378836
"YLR285C-A",3287.63563954903,1.47765271404003,11.6832734600186,1.30897398294081
"YLR286C",3842.96151729057,1286.97415310222,11.9083781777217,10.3308879265887
"YLR287C",220.341111532172,51.0972821499652,7.79012762959438,5.70313620575885
"YLR287C-A",77645.9779113913,79856.9731750635,16.244642154296,16.2851488358506
"YLR288C",17.703056018898,10.0265456767605,4.22520211596761,3.46290899864258
"YLR289W",18.5911639879961,10.2450059111591,4.29213121121784,3.49121251438439
"YLR290C",203.204667953501,77.2435677438689,7.67387203520883,6.28990025056906
"YLR291C",761.7007452555,37.2248235909251,9.57497329922949,5.25643793839405
"YLR292C",2019.01190365488,384.26672464791,10.9801480792695,8.58971377608746
"YLR293C",63036.2468993017,17354.4244052765,15.9439169071823,14.0830990244568
"YLR295C",18147.0101827689,572.326649822119,14.1475237538408,9.16321353086013
"YLR297W",1962.41339058887,68.5766417875536,10.9391482444063,6.12053114186237
"YLR298C",237.75179613393,20.8222916069832,7.89936777638391,4.44773070509308
"YLR299W",241.356523069501,36.8855770315389,7.92098710319867,5.24357681649365
"YLR300W",42798.319088896,3568.87734479074,15.3853002239589,11.8016587911008
"YLR301W",10245.6881512589,1806.74065610508,13.3228700688097,10.8199720039039
"YLR304C",23410.8522583351,341.538577844406,14.5149514591597,8.42012266815624
"YLR305C",39.8045772853027,42.9552534971196,5.35065909160398,5.45796370033099
"YLR306W",49.9270775458549,11.8491519404335,5.67036102533558,3.68360123783134
"YLR307W",8.02549616972759,0.231962450670239,3.17400624523296,0.30095828439532
"YLR307C-A",125.647666696258,0.440112681228275,6.9846766874588,0.526181699368389
"YLR309C",317.466399746976,116.410674962308,8.31499735668164,6.87541977381933
"YLR310C",123.683838424654,52.0282789297317,6.96213066427936,5.72869002043873
"YLR312C",269.153417184386,4.35686591540767,8.07763512057882,2.42138918524975
"YLR312W-A",514.421442515986,75.1231971874192,9.00960874708865,6.2502642512125
"YLR313C",34.8296897890531,0.766464185874645,5.16308364773738,0.820864499647575
"YLR314C",1158.25377320044,104.154219546424,10.1789807071422,6.71636293234619
"YLR315W",14.5236440730359,0.117711332445376,3.95639535531142,0.160547636281587
"YLR316C",8.68858575333618,10.3104321630509,3.2762860902477,3.49958214955363
"YLR318W",4.4474960081439,5.1162676411074,2.44559323415291,2.6126515388194
"YLR319C",26.7285282336038,9.18443624394954,4.79329913836788,3.34829421750156
"YLR320W",6.38263112665369,16.5810925709051,2.88413507602472,4.13595282393796
"YLR321C",64.0742270542644,29.9511510638824,6.02401436541837,4.95192115871382
"YLR323C",99.7732010304596,32.1741033388434,6.65496821868339,5.05198556647872
"YLR324W",216.556637881647,37.4702061463012,7.76524722546649,5.2656696553628
"YLR325C",1015558.92032922,219885.462190276,19.9538439337357,17.7463992585652
"YLR326W",417.797784976907,17.826310585876,8.71011000164401,4.234678395903
"YLR327C",4708273.25284865,15911.9760850991,22.1667669278698,13.9579160569337
"YLR328W",440.640631918226,92.4461815836501,8.78672909914235,6.54606380837217
"YLR329W",6.34920995159282,0.694156998373218,2.87758916693108,0.760567576133615
"YLR330W",563.075210195492,173.658263358325,9.13974372499105,7.44839109030343
"YLR332W",281.422003131584,91.7330701559839,8.14170868125998,6.53501201455706
"YLR333C",15953.0269834603,29589.9020721909,13.9616330026485,14.8528660569951
"YLR335W",668.271920337518,127.843255572146,9.38644867630322,7.0094732096476
"YLR336C",306.96528147376,22.431447632723,8.26662390735438,4.55037418387432
"YLR337C",201.498962103858,68.147030718162,7.66177070334505,6.11159539600779
"YLR340W",133826.128475442,239228.134636413,17.0300110728513,17.8680335739891
"YLR341W",16.511919965576,0.0935287279443952,4.13026536100981,0.128991121728944
"YLR342W",7672.5265033376,1515.61313676507,12.9056740305303,10.5666374092392
"YLR342W-A",4220.82067795527,4.20213216999767,12.0436495861044,2.37910305414016
"YLR343W",8.99204908837616,11.2834036328677,3.32078056455425,3.61863847024362
"YLR344W",20337.8777125849,36221.4784413254,14.3119524538698,15.1445976423665
"YLR345W",1150.29572132661,77.7270348779447,10.1690427357638,6.29878723744023
"YLR346C",808.055786307749,20.9522120399576,9.66009537309097,4.45629441680217
"YLR347C",219.116962866353,119.738683045412,7.78212651764932,6.9157441599587
"YLR348C",510.580396451965,51.0564693439783,8.99881717157949,5.70200556120747
"YLR350W",28438.4332908952,9008.20843861359,14.7956050963858,13.1371846391079
"YLR351C",824.263710584132,167.078262501384,9.68871139175016,7.39298934320489
"YLR352W",67.1703463931622,29.1600228817795,6.09107240869814,4.91456561803695
"YLR353W",66.0132177377404,23.5592707660463,6.0663737767855,4.61819581855035
"YLR354C",116877.237934108,1344.10834390844,16.8346468076662,10.3935066663096
"YLR355C",243134.414113676,30001.9926637515,17.8914005201897,14.872818789798
"YLR356W",749.292143205576,71.7498586098576,9.55130864070076,6.18487253901749
"YLR358C",8.52541279308878,0.0303484846997733,3.25178161456269,0.0431323685903217
"YLR359W",35332.6837458547,55.7383257717329,15.1087565461239,5.82625167524136
"YLR360W",100.155327787672,73.3667858636408,6.66042849751503,6.21658651502575
"YLR361C",23.5446291576549,25.1426640699082,4.61733546422103,4.70833426144556
"YLR361C-A",852.582203703935,73.4776732791267,9.73738628756813,6.21873609795192
"YLR362W",32.5273938573357,27.6448265734628,5.06726843918147,4.84020269806636
"YLR363C",134.622478307416,4.31336684755121,7.08345250287317,2.40962632336475
"YLR363W-A",2217.93412282268,28.3636748306555,11.1156511211525,4.8759606260181
"YLR364W",1355.11310909883,74.2972641877096,10.4052617987783,6.23452554259298
"YLR367W",2923.06372503528,2890.86289152087,11.5137590373993,11.4977834377768
"YLR368W",28.7012805399817,35.929953770661,4.89245322755838,5.20671955144985
"YLR370C",7181.16540946632,682.685091713662,12.8102031641571,9.41718815635217
"YLR371W",26.4819065664869,44.6897746623849,4.78041018996775,5.51379942221679
"YLR372W",11399.5977186885,650.180187118332,13.4768218445695,9.34691299444496
"YLR373C",38.3180055547886,54.1607793271347,5.29711823627101,5.78557093468795
"YLR375W",2033.51552221393,336.632398611832,10.9904695720708,8.39930953894406
"YLR376C",48.8054879728588,13.0495261933608,5.63823281378727,3.81244957266347
"YLR377C",565.980729615311,4.61627423472486,9.14715589185427,2.48961338212008
"YLR378C",1902.36802068885,896.545313466159,10.8943388217286,9.8098409664404
"YLR380W",2068.7750962891,218.831687970962,11.0152582963016,7.78025555050909
"YLR381W",16.4177014407586,2.92514271457015,4.12248234346145,1.97274511001943
"YLR382C",102.680925568635,12.6272869635794,6.69600669223142,3.76842646159479
"YLR383W",51.7709226579598,18.6913487456717,5.72167130302378,4.29949002593644
"YLR384C",251.007482959834,146.979123468157,7.97732276266167,7.2092498481061
"YLR385C",19.460266533192,0.0846627866157803,4.35475303389092,0.117246589496244
"YLR386W",34.4197859978505,24.0865796502401,5.14648359041106,4.64884387938446
"YLR388W",17107.7695385647,10803.162473828,14.0624483845875,13.3992996200313
"YLR389C",156.469508592529,72.8504337221355,7.29892869101567,6.20653448882173
"YLR390W",797.064062783428,52.2965030099298,9.64036074994457,5.73596897016557
"YLR390W-A",40718.0202765977,4587.54463009168,15.3134152292956,12.163820924599
"YLR392C",94.7939835138217,10.0321177996503,6.58186314304771,3.46363786186132
"YLR393W",47.7324704908879,1.1868910240089,5.60681145664617,1.12888133056475
"YLR394W",62.9333677068096,6.95738062533849,5.99849718506806,2.99229360906836
"YLR395C",125526.413515413,4104.0319919704,16.9376429384049,12.0031777501432
"YLR396C",28.4755870110781,16.7018673121955,4.88144863988336,4.14582964841319
"YLR397C",192.94386533049,38.3815690282649,7.59949533224754,5.29944868668048
"YLR398C",48.3112255337031,47.6504417381134,5.62384420352491,5.60438099938999
"YLR399C",1332.82392411785,253.664365479845,10.3813525159763,7.99245329095668
"YLR401C",497.072153600774,37.702724438366,8.9602109443205,5.27436322186102
"YLR403W",284.670605123235,19.1820925449246,8.15820878354044,4.33500386039582
"YLR404W",25.7217087815394,10.5921609852967,4.73994036212403,3.53507763035693
"YLR405W",496.445091999756,21.2118054673334,8.9583934795086,4.47325476075306
"YLR406C",24496.9020803906,25540.033982231,14.5803705864177,14.6405293106528
"YLR407W",445.917802190731,35.7697945108378,8.80386570289153,5.20044920890413
"YLR408C",103.115612625111,10.206436610735,6.70204261353145,3.48625570208724
"YLR409C",818.195781386091,63.8924241613617,9.67806447568266,6.01997815611953
"YLR410W",137.973239703218,65.5630318422131,7.1186632981606,6.05664924237041
"YLR411W",88258.0841041825,63.0267436620161,16.4294571555829,6.00060273264825
"YLR412W",225.827736669349,131.118995125415,7.8254532546962,7.04569409165965
"YLR412C-A",20.2315073681113,1.9625190954315,4.4081348964321,1.56682445318239
"YLR413W",2211.01994952546,349.398899482024,11.1111486815148,8.45285443356564
"YLR414C",101861.43210129,24734.6326150213,16.6362625434625,14.5943031765145
"YLR415C",8.41735431827253,1.44741696879104,3.23532181057974,1.2912599157042
"YLR417W",486.438402610899,304.3461812358,8.92907610738047,8.2543019922291
"YLR418C",107.086441474304,18.53614617994,6.75604175036254,4.28807399538498
"YLR419W",24.3580156327021,27.8582733871742,4.66436994805903,4.85091307973801
"YLR420W",897.02285192332,162.912808155898,9.81060834736584,7.3567847808871
"YLR421C",8542.54531191677,689.754266016783,13.0606191533989,9.43202875675422
"YLR422W",24.2983275879337,34.0068339781384,4.66097010983287,5.12956468505766
"YLR423C",202.42838106877,59.7116688383871,7.66837715889553,5.92390192532812
"YLR424W",16.9154667774484,12.6760172819066,4.16313372753661,3.77357624585592
"YLR425W",14.1470320692813,8.65103097110353,3.92096323258592,3.27068306646891
"YLR426W",70.1480939424712,40.4276291263342,6.15275320235481,5.37252135315879
"YLR427W",83.1573929069681,69.8642492031526,6.39501810728318,6.1469860706529
"YLR429W",667.759221231152,321.583644007945,9.38534306900987,8.33352948100595
"YLR430W",64.6762516987961,63.6187210392585,6.03729988628643,6.01388029134983
"YLR431C",35.8571624301593,32.95027498338,5.20387309950985,5.08535135464609
"YLR432W",5252.18214967185,757.592488317764,12.3589758942589,9.56718127572224
"YLR433C",39.6794397948234,8.03812436106007,5.34622790656077,3.1760234080656
"YLR435W",1190.97981227089,177.267713847793,10.2191440867513,7.47790162919639
"YLR436C",131.028578308815,26.6394474048075,7.04470643240297,4.7886568671145
"YLR437C",5172.41295026539,370.120875490921,12.3369006390729,8.53574534446194
"YLR438W",2311.95135249201,1683.90614005339,11.1755192072481,10.7184525110537
"YLR439W",636.16599085999,51.4195395424517,9.31552545392758,5.71203277585741
"YLR440C",53.5474962431362,11.9241242395391,5.76944107254514,3.69199461928987
"YLR441C",243461.063273233,66552.0429725827,17.8933374607423,16.022217010842
"YLR442C",18.1936644286794,24.9485900868921,4.26255827012003,4.69758424696152
"YLR443W",34.5775684050465,14.9241960571946,5.15289600600229,3.9931486338634
"YLR446W",116.044040601285,12.437577083641,6.87090767002691,3.74820112552379
"YLR447C",3028.45616813822,240.804521717923,11.5648431166613,7.91769741285237
"YLR448W",36234.1217044394,45487.7689049819,15.1451011195212,15.4732227700218
"YLR449W",4859.9562539908,764.927330438372,12.2470244353624,9.58106370857048
"YLR450W",270.011959346603,111.79241317524,8.08221270670199,6.81752621990003
"YML131W",7883.1293267019,129.876285053242,12.9447357263734,7.03205989259146
"YML130C",20079.4797352797,2572.51497321705,14.293506116141,11.3295244611149
"YML129C",8145.41887929439,213.044244292366,12.9919502825958,7.7417652313712
"YML128C",42005.1175785428,1629.21988149698,15.3583118302389,10.6708508506835
"YML127W",160.107316479139,18.3467029022865,7.33187820342495,4.27401581568493
"YML126C",365954.064254128,558.754551738626,18.4813069848103,9.12865054441855
"YML124C",1138.80187425981,191.043758072514,10.1545673547854,7.58529126302056
"YML123C",5224.78416918199,8.12112793342107,12.3514318256076,3.18921224142224
"YML121W",258.349104159437,42.1111381138669,8.01875157614479,5.4299887443803
"YML120C",10739.3975012484,127.956137248985,13.3907597678884,7.01073662492573
"YML119W",238.530293415287,17.8940049486502,7.90406431503161,4.23985663606006
"YML118W",65.2608098806962,10.2359476806976,6.05008393192723,3.49004990668451
"YML117W",249.627711503978,38.0758790051953,7.96940212973004,5.28820642165479
"YML116W",527.415054790951,49.3904622275529,9.04552775999846,5.65507878497832
"YML115C",68.4257811614926,42.7453850170707,6.11739959986589,5.45105892065125
"YML114C",84.6052025328807,35.8561243463203,6.41962657189123,5.20383246535902
"YML113W",844.087253367874,35.0137463680237,9.72295649389439,5.17047578009831
"YML112W",76.7341655892041,13.0564178005852,6.28047692379682,3.8131570733806
"YML111W",85.2269872999165,11.1195290517981,6.43006756919332,3.59926173364574
"YML110C",4409.01991693103,161.194764294355,12.1065694560895,7.34158343936392
"YML109W",66.3568968621735,23.7345736632087,6.07375376974243,4.62845712762524
"YML108W",1223.63549415751,169.017642801796,10.2581366877472,7.40954065297282
"YML107C",35.7223709720265,24.4348298054339,5.19858730394294,4.66873353547367
"YML106W",10130.4503756884,770.833723139805,13.3065530986078,9.59214626960062
"YML105C",351.491343713186,38.5285651591442,8.46144401881694,5.30482368284639
"YML104C",16.8061642438811,17.4815914261786,4.15430486330168,4.20801708561333
"YML103C",50.1796848980649,62.4868320690281,5.67749935993962,5.98838548553263
"YML102W",37.4811258975719,14.9508700383154,5.26607910561384,3.99556321265369
"YML101C",820.659733228855,52.8522612984901,9.68239725665542,5.75093502081974
"YML100W-A",98.7928518737194,1.00999214571725,6.64086457442113,1.0071898639132
"YML100W",115975.051899735,692.719692766555,16.8234674058899,9.43820902902503
"YML099C",44.679676032733,13.3942469144418,5.51348051380995,3.8474204061075
"YML098W",755.753754379245,81.5142583586312,9.56368011729151,6.3665715316508
"YML097C",119.153726265859,36.5224739027653,6.90873758049731,5.22968304453147
"YML096W",67.9362166565975,14.2480351470308,6.10719021806977,3.93055144469307
"YML095C",31.6626351325242,2.23702808307826,5.02956928319253,1.69466988180967
"YML094W",75.0052230918666,121.984423606984,6.24802665909903,6.94233179470529
"YML093W",1424.67847454855,89.7613940213358,10.4774329400227,6.50400686269249
"YML092C",4229.56820430115,1073.40219194244,12.0466357282615,10.0693184378584
"YML091C",978.877379543893,34.9192368621567,9.9364574135003,5.16668479388409
"YML088W",90.0385253321676,27.0483847113683,6.50840528353801,4.80984578422412
"YML087C",32.6134168333736,2.46989516027458,5.0709652962067,1.79489207374391
"YML081W",46.6387566733527,74.2147696552775,5.57406385559998,6.23294408147364
"YML080W",219.394517715378,33.4532225318548,7.78394452728086,5.10656702450182
"YML079W",379.951219729,104.015194501216,8.57346246423719,6.71445427429103
"YML078W",5896.1728586789,468.20000004004,12.5258077679018,8.87405920326426
"YML077W",228.034688563273,83.7816856159312,7.8394223087442,6.40568074499787
"YML076C",68.0939548265944,17.7336921587903,6.11048758664118,4.22756335828231
"YML075C",47938.2599185157,613.214536044761,15.5489200165271,9.26259884541567
"YML074C",8045.64000303979,2409.3311655168,12.9741707743646,11.2350156626633
"YML073C",44103.123909556,99462.4751336273,15.4286259393165,16.6018792175921
"YML072C",630.991030728965,385.849903451465,9.30376027347036,8.59563010356069
"YML071C",167.187178327454,75.7368541344897,7.39392391636383,6.26184771703944
"YML070W",4589.01602315495,215.778847271486,12.1642834745726,7.76008017882185
"YML069W",386.02234527701,47.8962594564925,8.59627305456734,5.61165219871565
"YML068W",18.2481973470789,8.95952353207437,4.26665143419066,3.31607672478775
"YML067C",151.078092639348,60.2575461845931,7.24866853273252,5.93681567243113
"YML066C",89.634581435422,0.352248242962218,6.50198970748093,0.435360022933199
"YML065W",28.8241145341624,34.5650889023733,4.89840740041437,5.15238986475074
"YML064C",229.389256769355,16.9630351192081,7.847929634129,4.16695923012688
"YML063W",361983.935735368,173011.068468068,18.4655701341981,17.4005131510951
"YML062C",135.028512370479,32.982165585465,7.08776527025152,5.08670588913575
"YML061C",40.9446776315708,45.9135713789922,5.3904158533073,5.55193342762571
"YML060W",121.465097356683,11.8923051361185,6.93622682842959,3.68843833462422
"YML059C",46.1434265735441,34.2001473144225,5.55898471815508,5.13750956151533
"YML058W-A",13682.3283458296,13.6702098301303,13.7401315749764,3.8748176011218
"YML058W",88559.666084268,12039.810122806,16.4343784525368,13.5556448414839
"YML057W",277.827861397149,123.704439238121,8.12323091701836,6.96236901302432
"YML056C",6424.63203858694,1690.91402734543,12.6496226524454,10.7244405461024
"YML055W",788.275820163108,116.606356131735,9.62438574203387,6.8778222236899
"YML054C",61893.5034947452,263.206563827198,15.9175236769864,8.04552249846135
"YML053C",814.38192910541,224.0302018759,9.67133217323976,7.81397483198368
"YML052W",1834.50750196338,219.900146942818,10.8419632955982,7.78725056814923
"YML051W",1674.14629588901,60.8214591830589,10.7100713809113,5.95003580167681
"YML050W",25.8585741934879,6.18990180963273,4.74731081519322,2.84597206833867
"YML049C",32.3420025738849,31.7353325246012,5.05926885238053,5.0327767287445
"YML048W",1388.15106675085,81.674430421955,10.4399877820386,6.3693692960204
"YML046W",20.0079058349448,13.7800539380093,4.39286044956274,3.88557962932112
"YML043C",172.15782569187,30.9440911120764,7.43594377991874,4.9974771868831
"YML042W",887.648483152306,10.3440962568814,9.79546904426161,3.5038697741797
"YML041C",49.8826428718882,27.2696515071881,5.66910170181356,4.82118219341017
"YML038C",308.218553868505,41.8189554306427,8.27248307686092,5.42017769646289
"YML037C",68.5346249575376,7.3162286906727,6.11965964560531,3.0559294318811
"YML036W",233.126564676766,81.6348471196261,7.87114482586127,6.36867838942504
"YML035C",261.332982471413,55.0377014618243,8.03525539522944,5.80832587582319
"YML034W",164.153626428953,44.2784896954351,7.36766483831809,5.50075393147489
"YML032C",372.935851243987,62.9122277156009,8.5466469865455,5.99802006951851
"YML031W",75.1710776269256,61.6778831089723,6.2511714012021,5.96988454974954
"YML030W",4782.07546996079,148.818021641612,12.2237228397913,7.22706736610252
"YML029W",51.0607438696961,4.16523327763181,5.70212402071803,2.36883350705407
"YML028W",1176519.19368273,1636364.66767866,20.1660946523818,20.6420637430308
"YML027W",759.803094258809,49.4835142653436,9.57137930356358,5.65774043778929
"YML026C",48763.0280434554,48238.7656273989,15.5735296810264,15.5579352774796
"YML025C",451.540009979267,45.3633465254542,8.82190153920135,5.53491279931261
"YML024W",69024.5330730809,60988.960649075,16.0748425041074,15.8962841646219
"YML023C",35.8427607552039,16.5118522953078,5.2033092664852,4.13025978607861
"YML022W",4466.03806690927,1609.28857576484,12.1251028336187,10.6531035379201
"YML021C",57.7480103119189,35.6255164708135,5.8764680859397,5.19477719857591
"YML020W",38.0300641901061,27.7341129452116,5.28651393036911,4.84469260710931
"YML019W",88.086592733125,22.5370691475916,6.47713642166418,4.55686278104616
"YML018C",1581.48445288213,102.072066996964,10.6279756106285,6.6875095984745
"YML017W",69.5456747476519,13.4686444106782,6.14048572680414,3.85485785479394
"YML016C",148.158428254983,20.9715701251753,7.22070168979532,4.45756606573477
"YML015C",126.394774935959,18.178192523404,6.99316229681504,4.26139485276176
"YML014W",197.271604836345,39.968547256631,7.63133426877839,5.3564448306928
"YML013W",77.1907060673509,35.5562647256152,6.28892523045856,5.19204676000064
"YML012W",16294.8176083603,1122.29156382452,13.9922141176299,10.1335167298434
"YML011C",66.082712565201,24.8659772636343,6.06786912197151,4.6929837950996
"YML010W",152.18181658985,89.0413583651568,7.25910124243847,6.49251591636061
"YML009C",6180.0886135699,219.80777643391,12.5936452326767,7.786647171787
"YML008C",346997.600643926,4884.7355537352,18.4045703192342,12.2543600627905
"YML007C-A",329.004642189709,18.2904202882102,8.36634250884268,4.26981267119875
"YML007W",637.275283482764,150.655348354777,9.31803497185128,7.24465256745229
"YML006C",169.119316892235,9.23414238620632,7.4104031567746,3.35531830550398
"YML003W",46.2593000872992,3.58868188192174,5.56252635796849,2.19807979296021
"YML002W",51.9464648895078,8.23441646154061,5.72646245697782,3.20702079773825
"YML001W",1491.16773226792,166.49593253733,10.5431940004898,7.38798225143784
"YMR001C",306.738540792897,48.8429789836986,8.26556132609759,5.63931839191246
"YMR001C-A",180.56316960471,5.7196389112511,7.50432776895895,2.74838370994692
"YMR002W",35277.5889191129,2397.12079768274,15.1065052363601,11.2276886164036
"YMR003W",219.421556707852,28.7731527473532,7.78412151275242,4.8959400948355
"YMR004W",222.051054142373,120.89308198474,7.80123015609908,6.92947243821418
"YMR005W",340.948590483524,92.2439849035431,8.41763563234342,6.54293875612948
"YMR006C",7157.4001767433,380.264429857052,12.8054214817924,8.57464813058811
"YMR009W",10306.0078348734,389.638999738357,13.3313379529617,8.60969217873423
"YMR010W",163.786776402267,67.6229136413573,7.36445666540078,6.10061847707407
"YMR011W",62615.8453516127,2077.71771793844,15.9342632066107,11.0214781435893
"YMR012W",819.790885964188,264.567592510811,9.68087090116892,8.05293529362616
"YMR013C",44.2812707548414,15.5665717900938,5.5008425408218,4.05020318367893
"YMR014W",1572.70268684129,60.9897212383654,10.6199472888269,5.95395711122871
"YMR015C",226417.675678388,2325.87011617894,17.7886334352452,11.1841749676983
"YMR016C",440.754935307747,61.6312887593612,8.78710244250122,5.96881166036382
"YMR017W",3.31812669720307,0.373268489420832,2.11040557377844,0.457613716153637
"YMR018W",1.64322063887137,0.577150648239307,1.40229685680686,0.657320471851559
"YMR019W",30.1208710261497,13.2016643510758,4.95981053463052,3.82798810985236
"YMR020W",525.972305206614,38.5857852082866,9.04158333343803,5.30691056329596
"YMR021C",116.547288044508,38.7321877029123,6.87709744446219,5.31223632705612
"YMR022W",1825.00099773968,556.291480134669,10.8344718382831,9.1222882874552
"YMR023C",53.9422058846768,10.5396001940412,5.77984292949111,3.52852133550283
"YMR024W",507.034708945825,85.3109025780533,8.9887832551057,6.4314709034436
"YMR025W",23.376723428181,3.40457263128176,4.60743231552991,2.13900204351765
"YMR026C",117.98964909739,21.9641782483394,6.89469226880908,4.52131325387592
"YMR027W",3384.72726370246,163.066069013629,11.7252500466872,7.35813309146985
"YMR028W",66.5442008492728,34.9457118662016,6.07776000411052,5.16774776990917
"YMR029C",272.748524847709,35.9599960104356,8.09670738023966,5.20789269591284
"YMR030W",129.642360354069,21.2196452292154,7.02947895161939,4.47376387695471
"YMR031C",3947.22794334067,57.9996798280462,11.9469895680821,5.88263522034924
"YMR044W",93.1912026412947,72.7072486634145,6.55752041482665,6.2037346015418
"YMR047C",83.6425896171461,33.2629600013715,6.40331186187926,5.09857788713922
"YMR048W",162.160379281887,21.5706610971943,7.35014695570413,4.49637677073549
"YMR049C",2217.62610527585,273.148854437656,11.1154508420057,8.0988156349558
"YMR052W",47.3893737728533,33.9416187789105,5.5966183637023,5.12687454201462
"YMR053C",28.3163841283022,10.3929890158112,4.87363526787272,3.51007439088582
"YMR054W",227.255170832074,61.2116509907319,7.83450373278506,5.95911288830553
"YMR055C",36.8049173590185,20.2233515821863,5.24050199568474,4.4075805988867
"YMR056C",110.244581687821,33.3477841053332,6.79759125922476,5.10214512367266
"YMR058W",98692.6704784178,3614.59551067736,16.5906699428308,11.8200175720997
"YMR059W",154.517230458099,24.269506845102,7.28093062170178,4.65932560408227
"YMR060C",93.7398034424006,18.6067509072076,6.56589877363622,4.29327857695373
"YMR061W",74.5999209998436,32.0427758480952,6.24031282175179,5.04626298424955
"YMR062C",8909.37842463887,1082.32601616176,13.1212709891092,10.0812517576364
"YMR063W",23.8081233484402,0.20434686881101,4.63274069919064,0.268250968378112
"YMR064W",91.0038331924055,32.9142991667336,6.52362206488822,5.08382177495655
"YMR065W",6.54899784520476,11.0051689228896,2.91628513454146,3.58558379853903
"YMR066W",25.9656030302554,13.41937551121,4.75304839200419,3.84993677913394
"YMR067C",193.268817373185,39.7587619919367,7.60191053829772,5.34903832658691
"YMR068W",54.0469076333085,9.96175802409582,5.78258961476419,3.45440728819048
"YMR069W",10.6997815526331,5.21153504303478,3.54840968829646,2.63494984256923
"YMR070W",5541.29599156525,83.0702431672359,12.4362680460336,6.39352334088798
"YMR071C",1394.83075281323,153.692470592653,10.4469083072415,7.27325916740849
"YMR072W",5519.15145760631,865.160948813235,12.4304921357488,9.75849131920688
"YMR073C",235.092109226165,32.6402022997755,7.88320601376178,5.07211447634265
"YMR074C",3403.99542275567,121.820104774611,11.7334371435244,6.94040292869568
"YMR075W",33.6924753095694,22.5727140136618,5.11655087553581,4.55904596584878
"YMR076C",110.352986183611,14.7128500599446,6.79899643756832,3.97387298108416
"YMR077C",169.064261677747,21.4449855554993,7.40993618605283,4.48832126269278
"YMR078C",81.9943635572493,26.6808295880843,6.37494145611652,4.79081527574786
"YMR079W",1516.4217058014,573.297053828255,10.5674063645262,9.16565335042211
"YMR080C",177.163285165442,33.1135306131453,7.47705625521444,5.09227217069718
"YMR081C",4987.95624459309,21.6098686091627,12.2845223009747,4.49888070318821
"YMR083W",27722.3428283827,492.900140906452,14.7588136049598,8.94807557008252
"YMR084W",161.345510605162,0.584128156410566,7.34292367962065,0.663689054570887
"YMR085W",315.40468792401,83.3177691573381,8.3056271650425,6.39776479217297
"YMR086W",595.425759992965,43.8906245416847,9.22019875962198,5.48834226280318
"YMR087W",159.991754524308,17.9870674292133,7.33084298984434,4.24694519194717
"YMR088C",635.89861460766,84.4783031665925,9.31491992356861,6.41748636416913
"YMR089C",572.458198417752,158.028025790006,9.16354451623665,7.3131372263868
"YMR090W",34254.597992351,654.527702712461,15.0640521496918,9.35651294004842
"YMR091C",277.466483104477,29.7979585712196,8.12135988154512,4.94476282058725
"YMR092C",1146.39371728646,74.7755374452622,10.1641448081093,6.24366027438611
"YMR093W",742.28626292161,77.2015572636932,9.53777413480434,6.28912543175807
"YMR094W",174.479582670918,1.29168583708136,7.45515937020215,1.19640928128926
"YMR095C",4331.62013853111,2.94387038418113,12.0810240388623,1.97961213813269
"YMR096W",328774.638927288,1488.01161233923,18.3267438789891,10.5401392897566
"YMR097C",1441.6840161992,21.2414769880577,10.4945396328751,4.47518069106899
"YMR098C",81.6834432292716,47.4763342668651,6.36952656379539,5.59920870263043
"YMR099C",1068.63586870164,365.908310771348,10.062904034722,8.51927577294613
"YMR100W",67.3299551609151,15.8708582780781,6.09444627498329,4.07646146519511
"YMR101C",3.99848869920639,0.85579952242673,2.32149195973886,0.892040867996462
"YMR102C",89.3358969375192,46.1825747120397,6.49722748284563,5.56018224222566
"YMR104C",536.631827388905,4.91981275820517,9.07047473685155,2.56555154459056
"YMR108W",10459.097100165,1650.20213320876,13.3526086236081,10.6893010243729
"YMR109W",125.637250291928,56.2213504599591,6.98455802508397,5.83848164146309
"YMR110C",2071.95386389964,83.9936858904841,11.0174722925403,6.40928376351605
"YMR111C",43.1699451345308,31.0133260164408,5.46499313523035,5.00060066799549
"YMR112C",1107.76959426466,182.070161030331,10.1147438848355,7.51625285233728
"YMR113W",71.7986199996037,39.297156512349,6.18583919725366,5.33260613636358
"YMR114C",251.837130316707,42.8764880362109,7.98206453537143,5.45537614898965
"YMR115W",95.7940506204261,53.8416943602261,6.59684647085644,5.7772012394424
"YMR116C",203892.898232628,186276.976577445,17.6374590760726,17.507097590688
"YMR117C",36.1655935531305,0.723810719724173,5.21589574364953,0.785601370304658
"YMR118C",53.5368057156466,5.37745066153408,5.76915829728296,2.67297983261482
"YMR119W",68.6605309108844,33.6997760229834,6.12226956321225,5.11685444554179
"YMR120C",55169.206095775,25.8741852972086,15.7516017494132,4.74814911431531
"YMR122W-A",2424130.72025284,63064.0243167819,21.2090366621089,15.9445524919772
"YMR125W",161.75584321605,48.2113119896571,7.3465655293407,5.62091807458932
"YMR126C",21.9718151241054,13.7380469171816,4.52179295104095,3.88147344634958
"YMR127C",38.3512318879575,18.1075866949423,5.29833689480891,4.25607367105212
"YMR128W",517.259327328936,53.2584096250728,9.01753036612651,5.76177485611484
"YMR129W",41.627283989915,68.2696874838602,5.41370523137363,6.11415225989274
"YMR130W",91.7388658860758,26.8221754284838,6.53510217882927,4.79816332415582
"YMR131C",5831.54519768154,201.787207121313,12.5099098666775,7.66382283223045
"YMR133W",16.3604192552187,4.51573640448818,4.1177298842666,2.46355351250373
"YMR134W",7208.39947246935,326.895510930866,12.8156633757269,8.35709234035562
"YMR135C",1042.8382219559,60.4018307728563,10.0276824194939,5.94020976689233
"YMR136W",1415.31702598983,98.8848642006955,10.4679285166302,6.64219417433678
"YMR137C",21.9715556121314,8.81831444224534,4.52177665286205,3.2954753713285
"YMR138W",35.6762336516468,13.4139696217137,5.1967735884801,3.84939580478474
"YMR139W",883.496610934121,54.5908942744508,9.78871280482398,5.79677668537337
"YMR140W",299.053660206052,29.0373657949529,8.22907671846406,4.90868639238687
"YMR142C",52471.7109488788,203656.686827927,15.6792797068176,17.6357867426905
"YMR143W",33407.507051665,45076.7255880157,15.0279278929831,15.4601271052267
"YMR144W",183.755241593911,9.70765537141432,7.52947148466995,3.42057070622257
"YMR145C",20514.3475961974,1018.06574862398,14.324415977897,9.9930314197318
"YMR146C",9229.73243920901,1484.87397509007,13.1722294118929,10.5370960430536
"YMR147W",62.9836144191935,0.881333458432369,5.99963058714339,0.911755583145852
"YMR148W",420.159461190974,46.5100697660585,8.71822276585012,5.57016142016007
"YMR149W",783.458947190567,193.073496176907,9.61555413890015,7.60045929832114
"YMR150C",376.854436848968,11.1898208490869,8.5616867531064,3.6076050180536
"YMR152W",5266.93930517536,187.074658365117,12.3630230082696,7.55516165950786
"YMR153W",75.9162083072287,78.6087151016113,6.26521573963502,6.3148544722094
"YMR154C",7.12703498327252,7.98818588519717,3.02272910443521,3.16802996128674
"YMR155W",33.3483682763786,12.8691506430125,5.10216966014642,3.79380753354858
"YMR156C",35.0104540047791,17.5907951816173,5.17034388342734,4.21651657466821
"YMR157C",283.679096677887,45.6103048310172,8.15319275301188,5.54257704300899
"YMR158W",740.060606331935,113.596273653533,9.53344772539492,6.84041632227291
"YMR158C-A",181.276263409054,4.19711012804231,7.50998289107677,2.3777096303926
"YMR160W",36.0223455770313,24.5504303434821,5.21032439596166,4.67527568543104
"YMR161W",517.971880599191,163.083664906369,9.01951256107634,7.35828781051787
"YMR162C",25.2189708714246,14.2679786937405,4.71253915390888,3.9324371732933
"YMR163C",14.9598882523781,37.7570764536468,3.99637864505011,5.27638784353249
"YMR164C",52.3587741376318,6.31050802482514,5.73765361737173,2.86997166601751
"YMR166C",99.8382650178505,8.47130695784331,6.65589939087362,3.24356351877698
"YMR167W",32.4161283756394,7.39644907745049,5.0624726859517,3.06977933009895
"YMR168C",17.6710579832024,0.805301347494047,4.22273177413192,0.852239677139031
"YMR171C",374.481196601786,50.285059207156,8.55259685184558,5.68046668393157
"YMR172W",13.8303589528749,6.81988644135774,3.89048161198304,2.96714765718997
"YMR174C",85590.1054448998,82.317441953973,16.38517326032,6.38054664073532
"YMR175W",524443.314815153,129.352270453033,19.0004300708715,7.02627190147676
"YMR175W-A",178900.058185376,0.311354272247189,17.448802395277,0.391057493163212
"YMR183C",486.602891170579,137.465008011493,8.92956287000908,7.11337762347451
"YMR184W",5010.89430463213,1181.11190008343,12.2911402747826,10.2071508938275
"YMR185W",26.9011800639559,18.5418051089536,4.80225423616814,4.288491832483
"YMR187C",31.7176716231985,24.8293497564594,5.0319981763825,4.69093941953029
"YMR188C",1410.02690607173,59.8862346325641,10.462529782793,5.92804419047238
"YMR189W",4111.32478167163,43.6025109647569,12.0057384943309,5.47905302598434
"YMR190C",15.283021058879,47.0054212967127,4.02529648873694,5.58512543480936
"YMR191W",2342.93258111617,221.560875566965,11.1947153585655,7.79805619042187
"YMR192W",47.2658026439081,23.9577085596026,5.59292946552497,4.64141357710623
"YMR193W",953.427999348979,45.644930391682,9.89849255670707,5.54364838504862
"YMR194W",8753.87812535819,12650.5611889926,13.0958713800353,13.6270278024647
"YMR194C-B",2024.04409777906,149.260036455513,10.983737609427,7.23131754717384
"YMR195W",69173.4708606857,507.473438770653,16.0779520827564,8.99002860347461
"YMR196W",6202.78718445743,106.888333236231,12.5989334814819,6.75339505374559
"YMR197C",811.189923021499,187.071858927541,9.66567331738528,7.55514018524439
"YMR198W",33.6675771754617,2.93682741575348,5.11551510884127,1.97703346842937
"YMR199W",2381.39758124829,52.7604051527244,11.2181984789857,5.74847210557888
"YMR200W",1301.66825347743,102.287748098832,10.347254008629,6.69052532291906
"YMR201C",200.187571674721,27.7863046326974,7.6523973754497,4.84731069343573
"YMR202W",300671.818960733,7727.2450497613,18.1978349275732,12.9159251250147
"YMR203W",1195.32011217809,241.990022820663,10.2243877632104,7.92475326771007
"YMR204C",27.6230895904759,2.38855304827699,4.83910750057478,1.76066935722375
"YMR205C",1734.79922279133,429.672381399456,10.761384367793,8.75044699769248
"YMR206W",64.7475382009644,0.934160600336718,6.0388649711668,0.951707591965607
"YMR207C",23.5362886208819,28.3640542884149,4.61684513715702,4.87597926940295
"YMR208W",5903.83727323204,337.706076414906,12.527681586734,8.40389005890681
"YMR209C",40.9804645455764,28.9177748509254,5.39164622611703,4.90293097295674
"YMR210W",314.528581193517,13.7738881096604,8.30162688302872,3.88497765141261
"YMR211W",41.5578077946643,12.4893325178642,5.41135193263385,3.75374705718453
"YMR212C",112.926338404132,31.1595633685153,6.83195750918522,5.00717591401757
"YMR213W",68.6743872360363,36.576749902956,6.12255650423053,5.23176838512434
"YMR214W",1682.144285875,401.232880318467,10.716943140233,8.65188720859729
"YMR217W",28349.7498234966,1489.38799420812,14.7910992717658,10.5414722424989
"YMR218C",27.3151619236835,28.1062710736588,4.8235028749628,4.86325811648017
"YMR219W",85.3441287458702,41.5267933400317,6.43202617516388,5.41030017000514
"YMR220W",9990.44061432124,92.6415765208462,13.2864769924391,6.54907731831273
"YMR221C",101.571182027931,21.6524156344334,6.68048164405993,4.50159300114082
"YMR222C",144.591914338802,61.7265279153533,7.18578642534411,5.9710038026351
"YMR223W",26.1844894305596,12.9985738712692,4.76471182709117,3.80720795251131
"YMR224C",16.1369477239726,6.66256042451622,4.09903826760377,2.93782654548286
"YMR225C",332.694737811964,217.660873153277,8.38238512594302,7.77255127958094
"YMR226C",10740.477790096,2263.67210589349,13.3909048695002,11.1450864671873
"YMR227C",107.368611642663,17.5635189516978,6.75980313848734,4.21439831251608
"YMR228W",26.8412562744609,12.4260071092667,4.79915240593189,3.74695840634193
"YMR229C",1275.85834020672,876.723173587511,10.3183827601978,9.777622187547
"YMR230W",31396.9351549234,34973.0964400808,14.9383820647905,15.0939991652239
"YMR230W-A",69.0390032078489,2.05244315407091,6.13008664642973,1.60996442802066
"YMR231W",12.108755176029,25.8770319011556,3.71245878680572,4.74830192132567
"YMR232W",13.3562456153983,3.26140999472915,3.84360660587103,2.09133086139816
"YMR233W",68.1468869550839,24.9215565307527,6.11159239650812,4.69608044628023
"YMR234W",56.8652404341691,20.4856101326105,5.85462507847348,4.42529884117739
"YMR235C",964.412400522677,329.139883483731,9.91500154779576,8.36693362772454
"YMR236W",776.15533873459,336.693844984308,9.602059184834,8.39957207391272
"YMR237W",202.419440838972,96.7590866404148,7.6683137542292,6.61115890105976
"YMR238W",667.228896041729,148.960508485579,9.38419855986864,7.22843881240707
"YMR239C",382.431835530258,26.8113581488508,8.58282631565633,4.7976022943281
"YMR240C",44.0825201717413,24.896254743838,5.49449626118826,4.6946715575406
"YMR241W",17654.683063604,304.950453099446,14.1078450167564,8.2571542255182
"YMR242C",46042.336789004,77623.7864524132,15.4907047698074,16.2442297740005
"YMR243C",4070.61774553497,406.942289500426,11.9913864083283,8.67222126221548
"YMR244W",115.162263071322,1.68940836783357,6.85999765505617,1.42728883498651
"YMR244C-A",133.505219870606,120.484843639017,7.07151835166674,6.92463252524557
"YMR246W",22066.2258052608,1290.03716109001,14.4296176512803,10.3343148123008
"YMR247C",27.8135216038937,34.0348794063926,4.84867409311454,5.1307200252248
"YMR247W-A",161.933721732044,0.0140457137114076,7.34814141328689,0.0201226912546405
"YMR250W",30145.8659379801,558.354649118374,14.8797204071888,9.12761947872596
"YMR251W",336.158622231946,0.363802381741757,8.39728368227154,0.447634609511494
"YMR251W-A",114040296.744155,1262133.89119045,26.7649684701785,20.2674346765161
"YMR252C",297.018086924796,5.60477437541341,8.21925608128385,2.72350927865122
"YMR253C",48.9770491064626,3.91931958977797,5.64319381493634,2.29845878460189
"YMR255W",1979.67687067253,105.288561261322,10.9517778215768,6.73184253264999
"YMR256C",343865.050776625,753.015250575414,18.3914871628694,9.55844989325144
"YMR257C",20.1878906636197,11.2114664930705,4.40516806388069,3.6101645609978
"YMR258C",344.504346283849,74.8265484194999,8.43256004893447,6.24463114865768
"YMR259C",44.0137490894457,25.9687719873864,5.49229382329672,4.75321792539515
"YMR260C",29858.9472565649,1243.4346944898,14.8659239967044,10.2812748071403
"YMR261C",1355.07412531933,116.371118159767,10.4052203254577,6.87493363387943
"YMR262W",645.349693696043,20.0477171631344,9.33617110525375,4.3955918618597
"YMR263W",136.114858298651,59.2789828618195,7.09924110540166,5.91358316821677
"YMR264W",1138.4511049788,65.5673051313716,10.1541233030625,6.05674185917315
"YMR265C",66.8932971931725,12.4134771340092,6.08519724544724,3.74561136596545
"YMR267W",358.803299196786,26.7359818516929,8.4910646051385,4.79368689255166
"YMR268C",50.4557072434224,5.11151278601214,5.68525919834551,2.61152953532044
"YMR269W",1203.02606382251,74.9933994179687,10.2336509074412,6.24780221027903
"YMR270C",45.2146840118863,24.089120193221,5.53027941374164,4.64898997515489
"YMR271C",7183.04305293264,91.4332716229614,12.8105802806301,6.53034034225811
"YMR272C",14529.2422857181,130.11424795269,13.8267711390577,7.03468065896358
"YMR272W-B",63.0504317096445,0.0280559680655661,6.0011363894709,0.0399188079682679
"YMR273C",45.117372831932,80.1259423763504,5.52723842421921,6.34209142675157
"YMR274C",14.3948590857574,6.69796018730433,3.94437675686513,2.94447620976565
"YMR275C",59.6708728852333,42.4175746454752,5.92293216277935,5.44020723252458
"YMR276W",3144.18559472312,346.288823799554,11.6189294364841,8.43999217346219
"YMR277W",180.466724384561,73.5407697144344,7.50356121476381,6.2199578114248
"YMR278W",302.347984678909,13.933480901717,8.24482991649614,3.90047858281895
"YMR279C",54.3945888160944,0.376625483207317,5.79167314933025,0.461136121557002
"YMR280C",54.1971748814388,14.9721849305565,5.78652252332486,3.99748977600629
"YMR281W",171.102261604819,24.4196663643411,7.42712224580838,4.66787318983805
"YMR282C",57.3573315169765,14.9757330543199,5.86684201009583,3.99781022634558
"YMR283C",21.1248569884405,15.8580519537507,4.46759622476166,4.07536592897055
"YMR284W",43.3282844643865,17.7074437297597,5.47015562516375,4.22554053051821
"YMR285C",97.4791064936083,32.1143460882894,6.62174576711704,5.04938446438236
"YMR286W",3667.82966793369,237.577064553866,11.8411042110715,7.89831154695357
"YMR287C",15.967987010158,10.9036779853677,4.08474351641374,3.57333549963171
"YMR288W",10.3300029483304,16.6699844712011,3.50207633146866,4.14322886690303
"YMR289W",92.8826297827321,39.5001374796336,6.55278634920444,5.33985490018954
"YMR290C",2617.39233590349,463.226818407626,11.354465569361,8.85868605943274
"YMR291W",562.637873447238,29.1756571622567,9.13862474606159,4.91531328506915
"YMR292W",368.816827894516,174.163839611737,8.53066706342869,7.45256116906763
"YMR293C",36.1701817114239,7.97352030700364,5.21607383591268,3.16567406464675
"YMR294W",22.6594336089657,7.48245183314979,4.564343631823,3.08448133274371
"YMR295C",2177.18087495949,481.952984104121,11.0889080443057,8.91573893804622
"YMR296C",1572.07987249181,137.462311037966,10.6193762095304,7.1133495228859
"YMR297W",26718.2670730048,2035.49924297954,14.7055928138343,10.9918755627157
"YMR298W",2069.37165971835,207.785664184135,11.0156740589098,7.70587884554991
"YMR299C",70.2870848192155,9.41215963557726,6.1555688201537,3.38019743080562
"YMR300C",12281.6621106574,30.0958892969259,13.5843356599328,4.95865197161265
"YMR301C",113.260186163641,14.5971184425682,6.8361789753881,3.96320761162783
"YMR302C",814.845892823855,44.4981967105067,9.67215285342288,5.50773746111375
"YMR304W",136.920329971728,27.0392839987571,7.10769132093854,4.80937760455576
"YMR305C",47428.1330794394,1228.25090524417,15.5334858782974,10.2635637022496
"YMR306W",2.16840844434708,2.44441927944875,1.66375832741599,1.78426076862443
"YMR308C",673.709313905728,81.4630157176627,9.39812226717832,6.36567531722613
"YMR309C",1782.37584528097,149.057065249379,10.8003950666949,7.22936743780307
"YMR310C",676.51045585593,54.9437250967309,9.40409940117865,5.80590441591013
"YMR311C",6259.83810522771,164.641761247951,12.6121400806893,7.37192263767107
"YMR312W",239.566370277761,35.9599929687903,7.91029116635121,5.20789257718537
"YMR313C",89.3482333283975,34.0108441432672,6.49742448575832,5.12972994176157
"YMR314W",6117.97532453233,853.383947700497,12.5790743660138,9.7387407314743
"YMR315W",22034.9472523207,1727.37251787619,14.4275712941749,10.7551984811982
"YMR315W-A",446.328965208092,1.10922678625096,8.80519236776653,1.07671422353816
"YMR316W",5648.45414500584,1150.24103859635,12.4638957645197,10.1689742109045
"YMR316C-A",21.0113111100053,0.0284212523799405,4.46017317721664,0.0404313289620971
"YMR317W",1202.98533174786,8.16389383495347,10.2336021003946,3.19596074490695
"YMR318C",12313.1978306733,986.476666436947,13.5880350306585,9.94760284821672
"YMR319C",30506.4276697571,38.2001260284387,14.8968729191993,5.29278638750109
"YNL330C",282.921110246339,83.4407318567242,8.14934631081819,6.39986717761662
"YNL329C",29.4238437472885,15.0054978766363,4.92713052950259,4.00049564980787
"YNL328C",17.2733492041477,7.10862185711559,4.19166917534349,3.01945673455892
"YNL327W",908.155897119314,458.630318790614,9.8283838909229,8.84433015600546
"YNL326C",32.9093603325635,15.4257122327332,5.0836116644544,4.03788402326477
"YNL325C",10.2659840735151,17.8460637293147,3.49390143207124,4.23619132229592
"YNL323W",127.226759395156,46.0134221761548,7.00255355639705,5.55500079513549
"YNL322C",4777.51058670271,334.177511031613,12.2223452995171,8.38878154343134
"YNL321W",100.492417890654,14.6602046779889,6.66522814299665,3.96903116358208
"YNL320W",144.610919073148,72.0985092339536,7.18597473419889,6.19177007914014
"YNL317W",66.5753606771687,35.905306199161,6.07842540191776,5.20575635499037
"YNL316C",80.8397311206867,35.908126077671,6.35472950009415,5.20586658492058
"YNL315C",492.47263130785,31.8357633880421,8.94682626276165,5.03719609126763
"YNL314W",76.6360108213572,21.7441314978437,6.27865408470476,4.50742244014887
"YNL313C",469.14378272497,66.2344560634728,8.8769582293341,6.07112886438293
"YNL312W",533.381520312995,345.487760639841,9.06172630796511,8.43666058116731
"YNL311C",59.4284025665865,24.3484429758162,5.9171548995805,4.66382522751808
"YNL310C",651.944091453815,122.282577073377,9.35081565561159,6.94582511485266
"YNL309W",141.899085589435,14.4524686819695,7.15885287443932,3.94976543597645
"YNL308C",5644.54812592855,449.574523600471,12.4628979436354,8.81562193274369
"YNL307C",885.32334510471,119.492055552401,9.79168930308939,6.91279421761594
"YNL306W",2809.34965991196,199.881003206963,11.4565339244457,7.65019732838575
"YNL305C",1849.88320061413,182.092156099497,10.853998141939,7.51642617534604
"YNL304W",27.6274287075127,25.4325858400177,4.83932618934229,4.72424566235974
"YNL302C",62010.7062224553,21085.2505062723,15.9202529646445,14.3640149617878
"YNL301C",6556.62543549714,1761.8354411743,12.6789577835593,10.783682091548
"YNL300W",89602.4615135851,7652.81880128515,16.4512668463415,12.9019640312941
"YNL299W",112.161504230764,12.9482760280527,6.82223944917402,3.8020149144704
"YNL298W",227.939136093977,58.9911183017535,7.83882029584226,5.90667702010027
"YNL297C",35.938448714304,48.5882971421058,5.20705137433238,5.63192777906471
"YNL295W",69.1319248113627,24.1632551907569,6.13199941904403,4.65324666033942
"YNL294C",198.069500649956,45.23624665641,7.63712839309535,5.53095238308142
"YNL293W",143.575193630647,12.5401918372805,7.17567622410976,3.75917627403163
"YNL292W",191.447085478152,63.8681649206115,7.58831801214169,6.01943872134999
"YNL291C",33.1570583868441,8.38909076876187,5.09411182999074,3.2309854553327
"YNL290W",299.885764378795,66.7173818506733,8.23307204072663,6.08145429044715
"YNL289W",8129.4826198193,115.214692170152,12.989125276883,6.86064865938734
"YNL288W",216.276893670174,37.0377571739889,7.76339094892385,5.24936027774841
"YNL287W",759.908032399522,234.326090482929,9.57157828184901,7.8785174700635
"YNL286W",98.2363019296672,21.7771469212627,6.63279606865925,4.50951514042642
"YNL284C",1155.79241811559,45.3131117901361,10.1759142863386,5.53334879024409
"YNL283C",517.120693033542,134.393000542019,9.01714439378485,7.08100934711942
"YNL282W",112.584775781176,22.4898809108596,6.82762566742641,4.55396749407196
"YNL281W",116168.741972523,1559.43427537175,16.8258748220887,10.607731877682
"YNL280C",6424.16250243574,464.132949180493,12.6495172274501,8.86149933117582
"YNL279W",45.0265644497329,41.2824066155498,5.52439485471377,5.40198558876755
"YNL278W",61.6020248715317,41.675153562128,5.96813741697932,5.41532443953866
"YNL277W-A",16.4013859021879,0.102569493616044,4.12113030639762,0.140869589964746
"YNL277W",1953.07402575893,315.226096326274,10.9322694063043,8.30481261973217
"YNL275W",57.4651891372906,23.8825513812431,5.869505977579,4.63706251750813
"YNL274C",23550.3336994889,153.358607199345,14.523521140753,7.27014212117348
"YNL273W",27.2641736513856,14.1138635209393,4.8209026129854,3.91780059523256
"YNL272C",105.783838407171,27.1983506505245,6.73854950333408,4.81753887531648
"YNL271C",88.8817106951726,82.8596967529515,6.48995567810518,6.38990570811717
"YNL262W",46.7877950590928,43.877086296593,5.57857029769462,5.48790710501601
"YNL261W",78.4867208510266,18.9086678604895,6.31264195701339,4.31532478478743
"YNL259C",12661.2021706619,113.305455097689,13.6282407151534,6.83675044594816
"YNL258C",102.434309698473,70.055916468682,6.6925710042621,6.15088287531469
"YNL255C",40970.5170588632,2312.65814830254,15.3223336922549,11.1759600012328
"YNL253W",61.9816670554827,27.4464428169659,5.97686003941765,4.83017635194719
"YNL252C",709.405997095796,44.325685619659,9.47249995043775,5.50225693796989
"YNL251C",1838.32337646466,93.8529914317851,10.8449594308656,6.56762136832113
"YNL250W",12.3498383492483,21.5795380365183,3.73875036757549,4.49694406464567
"YNL249C",9.68913898386882,12.041643570943,3.41807374273243,3.70505379131442
"YNL248C",3307.56400039117,417.027515507562,11.6919894717743,8.70745409662591
"YNL247W",795.955477129849,104.699280055356,9.63835531835915,6.72382173996642
"YNL246W",565.755171356378,58.0694345936689,9.14658183966873,5.88433989759094
"YNL245C",319.670726278761,72.5844941498691,8.32494884732694,6.20132988603558
"YNL244C",51942.4799789162,6342.08990248026,15.6646550508654,12.6309700747192
"YNL243W",355.237169845407,93.4686939114236,8.47669424510795,6.56176440706154
"YNL242W",17.0858986196231,15.8550993148862,4.17679337670001,4.07511322299095
"YNL241C",14505.9593990004,3940.71834418969,13.8244575474955,11.9446089768329
"YNL240C",606.379937472342,103.964303460323,9.24645544502494,6.71375496550639
"YNL239W",5334.81862314281,333.579170404903,12.3814939114657,8.38620382137648
"YNL238W",60.5175467856598,22.0112216881836,5.9429260671284,4.52426567456827
"YNL237W",539.687908009755,7.93693109946758,9.07865228200113,3.15977950169031
"YNL236W",24.1655908375604,55.7113581486053,4.65338056470358,5.82556580190017
"YNL234W",127.954923458222,31.0103283930249,7.01072304559408,5.0004655724131
"YNL233W",77.7375968408582,40.2278483389016,6.29898077539696,5.36554726453444
"YNL232W",690.89352461898,52.3320469817505,9.43440622861477,5.73693079725189
"YNL231C",23439.2408005913,76.4897103876766,14.5166997701302,6.27593284710362
"YNL230C",57.4763852664541,26.9132272489105,5.86978222835043,4.80287702928186
"YNL229C",945.79752301246,120.95217571741,9.88691212151021,6.9301716868897
"YNL227C",42.5830071194004,29.3857946675253,5.4456938371552,4.92532511748964
"YNL225C",55.995014025717,17.1815123112083,5.83276381144547,4.18440030064262
"YNL224C",35.1056830465487,26.1466798277197,5.17415403055338,4.76270385501675
"YNL223W",61.4379033952464,16.4103514887696,5.96435018870439,4.12187342400999
"YNL222W",273.365344626124,43.8702069760733,8.09995445447243,5.48768593374151
"YNL221C",430.85591270736,60.5628025741827,8.75440623203169,5.94398700504344
"YNL219C",241.738957188178,67.3264846339052,7.92326185504956,6.09437299761539
"YNL218W",34.4794852820956,12.4032759263,5.14891317480947,3.74451375116847
"YNL217W",2551.03186007417,264.927587478929,11.3174306247696,8.05488964073682
"YNL216W",154.847165952394,35.1819201278527,7.28398810987369,5.1771970668439
"YNL215W",512.088789196829,79.872356554323,9.00306469328723,6.33757474590847
"YNL214W",34.7314445921613,29.9906476416671,5.15912233693306,4.95376099952618
"YNL213C",239.930322608234,116.295666076286,7.91247216709348,6.87400589840322
"YNL212W",99.9440201831455,70.7978926912001,6.65741163924901,6.16586959564083
"YNL211C",112.437764991991,23.1102211804625,6.82575720304011,4.59157298077151
"YNL210W",16.1683011035538,0.000542660897423889,4.10167537879681,0.000782681839385053
"YNL208W",384328.754175261,64110.2285040222,18.5519851462302,15.9682894335605
"YNL207W",384.741977433404,43.1403638645351,8.59149234206678,5.46402661719625
"YNL206C",151.23508987431,23.5693002582277,7.25015712517888,4.61878486474209
"YNL204C",11.36393336742,2.14288134664057,3.62806587914343,1.65208780702547
"YNL202W",6.69801602194868,4.54168061219477,2.9444866738458,2.47032356529773
"YNL201C",137.640342316018,23.1459376194903,7.11520331153931,4.59370858128983
"YNL200C",6195.71604761632,113.441892723523,12.5972881458098,6.838471453089
"YNL199C",206.442049942161,56.4050303672499,7.69656455786018,5.84310525980052
"YNL197C",300.956402327751,78.0788023155632,8.2381964522851,6.30521911584722
"YNL196C",10.2407105367611,0.752710191039363,3.49066132755141,0.809587467566293
"YNL195C",3712.20798007862,85.2489098031778,11.8584504087491,6.43043431593812
"YNL194C",3745.82816972356,4.36328751633488,11.871454101568,2.42311759575793
"YNL193W",65.8750146519915,44.8899465709323,6.06339539737603,5.52010622192746
"YNL192W",2556.40487761091,916.918204936735,11.3204648647495,9.84222179157321
"YNL191W",2632.78120935861,16.1735010377528,11.3629197892225,4.10211227603991
"YNL190W",38931.0691942324,2798.77922747905,15.2486714038372,11.4510973546971
"YNL189W",724.64264891502,83.237170162649,9.50311544107942,6.39638506661558
"YNL188W",39.2825429630766,12.2534472967474,5.33208285579953,3.72829575653009
"YNL187W",15.6127015785493,2.10207892891266,4.0542148001591,1.63323539459522
"YNL186W",945.974230560309,310.172572939375,9.88718135681085,8.28157109512415
"YNL185C",744.561156873095,126.22143596868,9.54218288849235,6.99119796542992
"YNL183C",141.783351350669,39.23449847245,7.15768395958932,5.33036114433672
"YNL182C",738.056205750474,57.9308601714119,9.52954027630313,5.8809514192132
"YNL181W",102.767907956133,21.7002070373234,6.69721652372876,4.50463355056909
"YNL180C",6655.38545993471,120.790032733802,12.7005232645706,6.9282522580443
"YNL178W",382725.313036063,239093.883024825,18.5459535664065,17.8672237290631
"YNL177C",631.704531185117,129.03922272595,9.30538811768832,7.02280302762458
"YNL176C",181.921882277999,13.7002326139453,7.5150838595339,3.87776707908711
"YNL175C",746.160479526472,100.853570554135,9.54527433660622,6.67035274573343
"YNL173C",2933.80262460233,19.7771722746749,11.5190477651414,4.37692741501499
"YNL172W",10.6599566953696,5.89819742116575,3.54349052532187,2.78621941822485
"YNL169C",640.45162293836,268.03577021669,9.32519665387582,8.07165419186301
"YNL168C",300.644716168485,71.4194839391129,8.23670650104918,6.1783059911003
"YNL167C",143.446262197262,93.8328045019121,7.17438906187218,6.56731429647545
"YNL166C",155.478870690526,19.1702671853106,7.28982405327147,4.33415828961511
"YNL165W",82.0513731793655,37.4853934010786,6.37593211693032,5.26623908962269
"YNL164C",88.9394902479298,17.9394734816015,6.49088280212236,4.24332431925011
"YNL163C",148.323878517907,25.0776478545958,7.2223010763778,4.70474184246458
"YNL162W-A",438.096130136338,31.6742218456621,8.77839300946415,5.0300809727513
"YNL162W",31056.8515943657,16966.0409439619,14.9226704152838,14.050447360004
"YNL161W",96.5020460448584,20.3715626300793,6.60736058849627,4.41762049264861
"YNL160W",233918.495525222,5315.65465868172,17.8356525795024,12.3763030444084
"YNL159C",268.238268784985,61.2001953523589,8.07273967499198,5.95884720632743
"YNL158W",100.475716581135,2.87927394305577,6.66499071758466,1.95578665839915
"YNL157W",14825.0425967426,1886.73983687453,13.8558459410669,10.8824442347889
"YNL156C",6192.73205794657,153.687754515855,12.5965932577565,7.27321518359791
"YNL155W",2689.12240439296,111.499114135614,11.3934561036124,6.81376983088647
"YNL154C",677.994634365883,142.506060876086,9.40725636364927,7.16496785915807
"YNL153C",1935.2323111803,218.635522947785,10.9190363437213,7.77896759856228
"YNL152W",33.1868431693839,8.25401091596477,5.09536930460972,3.21007880069691
"YNL151C",550.0335209504,116.465788915037,9.1059962745202,6.87609683295445
"YNL148C",149.281491217327,22.370678459202,7.23152352655222,4.54662771157201
"YNL147W",340.169628431327,148.866059998815,8.41434541069299,7.22752988449804
"YNL146C-A",28.7926073706342,0.0825630571064409,4.89688248487543,0.114451061464916
"YNL146W",82.8104406809555,6.8892616477041,6.3890580736614,2.97989028540467
"YNL145W",34994.5012797721,863.144998083485,15.0948818530781,9.75512959760882
"YNL144C",288.115836073627,7.8965754226269,8.17550382314581,3.15325010331802
"YNL143C",14.9203880749203,5.67506698586545,3.99280359829023,2.73878231465652
"YNL141W",3310.09939471046,152.984420625563,11.6930946037943,7.26664058340125
"YNL139C",28.1634462304406,16.0098555578352,4.86608930720632,4.0882989850433
"YNL138W-A",376.577072581603,51.3448097514638,8.56062735310512,5.7099745887379
"YNL138W",2376.98751618081,223.720880856805,11.2155254259898,7.81199037441243
"YNL137C",583.544117218563,105.735487091496,9.19116810296714,6.73789610857112
"YNL136W",881.462211699421,63.7697768193683,9.78539069120548,6.01724886780721
"YNL135C",96144.6416956226,7275.04374650166,16.5529338408939,12.8289385017404
"YNL134C",71274.5991136483,4316.85148817278,16.1211206404704,12.0760979076054
"YNL133C",683.825319386519,22.2520607473207,9.41959223187316,4.53928667769692
"YNL132W",776.742645289472,128.522568492259,9.60314903677697,7.01705969011943
"YNL131W",5644.07700285043,312.039614582569,12.4627775451772,8.29020142886694
"YNL130C",1143.26062353992,245.940390900467,10.1601999709264,7.94801902052808
"YNL130C-A",98.0738493610979,1.92698362009967,6.63043240178738,1.54941467220136
"YNL129W",257.848978476573,32.3847672381589,8.01596681452295,5.06111807654331
"YNL128W",2.7264791449766,4.82748047673162,1.89781318572322,2.54287226603459
"YNL127W",36.9536349843171,10.5662811879384,5.24616616030969,3.53185317591641
"YNL126W",25.5507535132223,20.4506706161153,4.73068090033725,4.42295084654786
"YNL125C",392.374970156603,32.4449458916882,8.61976135384835,5.06371630611559
"YNL124W",879.553860704348,39.6108627295824,9.78226744163875,5.34379377081913
"YNL123W",252.4017693115,46.2469788863787,7.98528278752896,5.56215017691979
"YNL122C",550.310289118205,72.7029377444166,9.10672071650992,6.20365022010775
"YNL121C",955.996552588807,112.002374547361,9.9023699174411,6.82020927844801
"YNL119W",99.9302906078192,22.2742231108307,6.65721540239065,4.54066110658731
"YNL118C",186.50044617483,56.7808593290308,7.55075021841497,5.85251975501198
"YNL117W",647.560228475618,37.1009130654712,9.34109674619217,5.25175366633938
"YNL116W",1104.92856689602,33.4247623044375,10.1110424880348,5.10537478778375
"YNL115C",537.289074773013,64.7753127201311,9.07223733419069,6.03947429739992
"YNL113W",766.830459926634,392.63977757983,9.58464398298049,8.62073220317944
"YNL112W",15857.7889748232,1052.58939556898,13.952994986233,10.041097014643
"YNL111C",1211926.00522859,12445.3739934434,20.2088713767439,13.6034378821954
"YNL110C",12440.0713506555,417.518016396163,13.6028231066358,8.70914591913561
"YNL108C",67.7835072066781,30.6222385542408,6.10399077429789,4.98286759530941
"YNL107W",182.5343142523,48.3807620005703,7.51990600964712,5.62587719394323
"YNL106C",7.76727501170615,15.8011600254441,3.13212850310448,4.07048894129491
"YNL104C",18630.0569222916,3109.48887724597,14.1854218988798,11.6029256320113
"YNL103W",353.232610276966,89.9185734049599,8.46855322094773,6.50650314202446
"YNL102W",143.0808017333,41.6268430197804,7.17073430398718,5.41369030692484
"YNL101W",194.099526342108,31.9765857020127,7.60806646518593,5.04337012902458
"YNL100W",4742.71094415346,106.248755553157,12.2118003872649,6.74481709747433
"YNL099C",502.396676889587,70.1557409803199,8.97555188253357,6.15290825571087
"YNL098C",14560.5613627891,434.587638634805,13.8298774362937,8.76681920275216
"YNL097C-B",138.716786712748,11.9935693235287,7.12636155806895,3.69972588733713
"YNL097C",96.8857207650159,40.6407125214696,6.61302651463464,5.3799228499415
"YNL096C",22695.7896110654,37722.5818253071,14.4702006268567,15.2031790448593
"YNL095C",36.0612140072966,13.3624413488365,5.21183823511979,3.8442290963112
"YNL094W",214.403808670795,81.3583142090238,7.75089994895067,6.36384239465874
"YNL093W",381.666697040593,7.50392454708691,8.57994454046754,3.08812879630147
"YNL092W",125.507583398777,33.6864475497207,6.98308005851953,5.11630018789452
"YNL091W",315.282861723891,104.132014461168,8.30507157308552,6.71605825080913
"YNL090W",32.3612366701421,53.2605139497657,5.06010086403003,5.76183080762448
"YNL088W",127.184475980306,86.0916543751174,7.00207774204064,6.44446257297105
"YNL087W",120.287970886089,95.1550341229967,6.92229266353453,6.58729048562115
"YNL086W",301.605084221495,24.0738586181431,8.24129241698409,4.64811212460127
"YNL085W",297.054739891691,58.6201220895309,8.21943350609257,5.89772742455694
"YNL084C",584.143145062516,126.9115043386,9.1926457878206,6.99900221557244
"YNL083W",76.0512811437764,29.527340149673,6.26774703974432,4.93202998773877
"YNL082W",44.5762605736452,27.8332132635943,5.51021065456803,4.84965971913368
"YNL081C",2196.22684382018,390.739106197149,11.101468107341,8.61374934538164
"YNL080C",144.387009624741,40.3999132480659,7.18375455953289,5.37155583950288
"YNL079C",96059.4268794367,2912.46169010306,16.551654599279,11.5085186250842
"YNL078W",87.3627437402404,30.8289922734989,6.46536631121502,4.99226957592528
"YNL077W",812.570655447412,15.7414669224655,9.66812383356702,4.06535404028131
"YNL076W",105.756907833136,82.2424874960987,6.73818561394531,6.37924817198206
"YNL075W",2266.98349448649,56.626327118615,11.1471944255996,5.8486561656857
"YNL074C",2014.84661010903,118.484078058759,10.9771701500603,6.90067457336922
"YNL073W",946.322417773643,28.7538034851831,9.88771171510724,4.89500219754232
"YNL072W",74.1182074391898,20.9275680681375,6.23109073096947,4.45467391006384
"YNL071W",7605.73879193183,289.087160336106,12.8930623498066,8.18034263102121
"YNL070W",13464.9120819017,248.531352748942,13.7170243302559,7.96307728635389
"YNL069C",78749.8336237792,111163.20853857,16.2650075749037,16.7623328337604
"YNL068C",94.1529575790221,10.6169825155973,6.57217659445839,3.53816347558197
"YNL067W",94009.4860963968,4827.08987197903,16.5205340660793,12.2372368159024
"YNL066W",195.392597770758,248.269547760661,7.61759674386384,7.96156283522691
"YNL065W",32.6263021611055,10.3578643586894,5.07151823125535,3.50561968247816
"YNL064C",31950.698668146,1769.47707328939,14.9636050116596,10.7899224463995
"YNL063W",65.2455734063748,29.3918655830308,6.04975215038591,4.92561333127367
"YNL062C",521.894458397279,121.724493268557,9.03037597044881,6.93927939957953
"YNL061W",3823.63926576797,78.7936480082742,11.9011079660543,6.31820199983494
"YNL059C",131.005723574061,39.1096654439115,7.04445667385011,5.32587802752139
"YNL058C",263.746557726996,80.3428637760168,8.04846811598487,6.34594387844286
"YNL056W",520.266973133616,32.5706251008034,9.02587864513208,5.06912749583205
"YNL055C",104585.448844751,43204.7541504667,16.6743364096644,15.3989358431308
"YNL054W",96.8676889528588,92.1967531850958,6.61276072712077,6.54220778962363
"YNL053W",66.7048949295954,53.5216418309999,6.08118823644785,5.76875710211077
"YNL052W",135272.107837976,2308.19118346937,17.0455155358876,11.1731719068971
"YNL051W",45.2414442258246,29.7619381551054,5.53111455208792,4.94307449801386
"YNL050C",453.060710548975,36.040970901822,8.82674139687735,5.21105000927618
"YNL049C",205.646757717662,185.769565366115,7.6910229178165,7.54511557269895
"YNL048W",61.8658636990772,19.4609421627542,5.97420493805559,4.35480067312007
"YNL047C",19.9041550439309,17.149496947719,4.3857178250158,4.18185765627153
"YNL046W",205.320181742273,80.5810447530242,7.68874113884892,6.3501620777515
"YNL045W",3511.59681570945,242.402902872983,11.778322274727,7.92720256380616
"YNL044W",8549.13903279258,21843.7986429203,13.0617321643436,14.4150021871764
"YNL042W-B",14.637957713621,0.202294251491917,3.96698020671297,0.265790026844149
"YNL042W",214.42459181674,150.73144079518,7.75103914006054,7.24537625215213
"YNL041C",62.2257356770695,56.3029335952538,5.98244001367165,5.84053709381698
"YNL040W",202.215800725068,38.0778258398286,7.66686877073055,5.28827829767595
"YNL039W",204.521740666709,36.1400313042932,7.68314720408578,5.21490312616849
"YNL038W",138.703928095679,27.2347479456682,7.12622877576537,4.81939984718558
"YNL037C",6155.36039475471,128.156230139479,12.5878619745001,7.01297342652947
"YNL036W",132964.93755811,50646.184849619,17.0206971862544,15.6281944606911
"YNL035C",65.971834807877,8.66801768923737,6.06548258857524,3.2732201127551
"YNL032W",137.517348228796,16.2702132187645,7.11392286378415,4.11021398943661
"YNL031C",116801.055482353,88737.5921409388,16.8337061374228,16.4372740441861
"YNL029C",78.4959662707839,6.83775373380766,6.3128097529098,2.97044024344331
"YNL027W",100.438282105712,19.2359474505229,6.66445840800509,4.33884849270476
"YNL026W",95.1511417522389,33.6888589070817,6.58723208391913,5.11640047871803
"YNL025C",88.0208193399316,17.7878876136887,6.47607087417919,4.23173096363727
"YNL024C-A",7143.53561357148,332.640434822426,12.8026245255464,8.38215033342167
"YNL024C",66.4153203249339,15.7427201292124,6.07500458013993,4.06546203126566
"YNL023C",92.0422529427005,16.9478377962523,6.53981412581188,4.16573814570359
"YNL022C",334.174569588001,78.5541266210397,8.38876888260359,6.31386486266931
"YNL021W",99.6855608926186,7.59079054005637,6.65371299405066,3.10279089687498
"YNL020C",55.7718983239639,22.4186477364424,5.82710507776808,4.549585867556
"YNL018C",5.84321798713782,1.57709028640964,2.77467490440083,1.36574308181287
"YNL016W",3137.65931794124,801.811359783729,11.6159327264555,9.64891722075988
"YNL015W",512999.129543769,3820.84919508077,18.9685996645813,11.900055137336
"YNL014W",26.7704455930183,4.22039727908456,4.79547842111435,2.3841596019591
"YNL012W",13.9816349595118,5.48461050075735,3.90512316990358,2.69701992135413
"YNL011C",123.169382146663,16.7126352111409,6.95616566550101,4.14670696102701
"YNL010W",2818.87744977482,1183.94265634536,11.4614167499656,10.2106015282515
"YNL009W",10.4123072305685,6.8716171261718,3.5125185862161,2.97666004999542
"YNL008C",145.465713033098,32.6030494489595,7.19441916550411,5.07052025721471
"YNL007C",111496.050978144,159.670770441968,16.7666460267755,7.32796368460009
"YNL006W",1324.75352001782,53.9762430358474,10.3725968636559,5.78073641427463
"YNL005C",1028.36340357626,70.6969869562871,10.0075366818416,6.16384058627535
"YNL004W",555.562900820665,122.049176116836,9.12040093497701,6.94309118795166
"YNL003C",251.422737556336,78.484639923453,7.97969806000923,6.31260418739405
"YNL002C",9930.000229795,758.304598598222,13.2777233149931,9.5685349354063
"YNL001W",251.98648238891,54.004685292897,7.98291649045918,5.78148260735984
"YNR001C",34260.7927610116,400.997034945397,15.0643130224995,8.6510410501706
"YNR002C",626.668661034743,142.841921561809,9.29385936795101,7.16834038860663
"YNR003C",150.145306246371,24.9976051973193,7.23979236715101,4.70030682856125
"YNR004W",63.4697115686063,22.5287325138118,6.01054962390745,4.55635169996762
"YNR006W",170.502551364664,54.0190394931889,7.42208622864377,5.78185904859985
"YNR007C",572.857732057358,65.1533707849494,9.16454930525511,6.04774276448025
"YNR008W",86.0139610517139,25.2770087506002,6.44317498923,4.71572915036908
"YNR009W",333.122655798668,37.3438016091004,8.38423400034409,5.26092147546941
"YNR010W",627.159970548115,124.991964748967,9.2949882000493,6.9771879172581
"YNR011C",36.7630196879636,17.5277249377051,5.23890222808987,4.21161383525966
"YNR012W",172.49277164227,19.1988323180938,7.4387317457593,4.33619998897396
"YNR013C",176.661155754037,21.7733597918913,7.47298447143972,4.50927524527837
"YNR014W",6795.40819568877,459.65183139605,12.730556788775,8.84753293848914
"YNR015W",207.988649435511,28.8295697670613,7.70728077874222,4.898671264669
"YNR016C",13073.8310995058,6083.76336376165,13.6745046894267,12.5709854423314
"YNR017W",7812.92955822048,494.194280128132,12.9318325344934,8.95185084019436
"YNR018W",23828.4422073237,775.528700506556,14.5404575612855,9.60089543739218
"YNR019W",49467.488285961,104.835551054621,15.5942221922121,6.72568051207521
"YNR020C",215.602377713285,44.2967483781014,7.75890526973083,5.50133558517744
"YNR021W",1019.74425328508,250.506306926033,9.99540572998126,7.97445076816268
"YNR022C",1661.98949224318,157.226078310992,10.6995633375106,7.30584358951791
"YNR023W",50.9920500027878,12.5212303649432,5.70021913547972,3.75715453057844
"YNR024W",82.3801286545806,92.2765000693113,6.38163169309725,6.54344175148562
"YNR026C",169.489878951127,11.4445014897858,7.41354228667569,3.63743653391513
"YNR027W",311.541134719948,49.0307256591769,8.28790227059267,5.64474247260881
"YNR028W",178.491984985915,38.0462662590301,7.48777561332589,5.28711269428872
"YNR029C",151.873006723211,31.7060441513993,7.25618987767351,5.03148536857631
"YNR030W",155.572935232537,125.006937751241,7.29069104365325,6.97735935829169
"YNR031C",25.1739784931592,15.4254493070937,4.71006132825697,4.03786092992508
"YNR032W",52.1533295475139,37.0335914416592,5.7320881605146,5.24920227131132
"YNR032C-A",1957.68584915413,67.5073692070416,10.9356703090101,6.09818727926166
"YNR033W",172.127933996112,48.6998937199431,7.4356947104717,5.63517086156678
"YNR034W",405.029294674307,22.0695230187508,8.66544001018193,4.52791627031716
"YNR034W-A",2627831.58035395,5440.0972679621,21.3254419335738,12.4096819036778
"YNR035C",3048.92315718895,360.591542279825,11.5745571790953,8.49821712291041
"YNR036C",4798.26194761048,716.75965667307,12.2285968433309,9.48735702522548
"YNR037C",8824.78372281548,214.372876065782,13.1075086789458,7.75069275892618
"YNR038W",138.748763817182,48.5455000565065,7.126691711178,5.6306821262452
"YNR039C",76.5079062480949,11.7306320838731,6.27627157589546,3.67023214661921
"YNR040W",119.337198087005,32.7199825141738,6.91093886055455,5.07553188304395
"YNR041C",360.210465824476,52.6043617283999,8.49669588429429,5.74427849086729
"YNR043W",57492.4521451659,3612.64211247098,15.8111100382916,11.8192379164511
"YNR044W",198.839299111159,723.379671305126,7.64269651193217,9.50060224942724
"YNR045W",127.363793155485,13.6371958616094,7.0040945168361,3.87156728894391
"YNR046W",4630.67575170096,967.616690683998,12.1773185432166,9.91978205267665
"YNR047W",121.558432190268,69.0901264305345,6.93732593681576,6.13113932153455
"YNR048W",24.9178431151738,9.56682206343663,4.69587375691708,3.40146965110826
"YNR049C",313.896807075965,82.7850774802979,8.2987353189882,6.38862141086169
"YNR050C",36486.5799161241,834.164465536562,15.1551178451117,9.7059165193971
"YNR051C",1541.6887243451,197.242064331846,10.5912312764821,7.6311193054985
"YNR052C",240.787414236536,52.920590461645,7.91759533969219,5.75276438983857
"YNR053C",3804.44317156263,296.480211784146,11.8938487605158,8.21664989412683
"YNR054C",870.981451828497,54.0122168839771,9.76815363711678,5.78168013681037
"YNR055C",390.620399980766,78.8363572254985,8.61331210840511,6.31897398975337
"YNR056C",18704.1731082829,363.618949756413,14.1911496970183,8.51024573197781
"YNR057C",32309.9951436952,2263.48141357811,14.9797375642835,11.1449649827391
"YNR058W",84264.9201742398,1579.9942964963,16.3626616567834,10.6266164477845
"YOL145C",151.670759423691,32.0067998159009,7.25427996327831,5.04469136330124
"YOL144W",516.247203454796,36.1921252528016,9.01471012981592,5.21692528446334
"YOL143C",2194.78463580613,279.560007558625,11.100520845339,8.13216556434603
"YOL142W",447.085194611993,124.990052593672,8.80762924830547,6.97716602159277
"YOL141W",25.2401481584785,1.71525517046254,4.71370396068554,1.44108778398264
"YOL139C",15300.9387307756,915.615215077478,13.9014268311655,9.8401724232664
"YOL138C",21.8402497177548,47.0821928748,4.51350651899429,5.58743078913646
"YOL137W",88.5202350395968,17.6298652482198,6.48414191907047,4.21954533403926
"YOL135C",169.068207933316,12.2434227366357,7.40996966267648,3.72720412692766
"YOL132W",1.29938740815366,0.881519161560873,1.2012495564153,0.911897982017051
"YOL131W",20.602673732947,0.410580701854667,4.43313797869009,0.496289207458347
"YOL130W",84.2588960868492,5.33274766325851,6.41377847061686,2.66283159445148
"YOL128C",274.446921764832,14.7417296994591,8.10563053004413,3.97652216760875
"YOL127W",125449.56732184,82828.2830349217,16.9367594694609,16.3378532803729
"YOL126C",535.521612372282,58.6144925437877,9.06749247712987,5.89759119368544
"YOL125W",227.720073812051,23.2366057354808,7.83743918043989,4.59911576269696
"YOL124C",484.485042973726,26.1790663236235,8.92328303895158,4.76442399126439
"YOL121C",28933.8479862297,27777.9838677336,14.8205204442525,14.7617062072419
"YOL120C",88356.4265726502,121292.804240798,16.431063780079,16.888146333062
"YOL119C",6103.35784376798,91.3998909977652,12.5756238215884,6.52981924461228
"YOL117W",124.015579451316,9.82829822625297,6.96596408463481,3.4367346219093
"YOL116W",86.9944734867349,17.2785963261477,6.45934101268672,4.19208338021443
"YOL115W",75.3952973064334,25.4645804010254,6.25541192736955,4.72599087494522
"YOL114C",12.86180766767,3.613333806011,3.79304350121758,2.20580968495797
"YOL113W",353.815885300874,13.3716671754377,8.47092679110414,3.84515552524368
"YOL112W",179.299477289991,36.8391728041374,7.49425140400348,5.24180864539308
"YOL111C",2324.37340793588,150.766325928522,11.1832466871287,7.24570790934776
"YOL110W",744.256857759314,57.8240834874145,9.54159393554948,5.87833503250502
"YOL109W",1367071.29190475,7908.10239842684,20.3826581051832,12.9492982576385
"YOL108C",2309.18898711569,438.174111226231,11.1737951621138,8.77864920152593
"YOL107W",176.363184715907,35.7400146513248,7.47056277021547,5.19928029666024
"YOL105C",61.5491809468887,11.1246235120491,5.96691908796593,3.59986804501331
"YOL103W",319.867078011445,37.9321590089852,8.32583196186194,5.28289044741197
"YOL102C",164.116589880604,48.7881943362244,7.36734127026854,5.63773178915431
"YOL101C",20160.628061475,876.787368371499,14.2993245214319,9.7777276992991
"YOL096C",248.417194846228,21.8514236363399,7.9624171179105,4.5142121424074
"YOL095C",5.61820406948164,10.7256898035796,2.72643977721861,3.55160089156665
"YOL094C",116.99272583485,15.9657199088003,6.88255411101042,4.08455074431851
"YOL093W",458.728770792213,40.9908773332486,8.84463914564101,5.3920040262159
"YOL092W",846.650012597407,134.326895130641,9.72732490112527,7.08030478160658
"YOL091W",27.9768539177817,5.25271710442019,4.8568290616386,2.64448324597404
"YOL090W",82.1581751501246,23.826313554553,6.3777861944647,4.633798147324
"YOL089C",13.2359627106193,35.4715750571157,3.83146815388766,5.18870059996372
"YOL088C",266.734815759854,80.5237851948581,8.06466094645282,6.34914913308236
"YOL087C",174.864348603347,46.2812819828644,7.45831923764324,5.56319724811108
"YOL086W-A",2968.76291988428,20.2392668997336,11.536132048025,4.40866206543755
"YOL081W",528.552262179645,104.734995660342,9.04862926240914,6.72430914179861
"YOL080C",193.253876057739,57.6343329994338,7.60179957560713,5.87367376881111
"YOL078W",15.5178109199235,14.7315348320716,4.04595059615833,3.97558752766239
"YOL077W-A",42152.9583732535,1239.70191444211,15.3633804901315,10.2769408262282
"YOL077C",6926.94809253023,669.355102863668,12.7582124054124,9.38878171732486
"YOL076W",87.8632876657579,35.2637459256442,6.47351561246017,5.18045605331806
"YOL075C",29.4330632542205,10.7970264807703,4.92756765119304,3.56035135938567
"YOL073C",261.733162703137,30.6907932411159,8.03745450158152,4.98599186665236
"YOL072W",29.9124882885183,15.5791500191282,4.95011788292434,4.05129813943983
"YOL071W",1879.46126121319,142.847025182287,10.8768708708429,7.16839157561286
"YOL070C",149.034831775885,24.8644541778551,7.22915366247405,4.69289884130201
"YOL069W",30.8604991018386,10.3600606726197,4.99369696206783,3.50589863499878
"YOL068C",189.190378781379,77.7031805877831,7.57130045576566,6.29835003462904
"YOL067C",186.067940421432,8.70441588875288,7.54741852142599,3.27864137937273
"YOL066C",45.2964077285477,17.8466181519985,5.53282834985734,4.23623376357718
"YOL065C",65.0265115132782,19.986222039993,6.04497351858378,4.39137056953389
"YOL064C",11118.7227646194,1759.82993327715,13.4408331989873,10.7820398603469
"YOL063C",19.5837310322236,23.0301811611133,4.36343260548736,4.58677561972861
"YOL062C",244.387028009181,48.2273520882449,7.93891517503685,5.62138823478724
"YOL061W",1291.16844140594,96.8175297615758,10.3355784303452,6.61202112687319
"YOL060C",433.182048822843,48.1609770598878,8.76215626899902,5.61944168402037
"YOL059W",6410.14167588984,547.027512349394,12.6463655749666,9.09810451167166
"YOL058W",622004.647048633,43019.4222104677,19.2465681527542,15.3927340632588
"YOL057W",22357.0881600813,349.174270468753,14.4485092081647,8.4519292734582
"YOL056W",54.3427922986317,15.7362327566682,5.79032353127759,4.06490291579111
"YOL055C",17484.8542582167,2068.86382918942,14.0939006590845,11.0153201444567
"YOL054W",100.992798922538,27.4695911003971,6.67232348583928,4.83134986715034
"YOL053W",125.620408617189,6.62937758043055,6.98436614618272,2.93156536397279
"YOL052C-A",524408.210280183,34587.6034332847,19.0003334984954,15.0780091434612
"YOL052C",180.578673429725,74.2710678864618,7.50445095658884,6.23402353431859
"YOL051W",151.089368067057,20.6589080266367,7.24877549357316,4.43688860356452
"YOL049W",474.511664095769,55.6065837946456,8.89333691998093,5.82289795457869
"YOL048C",246.806363173161,55.752717967191,7.9530694232601,5.8266175816326
"YOL047C",27.0286255959121,2.39971333099935,4.8088290973892,1.76541310125068
"YOL045W",40.93602518331,20.0485946015237,5.39011822002997,4.39565200375623
"YOL044W",28.4453903420434,14.5169010055358,4.87996989358827,3.95576854993985
"YOL043C",31.7591666554267,12.5634949439414,5.03382675231271,3.76165706455821
"YOL042W",49.2573409661332,12.9842646398381,5.65126243748567,3.80573248682431
"YOL041C",1884.01129719684,103.794904651276,10.8803574545014,6.71142476148745
"YOL040C",949922.050117518,297854.256054467,19.8574511250275,18.184251892027
"YOL039W",537472.998616645,92394.6919776214,19.0358354375591,16.495537965959
"YOL038W",4717.39339430823,760.795817918871,12.2040799924208,9.57326055763887
"YOL036W",306.627000610197,173.691281830385,8.26503832485889,7.44866380046835
"YOL034W",21.0298652039458,28.6732718734147,4.46138876240942,4.8910921068185
"YOL033W",48.5248139815128,8.0959511180923,5.63007965115401,3.18522450116559
"YOL032W",31092.8924449078,95.0588572572666,14.9243436092699,6.58584674086555
"YOL031C",2944.15342182384,401.402384204401,11.524127074962,8.65249504280503
"YOL030W",2699.67797505665,85.3110646576482,11.39910590989,6.43147361261708
"YOL029C",1359.84471230254,14.9103898473019,10.4102867331551,3.99189728089439
"YOL028C",646.91503089222,4.66217258272738,9.33966081685363,2.50135572318403
"YOL027C",1075.20920442907,235.286717077604,10.0717428354704,7.88439471986984
"YOL026C",1662.73229876662,272.173044419192,10.7002076013673,8.09367132127469
"YOL025W",25.2734606385048,9.98354324189541,4.71553433407946,3.45727163127945
"YOL024W",2.92948398295761,0.656421203706594,1.97433987123538,0.72806957575484
"YOL023W",76.1505223762267,20.96713251187,6.26960402001831,4.45727465418429
"YOL022C",268.319849515163,56.9737870440609,8.07317675359784,5.85732882530285
"YOL021C",203.697239453043,56.0514313123449,7.67734783608202,5.83419117634118
"YOL020W",390.868872046198,60.7568706324258,8.61422716733805,5.94852774455514
"YOL018C",81.3157396918156,29.9248094266478,6.36309641136923,4.95069279954488
"YOL017W",46.8827478565969,9.08588338855101,5.58143404176637,3.33426554517113
"YOL016C",9702.62925236936,709.254112908298,13.2443087149653,9.47219147050876
"YOL015W",7.99358125716711,1.40572549083152,3.16889571341852,1.26647203087219
"YOL014W",6742.18499856359,462.191768583279,12.7192144630561,8.8554658050846
"YOL013C",281.615239503823,43.6137575184065,8.14269545220456,5.47941675667021
"YOL012C",870.086526291777,272.253830581551,9.7666722207137,8.0940979100901
"YOL011W",414.856356212049,135.860213310682,8.69994147302691,7.09655929084854
"YOL010W",1178.49587803279,72.033147058286,10.2039546614827,6.19047949371356
"YOL009C",71.2692572228496,13.4808706893866,6.17531016136675,3.85607644464933
"YOL008W",123.104516825326,41.0264003088002,6.95541181356623,5.39322398537569
"YOL007C",861.445402717903,95.3087049209879,9.75228931933984,6.58959429772004
"YOL006C",548.559078874402,171.114873064724,9.10213077234613,7.42722796100288
"YOL005C",2375.70599278402,563.561084931177,11.2147477323317,9.14098587734428
"YOL004W",130.270760387952,54.2612868583739,7.03640179190786,5.78819725317562
"YOL003C",13.5987895936449,17.8787397334066,3.86777685305869,4.23869055444674
"YOL002C",2902.73480352278,596.227374768753,11.5036939834802,9.22213648474817
"YOL001W",65.4926888162898,33.6618782394431,6.05512381311997,5.11527792749601
"YOR001W",347.288623038382,32.4222605516101,8.44413953736436,5.0627374098635
"YOR002W",175.415713998116,102.453011799845,7.46283526256047,6.69283183637864
"YOR003W",42.2913520499331,14.6851032826676,5.4360069535405,3.97132312390323
"YOR004W",1267.81538672907,88.2623944243796,10.3092664562636,6.47998060165466
"YOR005C",18.1484762942023,38.1402458881017,4.25915769172395,5.29058091422537
"YOR006C",323.839376824943,128.922148280195,8.34358271548368,7.0215035827642
"YOR007C",83349.2869855056,1490.15435558635,16.3468995461499,10.5422138893746
"YOR008C",717.794131391448,54.2893518012597,9.48943481975917,5.78892975287503
"YOR011W",94.6590619652673,12.8846206005935,6.57982973918365,3.79541585071747
"YOR012W",13.7239264963997,3.20261947776342,3.88009054763393,2.07128883493475
"YOR014W",206.254479087427,22.003189795236,7.69525947068702,4.52376202486947
"YOR016C",241.182880993962,42.4766999527364,7.91995307967079,5.44217053335505
"YOR017W",21.0971992577528,13.0692980277296,4.46579161957163,3.81447844356291
"YOR018W",40.7848069153045,38.8792744229984,5.38490656417034,5.31756725598092
"YOR019W",71.8765163960209,61.292031327888,6.18738209274435,5.9609757140108
"YOR020C",1202125.53205138,3954.38866708911,20.1971573269003,11.9496037494061
"YOR020W-A",11650.5699886963,771.117488498004,13.5082367432101,9.5926765802433
"YOR021C",1495.90292347981,134.408559195213,10.5477649480387,7.08117512453852
"YOR022C",16.6258740424267,8.90847900413292,4.13962289540072,3.30866361426282
"YOR023C",841.640834849943,47.611710175076,9.71877402118406,5.60323198436669
"YOR025W",340.644092100553,31.0286583158383,8.41635036891882,5.00129145960539
"YOR026W",204.287169301408,34.9815085760311,7.68149964983843,5.16918376979064
"YOR027W",178026.425767446,1391.86623392974,17.4417399851274,10.4438409977968
"YOR028C",8732.24461270707,34.7705502385184,13.0923020343936,5.16070040556818
"YOR030W",48.4376476709493,6.50383465398786,5.62753819382962,2.90762803860757
"YOR032C",246.068445660833,17.2411754205832,7.94876695845229,4.18912679143
"YOR032W-A",46.7176675934446,0.517986504654141,5.57645162170911,0.602158964827759
"YOR033C",101.507703716056,31.6044638234808,6.67958852580118,5.02699758986943
"YOR034C",83.786220852595,9.45910623286402,6.40575791718903,3.38668766841232
"YOR034C-A",243.880249035626,5.27303052053195,7.93593260692917,2.64916258189191
"YOR035C",104.257897682152,21.5362850138286,6.7177846750323,4.49417780942801
"YOR036W",3050.74358942624,277.24177314195,11.5754180352345,8.12019522137512
"YOR037W",45.3114408338905,9.67810314438074,5.5332967375168,3.41658348468026
"YOR038C",29.3072896770826,14.1783737953792,4.9215929353215,3.92394532417708
"YOR039W",485.298145694977,119.314805149005,8.92569728021672,6.9106703717802
"YOR040W",74.8119254565681,5.96527984235214,6.24435290164515,2.80018131679829
"YOR042W",656.308188728399,173.116465215865,9.36042614799344,7.44390882677916
"YOR043W",664.687142258266,88.527784283132,9.37870049265694,6.48426357644774
"YOR044W",2278.85746176304,21.4626202142072,11.1547279135978,4.48945431957868
"YOR045W",26505.2746074965,678.310433586982,14.6940462967193,9.40792720260755
"YOR046C",740.62304094478,61.7087292884509,9.53454225647333,5.97059438041185
"YOR047C",257.245048670619,69.1351149447636,8.01259687835461,6.13206504229588
"YOR048C",191.707110038124,63.2616098286478,7.59026599144214,6.00588521735115
"YOR049C",281.215013381279,6.15103167837029,8.14065092878919,2.83815139432432
"YOR051C",3737.26948126555,127.112378313072,11.8681548572957,7.00126606645447
"YOR052C",129713.981732114,810.623567606191,16.9849855910534,9.66466694788916
"YOR054C",112.271924513518,82.2427974302917,6.82364651002943,6.37925354351413
"YOR056C",1458.76855190026,132.271756684817,10.5115239308255,7.05822726271473
"YOR057W",211.006447165446,124.258021788854,7.72796432792257,6.9687591893981
"YOR058C",50.5754653882036,10.4904800755471,5.68861302913241,3.52236717034244
"YOR059C",185.897084464126,46.3678078853352,7.54610025344338,5.56583500248043
"YOR060C",26.2402200034507,7.31848324126155,4.76766645009511,3.05632049714116
"YOR061W",362.014949276484,60.2805922252379,8.50388515067609,5.93735833464836
"YOR062C",13299.7741099816,1427.78344327469,13.6992225931054,10.480571552398
"YOR063W",473541.729919324,247464.864052885,18.8531350869548,17.9168700050508
"YOR064C",659.917584407376,39.8565716505561,9.36832657046407,5.35249624486521
"YOR065W",78659.1045016589,1422.77763204385,16.2633444824833,10.4755081260517
"YOR066W",219.915894190224,39.0094878381313,7.78735340948425,5.3222702557349
"YOR067C",63.5896809433249,30.320700403327,6.01323178858294,4.96904456987609
"YOR070C",98.0060643120627,26.157642638083,6.62944499063505,4.76328634980324
"YOR071C",549.734106966867,2.15335800097957,9.1052121471436,1.65688896859987
"YOR073W",26.3187823313307,9.26303374749095,4.77182127530523,3.35938534878661
"YOR074C",304.611811466769,22.4748917516331,8.25555649236055,4.55304660016824
"YOR075W",155.508547363762,84.0814331170762,7.29009763864242,6.41077242923773
"YOR076C",22.3764990819208,15.3880665056578,4.54698697961839,4.03457374754045
"YOR077W",24.8879601767748,3.08763099251363,4.6942093884843,2.03126496405946
"YOR078W",4981.8548902613,216.784556102887,12.2827568454087,7.76675784069012
"YOR079C",81.6452186893351,23.5061118940223,6.36885945194013,4.6150697012392
"YOR080W",22.268055945907,31.4649389070692,4.54027877299797,5.02081058937331
"YOR087W",44.4505508005973,11.7769786066999,5.50622587296957,3.67547481501625
"YOR089C",8917.78762315305,659.17248522608,13.1226318951506,9.36669920071462
"YOR090C",131.137866514164,19.4787119712794,7.04590014616919,4.35605307335593
"YOR091W",2963.31232410501,942.982328457477,11.5334817446875,9.88261604206799
"YOR092W",725.120235101427,311.430353541702,9.50406464739288,8.28739081219447
"YOR093C",14.2143623092573,16.7456287766293,3.92736196127014,4.14939178886095
"YOR094W",256.742418737516,37.9360484545272,8.00978618240925,5.28303457000019
"YOR095C",4452.61163322512,339.177130354762,12.1207600414297,8.41014234361313
"YOR096W",68750.7585674558,65826.6450792003,16.0691089955337,16.0064059671991
"YOR097C",317.81010922422,37.4948782315688,8.31655356658245,5.26659460195568
"YOR098C",240.452739869056,67.0600720223529,7.91559702426509,6.0887367728761
"YOR099W",2423.84067868931,323.722807179592,11.2436742444914,8.34306490685747
"YOR100C",799.557815414449,2.67963655071114,9.64486178614493,1.87956327378732
"YOR101W",284.33278399396,132.911989018197,8.15650170812174,7.06514131938993
"YOR103C",32.0456815807036,394.981523664186,5.0463898471297,8.62928930608992
"YOR105W",3.68631733829124,1.09106531975315,2.22845465093126,1.06423812888687
"YOR106W",386.340719053022,28.4807353445021,8.59745936190776,4.88170060523064
"YOR107W",664.209972207291,10.9756500059444,9.3776659861001,3.5820320585651
"YOR108W",1178.79856902178,106.068464713715,10.2043248490968,6.7423898099142
"YOR109W",120.306972788033,35.5181797339595,6.92251866947961,5.19054295018107
"YOR110W",51.0133361743488,20.6037267528683,5.70080967132999,4.43320830098502
"YOR111W",46.5705710102362,1.72664171048627,5.57199743758718,1.44712513792663
"YOR112W",41.0173475473211,36.1609513570377,5.39291318595334,5.2157155314979
"YOR113W",44.420988895058,9.55276351203054,5.50528721129028,3.39954895003021
"YOR114W",107.156001921344,9.10219727947117,6.75696991704317,3.33659721553032
"YOR115C",244.724921736172,100.740696133565,7.94090037487346,6.66875306037752
"YOR116C",170.150107487763,46.7459004912488,7.41911838818157,5.57730496217515
"YOR117W",1330.05532580241,229.287211592029,10.3783548233063,7.84729048677161
"YOR118W",85.947065426419,23.3617721924551,6.44206543045605,4.60654718052363
"YOR119C",625.797808410593,18.9076960395235,9.29185632523184,4.31525435940695
"YOR120W",30466.7995089006,966.506400071849,14.894997686852,9.9181273945164
"YOR122C",20913.5980040493,5179.1433845294,14.3522226480005,12.338776316413
"YOR123C",494.326453902878,61.5476964008791,8.95223586282728,5.96688484654902
"YOR124C",147.105706546366,77.201548143611,7.21048341883859,6.28912526350697
"YOR125C",343.738840399624,23.268634143268,8.42936004054022,4.60102100971412
"YOR126C",312.237458600246,90.6734860657131,8.29111293786156,6.51843263075179
"YOR127W",145.057709181461,26.882330830751,7.19039469792017,4.80127926360481
"YOR128C",8143.32525621567,76.1325993923952,12.9915794634823,6.2692688258673
"YOR129C",28.1003303525022,8.03324818710773,4.86296362586324,3.17524484715314
"YOR130C",1727.42695410686,271.734231902802,10.7552439191131,8.09135197949236
"YOR131C",486.015209948795,75.7274642078231,8.92782301952596,6.26167117045455
"YOR132W",332.341013959435,236.653124705709,8.38085502596151,7.89271356035162
"YOR134W",175.268974426192,14.1635695261894,7.4616347541637,3.9225375008737
"YOR136W",6922.19745463893,118.378760437228,12.7572227801179,6.8994023686085
"YOR137C",47.1434230699051,17.1645154887053,5.58926681813739,4.18305097942059
"YOR138C",171.149398635602,58.9205203619432,7.42751733096748,5.90497824739456
"YOR141C",48.1439734747876,43.3369920214514,5.61894260461465,5.47043899087204
"YOR142W",3847.5590827034,114.280174445937,11.9101026802498,6.84900061353759
"YOR143C",189.522953997786,28.327784806319,7.57382101229032,4.87419620008963
"YOR144C",23.3267861936415,14.0383688171116,4.60447383362862,3.91057618403801
"YOR145C",3660.76169177112,477.762632533677,11.8383221879526,8.90316674397315
"YOR147W",127.164592455153,15.0967778247469,7.00185393890091,4.0087000204014
"YOR148C",231.058622985349,21.2600009331008,7.85834549688018,4.47638174804252
"YOR149C",25.1734890611345,11.4984027219267,4.71003435078555,3.64367182718292
"YOR150W",2202.51069688458,162.183994619092,11.1055881848195,7.35035575188791
"YOR151C",380.17900623716,49.9087622213943,8.57432485353575,5.66984208371115
"YOR152C",187.571044054333,48.4271745583467,7.55896435037737,5.62723253389254
"YOR153W",3717.23546057231,980.469390667242,11.8604024177608,9.93879946447465
"YOR154W",228.890067580485,25.680458492687,7.84480032541791,4.73771155374278
"YOR155C",196.515086640043,19.5806195503025,7.62581904351766,4.36321450805682
"YOR156C",7.46172451626272,5.12452685640593,3.0809517174254,2.61459839459962
"YOR157C",4082.71621625701,335.953207523458,11.9956668992559,8.39640444895341
"YOR158W",640.67816463441,50.2816760976683,9.32570608104056,5.68037151086658
"YOR159C",1131.61891922866,72.8030424815829,10.1454468185314,6.20560838654723
"YOR160W",44.2945731087922,16.6399662532781,5.50126630149344,4.14077589578989
"YOR165W",198.482261420604,66.1880839164913,7.64011665302272,6.07013348266868
"YOR166C",26.4669496088927,6.15117146838049,4.77962479312484,2.83817959618279
"YOR167C",1376237.3111799,38148.91828,20.3922988799081,15.2193923462511
"YOR168W",923.463079469147,159.669063232129,9.85247189325451,7.32794835513944
"YOR171C",450.987315483261,13.1064935093399,8.82013847536613,3.81828751263304
"YOR172W",50.0867591111386,20.8323684258204,5.67487751051158,4.44839674060048
"YOR173W",31708.8312731469,558.129472197395,14.952642580484,9.12703858244783
"YOR174W",165.584883929013,160.014570282274,7.38011368489562,7.33104743415733
"YOR175C",2477.24009360669,212.709921979391,11.2751002482005,7.73951007979476
"YOR176W",2777.51581407331,1040.59667548738,11.4400987361509,10.0245810335687
"YOR177C",6.742149786297,0.677572225267077,2.95273421952088,0.746374880757228
"YOR178C",620.250886072475,3.40327636168699,9.27903219412603,2.13857739460938
"YOR179C",96.2136959792906,35.3839216242926,6.60308767753995,5.18522914648043
"YOR180C",14.9136587714797,1.64871174935629,3.99219366434788,1.40529084846344
"YOR181W",87.5528657838206,54.7856841250997,6.46846709170312,5.80182303608933
"YOR183W",1.96134193274914,0.26864897905267,1.56625108159976,0.343292946851722
"YOR184W",16270.7252099189,289.863841029924,13.9900796004335,8.18420014757688
"YOR185C",9290.52668200347,529.499859620966,13.1816999486109,9.05120855915385
"YOR186W",5.56316161407742,1.13287232308174,2.71439095907355,1.09279760638645
"YOR187W",11074.2060981359,335.339121251579,13.4350459256428,8.39377278533
"YOR188W",81.2463289726767,32.2018779726661,6.36187938113818,5.05319294083389
"YOR189W",506.501198288986,149.247619136466,8.98726741850315,7.23119831956491
"YOR190W",5.53070152902522,3.31917518781551,2.70723797463299,2.11075583413394
"YOR191W",53.5595696975476,44.6289767011945,5.76976036099318,5.5118783944157
"YOR192C",15.4776855187933,0.717792060141607,4.04244170846098,0.780555407862292
"YOR193W",29.7421726753294,12.0539341523827,4.94214722469016,3.70641276197159
"YOR194C",2124.64140602713,157.307860334023,11.0536825205803,7.30658908001533
"YOR195W",172.925888482554,30.8571878264684,7.4423288803582,4.99354701435974
"YOR196C",307.693603180883,61.8771649319525,8.27003177718245,5.97446426428379
"YOR197W",1474.96283632771,505.72047946961,10.5274406805044,8.9850463273626
"YOR198C",13848.7360401762,7270.93887715649,13.7575708600003,12.8281243579573
"YOR201C",205.579931179982,32.6456912895834,7.69055629589714,5.07234985817294
"YOR202W",7965.68122232724,5626.20585994485,12.9597631329373,12.4582030271031
"YOR204W",567.207037914726,10.0056273760672,9.1502728908935,3.46016948332833
"YOR205C",93.1187495902722,18.4510325516309,6.55641024872734,4.28177483712082
"YOR206W",3106.15327252024,287.934744584119,11.6013776944678,8.17459988909177
"YOR207C",420.311868249147,39.3338916076213,8.71874474660302,5.33392070549491
"YOR208W",193.218728338243,130.633789700567,7.60153851503205,7.04038605860623
"YOR209C",4204.63378786698,551.330190628073,12.0381075152762,9.10938717772867
"YOR210W",11527.1157571235,347.946769653973,13.492869106763,8.44686316599955
"YOR211C",62.464329946681,13.4501172790146,5.98787404947889,3.85300929675976
"YOR212W",559.427508122807,78.4931950469525,9.13038396077966,6.31275945978484
"YOR213C",274.825779998564,63.5484559969799,8.10761349411729,6.01231068147883
"YOR215C",6340.43931152199,241.504161346877,12.630594609558,7.92186569378786
"YOR216C",113.854589819767,25.9086310720888,6.84366470062993,4.74999709323307
"YOR217W",47.0420745701237,53.2774462769794,5.58622654625162,5.76228093925859
"YOR219C",97.6503970541145,24.7673045541433,6.62425295249458,4.68746972367369
"YOR220W",8342.25221896599,2786.08025070335,13.0263941438221,11.4445388284116
"YOR221C",1563.92084791467,158.296480077052,10.6118739736354,7.3155705782231
"YOR222W",1630.04845852236,772.549285102958,10.6715839298826,9.59534940272696
"YOR223W",143.91280242232,14.1521853785899,7.1790412461968,3.92145398148847
"YOR224C",8013.44778848701,1508.78006486476,12.968387403887,10.5601226869019
"YOR226C",1653.6114529419,141.888364706635,10.6922767580539,7.15874463340606
"YOR227W",295.914170998002,77.0978364387289,8.21390214110082,6.28721067651515
"YOR228C",324.334498731547,15.5483588565202,8.34578000480652,4.04861624322138
"YOR229W",58.131613298611,19.648893641927,5.88585773383931,4.36799257967665
"YOR230W",138518.679886092,1647.23827214013,17.079731433073,10.686709100719
"YOR231W",90.7951369884045,24.3532608587591,6.52034582120022,4.6640994090672
"YOR232W",1906.64152487379,229.344089315221,10.8975743769301,7.84764676828978
"YOR233W",46.520589899592,19.0436304353696,5.57048084011556,4.32507193758914
"YOR234C",12345.844877263,4184.83451229026,13.5918548009973,12.0312995601789
"YOR236W",930.806850469672,238.855307458494,9.86388712668417,7.90602055326381
"YOR237W",1599.0935946755,55.8207434365851,10.6439405801653,5.82834580260732
"YOR238W",420.648317397316,42.1579614042858,8.71989638709949,5.43155481463943
"YOR239W",834.50847039966,852.463678195259,9.70651064420319,9.7371859459538
"YOR241W",172.150704294809,31.7293254974352,7.43588444551987,5.03251196578417
"YOR242C",18.9024372972728,2.44577268510538,4.31487321215751,1.7848275312529
"YOR243C",805.785072801936,105.470484506738,9.65604058112044,6.73430973517952
"YOR244W",67.0756869249644,33.1450938881811,6.08906772989774,5.09360639575508
"YOR245C",209.571666022497,40.5160775032443,7.71816751389296,5.37559823718762
"YOR246C",586.980891695419,65.5129639235529,9.19962546064555,6.0555636560338
"YOR247W",17874.2401415017,8042.16524843103,14.1256750031818,12.973547645465
"YOR249C",8.27526493695286,9.28226265397044,3.21338849119642,3.3620858653017
"YOR250C",71.7417397157451,44.9467103746397,6.18471152507001,5.52188966812995
"YOR251C",178.363531008127,64.5920963825278,7.48674277466859,6.03545008051295
"YOR252W",1409.04842617656,112.03372311001,10.4615289955167,6.82060944830257
"YOR253W",513.838099487194,71.9487977055989,9.00797501083017,6.18881229566982
"YOR254C",608.291904786471,194.165224270536,9.25098976222908,7.60855219737818
"YOR255W",4.23032251159446,0.794735405657456,2.38689990852431,0.84377116600753
"YOR256C",112.082186334354,18.7324812321309,6.82122787143493,4.30250047194333
"YOR257W",611.589520857775,66.9778264841311,9.25877687774354,6.086992328925
"YOR258W",34.8673047426811,7.46370008832074,5.16459743258696,3.08128850637936
"YOR259C",2062.42440833526,300.63052094084,11.0108248721626,8.23663860704899
"YOR260W",618.324151560083,73.3401775342434,9.27455089718422,6.21607022843902
"YOR261C",3654.25506706757,300.619191829005,11.8357563669421,8.23658441902994
"YOR262W",120.921109817007,83.6438537506253,6.92980413026621,6.4033334083075
"YOR264W",134.733106371646,68.0191142734916,7.08462883811373,6.10892405458602
"YOR265W",1648.89684684706,332.893118804485,10.6881601132579,8.38324255101361
"YOR266W",27.8946704345401,8.1852037032524,4.85273150987213,3.19931171680895
"YOR267C",1723.78487520697,172.840771713478,10.7522007167986,7.44162267382865
"YOR268C",16.6430833655993,0.0673886340431764,4.1410308081372,0.0940855541596386
"YOR269W",12.3561860984068,11.8407345280559,3.73943619533111,3.6826558261384
"YOR270C",2249.91344548903,341.282717041765,11.136294866481,8.41904463763628
"YOR271C",1641.67606779805,158.366461470877,10.6818322966256,7.31620423716667
"YOR272W",1772.26913719936,163.028129007497,10.7921958019678,7.35779943205574
"YOR273C",7784.92574475564,219.446403665161,12.926652870269,7.78428413097534
"YOR274W",423.213779649307,89.5346167653289,8.72864767417181,6.50039762063751
"YOR275C",67.4515583155176,34.5739079635688,6.09701148002984,5.15274756492864
"YOR276W",327.061000306077,741.435613060112,8.35782028710792,9.53612210491819
"YOR278W",51.1560302404525,11.4599556907948,5.7047621605767,3.63922703284926
"YOR279C",42.2372147351227,14.2076650386657,5.43420168509108,3.92672675579119
"YOR280C",87.7667074372171,22.251554142971,6.47194678023211,4.53925524463157
"YOR281C",192.422378280508,73.9070373514216,7.59561090892561,6.22702935796482
"YOR283W",1696.52577437059,26.2711441408293,10.7292177644483,4.76930332362144
"YOR284W",27.6934040209858,10.5993822434855,4.84264722621734,3.53597606765468
"YOR285W",267598.728173852,7134.34557669597,18.0297171249362,12.800767588184
"YOR286W",1212.41617901102,510.932119073346,10.2448587373606,8.99980871490488
"YOR287C",829.866798359019,5.17068062794966,9.69847339751641,2.62542962785307
"YOR288C",1149.903562445,283.155061099916,10.1685512355855,8.15053460130588
"YOR289W",2957.48593343686,692.594230278016,11.5306433202573,9.43794808720426
"YOR290C",84.7888317227783,48.7275005897801,6.42271793996764,5.63597201492111
"YOR291W",58.7395962514025,32.3753013749313,5.90061558214993,5.06070895910795
"YOR292C",211.078305630834,25.9826464373573,7.72845323893374,4.75395994854092
"YOR293W",82604.5678278087,124998.914642457,16.3339514058292,16.9315675841646
"YOR294W",7619.80557258781,382.111404351369,12.8957277934239,8.58162016191156
"YOR295W",27.9681455106967,24.6908563099131,4.85639542367384,4.68318307284412
"YOR296W",9.65733085024036,12.509099427584,3.4137742523749,3.75585959674087
"YOR297C",134.609900978919,27.539737812341,7.08331870432367,4.834900176072
"YOR298W",52.1647334531383,4.08286708926258,5.73239765370306,2.34564250657452
"YOR298C-A",1023089.45663558,3883.78357506264,19.9645022760597,11.9236185116397
"YOR299W",132.799747654775,49.1430147768128,7.06393158484567,5.64797683363607
"YOR301W",48.7613359501872,10.6794932780846,5.63695331312994,3.54590577826175
"YOR302W",760169.125771841,0.0566574692245234,19.5359628037044,0.0795077820770427
"YOR303W",62780.7561720615,3882.85722062079,15.9380577650367,11.92327444966
"YOR304W",66.2760557852601,43.7919175056828,6.07202122161827,5.48516652300831
"YOR304C-A",508.647985258572,78.4503924593759,8.99335730888274,6.31198244092808
"YOR305W",195.252791319196,57.1046587719782,7.61656936349223,5.86058193696421
"YOR306C",1104.51544634025,12.8120454215682,10.1105034673945,3.78785507857035
"YOR307C",325.911622936473,13.3829946205993,8.35275686102098,3.84629217918327
"YOR308C",72.7427321407973,27.8241355659415,6.20442896362395,4.84920543707735
"YOR310C",8243.96963354333,1432.54129999947,13.0092984648479,10.4853677535559
"YOR311C",255.934754868201,107.737939436491,8.00525824266293,6.76471158448262
"YOR312C",58539.6520721278,116716.258520798,15.8371511952651,16.8326583768825
"YOR313C",501.38275660966,2.16908921177064,8.97264313692493,1.6640682730264
"YOR315W",891.821289509001,49.1405367246679,9.80222761871474,5.64790553433549
"YOR316C",434.309080284714,19.8816117652033,8.76589630396233,4.38416116675321
"YOR316C-A",26.3859310228287,0.376446352086701,4.77536302251275,0.460948381029179
"YOR317W",16030.8242055795,131.924958593894,13.9686509736388,7.05446820679625
"YOR319W",579.811751810915,47.7544166821391,9.18192683406535,5.60746101399152
"YOR320C",171.800798467299,28.2069533686082,7.432966073608,4.86823997071154
"YOR321W",179.325858363754,46.7136201820995,7.49446248093345,5.57632924716265
"YOR322C",83.6391551351239,49.9090504178444,6.40325332148332,5.66985025083984
"YOR323C",1333.22260523615,384.240352287451,10.3817836743314,8.58961501703696
"YOR324C",37.8734235192272,15.1772430738772,5.280712263967,4.01589385948215
"YOR326W",353.324437583045,236.036596799236,8.46892716063329,7.88896600815876
"YOR327C",8217.26354950428,402.955703243164,13.0046178813475,8.65805328914979
"YOR328W",176.477857526233,46.1796148032853,7.47149523225253,5.5600917346674
"YOR329C",137.310164935746,41.8744203639334,7.11176337926016,5.42204526194584
"YOR330C",16.3338160246397,48.5178403990799,4.11551739241943,5.62987649115445
"YOR332W",2343.22491588818,3631.84253591478,11.1948952799639,11.8268831187397
"YOR334W",15.9300700354634,7.4548091087257,4.08151603620164,3.0797721820742
"YOR335C",1231.77049732474,314.900430015039,10.2676885254491,8.30332609070928
"YOR336W",41.1992500998986,156.862611004268,5.39914545669257,7.30252570608975
"YOR337W",212.123264675433,16.5556863486189,7.73554427702901,4.13386649511586
"YOR338W",1328.88522153319,12.5111971454291,10.3770860210123,3.75608360369285
"YOR339C",10.2748797069841,0.171277402435374,3.49504013616728,0.228082800623135
"YOR340C",1964.64242375323,222.81969043532,10.9407851849788,7.80619315211134
"YOR346W",13.5224996573006,7.34989388238042,3.86021789070139,3.06175786269611
"YOR347C",790.452082858677,37.6023096389191,9.62835819722525,5.27061526375197
"YOR348C",819.43867234964,22.1433089394376,9.68025168633664,4.53252324495213
"YOR349W",11.2013704011969,15.3640122427029,3.60897128857544,4.03245461657576
"YOR350C",20.7013784565165,10.3776759280316,4.43971477945661,3.50813398912899
"YOR351C",0.959717121625797,0.495714533733828,0.970645421340151,0.580834854326344
"YOR352W",123.266009507052,9.48673040181651,6.95728791961907,3.39049303320701
"YOR353C",35.3438392249979,6.86122115746414,5.18363892332853,2.97475343728991
"YOR354C",255.115938206682,34.1615747632497,8.00065322504616,5.1359277800517
"YOR355W",1021.64520438987,375.403939415494,9.99808998922779,8.55613791705864
"YOR356W",1409.15300513125,18.0200745570953,10.4616359918026,4.24945099634035
"YOR357C",2294.34260263483,59.2048520356716,11.1644937909081,5.91180785638598
"YOR358W",387.273002037642,26.5122265914982,8.60092758494145,4.78200099799194
"YOR359W",357.748989016555,28.1501218473173,8.48683095593836,4.8654300087815
"YOR360C",773.16448625102,34.309294499879,9.59649631723871,5.14197609039172
"YOR361C",2738.59536230608,371.140026274107,11.4197471078101,8.5397017605705
"YOR362C",6765.26107808673,735.756465357382,12.7241431296619,9.52504400545397
"YOR363C",36.8423281316138,6.11906001834014,5.24192894362313,2.83168676416869
"YOR365C",3.65967871417794,0.668885096649724,2.22023048418393,0.738884628037735
"YOR367W",439.340626454018,52.4029826877786,8.78247614529156,5.73884841711283
"YOR368W",30.1135731839677,5.71621782688617,4.9594721830663,2.74764902191762
"YOR369C",1869673.88007448,153487.886116449,20.8343559893389,17.2277746705849
"YOR370C",1205.19031560075,76.7391612764003,10.2362418417436,6.2805696374898
"YOR372C",133.663690591966,8.82764220614316,7.07321709874607,3.2968453346212
"YOR373W",16.9252179332379,12.1841309389707,4.16391875408178,3.72073057080281
"YOR374W",127070.171444348,3142.72500857381,16.9552772385975,11.6182593107453
"YOR375C",216849.803749787,4078.35312850747,17.7263432649456,11.9941246838483
"YOR377W",684.077909172615,130.30946471366,9.42012425490707,7.0368270984148
"YOR388C",169.194565432013,0.901398601853336,7.41104116011551,0.92706100470404
"YOR389W",580.476780783265,3.78029721892515,9.18357777370427,2.25710032174969
"YPL279C",27.1404859993087,0.095223483516675,4.81457533969272,0.131225285957746
"YPL274W",18768.4939684939,1287.94590220142,14.196102134727,10.3319759988942
"YPL273W",9816.93471511626,344.270424541998,13.2612038581199,8.43158294970017
"YPL272C",47076.2113323887,690.544180559771,15.5227412429145,9.43367761329568
"YPL271W",287558.329354867,4045.83274986426,18.1335001186174,11.9825775102626
"YPL270W",104.084772432096,32.9580288237266,6.71540981694027,5.08568081147058
"YPL269W",6.28080318311231,5.77863792799204,2.86409761036586,2.76099541319303
"YPL268W",19.8863493934945,40.2663534685679,4.38448844884603,5.36689405406475
"YPL267W",588.870612043233,28.8980872778904,9.20425472419022,4.90198128623487
"YPL266W",1705.95998418792,102.317226172839,10.7372135227053,6.69093700585771
"YPL265W",43386.6880317211,16.2315006920558,15.4049980919075,4.10697644628814
"YPL264C",73.8790501299552,3.29247016625552,6.22649022877376,2.1018081071698
"YPL263C",287.672175592508,75.3672677747898,8.17328824619087,6.25488250359701
"YPL262W",6641.72214142435,152.593334367158,12.6975588538171,7.26297179721329
"YPL260W",972.656673916742,211.443707619619,9.92726933563961,7.73093680280503
"YPL259C",81.4188645930969,30.2510452924879,6.36490268399484,4.96583254108025
"YPL258C",58.9846745765288,15.52785979755,5.90652204999818,4.04682801616829
"YPL256C",1568.2836974545,107.617212733626,10.6158904731138,6.7631089370947
"YPL255W",66.794204930985,9.39657550395697,6.08309005151374,3.37803649661545
"YPL254W",80.2436638183162,16.4643943849609,6.34418339672389,4.12634470996698
"YPL253C",19.940812023556,15.6275819880674,4.38824548174268,4.05550647954019
"YPL252C",2245.97483585934,200.784241197234,11.1337682523556,7.65666969804281
"YPL250C",84383.0154408703,2327.6451351628,16.3646821198538,11.1852750870498
"YPL249C-A",549.582451605662,298959.942199784,9.1048148182608,18.1895974900463
"YPL249C",74.3655411645059,45.6224323428986,6.23583313622691,5.54295236828375
"YPL248C",20.5457869715996,4.98026653221826,4.42933388951988,2.58020978478133
"YPL247C",5070.17741654851,203.831347594362,12.3081050330357,7.67829271350185
"YPL246C",952.899077321955,317.373909892455,9.89769282670872,8.31457830451623
"YPL245W",241.537899646523,30.1414406238079,7.92206639422842,4.96076378088264
"YPL244C",75.8351293184299,104.135027898575,6.26369416242197,6.71609960271244
"YPL243W",594.527332064638,116.110993662935,9.21802391269069,6.87173270334682
"YPL242C",74.275353724387,19.1544816629902,6.23410567718265,4.33302877503247
"YPL241C",53.0770440867316,15.7514778069391,5.75694438929662,4.06621646990234
"YPL239W",4559.00356081143,82.7845859984914,12.1548192356229,6.38861294801287
"YPL237W",3851.84587531147,1265.81279722544,11.9117087599481,10.306987631186
"YPL236C",47.1691757178849,14.1574208993149,5.59003833129109,3.92195238848144
"YPL235W",322.803555051464,135.21544086418,8.33897501490551,7.08974644081593
"YPL234C",17194.5412063474,791.948115476948,14.0697469029993,9.63108265974814
"YPL233W",103.240714865714,18.1105063045088,6.70377507259314,4.25629409577353
"YPL232W",1200.66767078943,200.206633995791,10.2308222489346,7.65253406288559
"YPL231W",39047.0368433155,30168.1935954623,15.2529623976322,14.8807885141721
"YPL230W",5693.89198216797,16.8345884344452,12.4754527625448,4.15660601826507
"YPL229W",389.314955466677,35.3947033453206,8.60849493250097,5.18565659988669
"YPL228W",65.2966201730707,14.2529610129621,6.05086341795766,3.9310174309432
"YPL227C",385.230783900633,29.3096581809574,8.59331934632339,4.9217056770189
"YPL226W",2502.33031896649,255.24707584666,11.2896329544709,8.00139173122952
"YPL225W",18238.2012077998,1458.78816553922,14.1547549271014,10.5115433149323
"YPL224C",165.178675387413,26.8810978410366,7.37659145222791,4.80121546450963
"YPL223C",16691.1630936551,1299.12215332059,14.0268833014327,10.3444314630779
"YPL222W",250.187860662493,60.0693826618066,7.97262293352176,5.93237735622619
"YPL221W",1398.44941594175,127.948076188139,10.4506436253143,7.01064643909777
"YPL219W",59.5302253055265,14.2314041179302,5.91958381594309,3.92897703872182
"YPL218W",15630.6511577773,1254.91026757186,13.9321825565641,10.2945176747247
"YPL217C",1938.24829542425,105.801637181221,10.9212818181965,6.73878995229762
"YPL216W",3.98405639056835,21.403776363971,2.3173203913822,4.48567002727651
"YPL215W",411.012793027857,80.8220725805545,8.68654532366698,6.35441817652566
"YPL214C",665.882692250379,59.4911749080775,9.38128919677266,5.918652777026
"YPL213W",114.466661083965,83.6615958618951,6.85133254936529,6.40363577844498
"YPL212C",1351.4361713926,107.457103383391,10.4013447919206,6.76098073499689
"YPL211W",3149.1554418566,544.043325397371,11.6212073036438,9.09022710379566
"YPL210C",360.913642783995,159.409278223061,8.49950168269057,7.32561378081489
"YPL209C",14.1768909153005,6.17464419704989,3.92380437045732,2.84290728783299
"YPL208W",51.7308724323737,16.3114451060472,5.72057596119446,4.11365425635142
"YPL207W",1115.79990573054,43.0115858816373,10.1251550095439,5.45981145258556
"YPL206C",1914.43313575466,104.789701336695,10.9034549494743,6.72505537721096
"YPL204W",954.250981911411,89.9160866095944,9.89973602531799,6.50646368104005
"YPL203W",1842.23724981753,155.779873741717,10.8480260621452,7.29259655843285
"YPL202C",110.985621712929,18.6476007570064,6.80716970049451,4.29628124516763
"YPL199C",352.228291128292,160.287193700651,8.46445708722296,7.33348808196927
"YPL198W",1551.16925907754,3040.42779180564,10.6000701720307,11.5705330374696
"YPL196W",1290.62143299003,50.6773169310044,10.3349675708101,5.69145926262007
"YPL195W",127.639161934228,20.3367499676334,7.00718610248263,4.41526853521739
"YPL194W",7.28613897046018,3.75609081683097,3.05070001658944,2.24977626338903
"YPL193W",210.407724887452,13.4972708105449,7.72388428387092,3.85770942556298
"YPL192C",319.951340739811,50.9108665159629,8.32621077748172,5.69796466483342
"YPL191C",38.616723570728,10.2471226168868,5.30803766457156,3.49148405479122
"YPL190C",778.629848199067,279.207838372942,9.60664551513765,8.1303535032294
"YPL189C-A",18646.0296231895,193.606759858391,14.1866582143628,7.60441801420411
"YPL189W",14.5130052106412,1.48296632948792,3.95540629012732,1.31206469783769
"YPL188W",437.873639685184,4.35258552533948,8.77766180916903,2.42023594264206
"YPL187W",10759.5277979732,1251.26321170505,13.3934612225782,10.2903221171489
"YPL186C",2620.7972177472,37.0714616348122,11.3563403896482,5.25063805361906
"YPL184C",62.9512385647193,47.4285444917804,5.9989003954153,5.59778573862712
"YPL183W-A",3799.86133205123,114.704874324876,11.892110676552,6.85430583223397
"YPL183C",275.283934372133,18.6239576835554,8.11000786312483,4.29454412291964
"YPL181W",465.079352265046,38.1055085970856,8.86443179137795,5.2892999419578
"YPL180W",43.2564406233479,57.6695354439923,5.46781552023466,5.87453966342124
"YPL179W",1992.74502566528,313.738256773305,10.9612652040627,8.29800874020202
"YPL178W",477.411492621407,68.617123890924,8.90210823681233,6.12137030777097
"YPL177C",2920.34567449821,23.4561189746381,11.5124173629175,4.61212357069491
"YPL176C",114.15848037265,13.5997290941937,6.84747684616013,3.86786969426051
"YPL175W",38.770440403049,11.4572893848163,5.31362463298666,3.63891827749402
"YPL174C",20.7483238416723,17.5360450652982,4.44283231063078,4.2122615517234
"YPL173W",348.485338238015,58.6970627436484,8.44908812207072,5.89958804364008
"YPL172C",162.070276402727,11.7664098490521,7.34935002887966,3.67428096439276
"YPL171C",3556.00244400748,80.8169421596805,11.7964462503343,6.35432771359093
"YPL170W",25110.5067303615,1724.67500074753,14.616060974754,10.7529450695967
"YPL169C",237.351747608942,27.9043319806232,7.89694839314544,4.85321382493532
"YPL168W",77.65895519551,20.6717474121845,6.29753911838828,4.4377435787876
"YPL167C",16.4939469431713,33.2863937947966,4.12878391833398,5.09956426606209
"YPL166W",77.7329353328606,1.57825399290976,6.29889536088314,1.36639439568613
"YPL165C",103.461069543755,0.100319454588748,6.70682156997004,0.137922440696974
"YPL164C",20.7928682046985,6.64969225884389,4.44578417993141,2.93540171047586
"YPL163C",98745.8301127607,2441.92131061226,16.5914468162936,11.2543916781003
"YPL162C",94.2820353538434,0.924988880867094,6.57413232634646,0.944850112527419
"YPL161C",55.6390387114964,12.3331569183138,5.82372487482229,3.73694650555939
"YPL160W",1975.04185486853,722.368180492066,10.94839778987,9.49858632791779
"YPL159C",920.975410769929,33.2067938187621,9.84858446403743,5.09621098243252
"YPL158C",379.342330160471,98.6609314744993,8.57115470227492,6.63895615302842
"YPL157W",81.3338803093708,37.0403649323771,6.36341431528047,5.24945918134886
"YPL156C",988.379714579593,92.6917998587479,9.95038050975293,6.54985088000968
"YPL155C",51.5598625528626,16.693610863181,5.71588959782,4.14515659417695
"YPL154C",35206.0873758808,7395.57677751453,15.1035782599121,12.8526420136789
"YPL153C",26.3620232166639,3.31415498799634,4.77410300554721,2.10907800691033
"YPL152W",296.992132887552,26.9690127785793,8.2191304332342,4.80575742683577
"YPL151C",61.0993777020046,23.9823006704495,5.9565069061555,4.64283443864705
"YPL150W",32.560923756664,68.5523716074993,5.06871052105893,6.12002780373171
"YPL149W",1062.02298691588,193.758579273227,10.0539570788509,7.60554307134701
"YPL148C",101.480147969425,12.3213462167117,6.67920065365242,3.73566797925113
"YPL147W",15.5922276164923,9.20303885211337,4.05243568555255,3.35092700041041
"YPL146C",2110.49049379896,208.855350479441,11.0440460366178,7.71325143647127
"YPL145C",971.921933253261,220.29050925052,9.92618023833013,7.78979776766094
"YPL144W",189.027584817516,54.1398675283221,7.57006504828265,5.7850238962133
"YPL143W",32.0798421658768,35223.7477086204,5.04788044587025,15.1043017530588
"YPL141C",140.267597784085,15.9705832146119,7.14228678582964,4.08496424057939
"YPL140C",39.6550694620483,17.0173894375363,5.34536335448779,4.17131808726217
"YPL139C",99.274369333768,21.3103481463671,6.64780908226066,4.47964112147338
"YPL138C",69.8901622674132,23.6196820914142,6.14751352724958,4.62174022762357
"YPL137C",75.7390681055955,32.7796404928727,6.26188934031283,5.07808206891447
"YPL135W",9305.48883847971,718.947798529389,13.1840212536537,9.4917484942005
"YPL134C",509.358338837946,21.4317445009497,8.99536675476109,4.48746991705039
"YPL133C",32.8468957635985,5.8584434083917,5.08095161932796,2.77788117963203
"YPL132W",181.834815714338,19.9365527524376,7.51439700675617,4.38795201392901
"YPL131W",404787.059577528,369181.049456403,18.6268072085344,18.4939728817276
"YPL129W",673.394548578273,125.042137259269,9.39744906417619,6.97776231280364
"YPL128C",52.7180980282321,11.0130379022006,5.74733631972319,3.5865291262163
"YPL127C",1504.01425238577,149.930043669721,10.5555614339387,7.23773620265776
"YPL126W",1515.59932519976,38.0021925548291,10.5666242707749,5.2854833239665
"YPL125W",57.9116231724969,17.4010689063775,5.88048039853551,4.20171766884026
"YPL124W",96.098730880923,17.163628713607,6.6013805340564,4.18298054664374
"YPL123C",540.337949200432,16.4678474125264,9.08038571805303,4.12662992875082
"YPL122C",33.8034878009073,14.3447542444034,5.12115998662038,3.93967363523593
"YPL120W",43.070555236057,25.4176887216942,5.46174316784171,4.72343234589255
"YPL119C-A",305.175124097725,2.45731583063506,8.25821326229654,1.78965240182951
"YPL119C",51.6196491152209,1.7988780911389,5.71752972306774,1.48484864977628
"YPL118W",1109.89236389505,127.348534401734,10.1175033231735,7.00392301180085
"YPL117C",90950.4765921059,463.107772795243,16.4728094396892,8.85831604948763
"YPL116W",138.73479989049,16.7695044307895,7.12654754751028,4.15133154185824
"YPL115C",25.0373472340296,14.4264478259279,4.70251056461735,3.94733399257738
"YPL113C",2.47702332615823,1.5289311461564,1.79785274564475,1.33852775805652
"YPL112C",298.816349634372,29.7845335516217,8.22793524848838,4.94413380383795
"YPL111W",13143.9750777523,5832.67047692398,13.6822237862268,12.5101881805426
"YPL110C",29.7599779889047,43.959070597252,4.94298256582984,5.49054030707889
"YPL109C",19.4070828954294,8.66708025415163,4.35099806495636,3.2730802186667
"YPL108W",76.5961305185014,35.1927036712648,6.27791280630805,5.17762697898443
"YPL107W",1216.42816410708,37.3331540101199,10.2496209314305,5.26052080128455
"YPL106C",84680.8891463426,2239.8686027423,16.3697658339641,11.1298423410384
"YPL105C",391.781594758041,85.2413813708112,8.61758351817119,6.43030838152206
"YPL104W",80.5647960790785,24.755252445425,6.34987470442614,4.68679477589121
"YPL103C",45.9118246500935,27.6535289486168,5.55187971088745,4.84064092612581
"YPL101W",197.941167048769,72.2642088404006,7.63619803483386,6.19503667743476
"YPL100W",99.5489555401598,26.6324648141652,6.65175428539255,4.78829235108669
"YPL099C",120.509381825496,43.2298669636332,6.92492389941299,5.46694899773448
"YPL098C",1464.40076230236,224.606176550748,10.5170795559431,7.81766275554846
"YPL097W",86.7188231129887,7.62867572368073,6.45481455098865,3.10913916039159
"YPL096C-A",424.336186966445,49.1269684972841,8.73245979229574,5.64751508252488
"YPL096W",111.971799456066,25.2886869125399,6.81981887513711,4.71637017780653
"YPL095C",1283.53222672692,40.1194611548823,10.3270273701175,5.36174945391641
"YPL094C",2801.13488850971,921.533630532831,11.4523106902167,9.84945769468062
"YPL093W",7261.14877715459,302.906253841667,12.8261807711021,8.24748255299797
"YPL092W",9631.10256904208,1351.80899709108,13.233635039619,10.4017424444483
"YPL091W",2279.02387836359,474.511354894804,11.1548332182698,8.89333598186967
"YPL089C",288.839541174097,24.4811871905988,8.1791106168448,4.67136059045997
"YPL088W",2118.61568607908,193.182070598722,11.049586993767,7.60126618840801
"YPL087W",4154.41464793614,201.182635816611,12.0207767281256,7.65951528841536
"YPL086C",411.363684822921,35.1564352284494,8.68777347584453,5.17618054001448
"YPL085W",60.2750380740595,212.976344327041,5.9372275704175,7.74130750131486
"YPL084W",89.1500569164751,59.9155612694313,6.49425649739457,5.92873891576897
"YPL083C",35.73282591789,16.3669080733606,5.19899798417498,4.11826902082466
"YPL082C",43.1509002005353,176.401517098964,5.46437094842607,7.47087453707883
"YPL081W",8323.18130676037,2397.56704491172,13.0230926730313,11.2279570510765
"YPL079W",41023.9877051703,82514.8792035586,15.3242152809254,16.3323841551966
"YPL078C",41751.2856245792,2036.90551799757,15.3495675560341,10.9928714510451
"YPL077C",28.1880491630421,11.1471577108462,4.86730588377285,3.60254687487727
"YPL076W",25.759747259356,8.99764143402423,4.74199258495509,3.32158778561001
"YPL075W",51.8569622472398,23.0254205227441,5.72402160884196,4.58648977794749
"YPL074W",38.6493755485052,17.5664484735128,5.30922623950088,4.21462596725948
"YPL072W",10.2239872342349,6.29922088063331,3.48851336808856,2.86774247883731
"YPL071C",299.756681834583,154.903116903214,8.23245297952032,7.28450596127327
"YPL070W",96.7817455542958,88.4595972962967,6.61149325478494,6.48316435893138
"YPL069C",34.5363964458687,30.8878189811477,5.15122548775484,4.99493352039581
"YPL068C",194.977223703567,23.9337856654268,7.61454218513931,4.6400300369268
"YPL067C",398.3820723208,38.6940808266776,8.64162576353215,5.31085198390105
"YPL066W",821.653489679583,31.9717302086611,9.68414107000909,5.04315769005339
"YPL065W",97.1725485883615,20.3717783402938,6.61724776350025,4.41763505417092
"YPL064C",75.7898890427951,44.1338050162652,6.26284445807187,5.49613650531664
"YPL063W",541.987942715539,134.657766432582,9.08477635248645,7.08382783432066
"YPL061W",1166615.94333143,103536.478442409,20.1538995016853,16.6597935626997
"YPL060W",38.7759597194404,5.95754836266347,5.31382483539399,2.79857903191941
"YPL059W",1009.72131778502,193.593071790752,9.98116954810207,7.60431653570538
"YPL058C",2678.92428708276,5.86497855288384,11.3879765270641,2.7792552132061
"YPL057C",6303.09485127961,310.134240221223,12.6220735263792,8.28139336150054
"YPL055C",541.855566047897,26.9900594246618,9.08442459063247,4.80684264473402
"YPL054W",125.404511319596,3.25161125026749,6.98190414333932,2.08800968883721
"YPL053C",318.036277512189,38.8626956963953,8.31757667148018,5.31696736994943
"YPL052W",167.925018855174,26.3442063005583,7.4002392059261,4.7731632815836
"YPL051W",120.145005435078,13.416710678443,6.92059111637513,3.84967013122594
"YPL050C",713.580497017428,62.273241431542,9.48095272888654,5.98352360060934
"YPL049C",286.017849429415,47.1790787803716,8.16499664961142,5.590334903331
"YPL048W",2015.6191956112,697.510333956938,10.9777229658014,9.44813764920065
"YPL047W",617.437766164581,42.284553950064,9.27248461284521,5.43578038738735
"YPL046C",338.261995854346,10.3422262663687,8.40625601810451,3.50363193695047
"YPL045W",36.8331016954318,23.007981342007,5.2415771535158,4.58544219773475
"YPL043W",1737.59229115113,262.518774458083,10.7637039375499,8.04176194045194
"YPL042C",50.5022571231946,38.7795518114176,5.6865637557091,5.3139551165822
"YPL041C",33.2385936144219,14.9179432173093,5.09755153765534,3.99258202989674
"YPL040C",24.2153531198146,24.4446550740964,4.65623052405482,4.66929072926542
"YPL039W",92.3819886580492,17.9318147613581,6.54507240735434,4.24274080607282
"YPL038W",43.3524980122195,27.3011315103296,5.4709434568737,4.82278782963031
"YPL037C",36511.8451983929,22504.6436106949,15.1561164721426,14.4579992026902
"YPL036W",582.363355737052,5.57974872767495,9.18825095524151,2.71803249030413
"YPL034W",31.0490210974156,44.9575621371378,5.00220838684926,5.52223036576208
"YPL033C",15.2593704384117,0.306498796271682,4.02319949233935,0.385705795447314
"YPL029W",31.5473824411318,12.8255781159351,5.02446961704796,3.78926790283773
"YPL028W",231252.101801947,26698.1366514067,17.8191131910897,14.7045054709427
"YPL027W",2.36599931473915,2.96528888294414,1.75103488295944,1.98742597433003
"YPL026C",962.781186916543,35.1538111769631,9.91256182960848,5.17607583269411
"YPL024W",445.382982571089,16.9758275221634,8.80213821822258,4.16798628194365
"YPL023C",192.521136414678,33.991882107275,7.59634733617196,5.1289483597454
"YPL022W",33.9015336677963,39.2885780326901,5.12521852863774,5.33229898199739
"YPL020C",61.8368628734816,38.1305852679645,5.97353925085609,5.29022478337487
"YPL019C",111.753242159349,147.864209479369,6.81702510777836,7.21785312695028
"YPL018W",164.495437470446,7.82408444472182,7.37064763381934,3.14144659729811
"YPL017C",210.518703727168,2.07073494121797,7.7246414303368,1.61858398756817
"YPL016W",54.7373639226159,28.9487617246896,5.80057286723041,4.90442444880023
"YPL015C",500.651170602928,63.5574123779494,8.97054070659449,6.0125108478476
"YPL014W",1471.73264027017,206.585960277229,10.5242798320991,7.69756506254875
"YPL013C",3019.5497924505,166.481223420519,11.5605954536333,7.38785555163449
"YPL012W",1554.26714239836,86.0015269043782,10.6029466926139,6.44296881582624
"YPL011C",78.2997187612283,30.4078321228978,6.30924384426554,4.97305246151683
"YPL010W",3171.32578500628,640.752644332606,11.6313252222482,9.32587352519198
"YPL009C",216.645801053704,130.07106181155,7.76583837687764,7.03420538876421
"YPL008W",18.2838241680968,17.1259888651261,4.26931927515154,4.17998779853343
"YPL007C",16.0539137908258,11.3926173005716,4.09203096367666,3.6314090093867
"YPL006W",122.107741042183,86.7225600965787,6.94377767143494,6.45487601114811
"YPL005W",16.2500902367334,7.35086130326054,4.10853200366207,3.06192500403699
"YPL004C",93364.2988506553,2502.20299743822,16.5105988215783,11.289559575897
"YPL003W",171.074683586639,31.2866312640565,7.42689104688175,5.01286501517724
"YPL002C",107.476162740516,11.0687190918359,6.76123424005462,3.59320065930516
"YPL001W",80.8187433650755,29.520147796573,6.3543594742681,4.9316900434578
"YPR001W",28.4749947128388,3.48947244419783,4.88141964930489,2.16654592450847
"YPR002W",211.155330278798,7.34706752558514,7.72897711572925,3.06126944197432
"YPR003C",30.8749414462825,16.6049251039914,4.99435078665539,4.13790718449511
"YPR004C",1212.71508520445,56.1118757180393,10.2452140790691,5.83571886250868
"YPR006C",42.5569849558578,32.8721975835811,5.44483218806578,5.08202968491061
"YPR008W",324.920372795195,115.040192335128,8.34837572537977,6.85848078167375
"YPR009W",144.524828823812,44.7698994824687,7.18512151036565,5.51632721845576
"YPR010C",3037.46415118862,247.055531253412,11.5691265552492,7.95451931722461
"YPR010C-A",104542.189123899,1427.13068805243,16.6737395493988,10.4799122909045
"YPR011C",92.4915607835955,34.1265708052364,6.54676423780047,5.13449083672637
"YPR013C",973.147762713137,18.4769390819632,9.92799681255966,4.28369506192506
"YPR015C",34.9102803692202,5.70663203632492,5.16632501176363,2.74558844983381
"YPR016C",7573.24662076418,163.298500011488,12.8868866814272,7.36017549881581
"YPR017C",83.7522856306004,57.5774156586539,6.40518037078789,5.8722726401243
"YPR018W",143.387438181776,15.178546595744,7.1738014218808,4.01601010356416
"YPR019W",80.6186005354189,26.304843888325,6.35082606867965,4.77108500331341
"YPR020W",31350.5930977909,2952.94785666803,14.9362511334504,11.5284286444173
"YPR021C",50.5118596583545,11.7990733948891,5.68683271942646,3.67796746316052
"YPR022C",36.454934323435,29.87191723702,5.22708388713662,4.94822317623532
"YPR023C",489.209349094274,87.7102812630323,8.93725418879655,6.47102941325387
"YPR024W",373.950103136164,55.8388485771063,8.55055481005631,5.82880542411753
"YPR025C",138.802486024506,20.7992958540732,7.12724620530451,4.44620962969491
"YPR026W",281.418542650517,22.5743517915047,8.1416910039919,4.55914619749342
"YPR027C",29.8490826270565,1.17460676144348,4.94715568283338,1.12075453907291
"YPR028W",48481.2165099548,5207.41588479621,15.5651680369994,12.3466289349663
"YPR029C",116.08447474442,49.9753498417146,6.87140597872952,5.67172786631952
"YPR030W",406.532934464247,21.3091187465956,8.67077284413261,4.47956162034629
"YPR031W",41.2095938762938,9.79937704343376,5.39949904321931,3.43287618854741
"YPR032W",13.9685814047143,13.8912284491467,3.90386559635314,3.89639086857823
"YPR033C",1713.32027767531,160.619700594288,10.743420950617,7.33645925554617
"YPR034W",155.125382481114,28.9373570333102,7.2865612959742,4.90387495612192
"YPR035W",396011.431107898,2654.51869791455,18.5951861926615,11.3747779723657
"YPR036W",5488.96109098022,593.916332660797,12.4225802091114,9.2165429759384
"YPR036W-A",40474729.7976768,88703.8403722597,25.2705181492323,16.4367252100118
"YPR037C",191.836247160511,55.695005346978,7.5912324482079,5.82514973872261
"YPR040W",258.01937327409,48.6247712939901,8.01691619765251,5.63298854820015
"YPR041W",4076.62973028988,229.604369729803,11.993515061849,7.8492760406993
"YPR042C",31.3421182371403,4.48137949722357,5.01534226566371,2.45453902153372
"YPR043W",37.7599413543329,58946.8881386318,5.27649448277459,15.8471525078266
"YPR045C",116.344682997807,15.172357894382,6.87460866319542,4.01545813081322
"YPR046W",116.843409950157,9.7194571467053,6.88072727209585,3.4221599417664
"YPR047W",70.0012540570953,14.5616320289854,6.14977260127897,3.95992146605042
"YPR048W",66.8176280733516,10.4011055142397,6.08358842176539,3.51110181774954
"YPR049C",33.4846532002517,30.1607577986054,5.10788255307268,4.96165841362058
"YPR051W",39.7932261889061,22.4863407984595,5.3502577040693,4.55375005203735
"YPR054W",20.697881766235,0.387586537221038,4.43948230278702,0.472577748346714
"YPR055W",21.0834825485575,23.7277631941605,4.4648957968654,4.628059838269
"YPR056W",51.3176124181349,24.0924846955414,5.70922479797272,4.64918343053882
"YPR057W",73.6240030363192,21.8343719101254,6.22156784723913,4.51313520189684
"YPR058W",284.687595338175,170.019793308037,8.15829458505278,7.41801949766256
"YPR060C",811.631225652881,124.919817712412,9.66645699149489,6.97636154721951
"YPR061C",160.747159439954,12.1035566791844,7.33759656599328,3.71188654840435
"YPR062W",8790.01400120277,640.844252603672,13.101813867566,9.32607945089796
"YPR063C",904.720520721052,424.708875107493,9.82292213455854,8.73372335727301
"YPR065W",19825.0216385578,64.2124245104958,14.2751075897362,6.02707495308638
"YPR066W",9.30720881202221,5.91321288908029,3.36558179924839,2.78935635343206
"YPR067W",251.814702528698,47.9356860674802,7.98193655617129,5.61281502091909
"YPR068C",11.0130624718558,3.52560829445616,3.58653207688405,2.17811172024312
"YPR069C",6367.32871156593,994.673678893211,12.6366990894989,9.95952918208729
"YPR070W",38.6249617688481,4.77773318128504,5.3083376381919,2.53050358103561
"YPR072W",186.464805497278,70.0418518260064,7.55047596031407,6.1505972833515
"YPR073C",1278.34750933117,91.6339499993348,10.3211924815569,6.53346912767287
"YPR074C",15939.0495707805,1247.0594427108,13.9603684954153,10.2854709333349
"YPR075C",898.347378323605,58.4079919074408,9.81273466278263,5.89258511866869
"YPR078C",19.3380296504136,1.08425932773825,4.3461080124668,1.05953479180352
"YPR079W",229.144439286505,38.0095291861709,7.84639577458853,5.28575468117921
"YPR080W",1243323.31811153,262237.425698311,20.2457712382822,18.0005195730501
"YPR081C",87.7507411420529,22.2203929582745,6.47168726213852,4.53732048199855
"YPR082C",285.339520179552,50.5076909581012,8.16158299260333,5.68671596172077
"YPR083W",48.8399691672544,8.71034141786536,5.63923127074801,3.27952202202983
"YPR084W",75.4984897111698,26.3545334704712,6.25735936023887,4.77370804576131
"YPR085C",124.239782714125,102.201694334751,6.96854910034953,6.6893228464688
"YPR086W",509.18288511243,140.378917272714,8.99487069205189,7.14342318818344
"YPR088C",322.106770641913,64.8961351616273,8.33586717209935,6.04212194787999
"YPR089W",48.1509930188162,34.0398604379415,5.6191486591409,5.13092512365377
"YPR091C",125.002173949254,32.3458347147011,6.97730481491858,5.05943465804412
"YPR093C",155.564716180172,52.1747848651283,7.29061530963636,5.73267038622065
"YPR094W",683.216353842121,31.0772286787747,9.41830877696292,5.00347760001888
"YPR095C",26.4968224293474,21.651623104065,4.78119300333214,4.50154252530404
"YPR096C",5.81976611971941,0.291661497466374,2.76972226363263,0.369228036044132
"YPR097W",30.45671701906,23.7299714738367,4.97529620659878,4.62818867045921
"YPR098C",1568.63416740672,212.346717713901,10.616212635901,7.73705610498071
"YPR100W",224.37639151413,334.659299118266,7.81619258891692,8.3908538012215
"YPR101W",214.596592004199,54.5177781744885,7.75219056296022,5.79487792719859
"YPR102C",197172.903988318,66856.6140748366,17.5891090977656,16.0288042504512
"YPR103W",9574.80577217198,365.277343936164,13.2251781747917,8.51679265576302
"YPR104C",57.6153019595669,17.0937887354661,5.8732054349508,4.17742262653666
"YPR110C",5371.2377189235,133.440751699083,12.3913074293984,7.07082670410206
"YPR111W",76.56629276854,15.4505683693419,6.27735794549163,4.040065525016
"YPR112C",1411.56938023459,160.835554432083,10.4641060138269,7.33838478498328
"YPR113W",2729.17431408741,332.083935282918,11.4147773508406,8.37974196394141
"YPR114W",2699.26866226337,271.278359162233,11.3988872395058,8.08893851049639
"YPR115W",148.827669634404,11.2888479135562,7.22716026990034,3.61927776346136
"YPR116W",20.4559318287647,31.1853124292648,4.42330465342158,5.00833056833226
"YPR117W",19.6485940627379,36.2423888399096,4.36797164855302,5.21887370959283
"YPR118W",386.400137040338,132.861198453738,8.59768065406019,7.06459402563704
"YPR119W",440.190511528705,3.14546694196943,8.78525795369205,2.05153461485065
"YPR120C",157.144443941413,23.1124356070661,7.30509906059066,4.59170548040941
"YPR122W",22.7106285912292,36.1768122712946,4.56746200542673,5.2163311664477
"YPR124W",8669.15524497825,48.6857986609307,13.0818421107684,5.63476165031337
"YPR125W",115.046087222884,82.7311775026122,6.85855406929204,6.38769300862153
"YPR127W",10081.3056740814,208.068728120716,13.2995379791201,7.70783347380104
"YPR128C",175.12273851502,51.7224757262731,7.46043737165889,5.72034621246693
"YPR129W",127.251014391288,224.077521013704,7.00282642653487,7.81427816863946
"YPR131C",145.374487880034,31.048105789803,7.19352031295739,5.00216718345006
"YPR132W",160637.950286483,196992.298594329,17.2934622214139,17.5877870267115
"YPR133C",305.508991871192,84.4625955919664,8.25978558779418,6.41722122878906
"YPR133W-A",13880.357429983,897.475806154921,13.7608610326061,9.81133584564099
"YPR134W",110.054733981158,46.5695563472586,6.79512708239462,5.5719666650985
"YPR135W",31.6115615968349,13.9400432657685,5.02731162073512,3.90111242100777
"YPR137W",503.603304810002,82.7754250139514,8.97900584479561,6.38845519549305
"YPR138C",1257.59347904847,33.1547146318836,10.2975966578962,5.09401283318505
"YPR139C",515.003246659948,41.7793331136934,9.0112363327982,5.41884208741682
"YPR140W",452.374568918418,24.720650607051,8.82455965821499,4.68485523116499
"YPR141C",33.1586833700333,11.509037959853,5.09418046293327,3.64489893443753
"YPR157W",94.3027724890646,10.6521454983273,6.57444627962114,3.54252371627441
"YPR158W",2712.81604435735,36.4554520514522,11.4061072158507,5.22710382892785
"YPR159W",1588.40954304317,34.932662885654,10.6342751963777,5.16722394894642
"YPR160W",68190.670177387,691.743566135297,16.0573078999173,9.43617759649505
"YPR161C",86.4664268827864,43.6233288909321,6.45065745395443,5.47972623723005
"YPR162C",28.3038285884094,8.14644089703544,4.87301726208336,3.19321046480806
"YPR163C",7397.1826708894,752.786503789915,12.8529552076075,9.55801215419903
"YPR164W",35.0370490840785,22.7055263477873,5.17140897490491,4.56715152131646
"YPR165W",26833.3417233298,1217.53403190771,14.7117928771579,10.2509308286892
"YPR166C",2494.24782156013,146.331106874341,11.2849673920806,7.20291825691269
"YPR167C",15058.5452675607,3048.59181295931,13.878390587133,11.5744004359183
"YPR168W",120.93271605574,11.6578401060979,6.92994146059528,3.66195934372437
"YPR169W",795.421340465584,116.659621356761,9.63738806900916,6.87847548837467
"YPR170W-B",437.467159944281,165.128830359319,8.77632498236552,7.3761586532442
"YPR171W",33.7621670015028,32.4514319813518,5.11944611446417,5.06399606563977
"YPR172W",1170.79787412341,68.2011132979644,10.1945080223845,6.11272334281486
"YPR173C",793.337928877443,70.4181895624164,9.63360908202747,6.15821965722874
"YPR174C",143.439863467671,54.2501417436762,7.17432515146159,5.78790626061562
"YPR175W",71.7843535256891,10.7565472945389,6.18555644205592,3.55539252135216
"YPR176C",253.893784836348,90.5264107232364,7.99375238582964,6.51611620026758
"YPR178W",36.0867661906257,18.6726926461467,5.21283257129816,4.29812253096741
"YPR179C",47.7891221393563,27.3574657086939,5.60848762003302,4.82565670035367
"YPR180W",157.573667767519,59.1115261958703,7.3090094114141,5.90956974458026
"YPR181C",1342.71596244741,291.364283003629,10.392012495044,8.19162326344215
"YPR182W",1603.88740687667,392.704774637218,10.6482563712691,8.62097039859799
"YPR183W",3839.63348364803,1517.90804873706,11.9071285769473,10.568818819646
"YPR184W",5736.69628149504,64.2506567339475,12.486255887349,6.02792051706094
"YPR185W",113.673055285126,61.9469896927901,6.8413826310573,5.97606548062946
"YPR186C",43.4188597052257,7.43180391433018,5.47310045223124,3.07584131679572
"YPR187W",5499.18959342406,912.52558446666,12.42526563435,9.83530132373565
"YPR188C",744.013069409176,54.9326322332322,9.54112192408298,5.80561832116066
"YPR189W",32.6660667199554,25.796170052491,5.07322327268835,4.74395490746846
"YPR190C",595.302548359943,37.5809443047624,9.21990069205483,5.26981655001946
"YPR191W",33921.3052061126,1161.64853004386,15.049946591798,10.1831993190502
"YPR193C",4099.73392438547,32.7199097745443,12.0016664222743,5.07552877090663
"YPR194C",1004.84852423646,29.9986972609588,9.97419734349632,4.95413568152731
"YAL067C",21.7818926428938,12.223069002886,4.50981570115609,3.72498515232217
"YAL065C",4326.80554835723,12.0760029963157,12.0794199638816,3.70884970769323
"YAL062W",245.182598040974,15.5592895013749,7.94358497512555,4.04956886827817
"YAL037C-A",906727.049978578,0,19.790310390375,0
"YAL034W-A",29.9780059204753,10.3329836494245,4.95317237454641,3.50245582626234
"YAL020C",22.0459485937976,24.8380857706957,4.52644124652383,4.69142728599423
"YAL008W",1902.45432631623,96.4866293351464,10.8944042372848,6.60713245616344
"YAR029W",3229.69320266961,28.8482771255197,11.6576280386691,4.89957575487987
"YAR031W",109.276791262684,23.8677226458514,6.78498538457169,4.63620248832983
"YAR035W",5223.43446290607,7.47753371267762,12.351059160761,3.08364461643928
"YAR035C-A",1411.81641131456,0.0213957305491164,10.464358291244,0.0305419336866687
"YAR068W",13862.1899487716,5210.72051565885,13.7589716423459,12.3475440045075
"YBL100W-C",81.3758688202184,0.26520891349202,6.36414987122669,0.339375624898893
"YBL054W",650.849323673765,36.5584612826284,9.34839471080988,5.23106605390158
"YBR010W",83082.6084040548,22842.3887845301,16.3422762547786,14.4794890679026
"YBR013C",308.706324121518,0.548942404986118,8.2747570325406,0.631283500753877
"YBR017C",172.31795959592,60.6447739449038,7.43727734731658,5.9459066874335
"YBR018C",15408.0389330408,63.773377779081,13.9114892628315,6.01732907407881
"YBR019C",16731.7536896421,1.14087568580666,14.0303872670942,1.09820102520627
"YBR020W",14204.8149052352,906.918692489992,13.7941939725004,9.82641929434627
"YBR048W",34018.1674948393,67615.0902657471,15.0540602158546,16.0450789778971
"YBR060C",37.792639063856,22.1530859052838,5.277711020662,4.53313258744621
"YBR072C-A",179.355044887333,0.13398074283523,7.49469596849845,0.181396140763377
"YBR073W",64.9250653519389,15.9407316310672,6.04275519113073,4.08242427756924
"YBR092C",22920.8332321273,1896.06172916002,14.4844348114773,10.8895509085375
"YBR093C",7177.40581499577,245.299195806484,12.8094477696345,7.94426810706393
"YBR181C",95357.496681766,46210.9968725905,16.5410738715696,15.4959798108834
"YBR218C",2553.14406993557,232.54087455704,11.3186241891544,7.8675312637353
"YBR298C",2794.63464027837,111.817858969635,11.448960112793,6.81785165296824
"YCL042W",799.640521656922,0.616308100969049,9.64501082437862,0.692702231117254
"YCL021W-A",113.559117028323,0.980303042465943,6.83994846786864,0.985721220410571
"YCL018W",9054.23323668935,671.402961529816,13.1445360859791,9.393182268565
"YCL009C",47495.8385100385,17044.3330738936,15.5355438673576,14.0570891702482
"YCL008C",160.67784616732,51.5184895835029,7.33697819750293,5.7147535202247
"YCL001W-A",6.02314294275779,0.488801591135403,2.81211679879192,0.574151502370213
"YCL001W-B",53.8881937644655,0.575540173165815,5.7784239594335,0.655846540701495
"YCR041W",61.6788596003683,15.3228363336705,5.96990702607213,4.02881986353137
"YCR060W",7229.71670688277,28.6871424507152,12.8199229385078,4.89176632763308
"YCR077C",128.094518388318,44.4465105230081,7.01228393200086,5.50609762045269
"YCR097W",926.349087672748,87.0719424802719,9.856968713362,6.46061058064375
"YCR098C",2241.84569252156,52.3986998844537,11.1311146512781,5.73873271146153
"YCR099C",125.924553153701,0.244288737209473,6.98782737074772,0.315321301710592
"YCR100C",34.3796948111882,0.11262317262017,5.14484969813664,0.153965058049181
"YCR101C",31.7904273347209,0.375786695329203,5.03520279837696,0.460256809105902
"YCR105W",9812.9527229545,8.02684679653613,13.2606186061474,3.17422212220871
"YCR106W",106.587328638247,68.6569629004007,6.74936436072447,6.12219566651929
"YCR107W",1152.33283250684,5.56761959677367,10.1715931953231,2.71537056716725
"YDL243C",6783.77013489206,2358.80552156058,12.7280842232437,11.2044522524521
"YDL241W",323.374675195102,3.32706254962111,8.34151737863746,2.11338797571149
"YDL226C",618.063008522632,203.980413360493,9.27394244486362,7.67934225122399
"YDL061C",23538.9422452756,46248.2481610187,14.52282316031,15.497142292569
"YDL009C",956.378845294917,0.0615109815722555,9.9029461176986,0.0861192963284378
"YDR034C-A",614.123238603062,3.15124857923869,9.26473166999864,2.05354532396691
"YDR036C",224.495374962275,48.0709170741388,7.81695403306728,5.61679632871349
"YDR037W",47543.8296144696,3870.72808731505,15.5370008395598,11.9187619199045
"YDR038C",403.124023281916,13.8053731752202,8.65865430531374,3.88804894955376
"YDR055W",42978.0262622762,1617.60354849263,15.3913451768219,10.6605339480888
"YDR104C",7.88340026398671,27.7253493929135,3.15111199696206,4.84425253569114
"YDR155C",318580.400009556,130433.664793516,18.2813025137505,16.9929678108738
"YDR169C-A",39.4517577631109,0.0124727005224881,5.3381304887917,0.0178830088843829
"YDR206W",115.006873833347,11.1086249006563,6.85806648264025,3.59796313154254
"YDR207C",73.9110278873468,13.9856661064586,6.22710621286722,3.90551130734255
"YDR213W",209.873304855942,11.3115657681013,7.7202326609633,3.62194234836085
"YDR249C",20.5401991275493,15.8491986786963,4.42895968177041,4.0746080756262
"YDR259C",1254.92747780557,23.904640777274,10.2945374444083,4.63834269671967
"YDR312W",185.92021307957,28.824759575231,7.54627877669024,4.89843860293293
"YDR334W",54.7649413741017,109.0390040789,5.80128650006884,6.78187117731744
"YDR342C",127689.035327262,928.712737627155,16.9622864188599,9.86064121135057
"YDR345C",64928.7883267403,3950.17242726483,15.9865928856886,11.9480650908693
"YDR398W",1115.12792658484,51.4943914330839,10.1242866778439,5.714091386544
"YDR461C-A",2119.65911536565,11.7455804219562,11.0502970186395,3.67192516874266
"YDR504C",176.680537009302,11.4305103132574,7.47314184808003,3.63581361986129
"YDR517W",1548.31010904691,426.636408006934,10.5974102267277,8.74024087588979
"YDR523C",4.51050564725117,0.336987823931594,2.46218470741916,0.418986326737552
"YDR534C",13.2583444400037,4.03124155705109,3.83373457268209,2.33091445712366
"YDR536W",680.007768004613,325.338541459535,9.41152744439653,8.35022557343173
"YDR540C",728.286287560913,11.9983271956505,9.51034145777744,3.70025406415462
"YEL073C",7940.77914590982,64.4082646559219,12.9552465259663,6.03140103374211
"YEL067C",44.0417724853776,0.0227039153383631,5.49319169640739,0.0323885285622906
"YEL033W",37028.3036686955,51281.1593150246,15.1763797996189,15.6461693897021
"YEL021W",1695.15063838043,279.920458783319,10.7280485887575,8.13401788618787
"YEL017C-A",483296.995631781,21979.3431899309,18.8825534859662,14.4239262915211
"YER011W",261666.943350853,169296.61762105,17.9973776666809,17.3692021460137
"YER014C-A",2.99610608723349,0.491434704116854,1.99859488380452,0.57670081702352
"YER056C",72821.4456076587,2108.68690370541,16.1520955714002,11.0428131907091
"YER060W-A",124.858900560782,7.16571818237304,6.97566343520369,3.02957977771385
"YER066W",136.961861291517,4.60636847272692,7.10812568771865,2.48706656711501
"YER134C",48.8353181567242,86.0945471633099,5.63909663376804,6.44451049193528
"YER162C",84.6412978288112,34.8506951676932,6.42023475372385,5.16392918885666
"YER172C",30.0858858343579,43.7125400845808,4.95818778589481,5.48260760147773
"YER180C",72.523067089594,49.1061791482019,6.20012504626202,5.64691662399177
"YER180C-A",212.515032423738,2.43818005231436,7.73819383545057,1.78164509856213
"YER182W",1287.49798528917,55.7300552804797,10.3314745660462,5.82604136472794
"YER183C",180.433332692567,32.1100234147252,7.50329572002142,5.04919612586679
"YER184C",103.839671559337,15.8608968362153,6.71204092890034,4.07560937059495
"YER185W",646.620639564735,665.610629857126,9.33900515460482,9.38070051280328
"YER186C",334.164492779712,35.3260432507874,8.38872550825123,5.18293232622448
"YER187W",1670.2014076415,20.8820985414305,10.7066698973524,4.45167919728363
"YFL067W",785.795405066015,0.00658343867078606,9.61984472198722,0.0094667664641605
"YFL056C",41368.5465936897,215.517853804958,15.3362815254082,7.75834218255062
"YFL054C",236.441152393531,18.9441205818554,7.89142618881878,4.31789160536847
"YFL051C",6876.05065241937,8.10338135110591,12.7475742563603,3.18640251809947
"YFL010W-A",2243.85469935493,0.00751991966607457,11.1324063526557,0.0108083625441812
"YFL009W",128.884572696205,26.212152473443,7.02108627170424,4.76617917275176
"YFL008W",221.23600223362,30.0139684862066,7.79594874203961,4.95484623706023
"YFR026C",7754.92074936957,2010.31580702156,12.9210823466066,10.9739239090467
"YFR027W",59.8803550457253,3.01481680078706,5.92790486734928,2.00533415794781
"YFR035C",294.358300735683,1.85356018423555,8.20632234773814,1.51276299111407
"YFR055W",14187.5356628716,44.0793284488584,13.7924380823429,5.4943941185892
"YGL263W",185.150218063398,16.0819694674551,7.54032349599261,4.09440241511087
"YGL262W",2522.74777369117,15.0972731232786,11.3013520175547,4.00874441150562
"YGL259W",33.0779771744425,0.0101318565964271,5.09076779644253,0.0145436260875279
"YGL258W-A",246.95598197668,1.87317232022835,7.95394022078849,1.52264452196323
"YGL258W",1512.10464123809,649.617326726432,10.5632960476133,9.34566543337947
"YGL166W",49.1626563578237,272.824135383404,5.64854184280378,8.0971058038773
"YGL147C",188332.618744133,119016.803488526,17.5229310275821,16.8608178722006
"YGL097W",295.936848657451,46.0073680321089,8.21401232680652,5.5548150004068
"YGL053W",779.03195423723,1.4657490303538,9.60738941538463,1.30202596637106
"YGL051W",69.2456431061326,2.89104200860917,6.13433684172837,1.96015655607149
"YGL049C",181.128869577868,68.3228340849409,7.50881581442687,6.11525873144993
"YGL007C-A",608.420351930873,0.941389918035447,9.2512938702052,0.957089904925054
"YGL006W-A",89.3329382384329,1.53236981674765,6.49718023063973,1.34048810533044
"YGR063C",358.415831860582,93.3953496398958,8.48951014910586,6.56064388226349
"YGR074W",20.7674921408181,108.09154981372,4.44410329734144,6.76939554520357
"YGR108W",1868.08221186387,109.837900014512,10.8681143123004,6.79230747200631
"YGR109C",76.3010273658292,7.85991477451311,6.27241568323849,3.1472928212432
"YGR123C",638.873449548059,44.5985744579877,9.32164279525856,5.51091681720415
"YGR174W-A",11370.8090008808,2.02103728360059,13.4731741526015,1.59504398894297
"YGR189C",30629.7293823101,2663.20229998902,14.902692100509,11.3794879189143
"YGR237C",243.050802314212,769.855081599322,7.93103768435751,9.5903158531455
"YGR238C",47.4475415541083,13.2812396260683,5.59835155355796,3.83604930708081
"YGR254W",912948.081614653,71288.6548925005,19.800174872707,16.1214051165533
"YGR287C",6719.87479750377,21.5175913038312,12.7144333128865,4.4929806061478
"YGR288W",140.607507793145,0.946447845241724,7.14575394650072,0.960843688420526
"YGR292W",15655.5485949682,14.1873825429623,13.9344785925797,3.92480134605245
"YHL048W",1576.95929198785,181.968492937093,10.623844272013,7.51545142846517
"YHL047C",993.255000534709,64.332832361235,9.95747210275541,6.02973628085222
"YHL044W",55.1774098507735,7.09406305137169,5.81191820312547,3.0168640873996
"YHL015W-A",167.859613001167,0.0429657171210245,7.39968050257786,0.0606917364268431
"YHR043C",10817.905358475,581.787409609157,13.4012669162568,9.1868258998974
"YHR044C",581.58249285432,160.036942397971,9.18631853757678,7.33124787501322
"YHR057C",1055.36200815166,120.303203988944,10.0448886059742,6.92247384672874
"YHR091C",32.1854670251108,12.6145550334534,5.05247967257056,3.76707792622092
"YHR092C",128909.513823056,1039.5988215575,16.9760104078169,10.0231982632876
"YHR094C",2232.22191175876,1641.93551859133,11.1249109012891,10.6820601436269
"YHR096C",21924.8991472573,1253.33629558617,14.4203483861278,10.2927084804334
"YHR098C",331.561562475469,144.771487731986,8.3774776210861,7.18756475216749
"YHR129C",213.225696970796,32.0410340751288,7.74298773554331,5.04618693393633
"YHR131C",25.4600397365807,6.65542765861483,4.72574332308463,2.93648297390131
"YHR174W",6992817.27765868,3047951.99435906,22.7374425836888,21.539409223032
"YHR175W",659.722129233323,36.4285758624904,9.3678998547571,5.22606825038652
"YHR175W-A",7564.72037524557,34.6877455414932,12.8852617408404,5.1573568615352
"YHR176W",125.391633272424,41.6409780722771,6.98175715458806,5.41416862500698
"YHR211W",751.311236329693,4.34039573151428,9.55518582802795,2.41694665178916
"YHR213W-A",144.340361197522,0.145735939732905,7.18329158657646,0.19627458132464
"YHR213W-B",97.238316547931,0.251340804838846,6.61821393319357,0.323474763516707
"YHR216W",4156.19089751169,369.612478747214,12.0213932824608,8.53376764837583
"YIL165C",1863.19427102007,97.7702453625957,10.86433649832,6.62600458879186
"YIL074C",11688.2040005748,684.21516069331,13.5128890695967,9.42041326182578
"YIL029C",89.619923991372,495.936737731437,6.50175637566013,8.95691839172263
"YIL011W",30498.9051907618,3254.7085556685,14.896517137601,11.6687558429546
"YIR018W",231.087780154521,4.83260892427735,7.85852675392813,2.54414134486655
"YIR018C-A",1900.6243624914,0.195382339838608,10.8930165761327,0.257472134160694
"YIR019C",8845.19494832219,48.4070639640627,13.11084132069,5.62664542044932
"YIR034C",39476.0856066137,1578.43146542392,15.2687278664035,10.625189621786
"YIR039C",26.4352906343797,2.63328251281721,4.77796095389388,1.8612735496218
"YJL222W",23.4594486364473,0.748214418885185,4.61231997796654,0.805882142556577
"YJL216C",28.306173963962,1.58735690493218,4.87313272570845,1.37147907584739
"YJL214W",14.0648809536937,0.704120899847698,3.91311736734218,0.769027692032854
"YJL212C",987.242389116485,60.3160577129563,9.94872112904179,5.93819303746784
"YJL174W",2240.67155606146,223.765417003593,11.1303591983305,7.81227626556697
"YJL172W",946.17834106697,61.1706071794568,9.8874922813069,5.95816076368573
"YJL165C",1453.48368530073,525.017911452865,10.506291398723,9.03896811538406
"YJL156C",77.2427792882702,5.23133261247784,6.28988571254701,2.63954072630274
"YJL084C",67.4710459311946,21.1234570983731,6.09742214541033,4.46750493927428
"YJL020C",729.658431868047,269.607749564239,9.51305332260879,8.08005934504559
"YJR017C",305.566740771846,184.765705538466,8.26005737820571,7.53734037816773
"YJR059W",1585.27973412632,345.692605841021,10.6314314916754,8.43751325726371
"YJR121W",133938.814158204,4787.69192343239,17.0312253458583,12.2254159086192
"YJR127C",85.7605532198056,10.3306883573,6.43896734712445,3.50216360472157
"YJR130C",611.062780226729,39.5120458810817,9.25753582974578,5.34027903866168
"YJR131W",60.6121852027956,19.4801510162519,5.94514379959254,4.35615444838906
"YJR143C",346.74909131134,136.905176524761,8.44190293470087,7.1075328018582
"YJR144W",743.285360714294,116.275181706851,9.53971204975875,6.87375392593047
"YJR147W",165.481845288227,6.37927517002228,7.379221050911,2.88347911439271
"YJR148W",36953.101712281,459.137605941886,15.1734468844228,8.84592155903654
"YJR149W",473.050858710627,12.6463164869362,8.888898037239,3.7704396758356
"YJR150C",29191.2619745713,37.8431220245671,14.8332983825466,5.27958725723935
"YJR151C",307.733909942542,15.9707186808245,8.27022014055793,4.0849757567218
"YJR154W",12259.764702244,6.71675729814157,13.5817613420798,2.94799473186056
"YJR155W",38905.6990755899,4443.99945584517,15.2477309638363,12.1179675271031
"YKL221W",9.51341824476308,1.59045636272194,3.39415990624174,1.37320628101517
"YKL185W",906.524580836768,215.462334102445,9.82579290965561,7.75797219795473
"YKL183C-A",160.771936128219,2.40098514895233,7.33781754339985,1.76595270625757
"YKL128C",482.001601235603,82.4947830084909,8.91588416163253,6.38361415160084
"YKL127W",39517.7222290779,399.721045305232,15.2702486801265,8.64645446984589
"YKL096C-B",86.0825902795014,0.473642442972241,6.44431241614582,0.559386518783863
"YKL086W",907.367036713708,13.2255501236556,9.827131543516,3.8304125397091
"YKL071W",167.651110290546,2.21636720649894,7.39789800593919,1.68543212565634
"YKL070W",143.037214080136,0.259161943367442,7.17029779055801,0.332463842920584
"YKL069W",417.543386649294,21.5305450526042,8.70923337159312,4.49381031015522
"YKL037W",59.1009446016834,0.457358669043457,5.90931576072324,0.543355981294355
"YKR064W",45.8012847438674,16.8288087620997,5.54847622871668,4.15613840691229
"YKR065C",808.224865349779,117.99414979604,9.66039684057263,6.89474683668853
"YKR066C",20364.0439058508,265.608173082347,14.3138073042608,8.05857719782589
"YKR067W",643.165419416042,33.7227635630986,9.33128740470834,5.11780987043798
"YKR068C",1299.52186105796,201.705473909082,10.3448749350578,7.66324123800163
"YKR069W",4253.08874904486,505.818904239943,12.0546344158618,8.98532652748268
"YKR070W",302.462224401134,122.62278633061,8.24537312780078,6.94980087716198
"YKR071C",3601.33581663084,254.358645216115,11.8147169629649,7.99638109237033
"YKR072C",377.092440290942,45.4035107722235,8.56259519365211,5.5361620550262
"YKR074W",941.309055985504,86.334430999907,9.88005649845721,6.44847863350527
"YKR075C",5448.62264276756,44.4590550858213,12.4119406190918,5.50649579142395
"YKR076W",2892.00283061217,93.2858198670576,11.4983520195121,6.55896890772028
"YKR077W",617.445893438843,28.4721473518738,9.27250357207098,4.88128027448863
"YKR078W",18.1903443262338,7.1247219645883,4.26230869247034,3.02231844353025
"YKR102W",13.8257834695448,1.27104152594227,3.89003644099158,1.18335408593175
"YKR103W",20.7099896836206,3.50557813384544,4.4402871352857,2.17171223751885
"YKR104W",67.8216779847256,0.166938016934716,6.10479116264854,0.222727932908373
"YLL063C",23.2720210036491,6.96125082772948,4.60122233401307,2.9929951168485
"YLL062C",3167.84697822095,47.3242499643556,11.6297422791591,5.59467543557836
"YLL061W",3943.35023804833,93.3751542081474,11.9455719459776,6.560335191565
"YLL060C",216.643712912901,1.46778216001912,7.76582453528356,1.30321504824305
"YLL057C",542.193389001079,165.6038427322,9.08532211097483,7.38027786674921
"YLL056C",3861.52051966212,3359.29309399987,11.915326882025,11.7143713589812
"YLL053C",88475.4095680944,803.785676435412,16.4330052207798,9.65246081807983
"YLL052C",58871.4565882,3.34213040834526,15.8453052082137,2.11840305544356
"YLL039C",236629.092867366,3564.67923367046,17.8522740310807,11.7999612094962
"YLL025W",107026.494882026,7.0124984353224,16.7076219405437,3.00225217000248
"YLR037C",21982.6857273436,11.2101814221363,14.4241456645985,3.61001273132012
"YLR079W",1162.34154509487,112.545408340211,10.1840590040657,6.82712555589221
"YLR108C",2830.62485716881,116.590679519045,11.4674144298317,6.87762990348181
"YLR119W",118.728865087068,14.7577231736303,6.90362719917984,3.9779871903791
"YLR121C",890.88680267023,347.527195816917,9.80071680621024,8.44512742474757
"YLR125W",55.3665120927478,2.32321723834496,5.81676639250344,1.73258060492853
"YLR126C",741.512355094894,247.065945512854,9.53627122172966,7.95457988545702
"YLR127C",10.1964225672763,10.7494370510172,3.48496593709032,3.5545197297064
"YLR130C",2301.5088755145,118.670513849619,11.168991002167,6.90292391379173
"YLR132C",107.588583855032,7.79799404530187,6.76272862734182,3.13717462479698
"YLR133W",423.144273357437,107.875111322217,8.72841127308512,6.76653038372106
"YLR134W",64425.9338144377,236.860418694964,15.975376315672,7.89397140898033
"YLR135W",15.5040156901884,43.2450220998073,4.04474519277955,5.46744324509094
"YLR136C",6479.57915263647,113.338925059403,12.6619070334665,6.83717282193742
"YLR137W",53.8732376381213,14.3487366161478,5.77803079529259,3.94004800438312
"YLR138W",247.53885837412,102.800894133198,7.9573276206405,6.69767506079205
"YLR139C",39.6480708797197,36.1719959296892,5.34511497982473,5.21614424987628
"YLR141W",12.0977587257239,3.89835097264325,3.71124805535833,2.29229614841216
"YLR142W",4934.38163258355,100.889613559631,12.2689459312785,6.67086318308678
"YLR143W",29.6100245478509,14.4443896793317,4.9359322967287,3.94901095555839
"YLR144C",33.7808628097936,27.8794930879365,5.12022181695023,4.85197351419214
"YLR145W",146.191513725295,21.5956581409539,7.20155068549464,4.49797367370917
"YLR146C",136.443212801347,56.9569647564325,7.10269185544986,5.8569101368922
"YLR146W-A",1169.69474076092,6.71670297610986,10.1931492260843,2.94798457598827
"YLR147C",1217.13077912105,37.097046628737,10.2504533146723,5.2516072558809
"YLR148W",26.3332181793415,25.8358013548966,4.77258342588073,4.7460870645513
"YLR149C",886.150744466546,22.5395803784066,9.7930354575664,4.55701669770264
"YLR150W",220957.707187155,30711.5507840662,17.7534172580695,14.9065407176757
"YLR151C",104.460763922005,6.63115182591718,6.72056254203651,2.93190083007731
"YLR152C",1422.73831654297,354.538878258113,10.4754682876247,8.47386351728009
"YLR153C",184830.056172319,2477.43920017789,17.4958476598783,11.2752161524363
"YLR162W",616969.502047971,0.301477934653475,19.2348419888254,0.380150852398299
"YLR163C",267.326197820702,83.1112589115066,8.06784410766381,6.39422702365094
"YLR164W",77.8729720779838,24.6799813572683,6.3014591019791,4.68257225000388
"YLR165C",38.3633914575351,7.56074039904697,5.29878262014235,3.09773557744888
"YLR166C",34.5125892629428,25.8245136550258,5.15025864760399,4.74548010915553
"YLR167W",3330137.36533007,442795.989324367,21.6671506910136,18.7562858873838
"YLR168C",19264.1470101622,202.587582017483,14.2337055746319,7.66950575556866
"YLR172C",1674.39532239802,560.278698659546,10.7102858353794,9.13257349774485
"YLR173W",79.984851168252,8.98183476426657,6.33958016105257,3.31930502217779
"YLR174W",332.650868525969,10.9861717059948,8.38219544910738,3.58329904115453
"YLR175W",22945.2204972143,2023.24215895775,14.4859689245193,10.9831661738196
"YLR176C",34.2149495719149,9.93839593238294,5.13811611166544,3.45132928365126
"YLR177W",3110.91355728494,64.7844803436554,11.6035862703691,6.03967536316186
"YLR178C",237699.805469441,2089.42652779656,17.8587872664206,11.0295816225448
"YLR179C",122749.28043103,9807.28183130756,16.9053667949116,13.2597847187059
"YLR180W",74347.6917635884,5332.04747460608,16.18201973645,12.380744455562
"YLR181C",257.737993444018,35.0159448398582,8.01534810668362,5.17056384723732
"YLR182W",104.82949592267,28.8691470134335,6.72559796931281,4.90058413343795
"YLR183C",549.756577748373,18.365134783975,9.10527101007454,4.2753896376425
"YLR185W",50472.4612065989,94838.9323074507,15.623237402076,16.5332070126378
"YLR186W",2683.75770283909,378.616545676613,11.3905761767142,8.56839906370749
"YLR187W",42.2292492927387,69.419376114285,5.43393587789317,6.13790054048071
"YLR188W",185.042081333044,60.3986289494888,7.53948517489214,5.94013453501282
"YLR189C",111.620303513106,84.5684478730198,6.81532313386346,6.41900701664777
"YLR190W",870.128745130412,303.572734505089,9.76674214193428,8.25064298663958
"YLR191W",113.250113867633,20.4692792894548,6.83605179292405,4.42420185650876
"YLR192C",11388.1066063359,701.614115916128,13.4753669619634,9.45658875118787
"YLR195C",211.860820316823,64.4198674110447,7.73376661802286,6.03165693034562
"YLR196W",3004.73297923741,156.20580953852,11.5535011346879,7.2965107231317
"YLR201C",341.976862583694,80.2841481381137,8.42196744441869,6.34490212329642
"YLR203C",955.587450882326,46.9266977507966,9.90175305503937,5.58275763357832
"YLR205C",27842.8752132483,1040.94622053625,14.7650723939641,10.0250651003131
"YLR209C",190.147322249156,40.5851843260557,7.57854117961549,5.37799772165632
"YLR303W",171463.239974341,45033.1390977315,17.3875481984086,15.4587314617449
"YLR406C-A",43.2062696653874,0.261075463311842,5.46617909286837,0.334654609756749
"YLR438C-A",7321.7861853015,298.404177901085,12.8381769565219,8.22595054275129
"YLR460C",1399071.54929108,5657.29569176556,20.4160393451139,12.4661518558638
"YML125C",899.472795799002,210.573154669431,9.81453888127694,7.7250127733596
"YMR032W",146.56234699396,10.609739697333,7.20518083031221,3.5372637207018
"YMR030W-A",28.3622352269857,0.974973794455782,4.87588989372723,0.981833510576064
"YMR042W",1077.11472933739,88.8256512699523,10.0742949976679,6.48905558523753
"YMR105C",190691.597939946,1044.2193051544,17.5408893184934,10.0295899611924
"YMR105W-A",105.458095201473,0.0836139326603334,6.73414184800054,0.115850848348713
"YMR121C",30362.3939402209,406.330251700629,14.8900454399689,8.67005515451565
"YMR165C",210.127607214067,209.386678081948,7.72197142874729,7.71689954424527
"YMR169C",30542.794306246,4794.67889463268,14.8985916717689,12.2275193477866
"YMR170C",2333.69583598829,258.993931576382,11.1890188926293,8.02233414000218
"YMR173W",1303.65706404871,10258.7933647863,10.3494549213311,13.3247140544905
"YMR182C",660.364603991078,24.9298213967741,9.36930202482141,4.69654036390635
"YMR182W-A",1006.65972582101,0.229667034335218,9.97679282553497,0.298267719675237
"YMR186W",542713.375604697,22716.8980067934,19.0498335982248,14.4715417339579
"YMR266W",1788.82396823061,509.842785251343,10.8056019879902,8.99673555170838
"YMR303C",93926.8657495508,15.4287688600765,16.5192656078729,4.03815246647105
"YMR307W",28975.1420007262,8548.11008357337,14.822577901051,13.061558535674
"YNL336W",6545.09233722808,1194.32441016847,12.6764182374147,10.2231865023867
"YNL331C",172.130278395098,25.5769844097718,7.43571424648656,4.73210551162033
"YNL269W",9.69559976518324,0,3.4189454800546,0
"YNL220W",25668.2145435766,193.327580896086,14.6477515308806,7.6023468668077
"YNL149C",56.8037247746815,1135.66322081252,5.85309055544759,10.1505891495914
"YNL142W",4912.95663910062,13.4464022275552,12.2626694120344,3.85263833953459
"YNR059W",164.480363553852,86.4310049629403,7.37051622200817,6.45007307683397
"YNR064C",21.9608213602913,3.18719648408279,4.52110234627484,2.06598461809276
"YNR065C",121.509163307346,13.5699970413414,6.93674585217524,3.86492867932874
"YNR066C",89.5511136234877,8.30868360077908,6.50066047884805,3.21857716167153
"YNR067C",857.64047719084,218.397716442239,9.74591037428425,7.77740469958784
"YNR068C",474.377394250537,8.74680780098641,8.89292948981976,3.28492979591234
"YNR069C",204.602703653708,0.62829020381019,7.68371542571776,0.703357848428566
"YNR070W",10.1405325092233,10.8903157485488,3.47774628897056,3.57171512139374
"YNR072W",2061.17268508087,0.118293472834513,11.0099494328281,0.161298843139016
"YNR073C",8154.10607099559,7.21783607726238,12.9934879264189,3.03875855308049
"YOL159C-A",6868.88573151934,127.195008479378,12.7460703872074,7.00219627870296
"YOL159C",2281.1936628208,98.5148315104396,11.1562055059716,6.63683965322676
"YOL158C",1639.61821687959,46.8233676434596,10.6800238375316,5.57964382074308
"YOL155W-A",6621.97717684393,0.00935075868573656,12.6932641712926,0.0134276113916171
"YOL155C",287131.443551374,20301.4158804705,18.1313568265989,14.3093637902799
"YOL140W",15456.7419015958,5789.95523923733,13.9160419623758,12.4995856303276
"YOL133W",298.727276392617,271.442891686783,8.22750657067571,8.08981003979356
"YOL097W-A",128.632695535261,4.40618295612484,7.01828582572557,2.43461033640602
"YOL086C",3256185.89106723,358397.740525857,21.6347520757705,18.4512060419654
"YOL038C-A",692.318339905024,0.304936568096578,9.43737411349207,0.383979680268993
"YOL019W",780.076764267485,128.981889403493,9.60932053325812,7.02216681389062
"YOL013W-A",4691.41204525877,6.38080434375236,12.1961139880436,2.88377804657161
"YOR008C-A",37.7374867511687,0.00956018891397868,5.27565845127448,0.0137269251906135
"YOR009W",25851.9657074138,8.77922265318383,14.6580421674769,3.28971979043637
"YOR010C",544708.91229594,1823.65348396252,19.055128595131,10.8334067955397
"YOR086C",593.491111928963,183.092899718696,9.21551143057516,7.52429017421287
"YOR161C-C",34.2607927421863,0.00439486695191361,5.13999300495001,0.0063265607213119
"YOR162C",41.167102300063,15.9968258077707,5.39804597870582,4.08719344013464
"YOR182C",32158.1608905179,8212.99384845973,14.9729421431906,13.003868151531
"YOR293C-A",703.556755430156,0.169165319501639,9.46057211700459,0.225478940786663
"YOR371C",51.6161218224435,25.6855186734091,5.71743301055727,4.73798514744586
"YOR381W",130.902722838136,4.59396257891766,7.04333053589967,2.48387060286836
"YOR381W-A",72.8337822204353,1.56012566986569,6.20620915901076,1.35621463008547
"YOR382W",349624.420009586,36.5772645453345,18.4154505562677,5.23178814380291
"YOR383C",254637.649408866,101.349350973724,17.9580918845586,6.67735814362644
"YOR384W",138.889189800726,0.0513722089049322,7.12814066962217,0.0722735055303805
"YOR385W",6781.47630699369,1210.21863147343,12.7275963874579,10.2422435874098
"YOR386W",414.363365078861,4.66863233562302,8.69823016630925,2.5030006997845
"YOR387C",527.002140969535,88.3009694553338,9.04439996928245,6.48060393228101
"YPL257W",121.701456876818,2.92043057958118,6.93900856849423,1.97101211375691
"YPL240C",794776.312585959,14715.3995955655,19.6001911649825,13.8451371351177
"YPL090C",92201.0293918997,29107.1914149594,16.4925108846662,14.8291375825372
"YPL056C",1130.63746546111,23.4252035741147,10.1441961310372,4.61029868140617
"YPL038W-A",88.1243964571008,1.77006741200498,6.47774849666778,1.46992108594301
"YPR005C",323.432330571869,5.47069114939707,8.34177378501292,2.69391981802204
"YPR052C",2952.02010442152,302.311103456333,11.5279754631626,8.24465450213898
"YPR071W",198.912523646177,7.72325381550494,7.64322504322938,3.1248663675587
"YPR105C",28.3741138496442,16.6693762371907,4.87647342438602,4.14317920577884
"YPR107C",199.185295753938,21.0451585758583,7.64519219730546,4.46238994951313
"YPR108W-A",748.929112205378,2.92943771525514,9.55061041964568,1.97432288412507
"YPR109W",164.022368452784,38.9689973320977,7.36651778193478,5.32080947644847
"YPR121W",22.4050471124474,10.5435028618695,4.54874776396738,3.52900916935793
"YPR152C",27.4649245381541,27.1341365947352,4.83111336996948,4.8142497842609
"YPR159C-A",39.440536837399,0.00825137463288702,5.33773024364937,0.0118553726911703
"YPR192W",1108.19151015583,168.838019035942,10.1152927636864,7.40801563885975
"YPR196W",364.491834983295,12.8096151720754,8.51369536678504,3.78760121194358
"YPR198W",355.578740994724,241.780637711246,8.47807688271032,7.92350955785996
"YPR199C",826.260163463783,93.0166338376006,9.69219730092871,6.55484412223099
"YPR200C",86.6675119122601,0.712128749471827,6.45397039837055,0.77579119428604
"YPR201W",38.6698668083584,0.0781152850671494,5.30997164852777,0.108511456663531
