"condition","gene","r","cor_category"
"YPD","YDL248W",0.841906595881866,"high (≥0.7)"
"YPD","YDL243C",0.73559580824424,"high (≥0.7)"
"YPD","YDL241W",0.820802143812138,"high (≥0.7)"
"YPD","YDL240W",0.273613732322549,"low (<0.4)"
"YPD","YDL239C",0.310231054596824,"low (<0.4)"
"YPD","YDL238C",0.282888566166251,"low (<0.4)"
"YPD","AIM6",0.308130477117819,"low (<0.4)"
"YPD","YDL236W",0.372151898734177,"low (<0.4)"
"YPD","YDL235C",0.466796494644596,"moderate (0.4–0.7)"
"YPD","YDL234C",0.240000001778141,"low (<0.4)"
"YPD","YDL233W",0.0146187085658117,"low (<0.4)"
"YPD","YDL232W",0.290993184031159,"low (<0.4)"
"YPD","YDL231C",0.270107108081792,"low (<0.4)"
"YPD","YDL230W",0.43383905696432,"moderate (0.4–0.7)"
"YPD","SSB1",0.715822784810127,"high (≥0.7)"
"YPD","YDL226C",0.635029211295034,"moderate (0.4–0.7)"
"YPD","SHS1",0.194040750806052,"low (<0.4)"
"YPD","YDL224C",0.189776046738072,"low (<0.4)"
"YPD","YDL223C",0.0368770076483116,"low (<0.4)"
"YPD","CDC13",0.20021273174555,"low (<0.4)"
"YPD","DTD1",0.368500486854917,"low (<0.4)"
"YPD","YDL217C",0.501278025416914,"moderate (0.4–0.7)"
"YPD","RRI1",0.128578350388293,"low (<0.4)"
"YPD","GDH2",0.293233679585077,"low (<0.4)"
"YPD","YDL214C",0.0378225355697006,"low (<0.4)"
"YPD","YDL213C",0.449245374878286,"moderate (0.4–0.7)"
"YPD","SHR3",0.47850535540409,"moderate (0.4–0.7)"
"YPD","YDL211C",0.0854010789135835,"low (<0.4)"
"YPD","CWC2",0.292808500544009,"low (<0.4)"
"YPD","YDL208W",0.525097370983447,"moderate (0.4–0.7)"
"YPD","GLE1",0.119839337877313,"low (<0.4)"
"YPD","YDL206W",0.415652597165138,"moderate (0.4–0.7)"
"YPD","HEM3",0.218818274214582,"low (<0.4)"
"YPD","YDL204W",0.538991467763726,"moderate (0.4–0.7)"
"YPD","YDL203C",0.231572541382668,"low (<0.4)"
"YPD","MRPL11",0.489179386205948,"moderate (0.4–0.7)"
"YPD","YDL201W",0.345569620253165,"low (<0.4)"
"YPD","MGT1",0.259622643432957,"low (<0.4)"
"YPD","YDL199C",-0.0305502031547177,"low (<0.4)"
"YPD","GGC1",0.743865628042843,"high (≥0.7)"
"YPD","YDL197C",0.43969352297262,"moderate (0.4–0.7)"
"YPD","SEC31",0.124001947419669,"low (<0.4)"
"YPD","YDL194W",0.166165954540223,"low (<0.4)"
"YPD","YDL193W",0.252580331061344,"low (<0.4)"
"YPD","YDL192W",0.301752677702045,"low (<0.4)"
"YPD","RPL35A",0.678140214216164,"moderate (0.4–0.7)"
"YPD","YDL190C",0.216310956132025,"low (<0.4)"
"YPD","YDL189W",0.240822784810127,"low (<0.4)"
"YPD","PPH22",0.112122687439143,"low (<0.4)"
"YPD","VMA1",0.585296981499513,"moderate (0.4–0.7)"
"YPD","RPL41A",0.613534566699124,"moderate (0.4–0.7)"
"YPD","YDL183C",0.431982592913665,"moderate (0.4–0.7)"
"YPD","YDL182W",0.926557935735151,"high (≥0.7)"
"YPD","YDL181W",0.910662122687439,"high (≥0.7)"
"YPD","YDL180W",0.18715763846622,"low (<0.4)"
"YPD","YDL179W",-0.0508276533592989,"low (<0.4)"
"YPD","DLD2",0.255063291139241,"low (<0.4)"
"YPD","YDL177C",0.152321830967999,"low (<0.4)"
"YPD","YDL176W",0.0319215624699088,"low (<0.4)"
"YPD","YDL175C",-0.00167969035323266,"low (<0.4)"
"YPD","YDL174C",0.393695228821811,"low (<0.4)"
"YPD","YDL173W",0.109177215189873,"low (<0.4)"
"YPD","YDL171C",0.838680623174294,"high (≥0.7)"
"YPD","YDL170W",0.285924691103206,"low (<0.4)"
"YPD","SFA1",0.852215189873418,"high (≥0.7)"
"YPD","YDL167C",0.135053554040896,"low (<0.4)"
"YPD","YDL166C",0.483690360272639,"moderate (0.4–0.7)"
"YPD","CDC36",0.349878286270691,"low (<0.4)"
"YPD","CDC9",0.245418860157144,"low (<0.4)"
"YPD","YDL161W",0.151022395326193,"low (<0.4)"
"YPD","YDL160C-A",0.522767939620716,"moderate (0.4–0.7)"
"YPD","YDL160C",0.256773533998524,"low (<0.4)"
"YPD","YDL159W",0.229603978215401,"low (<0.4)"
"YPD","YDL157C",0.361173320350536,"low (<0.4)"
"YPD","YDL156W",0.191039528546781,"low (<0.4)"
"YPD","YDL155W",0.167234664070107,"low (<0.4)"
"YPD","YDL154W",0.344421552498059,"low (<0.4)"
"YPD","SAS10",0.257327166504382,"low (<0.4)"
"YPD","RPC53",0.0389970788704966,"low (<0.4)"
"YPD","ATG9",0.120148619118465,"low (<0.4)"
"YPD","NOP14",-0.000121713729308666,"low (<0.4)"
"YPD","RPN5",0.232497565725414,"low (<0.4)"
"YPD","YDL146W",0.263106642659573,"low (<0.4)"
"YPD","COP1",0.386684518013632,"low (<0.4)"
"YPD","YDL144C",0.564264849074976,"moderate (0.4–0.7)"
"YPD","CCT4",0.601898734177215,"moderate (0.4–0.7)"
"YPD","CRD1",-0.002155080692813,"low (<0.4)"
"YPD","BPL1",0.0955389205104544,"low (<0.4)"
"YPD","RPO21",0.275365141187926,"low (<0.4)"
"YPD","YDL139C",0.230166155766601,"low (<0.4)"
"YPD","YDL138W",0.139527809969514,"low (<0.4)"
"YPD","YDL137W",0.698101265822785,"moderate (0.4–0.7)"
"YPD","RPL35B",0.574805258033106,"moderate (0.4–0.7)"
"YPD","YDL135C",0.247419668938656,"low (<0.4)"
"YPD","PPH21",0.334883154819864,"low (<0.4)"
"YPD","RPL41B",0.466382667964946,"moderate (0.4–0.7)"
"YPD","YDL133W",0.122409230644158,"low (<0.4)"
"YPD","YDL132W",0.499926971762415,"moderate (0.4–0.7)"
"YPD","YDL131W",0.747297955209348,"high (≥0.7)"
"YPD","STF1",0.531702271083918,"moderate (0.4–0.7)"
"YPD","RPP1B",0.559298928919182,"moderate (0.4–0.7)"
"YPD","YDL129W",-0.00862612385247741,"low (<0.4)"
"YPD","VCX1",0.573076923076923,"moderate (0.4–0.7)"
"YPD","PCL2",0.331118089632909,"low (<0.4)"
"YPD","YDL126C",0.586416747809153,"moderate (0.4–0.7)"
"YPD","YDL125C",0.69888023369036,"moderate (0.4–0.7)"
"YPD","YDL124W",0.369032260798646,"low (<0.4)"
"YPD","YDL123W",0.240714707372443,"low (<0.4)"
"YPD","YDL122W",0.237609542356378,"low (<0.4)"
"YPD","YDL121C",0.494863680623174,"moderate (0.4–0.7)"
"YPD","YDL120W",0.432765335929893,"moderate (0.4–0.7)"
"YPD","YDL119C",0.112746992812996,"low (<0.4)"
"YPD","YDL117W",0.330988315481986,"low (<0.4)"
"YPD","YDL116W",0.20014605647517,"low (<0.4)"
"YPD","YDL115C",0.465241390231292,"moderate (0.4–0.7)"
"YPD","ATG20",0.153449050686566,"low (<0.4)"
"YPD","YDL112W",-0.0556718597857838,"low (<0.4)"
"YPD","YDL111C",0.37570593962999,"low (<0.4)"
"YPD","YDL110C",0.337909881061197,"low (<0.4)"
"YPD","YDL109C",0.232289826763306,"low (<0.4)"
"YPD","YDL108W",0.342948952120895,"low (<0.4)"
"YPD","YDL107W",0.110635034704273,"low (<0.4)"
"YPD","PHO2",0.380609823600637,"low (<0.4)"
"YPD","NSE4",0.281845559593579,"low (<0.4)"
"YPD","YDL104C",0.00608735359354717,"low (<0.4)"
"YPD","QRI1",0.171738072054528,"low (<0.4)"
"YPD","POL3",0.0798466360477541,"low (<0.4)"
"YPD","YDL101C",0.0932083739045765,"low (<0.4)"
"YPD","GET3",0.204479065238559,"low (<0.4)"
"YPD","YDL099W",0.362959176328972,"low (<0.4)"
"YPD","YDL098C",0.345042479227823,"low (<0.4)"
"YPD","RPN6",0.442964946445959,"moderate (0.4–0.7)"
"YPD","YDL095W",0.205598831548199,"low (<0.4)"
"YPD","YDL093W",0.393621813156717,"low (<0.4)"
"YPD","YDL092W",0.363777994157741,"low (<0.4)"
"YPD","YDL091C",0.136261529039297,"low (<0.4)"
"YPD","RAM1",0.327912357876829,"low (<0.4)"
"YPD","YDL089W",0.184157355394277,"low (<0.4)"
"YPD","ASM4",0.189118792599805,"low (<0.4)"
"YPD","LUC7",-0.0953807654707672,"low (<0.4)"
"YPD","YDL086W",0.56516553067186,"moderate (0.4–0.7)"
"YPD","YDL085C-A",0.628229237044478,"moderate (0.4–0.7)"
"YPD","YDL084W",0.487025316455696,"moderate (0.4–0.7)"
"YPD","RPS16B",0.721032132424537,"high (≥0.7)"
"YPD","RPL13A",0.710540408958131,"high (≥0.7)"
"YPD","RPP1A",0.57935735150925,"moderate (0.4–0.7)"
"YPD","THI3",0.41245458314313,"moderate (0.4–0.7)"
"YPD","YDL079C",0.0426705563638419,"low (<0.4)"
"YPD","YDL078C",0.703115871470302,"high (≥0.7)"
"YPD","VAM6",0.125482320237263,"low (<0.4)"
"YPD","YDL076C",0.336963211834874,"low (<0.4)"
"YPD","RPL31A",0.572297955209348,"moderate (0.4–0.7)"
"YPD","YDL074C",0.150778967867575,"low (<0.4)"
"YPD","YDL073W",0.16969143723229,"low (<0.4)"
"YPD","YDL072C",0.740189873417722,"high (≥0.7)"
"YPD","YDL070W",0.437999026290166,"moderate (0.4–0.7)"
"YPD","YDL069C",0.140040168234524,"low (<0.4)"
"YPD","YDL067C",0.821713729308666,"high (≥0.7)"
"YPD","YDL066W",0.440335929892892,"moderate (0.4–0.7)"
"YPD","PEX19",0.274015786371836,"low (<0.4)"
"YPD","YDL064W",0.400657254138267,"moderate (0.4–0.7)"
"YPD","YDL063C",0.453456669912366,"moderate (0.4–0.7)"
"YPD","RPS29B",0.573539435248296,"moderate (0.4–0.7)"
"YPD","YDL060W",0.609104186952288,"moderate (0.4–0.7)"
"YPD","YDL059C",0.227544384864262,"low (<0.4)"
"YPD","USO1",0.364800389483934,"low (<0.4)"
"YPD","YDL057W",0.291391161314996,"low (<0.4)"
"YPD","YDL056W",0.175280766068085,"low (<0.4)"
"YPD","PSA1",0.725535540408958,"high (≥0.7)"
"YPD","YDL054C",0.161817064432781,"low (<0.4)"
"YPD","YDL053C",0.373782862706913,"low (<0.4)"
"YPD","YDL052C",0.420253164556962,"moderate (0.4–0.7)"
"YPD","LHP1",0.565628042843233,"moderate (0.4–0.7)"
"YPD","YDL049C",0.273816858617909,"low (<0.4)"
"YPD","YDL048C",0.717422662038204,"high (≥0.7)"
"YPD","YDL047W",0.278239278481774,"low (<0.4)"
"YPD","YDL046W",0.663315481986368,"moderate (0.4–0.7)"
"YPD","MRP10",0.450219084712756,"moderate (0.4–0.7)"
"YPD","YDL045C",0.160325227049135,"low (<0.4)"
"YPD","MTF2",-0.0402921488073466,"low (<0.4)"
"YPD","PRP11",0.297297955209348,"low (<0.4)"
"YPD","SIR2",0.562268743914314,"moderate (0.4–0.7)"
"YPD","NAT1",0.37570593962999,"low (<0.4)"
"YPD","PRM7",0.813408311056757,"high (≥0.7)"
"YPD","YDL037C",0.467041482534102,"moderate (0.4–0.7)"
"YPD","YDL036C",0.415034171345145,"moderate (0.4–0.7)"
"YPD","YDL035C",0.349707887049659,"low (<0.4)"
"YPD","SLM3",0.259319900211752,"low (<0.4)"
"YPD","YDL031W",0.218451801363194,"low (<0.4)"
"YPD","YDL030W",0.0901782508430212,"low (<0.4)"
"YPD","ARP2",0.350998052580331,"low (<0.4)"
"YPD","MPS1",0.0246351586557772,"low (<0.4)"
"YPD","YDL027C",0.167915330513781,"low (<0.4)"
"YPD","YDL025C",-0.0905399910203699,"low (<0.4)"
"YPD","GPD1",0.81587147030185,"high (≥0.7)"
"YPD","RPN4",0.313042420395957,"low (<0.4)"
"YPD","YDL019C",0.361343719571568,"low (<0.4)"
"YPD","YDL018C",0.138364167478092,"low (<0.4)"
"YPD","CDC7",-0.12781808503908,"low (<0.4)"
"YPD","YDL015C",0.663096397273612,"moderate (0.4–0.7)"
"YPD","NOP1",0.617989289191821,"moderate (0.4–0.7)"
"YPD","SLX5",0.230209347614411,"low (<0.4)"
"YPD","YDL012C",0.356450827653359,"low (<0.4)"
"YPD","YDL010W",0.24944011684518,"low (<0.4)"
"YPD","YDL008W",0.686222005842259,"moderate (0.4–0.7)"
"YPD","RPT2",0.583617332035054,"moderate (0.4–0.7)"
"YPD","PTC1",0.390944498539435,"low (<0.4)"
"YPD","YDL005C",0.0223471846995302,"low (<0.4)"
"YPD","YDL004W",0.735686465433301,"high (≥0.7)"
"YPD","MCD1",0.145931471270205,"low (<0.4)"
"YPD","NHP10",0.219157740993184,"low (<0.4)"
"YPD","YDL001W",0.111638550143841,"low (<0.4)"
"YPD","YDR001C",0.447322297955209,"moderate (0.4–0.7)"
"YPD","YRB1",0.42738558909445,"moderate (0.4–0.7)"
"YPD","RCR2",0.0430836665588937,"low (<0.4)"
"YPD","YDR003W-A",0.189781821533015,"low (<0.4)"
"YPD","YDR004W",-0.0344013246019467,"low (<0.4)"
"YPD","YDR005C",0.185759493670886,"low (<0.4)"
"YPD","YDR006C",0.0731986368062317,"low (<0.4)"
"YPD","YDR007W",0.283860759493671,"low (<0.4)"
"YPD","YDR009W",0.513548390901613,"moderate (0.4–0.7)"
"YPD","YDR011W",0.800754625121714,"high (≥0.7)"
"YPD","RPL4B",0.825267770204479,"high (≥0.7)"
"YPD","PSF1",0.0896299902629017,"low (<0.4)"
"YPD","RAD61",0.107819388250473,"low (<0.4)"
"YPD","YDR016C",0.376728334956183,"low (<0.4)"
"YPD","YDR017C",0.0611493497415763,"low (<0.4)"
"YPD","GCV1",0.500952535014515,"moderate (0.4–0.7)"
"YPD","DAS2",0.019751102493394,"low (<0.4)"
"YPD","YDR021W",0.116288127788296,"low (<0.4)"
"YPD","CIS1",0.27686090324223,"low (<0.4)"
"YPD","SES1",0.518889970788705,"moderate (0.4–0.7)"
"YPD","RPS11A",0.414337877312561,"moderate (0.4–0.7)"
"YPD","YDR026C",0.288663307371492,"low (<0.4)"
"YPD","VPS54",0.453809077520418,"moderate (0.4–0.7)"
"YPD","REG1",0.0769230769230769,"low (<0.4)"
"YPD","YDR030C",0.183147016398248,"low (<0.4)"
"YPD","YDR031W",0.438730174479712,"moderate (0.4–0.7)"
"YPD","YDR032C",0.492161635832522,"moderate (0.4–0.7)"
"YPD","YDR033W",0.91389970788705,"high (≥0.7)"
"YPD","YDR034C",0.279819863680623,"low (<0.4)"
"YPD","YDR034W-B",0.246358275363072,"low (<0.4)"
"YPD","YDR035W",0.529089581304771,"moderate (0.4–0.7)"
"YPD","EHD3",0.529981316838665,"moderate (0.4–0.7)"
"YPD","KRS1",0.872297955209348,"high (≥0.7)"
"YPD","YDR041W",0.57134858812074,"moderate (0.4–0.7)"
"YPD","YDR043C",0.212336061867846,"low (<0.4)"
"YPD","YDR044W",0.727239532619279,"high (≥0.7)"
"YPD","RPC11",0.530890944498539,"moderate (0.4–0.7)"
"YPD","BAP3",0.496932814021422,"moderate (0.4–0.7)"
"YPD","HEM12",0.658885102239533,"moderate (0.4–0.7)"
"YPD","YDR049W",0.0542126147340456,"low (<0.4)"
"YPD","YDR050C",0.731280428432327,"high (≥0.7)"
"YPD","YDR051C",0.0891187925998053,"low (<0.4)"
"YPD","DBF4",0.413047711781889,"moderate (0.4–0.7)"
"YPD","CDC34",-0.102144648147308,"low (<0.4)"
"YPD","PST1",0.375826917872943,"low (<0.4)"
"YPD","YDR056C",0.36475170399221,"low (<0.4)"
"YPD","YDR057W",0.243479325000812,"low (<0.4)"
"YPD","YDR058C",0.215334143390221,"low (<0.4)"
"YPD","YDR059C",0.459980525803311,"moderate (0.4–0.7)"
"YPD","MAK21",0.337536514118793,"low (<0.4)"
"YPD","YDR061W",0.138215192314896,"low (<0.4)"
"YPD","LCB2",0.416869522882181,"moderate (0.4–0.7)"
"YPD","AIM7",0.421299902629017,"moderate (0.4–0.7)"
"YPD","RPS13",0.724269717624148,"high (≥0.7)"
"YPD","YDR065W",0.437964823402556,"moderate (0.4–0.7)"
"YPD","YDR066C",0.34622976488236,"low (<0.4)"
"YPD","YDR067C",0.188539156315753,"low (<0.4)"
"YPD","YDR068W",0.00732721109562677,"low (<0.4)"
"YPD","DOA4",0.199195284802379,"low (<0.4)"
"YPD","YDR070C",0.142232636822152,"low (<0.4)"
"YPD","YDR071C",0.209542356377799,"low (<0.4)"
"YPD","IPT1",0.526801363193768,"moderate (0.4–0.7)"
"YPD","YDR073W",0.608909444985394,"moderate (0.4–0.7)"
"YPD","TPS2",0.156450827653359,"low (<0.4)"
"YPD","YDR075W",0.422186518784262,"moderate (0.4–0.7)"
"YPD","YDR076W",-0.043849856375366,"low (<0.4)"
"YPD","YDR077W",0.855038948393379,"high (≥0.7)"
"YPD","YDR078C",0.142422399107539,"low (<0.4)"
"YPD","YDR079W",0.475754625121714,"moderate (0.4–0.7)"
"YPD","YDR079C-A",0.538348245169624,"moderate (0.4–0.7)"
"YPD","VPS41",0.220631733108994,"low (<0.4)"
"YPD","YDR081C",0.206334136724639,"low (<0.4)"
"YPD","YDR082W",0.127600257969945,"low (<0.4)"
"YPD","YDR083W",-0.14873417721519,"low (<0.4)"
"YPD","YDR084C",0.390652385589094,"low (<0.4)"
"YPD","YDR085C",0.409214790598288,"moderate (0.4–0.7)"
"YPD","YDR086C",0.454406037000974,"moderate (0.4–0.7)"
"YPD","YDR087C",0.450925024342746,"moderate (0.4–0.7)"
"YPD","SLU7",-0.052388033837662,"low (<0.4)"
"YPD","YDR089W",0.762102982627201,"high (≥0.7)"
"YPD","YDR090C",0.373378125186705,"low (<0.4)"
"YPD","YDR091C",0.414021421616358,"moderate (0.4–0.7)"
"YPD","YDR092W",0.575340798442064,"moderate (0.4–0.7)"
"YPD","YDR093W",0.287122687439143,"low (<0.4)"
"YPD","YDR096W",0.0590626906384428,"low (<0.4)"
"YPD","MSH6",0.121226874391431,"low (<0.4)"
"YPD","YDR098C",0.54031158714703,"moderate (0.4–0.7)"
"YPD","BMH2",0.348466407010711,"low (<0.4)"
"YPD","YDR100W",0.439738065808621,"moderate (0.4–0.7)"
"YPD","YDR101C",0.162487828627069,"low (<0.4)"
"YPD","STE5",0.23036653976437,"low (<0.4)"
"YPD","YDR104C",0.332598931484162,"low (<0.4)"
"YPD","YDR105C",0.00182570593962999,"low (<0.4)"
"YPD","YDR106W",0.187958734513027,"low (<0.4)"
"YPD","YDR107C",0.382764505119454,"low (<0.4)"
"YPD","TRS85",0.00175289106593895,"low (<0.4)"
"YPD","YDR109C",0.0697052935952227,"low (<0.4)"
"YPD","FOB1",0.142909313292522,"low (<0.4)"
"YPD","YDR111C",0.692699521659222,"moderate (0.4–0.7)"
"YPD","YDR113C",0.391709538061306,"low (<0.4)"
"YPD","YDR115W",0.722663096397274,"high (≥0.7)"
"YPD","YDR116C",0.542283349561831,"moderate (0.4–0.7)"
"YPD","TMA64",0.254284323271665,"low (<0.4)"
"YPD","YDR118W",-0.0126381929128674,"low (<0.4)"
"YPD","YDR119W",0.181280428432327,"low (<0.4)"
"YPD","YDR119W-A",0.390163064786677,"low (<0.4)"
"YPD","YDR120C",0.151342535160108,"low (<0.4)"
"YPD","YDR121W",0.208495618305745,"low (<0.4)"
"YPD","YDR122W",0.190151561615866,"low (<0.4)"
"YPD","INO2",0.130607574948378,"low (<0.4)"
"YPD","YDR124W",0.358535461505137,"low (<0.4)"
"YPD","YDR125C",0.0959919022177169,"low (<0.4)"
"YPD","SWF1",0.256028004791,"low (<0.4)"
"YPD","YDR127W",0.531426484907498,"moderate (0.4–0.7)"
"YPD","MTC5",0.530368314867827,"moderate (0.4–0.7)"
"YPD","SAC6",0.545910418695229,"moderate (0.4–0.7)"
"YPD","YDR130C",0.125989812101189,"low (<0.4)"
"YPD","YDR131C",0.18468223365113,"low (<0.4)"
"YPD","YDR132C",0.243440171846876,"low (<0.4)"
"YPD","YDR135C",0.411075949367089,"moderate (0.4–0.7)"
"YPD","YDR137W",0.304973344134766,"low (<0.4)"
"YPD","HPR1",0.0404418085483207,"low (<0.4)"
"YPD","YDR139C",0.382877208364006,"low (<0.4)"
"YPD","YDR140W",0.278748782862707,"low (<0.4)"
"YPD","YDR141C",0.327069133398247,"low (<0.4)"
"YPD","PEX7",-0.0425780537578761,"low (<0.4)"
"YPD","YDR143C",0.34929406037001,"low (<0.4)"
"YPD","MKC7",0.51643135345667,"moderate (0.4–0.7)"
"YPD","TAF12",-0.030111976630964,"low (<0.4)"
"YPD","YDR146C",0.217967539902476,"low (<0.4)"
"YPD","YDR147W",0.180116361211137,"low (<0.4)"
"YPD","YDR148C",0.587609542356378,"moderate (0.4–0.7)"
"YPD","NUM1",0.361587147030185,"low (<0.4)"
"YPD","YDR151C",0.303470688118376,"low (<0.4)"
"YPD","YDR152W",0.518914313534567,"moderate (0.4–0.7)"
"YPD","YDR153C",-0.0252434274586173,"low (<0.4)"
"YPD","CPR1",0.897541382667965,"high (≥0.7)"
"YPD","RPA14",0.669571567672834,"moderate (0.4–0.7)"
"YPD","YDR158W",0.781158714703019,"high (≥0.7)"
"YPD","SAC3",0.275759236101968,"low (<0.4)"
"YPD","SSY1",0.173731471214095,"low (<0.4)"
"YPD","YDR161W",0.457083739045764,"moderate (0.4–0.7)"
"YPD","YDR162C",0.354931566045801,"low (<0.4)"
"YPD","YDR163W",0.143497048528188,"low (<0.4)"
"YPD","YDR164C",-0.0478592946554526,"low (<0.4)"
"YPD","YDR165W",0.368865628042843,"low (<0.4)"
"YPD","YDR166C",0.0625365141187926,"low (<0.4)"
"YPD","TAF10",0.271738072054528,"low (<0.4)"
"YPD","CDC37",0.401777020447907,"moderate (0.4–0.7)"
"YPD","YDR169C",0.125763044209379,"low (<0.4)"
"YPD","YDR170C",0.608203505355404,"moderate (0.4–0.7)"
"YPD","YDR171W",0.469765781529399,"moderate (0.4–0.7)"
"YPD","SUP35",0.333763388510224,"low (<0.4)"
"YPD","ARG82",0.376525593959661,"low (<0.4)"
"YPD","HMO1",0.649172346640701,"moderate (0.4–0.7)"
"YPD","YDR175C",0.440068159688413,"moderate (0.4–0.7)"
"YPD","NGG1",0.0201722620763173,"low (<0.4)"
"YPD","YDR177W",0.566674780915287,"moderate (0.4–0.7)"
"YPD","SDH4",0.666532780761982,"moderate (0.4–0.7)"
"YPD","YDR179W-A",0.314881082884993,"low (<0.4)"
"YPD","YDR180W",0.0655310706625491,"low (<0.4)"
"YPD","YDR181C",-0.0968472313931268,"low (<0.4)"
"YPD","CDC1",0.260735150925024,"low (<0.4)"
"YPD","YDR182W-A",0.357782661267343,"low (<0.4)"
"YPD","YDR183W",0.147322297955209,"low (<0.4)"
"YPD","ATC1",0.122736124634859,"low (<0.4)"
"YPD","UPS3",0.168546791133392,"low (<0.4)"
"YPD","YDR186C",0.232511152092622,"low (<0.4)"
"YPD","CCT6",0.565262901655307,"moderate (0.4–0.7)"
"YPD","YDR189W",0.30927458617332,"low (<0.4)"
"YPD","RVB1",0.0737341772151899,"low (<0.4)"
"YPD","YDR191W",0.363973124459244,"low (<0.4)"
"YPD","NUP42",0.426717174306801,"moderate (0.4–0.7)"
"YPD","YDR194C",0.560349077110408,"moderate (0.4–0.7)"
"YPD","YDR195W",0.176482046347103,"low (<0.4)"
"YPD","YDR196C",0.366367243712342,"low (<0.4)"
"YPD","CBS2",0.114681467450422,"low (<0.4)"
"YPD","YDR198C",0.451082061527555,"moderate (0.4–0.7)"
"YPD","VPS64",0.216724310066513,"low (<0.4)"
"YPD","YDR201W",0.163680623174294,"low (<0.4)"
"YPD","YDR202C",0.0140719055834758,"low (<0.4)"
"YPD","YDR204W",0.131986368062317,"low (<0.4)"
"YPD","YDR205W",0.178200829193314,"low (<0.4)"
"YPD","YDR206W",0.311368062317429,"low (<0.4)"
"YPD","UME6",0.138708342503184,"low (<0.4)"
"YPD","YDR208W",0.21881694255112,"low (<0.4)"
"YPD","YDR210W",0.800219084712756,"high (≥0.7)"
"YPD","YDR211W",0.232667964946446,"low (<0.4)"
"YPD","TCP1",0.278286270691334,"low (<0.4)"
"YPD","UPC2",0.293148150597756,"low (<0.4)"
"YPD","YDR214W",0.631134371957157,"moderate (0.4–0.7)"
"YPD","YDR216W",-0.0291349083971243,"low (<0.4)"
"YPD","YDR217C",0.431986368062317,"moderate (0.4–0.7)"
"YPD","YDR219C",0.261339500393495,"low (<0.4)"
"YPD","YDR221W",0.192550214451543,"low (<0.4)"
"YPD","YDR222W",0.605428432327167,"moderate (0.4–0.7)"
"YPD","YDR223W",0.340919988331469,"low (<0.4)"
"YPD","HTB1",0.366382667964946,"low (<0.4)"
"YPD","HTA1",0.456012658227848,"moderate (0.4–0.7)"
"YPD","ADK1",0.760662122687439,"high (≥0.7)"
"YPD","SIR4",0.00747367781799198,"low (<0.4)"
"YPD","YDR228C",-0.171658095759371,"low (<0.4)"
"YPD","YDR229W",0.193171444579043,"low (<0.4)"
"YPD","YDR231C",0.471631399907711,"moderate (0.4–0.7)"
"YPD","HEM1",0.482570593962999,"moderate (0.4–0.7)"
"YPD","YDR233C",0.611538461538462,"moderate (0.4–0.7)"
"YPD","LYS4",0.649298011806156,"moderate (0.4–0.7)"
"YPD","PRP42",0.0618807663466295,"low (<0.4)"
"YPD","YDR236C",0.412974683544304,"moderate (0.4–0.7)"
"YPD","MRPL7",0.737828627069133,"high (≥0.7)"
"YPD","YDR238C",0.284444985394353,"low (<0.4)"
"YPD","YDR239C",0.138099759041868,"low (<0.4)"
"YPD","SNU56",0.0634288845432511,"low (<0.4)"
"YPD","YDR242W",0.341542658743645,"low (<0.4)"
"YPD","YDR243C",0.140907818432904,"low (<0.4)"
"YPD","PEX5",0.26767934962531,"low (<0.4)"
"YPD","MNN10",0.451850048685492,"moderate (0.4–0.7)"
"YPD","YDR246W",0.268455967875917,"low (<0.4)"
"YPD","YDR247W",-0.0672590509458992,"low (<0.4)"
"YPD","YDR248C",0.676548455451377,"moderate (0.4–0.7)"
"YPD","YDR249C",0.0751498936615006,"low (<0.4)"
"YPD","YDR251W",0.17626582278481,"low (<0.4)"
"YPD","YDR252W",0.292930522420761,"low (<0.4)"
"YPD","YDR253C",0.44168090106999,"moderate (0.4–0.7)"
"YPD","CHL4",0.41210837720109,"moderate (0.4–0.7)"
"YPD","RMD5",0.288698337310507,"low (<0.4)"
"YPD","YDR256C",0.325643713391464,"low (<0.4)"
"YPD","RKM4",0.397151898734177,"low (<0.4)"
"YPD","YDR258C",0.575475558605669,"moderate (0.4–0.7)"
"YPD","YAP6",0.426271011088256,"moderate (0.4–0.7)"
"YPD","SWM1",0.62921129503408,"moderate (0.4–0.7)"
"YPD","YDR261C",0.397482944767248,"low (<0.4)"
"YPD","YDR262W",0.412525105748479,"moderate (0.4–0.7)"
"YPD","DIN7",0.187800445097605,"low (<0.4)"
"YPD","YDR264C",0.226290165530672,"low (<0.4)"
"YPD","PEX10",0.143462381300219,"low (<0.4)"
"YPD","YDR266C",0.272005842259007,"low (<0.4)"
"YPD","YDR267C",0.146713729308666,"low (<0.4)"
"YPD","MSW1",0.189453184463917,"low (<0.4)"
"YPD","YDR270W",0.571898050268043,"moderate (0.4–0.7)"
"YPD","YDR272W",0.438013863286247,"moderate (0.4–0.7)"
"YPD","YDR273W",-0.0141754322622672,"low (<0.4)"
"YPD","YDR275W",0.419854064358215,"moderate (0.4–0.7)"
"YPD","PMP3",0.819109055501461,"high (≥0.7)"
"YPD","MTH1",0.153103241519758,"low (<0.4)"
"YPD","RNH202",0.415154282309857,"moderate (0.4–0.7)"
"YPD","YDR280W",0.103042843232717,"low (<0.4)"
"YPD","YDR281C",0.302587994537388,"low (<0.4)"
"YPD","YDR282C",0.0812279356422621,"low (<0.4)"
"YPD","GCN2",0.505842259006816,"moderate (0.4–0.7)"
"YPD","DPP1",0.44396299902629,"moderate (0.4–0.7)"
"YPD","YDR285W",0.110823001873751,"low (<0.4)"
"YPD","YDR286C",0.267676952598472,"low (<0.4)"
"YPD","YDR287W",0.570145329899453,"moderate (0.4–0.7)"
"YPD","YDR288W",0.55501186883873,"moderate (0.4–0.7)"
"YPD","YDR289C",0.125441223046492,"low (<0.4)"
"YPD","YDR291W",0.363928520983652,"low (<0.4)"
"YPD","YDR292C",0.234152872444012,"low (<0.4)"
"YPD","SSD1",0.332061417127724,"low (<0.4)"
"YPD","DPL1",0.302149516874259,"low (<0.4)"
"YPD","HDA2",0.0123175043667347,"low (<0.4)"
"YPD","MHR1",0.381645569620253,"low (<0.4)"
"YPD","SUR2",0.607108081791626,"moderate (0.4–0.7)"
"YPD","ATP5",0.831377799415774,"high (≥0.7)"
"YPD","YDR299W",0.142527644401644,"low (<0.4)"
"YPD","YDR300C",0.414143135345667,"moderate (0.4–0.7)"
"YPD","CFT1",0.121130240570893,"low (<0.4)"
"YPD","YDR302W",0.267989289191821,"low (<0.4)"
"YPD","YDR303C",0.160444014389621,"low (<0.4)"
"YPD","CPR5",0.549513145082765,"moderate (0.4–0.7)"
"YPD","HNT2",0.133150751874616,"low (<0.4)"
"YPD","YDR306C",0.132340143260382,"low (<0.4)"
"YPD","YDR307W",0.0611991528699554,"low (<0.4)"
"YPD","SRB7",0.165665565153781,"low (<0.4)"
"YPD","YDR309C",0.520886075949367,"moderate (0.4–0.7)"
"YPD","YDR310C",0.257718218835218,"low (<0.4)"
"YPD","YDR311W",0.0550389483933788,"low (<0.4)"
"YPD","YDR312W",0.265291218311295,"low (<0.4)"
"YPD","YDR313C",0.17797280695469,"low (<0.4)"
"YPD","YDR314C",-0.0188944664033694,"low (<0.4)"
"YPD","IPK1",0.283928910132496,"low (<0.4)"
"YPD","YDR316W",0.416042846610693,"moderate (0.4–0.7)"
"YPD","MCM21",-0.00584297021979649,"low (<0.4)"
"YPD","YDR319C",0.213638438400942,"low (<0.4)"
"YPD","SWA2",0.0873544751383943,"low (<0.4)"
"YPD","DAD4",0.411329389834382,"moderate (0.4–0.7)"
"YPD","YDR321W",0.586854917234664,"moderate (0.4–0.7)"
"YPD","MRPL35",0.331872733124941,"low (<0.4)"
"YPD","TIM11",0.801022395326193,"high (≥0.7)"
"YPD","PEP7",0.139879085937129,"low (<0.4)"
"YPD","YDR324C",0.22179215664207,"low (<0.4)"
"YPD","YCG1",-0.0759533754340033,"low (<0.4)"
"YPD","YDR326C",0.424012269168211,"moderate (0.4–0.7)"
"YPD","SKP1",0.436027263875365,"moderate (0.4–0.7)"
"YPD","PEX3",0.298492566294271,"low (<0.4)"
"YPD","YDR330W",0.265415419149214,"low (<0.4)"
"YPD","YDR331W",0.236832015778581,"low (<0.4)"
"YPD","YDR332W",0.172726174489735,"low (<0.4)"
"YPD","YDR333C",0.0225419314071514,"low (<0.4)"
"YPD","YDR334W",0.321421616358325,"low (<0.4)"
"YPD","MSN5",0.34832035053554,"low (<0.4)"
"YPD","YDR336W",0.152950126307329,"low (<0.4)"
"YPD","YDR337W",0.536830574488802,"moderate (0.4–0.7)"
"YPD","YDR338C",0.161129537804904,"low (<0.4)"
"YPD","FCF1",0.418354430379747,"moderate (0.4–0.7)"
"YPD","YDR341C",0.428164556962025,"moderate (0.4–0.7)"
"YPD","YDR342C",0.705141085946058,"high (≥0.7)"
"YPD","YDR343C",0.54711400737127,"moderate (0.4–0.7)"
"YPD","YDR345C",0.702994157740993,"high (≥0.7)"
"YPD","SVF1",0.278237585199611,"low (<0.4)"
"YPD","YDR347W",0.582887049659202,"moderate (0.4–0.7)"
"YPD","YDR348C",0.0933549985107265,"low (<0.4)"
"YPD","YDR349C",0.363315481986368,"low (<0.4)"
"YPD","ATP22",0.244136084683168,"low (<0.4)"
"YPD","YDR351W",-0.0462512171372931,"low (<0.4)"
"YPD","YDR352W",0.272993384823609,"low (<0.4)"
"YPD","YDR353W",0.566772151898734,"moderate (0.4–0.7)"
"YPD","YDR354W",0.46896299902629,"moderate (0.4–0.7)"
"YPD","SPC110",0.410370009737098,"moderate (0.4–0.7)"
"YPD","CNL1",0.370263972433031,"low (<0.4)"
"YPD","YDR358W",0.0556949792676098,"low (<0.4)"
"YPD","EAF1",0.380452775073028,"low (<0.4)"
"YPD","YDR361C",0.120009737098345,"low (<0.4)"
"YPD","TFC6",0.126926939132009,"low (<0.4)"
"YPD","YDR363W",-0.00155877070468651,"low (<0.4)"
"YPD","SEM1",0.495253164556962,"moderate (0.4–0.7)"
"YPD","CDC40",0.0980896913947777,"low (<0.4)"
"YPD","YDR365C",0.401022395326193,"moderate (0.4–0.7)"
"YPD","YDR367W",0.102775073028238,"low (<0.4)"
"YPD","YDR368W",0.644060370009737,"moderate (0.4–0.7)"
"YPD","YDR369C",0.405807016739985,"moderate (0.4–0.7)"
"YPD","YDR370C",0.0160542362979101,"low (<0.4)"
"YPD","YDR371W",0.200085269256783,"low (<0.4)"
"YPD","VPS74",0.374074975657254,"low (<0.4)"
"YPD","YDR373W",0.194693281402142,"low (<0.4)"
"YPD","YDR374W-A",0.438695464318398,"moderate (0.4–0.7)"
"YPD","YDR375C",0.363373013082667,"low (<0.4)"
"YPD","YDR376W",0.301567111999871,"low (<0.4)"
"YPD","YDR377W",0.794741966893866,"high (≥0.7)"
"YPD","YDR378C",0.505525803310613,"moderate (0.4–0.7)"
"YPD","YDR379W",0.178580124526029,"low (<0.4)"
"YPD","YDR379C-A",0.396563312822343,"low (<0.4)"
"YPD","YDR380W",0.542691077078358,"moderate (0.4–0.7)"
"YPD","YRA1",0.662585199610516,"moderate (0.4–0.7)"
"YPD","YDR381C-A",0.436942775950009,"moderate (0.4–0.7)"
"YPD","RPP2B",0.721981499513145,"high (≥0.7)"
"YPD","YDR383C",0.308894899303196,"low (<0.4)"
"YPD","YDR384C",0.659858812074002,"moderate (0.4–0.7)"
"YPD","YDR385W",0.766942551119766,"high (≥0.7)"
"YPD","MUS81",0.251266530857787,"low (<0.4)"
"YPD","YDR387C",0.0396759218415202,"low (<0.4)"
"YPD","YDR388W",0.504941577409932,"moderate (0.4–0.7)"
"YPD","YDR389W",0.160102239532619,"low (<0.4)"
"YPD","UBA2",0.041821091901285,"low (<0.4)"
"YPD","YDR391C",0.65301030314198,"moderate (0.4–0.7)"
"YPD","YDR392W",0.380012175670014,"low (<0.4)"
"YPD","SHE9",0.276267504067336,"low (<0.4)"
"YPD","RPT3",0.433812074001947,"moderate (0.4–0.7)"
"YPD","SXM1",-0.0321567672833496,"low (<0.4)"
"YPD","NCB2",0.681767283349562,"moderate (0.4–0.7)"
"YPD","YDR398W",0.174318403115871,"low (<0.4)"
"YPD","HPT1",0.653700097370983,"moderate (0.4–0.7)"
"YPD","YDR400W",0.457914179135665,"moderate (0.4–0.7)"
"YPD","RPB7",0.080842259006816,"low (<0.4)"
"YPD","MRP20",0.436806231742941,"moderate (0.4–0.7)"
"YPD","YDR406W",0.179039966655215,"low (<0.4)"
"YPD","YDR407C",0.0133641674780915,"low (<0.4)"
"YPD","YDR408C",0.491893865628043,"moderate (0.4–0.7)"
"YPD","SIZ1",-0.0179344352861701,"low (<0.4)"
"YPD","YDR410C",0.621009069374809,"moderate (0.4–0.7)"
"YPD","YDR411C",0.0733446932814022,"low (<0.4)"
"YPD","YDR412W",0.36516553067186,"low (<0.4)"
"YPD","ERD1",0.320961057461259,"low (<0.4)"
"YPD","YDR415C",0.187221197795566,"low (<0.4)"
"YPD","SYF1",0.244480148079937,"low (<0.4)"
"YPD","RPL12B",0.572955209347614,"moderate (0.4–0.7)"
"YPD","RAD30",0.0190882496343247,"low (<0.4)"
"YPD","YDR420W",0.289904817632577,"low (<0.4)"
"YPD","YDR421W",0.246075681200656,"low (<0.4)"
"YPD","YDR422C",0.278359298928919,"low (<0.4)"
"YPD","CAD1",0.683826075875036,"moderate (0.4–0.7)"
"YPD","DYN2",0.211771006400017,"low (<0.4)"
"YPD","YDR425W",0.102678881600198,"low (<0.4)"
"YPD","YDR427W",0.379868549172347,"low (<0.4)"
"YPD","YDR428C",0.449537487828627,"moderate (0.4–0.7)"
"YPD","YDR429C",0.21024829600779,"low (<0.4)"
"YPD","CYM1",0.378481012658228,"low (<0.4)"
"YPD","NPL3",0.375292112950341,"low (<0.4)"
"YPD","YDR434W",0.336948451722563,"low (<0.4)"
"YPD","YDR435C",0.36928844432666,"low (<0.4)"
"YPD","YDR436W",0.0936234982687554,"low (<0.4)"
"YPD","YDR438W",-0.0369468623242097,"low (<0.4)"
"YPD","YDR439W",0.120426495325246,"low (<0.4)"
"YPD","DOT1",0.194795394298084,"low (<0.4)"
"YPD","YDR441C",0.727312560856865,"high (≥0.7)"
"YPD","SSN2",0.208613785464769,"low (<0.4)"
"YPD","YDR444W",0.28386766969632,"low (<0.4)"
"YPD","RPS17B",0.777507302823759,"high (≥0.7)"
"YPD","ADA2",0.165564003322538,"low (<0.4)"
"YPD","YDR449C",0.0199124872964209,"low (<0.4)"
"YPD","RPS18A",0.748442064264849,"high (≥0.7)"
"YPD","YDR451C",0.286665449986204,"low (<0.4)"
"YPD","PPN1",0.232497565725414,"low (<0.4)"
"YPD","TSA2",0.508660459830727,"moderate (0.4–0.7)"
"YPD","GUK1",0.516942551119766,"moderate (0.4–0.7)"
"YPD","NHX1",0.164386562804284,"low (<0.4)"
"YPD","YDR457W",0.591066212268744,"moderate (0.4–0.7)"
"YPD","YDR458C",0.268719571567673,"low (<0.4)"
"YPD","YDR459C",0.167256040412593,"low (<0.4)"
"YPD","TFB3",0.166796494644596,"low (<0.4)"
"YPD","YDR461C-A",0.25782686292079,"low (<0.4)"
"YPD","MRPL28",0.556523855890945,"moderate (0.4–0.7)"
"YPD","STP1",0.229433963964009,"low (<0.4)"
"YPD","YDR464W",0.212731256085686,"low (<0.4)"
"YPD","YDR465C",0.504162609542356,"moderate (0.4–0.7)"
"YPD","YDR466W",0.057912802178848,"low (<0.4)"
"YPD","YDR468C",0.247644782078781,"low (<0.4)"
"YPD","SDC1",0.2256586274301,"low (<0.4)"
"YPD","YDR470C",0.109488162822211,"low (<0.4)"
"YPD","RPL27B",0.744814995131451,"high (≥0.7)"
"YPD","YDR472W",0.160540408958131,"low (<0.4)"
"YPD","PRP3",0.0444996226914393,"low (<0.4)"
"YPD","JIP4",0.23050847461469,"low (<0.4)"
"YPD","YDR476C",0.548271665043817,"moderate (0.4–0.7)"
"YPD","SNF1",0.11516553067186,"low (<0.4)"
"YPD","YDR478W",0.328764457700549,"low (<0.4)"
"YPD","YDR479C",0.103830657501094,"low (<0.4)"
"YPD","DIG2",0.0755014466207655,"low (<0.4)"
"YPD","PHO8",0.391515232658625,"low (<0.4)"
"YPD","YDR482C",0.645131450827653,"moderate (0.4–0.7)"
"YPD","KRE2",0.511830574488802,"moderate (0.4–0.7)"
"YPD","VPS52",-0.187913091456287,"low (<0.4)"
"YPD","VPS72",-0.0206073885111733,"low (<0.4)"
"YPD","VPS60",0.369233016273976,"low (<0.4)"
"YPD","YDR487C",0.660418695228822,"moderate (0.4–0.7)"
"YPD","YDR488C",0.0570641884837862,"low (<0.4)"
"YPD","SLD5",0.193683468632079,"low (<0.4)"
"YPD","YDR490C",0.240070598704,"low (<0.4)"
"YPD","YDR492W",0.484177215189873,"moderate (0.4–0.7)"
"YPD","MZM1",0.614386562804284,"moderate (0.4–0.7)"
"YPD","YDR494W",0.524488802336904,"moderate (0.4–0.7)"
"YPD","VPS3",0.110383524629073,"low (<0.4)"
"YPD","YDR496C",0.0921859785783836,"low (<0.4)"
"YPD","YDR497C",0.685564751703992,"moderate (0.4–0.7)"
"YPD","YDR498C",0.409897820710005,"moderate (0.4–0.7)"
"YPD","LCD1",0.177015714897349,"low (<0.4)"
"YPD","RPL37B",0.539995131450828,"moderate (0.4–0.7)"
"YPD","YDR501W",0.337458949184455,"low (<0.4)"
"YPD","SAM2",0.616747809152873,"moderate (0.4–0.7)"
"YPD","YDR503C",0.268458336455795,"low (<0.4)"
"YPD","YDR504C",0.184774602785416,"low (<0.4)"
"YPD","PSP1",-0.00133909550433709,"low (<0.4)"
"YPD","YDR506C",0.0685876283777242,"low (<0.4)"
"YPD","GIN4",0.268232716650438,"low (<0.4)"
"YPD","YDR508C",0.635004868549172,"moderate (0.4–0.7)"
"YPD","YDR510W",0.459907497565725,"moderate (0.4–0.7)"
"YPD","YDR511W",0.76292599805258,"high (≥0.7)"
"YPD","YDR512C",0.496080817916261,"moderate (0.4–0.7)"
"YPD","GRX2",0.584298928919182,"moderate (0.4–0.7)"
"YPD","YDR514C",0.253251297785226,"low (<0.4)"
"YPD","SLF1",0.0924004038378082,"low (<0.4)"
"YPD","YDR516C",0.399036003915795,"low (<0.4)"
"YPD","YDR517W",0.248685491723466,"low (<0.4)"
"YPD","YDR518W",0.530124881483301,"moderate (0.4–0.7)"
"YPD","FPR2",0.75379746835443,"high (≥0.7)"
"YPD","URC2",-0.12078388434517,"low (<0.4)"
"YPD","AGE1",0.250541639354646,"low (<0.4)"
"YPD","YDR524C-B",0.743841285296982,"high (≥0.7)"
"YPD","YDR527W",0.270545277507303,"low (<0.4)"
"YPD","YDR528W",0.386828974259777,"low (<0.4)"
"YPD","QCR7",0.860540408958131,"high (≥0.7)"
"YPD","YDR530C",0.35421129503408,"low (<0.4)"
"YPD","YDR531W",0.294985394352483,"low (<0.4)"
"YPD","YDR532C",0.0668671998611348,"low (<0.4)"
"YPD","YDR533C",0.770080945982215,"high (≥0.7)"
"YPD","YDR534C",0.423419284725043,"moderate (0.4–0.7)"
"YPD","PAD1",0.654251564253349,"moderate (0.4–0.7)"
"YPD","YDR539W",0.800102320882631,"high (≥0.7)"
"YPD","YDR541C",0.469281300774802,"moderate (0.4–0.7)"
"YPD","YOL159C-A",0.816800331625657,"high (≥0.7)"
"YPD","YOL159C",0.754507547372092,"high (≥0.7)"
"YPD","ENB1",0.811964666662604,"high (≥0.7)"
"YPD","YOL155C",0.866966893865628,"high (≥0.7)"
"YPD","YOL154W",0.389358182024839,"low (<0.4)"
"YPD","YOL151W",0.805189905016767,"high (≥0.7)"
"YPD","YOL149W",0.319549169608946,"low (<0.4)"
"YPD","SPT20",-0.0453806782138389,"low (<0.4)"
"YPD","PEX11",0.495326192794547,"moderate (0.4–0.7)"
"YPD","YOL146W",0.327215189873418,"low (<0.4)"
"YPD","CTR9",0.320496592015579,"low (<0.4)"
"YPD","YOL144W",0.218330087633885,"low (<0.4)"
"YPD","YOL143C",0.560102239532619,"moderate (0.4–0.7)"
"YPD","RRP40",0.599683544303797,"moderate (0.4–0.7)"
"YPD","PPM2",-0.012632591167352,"low (<0.4)"
"YPD","YOL140W",0.57779076066528,"moderate (0.4–0.7)"
"YPD","CDC33",0.318841285296982,"low (<0.4)"
"YPD","RTC1",0.233655894778785,"low (<0.4)"
"YPD","YOL137W",0.131695056569239,"low (<0.4)"
"YPD","PFK27",0.483583760864364,"moderate (0.4–0.7)"
"YPD","YOL135C",0.186269856105425,"low (<0.4)"
"YPD","HRT1",0.422736124634859,"moderate (0.4–0.7)"
"YPD","ALR1",0.375157489772613,"low (<0.4)"
"YPD","YOL129W",0.460978578383642,"moderate (0.4–0.7)"
"YPD","YOL128C",0.225719484665114,"low (<0.4)"
"YPD","RPL25",0.401557935735151,"moderate (0.4–0.7)"
"YPD","YOL126C",0.5098457065517,"moderate (0.4–0.7)"
"YPD","YOL125W",0.160150925024343,"low (<0.4)"
"YPD","YOL124C",0.244303797468354,"low (<0.4)"
"YPD","HRP1",0.342029832222937,"low (<0.4)"
"YPD","SMF1",0.720549662559975,"high (≥0.7)"
"YPD","RPS19A",0.638753651411879,"moderate (0.4–0.7)"
"YPD","RPL18A",0.772005842259007,"high (≥0.7)"
"YPD","YOL119C",0.593148953487069,"moderate (0.4–0.7)"
"YPD","RRI2",0.249249982501555,"low (<0.4)"
"YPD","MSN1",0.172444011684518,"low (<0.4)"
"YPD","PAP2",0.149662844806876,"low (<0.4)"
"YPD","YOL114C",0.29931866860108,"low (<0.4)"
"YPD","YOL113W",0.17413483689701,"low (<0.4)"
"YPD","YOL112W",0.365094724293058,"low (<0.4)"
"YPD","MDY2",0.266455696202532,"low (<0.4)"
"YPD","SHR5",0.213438494639387,"low (<0.4)"
"YPD","YOL109W",0.521445959104187,"moderate (0.4–0.7)"
"YPD","YOL108C",0.256367188217918,"low (<0.4)"
"YPD","YOL107W",0.215991087384066,"low (<0.4)"
"YPD","YOL105C",0.317808888538431,"low (<0.4)"
"YPD","ITR2",0.274367088607595,"low (<0.4)"
"YPD","TPT1",0.0202288218111003,"low (<0.4)"
"YPD","YOL101C",0.54278148340629,"moderate (0.4–0.7)"
"YPD","YOL100W",0.0964853566961129,"low (<0.4)"
"YPD","YOL098C",0.0757059396299903,"low (<0.4)"
"YPD","YOL097W-A",0.170655962302503,"low (<0.4)"
"YPD","WRS1",0.2769717624148,"low (<0.4)"
"YPD","YOL096C",-0.00456432040312078,"low (<0.4)"
"YPD","YOL095C",0.353259084094077,"low (<0.4)"
"YPD","YOL094C",0.333179162609542,"low (<0.4)"
"YPD","YOL093W",0.124026290165531,"low (<0.4)"
"YPD","YOL092W",0.622322297955209,"moderate (0.4–0.7)"
"YPD","SPO21",0.467516133583391,"moderate (0.4–0.7)"
"YPD","MSH2",0.164724071241864,"low (<0.4)"
"YPD","YOL089C",0.146199257771827,"low (<0.4)"
"YPD","YOL088C",0.313134817038522,"low (<0.4)"
"YPD","YOL087C",0.333499687066462,"low (<0.4)"
"YPD","YOL086W-A",0.444920947072628,"moderate (0.4–0.7)"
"YPD","ADH1",0.756256085686465,"high (≥0.7)"
"YPD","ATG34",0.400068278387764,"moderate (0.4–0.7)"
"YPD","ATG19",0.477211863781145,"moderate (0.4–0.7)"
"YPD","IRA2",0.321616358325219,"low (<0.4)"
"YPD","YOL080C",0.317283349561831,"low (<0.4)"
"YPD","YOL078W",-0.0264242114428666,"low (<0.4)"
"YPD","YOL077W-A",0.819425511197663,"high (≥0.7)"
"YPD","YOL077C",0.341407010710808,"low (<0.4)"
"YPD","MDM20",0.0829063158022858,"low (<0.4)"
"YPD","YOL075C",0.36238816937664,"low (<0.4)"
"YPD","YOL073C",0.380988315481986,"low (<0.4)"
"YPD","THP1",0.225378684149038,"low (<0.4)"
"YPD","EMI5",0.493576518853583,"moderate (0.4–0.7)"
"YPD","YOL070C",0.0750468716614961,"low (<0.4)"
"YPD","YOL069W",0.504418720108124,"moderate (0.4–0.7)"
"YPD","YOL068C",0.0562804284323272,"low (<0.4)"
"YPD","YOL067C",0.321569714976658,"low (<0.4)"
"YPD","RIB2",0.176632038903215,"low (<0.4)"
"YPD","YOL065C",0.114174426600594,"low (<0.4)"
"YPD","MET22",0.58089094449854,"moderate (0.4–0.7)"
"YPD","CRT10",0.181070059377362,"low (<0.4)"
"YPD","APM4",0.394303797468354,"low (<0.4)"
"YPD","YOL061W",0.358836416747809,"low (<0.4)"
"YPD","YOL060C",0.324675008520376,"low (<0.4)"
"YPD","GPD2",0.785296981499513,"high (≥0.7)"
"YPD","ARG1",0.86336084156159,"high (≥0.7)"
"YPD","YOL057W",0.194401168451801,"low (<0.4)"
"YPD","YOL056W",0.102923634977793,"low (<0.4)"
"YPD","YOL055C",0.598909391888602,"moderate (0.4–0.7)"
"YPD","YOL054W",0.406329113924051,"moderate (0.4–0.7)"
"YPD","YOL053W",0.105167021786544,"low (<0.4)"
"YPD","YOL052C",0.246738072054528,"low (<0.4)"
"YPD","GAL11",0.0900438169425511,"low (<0.4)"
"YPD","YOL049W",0.328115871470302,"low (<0.4)"
"YPD","YOL048C",0.41244472803525,"moderate (0.4–0.7)"
"YPD","YOL045W",0.217060538701487,"low (<0.4)"
"YPD","PEX15",0.209425740708125,"low (<0.4)"
"YPD","NTG2",0.0799225850056897,"low (<0.4)"
"YPD","YOL042W",0.158377759972923,"low (<0.4)"
"YPD","YOL041C",0.26699123661149,"low (<0.4)"
"YPD","RPS15",0.654308666017527,"moderate (0.4–0.7)"
"YPD","RPP2A",0.688656280428432,"moderate (0.4–0.7)"
"YPD","YOL038W",0.511173320350536,"moderate (0.4–0.7)"
"YPD","YOL036W",0.0935004868549172,"low (<0.4)"
"YPD","YOL034W",0.295242789944549,"low (<0.4)"
"YPD","MSE1",0.20112018540966,"low (<0.4)"
"YPD","YOL032W",0.202702044790652,"low (<0.4)"
"YPD","SIL1",0.211543611153505,"low (<0.4)"
"YPD","YOL030W",0.706767283349562,"high (≥0.7)"
"YPD","YOL029C",0.488648123128097,"moderate (0.4–0.7)"
"YPD","YOL028C",0.136155880735481,"low (<0.4)"
"YPD","MDM38",0.397005842259007,"low (<0.4)"
"YPD","MIM1",0.562049659201558,"moderate (0.4–0.7)"
"YPD","LAG2",0.132138857782755,"low (<0.4)"
"YPD","YOL023W",0.129725650614158,"low (<0.4)"
"YPD","YOL022C",0.400121713729309,"moderate (0.4–0.7)"
"YPD","DIS3",-0.0442794547224927,"low (<0.4)"
"YPD","TAT2",0.154308666017527,"low (<0.4)"
"YPD","YOL019W",0.472565725413827,"moderate (0.4–0.7)"
"YPD","YOL018C",0.196255994605243,"low (<0.4)"
"YPD","YOL017W",0.217170088391564,"low (<0.4)"
"YPD","YOL016C",0.490603700097371,"moderate (0.4–0.7)"
"YPD","YOL015W",0.111533949039329,"low (<0.4)"
"YPD","YOL014W",0.823442064264849,"high (≥0.7)"
"YPD","YOL013W-A",0.529229835096618,"moderate (0.4–0.7)"
"YPD","HRD1",0.254949818806503,"low (<0.4)"
"YPD","HTZ1",0.390189873417722,"low (<0.4)"
"YPD","YOL011W",0.432619279454723,"moderate (0.4–0.7)"
"YPD","YOL010W",0.449415774099318,"moderate (0.4–0.7)"
"YPD","YOL009C",0.298448056057566,"low (<0.4)"
"YPD","YOL008W",0.366781080466037,"low (<0.4)"
"YPD","YOL007C",0.432561055029036,"moderate (0.4–0.7)"
"YPD","TOP1",0.249977178541499,"low (<0.4)"
"YPD","RPB11",0.481888997078871,"moderate (0.4–0.7)"
"YPD","SIN3",0.146957156767283,"low (<0.4)"
"YPD","YOL003C",-0.0765916012978323,"low (<0.4)"
"YPD","IZH2",0.626314508276534,"moderate (0.4–0.7)"
"YPD","PHO80",0.182207723510948,"low (<0.4)"
"YPD","YOR001W",0.183227848101266,"low (<0.4)"
"YPD","YOR002W",0.0785783836416748,"low (<0.4)"
"YPD","YOR003W",0.492882746374429,"moderate (0.4–0.7)"
"YPD","YOR004W",0.446543330087634,"moderate (0.4–0.7)"
"YPD","DNL4",0.104299668337379,"low (<0.4)"
"YPD","YOR006C",0.407838364167478,"moderate (0.4–0.7)"
"YPD","YOR007C",0.786952288218111,"high (≥0.7)"
"YPD","SLG1",0.233582239428859,"low (<0.4)"
"YPD","YOR009W",0.432890809985517,"moderate (0.4–0.7)"
"YPD","TIR2",0.448086906352226,"moderate (0.4–0.7)"
"YPD","YOR011W",0.505212523367928,"moderate (0.4–0.7)"
"YPD","YOR012W",0.292881329945199,"low (<0.4)"
"YPD","RTS1",-0.0686725577749181,"low (<0.4)"
"YPD","YOR016C",0.395131450827653,"low (<0.4)"
"YPD","YOR017W",0.540060868273939,"moderate (0.4–0.7)"
"YPD","ROD1",0.0665084293119025,"low (<0.4)"
"YPD","YOR019W",0.553655525629554,"moderate (0.4–0.7)"
"YPD","HSP10",0.6,"moderate (0.4–0.7)"
"YPD","YOR020W-A",0.448842474389911,"moderate (0.4–0.7)"
"YPD","YOR021C",0.52935735150925,"moderate (0.4–0.7)"
"YPD","YOR022C",0.046656117802919,"low (<0.4)"
"YPD","YOR023C",0.028190615352556,"low (<0.4)"
"YPD","YOR025W",0.0883160194516077,"low (<0.4)"
"YPD","YOR026W",-0.0333495618305745,"low (<0.4)"
"YPD","YOR027W",0.669425511197663,"moderate (0.4–0.7)"
"YPD","CIN5",0.621878541472328,"moderate (0.4–0.7)"
"YPD","DFG16",-0.0235638463888381,"low (<0.4)"
"YPD","YOR032C",0.693860410538978,"moderate (0.4–0.7)"
"YPD","EXO1",0.217380720545278,"low (<0.4)"
"YPD","YOR034C",0.341350894291113,"low (<0.4)"
"YPD","YOR034C-A",0.0932366011284503,"low (<0.4)"
"YPD","SHE4",0.247997090230292,"low (<0.4)"
"YPD","PEP12",0.331775303395777,"low (<0.4)"
"YPD","YOR037W",-0.0549574278964378,"low (<0.4)"
"YPD","HIR2",0.192210321324245,"low (<0.4)"
"YPD","CKB2",0.296372930866602,"low (<0.4)"
"YPD","YOR040W",0.517618757592256,"moderate (0.4–0.7)"
"YPD","YOR042W",0.283349561830575,"low (<0.4)"
"YPD","YOR043W",0.147882181110029,"low (<0.4)"
"YPD","YOR044W",0.457069127031444,"moderate (0.4–0.7)"
"YPD","TOM6",0.61039435248296,"moderate (0.4–0.7)"
"YPD","DBP5",0.190384615384615,"low (<0.4)"
"YPD","STD1",0.371884128529698,"low (<0.4)"
"YPD","RAT1",0.367332035053554,"low (<0.4)"
"YPD","YOR049C",0.792066606653209,"high (≥0.7)"
"YPD","ETT1",0.502312560856865,"moderate (0.4–0.7)"
"YPD","YOR052C",0.506986368062317,"moderate (0.4–0.7)"
"YPD","VHS3",0.17680764580136,"low (<0.4)"
"YPD","NOB1",0.428967867575463,"moderate (0.4–0.7)"
"YPD","SGT1",0.213510223953262,"low (<0.4)"
"YPD","ASE1",0.227196377778557,"low (<0.4)"
"YPD","YOR059C",0.233620175513334,"low (<0.4)"
"YPD","SLD7",0.0551876917084571,"low (<0.4)"
"YPD","CKA2",0.212706913339825,"low (<0.4)"
"YPD","YOR062C",0.478458823699642,"moderate (0.4–0.7)"
"YPD","RPL3",0.810589094449854,"high (≥0.7)"
"YPD","YNG1",0.366269870358532,"low (<0.4)"
"YPD","CYT1",0.869425511197663,"high (≥0.7)"
"YPD","MSA1",0.143987341772152,"low (<0.4)"
"YPD","ALG8",0.10087879454777,"low (<0.4)"
"YPD","VPS5",-0.015117213179094,"low (<0.4)"
"YPD","GYP1",0.0137296428872931,"low (<0.4)"
"YPD","NRT1",0.141605479578255,"low (<0.4)"
"YPD","SGO1",0.196504211500073,"low (<0.4)"
"YPD","CDC21",0.255720545277507,"low (<0.4)"
"YPD","UFE1",0.259568278779629,"low (<0.4)"
"YPD","SKI7",0.0222859194619479,"low (<0.4)"
"YPD","RTS2",0.191939482779412,"low (<0.4)"
"YPD","BUD21",0.347446126139139,"low (<0.4)"
"YPD","ATX2",0.313244360061546,"low (<0.4)"
"YPD","DIA2",0.359761441090555,"low (<0.4)"
"YPD","TGL5",0.0923002010353073,"low (<0.4)"
"YPD","YOR084W",0.104286861931141,"low (<0.4)"
"YPD","YOR085W",0.517478091528724,"moderate (0.4–0.7)"
"YPD","YOR086C",0.521665043816943,"moderate (0.4–0.7)"
"YPD","YVC1",0.128381840111361,"low (<0.4)"
"YPD","VPS21",0.579065238558909,"moderate (0.4–0.7)"
"YPD","PTC5",0.2718154712599,"low (<0.4)"
"YPD","TMA46",0.348296007789679,"low (<0.4)"
"YPD","ECM3",0.524662394498485,"moderate (0.4–0.7)"
"YPD","YOR093C",0.134289661753773,"low (<0.4)"
"YPD","ARF3",0.3230282375852,"low (<0.4)"
"YPD","YOR095C",0.516796494644596,"moderate (0.4–0.7)"
"YPD","RPS7A",0.630160662122687,"moderate (0.4–0.7)"
"YPD","YOR097C",0.238027999328959,"low (<0.4)"
"YPD","YOR098C",0.180696202531646,"low (<0.4)"
"YPD","YOR099W",0.411441090555015,"moderate (0.4–0.7)"
"YPD","YOR101W",0.587804284323272,"moderate (0.4–0.7)"
"YPD","YOR103C",0.466626095423564,"moderate (0.4–0.7)"
"YPD","YOR104W",0.230237372369231,"low (<0.4)"
"YPD","VAM3",0.427249933182413,"moderate (0.4–0.7)"
"YPD","YOR107W",0.477020632054606,"moderate (0.4–0.7)"
"YPD","YOR108W",0.670184214862793,"moderate (0.4–0.7)"
"YPD","INP53",0.111319376825706,"low (<0.4)"
"YPD","TFC7",0.16783029872306,"low (<0.4)"
"YPD","YOR111W",0.178418078921473,"low (<0.4)"
"YPD","YOR112W",0.171934906705291,"low (<0.4)"
"YPD","YOR113W",-0.00253510360028413,"low (<0.4)"
"YPD","YOR114W",0.183466346284644,"low (<0.4)"
"YPD","YOR115C",0.282511456379723,"low (<0.4)"
"YPD","RPO31",0.119888023369036,"low (<0.4)"
"YPD","RPT5",0.402288218111003,"moderate (0.4–0.7)"
"YPD","YOR118W",0.158446932814021,"low (<0.4)"
"YPD","RIO1",0.216382667964946,"low (<0.4)"
"YPD","GCY1",0.192238871502319,"low (<0.4)"
"YPD","PFY1",0.729746835443038,"high (≥0.7)"
"YPD","YOR123C",0.258252190847128,"low (<0.4)"
"YPD","YOR124C",0.212829922289252,"low (<0.4)"
"YPD","CAT5",0.535459731541786,"moderate (0.4–0.7)"
"YPD","YOR126C",0.202252934843904,"low (<0.4)"
"YPD","RGA1",0.297816402629687,"low (<0.4)"
"YPD","YOR128C",0.607400194741967,"moderate (0.4–0.7)"
"YPD","YOR129C",0.180355404089581,"low (<0.4)"
"YPD","ORT1",0.221397273612464,"low (<0.4)"
"YPD","YOR131C",0.60112342456946,"moderate (0.4–0.7)"
"YPD","VPS17",0.254625121713729,"low (<0.4)"
"YPD","YOR133W",0.748296007789679,"high (≥0.7)"
"YPD","YOR136W",0.623855890944499,"moderate (0.4–0.7)"
"YPD","YOR137C",-0.0377128730339679,"low (<0.4)"
"YPD","YOR138C",-0.0101998588116592,"low (<0.4)"
"YPD","YOR140W",0.312049659201558,"low (<0.4)"
"YPD","YOR141C",0.0537744346418979,"low (<0.4)"
"YPD","YOR142W",0.481329113924051,"moderate (0.4–0.7)"
"YPD","YOR143C",0.355710538653974,"low (<0.4)"
"YPD","ELG1",0.225092206155948,"low (<0.4)"
"YPD","PNO1",0.351655306718598,"low (<0.4)"
"YPD","YOR147W",0.242742200690132,"low (<0.4)"
"YPD","YOR148C",0.337526396831937,"low (<0.4)"
"YPD","SMP3",0.292450476268199,"low (<0.4)"
"YPD","MRPL23",0.651898734177215,"moderate (0.4–0.7)"
"YPD","RPB2",0.386635832521909,"low (<0.4)"
"YPD","YOR152C",0.318622745958377,"low (<0.4)"
"YPD","PDR5",0.767989289191821,"high (≥0.7)"
"YPD","YOR154W",0.324155894835452,"low (<0.4)"
"YPD","YOR155C",0.352467896702921,"low (<0.4)"
"YPD","NFI1",0.237886487779848,"low (<0.4)"
"YPD","YOR157C",0.498709834469328,"moderate (0.4–0.7)"
"YPD","YOR158W",0.373809480346992,"low (<0.4)"
"YPD","SME1",0.376314508276534,"low (<0.4)"
"YPD","MTR10",0.211125919708874,"low (<0.4)"
"YPD","YOR161C",0.632915244140518,"moderate (0.4–0.7)"
"YPD","YRR1",0.355568269198648,"low (<0.4)"
"YPD","YOR163W",0.491543887204132,"moderate (0.4–0.7)"
"YPD","GET4",0.218743914313535,"low (<0.4)"
"YPD","YOR165W",0.22921129503408,"low (<0.4)"
"YPD","YOR166C",0.235846248162037,"low (<0.4)"
"YPD","RPS28A",0.415701071080818,"moderate (0.4–0.7)"
"YPD","GLN4",0.559761441090555,"moderate (0.4–0.7)"
"YPD","YOR171C",0.401618891864243,"moderate (0.4–0.7)"
"YPD","YOR172W",0.312708816393427,"low (<0.4)"
"YPD","YOR173W",0.186028802573225,"low (<0.4)"
"YPD","YOR174W",0.170872132262168,"low (<0.4)"
"YPD","ALE1",0.331718597857838,"low (<0.4)"
"YPD","YOR176W",0.503456669912366,"moderate (0.4–0.7)"
"YPD","YOR179C",0.297835308156125,"low (<0.4)"
"YPD","DCI1",0.150119159223693,"low (<0.4)"
"YPD","LAS17",0.369352482960078,"low (<0.4)"
"YPD","RPS30B",0.321007789678676,"low (<0.4)"
"YPD","SER1",0.536708860759494,"moderate (0.4–0.7)"
"YPD","GSP2",0.373785137452987,"low (<0.4)"
"YPD","TUF1",0.751363193768257,"high (≥0.7)"
"YPD","YOR188W",0.174550721465753,"low (<0.4)"
"YPD","YOR189W",0.276647800402804,"low (<0.4)"
"YPD","ULS1",0.297419668938656,"low (<0.4)"
"YPD","YOR193W",0.0205851594648204,"low (<0.4)"
"YPD","YOR194C",0.278846153846154,"low (<0.4)"
"YPD","YOR195W",0.447687439143135,"moderate (0.4–0.7)"
"YPD","YOR196C",0.277594191790631,"low (<0.4)"
"YPD","MCA1",0.293476144109056,"low (<0.4)"
"YPD","YOR198C",0.659152872444012,"moderate (0.4–0.7)"
"YPD","MRM1",0.16966893865628,"low (<0.4)"
"YPD","HIS3",0.75379746835443,"high (≥0.7)"
"YPD","DED1",0.253374718989122,"low (<0.4)"
"YPD","GEP3",-0.00298216785897074,"low (<0.4)"
"YPD","YOR206W",0.434664070107108,"moderate (0.4–0.7)"
"YPD","RET1",0.452044790652386,"moderate (0.4–0.7)"
"YPD","YOR208W",0.265702688068991,"low (<0.4)"
"YPD","YOR209C",0.532607902005471,"moderate (0.4–0.7)"
"YPD","RPB10",0.482619279454723,"moderate (0.4–0.7)"
"YPD","MGM1",0.0950827653359299,"low (<0.4)"
"YPD","STE4",0.523786562989129,"moderate (0.4–0.7)"
"YPD","YOR213C",0.209079844206427,"low (<0.4)"
"YPD","YOR215C",0.449391431353457,"moderate (0.4–0.7)"
"YPD","RUD3",0.320163587329218,"low (<0.4)"
"YPD","RFC1",0.168865628042843,"low (<0.4)"
"YPD","STE13",0.247225830499228,"low (<0.4)"
"YPD","RCN2",0.424332056047261,"moderate (0.4–0.7)"
"YPD","YOR221C",0.111040111005653,"low (<0.4)"
"YPD","ODC2",0.814118792599805,"high (≥0.7)"
"YPD","YOR223W",0.107595591503888,"low (<0.4)"
"YPD","RPB8",0.481913339824732,"moderate (0.4–0.7)"
"YPD","ISU2",0.70744888023369,"high (≥0.7)"
"YPD","YOR227W",0.454916685938242,"moderate (0.4–0.7)"
"YPD","YOR228C",0.205449427848027,"low (<0.4)"
"YPD","YOR229W",0.549674718089038,"moderate (0.4–0.7)"
"YPD","YOR230W",0.825608568646543,"high (≥0.7)"
"YPD","MKK1",0.194454587559747,"low (<0.4)"
"YPD","MGE1",0.451655306718598,"moderate (0.4–0.7)"
"YPD","KIN4",0.113510914747201,"low (<0.4)"
"YPD","RPL33B",0.689849074975657,"moderate (0.4–0.7)"
"YPD","YOR236W",0.551269177646392,"moderate (0.4–0.7)"
"YPD","YOR238W",0.287171372930867,"low (<0.4)"
"YPD","ABP140",0.464970788704966,"moderate (0.4–0.7)"
"YPD","MET7",0.352726387536514,"low (<0.4)"
"YPD","YOR242C",0.214422005456411,"low (<0.4)"
"YPD","YOR243C",0.211197663096397,"low (<0.4)"
"YPD","ESA1",0.101369362977585,"low (<0.4)"
"YPD","YOR245C",0.198836388481223,"low (<0.4)"
"YPD","YOR246C",0.298125608568647,"low (<0.4)"
"YPD","YOR247W",0.52261441090555,"moderate (0.4–0.7)"
"YPD","APC5",0.0960559571240081,"low (<0.4)"
"YPD","YOR250C",0.188076632885153,"low (<0.4)"
"YPD","YOR251C",0.115749756572541,"low (<0.4)"
"YPD","TMA16",0.167940603700097,"low (<0.4)"
"YPD","NAT5",0.698612463485881,"moderate (0.4–0.7)"
"YPD","SEC63",0.345107108081792,"low (<0.4)"
"YPD","YOR256C",0.24484976828301,"low (<0.4)"
"YPD","CDC31",-0.000754629714167541,"low (<0.4)"
"YPD","YOR258W",0.0987440927610927,"low (<0.4)"
"YPD","RPT4",0.417575462512171,"moderate (0.4–0.7)"
"YPD","GCD1",0.321640701071081,"low (<0.4)"
"YPD","YOR261C",0.144425511197663,"low (<0.4)"
"YPD","YOR262W",0.456304771178189,"moderate (0.4–0.7)"
"YPD","YOR264W",0.213077241476022,"low (<0.4)"
"YPD","YOR265W",0.399975657254138,"low (<0.4)"
"YPD","YOR266W",0.0970552526960443,"low (<0.4)"
"YPD","YOR267C",0.342891918208374,"low (<0.4)"
"YPD","YOR269W",0.0955481849047057,"low (<0.4)"
"YPD","YOR270C",0.428529698149951,"moderate (0.4–0.7)"
"YPD","YOR271C",0.52149464459591,"moderate (0.4–0.7)"
"YPD","YOR272W",0.340141187925998,"low (<0.4)"
"YPD","YOR273C",0.706948494447982,"high (≥0.7)"
"YPD","YOR274W",0.413305825870761,"moderate (0.4–0.7)"
"YPD","YOR275C",0.17485394352483,"low (<0.4)"
"YPD","CAF20",0.461635832521909,"moderate (0.4–0.7)"
"YPD","HEM4",0.367459521520318,"low (<0.4)"
"YPD","YOR279C",0.194546562609974,"low (<0.4)"
"YPD","YOR280C",0.327702044790652,"low (<0.4)"
"YPD","YOR281C",0.390214216163583,"low (<0.4)"
"YPD","YOR283W",0.524415774099318,"moderate (0.4–0.7)"
"YPD","YOR284W",0.270658206315028,"low (<0.4)"
"YPD","YOR285W",0.923951410970229,"high (≥0.7)"
"YPD","RDL2",0.789581304771178,"high (≥0.7)"
"YPD","YOR287C",0.306015810522177,"low (<0.4)"
"YPD","YOR288C",0.472728380158558,"moderate (0.4–0.7)"
"YPD","YOR289W",0.20063106135042,"low (<0.4)"
"YPD","SNF2",0.295340161520571,"low (<0.4)"
"YPD","YOR291W",0.184936342224762,"low (<0.4)"
"YPD","YOR292C",-0.185606913581128,"low (<0.4)"
"YPD","RPS10A",0.577336903602726,"moderate (0.4–0.7)"
"YPD","YOR294W",0.416163583252191,"moderate (0.4–0.7)"
"YPD","YOR295W",0.131791626095424,"low (<0.4)"
"YPD","YOR296W",0.261269216235044,"low (<0.4)"
"YPD","YOR297C",0.15927458617332,"low (<0.4)"
"YPD","YOR298W",0.224045377515779,"low (<0.4)"
"YPD","MBF1",0.601217137293087,"moderate (0.4–0.7)"
"YPD","YOR299W",0.156158714703019,"low (<0.4)"
"YPD","YOR301W",0.0439640692454811,"low (<0.4)"
"YPD","YOR303W",0.777020447906524,"high (≥0.7)"
"YPD","YOR304W",0.0169429635630425,"low (<0.4)"
"YPD","YOR304C-A",0.481986368062317,"moderate (0.4–0.7)"
"YPD","YOR305W",0.198515092502434,"low (<0.4)"
"YPD","YOR306C",0.527333147041315,"moderate (0.4–0.7)"
"YPD","YOR307C",0.120545277507303,"low (<0.4)"
"YPD","YOR308C",0.18427907208654,"low (<0.4)"
"YPD","NOP58",0.546080817916261,"moderate (0.4–0.7)"
"YPD","DGK1",0.370350535540409,"low (<0.4)"
"YPD","RPL20B",0.772200584225901,"high (≥0.7)"
"YPD","YOR313C",0.443698370371631,"moderate (0.4–0.7)"
"YPD","YOR315W",0.540433300876339,"moderate (0.4–0.7)"
"YPD","YOR316C",0.623167943744818,"moderate (0.4–0.7)"
"YPD","YOR317W",0.606621226874391,"moderate (0.4–0.7)"
"YPD","YOR319W",0.289153988752179,"low (<0.4)"
"YPD","YOR320C",0.266528724440117,"low (<0.4)"
"YPD","YOR321W",0.442838643380235,"moderate (0.4–0.7)"
"YPD","LDB19",0.393670886075949,"low (<0.4)"
"YPD","YOR323C",0.370180136319377,"low (<0.4)"
"YPD","FRT1",0.343739160783901,"low (<0.4)"
"YPD","MYO2",0.288023369036027,"low (<0.4)"
"YPD","YOR327C",0.653529698149951,"moderate (0.4–0.7)"
"YPD","YOR328W",0.2274046800732,"low (<0.4)"
"YPD","SCD5",0.0969583368833603,"low (<0.4)"
"YPD","MIP1",0.261534248286295,"low (<0.4)"
"YPD","YOR332W",0.64031158714703,"moderate (0.4–0.7)"
"YPD","YOR334W",-0.0193502058968026,"low (<0.4)"
"YPD","ALA1",0.585783836416748,"moderate (0.4–0.7)"
"YPD","YOR336W",0.134493670886076,"low (<0.4)"
"YPD","YOR337W",0.135770984865737,"low (<0.4)"
"YPD","YOR338W",0.463194760081055,"moderate (0.4–0.7)"
"YPD","RPA43",0.318281402142162,"low (<0.4)"
"YPD","RPA190",0.526314508276534,"moderate (0.4–0.7)"
"YPD","YOR342C",0.381962025316456,"low (<0.4)"
"YPD","TYE7",0.462317429406037,"moderate (0.4–0.7)"
"YPD","YOR346W",0.409784367914932,"moderate (0.4–0.7)"
"YPD","YOR347C",0.338523457340338,"low (<0.4)"
"YPD","YOR348C",0.306528633671917,"low (<0.4)"
"YPD","YOR349W",0.234892021294953,"low (<0.4)"
"YPD","YOR350C",0.0261164519346349,"low (<0.4)"
"YPD","YOR352W",0.281735626975956,"low (<0.4)"
"YPD","YOR353C",-0.0251346499144226,"low (<0.4)"
"YPD","YOR354C",0.70294547224927,"high (≥0.7)"
"YPD","YOR355W",0.650925024342746,"moderate (0.4–0.7)"
"YPD","YOR356W",0.0106136955653542,"low (<0.4)"
"YPD","SNX3",0.295350535540409,"low (<0.4)"
"YPD","YOR358W",0.358127929578111,"low (<0.4)"
"YPD","YOR359W",0.106901819024734,"low (<0.4)"
"YPD","PDE2",0.456121132587253,"moderate (0.4–0.7)"
"YPD","PRT1",0.228773125608569,"low (<0.4)"
"YPD","YOR362C",0.60421129503408,"moderate (0.4–0.7)"
"YPD","PIP2",0.012425389075451,"low (<0.4)"
"YPD","YOR367W",0.286837556987543,"low (<0.4)"
"YPD","YOR368W",0.264440959800701,"low (<0.4)"
"YPD","RPS12",0.791820837390458,"high (≥0.7)"
"YPD","MRS6",0.331402142161636,"low (<0.4)"
"YPD","GPB1",0.14102439261892,"low (<0.4)"
"YPD","YOR372C",0.254363543491712,"low (<0.4)"
"YPD","YOR373W",0.191152575177439,"low (<0.4)"
"YPD","ALD4",0.670374878286271,"moderate (0.4–0.7)"
"YPD","GDH1",0.86236611489776,"high (≥0.7)"
"YPD","YOR377W",0.377423026693789,"low (<0.4)"
"YPD","YOR378W",0.419857289099838,"moderate (0.4–0.7)"
"YPD","YOR380W",0.166747830504909,"low (<0.4)"
"YPD","YOR381W",0.579228082110932,"moderate (0.4–0.7)"
"YPD","YOR382W",0.680031451158144,"moderate (0.4–0.7)"
"YPD","YOR383C",0.781935489664265,"high (≥0.7)"
"YPD","YOR385W",0.669937131303279,"moderate (0.4–0.7)"
"YPD","YOR390W",0.271996492253727,"low (<0.4)"
"YPD","YGL263W",0.738557229099335,"high (≥0.7)"
"YPD","YGL257C",0.221816499980522,"low (<0.4)"
"YPD","ADH4",0.629089581304771,"moderate (0.4–0.7)"
"YPD","YGL255W",0.684015141372217,"moderate (0.4–0.7)"
"YPD","FZF1",0.185869202463952,"low (<0.4)"
"YPD","HXK2",0.640774099318403,"moderate (0.4–0.7)"
"YPD","YGL252C",0.468305744888023,"moderate (0.4–0.7)"
"YPD","HFM1",0.526794955926298,"moderate (0.4–0.7)"
"YPD","YGL250W",0.128375706127453,"low (<0.4)"
"YPD","RME3",0.134131948013394,"low (<0.4)"
"YPD","YGL248W",0.388468545578726,"low (<0.4)"
"YPD","YGL247W",0.344710897258744,"low (<0.4)"
"YPD","YGL246C",0.353602726387537,"low (<0.4)"
"YPD","GUS1",0.421713729308666,"moderate (0.4–0.7)"
"YPD","RTF1",0.284629288158193,"low (<0.4)"
"YPD","YGL243W",0.353191108846178,"low (<0.4)"
"YPD","YGL242C",0.324050632911392,"low (<0.4)"
"YPD","YGL241W",0.0950590010911048,"low (<0.4)"
"YPD","DOC1",-0.00680346055782051,"low (<0.4)"
"YPD","CSE1",0.279186952288218,"low (<0.4)"
"YPD","YGL237C",0.296150686231388,"low (<0.4)"
"YPD","MTO1",0.52527096684862,"moderate (0.4–0.7)"
"YPD","YGL234W",0.58483446932814,"moderate (0.4–0.7)"
"YPD","YGL233W",0.174858200105366,"low (<0.4)"
"YPD","YGL232W",0.427166504381694,"moderate (0.4–0.7)"
"YPD","YGL231C",0.314922103213242,"low (<0.4)"
"YPD","YGL229C",0.199310679140152,"low (<0.4)"
"YPD","YGL228W",0.347955209347614,"low (<0.4)"
"YPD","VID30",0.338296041066102,"low (<0.4)"
"YPD","YGL226C-A",0.42514605647517,"moderate (0.4–0.7)"
"YPD","YGL226W",0.634558389485883,"moderate (0.4–0.7)"
"YPD","VRG4",0.286830574488802,"low (<0.4)"
"YPD","SDT1",-0.048539435248296,"low (<0.4)"
"YPD","COG1",0.452448480576281,"moderate (0.4–0.7)"
"YPD","YGL222C",0.368677339534988,"low (<0.4)"
"YPD","YGL221C",0.438680623174294,"moderate (0.4–0.7)"
"YPD","FRA2",0.549172346640701,"moderate (0.4–0.7)"
"YPD","MDM34",-0.0658611574127197,"low (<0.4)"
"YPD","YGL216W",0.0403605182609608,"low (<0.4)"
"YPD","YGL215W",0.320861733203505,"low (<0.4)"
"YPD","SKI8",0.230087633885102,"low (<0.4)"
"YPD","VAM7",0.202347469812289,"low (<0.4)"
"YPD","NCS6",0.433033106134372,"moderate (0.4–0.7)"
"YPD","YGL210W",0.472346640701071,"moderate (0.4–0.7)"
"YPD","MIG2",0.524964093731339,"moderate (0.4–0.7)"
"YPD","SIP2",0.398517973018195,"low (<0.4)"
"YPD","SPT16",0.304381694255112,"low (<0.4)"
"YPD","CHC1",0.502994157740993,"moderate (0.4–0.7)"
"YPD","YGL204C",0.47945306345545,"moderate (0.4–0.7)"
"YPD","YGL203C",0.33118305744888,"low (<0.4)"
"YPD","YGL202W",0.770861733203505,"high (≥0.7)"
"YPD","YGL201C",0.387076357579938,"low (<0.4)"
"YPD","EMP24",0.500316455696203,"moderate (0.4–0.7)"
"YPD","YGL198W",0.525462512171373,"moderate (0.4–0.7)"
"YPD","YGL197W",0.471690535005785,"moderate (0.4–0.7)"
"YPD","YGL196W",0.630052949861402,"moderate (0.4–0.7)"
"YPD","GCN1",0.242940603700097,"low (<0.4)"
"YPD","YGL194C-A",0.232729712802026,"low (<0.4)"
"YPD","HOS2",0.191534241169189,"low (<0.4)"
"YPD","IME4",0.177323456308787,"low (<0.4)"
"YPD","YGL191W",0.829308666017527,"high (≥0.7)"
"YPD","YGL190C",0.445959104186952,"moderate (0.4–0.7)"
"YPD","RPS26A",0.614435248296008,"moderate (0.4–0.7)"
"YPD","YGL187C",0.868768257059396,"high (≥0.7)"
"YPD","YGL186C",0.534375209206641,"moderate (0.4–0.7)"
"YPD","YGL185C",0.483625365130378,"moderate (0.4–0.7)"
"YPD","GTS1",0.55126582278481,"moderate (0.4–0.7)"
"YPD","ATG1",0.0710187263228373,"low (<0.4)"
"YPD","YGL179C",0.277193302891933,"low (<0.4)"
"YPD","MPT5",0.247297955209348,"low (<0.4)"
"YPD","YGL176C",0.209475702192355,"low (<0.4)"
"YPD","SAE2",0.0531803587120745,"low (<0.4)"
"YPD","BUD13",0.256532299538209,"low (<0.4)"
"YPD","XRN1",0.441893865628043,"moderate (0.4–0.7)"
"YPD","NUP49",0.0903602726387537,"low (<0.4)"
"YPD","YGL171W",0.298991595621382,"low (<0.4)"
"YPD","YGL169W",0.400063291531821,"moderate (0.4–0.7)"
"YPD","PMR1",0.476338851022395,"moderate (0.4–0.7)"
"YPD","CUP2",0.358948143556693,"low (<0.4)"
"YPD","YGL164C",0.216895923700695,"low (<0.4)"
"YPD","RAD54",0.114316317373632,"low (<0.4)"
"YPD","YGL162W",0.607096343404182,"moderate (0.4–0.7)"
"YPD","YGL161C",0.586955860258315,"moderate (0.4–0.7)"
"YPD","YGL160W",0.16766889959891,"low (<0.4)"
"YPD","YGL159W",0.239596392361153,"low (<0.4)"
"YPD","YGL157W",0.600048685491724,"moderate (0.4–0.7)"
"YPD","YGL156W",0.291400038194234,"low (<0.4)"
"YPD","CDC43",0.231134371957157,"low (<0.4)"
"YPD","YGL154C",0.264206068351257,"low (<0.4)"
"YPD","YGL153W",0.305710234366873,"low (<0.4)"
"YPD","NUT1",0.0738333455268793,"low (<0.4)"
"YPD","YGL150C",0.410418695228822,"moderate (0.4–0.7)"
"YPD","YGL148W",0.542234664070107,"moderate (0.4–0.7)"
"YPD","RPL9A",0.83118305744888,"high (≥0.7)"
"YPD","TIP20",0.147338952646046,"low (<0.4)"
"YPD","YGL144C",0.171682622633681,"low (<0.4)"
"YPD","YGL143C",0.252207730934799,"low (<0.4)"
"YPD","YGL142C",0.201752784744653,"low (<0.4)"
"YPD","YGL141W",0.0576227863035407,"low (<0.4)"
"YPD","YGL140C",0.238997078870497,"low (<0.4)"
"YPD","FLC3",0.0651168451801363,"low (<0.4)"
"YPD","YGL137W",0.171665043816943,"low (<0.4)"
"YPD","YGL136C",0.0735660165049734,"low (<0.4)"
"YPD","RPL1B",0.844644595910419,"high (≥0.7)"
"YPD","YGL134W",-0.0206918376847502,"low (<0.4)"
"YPD","YGL133W",0.302776915639222,"low (<0.4)"
"YPD","YGL131C",0.0980373114975035,"low (<0.4)"
"YPD","YGL130W",0.207887049659202,"low (<0.4)"
"YPD","YGL129C",0.490533657102907,"moderate (0.4–0.7)"
"YPD","YGL128C",-0.00888144889298531,"low (<0.4)"
"YPD","SOH1",0.239319360327976,"low (<0.4)"
"YPD","SCS3",0.26732149052035,"low (<0.4)"
"YPD","MET13",0.149109567824026,"low (<0.4)"
"YPD","MON1",0.217457511521381,"low (<0.4)"
"YPD","RPS2",0.617283349561831,"moderate (0.4–0.7)"
"YPD","YGL122C",0.168354430379747,"low (<0.4)"
"YPD","PRP43",0.434104186952288,"moderate (0.4–0.7)"
"YPD","COQ8",0.0597618047832682,"low (<0.4)"
"YPD","YGL117W",0.43352259934225,"moderate (0.4–0.7)"
"YPD","CDC20",0.0132956711568895,"low (<0.4)"
"YPD","SNF4",0.285029211295034,"low (<0.4)"
"YPD","YGL114W",0.345980369074612,"low (<0.4)"
"YPD","YGL113W",0.080348177250268,"low (<0.4)"
"YPD","TAF6",0.0830214400054322,"low (<0.4)"
"YPD","YGL111W",0.229430379746835,"low (<0.4)"
"YPD","YGL110C",0.130691984905179,"low (<0.4)"
"YPD","YGL108C",0.280744888023369,"low (<0.4)"
"YPD","YGL107C",0.410443037974684,"moderate (0.4–0.7)"
"YPD","YGL106W",0.805452775073028,"high (≥0.7)"
"YPD","YGL105W",0.395910418695229,"low (<0.4)"
"YPD","YGL104C",0.219246838970155,"low (<0.4)"
"YPD","RPL28",0.71166017526777,"high (≥0.7)"
"YPD","YGL101W",0.35435735150925,"low (<0.4)"
"YPD","YGL100W",0.23047711781889,"low (<0.4)"
"YPD","LSG1",0.101557935735151,"low (<0.4)"
"YPD","USE1",0.311881157997243,"low (<0.4)"
"YPD","SRM1",0.215189873417722,"low (<0.4)"
"YPD","YGL096W",0.638065277580827,"moderate (0.4–0.7)"
"YPD","VPS45",0.470085626138367,"moderate (0.4–0.7)"
"YPD","YGL094C",0.315374363287019,"low (<0.4)"
"YPD","YGL093W",-0.0329967928243259,"low (<0.4)"
"YPD","NUP145",0.347005842259007,"low (<0.4)"
"YPD","YGL091C",0.291528724440117,"low (<0.4)"
"YPD","YGL090W",0.0806159091018906,"low (<0.4)"
"YPD","YGL087C",0.572809152872444,"moderate (0.4–0.7)"
"YPD","YGL086W",0.101511721347539,"low (<0.4)"
"YPD","YGL085W",-0.0381698900911647,"low (<0.4)"
"YPD","YGL084C",0.120548945642829,"low (<0.4)"
"YPD","YGL083W",0.0181840311587147,"low (<0.4)"
"YPD","YGL082W",0.0971055770876102,"low (<0.4)"
"YPD","YGL080W",0.21095423563778,"low (<0.4)"
"YPD","KXD1",0.240676728334956,"low (<0.4)"
"YPD","YGL078C",0.494036027263875,"moderate (0.4–0.7)"
"YPD","HNM1",0.559225900681597,"moderate (0.4–0.7)"
"YPD","RPL7A",0.734079844206427,"high (≥0.7)"
"YPD","MPS2",0.105033583516205,"low (<0.4)"
"YPD","HSF1",0.380159455393364,"low (<0.4)"
"YPD","AFT1",0.335554622417499,"low (<0.4)"
"YPD","RPB9",0.207814021421616,"low (<0.4)"
"YPD","YGL068W",0.814264849074976,"high (≥0.7)"
"YPD","YGL067W",0.551290165530672,"moderate (0.4–0.7)"
"YPD","SGF73",0.126804032460423,"low (<0.4)"
"YPD","YGL065C",-0.0385834869985662,"low (<0.4)"
"YPD","YGL064C",0.246768421894486,"low (<0.4)"
"YPD","YGL063W",0.104418843836183,"low (<0.4)"
"YPD","YGL062W",0.688924050632911,"moderate (0.4–0.7)"
"YPD","YGL061C",0.0697436646668346,"low (<0.4)"
"YPD","YBP2",0.358278713971544,"low (<0.4)"
"YPD","YGL059W",0.140993855215649,"low (<0.4)"
"YPD","RAD6",0.247638753651412,"low (<0.4)"
"YPD","YGL057C",0.29886176937705,"low (<0.4)"
"YPD","YGL056C",0.255769230769231,"low (<0.4)"
"YPD","OLE1",0.706158714703018,"high (≥0.7)"
"YPD","YGL054C",0.425243427458617,"moderate (0.4–0.7)"
"YPD","YGL050W",0.263851022395326,"low (<0.4)"
"YPD","TIF4632",0.254892891918208,"low (<0.4)"
"YPD","RPT6",0.593938656280429,"moderate (0.4–0.7)"
"YPD","YGL047W",0.315676728334956,"low (<0.4)"
"YPD","RIM8",0.131211421610218,"low (<0.4)"
"YPD","YGL044C",0.198418929038053,"low (<0.4)"
"YPD","DST1",0.264313534566699,"low (<0.4)"
"YPD","YGL041W-A",0.113997078870497,"low (<0.4)"
"YPD","HEM2",0.450632911392405,"moderate (0.4–0.7)"
"YPD","YGL039W",0.701598719576768,"high (≥0.7)"
"YPD","OCH1",0.437843463028209,"moderate (0.4–0.7)"
"YPD","YGL037C",0.724561830574489,"high (≥0.7)"
"YPD","YGL036W",0.255979305962252,"low (<0.4)"
"YPD","MIG1",0.101114363941862,"low (<0.4)"
"YPD","YGL033W",0.48214676797096,"moderate (0.4–0.7)"
"YPD","RPL24A",0.667624148003895,"moderate (0.4–0.7)"
"YPD","RPL30",0.603773125608569,"moderate (0.4–0.7)"
"YPD","YGL029W",0.362852969814995,"low (<0.4)"
"YPD","YGL028C",0.224835073948651,"low (<0.4)"
"YPD","CWH41",0.161201587233431,"low (<0.4)"
"YPD","YGL026C",0.729576436222006,"high (≥0.7)"
"YPD","PGD1",0.0296390968840561,"low (<0.4)"
"YPD","YGL023C",0.0999701782899374,"low (<0.4)"
"YPD","YGL022W",0.495666991236612,"moderate (0.4–0.7)"
"YPD","YGL021W",0.24107626520411,"low (<0.4)"
"YPD","GET1",0.372419668938656,"low (<0.4)"
"YPD","CKB1",0.0362706913339825,"low (<0.4)"
"YPD","YGL018C",0.0432662760526443,"low (<0.4)"
"YPD","ATE1",0.372624917006821,"low (<0.4)"
"YPD","KAP122",0.0951071080817916,"low (<0.4)"
"YPD","PUF4",0.0997322297955209,"low (<0.4)"
"YPD","PDR1",0.274821983346291,"low (<0.4)"
"YPD","YGL012W",0.768889970788705,"high (≥0.7)"
"YPD","SCL1",0.320813047711782,"low (<0.4)"
"YPD","YGL010W",0.572993567858336,"moderate (0.4–0.7)"
"YPD","YGL009C",0.75365141187926,"high (≥0.7)"
"YPD","PMA1",0.56531158714703,"moderate (0.4–0.7)"
"YPD","YGL006W-A",0.456881942554157,"moderate (0.4–0.7)"
"YPD","YGL006W",0.544279454722493,"moderate (0.4–0.7)"
"YPD","COG7",0.0586298602120169,"low (<0.4)"
"YPD","YGL004C",0.223321709605581,"low (<0.4)"
"YPD","CDH1",-0.207242408027901,"low (<0.4)"
"YPD","YGL002W",0.171057516175978,"low (<0.4)"
"YPD","YGL001C",0.777361246348588,"high (≥0.7)"
"YPD","YGR001C",0.389678675754625,"low (<0.4)"
"YPD","SWC4",0.185052644734417,"low (<0.4)"
"YPD","CUL3",0.163125703706098,"low (<0.4)"
"YPD","YGR004W",0.296350391621795,"low (<0.4)"
"YPD","YGR005C",-0.0211781888997079,"low (<0.4)"
"YPD","ECT1",0.330769230769231,"low (<0.4)"
"YPD","YGR008C",0.501363193768257,"moderate (0.4–0.7)"
"YPD","SEC9",0.156034325649575,"low (<0.4)"
"YPD","YGR010W",0.270202498474405,"low (<0.4)"
"YPD","YGR012W",0.382743322446976,"low (<0.4)"
"YPD","YGR013W",0.323979576317929,"low (<0.4)"
"YPD","YGR014W",0.433081791626095,"moderate (0.4–0.7)"
"YPD","YGR015C",0.038223694002163,"low (<0.4)"
"YPD","YGR016W",0.076791929585275,"low (<0.4)"
"YPD","YGR017W",0.533860759493671,"moderate (0.4–0.7)"
"YPD","YGR019W",0.345389151595683,"low (<0.4)"
"YPD","YGR020C",0.491601752677702,"moderate (0.4–0.7)"
"YPD","YGR021W",0.513468444746211,"moderate (0.4–0.7)"
"YPD","YGR023W",-0.0557182278809171,"low (<0.4)"
"YPD","YGR024C",0.402312560856865,"moderate (0.4–0.7)"
"YPD","YGR026W",0.343330087633885,"low (<0.4)"
"YPD","RPS25A",0.74452288218111,"high (≥0.7)"
"YPD","MSP1",0.373840648617305,"low (<0.4)"
"YPD","YGR029W",0.543451801363194,"moderate (0.4–0.7)"
"YPD","YGR030C",0.316445528820478,"low (<0.4)"
"YPD","YGR031W",0.270254809248001,"low (<0.4)"
"YPD","GSC2",0.39532859864777,"low (<0.4)"
"YPD","TIM21",0.429673807205453,"moderate (0.4–0.7)"
"YPD","RPL26B",0.710637779941578,"high (≥0.7)"
"YPD","YGR035C",0.731406593286385,"high (≥0.7)"
"YPD","CAX4",0.103198905471405,"low (<0.4)"
"YPD","YGR037C",0.694133398247322,"moderate (0.4–0.7)"
"YPD","YGR038W",0.589776046738072,"moderate (0.4–0.7)"
"YPD","YGR040W",0.23712446729263,"low (<0.4)"
"YPD","YGR041W",0.445522320008528,"moderate (0.4–0.7)"
"YPD","YGR042W",0.227439811163084,"low (<0.4)"
"YPD","TAM41",0.116434896407441,"low (<0.4)"
"YPD","TFC4",0.116176461640793,"low (<0.4)"
"YPD","YGR048W",0.286197663096397,"low (<0.4)"
"YPD","YGR049W",0.835272638753651,"high (≥0.7)"
"YPD","YGR050C",0.712728600672605,"high (≥0.7)"
"YPD","YGR052W",0.101919638497128,"low (<0.4)"
"YPD","YGR053C",0.290531111311282,"low (<0.4)"
"YPD","YGR054W",0.211051606621227,"low (<0.4)"
"YPD","YGR055W",0.779264722901011,"high (≥0.7)"
"YPD","YGR056W",0.138169425511198,"low (<0.4)"
"YPD","YGR057C",0.114322235283905,"low (<0.4)"
"YPD","YGR058W",0.195444199661632,"low (<0.4)"
"YPD","YGR060W",0.889508276533593,"high (≥0.7)"
"YPD","YGR061C",0.413145082765336,"moderate (0.4–0.7)"
"YPD","COX18",0.221767813303617,"low (<0.4)"
"YPD","YGR063C",0.474586173320351,"moderate (0.4–0.7)"
"YPD","YGR065C",0.552754094180721,"moderate (0.4–0.7)"
"YPD","YGR068C",0.172485774303769,"low (<0.4)"
"YPD","ROM1",0.0522353611328764,"low (<0.4)"
"YPD","YGR071C",0.014050553585211,"low (<0.4)"
"YPD","UPF3",0.106234329007353,"low (<0.4)"
"YPD","SMD1",0.32906523855891,"low (<0.4)"
"YPD","YGR075C",-0.00390121825666888,"low (<0.4)"
"YPD","MRPL25",0.324356891175013,"low (<0.4)"
"YPD","PEX8",0.193670886075949,"low (<0.4)"
"YPD","PAC10",0.508933787731256,"moderate (0.4–0.7)"
"YPD","YGR079W",0.43722005842259,"moderate (0.4–0.7)"
"YPD","TWF1",0.448977604673807,"moderate (0.4–0.7)"
"YPD","YGR081C",0.465922991263443,"moderate (0.4–0.7)"
"YPD","TOM20",0.657424537487829,"moderate (0.4–0.7)"
"YPD","GCD2",0.290457643622201,"low (<0.4)"
"YPD","YGR084C",0.484444985394352,"moderate (0.4–0.7)"
"YPD","RPL11B",0.734444985394353,"high (≥0.7)"
"YPD","YGR086C",0.765262901655307,"high (≥0.7)"
"YPD","CTT1",0.363213427153537,"low (<0.4)"
"YPD","YGR089W",0.248729574408433,"low (<0.4)"
"YPD","YGR090W",0.237195715676728,"low (<0.4)"
"YPD","YGR091W",0.286622034990267,"low (<0.4)"
"YPD","YGR092W",0.157983153108303,"low (<0.4)"
"YPD","YGR093W",-0.0420886075949367,"low (<0.4)"
"YPD","YGR094W",0.678432327166504,"moderate (0.4–0.7)"
"YPD","YGR095C",0.0852482960077897,"low (<0.4)"
"YPD","YGR096W",0.268072368235241,"low (<0.4)"
"YPD","ASK10",0.50234913230883,"moderate (0.4–0.7)"
"YPD","YGR098C",0.224080430456619,"low (<0.4)"
"YPD","YGR099W",0.154695393141466,"low (<0.4)"
"YPD","MDR1",0.109861486436797,"low (<0.4)"
"YPD","PCP1",0.244236714695411,"low (<0.4)"
"YPD","YGR102C",0.353836135815558,"low (<0.4)"
"YPD","NOP7",0.362755598831548,"low (<0.4)"
"YPD","SRB5",0.215361207872528,"low (<0.4)"
"YPD","YGR105W",0.289118792599805,"low (<0.4)"
"YPD","YGR106C",0.398661148977605,"low (<0.4)"
"YPD","CLB1",0.697947856775851,"moderate (0.4–0.7)"
"YPD","YGR109C",0.267155177536533,"low (<0.4)"
"YPD","YGR110W",0.469286408030298,"moderate (0.4–0.7)"
"YPD","YGR111W",0.270074858999358,"low (<0.4)"
"YPD","YGR112W",0.119518711874942,"low (<0.4)"
"YPD","YGR113W",0.39519471273074,"low (<0.4)"
"YPD","SPT6",0.600778967867575,"moderate (0.4–0.7)"
"YPD","YGR117C",0.0541639280571403,"low (<0.4)"
"YPD","RPS23A",0.662390457643622,"moderate (0.4–0.7)"
"YPD","YGR119C",0.267891918208374,"low (<0.4)"
"YPD","COG2",0.349269717624148,"low (<0.4)"
"YPD","MEP1",0.575064356536675,"moderate (0.4–0.7)"
"YPD","YGR121W-A",0.0693332025786035,"low (<0.4)"
"YPD","YGR122W",0.287187291298329,"low (<0.4)"
"YPD","YGR123C",0.589730950174931,"moderate (0.4–0.7)"
"YPD","YGR124W",0.508690360272639,"moderate (0.4–0.7)"
"YPD","YGR125W",0.400219084712756,"moderate (0.4–0.7)"
"YPD","YGR126W",-0.048914209123493,"low (<0.4)"
"YPD","YGR127W",-0.109019633277279,"low (<0.4)"
"YPD","YGR128C",0.297930866601753,"low (<0.4)"
"YPD","SYF2",-0.0606220395241385,"low (<0.4)"
"YPD","YGR130C",0.47667964946446,"moderate (0.4–0.7)"
"YPD","YGR131W",0.423950112053006,"moderate (0.4–0.7)"
"YPD","YGR132C",0.471421616358325,"moderate (0.4–0.7)"
"YPD","PEX4",0.0470545277507303,"low (<0.4)"
"YPD","YGR134W",0.253624070400078,"low (<0.4)"
"YPD","YGR135W",0.436173320350536,"moderate (0.4–0.7)"
"YPD","YGR136W",0.265189873417722,"low (<0.4)"
"YPD","YGR138C",0.719279454722493,"high (≥0.7)"
"YPD","CBF2",0.119866598540835,"low (<0.4)"
"YPD","YGR141W",0.192856577757818,"low (<0.4)"
"YPD","YGR142W",0.453662455403535,"moderate (0.4–0.7)"
"YPD","YGR143W",0.0750467264218521,"low (<0.4)"
"YPD","THI4",0.435843268118206,"moderate (0.4–0.7)"
"YPD","YGR145W",0.166942551119766,"low (<0.4)"
"YPD","YGR146C",0.662771803638147,"moderate (0.4–0.7)"
"YPD","YGR146C-A",0.361292551100211,"low (<0.4)"
"YPD","YGR147C",0.380087633885102,"low (<0.4)"
"YPD","RPL24B",0.634250243427459,"moderate (0.4–0.7)"
"YPD","YGR149W",0.300978799267932,"low (<0.4)"
"YPD","CCM1",0.256711440415777,"low (<0.4)"
"YPD","RSR1",0.201655306718598,"low (<0.4)"
"YPD","YGR153W",0.48862936067979,"moderate (0.4–0.7)"
"YPD","YGR154C",0.560014639044189,"moderate (0.4–0.7)"
"YPD","CYS4",0.931402142161636,"high (≥0.7)"
"YPD","YGR156W",0.259525260595961,"low (<0.4)"
"YPD","CHO2",0.879113924050633,"high (≥0.7)"
"YPD","YGR158C",0.22768324454761,"low (<0.4)"
"YPD","NSR1",0.709055501460565,"high (≥0.7)"
"YPD","YGR161C",0.426618626506255,"moderate (0.4–0.7)"
"YPD","YGR161W-C",0.315635726377025,"low (<0.4)"
"YPD","TIF4631",0.557716650438169,"moderate (0.4–0.7)"
"YPD","YGR163W",0.285870775752468,"low (<0.4)"
"YPD","YGR165W",0.47053883323799,"moderate (0.4–0.7)"
"YPD","TRS65",0.209469328140214,"low (<0.4)"
"YPD","CLC1",0.29087147030185,"low (<0.4)"
"YPD","YGR168C",0.203432536436645,"low (<0.4)"
"YPD","YGR169C",0.332024474035207,"low (<0.4)"
"YPD","YGR169C-A",0.442989289191821,"moderate (0.4–0.7)"
"YPD","YGR170W",0.131763932788089,"low (<0.4)"
"YPD","MSM1",-0.114874244626146,"low (<0.4)"
"YPD","YGR172C",0.225121713729309,"low (<0.4)"
"YPD","RBG2",0.327190847127556,"low (<0.4)"
"YPD","YGR174C",0.417707344508975,"moderate (0.4–0.7)"
"YPD","YGR175C",0.786343719571568,"high (≥0.7)"
"YPD","YGR177C",0.874391431353457,"high (≥0.7)"
"YPD","PBP1",-0.0409082333760824,"low (<0.4)"
"YPD","YGR179C",-0.0457634196099335,"low (<0.4)"
"YPD","RNR4",0.887682570593963,"high (≥0.7)"
"YPD","YGR181W",0.716699123661149,"high (≥0.7)"
"YPD","QCR9",0.629576436222006,"moderate (0.4–0.7)"
"YPD","UBR1",0.252336903602726,"low (<0.4)"
"YPD","TYS1",0.367575462512171,"low (<0.4)"
"YPD","TFG1",0.325647064557299,"low (<0.4)"
"YPD","YGR187C",0.424975657254138,"moderate (0.4–0.7)"
"YPD","YGR188C",0.143645769933049,"low (<0.4)"
"YPD","YGR189C",0.513924050632911,"moderate (0.4–0.7)"
"YPD","YGR191W",0.201168451801363,"low (<0.4)"
"YPD","TDH3",0.696567672833496,"moderate (0.4–0.7)"
"YPD","YGR193C",0.238832493558923,"low (<0.4)"
"YPD","YGR194C",0.297125110911334,"low (<0.4)"
"YPD","SKI6",0.268476144109056,"low (<0.4)"
"YPD","YGR196C",0.273975110457164,"low (<0.4)"
"YPD","YGR197C",0.421130790141509,"moderate (0.4–0.7)"
"YPD","YGR198W",0.3058319488369,"low (<0.4)"
"YPD","YGR199W",0.318605613668248,"low (<0.4)"
"YPD","ELP2",0.528334956183057,"moderate (0.4–0.7)"
"YPD","YGR201C",0.692330829385791,"moderate (0.4–0.7)"
"YPD","PCT1",0.423189040836956,"moderate (0.4–0.7)"
"YPD","YGR203W",0.731564822097421,"high (≥0.7)"
"YPD","YGR204W",0.463145082765336,"moderate (0.4–0.7)"
"YPD","YGR205W",0.509164185080669,"moderate (0.4–0.7)"
"YPD","YGR206W",0.589052933945155,"moderate (0.4–0.7)"
"YPD","YGR207C",0.352726387536514,"low (<0.4)"
"YPD","YGR208W",0.50707465357958,"moderate (0.4–0.7)"
"YPD","TRX2",0.687171372930867,"moderate (0.4–0.7)"
"YPD","YGR210C",0.229868549172347,"low (<0.4)"
"YPD","YGR211W",0.375925024342746,"low (<0.4)"
"YPD","YGR212W",0.110634247148452,"low (<0.4)"
"YPD","YGR213C",0.195363688730222,"low (<0.4)"
"YPD","RPS0A",0.68777994157741,"moderate (0.4–0.7)"
"YPD","YGR215W",0.49157740993184,"moderate (0.4–0.7)"
"YPD","YGR216C",0.0351878674277924,"low (<0.4)"
"YPD","YGR217W",-0.00357849253018898,"low (<0.4)"
"YPD","CRM1",0.154162609542356,"low (<0.4)"
"YPD","MRPL9",0.413826679649465,"moderate (0.4–0.7)"
"YPD","YGR221C",0.276605458973461,"low (<0.4)"
"YPD","YGR222W",0.275632911392405,"low (<0.4)"
"YPD","YGR223C",0.515282461117975,"moderate (0.4–0.7)"
"YPD","DIE2",0.20786397191215,"low (<0.4)"
"YPD","SMI1",0.22804423104263,"low (<0.4)"
"YPD","YGR230W",0.639560854203994,"moderate (0.4–0.7)"
"YPD","YGR231C",0.358860759493671,"low (<0.4)"
"YPD","YGR232W",0.717453748782863,"high (≥0.7)"
"YPD","PHO81",0.426708215041038,"moderate (0.4–0.7)"
"YPD","YHB1",0.866579435984131,"high (≥0.7)"
"YPD","MOS2",0.581256085686465,"moderate (0.4–0.7)"
"YPD","YGR237C",0.0955812545121709,"low (<0.4)"
"YPD","YGR238C",0.347948876588881,"low (<0.4)"
"YPD","YGR239C",0.555742195661335,"moderate (0.4–0.7)"
"YPD","YGR240C",0.446957156767283,"moderate (0.4–0.7)"
"YPD","YGR241C",0.292771986203001,"low (<0.4)"
"YPD","YGR243W",0.50218062671215,"moderate (0.4–0.7)"
"YPD","YGR244C",0.585848258581069,"moderate (0.4–0.7)"
"YPD","YGR245C",0.274221032132425,"low (<0.4)"
"YPD","BRF1",0.300963370035819,"low (<0.4)"
"YPD","YGR247W",0.282629336579428,"low (<0.4)"
"YPD","YGR248W",0.0993054744961668,"low (<0.4)"
"YPD","YGR249W",0.324044117647059,"low (<0.4)"
"YPD","YGR250C",0.215594016536202,"low (<0.4)"
"YPD","NOP19",0.287051406111731,"low (<0.4)"
"YPD","GCN5",0.0691459904223516,"low (<0.4)"
"YPD","PUP2",0.551582278481013,"moderate (0.4–0.7)"
"YPD","ENO1",0.799367088607595,"high (≥0.7)"
"YPD","YGR255C",0.258369595028304,"low (<0.4)"
"YPD","YGR256W",0.377546124144237,"low (<0.4)"
"YPD","YGR257C",0.227555988315482,"low (<0.4)"
"YPD","YGR258C",0.150970274227304,"low (<0.4)"
"YPD","YGR260W",0.577434274586173,"moderate (0.4–0.7)"
"YPD","APL6",-0.000511197663096397,"low (<0.4)"
"YPD","BUD32",0.223490749756573,"low (<0.4)"
"YPD","YGR263C",0.342422066373187,"low (<0.4)"
"YPD","MES1",0.297297955209348,"low (<0.4)"
"YPD","YGR266W",0.244206426484908,"low (<0.4)"
"YPD","YGR267C",0.514362220058423,"moderate (0.4–0.7)"
"YPD","YGR268C",0.00443189038562982,"low (<0.4)"
"YPD","YGR270W",0.317283349561831,"low (<0.4)"
"YPD","YGR271W",0.109350941806863,"low (<0.4)"
"YPD","EFG1",0.31039435248296,"low (<0.4)"
"YPD","TAF1",0.13802672902651,"low (<0.4)"
"YPD","YGR275W",0.307254138266796,"low (<0.4)"
"YPD","RNH70",0.106548198636806,"low (<0.4)"
"YPD","YGR277C",0.408203505355404,"moderate (0.4–0.7)"
"YPD","YGR278W",0.0730056720194893,"low (<0.4)"
"YPD","YGR279C",0.808812074001947,"high (≥0.7)"
"YPD","PXR1",0.245520934761441,"low (<0.4)"
"YPD","YOR1",0.715749756572541,"high (≥0.7)"
"YPD","YGR282C",0.559250243427459,"moderate (0.4–0.7)"
"YPD","YGR283C",-0.0476874391431353,"low (<0.4)"
"YPD","YGR284C",0.462122687439143,"moderate (0.4–0.7)"
"YPD","ZUO1",0.749586173320351,"high (≥0.7)"
"YPD","YGR286C",0.723873512227921,"high (≥0.7)"
"YPD","YGR287C",0.428818630899124,"moderate (0.4–0.7)"
"YPD","YGR295C",0.826247009592017,"high (≥0.7)"
"YPD","YLL063C",0.55750652004241,"moderate (0.4–0.7)"
"YPD","YLL062C",0.779648227358342,"high (≥0.7)"
"YPD","YLL061W",0.890454977259386,"high (≥0.7)"
"YPD","YLL060C",0.101850910508293,"low (<0.4)"
"YPD","YLL058W",0.254871774817257,"low (<0.4)"
"YPD","YLL057C",0.2148463670315,"low (<0.4)"
"YPD","YLL056C",0.209427082191237,"low (<0.4)"
"YPD","YLL055W",0.453650197676873,"moderate (0.4–0.7)"
"YPD","YLL054C",0.44781807579579,"moderate (0.4–0.7)"
"YPD","YLL053C",0.945395899748565,"high (≥0.7)"
"YPD","YLL051C",0.599443764883087,"moderate (0.4–0.7)"
"YPD","COF1",0.616260954235638,"moderate (0.4–0.7)"
"YPD","YLL049W",0.627702044790652,"moderate (0.4–0.7)"
"YPD","YBT1",0.708179162609542,"high (≥0.7)"
"YPD","RPL8B",0.799683544303798,"high (≥0.7)"
"YPD","YLL043W",0.270545277507303,"low (<0.4)"
"YPD","ATG10",0.457675191940926,"moderate (0.4–0.7)"
"YPD","SDH2",0.622910314704297,"moderate (0.4–0.7)"
"YPD","VPS13",0.341772151898734,"low (<0.4)"
"YPD","UBI4",0.507181110029211,"moderate (0.4–0.7)"
"YPD","YLL038C",0.203623447278223,"low (<0.4)"
"YPD","PRP19",0.0062317429406037,"low (<0.4)"
"YPD","YLL035W",0.173811436551902,"low (<0.4)"
"YPD","YLL034C",0.239337877312561,"low (<0.4)"
"YPD","IRC19",0.133390430621115,"low (<0.4)"
"YPD","YLL032C",-0.0898103442237776,"low (<0.4)"
"YPD","GPI13",0.356386474946757,"low (<0.4)"
"YPD","FRA1",0.395593962999026,"low (<0.4)"
"YPD","YLL028W",0.776489632984395,"high (≥0.7)"
"YPD","YLL027W",0.265847127555988,"low (<0.4)"
"YPD","YLL026W",0.490907873756983,"moderate (0.4–0.7)"
"YPD","YLL025W",0.38245739700811,"low (<0.4)"
"YPD","SSA2",0.349634858812074,"low (<0.4)"
"YPD","YLL023C",0.537487828627069,"moderate (0.4–0.7)"
"YPD","YLL022C",0.396032132424537,"low (<0.4)"
"YPD","SPA2",0.239849074975657,"low (<0.4)"
"YPD","KNS1",0.244445797518988,"low (<0.4)"
"YPD","YLL018C-A",0.524926971762415,"moderate (0.4–0.7)"
"YPD","DPS1",0.344182083739046,"low (<0.4)"
"YPD","YLL016W",0.164455433661522,"low (<0.4)"
"YPD","YLL015W",0.138352838079717,"low (<0.4)"
"YPD","YLL014W",0.485199610516066,"moderate (0.4–0.7)"
"YPD","YLL013C",0.308115509895251,"low (<0.4)"
"YPD","YLL012W",0.675584225900682,"moderate (0.4–0.7)"
"YPD","YLL011W",0.432059396299903,"moderate (0.4–0.7)"
"YPD","YLL010C",0.0779342494431529,"low (<0.4)"
"YPD","YLL009C",0.513927178242101,"moderate (0.4–0.7)"
"YPD","YLL008W",0.50800876338851,"moderate (0.4–0.7)"
"YPD","YLL007C",0.123561643835616,"low (<0.4)"
"YPD","MMM1",0.125309685030613,"low (<0.4)"
"YPD","YLL004W",0.0327010166000732,"low (<0.4)"
"YPD","YLL003W",0.0394130412312212,"low (<0.4)"
"YPD","RTT109",0.183646145286771,"low (<0.4)"
"YPD","YLL001W",0.289612697571145,"low (<0.4)"
"YPD","YLR001C",0.268291802501813,"low (<0.4)"
"YPD","YLR002C",0.314337877312561,"low (<0.4)"
"YPD","YLR003C",0.381815968841285,"low (<0.4)"
"YPD","YLR004C",0.511239307701148,"moderate (0.4–0.7)"
"YPD","YLR005W",0.409553490767125,"moderate (0.4–0.7)"
"YPD","YLR006C",0.269786690243669,"low (<0.4)"
"YPD","YLR007W",0.152291925359762,"low (<0.4)"
"YPD","PAM18",0.502799415774099,"moderate (0.4–0.7)"
"YPD","YLR009W",0.525438169425511,"moderate (0.4–0.7)"
"YPD","YLR010C",0.0779488740109556,"low (<0.4)"
"YPD","YLR011W",0.315510139116012,"low (<0.4)"
"YPD","YLR014C",0.335606117004122,"low (<0.4)"
"YPD","BRE2",0.175049750792864,"low (<0.4)"
"YPD","YLR016C",0.261927945472249,"low (<0.4)"
"YPD","YLR017W",0.542648490749757,"moderate (0.4–0.7)"
"YPD","YLR018C",0.425326809444654,"moderate (0.4–0.7)"
"YPD","YLR019W",0.305138176357746,"low (<0.4)"
"YPD","YLR020C",0.298084179352666,"low (<0.4)"
"YPD","IRC25",0.541909334901314,"moderate (0.4–0.7)"
"YPD","YLR022C",0.334250243427459,"low (<0.4)"
"YPD","YLR023C",0.341080459356726,"low (<0.4)"
"YPD","YLR024C",0.145578479972612,"low (<0.4)"
"YPD","SNF7",0.445253164556962,"moderate (0.4–0.7)"
"YPD","YLR026C",0.0205819168815696,"low (<0.4)"
"YPD","AAT2",0.608154819863681,"moderate (0.4–0.7)"
"YPD","YLR028C",0.38904576436222,"low (<0.4)"
"YPD","RPL15A",0.82373417721519,"high (≥0.7)"
"YPD","RAD5",0.133962206759387,"low (<0.4)"
"YPD","YLR033W",0.395886075949367,"low (<0.4)"
"YPD","YLR034C",0.503213242453749,"moderate (0.4–0.7)"
"YPD","YLR035C",-0.0496651853929189,"low (<0.4)"
"YPD","YLR036C",0.501770719662938,"moderate (0.4–0.7)"
"YPD","PAU23",0.308403269026167,"low (<0.4)"
"YPD","YLR038C",0.838218111002921,"high (≥0.7)"
"YPD","YLR039C",0.100932338514344,"low (<0.4)"
"YPD","YLR040C",0.376859097703035,"low (<0.4)"
"YPD","YLR042C",0.352089740025546,"low (<0.4)"
"YPD","TRX1",0.801217137293087,"high (≥0.7)"
"YPD","YLR044C",0.68033106134372,"moderate (0.4–0.7)"
"YPD","YLR045C",0.0696445959104187,"low (<0.4)"
"YPD","YLR046C",0.321477695197046,"low (<0.4)"
"YPD","YLR047C",0.0403739754938583,"low (<0.4)"
"YPD","RPS0B",0.618451801363194,"moderate (0.4–0.7)"
"YPD","YLR049C",0.367949560711764,"low (<0.4)"
"YPD","YLR050C",0.667112950340799,"moderate (0.4–0.7)"
"YPD","YLR051C",0.447663096397274,"moderate (0.4–0.7)"
"YPD","YLR052W",-0.00758281148268352,"low (<0.4)"
"YPD","YLR055C",0.13660763216828,"low (<0.4)"
"YPD","ERG3",0.772151898734177,"high (≥0.7)"
"YPD","YLR057W",0.221010348563802,"low (<0.4)"
"YPD","SHM2",0.712999026290166,"high (≥0.7)"
"YPD","REX2",0.625194741966894,"moderate (0.4–0.7)"
"YPD","FRS1",0.31024829600779,"low (<0.4)"
"YPD","RPL22A",0.771445959104187,"high (≥0.7)"
"YPD","YLR063W",0.197497504866328,"low (<0.4)"
"YPD","YLR064W",0.181426484907498,"low (<0.4)"
"YPD","YLR065C",0.344693281402142,"low (<0.4)"
"YPD","YLR066W",0.435029211295034,"moderate (0.4–0.7)"
"YPD","YLR067C",0.199245329320376,"low (<0.4)"
"YPD","YLR068W",0.240262901655307,"low (<0.4)"
"YPD","YLR069C",0.333722826847342,"low (<0.4)"
"YPD","YLR070C",0.0747072851955899,"low (<0.4)"
"YPD","RGR1",-0.08454287088077,"low (<0.4)"
"YPD","YLR072W",0.150747040770036,"low (<0.4)"
"YPD","YLR073C",0.636830574488802,"moderate (0.4–0.7)"
"YPD","YLR074C",0.616674780915287,"moderate (0.4–0.7)"
"YPD","RPL10",0.777117818889971,"high (≥0.7)"
"YPD","FMP25",0.247401348694255,"low (<0.4)"
"YPD","BOS1",0.427736799951466,"moderate (0.4–0.7)"
"YPD","SIC1",0.396129268580995,"low (<0.4)"
"YPD","YLR080W",0.32717614687794,"low (<0.4)"
"YPD","YLR081W",0.328905639152968,"low (<0.4)"
"YPD","YLR082C",0.258240458454227,"low (<0.4)"
"YPD","EMP70",0.320666991236612,"low (<0.4)"
"YPD","YLR084C",0.0217626796820799,"low (<0.4)"
"YPD","YLR085C",0.292163413852865,"low (<0.4)"
"YPD","YLR086W",0.237761386667006,"low (<0.4)"
"YPD","YLR087C",0.350632911392405,"low (<0.4)"
"YPD","GAA1",0.125828419113936,"low (<0.4)"
"YPD","YLR089C",0.368841285296982,"low (<0.4)"
"YPD","YLR090W",0.246232868448528,"low (<0.4)"
"YPD","GEP5",0.206975470588538,"low (<0.4)"
"YPD","YLR092W",0.238579668376836,"low (<0.4)"
"YPD","NYV1",0.379006688217146,"low (<0.4)"
"YPD","YLR094C",0.529819863680623,"moderate (0.4–0.7)"
"YPD","YLR095C",0.330988315481986,"low (<0.4)"
"YPD","YLR096W",0.234712755598832,"low (<0.4)"
"YPD","YLR097C",0.185237251934126,"low (<0.4)"
"YPD","CHA4",0.178754222156215,"low (<0.4)"
"YPD","YLR099C",0.623313392167432,"moderate (0.4–0.7)"
"YPD","YLR099W-A",0.556572541382668,"moderate (0.4–0.7)"
"YPD","YLR100W",0.61643135345667,"moderate (0.4–0.7)"
"YPD","YLR102C",0.241011815438787,"low (<0.4)"
"YPD","CDC45",0.0665060006526325,"low (<0.4)"
"YPD","YLR104W",0.443135345666991,"moderate (0.4–0.7)"
"YPD","SEN2",0.28610029211295,"low (<0.4)"
"YPD","MDN1",0.313704965920156,"low (<0.4)"
"YPD","YLR107W",0.0859716391343279,"low (<0.4)"
"YPD","YLR108C",0.531061343719572,"moderate (0.4–0.7)"
"YPD","AHP1",0.762560856864654,"high (≥0.7)"
"YPD","YLR110C",0.682594936708861,"moderate (0.4–0.7)"
"YPD","HOG1",0.512731256085686,"moderate (0.4–0.7)"
"YPD","YLR114C",0.278894839337877,"low (<0.4)"
"YPD","CFT2",0.039654574334804,"low (<0.4)"
"YPD","MSL5",0.188656280428432,"low (<0.4)"
"YPD","CLF1",0.228730008101074,"low (<0.4)"
"YPD","YLR118C",0.475024342745862,"moderate (0.4–0.7)"
"YPD","SRN2",0.0783616662689931,"low (<0.4)"
"YPD","YPS1",0.466604592295595,"moderate (0.4–0.7)"
"YPD","YPS3",0.387962317480503,"low (<0.4)"
"YPD","YLR126C",0.529784074744964,"moderate (0.4–0.7)"
"YPD","APC2",0.449716678093365,"moderate (0.4–0.7)"
"YPD","YLR128W",-0.0663905592756941,"low (<0.4)"
"YPD","DIP2",0.324123661148978,"low (<0.4)"
"YPD","YLR130C",0.63398247322298,"moderate (0.4–0.7)"
"YPD","YLR131C",0.17399878400369,"low (<0.4)"
"YPD","YLR132C",0.117078578380213,"low (<0.4)"
"YPD","YLR133W",0.198355260682384,"low (<0.4)"
"YPD","YLR134W",0.291707999926902,"low (<0.4)"
"YPD","YLR135W",0.202832206865535,"low (<0.4)"
"YPD","TIS11",0.483955789410826,"moderate (0.4–0.7)"
"YPD","YLR137W",0.420984401896402,"moderate (0.4–0.7)"
"YPD","YLR138W",0.429892891918208,"moderate (0.4–0.7)"
"YPD","YLR139C",0.185516066212269,"low (<0.4)"
"YPD","YLR141W",0.350825520800927,"low (<0.4)"
"YPD","YLR142W",0.2273415390126,"low (<0.4)"
"YPD","YLR143W",0.0183667135270777,"low (<0.4)"
"YPD","ACF2",0.379003742874233,"low (<0.4)"
"YPD","YLR145W",0.203457092195163,"low (<0.4)"
"YPD","YLR146C",0.456475170399221,"moderate (0.4–0.7)"
"YPD","YLR146W-A",0.303727243106741,"low (<0.4)"
"YPD","SMD3",0.0774361596178711,"low (<0.4)"
"YPD","PEP3",0.0960014608314376,"low (<0.4)"
"YPD","YLR149C",0.063026671013673,"low (<0.4)"
"YPD","STM1",0.572784810126582,"moderate (0.4–0.7)"
"YPD","YLR151C",0.230649653857733,"low (<0.4)"
"YPD","YLR152C",0.385694114893164,"low (<0.4)"
"YPD","YLR153C",0.728578383641675,"high (≥0.7)"
"YPD","RNH203",0.557267703858002,"moderate (0.4–0.7)"
"YPD","TAR1",0.298439610998186,"low (<0.4)"
"YPD","RDN25-1",0.51516553067186,"moderate (0.4–0.7)"
"YPD","RDN18-1",0.269912366114898,"low (<0.4)"
"YPD","RDN5-1",0.649001947419669,"moderate (0.4–0.7)"
"YPD","MAS1",0.577190847127556,"moderate (0.4–0.7)"
"YPD","YLR164W",0.188160100695782,"low (<0.4)"
"YPD","YLR165C",0.261771956359863,"low (<0.4)"
"YPD","YLR166C",-0.0932349862736392,"low (<0.4)"
"YPD","RPS31",0.72444011684518,"high (≥0.7)"
"YPD","UPS2",0.65238558909445,"moderate (0.4–0.7)"
"YPD","APS1",0.278529698149951,"low (<0.4)"
"YPD","YLR172C",0.625073028237585,"moderate (0.4–0.7)"
"YPD","YLR173W",0.196832747411149,"low (<0.4)"
"YPD","YLR174W",-0.144861038471045,"low (<0.4)"
"YPD","YLR175W",0.588510223953262,"moderate (0.4–0.7)"
"YPD","RFX1",0.0186736135666618,"low (<0.4)"
"YPD","YLR177W",0.320372045525822,"low (<0.4)"
"YPD","TFS1",-0.0459188022032681,"low (<0.4)"
"YPD","YLR179C",0.859152872444012,"high (≥0.7)"
"YPD","SAM1",0.779138266796495,"high (≥0.7)"
"YPD","YLR181C",0.0876587613134618,"low (<0.4)"
"YPD","SWI6",0.298831548198637,"low (<0.4)"
"YPD","YLR183C",0.176387536514119,"low (<0.4)"
"YPD","RPL37A",0.547444011684518,"moderate (0.4–0.7)"
"YPD","EMG1",0.262585199610516,"low (<0.4)"
"YPD","YLR187W",0.24858812074002,"low (<0.4)"
"YPD","YLR188W",0.207474485608063,"low (<0.4)"
"YPD","ATG26",0.20543093270366,"low (<0.4)"
"YPD","YLR190W",0.493768257059396,"moderate (0.4–0.7)"
"YPD","PEX13",0.119513086704087,"low (<0.4)"
"YPD","YLR192C",0.57667964946446,"moderate (0.4–0.7)"
"YPD","YLR193C",0.30749943707627,"low (<0.4)"
"YPD","YLR194C",0.351655306718598,"low (<0.4)"
"YPD","NMT1",0.302166504381694,"low (<0.4)"
"YPD","YLR196W",0.517210321324245,"moderate (0.4–0.7)"
"YPD","NOP56",0.55294547224927,"moderate (0.4–0.7)"
"YPD","PBA1",0.203407984420643,"low (<0.4)"
"YPD","YKE2",0.0788724165865773,"low (<0.4)"
"YPD","COQ9",0.136663502073162,"low (<0.4)"
"YPD","YLR203C",0.417015579357352,"moderate (0.4–0.7)"
"YPD","QRI5",0.711343719571568,"high (≥0.7)"
"YPD","YLR205C",0.61222005842259,"moderate (0.4–0.7)"
"YPD","YLR206W",0.517003822057324,"moderate (0.4–0.7)"
"YPD","YLR207W",0.106259319008673,"low (<0.4)"
"YPD","SEC13",0.514873417721519,"moderate (0.4–0.7)"
"YPD","YLR209C",0.350121713729309,"low (<0.4)"
"YPD","YLR210W",0.30707190645693,"low (<0.4)"
"YPD","YLR211C",0.0990358181468523,"low (<0.4)"
"YPD","YLR212C",0.238888990322038,"low (<0.4)"
"YPD","YLR213C",0.412114891863906,"moderate (0.4–0.7)"
"YPD","YLR214W",0.711027263875365,"high (≥0.7)"
"YPD","YLR215C",0.261357481489026,"low (<0.4)"
"YPD","CPR6",0.602896786757546,"moderate (0.4–0.7)"
"YPD","COA4",0.234181377267593,"low (<0.4)"
"YPD","YLR219W",0.316944479950367,"low (<0.4)"
"YPD","YLR220W",0.432035053554041,"moderate (0.4–0.7)"
"YPD","YLR221C",0.356840311587147,"low (<0.4)"
"YPD","YLR222C",0.194717624148004,"low (<0.4)"
"YPD","YLR223C",0.115481986368062,"low (<0.4)"
"YPD","YLR224W",0.266747809152872,"low (<0.4)"
"YPD","YLR225C",0.488169425511198,"moderate (0.4–0.7)"
"YPD","BUR2",0.0664086272988219,"low (<0.4)"
"YPD","YLR227C",0.193869974445478,"low (<0.4)"
"YPD","YLR228C",0.240075464848461,"low (<0.4)"
"YPD","YLR229C",0.336927945472249,"low (<0.4)"
"YPD","YLR231C",0.559042138988219,"moderate (0.4–0.7)"
"YPD","YLR233C",0.176184107208971,"low (<0.4)"
"YPD","THI7",0.837268743914314,"high (≥0.7)"
"YPD","YLR238W",-0.106570900552855,"low (<0.4)"
"YPD","YLR239C",0.143396227477505,"low (<0.4)"
"YPD","VPS34",0.150635488118018,"low (<0.4)"
"YPD","YLR241W",0.30782993950754,"low (<0.4)"
"YPD","YLR242C",0.165699854629303,"low (<0.4)"
"YPD","YLR243W",0.308033106134372,"low (<0.4)"
"YPD","YLR244C",0.661270691333983,"moderate (0.4–0.7)"
"YPD","YLR245C",0.449005652680557,"moderate (0.4–0.7)"
"YPD","YLR246W",0.251132075471698,"low (<0.4)"
"YPD","YLR247C",0.376901027885679,"low (<0.4)"
"YPD","RCK2",0.510321324245375,"moderate (0.4–0.7)"
"YPD","YEF3",0.0816942551119766,"low (<0.4)"
"YPD","YLR250W",0.454819863680623,"moderate (0.4–0.7)"
"YPD","YLR251W",0.106391677670036,"low (<0.4)"
"YPD","YLR253W",0.374537487828627,"low (<0.4)"
"YPD","YLR254C",0.285696898038799,"low (<0.4)"
"YPD","HAP1",0.295959104186952,"low (<0.4)"
"YPD","YLR257W",0.721445959104187,"high (≥0.7)"
"YPD","YLR258W",0.260665815101463,"low (<0.4)"
"YPD","HSP60",0.660296981499513,"moderate (0.4–0.7)"
"YPD","YLR260W",0.214241810141566,"low (<0.4)"
"YPD","YLR261C",0.101279991643533,"low (<0.4)"
"YPD","YLR262C",0.1648720249243,"low (<0.4)"
"YPD","TMA7",0.457035053554041,"moderate (0.4–0.7)"
"YPD","YLR263W",0.215748575682493,"low (<0.4)"
"YPD","RPS28B",0.794474196689387,"high (≥0.7)"
"YPD","NEJ1",0.282963971426204,"low (<0.4)"
"YPD","YLR266C",0.488265796289191,"moderate (0.4–0.7)"
"YPD","YLR267W",0.189726931409696,"low (<0.4)"
"YPD","SEC22",0.344571567672834,"low (<0.4)"
"YPD","DCS1",0.387098344693281,"low (<0.4)"
"YPD","YLR271W",0.212144022480379,"low (<0.4)"
"YPD","YCS4",-0.0730038948393379,"low (<0.4)"
"YPD","YLR273C",0.307829593810715,"low (<0.4)"
"YPD","MCM5",0.203033143051887,"low (<0.4)"
"YPD","SMD2",0.359072043233243,"low (<0.4)"
"YPD","YLR276C",0.308641674780915,"low (<0.4)"
"YPD","YSH1",-0.0467018421493686,"low (<0.4)"
"YPD","YLR278C",0.367738166238635,"low (<0.4)"
"YPD","YLR281C",0.113419147598535,"low (<0.4)"
"YPD","YLR283W",0.3448762898974,"low (<0.4)"
"YPD","YLR284C",0.257669335524833,"low (<0.4)"
"YPD","YLR285W",0.538072054527751,"moderate (0.4–0.7)"
"YPD","YLR286C",0.647070637004661,"moderate (0.4–0.7)"
"YPD","YLR287C",0.242648490749757,"low (<0.4)"
"YPD","RPS30A",0.64255111976631,"moderate (0.4–0.7)"
"YPD","MEC3",0.20564911265171,"low (<0.4)"
"YPD","YLR289W",0.129271087589316,"low (<0.4)"
"YPD","YLR290C",0.408617332035054,"moderate (0.4–0.7)"
"YPD","YLR291C",0.221324245374878,"low (<0.4)"
"YPD","SEC72",0.429040895813048,"moderate (0.4–0.7)"
"YPD","GSP1",0.45365141187926,"moderate (0.4–0.7)"
"YPD","YLR295C",0.799829600778968,"high (≥0.7)"
"YPD","YLR297W",0.667729724253228,"moderate (0.4–0.7)"
"YPD","YHC1",0.351162510209769,"low (<0.4)"
"YPD","ECM38",0.335574640979765,"low (<0.4)"
"YPD","EXG1",0.906913339824732,"high (≥0.7)"
"YPD","YLR301W",0.575453842840761,"moderate (0.4–0.7)"
"YPD","MET17",0.816772151898734,"high (≥0.7)"
"YPD","ACO1",0.844352482960078,"high (≥0.7)"
"YPD","YLR305C",0.408739045764362,"moderate (0.4–0.7)"
"YPD","YLR306W",0.459313719829578,"moderate (0.4–0.7)"
"YPD","IMH1",0.230428432327167,"low (<0.4)"
"YPD","CDC25",0.388924050632911,"low (<0.4)"
"YPD","MRPL15",0.578846153846154,"moderate (0.4–0.7)"
"YPD","SPH1",0.118567213988436,"low (<0.4)"
"YPD","YLR314C",0.313658189259638,"low (<0.4)"
"YPD","YLR316C",0.201368095680299,"low (<0.4)"
"YPD","EST2",0.118861242836729,"low (<0.4)"
"YPD","BUD6",-0.051077298004721,"low (<0.4)"
"YPD","MMS22",0.0673950771602248,"low (<0.4)"
"YPD","YLR321C",0.128164556962025,"low (<0.4)"
"YPD","YLR323C",0.252241067684002,"low (<0.4)"
"YPD","YLR324W",0.280634698374958,"low (<0.4)"
"YPD","RPL38",0.557351509250243,"moderate (0.4–0.7)"
"YPD","YLR326W",0.268395107307367,"low (<0.4)"
"YPD","TMA10",0.278415742996657,"low (<0.4)"
"YPD","YLR328W",0.730720545277507,"high (≥0.7)"
"YPD","CHS5",0.547638753651412,"moderate (0.4–0.7)"
"YPD","MID2",0.418719571567673,"moderate (0.4–0.7)"
"YPD","RPS25B",0.665676728334956,"moderate (0.4–0.7)"
"YPD","YLR335W",0.268451801363194,"low (<0.4)"
"YPD","YLR336C",0.229381694255112,"low (<0.4)"
"YPD","VRP1",0.162736207920499,"low (<0.4)"
"YPD","RPP0",0.674415774099318,"moderate (0.4–0.7)"
"YPD","FKS1",0.499196689386563,"moderate (0.4–0.7)"
"YPD","YLR342W-A",0.182736605337213,"low (<0.4)"
"YPD","YLR343W",0.309415456611877,"low (<0.4)"
"YPD","RPL26A",0.702458617332035,"high (≥0.7)"
"YPD","YLR345W",0.390679733109559,"low (<0.4)"
"YPD","YLR346C",0.215753383074569,"low (<0.4)"
"YPD","KAP95",0.386392405063291,"low (<0.4)"
"YPD","YLR348C",0.620315258893334,"moderate (0.4–0.7)"
"YPD","YLR350W",0.493670886075949,"moderate (0.4–0.7)"
"YPD","YLR351C",0.463315481986368,"moderate (0.4–0.7)"
"YPD","YLR352W",0.119745099675304,"low (<0.4)"
"YPD","YLR353W",0.226173957563546,"low (<0.4)"
"YPD","YLR354C",0.774926971762415,"high (≥0.7)"
"YPD","YLR355C",0.89705452775073,"high (≥0.7)"
"YPD","YLR356W",0.29667527600857,"low (<0.4)"
"YPD","YLR357W",0.337025316455696,"low (<0.4)"
"YPD","ADE13",0.669109055501461,"moderate (0.4–0.7)"
"YPD","VPS38",0.128838277418259,"low (<0.4)"
"YPD","YLR361C",0.503962023938635,"moderate (0.4–0.7)"
"YPD","YLR361C-A",0.436808890032979,"moderate (0.4–0.7)"
"YPD","YLR362W",0.059131408539851,"low (<0.4)"
"YPD","YLR363C",0.145067723487823,"low (<0.4)"
"YPD","YLR363W-A",0.295253164556962,"low (<0.4)"
"YPD","YLR364W",0.535555839565903,"moderate (0.4–0.7)"
"YPD","RPS22B",0.795009737098345,"high (≥0.7)"
"YPD","MDM30",0.15379465672692,"low (<0.4)"
"YPD","SSQ1",0.100174090918423,"low (<0.4)"
"YPD","YLR370C",0.297979552093476,"low (<0.4)"
"YPD","YLR371W",0.27092423883315,"low (<0.4)"
"YPD","SUR4",0.513851022395326,"moderate (0.4–0.7)"
"YPD","YLR373C",0.246646705202223,"low (<0.4)"
"YPD","YLR375W",0.236222005842259,"low (<0.4)"
"YPD","YLR376C",0.374599079127338,"low (<0.4)"
"YPD","YLR378C",0.158203505355404,"low (<0.4)"
"YPD","CSR1",0.521616358325219,"moderate (0.4–0.7)"
"YPD","CTF3",0.126395048491642,"low (<0.4)"
"YPD","NAM2",0.096010126857241,"low (<0.4)"
"YPD","SMC6",0.241485917450261,"low (<0.4)"
"YPD","IKI3",0.480404089581305,"moderate (0.4–0.7)"
"YPD","YLR386W",0.0457768121771633,"low (<0.4)"
"YPD","YLR387C",0.452117818889971,"moderate (0.4–0.7)"
"YPD","RPS29A",0.155014605647517,"low (<0.4)"
"YPD","YLR389C",0.329016553067186,"low (<0.4)"
"YPD","YLR390W",0.27332035053554,"low (<0.4)"
"YPD","CCW14",0.674099318403116,"moderate (0.4–0.7)"
"YPD","YLR392C",0.351132045762904,"low (<0.4)"
"YPD","YLR393W",0.0559142742230316,"low (<0.4)"
"YPD","CST9",0.153338608842091,"low (<0.4)"
"YPD","YLR395C",0.880136319376826,"high (≥0.7)"
"YPD","VPS33",0.145465612763683,"low (<0.4)"
"YPD","AFG2",-0.0549902629016553,"low (<0.4)"
"YPD","YLR398C",0.0228821811100292,"low (<0.4)"
"YPD","YLR399C",0.277336903602726,"low (<0.4)"
"YPD","YLR401C",0.241309639727361,"low (<0.4)"
"YPD","SFP1",0.344629055473627,"low (<0.4)"
"YPD","FLD1",0.16822885091164,"low (<0.4)"
"YPD","YLR405W",0.0308911324928584,"low (<0.4)"
"YPD","RPL31B",0.655185004868549,"moderate (0.4–0.7)"
"YPD","YLR407W",0.278237585199611,"low (<0.4)"
"YPD","BLS1",0.187263240684819,"low (<0.4)"
"YPD","YLR409C",0.258641674780915,"low (<0.4)"
"YPD","YLR410W",0.261320967148018,"low (<0.4)"
"YPD","YLR411W",0.094255111976631,"low (<0.4)"
"YPD","YLR412W",0.649172346640701,"moderate (0.4–0.7)"
"YPD","YLR413W",0.664094449853944,"moderate (0.4–0.7)"
"YPD","YLR414C",0.427263875365141,"moderate (0.4–0.7)"
"YPD","VPS36",0.374548843337342,"low (<0.4)"
"YPD","YLR418C",0.232692307692308,"low (<0.4)"
"YPD","YLR419W",0.275038187920063,"low (<0.4)"
"YPD","YLR420W",0.325170399221032,"low (<0.4)"
"YPD","YLR421C",0.660077896786758,"moderate (0.4–0.7)"
"YPD","YLR422W",0.048904576436222,"low (<0.4)"
"YPD","ATG17",0.192155977702305,"low (<0.4)"
"YPD","SPP382",0.266975047626201,"low (<0.4)"
"YPD","TUS1",0.308145479332003,"low (<0.4)"
"YPD","YLR426W",0.0975900681596884,"low (<0.4)"
"YPD","YLR427W",0.242929910726935,"low (<0.4)"
"YPD","YLR429W",0.511051606621227,"moderate (0.4–0.7)"
"YPD","SEN1",0.124391431353457,"low (<0.4)"
"YPD","ATG23",0.127430173220501,"low (<0.4)"
"YPD","YLR432W",0.72008276533593,"high (≥0.7)"
"YPD","CNA1",0.11966644370576,"low (<0.4)"
"YPD","YLR435W",0.33215676728335,"low (<0.4)"
"YPD","YLR436C",0.0778575781787882,"low (<0.4)"
"YPD","YLR437C",0.717453748782863,"high (≥0.7)"
"YPD","CAR2",0.902476280909366,"high (≥0.7)"
"YPD","LSM3",0.401996105160662,"moderate (0.4–0.7)"
"YPD","MRPL4",0.585905550146056,"moderate (0.4–0.7)"
"YPD","SEC39",0.310695919474843,"low (<0.4)"
"YPD","RPS1A",0.536222005842259,"moderate (0.4–0.7)"
"YPD","SIR3",0.329941577409932,"low (<0.4)"
"YPD","ECM7",0.321697058157323,"low (<0.4)"
"YPD","YLR446W",0.146036230302582,"low (<0.4)"
"YPD","YLR447C",0.407351509250243,"moderate (0.4–0.7)"
"YPD","RPL6B",0.691163583252191,"moderate (0.4–0.7)"
"YPD","YLR449W",0.717015579357352,"high (≥0.7)"
"YPD","YLR450W",0.447120826689711,"moderate (0.4–0.7)"
"YPD","YLR451W",0.294383991907864,"low (<0.4)"
"YPD","YLR452C",0.385256434228413,"low (<0.4)"
"YPD","YLR453C",0.113645044008412,"low (<0.4)"
"YPD","YLR454W",0.312244401168452,"low (<0.4)"
"YPD","YLR455W",0.361806231742941,"low (<0.4)"
"YPD","YLR456W",0.112407165014044,"low (<0.4)"
"YPD","YLR457C",0.189674915141766,"low (<0.4)"
"YPD","GAB1",0.367307692307692,"low (<0.4)"
"YPD","YPL274W",0.866187925998053,"high (≥0.7)"
"YPD","YPL273W",0.913704965920156,"high (≥0.7)"
"YPD","YPL272C",0.418038955824227,"moderate (0.4–0.7)"
"YPD","ATP15",0.797663096397274,"high (≥0.7)"
"YPD","YPL270W",-0.0350059337306922,"low (<0.4)"
"YPD","YPL269W",0.0886968167690911,"low (<0.4)"
"YPD","YPL268W",0.350598530912839,"low (<0.4)"
"YPD","YPL267W",0.185051736002805,"low (<0.4)"
"YPD","DIM1",0.503286270691334,"moderate (0.4–0.7)"
"YPD","YPL265W",0.288633694222082,"low (<0.4)"
"YPD","YPL264C",0.316840040879596,"low (<0.4)"
"YPD","YPL263C",0.331572541382668,"low (<0.4)"
"YPD","YPL262W",0.331669912366115,"low (<0.4)"
"YPD","YPL260W",0.302629016553067,"low (<0.4)"
"YPD","APM1",0.0674780915287244,"low (<0.4)"
"YPD","YPL258C",0.319974343137343,"low (<0.4)"
"YPD","YPL256C",0.291358325219085,"low (<0.4)"
"YPD","YPL255W",0.0198192170550661,"low (<0.4)"
"YPD","HFI1",0.0860277874150997,"low (<0.4)"
"YPD","YPL253C",0.129158766358634,"low (<0.4)"
"YPD","YPL252C",0.556588099986573,"moderate (0.4–0.7)"
"YPD","YPL250C",0.496804742702189,"moderate (0.4–0.7)"
"YPD","RPL36B",0.586733203505355,"moderate (0.4–0.7)"
"YPD","YPL249C",0.000340806738337062,"low (<0.4)"
"YPD","GAL4",0.360117091329349,"low (<0.4)"
"YPD","YPL247C",-0.0270470950723836,"low (<0.4)"
"YPD","YPL246C",0.597833495618306,"moderate (0.4–0.7)"
"YPD","YPL245W",0.610443037974684,"moderate (0.4–0.7)"
"YPD","YPL244C",0.137877312560857,"low (<0.4)"
"YPD","YPL243W",0.290019474196689,"low (<0.4)"
"YPD","IQG1",0.253459754865565,"low (<0.4)"
"YPD","YPL241C",0.421959832706303,"moderate (0.4–0.7)"
"YPD","HSP82",0.697322297955209,"moderate (0.4–0.7)"
"YPD","YPL239W",0.419814995131451,"moderate (0.4–0.7)"
"YPD","YPL237W",0.30111976630964,"low (<0.4)"
"YPD","YPL236C",-0.0499665267798975,"low (<0.4)"
"YPD","RVB2",0.0982716650438169,"low (<0.4)"
"YPD","VMA11",0.662682570593963,"moderate (0.4–0.7)"
"YPD","YPL233W",0.303284965816024,"low (<0.4)"
"YPD","YPL232W",0.337341772151899,"low (<0.4)"
"YPD","YPL231W",0.182059396299903,"low (<0.4)"
"YPD","USV1",0.279022641666465,"low (<0.4)"
"YPD","YPL229W",0.242246457958031,"low (<0.4)"
"YPD","CET1",0.087574094134544,"low (<0.4)"
"YPD","YPL227C",0.0654333008763388,"low (<0.4)"
"YPD","YPL226W",0.255379746835443,"low (<0.4)"
"YPD","YPL225W",0.425292112950341,"moderate (0.4–0.7)"
"YPD","MMT2",0.159050517346318,"low (<0.4)"
"YPD","YPL222W",0.29181879375326,"low (<0.4)"
"YPD","FLC1",0.342015579357352,"low (<0.4)"
"YPD","RPL1A",0.775851996105161,"high (≥0.7)"
"YPD","YPL219W",-0.0990200257479807,"low (<0.4)"
"YPD","YPL218W",0.373685491723466,"low (<0.4)"
"YPD","YPL217C",0.353407984420643,"low (<0.4)"
"YPD","YPL216W",0.183649370563724,"low (<0.4)"
"YPD","YPL215W",0.530038948393379,"moderate (0.4–0.7)"
"YPD","YPL214C",0.329578441939172,"low (<0.4)"
"YPD","YPL213W",0.165477785766486,"low (<0.4)"
"YPD","YPL212C",0.252994157740993,"low (<0.4)"
"YPD","YPL211W",0.686343719571568,"moderate (0.4–0.7)"
"YPD","YPL210C",0.238023369036027,"low (<0.4)"
"YPD","IPL1",0.0867614805020748,"low (<0.4)"
"YPD","YPL208W",0.336416747809153,"low (<0.4)"
"YPD","YPL207W",0.22738558909445,"low (<0.4)"
"YPD","YPL206C",0.597764105196714,"moderate (0.4–0.7)"
"YPD","HRR25",0.122688185787239,"low (<0.4)"
"YPD","TPK2",0.170558486848867,"low (<0.4)"
"YPD","YPL202C",0.204078651894309,"low (<0.4)"
"YPD","YPL199C",0.553334956183058,"moderate (0.4–0.7)"
"YPD","RPL7B",0.535126582278481,"moderate (0.4–0.7)"
"YPD","YPL196W",0.192727383411606,"low (<0.4)"
"YPD","APL5",0.0252440419753953,"low (<0.4)"
"YPD","YPL194W",-0.0281015959283465,"low (<0.4)"
"YPD","YPL193W",0.234774939132033,"low (<0.4)"
"YPD","YPL192C",0.521022533924017,"moderate (0.4–0.7)"
"YPD","YPL191C",0.0652318885590947,"low (<0.4)"
"YPD","NAB3",0.286587147030185,"low (<0.4)"
"YPD","YPL189C-A",0.718330087633885,"high (≥0.7)"
"YPD","YPL189W",0.216291256424338,"low (<0.4)"
"YPD","YPL188W",0.199611707509641,"low (<0.4)"
"YPD","YPL186C",0.379506477593963,"low (<0.4)"
"YPD","MRN1",0.208446932814021,"low (<0.4)"
"YPD","RTC6",0.730866601752678,"high (≥0.7)"
"YPD","RTT10",-0.0236611489776047,"low (<0.4)"
"YPD","CTI6",0.0474196689386563,"low (<0.4)"
"YPD","YPL180W",-0.0365636943558763,"low (<0.4)"
"YPD","PPQ1",0.0529698149951315,"low (<0.4)"
"YPD","CBC2",0.587244401168452,"moderate (0.4–0.7)"
"YPD","YPL177C",0.328383641674781,"low (<0.4)"
"YPD","YPL176C",0.00866601752677702,"low (<0.4)"
"YPD","SPT14",0.246094486947637,"low (<0.4)"
"YPD","NIP100",0.363443818483901,"low (<0.4)"
"YPD","MRPL40",0.527434274586173,"moderate (0.4–0.7)"
"YPD","YPL172C",0.21582007368072,"low (<0.4)"
"YPD","YPL170W",0.498539435248296,"moderate (0.4–0.7)"
"YPD","YPL169C",0.285832521908471,"low (<0.4)"
"YPD","YPL168W",0.349694185007923,"low (<0.4)"
"YPD","REV3",0.259760573456278,"low (<0.4)"
"YPD","YPL164C",-0.116591554977561,"low (<0.4)"
"YPD","YPL163C",0.322273612463486,"low (<0.4)"
"YPD","YPL162C",0.138190647888661,"low (<0.4)"
"YPD","BEM4",0.242486962638662,"low (<0.4)"
"YPD","CDC60",0.622833495618306,"moderate (0.4–0.7)"
"YPD","YPL159C",0.108256143756897,"low (<0.4)"
"YPD","YPL158C",0.148904576436222,"low (<0.4)"
"YPD","YPL157W",0.292528557262947,"low (<0.4)"
"YPD","YPL156C",0.551223697412892,"moderate (0.4–0.7)"
"YPD","YPL155C",0.00567199785946682,"low (<0.4)"
"YPD","PEP4",0.619011684518014,"moderate (0.4–0.7)"
"YPD","RAD53",0.132300669506999,"low (<0.4)"
"YPD","RRD2",0.159260904997631,"low (<0.4)"
"YPD","PRP46",0.264256588645938,"low (<0.4)"
"YPD","YPL150W",0.188266082753879,"low (<0.4)"
"YPD","ATG5",0.440642895838831,"moderate (0.4–0.7)"
"YPD","YPL148C",0.318773026910385,"low (<0.4)"
"YPD","PXA1",0.36248595331278,"low (<0.4)"
"YPD","NOP53",0.0393865628042843,"low (<0.4)"
"YPD","KES1",0.391455696202532,"low (<0.4)"
"YPD","POC4",0.470813047711782,"moderate (0.4–0.7)"
"YPD","RPL33A",0.670618305744888,"moderate (0.4–0.7)"
"YPD","YPL141C",0.151707017046559,"low (<0.4)"
"YPD","MKK2",0.0961718704233788,"low (<0.4)"
"YPD","UME1",0.071665479951911,"low (<0.4)"
"YPD","SPP1",0.348207113226667,"low (<0.4)"
"YPD","YPL137C",0.406791626095424,"moderate (0.4–0.7)"
"YPD","ISU1",0.595058422590068,"moderate (0.4–0.7)"
"YPD","ODC1",0.315329371699927,"low (<0.4)"
"YPD","YPL133C",0.13935878408097,"low (<0.4)"
"YPD","COX11",0.224465948927671,"low (<0.4)"
"YPD","RPL5",0.718743914313535,"high (≥0.7)"
"YPD","TAF14",-0.0245131450827653,"low (<0.4)"
"YPD","TBF1",-0.0305014605647517,"low (<0.4)"
"YPD","YPL127C",0.37991723466407,"low (<0.4)"
"YPD","NAN1",0.402069133398247,"moderate (0.4–0.7)"
"YPD","KAP120",0.143545736983028,"low (<0.4)"
"YPD","SPC29",0.206459025031084,"low (<0.4)"
"YPD","YPL123C",0.222996123000876,"low (<0.4)"
"YPD","YPL122C",0.223179726933871,"low (<0.4)"
"YPD","VPS30",0.0623676331156824,"low (<0.4)"
"YPD","YPL119C-A",0.158670305135202,"low (<0.4)"
"YPD","YPL118W",0.628602726387537,"moderate (0.4–0.7)"
"YPD","IDI1",0.268622200584226,"low (<0.4)"
"YPD","YPL116W",0.0443673544732586,"low (<0.4)"
"YPD","YPL115C",-0.0305154890711822,"low (<0.4)"
"YPD","YPL113C",0.304983687168893,"low (<0.4)"
"YPD","YPL112C",0.442332035053554,"moderate (0.4–0.7)"
"YPD","CAR1",0.815116845180136,"high (≥0.7)"
"YPD","YPL110C",0.326008626202158,"low (<0.4)"
"YPD","YPL109C",0.189836664892671,"low (<0.4)"
"YPD","YPL108W",0.197930616195606,"low (<0.4)"
"YPD","YPL107W",0.467632383257712,"moderate (0.4–0.7)"
"YPD","SSE1",0.555890944498539,"moderate (0.4–0.7)"
"YPD","SYH1",0.142161635832522,"low (<0.4)"
"YPD","MSD1",0.231049705459521,"low (<0.4)"
"YPD","YPL103C",0.247483538017746,"low (<0.4)"
"YPD","ELP4",0.124878286270691,"low (<0.4)"
"YPD","ATG21",0.230385355115854,"low (<0.4)"
"YPD","AIM43",0.366928367790502,"low (<0.4)"
"YPD","YPL098C",0.674829600778968,"moderate (0.4–0.7)"
"YPD","YPL097W",0.313667733379935,"low (<0.4)"
"YPD","ERI1",0.421115411892346,"moderate (0.4–0.7)"
"YPD","YPL096W",0.304584654979801,"low (<0.4)"
"YPD","YPL095C",0.229533338270012,"low (<0.4)"
"YPD","SEC62",0.405404089581305,"moderate (0.4–0.7)"
"YPD","YPL093W",0.2615141187926,"low (<0.4)"
"YPD","SSU1",0.723268026014327,"high (≥0.7)"
"YPD","GLR1",0.778481012658228,"high (≥0.7)"
"YPD","RPS6A",0.85238558909445,"high (≥0.7)"
"YPD","YPL089C",0.170421764054895,"low (<0.4)"
"YPD","YPL088W",0.69832035053554,"moderate (0.4–0.7)"
"YPD","YPL087W",0.178846153846154,"low (<0.4)"
"YPD","ELP3",0.328456669912366,"low (<0.4)"
"YPD","SEC16",0.444133398247322,"moderate (0.4–0.7)"
"YPD","BRO1",0.301484907497566,"low (<0.4)"
"YPD","SEN54",0.373461711933304,"low (<0.4)"
"YPD","MOT1",0.650803310613437,"moderate (0.4–0.7)"
"YPD","RPS9A",0.817648490749757,"high (≥0.7)"
"YPD","RPL21B",0.698393378773126,"moderate (0.4–0.7)"
"YPD","ATP4",0.761075949367089,"high (≥0.7)"
"YPD","YPL077C",0.0233878687232458,"low (<0.4)"
"YPD","GPI2",0.351457611264984,"low (<0.4)"
"YPD","GCR1",0.149599255110214,"low (<0.4)"
"YPD","YPL074W",-0.0776946018114703,"low (<0.4)"
"YPD","YPL072W",-0.0948866226218645,"low (<0.4)"
"YPD","YPL071C",0.301565276751395,"low (<0.4)"
"YPD","YPL070W",0.177020447906524,"low (<0.4)"
"YPD","YPL069C",0.343931834562771,"low (<0.4)"
"YPD","YPL068C",0.279565966205069,"low (<0.4)"
"YPD","YPL067C",0.579552093476144,"moderate (0.4–0.7)"
"YPD","YPL066W",0.501679897202912,"moderate (0.4–0.7)"
"YPD","VPS28",0.0923882298715581,"low (<0.4)"
"YPD","YPL064C",0.342526777020448,"low (<0.4)"
"YPD","YPL063W",0.579527750730282,"moderate (0.4–0.7)"
"YPD","ALD6",0.609177215189873,"moderate (0.4–0.7)"
"YPD","MFM1",0.186022018319539,"low (<0.4)"
"YPD","YPL059W",0.464995131450828,"moderate (0.4–0.7)"
"YPD","YPL058C",0.586615059742239,"moderate (0.4–0.7)"
"YPD","SUR1",0.431450827653359,"moderate (0.4–0.7)"
"YPD","YPL056C",0.14273105482356,"low (<0.4)"
"YPD","YPL055C",0.19767618924746,"low (<0.4)"
"YPD","KTR6",0.200730282375852,"low (<0.4)"
"YPD","OAZ1",0.0872571035623726,"low (<0.4)"
"YPD","YPL051W",0.358977482878747,"low (<0.4)"
"YPD","YPL050C",0.450365141187926,"moderate (0.4–0.7)"
"YPD","DIG1",0.35167964946446,"low (<0.4)"
"YPD","CAM1",0.360223953261928,"low (<0.4)"
"YPD","YPL047W",0.57462450417474,"moderate (0.4–0.7)"
"YPD","YPL046C",0.225547072714502,"low (<0.4)"
"YPD","VPS16",0.193891150753047,"low (<0.4)"
"YPD","NOP4",0.311270691333982,"low (<0.4)"
"YPD","SSN3",-0.00895823951119171,"low (<0.4)"
"YPD","YPL041C",0.480018989279679,"moderate (0.4–0.7)"
"YPD","ISM1",0.300397422381269,"low (<0.4)"
"YPD","YPL039W",0.239027240266544,"low (<0.4)"
"YPD","YPL038W",0.370243246375201,"low (<0.4)"
"YPD","YPL037C",0.740749756572541,"high (≥0.7)"
"YPD","YPL036W",0.188370069722043,"low (<0.4)"
"YPD","YPL034W",0.532603007498464,"moderate (0.4–0.7)"
"YPD","YPL032C",0.286368062317429,"low (<0.4)"
"YPD","PHO85",0.308325219084713,"low (<0.4)"
"YPD","YPL030W",0.0652629016553067,"low (<0.4)"
"YPD","SUV3",0.120077901749985,"low (<0.4)"
"YPD","ERG10",0.709347614410906,"high (≥0.7)"
"YPD","SKS1",0.55055988315482,"moderate (0.4–0.7)"
"YPD","RMI1",0.416360319578998,"moderate (0.4–0.7)"
"YPD","YPL023C",0.241601752677702,"low (<0.4)"
"YPD","RAD1",0.358325219084713,"low (<0.4)"
"YPD","ULP1",0.193480854021641,"low (<0.4)"
"YPD","VTC3",0.828286270691334,"high (≥0.7)"
"YPD","CTF19",0.207352852048851,"low (<0.4)"
"YPD","SWI1",0.470764362220058,"moderate (0.4–0.7)"
"YPD","YPL015C",0.325973709834469,"low (<0.4)"
"YPD","YPL014W",0.456886898096305,"moderate (0.4–0.7)"
"YPD","YPL013C",0.393719571567673,"low (<0.4)"
"YPD","YPL012W",0.167648490749757,"low (<0.4)"
"YPD","TAF3",0.0058909803493079,"low (<0.4)"
"YPD","YPL010W",0.558106134371957,"moderate (0.4–0.7)"
"YPD","YPL009C",0.338510223953262,"low (<0.4)"
"YPD","CHL1",0.0806621428488516,"low (<0.4)"
"YPD","TFC8",0.0939165997503133,"low (<0.4)"
"YPD","YPL006W",0.199222244540231,"low (<0.4)"
"YPD","YPL005W",0.215118974505733,"low (<0.4)"
"YPD","YPL004C",0.726314508276534,"high (≥0.7)"
"YPD","ULA1",0.284347441630114,"low (<0.4)"
"YPD","SNF8",-0.125493060628196,"low (<0.4)"
"YPD","HAT1",0.301365027786908,"low (<0.4)"
"YPD","YPR002W",-0.102524220467397,"low (<0.4)"
"YPD","YPR003C",0.270829788371721,"low (<0.4)"
"YPD","YPR004C",0.575170399221032,"moderate (0.4–0.7)"
"YPD","YPR005C",0.0246190563612998,"low (<0.4)"
"YPD","YPR006C",0.527265812125957,"moderate (0.4–0.7)"
"YPD","YPR008W",0.377020447906524,"low (<0.4)"
"YPD","YPR009W",0.575453842840761,"moderate (0.4–0.7)"
"YPD","RPA135",0.368841285296982,"low (<0.4)"
"YPD","YPR010C-A",0.811197663096397,"high (≥0.7)"
"YPD","YPR011C",0.586116030415128,"moderate (0.4–0.7)"
"YPD","YPR013C",0.431359182733458,"moderate (0.4–0.7)"
"YPD","YPR015C",0.147147096614564,"low (<0.4)"
"YPD","TIF6",0.399829600778968,"low (<0.4)"
"YPD","YPR017C",0.623904576436222,"moderate (0.4–0.7)"
"YPD","RLF2",0.114308319851405,"low (<0.4)"
"YPD","MCM4",0.0862241047992768,"low (<0.4)"
"YPD","YPR020W",0.880282375851996,"high (≥0.7)"
"YPD","YPR021C",0.271765722562349,"low (<0.4)"
"YPD","YPR022C",-0.0060856864654333,"low (<0.4)"
"YPD","YPR023C",0.490238558909445,"moderate (0.4–0.7)"
"YPD","YME1",0.36881694255112,"low (<0.4)"
"YPD","YPR025C",0.208789001884355,"low (<0.4)"
"YPD","YPR026W",-0.0078450495731279,"low (<0.4)"
"YPD","YOP1",0.74311100292113,"high (≥0.7)"
"YPD","YPR029C",0.204176023470331,"low (<0.4)"
"YPD","CSR2",0.329969505016842,"low (<0.4)"
"YPD","YPR031W",0.267707048089792,"low (<0.4)"
"YPD","SRO7",-0.0996956793752775,"low (<0.4)"
"YPD","HTS1",0.493573515092502,"moderate (0.4–0.7)"
"YPD","ARP7",-0.0324488802336904,"low (<0.4)"
"YPD","YPR035W",0.525973709834469,"moderate (0.4–0.7)"
"YPD","VMA13",0.494571567672834,"moderate (0.4–0.7)"
"YPD","YPR036W-A",0.741212268743914,"high (≥0.7)"
"YPD","YPR037C",0.310749213425992,"low (<0.4)"
"YPD","YPR040W",0.125404748342382,"low (<0.4)"
"YPD","TIF5",0.453554040895813,"moderate (0.4–0.7)"
"YPD","YPR042C",-0.210242966850486,"low (<0.4)"
"YPD","RPL43A",0.617575462512171,"moderate (0.4–0.7)"
"YPD","THP3",0.191032023271948,"low (<0.4)"
"YPD","YPR046W",-0.0987923373400991,"low (<0.4)"
"YPD","MSF1",0.400318968423226,"moderate (0.4–0.7)"
"YPD","YPR048W",0.352029017363733,"low (<0.4)"
"YPD","ATG11",0.194067275972923,"low (<0.4)"
"YPD","MAK3",0.496105160662123,"moderate (0.4–0.7)"
"YPD","YPR052C",0.155111976630964,"low (<0.4)"
"YPD","YPR055W",0.201798346907811,"low (<0.4)"
"YPD","YPR056W",0.101998588116592,"low (<0.4)"
"YPD","YPR057W",0.353236889562156,"low (<0.4)"
"YPD","YPR058W",0.292624148003895,"low (<0.4)"
"YPD","ARO7",0.638169425511198,"moderate (0.4–0.7)"
"YPD","YPR061C",0.0454645097662957,"low (<0.4)"
"YPD","FCY1",0.740628042843233,"high (≥0.7)"
"YPD","YPR063C",0.600097370983447,"moderate (0.4–0.7)"
"YPD","ROX1",0.711148977604674,"high (≥0.7)"
"YPD","YPR066W",0.0046247828542683,"low (<0.4)"
"YPD","YPR067W",0.582838364167478,"moderate (0.4–0.7)"
"YPD","YPR068C",0.190508377900017,"low (<0.4)"
"YPD","YPR069C",0.878602726387537,"high (≥0.7)"
"YPD","YPR070W",0.0910418785485921,"low (<0.4)"
"YPD","YPR071W",0.467494360714804,"moderate (0.4–0.7)"
"YPD","YPR072W",0.0907010710808179,"low (<0.4)"
"YPD","YPR073C",0.690287244401169,"moderate (0.4–0.7)"
"YPD","YPR074C",0.566041869522882,"moderate (0.4–0.7)"
"YPD","YPR075C",0.374926971762415,"low (<0.4)"
"YPD","YPR079W",0.397307300905286,"low (<0.4)"
"YPD","TEF1",0.466163583252191,"moderate (0.4–0.7)"
"YPD","YPR081C",-0.0435489472533502,"low (<0.4)"
"YPD","DIB1",0.27190847127556,"low (<0.4)"
"YPD","YPR083W",-0.0300742740018078,"low (<0.4)"
"YPD","YPR084W",-0.0423542596154185,"low (<0.4)"
"YPD","YPR085C",0.232462466304611,"low (<0.4)"
"YPD","SUA7",0.241090555014606,"low (<0.4)"
"YPD","SRP54",0.307497565725414,"low (<0.4)"
"YPD","YPR089W",0.149784561499139,"low (<0.4)"
"YPD","YPR091C",0.179784443676915,"low (<0.4)"
"YPD","YPR093C",0.232547103308276,"low (<0.4)"
"YPD","YPR094W",0.292128677320805,"low (<0.4)"
"YPD","YPR095C",0.0802239600900529,"low (<0.4)"
"YPD","YPR097W",0.500754625121714,"moderate (0.4–0.7)"
"YPD","YPR098C",0.369888023369036,"low (<0.4)"
"YPD","YPR100W",0.776290165530672,"high (≥0.7)"
"YPD","SNT309",0.36193675611396,"low (<0.4)"
"YPD","RPL11A",0.749342745861733,"high (≥0.7)"
"YPD","PRE2",0.463826679649464,"moderate (0.4–0.7)"
"YPD","FHL1",0.0084243846450281,"low (<0.4)"
"YPD","COG4",0.0413593320310478,"low (<0.4)"
"YPD","YPR106W",0.266804613135178,"low (<0.4)"
"YPD","YPR107C",0.356449502539402,"low (<0.4)"
"YPD","YPR108W",0.195374878286271,"low (<0.4)"
"YPD","YPR108W-A",0.298197024942371,"low (<0.4)"
"YPD","YPR109W",0.160694288913774,"low (<0.4)"
"YPD","RPC40",0.50182570593963,"moderate (0.4–0.7)"
"YPD","YPR111W",0.27045119828625,"low (<0.4)"
"YPD","YPR112C",0.419912366114898,"moderate (0.4–0.7)"
"YPD","YPR113W",0.619157740993184,"moderate (0.4–0.7)"
"YPD","YPR114W",0.394717624148004,"low (<0.4)"
"YPD","RGC1",0.331425731700865,"low (<0.4)"
"YPD","YPR116W",0.14898717240269,"low (<0.4)"
"YPD","YPR117W",0.208266637221183,"low (<0.4)"
"YPD","YPR118W",0.330428432327167,"low (<0.4)"
"YPD","YPR119W",0.0495512075761533,"low (<0.4)"
"YPD","YPR120C",0.274878286270691,"low (<0.4)"
"YPD","YPR121W",0.435313790673958,"moderate (0.4–0.7)"
"YPD","AXL1",0.170291695565393,"low (<0.4)"
"YPD","YPR124W",0.219157740993184,"low (<0.4)"
"YPD","YLH47",0.443013631937683,"moderate (0.4–0.7)"
"YPD","YPR127W",0.513757112948118,"moderate (0.4–0.7)"
"YPD","YPR128C",0.408909444985394,"moderate (0.4–0.7)"
"YPD","SCD6",0.266212268743914,"low (<0.4)"
"YPD","NAT3",0.385749669856643,"low (<0.4)"
"YPD","RPS23B",0.66445959104187,"moderate (0.4–0.7)"
"YPD","SPN1",0.217332035053554,"low (<0.4)"
"YPD","TOM5",0.792259006815969,"high (≥0.7)"
"YPD","YPR134W",0.210309089304853,"low (<0.4)"
"YPD","CTF4",-0.0262908055288591,"low (<0.4)"
"YPD","YPR137W",0.102020447906524,"low (<0.4)"
"YPD","YPR138C",0.524796280415514,"moderate (0.4–0.7)"
"YPD","VPS66",0.320401170899135,"low (<0.4)"
"YPD","YPR140W",0.111412051125989,"low (<0.4)"
"YPD","KAR3",0.00837415939037421,"low (<0.4)"
"YPD","YPR143W",0.402750730282376,"moderate (0.4–0.7)"
"YPD","NOC4",0.287828627069133,"low (<0.4)"
"YPD","YPR145W",0.874074975657254,"high (≥0.7)"
"YPD","YPR147C",0.20843527517149,"low (<0.4)"
"YPD","YPR148C",0.325389483933788,"low (<0.4)"
"YPD","NCE102",0.777750730282376,"high (≥0.7)"
"YPD","YPR151C",0.250329574507705,"low (<0.4)"
"YPD","YPR152C",0.137978112364179,"low (<0.4)"
"YPD","PIN3",0.522711781888997,"moderate (0.4–0.7)"
"YPD","YPR155C",0.337449501772368,"low (<0.4)"
"YPD","YPR156C",0.330890944498539,"low (<0.4)"
"YPD","YPR157W",0.229060168038484,"low (<0.4)"
"YPD","YPR158W",0.380147283279654,"low (<0.4)"
"YPD","KRE6",0.477558894598027,"moderate (0.4–0.7)"
"YPD","YPR160W",0.105111683848797,"low (<0.4)"
"YPD","SGV1",-0.0942307692307692,"low (<0.4)"
"YPD","YPR162C",0.0329336579427876,"low (<0.4)"
"YPD","TIF3",0.380550146056475,"low (<0.4)"
"YPD","MMS1",0.21139309880304,"low (<0.4)"
"YPD","YPR165W",0.304113924050633,"low (<0.4)"
"YPD","YPR166C",0.628578383641675,"moderate (0.4–0.7)"
"YPD","YPR167C",0.816092519740825,"high (≥0.7)"
"YPD","NUT2",0.00336288187945602,"low (<0.4)"
"YPD","YPR169W",0.438169425511198,"moderate (0.4–0.7)"
"YPD","YPR170W-B",0.506256085686466,"moderate (0.4–0.7)"
"YPD","YPR171W",0.248530217732508,"low (<0.4)"
"YPD","YPR172W",0.498076923076923,"moderate (0.4–0.7)"
"YPD","VPS4",0.273636806231743,"low (<0.4)"
"YPD","YPR174C",0.339070107108082,"low (<0.4)"
"YPD","YPR175W",0.0233036535171174,"low (<0.4)"
"YPD","YPR176C",0.333446932814021,"low (<0.4)"
"YPD","PRP4",0.035703199893023,"low (<0.4)"
"YPD","HDA3",0.306479600344772,"low (<0.4)"
"YPD","AOS1",0.156518564762798,"low (<0.4)"
"YPD","YPR181C",0.282692307692308,"low (<0.4)"
"YPD","SMX3",0.290068159688413,"low (<0.4)"
"YPD","DPM1",0.431450827653359,"moderate (0.4–0.7)"
"YPD","YPR184W",0.333205492516374,"low (<0.4)"
"YPD","ATG13",0.133244877609625,"low (<0.4)"
"YPD","PZF1",0.218701690893571,"low (<0.4)"
"YPD","RPO26",0.43300876338851,"moderate (0.4–0.7)"
"YPD","YPR188C",0.394328140214216,"low (<0.4)"
"YPD","SKI3",0.493622200584226,"moderate (0.4–0.7)"
"YPD","RPC82",0.244109055501461,"low (<0.4)"
"YPD","QCR2",0.724707887049659,"high (≥0.7)"
"YPD","YPR192W",0.5529627482241,"moderate (0.4–0.7)"
"YPD","HPA2",0.364740575162934,"low (<0.4)"
"YPD","YPR196W",0.471714565981823,"moderate (0.4–0.7)"
"YPD","SGE1",0.46225565387732,"moderate (0.4–0.7)"
"YPD","ARR1",0.724755310302444,"high (≥0.7)"
"YPD","ARR2",0.712052754464568,"high (≥0.7)"
"YPD","YML131W",0.669535696450207,"moderate (0.4–0.7)"
"YPD","YML130C",0.499780915287244,"moderate (0.4–0.7)"
"YPD","YML129C",0.561830574488802,"moderate (0.4–0.7)"
"YPD","YML128C",0.285693420636684,"low (<0.4)"
"YPD","YML127W",0.116187925998053,"low (<0.4)"
"YPD","ERG13",0.68427458617332,"moderate (0.4–0.7)"
"YPD","PGA3",0.620959104186952,"moderate (0.4–0.7)"
"YPD","YML124C",0.68427458617332,"moderate (0.4–0.7)"
"YPD","PHO84",0.812244401168452,"high (≥0.7)"
"YPD","YML121W",0.343184031158715,"low (<0.4)"
"YPD","YML120C",0.581280428432327,"moderate (0.4–0.7)"
"YPD","YML119W",0.139925509425817,"low (<0.4)"
"YPD","YML118W",0.11030610555676,"low (<0.4)"
"YPD","YML117W",0.253730616691943,"low (<0.4)"
"YPD","ATR1",0.452737850622784,"moderate (0.4–0.7)"
"YPD","VAN1",0.177204096912342,"low (<0.4)"
"YPD","TAF8",0.0677584454640436,"low (<0.4)"
"YPD","YML113W",0.0863437195715677,"low (<0.4)"
"YPD","YML112W",0.339987584368472,"low (<0.4)"
"YPD","YML111W",0.0449613252279822,"low (<0.4)"
"YPD","COQ5",0.324001947419669,"low (<0.4)"
"YPD","ZDS2",0.321080817916261,"low (<0.4)"
"YPD","YML108W",0.314289191820837,"low (<0.4)"
"YPD","YML107C",0.189366829823143,"low (<0.4)"
"YPD","URA5",0.434250243427459,"moderate (0.4–0.7)"
"YPD","YML105C",0.364849074975657,"low (<0.4)"
"YPD","YML104C",0.240487840573703,"low (<0.4)"
"YPD","YML103C",0.31881694255112,"low (<0.4)"
"YPD","YML102W",-0.0831309830284566,"low (<0.4)"
"YPD","YML101C",0.247311631647908,"low (<0.4)"
"YPD","YML100W",0.33031806804665,"low (<0.4)"
"YPD","ARG81",0.0571727660328548,"low (<0.4)"
"YPD","TAF13",0.497370983446933,"moderate (0.4–0.7)"
"YPD","VPS9",0.124050632911392,"low (<0.4)"
"YPD","YML096W",0.282900942683809,"low (<0.4)"
"YPD","YML095C",0.0957017731247944,"low (<0.4)"
"YPD","GIM5",0.134907497565725,"low (<0.4)"
"YPD","YML093W",0.112098344693281,"low (<0.4)"
"YPD","YML092C",0.416333982473223,"moderate (0.4–0.7)"
"YPD","YML091C",0.742526777020448,"high (≥0.7)"
"YPD","YML088W",0.272669734008103,"low (<0.4)"
"YPD","YML087C",0.333499573994024,"low (<0.4)"
"YPD","YML086C",0.336577023965726,"low (<0.4)"
"YPD","YML085C",0.33159688412853,"low (<0.4)"
"YPD","YML082W",0.318086660175268,"low (<0.4)"
"YPD","YML081C-A",0.792624148003895,"high (≥0.7)"
"YPD","YML081W",0.293889970788705,"low (<0.4)"
"YPD","YML080W",0.349710015281642,"low (<0.4)"
"YPD","YML079W",0.33722005842259,"low (<0.4)"
"YPD","CPR3",0.458471275559883,"moderate (0.4–0.7)"
"YPD","YML077W",0.421448523915569,"moderate (0.4–0.7)"
"YPD","YML076C",0.301516487439667,"low (<0.4)"
"YPD","YML075C",0.358227848101266,"low (<0.4)"
"YPD","FPR3",0.515189873417721,"moderate (0.4–0.7)"
"YPD","RPL6A",0.686441090555015,"moderate (0.4–0.7)"
"YPD","YML072C",0.349513145082765,"low (<0.4)"
"YPD","COG8",0.0902025937370266,"low (<0.4)"
"YPD","YML070W",0.632181110029211,"moderate (0.4–0.7)"
"YPD","YML069W",0.419133398247322,"moderate (0.4–0.7)"
"YPD","YML068W",0.129560529108605,"low (<0.4)"
"YPD","YML067C",0.325803310613437,"low (<0.4)"
"YPD","YML065W",0.193359137329378,"low (<0.4)"
"YPD","YML064C",0.414535142018034,"moderate (0.4–0.7)"
"YPD","RPS1B",0.543281402142162,"moderate (0.4–0.7)"
"YPD","MFT1",0.176437295751172,"low (<0.4)"
"YPD","PIF1",0.146780281063138,"low (<0.4)"
"YPD","YML060W",0.309121351021031,"low (<0.4)"
"YPD","YML059C",0.271837097358353,"low (<0.4)"
"YPD","YML058W-A",0.338319532335996,"low (<0.4)"
"YPD","YML058W",0.637852969814995,"moderate (0.4–0.7)"
"YPD","CMP2",0.329949609387182,"low (<0.4)"
"YPD","YML056C",0.757327166504382,"high (≥0.7)"
"YPD","SPC2",0.529965920155794,"moderate (0.4–0.7)"
"YPD","YML054C",0.285036291100145,"low (<0.4)"
"YPD","YML053C",0.217917587136382,"low (<0.4)"
"YPD","YML052W",0.206280428432327,"low (<0.4)"
"YPD","YML051W",0.524379853608476,"moderate (0.4–0.7)"
"YPD","YML050W",0.10795150267872,"low (<0.4)"
"YPD","YML049C",0.240731273958229,"low (<0.4)"
"YPD","GSF2",0.387828627069133,"low (<0.4)"
"YPD","YML046W",0.0600550159626809,"low (<0.4)"
"YPD","YML043C",0.157160593050291,"low (<0.4)"
"YPD","CAT2",0.0906928018955201,"low (<0.4)"
"YPD","VPS71",0.164224981164941,"low (<0.4)"
"YPD","YML038C",0.305848701193297,"low (<0.4)"
"YPD","YML037C",0.171353197836836,"low (<0.4)"
"YPD","YML036W",0.042064264849075,"low (<0.4)"
"YPD","AMD1",0.370861733203505,"low (<0.4)"
"YPD","SRC1",0.197092241314758,"low (<0.4)"
"YPD","YML032C",0.128776260414504,"low (<0.4)"
"YPD","YML031W",0.14929406037001,"low (<0.4)"
"YPD","YML030W",0.455306718597858,"moderate (0.4–0.7)"
"YPD","YML029W",-0.0981601860991405,"low (<0.4)"
"YPD","TSA1",0.721518987341772,"high (≥0.7)"
"YPD","YML027W",0.426071080817916,"moderate (0.4–0.7)"
"YPD","RPS18B",0.611489776046738,"moderate (0.4–0.7)"
"YPD","YML6",0.556113413553467,"moderate (0.4–0.7)"
"YPD","RPS17A",0.782327166504382,"high (≥0.7)"
"YPD","YML023C",0.0293852710637265,"low (<0.4)"
"YPD","YML022W",0.663461538461538,"moderate (0.4–0.7)"
"YPD","YML021C",0.426703992210321,"moderate (0.4–0.7)"
"YPD","YML020W",-0.123410507986746,"low (<0.4)"
"YPD","YML019W",0.15779351985006,"low (<0.4)"
"YPD","YML018C",0.492599805258033,"moderate (0.4–0.7)"
"YPD","PSP2",0.112599922300195,"low (<0.4)"
"YPD","YML016C",0.255727329953093,"low (<0.4)"
"YPD","TAF11",0.0690767453047304,"low (<0.4)"
"YPD","TRM9",0.225632911392405,"low (<0.4)"
"YPD","UBX2",0.23515987292932,"low (<0.4)"
"YPD","YML012W",0.548101265822785,"moderate (0.4–0.7)"
"YPD","YML011C",0.345157894102631,"low (<0.4)"
"YPD","YML010W",-0.00452775073028238,"low (<0.4)"
"YPD","MRPL39",0.665993184031159,"moderate (0.4–0.7)"
"YPD","ERG6",0.75533106134372,"high (≥0.7)"
"YPD","YML007C-A",0.417589365435962,"moderate (0.4–0.7)"
"YPD","YAP1",0.336562804284323,"low (<0.4)"
"YPD","YML006C",0.0227195259878715,"low (<0.4)"
"YPD","TRM12",0.117748728095455,"low (<0.4)"
"YPD","YML004C",0.52611976630964,"moderate (0.4–0.7)"
"YPD","YML002W",0.33302087833314,"low (<0.4)"
"YPD","YPT7",0.572541382667965,"moderate (0.4–0.7)"
"YPD","CDC5",0.22052227679496,"low (<0.4)"
"YPD","YMR001C-A",-0.0149968052761467,"low (<0.4)"
"YPD","YMR002W",0.656377799415774,"moderate (0.4–0.7)"
"YPD","YMR003W",0.206012658227848,"low (<0.4)"
"YPD","YMR004W",0.145061953839325,"low (<0.4)"
"YPD","TAF4",0.277823758519961,"low (<0.4)"
"YPD","YMR006C",0.671421616358325,"moderate (0.4–0.7)"
"YPD","YMR008C",0.724707887049659,"high (≥0.7)"
"YPD","YMR009W",0.55126582278481,"moderate (0.4–0.7)"
"YPD","YMR010W",0.208971573589395,"low (<0.4)"
"YPD","YMR011W",0.793500486854917,"high (≥0.7)"
"YPD","CLU1",0.680452775073028,"moderate (0.4–0.7)"
"YPD","YMR013C",0.279785052251117,"low (<0.4)"
"YPD","YMR014W",0.164704020840567,"low (<0.4)"
"YPD","ERG5",0.549001947419669,"moderate (0.4–0.7)"
"YPD","YMR016C",0.339508276533593,"low (<0.4)"
"YPD","YMR019W",0.0726161786042469,"low (<0.4)"
"YPD","YMR020W",0.198806988012082,"low (<0.4)"
"YPD","MAC1",0.222565725413827,"low (<0.4)"
"YPD","UBC7",0.384031158714703,"low (<0.4)"
"YPD","MSS1",-0.14752761546301,"low (<0.4)"
"YPD","MRPL3",0.503894839337877,"moderate (0.4–0.7)"
"YPD","YMR025W",0.204406635267925,"low (<0.4)"
"YPD","PEX12",0.182404635025686,"low (<0.4)"
"YPD","YMR027W",0.48334033192431,"moderate (0.4–0.7)"
"YPD","YMR028W",0.0416408010021996,"low (<0.4)"
"YPD","YMR029C",0.116529433603872,"low (<0.4)"
"YPD","YMR030W",0.0670772901981009,"low (<0.4)"
"YPD","YMR031C",0.504603849838031,"moderate (0.4–0.7)"
"YPD","HOF1",0.0913096666798935,"low (<0.4)"
"YPD","YMR030W-A",0.0153608736583063,"low (<0.4)"
"YPD","ARP9",0.1522404591098,"low (<0.4)"
"YPD","YMR034C",0.301387855891872,"low (<0.4)"
"YPD","YMR035W",0.359161615530359,"low (<0.4)"
"YPD","YMR036C",0.0817600877906386,"low (<0.4)"
"YPD","YMR037C",0.0281316382382462,"low (<0.4)"
"YPD","CCS1",0.86784323271665,"high (≥0.7)"
"YPD","SUB1",0.345754295005764,"low (<0.4)"
"YPD","YMR040W",0.404777845404747,"moderate (0.4–0.7)"
"YPD","YMR041C",0.436419117762053,"moderate (0.4–0.7)"
"YPD","ARG80",0.385443037974684,"low (<0.4)"
"YPD","MCM1",0.286465433300876,"low (<0.4)"
"YPD","YMR044W",0.175851996105161,"low (<0.4)"
"YPD","NUP116",0.33412852969815,"low (<0.4)"
"YPD","YMR048W",0.10602547484054,"low (<0.4)"
"YPD","YMR049C",0.34340311587147,"low (<0.4)"
"YPD","YMR052W",0.0581132955260276,"low (<0.4)"
"YPD","YMR053C",0.232463807528406,"low (<0.4)"
"YPD","YMR054W",0.204016553067186,"low (<0.4)"
"YPD","BUB2",0.311399185045096,"low (<0.4)"
"YPD","YMR056C",0.155499017232913,"low (<0.4)"
"YPD","YMR058W",0.597151898734177,"moderate (0.4–0.7)"
"YPD","SEN15",0.256269816641897,"low (<0.4)"
"YPD","SAM37",0.150316455696203,"low (<0.4)"
"YPD","YMR061W",-0.0337877312560857,"low (<0.4)"
"YPD","ARG7",0.715705426652899,"high (≥0.7)"
"YPD","AEP1",0.0773008599141622,"low (<0.4)"
"YPD","KAR5",0.285618686441012,"low (<0.4)"
"YPD","YMR066W",0.0231762686848867,"low (<0.4)"
"YPD","UBX4",0.245024648984004,"low (<0.4)"
"YPD","YMR068W",0.0460036825288334,"low (<0.4)"
"YPD","NAT4",0.049927013954535,"low (<0.4)"
"YPD","MOT3",0.217526777020448,"low (<0.4)"
"YPD","YMR071C",0.659225900681597,"moderate (0.4–0.7)"
"YPD","YMR072W",0.544620253164557,"moderate (0.4–0.7)"
"YPD","YMR073C",0.28542564335729,"low (<0.4)"
"YPD","YMR074C",0.239070107108082,"low (<0.4)"
"YPD","YMR075W",0.0757092452401785,"low (<0.4)"
"YPD","YMR076C",0.339607714269399,"low (<0.4)"
"YPD","VPS20",0.187405650592347,"low (<0.4)"
"YPD","CTF18",0.0782471095267746,"low (<0.4)"
"YPD","SEC14",0.59466893865628,"moderate (0.4–0.7)"
"YPD","NAM7",0.374342745861733,"low (<0.4)"
"YPD","ISF1",0.222731277286923,"low (<0.4)"
"YPD","YMR083W",0.641139240506329,"moderate (0.4–0.7)"
"YPD","YMR085W",0.0940388283045626,"low (<0.4)"
"YPD","YMR086W",0.360859060736117,"low (<0.4)"
"YPD","YMR087W",0.275135431759296,"low (<0.4)"
"YPD","YMR088C",0.249245374878286,"low (<0.4)"
"YPD","YTA12",0.422458754016793,"moderate (0.4–0.7)"
"YPD","YMR090W",0.163765357168998,"low (<0.4)"
"YPD","NPL6",0.331970106478751,"low (<0.4)"
"YPD","YMR092C",0.497760467380721,"moderate (0.4–0.7)"
"YPD","YMR093W",0.230038948393379,"low (<0.4)"
"YPD","CTF13",-0.112478824771639,"low (<0.4)"
"YPD","YMR096W",-0.222888999941681,"low (<0.4)"
"YPD","YMR097C",0.206037737375574,"low (<0.4)"
"YPD","ATP25",0.301338851022395,"low (<0.4)"
"YPD","YMR099C",0.637658227848101,"moderate (0.4–0.7)"
"YPD","YMR100W",0.0464731301451032,"low (<0.4)"
"YPD","YMR102C",0.470861733203505,"moderate (0.4–0.7)"
"YPD","PGM2",0.239814939570691,"low (<0.4)"
"YPD","YKU80",0.105331090810877,"low (<0.4)"
"YPD","ILV2",0.689118792599805,"moderate (0.4–0.7)"
"YPD","YMR109W",0.219961051606621,"low (<0.4)"
"YPD","YMR110C",0.446056475170399,"moderate (0.4–0.7)"
"YPD","YMR111C",-0.0346985970094823,"low (<0.4)"
"YPD","YMR112C",0.237854952593293,"low (<0.4)"
"YPD","YMR113W",0.260486355852119,"low (<0.4)"
"YPD","YMR114C",0.110237185581023,"low (<0.4)"
"YPD","MGR3",-0.00575709443227818,"low (<0.4)"
"YPD","ASC1",0.721957156767283,"high (≥0.7)"
"YPD","YMR119W",0.173111801184824,"low (<0.4)"
"YPD","YMR120C",0.426924716267509,"moderate (0.4–0.7)"
"YPD","RPL15B",0.31407201845773,"low (<0.4)"
"YPD","YMR122W-A",0.869717624148004,"high (≥0.7)"
"YPD","YMR123W",0.537487828627069,"moderate (0.4–0.7)"
"YPD","YMR124W",0.195461267416396,"low (<0.4)"
"YPD","STO1",0.192161635832522,"low (<0.4)"
"YPD","YMR126C",0.209112218276947,"low (<0.4)"
"YPD","SAS2",0.115020174175537,"low (<0.4)"
"YPD","ECM16",0.423636806231743,"moderate (0.4–0.7)"
"YPD","YMR129W",0.132473222979552,"low (<0.4)"
"YPD","YMR130W",0.214412210399603,"low (<0.4)"
"YPD","YMR131C",0.635029211295034,"moderate (0.4–0.7)"
"YPD","YMR132C",0.487183232452831,"moderate (0.4–0.7)"
"YPD","YMR134W",0.417989289191821,"moderate (0.4–0.7)"
"YPD","GID8",0.298480938701982,"low (<0.4)"
"YPD","YMR136W",0.641616058864961,"moderate (0.4–0.7)"
"YPD","PSO2",0.138407593675144,"low (<0.4)"
"YPD","CIN4",0.4643735243227,"moderate (0.4–0.7)"
"YPD","RIM11",0.177585734746453,"low (<0.4)"
"YPD","YMR140W",0.0545893935370901,"low (<0.4)"
"YPD","RPL13B",0.744741966893866,"high (≥0.7)"
"YPD","RPS16A",0.620618305744888,"moderate (0.4–0.7)"
"YPD","YMR144W",0.345870152735213,"low (<0.4)"
"YPD","NDE1",0.795009737098345,"high (≥0.7)"
"YPD","YMR146C",0.250730282375852,"low (<0.4)"
"YPD","YMR148W",0.265464105826119,"low (<0.4)"
"YPD","YMR149W",0.837000973709835,"high (≥0.7)"
"YPD","IMP1",0.401032220636701,"moderate (0.4–0.7)"
"YPD","YMR152W",0.739337877312561,"high (≥0.7)"
"YPD","YMR153W",0.101752677702045,"low (<0.4)"
"YPD","RIM13",0.104756567084166,"low (<0.4)"
"YPD","YMR155W",-0.114698525511516,"low (<0.4)"
"YPD","YMR156C",0.453687100427107,"moderate (0.4–0.7)"
"YPD","AIM36",0.572593552795126,"moderate (0.4–0.7)"
"YPD","YMR158W",0.583519961051607,"moderate (0.4–0.7)"
"YPD","YMR158C-A",0.171319524816151,"low (<0.4)"
"YPD","YMR160W",0.220303174832505,"low (<0.4)"
"YPD","YMR161W",0.401241480038948,"moderate (0.4–0.7)"
"YPD","YMR162C",0.205849953750186,"low (<0.4)"
"YPD","YMR163C",0.195501077388638,"low (<0.4)"
"YPD","YMR164C",0.0789459281323228,"low (<0.4)"
"YPD","PAH1",0.259883154819864,"low (<0.4)"
"YPD","YMR166C",0.205861229458308,"low (<0.4)"
"YPD","MLH1",0.189912641950904,"low (<0.4)"
"YPD","CEP3",0.0241548960016359,"low (<0.4)"
"YPD","YMR169C",0.152407659085532,"low (<0.4)"
"YPD","YMR170C",0.442859022674633,"moderate (0.4–0.7)"
"YPD","YMR171C",0.408498104304694,"moderate (0.4–0.7)"
"YPD","YMR172W",0.0948536329594001,"low (<0.4)"
"YPD","DDR48",0.715141261295053,"high (≥0.7)"
"YPD","PAI3",0.16261017985671,"low (<0.4)"
"YPD","YMR176W",0.269825137684537,"low (<0.4)"
"YPD","YMR177W",0.274650631871593,"low (<0.4)"
"YPD","YMR178W",0.500754625121714,"moderate (0.4–0.7)"
"YPD","YMR179W",0.210712090510782,"low (<0.4)"
"YPD","CTL1",0.527649349189286,"moderate (0.4–0.7)"
"YPD","YMR181C",0.530322855579367,"moderate (0.4–0.7)"
"YPD","YMR182C",0.596897114293027,"moderate (0.4–0.7)"
"YPD","YMR183C",0.513997078870497,"moderate (0.4–0.7)"
"YPD","YMR184W",0.566907665885251,"moderate (0.4–0.7)"
"YPD","YMR185W",0.188973886163956,"low (<0.4)"
"YPD","HSC82",0.606402142161636,"moderate (0.4–0.7)"
"YPD","YMR187C",-0.173953460755906,"low (<0.4)"
"YPD","YMR188C",0.606377799415774,"moderate (0.4–0.7)"
"YPD","GCV2",0.546786847554156,"moderate (0.4–0.7)"
"YPD","YMR190C",0.0485150925024343,"low (<0.4)"
"YPD","YMR191W",0.484596940079602,"moderate (0.4–0.7)"
"YPD","GYL1",0.158694223372808,"low (<0.4)"
"YPD","MRPL24",0.325170399221032,"low (<0.4)"
"YPD","RPL36A",0.531888997078871,"moderate (0.4–0.7)"
"YPD","YMR194C-B",0.258920202561323,"low (<0.4)"
"YPD","YMR195W",0.533654665558934,"moderate (0.4–0.7)"
"YPD","YMR196W",0.286026469303167,"low (<0.4)"
"YPD","YMR197C",0.343843377826339,"low (<0.4)"
"YPD","YMR198W",0.0730984368761005,"low (<0.4)"
"YPD","YMR199W",0.327712016608191,"low (<0.4)"
"YPD","YMR200W",0.503286270691334,"moderate (0.4–0.7)"
"YPD","YMR201C",0.25723676392654,"low (<0.4)"
"YPD","ERG2",0.765457643622201,"high (≥0.7)"
"YPD","TOM40",0.346543330087634,"low (<0.4)"
"YPD","YMR204C",-0.197898482348952,"low (<0.4)"
"YPD","YMR205C",0.465019474196689,"moderate (0.4–0.7)"
"YPD","YMR207C",0.103792245254876,"low (<0.4)"
"YPD","ERG12",0.447979552093476,"moderate (0.4–0.7)"
"YPD","YMR209C",0.487195715676728,"moderate (0.4–0.7)"
"YPD","YMR210W",0.33668656698875,"low (<0.4)"
"YPD","YMR211W",0.199756572541383,"low (<0.4)"
"YPD","YMR212C",0.288412852969815,"low (<0.4)"
"YPD","CEF1",0.265968841285297,"low (<0.4)"
"YPD","YMR214W",0.27738558909445,"low (<0.4)"
"YPD","YMR215W",0.382497565725414,"low (<0.4)"
"YPD","YMR216C",0.441236611489776,"moderate (0.4–0.7)"
"YPD","YMR217W",0.683592989289192,"moderate (0.4–0.7)"
"YPD","YMR218C",0.0366969127131474,"low (<0.4)"
"YPD","YMR219W",0.372526108340862,"low (<0.4)"
"YPD","YMR220W",0.568889970788705,"moderate (0.4–0.7)"
"YPD","YMR221C",0.294328140214216,"low (<0.4)"
"YPD","YMR222C",0.260345666991237,"low (<0.4)"
"YPD","YMR223W",0.153335889340043,"low (<0.4)"
"YPD","MRE11",0.182720046863884,"low (<0.4)"
"YPD","MRPL44",0.501694874004385,"moderate (0.4–0.7)"
"YPD","YMR226C",0.743768257059396,"high (≥0.7)"
"YPD","TAF7",0.318776017037417,"low (<0.4)"
"YPD","YMR228W",0.123479329842415,"low (<0.4)"
"YPD","YMR229C",0.477093476144109,"moderate (0.4–0.7)"
"YPD","RPS10B",0.67809152872444,"moderate (0.4–0.7)"
"YPD","YMR230W-A",0.272676381436172,"low (<0.4)"
"YPD","PEP5",0.10681094782591,"low (<0.4)"
"YPD","YMR232W",0.16494851739862,"low (<0.4)"
"YPD","YMR233W",0.228627069133398,"low (<0.4)"
"YPD","YMR234W",-0.0462279997215773,"low (<0.4)"
"YPD","YMR235C",0.382424537487829,"low (<0.4)"
"YPD","TAF9",0.589216163583252,"moderate (0.4–0.7)"
"YPD","YMR237W",0.34817429406037,"low (<0.4)"
"YPD","YMR238W",0.599881936975185,"moderate (0.4–0.7)"
"YPD","YMR239C",-0.150678595617138,"low (<0.4)"
"YPD","YMR240C",0.0368674837573821,"low (<0.4)"
"YPD","YMR241W",0.761051606621227,"high (≥0.7)"
"YPD","RPL20A",0.527555988315482,"moderate (0.4–0.7)"
"YPD","ZRC1",0.766139240506329,"high (≥0.7)"
"YPD","YMR244C-A",0.488777994157741,"moderate (0.4–0.7)"
"YPD","YMR246W",0.547663096397274,"moderate (0.4–0.7)"
"YPD","RKR1",0.315019474196689,"low (<0.4)"
"YPD","YMR250W",0.161629855385015,"low (<0.4)"
"YPD","YMR251W-A",0.798247322297955,"high (≥0.7)"
"YPD","YMR252C",0.172453049146853,"low (<0.4)"
"YPD","YMR253C",0.106186601973864,"low (<0.4)"
"YPD","YMR255W",0.106074255198555,"low (<0.4)"
"YPD","YMR256C",0.814070107108082,"high (≥0.7)"
"YPD","YMR257C",0.0801704205574576,"low (<0.4)"
"YPD","YMR258C",0.146252107184471,"low (<0.4)"
"YPD","YMR259C",0.174975657254138,"low (<0.4)"
"YPD","YMR260C",0.454965920155794,"moderate (0.4–0.7)"
"YPD","YMR261C",0.200512417922517,"low (<0.4)"
"YPD","YMR262W",0.0228498387421883,"low (<0.4)"
"YPD","YMR263W",0.207497565725414,"low (<0.4)"
"YPD","CUE1",0.268184031158715,"low (<0.4)"
"YPD","YMR265C",0.491816718410427,"moderate (0.4–0.7)"
"YPD","YMR266W",0.830720545277507,"high (≥0.7)"
"YPD","PPA2",0.533778808303508,"moderate (0.4–0.7)"
"YPD","YMR268C",0.285974294551768,"low (<0.4)"
"YPD","TMA23",0.351584418120058,"low (<0.4)"
"YPD","YMR270C",0.164585311278349,"low (<0.4)"
"YPD","YMR271C",0.039928587577555,"low (<0.4)"
"YPD","SCS7",0.745593962999026,"high (≥0.7)"
"YPD","ZDS1",0.0909201557935735,"low (<0.4)"
"YPD","YMR274C",0.456338751309118,"moderate (0.4–0.7)"
"YPD","BUL1",0.0490749756572541,"low (<0.4)"
"YPD","YMR276W",0.204746835443038,"low (<0.4)"
"YPD","YMR277W",0.524050632911392,"moderate (0.4–0.7)"
"YPD","YMR278W",0.494487907111023,"moderate (0.4–0.7)"
"YPD","CAT8",0.324293815004434,"low (<0.4)"
"YPD","YMR281W",0.115282790525265,"low (<0.4)"
"YPD","AEP2",-0.00332288592088977,"low (<0.4)"
"YPD","RIT1",0.131764312189956,"low (<0.4)"
"YPD","YKU70",0.315100272789487,"low (<0.4)"
"YPD","YMR285C",0.263218111002921,"low (<0.4)"
"YPD","MRPL33",0.724464459591042,"high (≥0.7)"
"YPD","DSS1",0.195495770037721,"low (<0.4)"
"YPD","YMR288W",0.133852709451838,"low (<0.4)"
"YPD","YMR289W",0.570037548924559,"moderate (0.4–0.7)"
"YPD","YMR290C",0.594547224926972,"moderate (0.4–0.7)"
"YPD","YMR291W",0.105646322050201,"low (<0.4)"
"YPD","YMR292W",0.376582278481013,"low (<0.4)"
"YPD","HER2",0.177713941681856,"low (<0.4)"
"YPD","JNM1",0.104806902306323,"low (<0.4)"
"YPD","YMR295C",0.285443037974684,"low (<0.4)"
"YPD","LCB1",0.161927945472249,"low (<0.4)"
"YPD","PRC1",0.751898734177215,"high (≥0.7)"
"YPD","YMR298W",0.551898734177215,"moderate (0.4–0.7)"
"YPD","YMR299C",0.268813348767147,"low (<0.4)"
"YPD","YMR300C",0.237585199610516,"low (<0.4)"
"YPD","YMR301C",0.234507269401065,"low (<0.4)"
"YPD","YME2",0.306531317795735,"low (<0.4)"
"YPD","ADH2",0.744783937350059,"high (≥0.7)"
"YPD","YMR304W",0.1368787507151,"low (<0.4)"
"YPD","YMR305C",0.572151898734177,"moderate (0.4–0.7)"
"YPD","YMR306W",0.311466070763067,"low (<0.4)"
"YPD","GAS1",0.478383641674781,"moderate (0.4–0.7)"
"YPD","PSE1",0.27850535540409,"low (<0.4)"
"YPD","YMR309C",0.549026290165531,"moderate (0.4–0.7)"
"YPD","YMR310C",0.103529698149951,"low (<0.4)"
"YPD","YMR311C",0.410296981499513,"moderate (0.4–0.7)"
"YPD","ELP6",0.207643622200584,"low (<0.4)"
"YPD","YMR313C",0.103372728489879,"low (<0.4)"
"YPD","YMR314W",0.629235637779942,"moderate (0.4–0.7)"
"YPD","YMR315W",0.582111624351239,"moderate (0.4–0.7)"
"YPD","YMR316W",0.656807794606823,"moderate (0.4–0.7)"
"YPD","YMR317W",0.442730564232536,"moderate (0.4–0.7)"
"YPD","ADH6",0.702093476144109,"high (≥0.7)"
"YPD","YMR319C",0.696269248444262,"moderate (0.4–0.7)"
"YPD","YMR321C",0.56986505844729,"moderate (0.4–0.7)"
"YPD","YBL107C",0.555136319376826,"moderate (0.4–0.7)"
"YPD","SRO77",0.0186492672647496,"low (<0.4)"
"YPD","PKC1",0.123831548198637,"low (<0.4)"
"YPD","SEA4",-0.0196932814021422,"low (<0.4)"
"YPD","YBL103C",0.204551960350176,"low (<0.4)"
"YPD","YBL102W",0.483885102239533,"moderate (0.4–0.7)"
"YPD","ECM21",0.35830051968131,"low (<0.4)"
"YPD","YBL099W",0.871567672833496,"high (≥0.7)"
"YPD","YBL098W",0.503572951203709,"moderate (0.4–0.7)"
"YPD","YBL097W",-0.0883835990540837,"low (<0.4)"
"YPD","YBL095W",0.247370983446933,"low (<0.4)"
"YPD","ROX3",0.514118792599805,"moderate (0.4–0.7)"
"YPD","RPL32",0.569961051606621,"moderate (0.4–0.7)"
"YPD","YBL091C-A",0.328423617771061,"low (<0.4)"
"YPD","YBL091C",0.196640701071081,"low (<0.4)"
"YPD","MRP21",0.673490749756573,"moderate (0.4–0.7)"
"YPD","YBL089W",0.152504412673651,"low (<0.4)"
"YPD","YBL088C",0.114168172885347,"low (<0.4)"
"YPD","RPL23A",0.754308666017527,"high (≥0.7)"
"YPD","YBL086C",0.112299095750549,"low (<0.4)"
"YPD","BOI1",0.241236611489776,"low (<0.4)"
"YPD","CDC27",0.114633478399047,"low (<0.4)"
"YPD","ALG3",0.258813649065461,"low (<0.4)"
"YPD","YBL081W",0.0433544303797468,"low (<0.4)"
"YPD","YBL080C",0.164407088107649,"low (<0.4)"
"YPD","NUP170",-0.00671859785783836,"low (<0.4)"
"YPD","ATG8",0.396869067470866,"low (<0.4)"
"YPD","ILS1",0.383617332035054,"low (<0.4)"
"YPD","SSA3",0.0655484279769512,"low (<0.4)"
"YPD","YBL074C",0.0781608570398916,"low (<0.4)"
"YPD","RPS8A",0.662852969814995,"moderate (0.4–0.7)"
"YPD","KTI11",0.659493670886076,"moderate (0.4–0.7)"
"YPD","YBL069W",0.144741966893866,"low (<0.4)"
"YPD","YBL068W",0.431158714703019,"moderate (0.4–0.7)"
"YPD","YBL067C",0.291114897760467,"low (<0.4)"
"YPD","YBL066C",0.165301278149726,"low (<0.4)"
"YPD","YBL064C",0.441114897760467,"moderate (0.4–0.7)"
"YPD","KIP1",0.197315644980658,"low (<0.4)"
"YPD","SKT5",0.192088607594937,"low (<0.4)"
"YPD","YBL060W",0.150372188298163,"low (<0.4)"
"YPD","YBL059C-A",0.480355404089581,"moderate (0.4–0.7)"
"YPD","YBL059W",0.443144545467728,"moderate (0.4–0.7)"
"YPD","SHP1",-0.0707643622200584,"low (<0.4)"
"YPD","YBL057C",0.380209347614411,"low (<0.4)"
"YPD","YBL056W",0.13736611489776,"low (<0.4)"
"YPD","YBL055C",0.454530516868914,"moderate (0.4–0.7)"
"YPD","TOD6",0.221410792426157,"low (<0.4)"
"YPD","SAS3",0.314859025748316,"low (<0.4)"
"YPD","PIN4",0.435759493670886,"moderate (0.4–0.7)"
"YPD","SEC17",0.430647517039922,"moderate (0.4–0.7)"
"YPD","EDE1",0.371226874391431,"low (<0.4)"
"YPD","YBL046W",0.215269452003137,"low (<0.4)"
"YPD","COR1",0.816333982473223,"high (≥0.7)"
"YPD","YBL043W",0.460655355734924,"moderate (0.4–0.7)"
"YPD","YBL042C",0.437512171372931,"moderate (0.4–0.7)"
"YPD","PRE7",0.514508276533593,"moderate (0.4–0.7)"
"YPD","YBL040C",0.493159688412853,"moderate (0.4–0.7)"
"YPD","YBL039W-B",0.562078933848969,"moderate (0.4–0.7)"
"YPD","YBL039C",0.683544303797468,"moderate (0.4–0.7)"
"YPD","MRPL16",0.480087633885102,"moderate (0.4–0.7)"
"YPD","YBL037W",0.207692307692308,"low (<0.4)"
"YPD","YBL036C",0.347784810126582,"low (<0.4)"
"YPD","YBL035C",0.393096229333349,"low (<0.4)"
"YPD","YBL034C",0.186283996376358,"low (<0.4)"
"YPD","YBL033C",0.501634016769372,"moderate (0.4–0.7)"
"YPD","HEK2",0.314946445959104,"low (<0.4)"
"YPD","YBL031W",0.3895688160586,"low (<0.4)"
"YPD","PET9",0.852969814995131,"high (≥0.7)"
"YPD","YBL029C-A",0.525599516979943,"moderate (0.4–0.7)"
"YPD","YBL029W",0.446401065581321,"moderate (0.4–0.7)"
"YPD","YBL028C",0.460223953261928,"moderate (0.4–0.7)"
"YPD","RPL19B",0.598661148977605,"moderate (0.4–0.7)"
"YPD","LSM2",0.0817185978578384,"low (<0.4)"
"YPD","YBL025W",0.0384374296345338,"low (<0.4)"
"YPD","NCL1",0.260710808179163,"low (<0.4)"
"YPD","YBL023C",0.472726830137954,"moderate (0.4–0.7)"
"YPD","PIM1",0.477775073028238,"moderate (0.4–0.7)"
"YPD","YBL021C",0.402994157740993,"moderate (0.4–0.7)"
"YPD","YBL020W",0.302409931840312,"low (<0.4)"
"YPD","APN2",0.179685265412966,"low (<0.4)"
"YPD","YBL018C",0.556158714703019,"moderate (0.4–0.7)"
"YPD","PEP1",0.506986368062317,"moderate (0.4–0.7)"
"YPD","YBL015W",0.476976447843377,"moderate (0.4–0.7)"
"YPD","YBL014C",0.270741667128109,"low (<0.4)"
"YPD","SCT1",0.206767283349562,"low (<0.4)"
"YPD","YBL010C",0.456527296810435,"moderate (0.4–0.7)"
"YPD","YBL009W",0.190909146237385,"low (<0.4)"
"YPD","YBL008W",0.230312325100496,"low (<0.4)"
"YPD","YBL007C",0.203554040895813,"low (<0.4)"
"YPD","LDB7",0.378018500486855,"low (<0.4)"
"YPD","PDR3",0.365115325007353,"low (<0.4)"
"YPD","YBL004W",0.289629990262902,"low (<0.4)"
"YPD","HTA2",0.634591041869523,"moderate (0.4–0.7)"
"YPD","YBL002W",0.57991723466407,"moderate (0.4–0.7)"
"YPD","YBL001C",0.678724440116845,"moderate (0.4–0.7)"
"YPD","YBR001C",0.125472532270194,"low (<0.4)"
"YPD","YBR002C",0.313364167478092,"low (<0.4)"
"YPD","YBR003W",0.180793573515093,"low (<0.4)"
"YPD","GPI18",0.129735453601804,"low (<0.4)"
"YPD","RCR1",0.403213242453749,"moderate (0.4–0.7)"
"YPD","UGA2",0.611001224221459,"moderate (0.4–0.7)"
"YPD","YBR007C",0.268602033240438,"low (<0.4)"
"YPD","YBR008C",0.28145425333804,"low (<0.4)"
"YPD","YBR009C",0.512000973709834,"moderate (0.4–0.7)"
"YPD","HHT1",0.456840311587147,"moderate (0.4–0.7)"
"YPD","IPP1",0.588388510223953,"moderate (0.4–0.7)"
"YPD","YBR014C",0.370803132937325,"low (<0.4)"
"YPD","MNN2",0.227239532619279,"low (<0.4)"
"YPD","YBR016W",0.562901655306719,"moderate (0.4–0.7)"
"YPD","YBR017C",0.126801363193768,"low (<0.4)"
"YPD","YBR020W",0.0972215308106065,"low (<0.4)"
"YPD","YBR021W",0.48069338495459,"moderate (0.4–0.7)"
"YPD","YBR022W",0.197005842259007,"low (<0.4)"
"YPD","CHS3",0.170399221032132,"low (<0.4)"
"YPD","YBR024W",0.382542541475026,"low (<0.4)"
"YPD","YBR025C",0.721811100292113,"high (≥0.7)"
"YPD","ETR1",0.106958461712981,"low (<0.4)"
"YPD","YBR028C",0.0107595591503888,"low (<0.4)"
"YPD","CDS1",0.28565168970642,"low (<0.4)"
"YPD","YBR030W",0.171523162737353,"low (<0.4)"
"YPD","RPL4A",0.68580817916261,"moderate (0.4–0.7)"
"YPD","HMT1",0.54340311587147,"moderate (0.4–0.7)"
"YPD","YBR035C",0.645472249269718,"moderate (0.4–0.7)"
"YPD","CSG2",0.455963972736125,"moderate (0.4–0.7)"
"YPD","SCO1",0.537237766235702,"moderate (0.4–0.7)"
"YPD","YBR038W",0.414023941243921,"moderate (0.4–0.7)"
"YPD","YBR039W",0.812852969814995,"high (≥0.7)"
"YPD","YBR041W",0.0735642256843326,"low (<0.4)"
"YPD","CST26",0.241699123661149,"low (<0.4)"
"YPD","QDR3",0.126644676785258,"low (<0.4)"
"YPD","YBR044C",0.186390750011508,"low (<0.4)"
"YPD","YBR045C",0.379699088131264,"low (<0.4)"
"YPD","YBR046C",0.614586661747065,"moderate (0.4–0.7)"
"YPD","YBR047W",0.505637014778817,"moderate (0.4–0.7)"
"YPD","RPS11B",0.670934761441091,"moderate (0.4–0.7)"
"YPD","REB1",0.121275559883155,"low (<0.4)"
"YPD","YBR052C",0.480769230769231,"moderate (0.4–0.7)"
"YPD","YBR053C",0.436431575175896,"moderate (0.4–0.7)"
"YPD","PRP6",0.117380720545278,"low (<0.4)"
"YPD","YBR056W",0.445976788306955,"moderate (0.4–0.7)"
"YPD","YBR056W-A",0.551695178291486,"moderate (0.4–0.7)"
"YPD","MUM2",0.154646704686625,"low (<0.4)"
"YPD","UBP14",0.213694095026444,"low (<0.4)"
"YPD","YBR058C-A",0.523466407010711,"moderate (0.4–0.7)"
"YPD","YBR059C",0.265690516621988,"low (<0.4)"
"YPD","ORC2",0.427055186474792,"moderate (0.4–0.7)"
"YPD","TRM7",0.163680623174294,"low (<0.4)"
"YPD","YBR062C",0.338424087784879,"low (<0.4)"
"YPD","YBR063C",0.426488767705473,"moderate (0.4–0.7)"
"YPD","ECM2",0.0807883634120766,"low (<0.4)"
"YPD","YBR066C",0.730163933773702,"high (≥0.7)"
"YPD","YBR067C",0.902967453224047,"high (≥0.7)"
"YPD","YBR068C",0.720861733203505,"high (≥0.7)"
"YPD","TAT1",0.839461994129698,"high (≥0.7)"
"YPD","YBR070C",0.54611845484669,"moderate (0.4–0.7)"
"YPD","YBR071W",0.264952895718613,"low (<0.4)"
"YPD","YBR072W",0.492391155517471,"moderate (0.4–0.7)"
"YPD","RDH54",0.22720771428683,"low (<0.4)"
"YPD","YBR074W",0.224975657254138,"low (<0.4)"
"YPD","SLM4",0.275973709834469,"low (<0.4)"
"YPD","YBR078W",0.635832521908471,"moderate (0.4–0.7)"
"YPD","RPG1",0.509566699123661,"moderate (0.4–0.7)"
"YPD","SEC18",0.217526777020448,"low (<0.4)"
"YPD","SPT7",0.279680615482465,"low (<0.4)"
"YPD","YBR082C",0.475632911392405,"moderate (0.4–0.7)"
"YPD","TEC1",0.46486204344787,"moderate (0.4–0.7)"
"YPD","YBR084W",0.31755111976631,"low (<0.4)"
"YPD","RPL19A",0.547857838364168,"moderate (0.4–0.7)"
"YPD","AAC3",0.712823323089977,"high (≥0.7)"
"YPD","YBR085C-A",0.47429406037001,"moderate (0.4–0.7)"
"YPD","YBR086C",0.387852969814995,"low (<0.4)"
"YPD","YBR087W",0.0271665043816943,"low (<0.4)"
"YPD","POL30",0.33960564751704,"low (<0.4)"
"YPD","NHP6B",0.569255111976631,"moderate (0.4–0.7)"
"YPD","YBR090C",0.127655819410169,"low (<0.4)"
"YPD","TIM12",0.465579357351509,"moderate (0.4–0.7)"
"YPD","PHO3",0.847370983446933,"high (≥0.7)"
"YPD","PHO5",0.765355228894779,"high (≥0.7)"
"YPD","YBR094W",0.169965189076384,"low (<0.4)"
"YPD","RXT2",0.217260033080161,"low (<0.4)"
"YPD","YBR096W",0.535296981499513,"moderate (0.4–0.7)"
"YPD","VPS15",0.0486551960355993,"low (<0.4)"
"YPD","MMS4",0.191077619616855,"low (<0.4)"
"YPD","YBR101C",0.35421129503408,"low (<0.4)"
"YPD","EXO84",0.457292395779592,"moderate (0.4–0.7)"
"YPD","SIF2",0.234994127281173,"low (<0.4)"
"YPD","YBR104W",0.505598831548199,"moderate (0.4–0.7)"
"YPD","VID24",0.628983866758646,"moderate (0.4–0.7)"
"YPD","YBR106W",0.667648490749757,"moderate (0.4–0.7)"
"YPD","IML3",0.418752249835589,"moderate (0.4–0.7)"
"YPD","YBR108W",0.202215325065636,"low (<0.4)"
"YPD","CMD1",0.723612463485881,"high (≥0.7)"
"YPD","YBR110W",0.445764362220058,"moderate (0.4–0.7)"
"YPD","YSA1",0.501411879259981,"moderate (0.4–0.7)"
"YPD","YBR111W-A",0.103201699135913,"low (<0.4)"
"YPD","CYC8",0.315124516269519,"low (<0.4)"
"YPD","RAD16",0.271868058347963,"low (<0.4)"
"YPD","YBR115C",0.753432327166504,"high (≥0.7)"
"YPD","YBR117C",0.528382626553062,"moderate (0.4–0.7)"
"YPD","TEF2",0.493865628042843,"moderate (0.4–0.7)"
"YPD","MUD1",0.335386490616318,"low (<0.4)"
"YPD","YBR120C",0.550628493489336,"moderate (0.4–0.7)"
"YPD","GRS1",0.792259006815969,"high (≥0.7)"
"YPD","MRPL36",0.727629016553067,"high (≥0.7)"
"YPD","TFC1",0.0637662108471573,"low (<0.4)"
"YPD","PTC4",0.25661686399311,"low (<0.4)"
"YPD","TPS1",0.534518013631938,"moderate (0.4–0.7)"
"YPD","YBR126W-A",0.639922103213242,"moderate (0.4–0.7)"
"YPD","VMA2",0.539094449853944,"moderate (0.4–0.7)"
"YPD","ATG14",0.263596377826559,"low (<0.4)"
"YPD","YBR129C",0.164406574559524,"low (<0.4)"
"YPD","YBR130C",0.311173320350536,"low (<0.4)"
"YPD","CCZ1",0.0527911797251251,"low (<0.4)"
"YPD","YBR132C",0.131783618934511,"low (<0.4)"
"YPD","YBR133C",-0.000438169425511198,"low (<0.4)"
"YPD","YBR135W",0.408812074001947,"moderate (0.4–0.7)"
"YPD","MEC1",0.0623995718009833,"low (<0.4)"
"YPD","YBR137W",0.564556962025316,"moderate (0.4–0.7)"
"YPD","YBR138C",0.198513280164387,"low (<0.4)"
"YPD","YBR139W",0.444558046822245,"moderate (0.4–0.7)"
"YPD","IRA1",0.185053554040896,"low (<0.4)"
"YPD","YBR141C",0.131373312722891,"low (<0.4)"
"YPD","YBR142W",0.166455696202532,"low (<0.4)"
"YPD","SUP45",0.581158714703019,"moderate (0.4–0.7)"
"YPD","YBR145W",0.53171400093845,"moderate (0.4–0.7)"
"YPD","YBR146W",0.625389483933788,"moderate (0.4–0.7)"
"YPD","YBR149W",0.699756572541383,"moderate (0.4–0.7)"
"YPD","YBR150C",0.35128358087035,"low (<0.4)"
"YPD","YBR151W",0.52514605647517,"moderate (0.4–0.7)"
"YPD","YBR152W",0.00714518056388551,"low (<0.4)"
"YPD","YBR153W",0.407716650438169,"moderate (0.4–0.7)"
"YPD","RPB5",0.381207400194742,"low (<0.4)"
"YPD","YBR155W",0.427580331061344,"moderate (0.4–0.7)"
"YPD","YBR156C",0.368441872218801,"low (<0.4)"
"YPD","AMN1",0.24166687474286,"low (<0.4)"
"YPD","YBR159W",0.442161635832522,"moderate (0.4–0.7)"
"YPD","CDC28",0.405185004868549,"moderate (0.4–0.7)"
"YPD","YBR161W",0.312769326723856,"low (<0.4)"
"YPD","YBR162C",0.865433300876339,"high (≥0.7)"
"YPD","YBR162W-A",0.476947419668939,"moderate (0.4–0.7)"
"YPD","EXO5",0.192949037841259,"low (<0.4)"
"YPD","ARL1",0.437536514118793,"moderate (0.4–0.7)"
"YPD","YBR165W",0.298784535074752,"low (<0.4)"
"YPD","YBR166C",0.391358325219085,"low (<0.4)"
"YPD","POP7",0.366066212268744,"low (<0.4)"
"YPD","YBR168W",0.246181024410937,"low (<0.4)"
"YPD","YBR169C",0.431718597857838,"moderate (0.4–0.7)"
"YPD","NPL4",0.457731607430625,"moderate (0.4–0.7)"
"YPD","SEC66",0.475949367088608,"moderate (0.4–0.7)"
"YPD","YBR172C",0.33580817916261,"low (<0.4)"
"YPD","UMP1",0.598539435248296,"moderate (0.4–0.7)"
"YPD","SWD3",0.393809564381261,"low (<0.4)"
"YPD","YBR176W",0.403006512827193,"moderate (0.4–0.7)"
"YPD","YBR177C",0.76587147030185,"high (≥0.7)"
"YPD","YBR179C",0.208569691137485,"low (<0.4)"
"YPD","RPS6B",0.864678675754625,"high (≥0.7)"
"YPD","YBR182C",0.498235504353231,"moderate (0.4–0.7)"
"YPD","YPC1",0.683790235506211,"moderate (0.4–0.7)"
"YPD","YBR184W",0.174149969554905,"low (<0.4)"
"YPD","YBR185C",0.452080138404113,"moderate (0.4–0.7)"
"YPD","YBR187W",0.534604055758588,"moderate (0.4–0.7)"
"YPD","YBR188C",0.544997535949551,"moderate (0.4–0.7)"
"YPD","RPS9B",0.664143135345667,"moderate (0.4–0.7)"
"YPD","RPL21A",0.748101265822785,"high (≥0.7)"
"YPD","RIM2",0.333033106134372,"low (<0.4)"
"YPD","YBR193C",0.181316748255174,"low (<0.4)"
"YPD","AIM4",0.276130714753949,"low (<0.4)"
"YPD","MSI1",0.0733464787578264,"low (<0.4)"
"YPD","PGI1",0.719036027263875,"high (≥0.7)"
"YPD","YBR196C-A",0.222294030981813,"low (<0.4)"
"YPD","TAF5",0.326144109055502,"low (<0.4)"
"YPD","YBR199W",0.469839337877313,"moderate (0.4–0.7)"
"YPD","BEM1",0.0514880409936581,"low (<0.4)"
"YPD","YBR201W",0.430666230061436,"moderate (0.4–0.7)"
"YPD","YBR201C-A",0.27697335342477,"low (<0.4)"
"YPD","MCM7",0.464703018500487,"moderate (0.4–0.7)"
"YPD","YBR203W",0.54972455361887,"moderate (0.4–0.7)"
"YPD","YBR204C",0.204951826565656,"low (<0.4)"
"YPD","YBR205W",0.308714703018501,"low (<0.4)"
"YPD","YBR207W",0.471667914248719,"moderate (0.4–0.7)"
"YPD","DUR1,2",0.657124078190762,"moderate (0.4–0.7)"
"YPD","YBR210W",0.544940025204987,"moderate (0.4–0.7)"
"YPD","AME1",0.330325432536106,"low (<0.4)"
"YPD","NGR1",0.370520934761441,"low (<0.4)"
"YPD","YBR213W",0.445073302547814,"moderate (0.4–0.7)"
"YPD","YBR214W",0.428120188824264,"moderate (0.4–0.7)"
"YPD","YBR215W",0.0163830667786316,"low (<0.4)"
"YPD","YBR216C",0.144060370009737,"low (<0.4)"
"YPD","ATG12",0.165452166397669,"low (<0.4)"
"YPD","YBR218C",0.676728334956183,"moderate (0.4–0.7)"
"YPD","YBR219C",0.386836218749269,"low (<0.4)"
"YPD","YBR220C",0.110245379817569,"low (<0.4)"
"YPD","YBR221C",0.338291139240506,"low (<0.4)"
"YPD","PCS60",0.520691333982473,"moderate (0.4–0.7)"
"YPD","YBR223C",0.170013898876611,"low (<0.4)"
"YPD","YBR225W",0.139543263526662,"low (<0.4)"
"YPD","YBR227C",0.287505325832199,"low (<0.4)"
"YPD","YBR228W",0.331744959505653,"low (<0.4)"
"YPD","ROT2",0.299239243448721,"low (<0.4)"
"YPD","YBR230C",0.510811287809409,"moderate (0.4–0.7)"
"YPD","YBR230W-A",0.18009640196699,"low (<0.4)"
"YPD","LSR1",0.282544126597687,"low (<0.4)"
"YPD","SWC5",0.430877931815139,"moderate (0.4–0.7)"
"YPD","PBP2",0.124701616735917,"low (<0.4)"
"YPD","YBR233W-A",0.106493822849531,"low (<0.4)"
"YPD","YBR234C",0.705647517039922,"high (≥0.7)"
"YPD","YBR235W",0.263321892042286,"low (<0.4)"
"YPD","YBR236C",0.342419318527023,"low (<0.4)"
"YPD","PRP5",0.136035542823906,"low (<0.4)"
"YPD","YBR238C",0.245219402803365,"low (<0.4)"
"YPD","YBR239C",0.0182088171625802,"low (<0.4)"
"YPD","YBR241C",0.207847077237074,"low (<0.4)"
"YPD","YBR242W",0.445618305744888,"moderate (0.4–0.7)"
"YPD","ALG7",0.220034079844206,"low (<0.4)"
"YPD","GPX2",0.738534566699124,"high (≥0.7)"
"YPD","ISW1",0.301533592989289,"low (<0.4)"
"YPD","RRT2",0.370496592015579,"low (<0.4)"
"YPD","ENP1",0.30730282375852,"low (<0.4)"
"YPD","YBR248C",0.580769230769231,"moderate (0.4–0.7)"
"YPD","YBR249C",0.859980525803311,"high (≥0.7)"
"YPD","YBR250W",0.0884299303366009,"low (<0.4)"
"YPD","YBR251W",0.361343719571568,"low (<0.4)"
"YPD","YBR252W",0.382035053554041,"low (<0.4)"
"YPD","SRB6",0.457329949679535,"moderate (0.4–0.7)"
"YPD","YBR254C",0.367662899610628,"low (<0.4)"
"YPD","YBR255W",0.229362934900843,"low (<0.4)"
"YPD","YBR255C-A",0.620950711736862,"moderate (0.4–0.7)"
"YPD","YBR256C",0.608519961051607,"moderate (0.4–0.7)"
"YPD","YBR257W",0.442342803023054,"moderate (0.4–0.7)"
"YPD","SHG1",0.192423064706876,"low (<0.4)"
"YPD","YBR259W",0.166207044189755,"low (<0.4)"
"YPD","YBR260C",-0.132194085896349,"low (<0.4)"
"YPD","TAE1",0.417185978578384,"moderate (0.4–0.7)"
"YPD","AIM5",0.589791807409944,"moderate (0.4–0.7)"
"YPD","SHM1",0.509931840311587,"moderate (0.4–0.7)"
"YPD","YBR264C",0.401606621226874,"moderate (0.4–0.7)"
"YPD","YBR265W",0.412682570593963,"moderate (0.4–0.7)"
"YPD","YBR267W",0.285126582278481,"low (<0.4)"
"YPD","MRPL37",0.625876338851022,"moderate (0.4–0.7)"
"YPD","YBR269C",0.309415130510352,"low (<0.4)"
"YPD","YBR270C",-0.0235641457606211,"low (<0.4)"
"YPD","YBR271W",0.492882746374429,"moderate (0.4–0.7)"
"YPD","YBR272C",0.298632455152237,"low (<0.4)"
"YPD","UBX7",-0.119063268371898,"low (<0.4)"
"YPD","YBR274W",0.174669831739715,"low (<0.4)"
"YPD","YBR275C",0.230137719927095,"low (<0.4)"
"YPD","YBR276C",0.0625121713729309,"low (<0.4)"
"YPD","YBR278W",0.276790876288453,"low (<0.4)"
"YPD","YBR279W",0.460259500124203,"moderate (0.4–0.7)"
"YPD","YBR280C",0.179081223713828,"low (<0.4)"
"YPD","YBR281C",0.379526505480439,"low (<0.4)"
"YPD","MRPL27",0.514581304771178,"moderate (0.4–0.7)"
"YPD","YBR283C",0.364776046738072,"low (<0.4)"
"YPD","YBR284W",-0.0158567186714867,"low (<0.4)"
"YPD","APE3",0.634518013631938,"moderate (0.4–0.7)"
"YPD","YBR287W",0.278627069133398,"low (<0.4)"
"YPD","APM3",0.376509250243427,"low (<0.4)"
"YPD","SNF5",0.156317893855705,"low (<0.4)"
"YPD","YBR290W",0.372647825033125,"low (<0.4)"
"YPD","YBR291C",0.820983446932814,"high (≥0.7)"
"YPD","YBR293W",0.00672980895328617,"low (<0.4)"
"YPD","PCA1",0.517783563007577,"moderate (0.4–0.7)"
"YPD","PHO89",0.175023048746393,"low (<0.4)"
"YPD","MAL33",0.88223978308132,"high (≥0.7)"
"YPD","MAL31",0.560606339658125,"moderate (0.4–0.7)"
"YPD","MAL32",0.386010926881646,"low (<0.4)"
"YPD","YNL336W",0.873148885986606,"high (≥0.7)"
"YPD","YNL331C",0.31639807196066,"low (<0.4)"
"YPD","RPD3",0.278554040895813,"low (<0.4)"
"YPD","PEX6",0.432157073066982,"moderate (0.4–0.7)"
"YPD","YNL328C",0.0692430707818791,"low (<0.4)"
"YPD","YNL327W",0.309817668486842,"low (<0.4)"
"YPD","YNL326C",0.288063790173896,"low (<0.4)"
"YPD","YNL325C",0.162465003043214,"low (<0.4)"
"YPD","LEM3",0.106889647577731,"low (<0.4)"
"YPD","YNL322C",0.375535540408958,"low (<0.4)"
"YPD","YNL321W",0.357098083612282,"low (<0.4)"
"YPD","YNL320W",-0.079065719729554,"low (<0.4)"
"YPD","YNL317W",0.347662027555971,"low (<0.4)"
"YPD","YNL316C",0.284547502200649,"low (<0.4)"
"YPD","YNL315C",0.621729684345035,"moderate (0.4–0.7)"
"YPD","YNL314W",0.265342389133856,"low (<0.4)"
"YPD","YNL313C",0.504138266796495,"moderate (0.4–0.7)"
"YPD","RFA2",0.337390457643622,"low (<0.4)"
"YPD","YNL311C",0.14624349574905,"low (<0.4)"
"YPD","ZIM17",0.27064264849075,"low (<0.4)"
"YPD","YNL309W",0.0692836712378018,"low (<0.4)"
"YPD","YNL308C",0.342648490749757,"low (<0.4)"
"YPD","MCK1",0.104503407984421,"low (<0.4)"
"YPD","MRPS18",0.599707887049659,"moderate (0.4–0.7)"
"YPD","BXI1",0.286691496956827,"low (<0.4)"
"YPD","YNL304W",0.218892271859126,"low (<0.4)"
"YPD","RPS19B",0.730209347614411,"high (≥0.7)"
"YPD","RPL18B",0.83398247322298,"high (≥0.7)"
"YPD","YNL300W",0.405574488802337,"moderate (0.4–0.7)"
"YPD","YNL299W",0.010710873362378,"low (<0.4)"
"YPD","CLA4",-0.022809152872444,"low (<0.4)"
"YPD","MON2",0.0752195424767001,"low (<0.4)"
"YPD","YNL295W",0.0514618174888964,"low (<0.4)"
"YPD","RIM21",0.205141313140459,"low (<0.4)"
"YPD","MSB3",0.150917445176235,"low (<0.4)"
"YPD","YNL292W",0.226509250243427,"low (<0.4)"
"YPD","YNL291C",0.188324650664589,"low (<0.4)"
"YPD","YNL290W",0.342356377799416,"low (<0.4)"
"YPD","PCL1",0.371342324358537,"low (<0.4)"
"YPD","YNL288W",0.25912852969815,"low (<0.4)"
"YPD","YNL287W",0.225900681596884,"low (<0.4)"
"YPD","YNL286W",0.206918376847502,"low (<0.4)"
"YPD","MRPL10",0.495317035774969,"moderate (0.4–0.7)"
"YPD","WSC2",0.323772661718883,"low (<0.4)"
"YPD","YNL282W",0.246010590194521,"low (<0.4)"
"YPD","YNL281W",0.702872444011685,"high (≥0.7)"
"YPD","YNL280C",0.542745861733204,"moderate (0.4–0.7)"
"YPD","YNL278W",0.14498627669619,"low (<0.4)"
"YPD","YNL277W",0.688883953089806,"moderate (0.4–0.7)"
"YPD","YNL275W",0.319830052991279,"low (<0.4)"
"YPD","YNL274C",0.47839108910863,"moderate (0.4–0.7)"
"YPD","YNL273W",0.163437195715677,"low (<0.4)"
"YPD","YNL272C",0.204224709258342,"low (<0.4)"
"YPD","BNI1",0.27794547224927,"low (<0.4)"
"YPD","YNL268W",0.674902629016553,"moderate (0.4–0.7)"
"YPD","PIK1",0.257497565725414,"low (<0.4)"
"YPD","YNL265C",0.278658195267454,"low (<0.4)"
"YPD","PDR17",0.479372440201429,"moderate (0.4–0.7)"
"YPD","YNL263C",0.180744888023369,"low (<0.4)"
"YPD","POL2",0.433714703018501,"moderate (0.4–0.7)"
"YPD","YNL261W",0.30833840764051,"low (<0.4)"
"YPD","YNL260C",0.280485801552954,"low (<0.4)"
"YPD","YNL259C",0.557330558253737,"moderate (0.4–0.7)"
"YPD","DSL1",0.284524939834542,"low (<0.4)"
"YPD","YNL257C",0.0561600818102574,"low (<0.4)"
"YPD","YNL256W",0.424537487828627,"moderate (0.4–0.7)"
"YPD","YNL255C",0.499926971762415,"moderate (0.4–0.7)"
"YPD","YNL254C",0.263498103951009,"low (<0.4)"
"YPD","YNL253W",0.191795995729804,"low (<0.4)"
"YPD","MRPL17",0.614337877312561,"moderate (0.4–0.7)"
"YPD","YNL251C",0.355574488802337,"low (<0.4)"
"YPD","YNL250W",0.11531648198333,"low (<0.4)"
"YPD","YNL249C",0.00753504286866049,"low (<0.4)"
"YPD","RPA49",0.242405063291139,"low (<0.4)"
"YPD","YNL247W",0.0951071080817916,"low (<0.4)"
"YPD","YNL246W",0.124902629016553,"low (<0.4)"
"YPD","YNL245C",0.123175043667347,"low (<0.4)"
"YPD","SUI1",0.778407984420643,"high (≥0.7)"
"YPD","SLA2",0.333373904576436,"low (<0.4)"
"YPD","ATG2",0.247503560953505,"low (<0.4)"
"YPD","ZWF1",0.519303797468354,"moderate (0.4–0.7)"
"YPD","YNL240C",0.286302003541585,"low (<0.4)"
"YPD","LAP3",0.624610516066212,"moderate (0.4–0.7)"
"YPD","KEX2",0.110492395890531,"low (<0.4)"
"YPD","YNL237W",0.146096778105788,"low (<0.4)"
"YPD","SIN4",-0.0309639727361246,"low (<0.4)"
"YPD","YNL234W",0.178443149934831,"low (<0.4)"
"YPD","YNL233W",0.0992453748782863,"low (<0.4)"
"YPD","CSL4",0.405087633885102,"moderate (0.4–0.7)"
"YPD","PDR16",0.432400194741967,"moderate (0.4–0.7)"
"YPD","YNL230C",0.186119520523991,"low (<0.4)"
"YPD","URE2",0.136903602726388,"low (<0.4)"
"YPD","YNL227C",0.215043816942551,"low (<0.4)"
"YPD","YNL225C",0.2414206512986,"low (<0.4)"
"YPD","SQS1",0.379274460051206,"low (<0.4)"
"YPD","ATG4",-0.113555838709808,"low (<0.4)"
"YPD","YNL222W",0.133012001305265,"low (<0.4)"
"YPD","SNR19",0.160439575537572,"low (<0.4)"
"YPD","YNL221C",0.184055501460565,"low (<0.4)"
"YPD","ADE12",0.770618305744888,"high (≥0.7)"
"YPD","YNL219C",0.159104186952288,"low (<0.4)"
"YPD","YNL218W",0.159166433468266,"low (<0.4)"
"YPD","YNL217W",0.440874153331882,"moderate (0.4–0.7)"
"YPD","RAP1",0.308739045764362,"low (<0.4)"
"YPD","YNL215W",0.112768456480037,"low (<0.4)"
"YPD","PEX17",0.145281043885399,"low (<0.4)"
"YPD","YNL213C",0.104673807205453,"low (<0.4)"
"YPD","YNL212W",0.250316455696203,"low (<0.4)"
"YPD","YNL211C",0.402680152637402,"moderate (0.4–0.7)"
"YPD","SSB2",0.0225900681596884,"low (<0.4)"
"YPD","YNL208W",0.740506329113924,"high (≥0.7)"
"YPD","YNL207W",0.343476144109056,"low (<0.4)"
"YPD","YNL206C",0.0592745861733204,"low (<0.4)"
"YPD","SPS18",0.152706240487062,"low (<0.4)"
"YPD","YNL201C",0.0946468999038928,"low (<0.4)"
"YPD","YNL200C",0.48294002767448,"moderate (0.4–0.7)"
"YPD","YNL199C",0.130355404089581,"low (<0.4)"
"YPD","YNL197C",0.234591041869523,"low (<0.4)"
"YPD","YNL195C",0.360098713525123,"low (<0.4)"
"YPD","YNL193W",0.270839038704131,"low (<0.4)"
"YPD","CHS1",0.351462703650031,"low (<0.4)"
"YPD","YNL191W",0.305866601752678,"low (<0.4)"
"YPD","YNL190W",0.620204479065239,"moderate (0.4–0.7)"
"YPD","SRP1",0.232181110029211,"low (<0.4)"
"YPD","YNL188W",0.111679143290027,"low (<0.4)"
"YPD","YNL187W",0.393394756595257,"low (<0.4)"
"YPD","UBP10",0.498076923076923,"moderate (0.4–0.7)"
"YPD","MRPL19",0.642506344378648,"moderate (0.4–0.7)"
"YPD","YNL183C",0.169911569310756,"low (<0.4)"
"YPD","YNL182C",0.282229795520935,"low (<0.4)"
"YPD","YNL181W",0.515287244401168,"moderate (0.4–0.7)"
"YPD","RHO5",0.363981596543983,"low (<0.4)"
"YPD","RPS3",0.742799067680915,"high (≥0.7)"
"YPD","MRPL22",0.563558909444985,"moderate (0.4–0.7)"
"YPD","YNL176C",0.299601991260848,"low (<0.4)"
"YPD","YNL175C",0.315238558909445,"low (<0.4)"
"YPD","YNL173C",0.355820685556187,"low (<0.4)"
"YPD","YNL172W",-0.00759632358823948,"low (<0.4)"
"YPD","YNL169C",0.43398247322298,"moderate (0.4–0.7)"
"YPD","YNL168C",0.52809152872444,"moderate (0.4–0.7)"
"YPD","SKO1",0.1594459557354,"low (<0.4)"
"YPD","YNL166C",0.275101941961623,"low (<0.4)"
"YPD","YNL165W",0.0531402142161636,"low (<0.4)"
"YPD","YNL164C",0.0479076900748099,"low (<0.4)"
"YPD","RIA1",0.142429406037001,"low (<0.4)"
"YPD","YNL162W-A",0.189337877312561,"low (<0.4)"
"YPD","RPL42A",0.564727361246349,"moderate (0.4–0.7)"
"YPD","YNL161W",0.0214831269244338,"low (<0.4)"
"YPD","YNL160W",0.442221889156827,"moderate (0.4–0.7)"
"YPD","YNL159C",0.292172856699073,"low (<0.4)"
"YPD","YNL157W",0.336757546251217,"low (<0.4)"
"YPD","YNL156C",0.369547224926972,"low (<0.4)"
"YPD","YNL155W",0.489868227935384,"moderate (0.4–0.7)"
"YPD","YNL154C",0.254941577409932,"low (<0.4)"
"YPD","GIM3",0.542502434274586,"moderate (0.4–0.7)"
"YPD","YNL152W",0.0245137418218159,"low (<0.4)"
"YPD","RPC31",0.54016553067186,"moderate (0.4–0.7)"
"YPD","YNL149C",0.715433300876339,"high (≥0.7)"
"YPD","YNL148C",0.703619854635318,"high (≥0.7)"
"YPD","YNL147W",0.26207400194742,"low (<0.4)"
"YPD","YNL146W",0.362921487777109,"low (<0.4)"
"YPD","YNL144C",0.233472261465479,"low (<0.4)"
"YPD","YNL143C",0.169627545031399,"low (<0.4)"
"YPD","YNL142W",0.704370547481703,"high (≥0.7)"
"YPD","YNL141W",0.765798442064265,"high (≥0.7)"
"YPD","YNL140C",-0.103658560814544,"low (<0.4)"
"YPD","THO2",0.0819916626940234,"low (<0.4)"
"YPD","YSF3",0.252119353213975,"low (<0.4)"
"YPD","SRV2",0.265993184031159,"low (<0.4)"
"YPD","NAM9",0.545009737098345,"moderate (0.4–0.7)"
"YPD","YNL136W",0.0725579698258146,"low (<0.4)"
"YPD","FPR1",0.530111976630964,"moderate (0.4–0.7)"
"YPD","YNL134C",0.503703252982349,"moderate (0.4–0.7)"
"YPD","YNL133C",0.411617588992191,"moderate (0.4–0.7)"
"YPD","YNL132W",0.221056475170399,"low (<0.4)"
"YPD","TOM22",0.412901655306719,"moderate (0.4–0.7)"
"YPD","YNL130C",0.522078870496592,"moderate (0.4–0.7)"
"YPD","YNL129W",0.25701696738305,"low (<0.4)"
"YPD","YNL128W",-0.0260312389639395,"low (<0.4)"
"YPD","YNL127W",0.0630435977654163,"low (<0.4)"
"YPD","YNL126W",0.182812975811761,"low (<0.4)"
"YPD","ESBP6",0.448926432640343,"moderate (0.4–0.7)"
"YPD","YNL124W",0.235443037974684,"low (<0.4)"
"YPD","NMA111",0.249683544303797,"low (<0.4)"
"YPD","YNL122C",0.524878286270691,"moderate (0.4–0.7)"
"YPD","TOM70",0.535613437195716,"moderate (0.4–0.7)"
"YPD","NCS2",0.0822541382667965,"low (<0.4)"
"YPD","DCP2",0.177580331061344,"low (<0.4)"
"YPD","DMA2",0.189824732229796,"low (<0.4)"
"YPD","YNL115C",0.18336784067499,"low (<0.4)"
"YPD","RPC19",0.683909444985394,"moderate (0.4–0.7)"
"YPD","YNL112W",0.429795520934761,"moderate (0.4–0.7)"
"YPD","YNL111C",0.686562804284323,"moderate (0.4–0.7)"
"YPD","YNL110C",0.35730282375852,"low (<0.4)"
"YPD","YNL108C",0.527206226922049,"moderate (0.4–0.7)"
"YPD","YNL107W",0.277781835083159,"low (<0.4)"
"YPD","INP52",0.0706473779124311,"low (<0.4)"
"YPD","YNL104C",0.627069133398247,"moderate (0.4–0.7)"
"YPD","YNL103W",0.398573393811939,"low (<0.4)"
"YPD","POL1",0.379530060438262,"low (<0.4)"
"YPD","YNL101W",0.299685368100536,"low (<0.4)"
"YPD","AIM37",0.398612463485881,"low (<0.4)"
"YPD","YNL099C",0.33047711781889,"low (<0.4)"
"YPD","RAS2",0.791455696202532,"high (≥0.7)"
"YPD","YNL097C-B",0.635410390776073,"moderate (0.4–0.7)"
"YPD","YNL097C",0.170835615921038,"low (<0.4)"
"YPD","RPS7B",0.614800389483934,"moderate (0.4–0.7)"
"YPD","YNL095C",0.239078305273036,"low (<0.4)"
"YPD","YNL094W",0.152218895344404,"low (<0.4)"
"YPD","YNL092W",0.0475959433951477,"low (<0.4)"
"YPD","YNL091W",0.117575462512171,"low (<0.4)"
"YPD","YNL090W",0.27246835443038,"low (<0.4)"
"YPD","TOP2",0.448588120740019,"moderate (0.4–0.7)"
"YPD","YNL087W",0.502020447906524,"moderate (0.4–0.7)"
"YPD","SNN1",0.449397173074941,"moderate (0.4–0.7)"
"YPD","YNL085W",0.256499513145083,"low (<0.4)"
"YPD","YNL084C",0.15688899707887,"low (<0.4)"
"YPD","YNL083W",0.255118687221864,"low (<0.4)"
"YPD","YNL082W",0.212270035727128,"low (<0.4)"
"YPD","YNL081C",0.62935735150925,"moderate (0.4–0.7)"
"YPD","YNL080C",0.206415569718828,"low (<0.4)"
"YPD","TPM1",0.429406037000974,"moderate (0.4–0.7)"
"YPD","NIS1",0.392200062666513,"low (<0.4)"
"YPD","YNL077W",0.059796701066398,"low (<0.4)"
"YPD","MKS1",0.194206426484908,"low (<0.4)"
"YPD","YNL075W",0.308081791626095,"low (<0.4)"
"YPD","MLF3",0.422166639288729,"moderate (0.4–0.7)"
"YPD","YNL073W",0.271915090516071,"low (<0.4)"
"YPD","RNH201",0.324459863056016,"low (<0.4)"
"YPD","LAT1",0.358349561830574,"low (<0.4)"
"YPD","TOM7",0.583446932814021,"moderate (0.4–0.7)"
"YPD","RPL16B",0.487755598831548,"moderate (0.4–0.7)"
"YPD","YNL068C",0.187735826146816,"low (<0.4)"
"YPD","RPL9B",0.862999026290166,"high (≥0.7)"
"YPD","SUN4",0.409323271665044,"moderate (0.4–0.7)"
"YPD","YNL065W",0.617615735258122,"moderate (0.4–0.7)"
"YPD","YDJ1",0.4615141187926,"moderate (0.4–0.7)"
"YPD","YNL063W",0.377635488960223,"low (<0.4)"
"YPD","GCD10",0.344230769230769,"low (<0.4)"
"YPD","NOP2",0.541066212268744,"moderate (0.4–0.7)"
"YPD","YNL059C",0.340652385589094,"low (<0.4)"
"YPD","YNL058C",0.497395326192795,"moderate (0.4–0.7)"
"YPD","YNL056W",0.702353349290935,"high (≥0.7)"
"YPD","POR1",0.717039922103213,"high (≥0.7)"
"YPD","YNL054W",0.0365650295850943,"low (<0.4)"
"YPD","YNL053W",0.0992453748782863,"low (<0.4)"
"YPD","YNL052W",0.901192794547225,"high (≥0.7)"
"YPD","COG5",0.00649967136685683,"low (<0.4)"
"YPD","YNL050C",0.0692958433515119,"low (<0.4)"
"YPD","SFB2",0.274415774099318,"low (<0.4)"
"YPD","YNL048W",0.156746756296596,"low (<0.4)"
"YPD","SLM2",0.35546561168594,"low (<0.4)"
"YPD","YNL046W",0.532115232500413,"moderate (0.4–0.7)"
"YPD","YNL045W",0.67724365412436,"moderate (0.4–0.7)"
"YPD","YNL044W",0.508471275559883,"moderate (0.4–0.7)"
"YPD","YNL042W",0.268192333088659,"low (<0.4)"
"YPD","COG6",0.123612463485881,"low (<0.4)"
"YPD","YNL040W",0.804766425906068,"high (≥0.7)"
"YPD","BDP1",-0.169596942535654,"low (<0.4)"
"YPD","YNL038W",-0.0515335929892892,"low (<0.4)"
"YPD","YNL037C",0.575657254138267,"moderate (0.4–0.7)"
"YPD","NCE103",0.726088756027112,"high (≥0.7)"
"YPD","YNL035C",0.203828362751065,"low (<0.4)"
"YPD","YNL034W",0.488607998584867,"moderate (0.4–0.7)"
"YPD","SIW14",0.318332024908675,"low (<0.4)"
"YPD","YNL031C",0.579138266796495,"moderate (0.4–0.7)"
"YPD","YNL030W",0.595764362220058,"moderate (0.4–0.7)"
"YPD","YNL029C",0.229214852580766,"low (<0.4)"
"YPD","CRZ1",0.0873037133674592,"low (<0.4)"
"YPD","SAM50",0.0647886123953842,"low (<0.4)"
"YPD","SSN8",0.024735842742801,"low (<0.4)"
"YPD","YNL024C-A",0.760832521908471,"high (≥0.7)"
"YPD","YNL024C",0.112676830345199,"low (<0.4)"
"YPD","YNL023C",0.21769717624148,"low (<0.4)"
"YPD","YNL022C",0.128578383641675,"low (<0.4)"
"YPD","YNL021W",0.20984393330022,"low (<0.4)"
"YPD","YNL020C",0.361223469707583,"low (<0.4)"
"YPD","PUB1",0.353627069133398,"low (<0.4)"
"YPD","PBI2",0.567237937582161,"moderate (0.4–0.7)"
"YPD","HEF3",0.285238450927173,"low (<0.4)"
"YPD","YNL012W",0.395102323230227,"low (<0.4)"
"YPD","YNL011C",0.107628246000151,"low (<0.4)"
"YPD","YNL010W",0.456304771178189,"moderate (0.4–0.7)"
"YPD","YNL009W",0.166021231521991,"low (<0.4)"
"YPD","YNL008C",0.202934535876055,"low (<0.4)"
"YPD","YNL007C",0.544449853943525,"moderate (0.4–0.7)"
"YPD","YNL006W",0.221179534933106,"low (<0.4)"
"YPD","MRP7",0.485126582278481,"moderate (0.4–0.7)"
"YPD","HRB1",0.486051606621227,"moderate (0.4–0.7)"
"YPD","PET8",0.507400284813593,"moderate (0.4–0.7)"
"YPD","RLP7",0.553432327166504,"moderate (0.4–0.7)"
"YPD","YNL001W",0.363193768257059,"low (<0.4)"
"YPD","CIT1",0.708544303797468,"high (≥0.7)"
"YPD","ATO2",0.0336586095202127,"low (<0.4)"
"YPD","RPC34",0.26713729308666,"low (<0.4)"
"YPD","YNR004W",0.359891915683938,"low (<0.4)"
"YPD","VPS27",0.17300494769641,"low (<0.4)"
"YPD","ATG3",0.0605130604859336,"low (<0.4)"
"YPD","YNR008W",0.162881277586663,"low (<0.4)"
"YPD","YNR009W",0.434956183057449,"moderate (0.4–0.7)"
"YPD","CSE2",0.38998028201141,"low (<0.4)"
"YPD","PRP2",0.175740977746202,"low (<0.4)"
"YPD","YNR012W",0.248831548198637,"low (<0.4)"
"YPD","YNR013C",0.359980525803311,"low (<0.4)"
"YPD","YNR014W",0.203615118142296,"low (<0.4)"
"YPD","SMM1",0.390847127555988,"low (<0.4)"
"YPD","ACC1",0.394474196689387,"low (<0.4)"
"YPD","TIM23",0.413072054527751,"moderate (0.4–0.7)"
"YPD","YNR018W",0.627994157740993,"moderate (0.4–0.7)"
"YPD","ARE2",0.406012658227848,"moderate (0.4–0.7)"
"YPD","YNR020C",0.491650438169426,"moderate (0.4–0.7)"
"YPD","YNR021W",0.411708860759494,"moderate (0.4–0.7)"
"YPD","YNR022C",0.459727724739068,"moderate (0.4–0.7)"
"YPD","SNF12",0.216091182868566,"low (<0.4)"
"YPD","YNR024W",0.454976995679978,"moderate (0.4–0.7)"
"YPD","SEC12",0.0328148202341686,"low (<0.4)"
"YPD","YNR027W",0.138659655826279,"low (<0.4)"
"YPD","YNR028W",0.613753651411879,"moderate (0.4–0.7)"
"YPD","YNR029C",0.242167530926935,"low (<0.4)"
"YPD","ALG12",0.4384858812074,"moderate (0.4–0.7)"
"YPD","YNR031C",0.306087549223957,"low (<0.4)"
"YPD","YNR032W",0.271722460929786,"low (<0.4)"
"YPD","YNR032C-A",0.435126582278481,"moderate (0.4–0.7)"
"YPD","YNR033W",0.329712327856202,"low (<0.4)"
"YPD","YNR034W",0.138805543422538,"low (<0.4)"
"YPD","YNR034W-A",0.120789341377577,"low (<0.4)"
"YPD","ARC35",0.274878286270691,"low (<0.4)"
"YPD","YNR036C",0.859931840311587,"high (≥0.7)"
"YPD","YNR037C",0.368938656280428,"low (<0.4)"
"YPD","YNR038W",0.380525803310613,"low (<0.4)"
"YPD","YNR039C",0.216315898528951,"low (<0.4)"
"YPD","YNR040W",0.53342259006816,"moderate (0.4–0.7)"
"YPD","YNR041C",0.157462009873959,"low (<0.4)"
"YPD","MVD1",0.654698149951315,"moderate (0.4–0.7)"
"YPD","AGA1",0.314163091438593,"low (<0.4)"
"YPD","YNR045W",-0.0913413930895804,"low (<0.4)"
"YPD","YNR046W",0.683033106134372,"moderate (0.4–0.7)"
"YPD","YNR047W",0.349551786470607,"low (<0.4)"
"YPD","YNR048W",-0.164151943592709,"low (<0.4)"
"YPD","YNR049C",0.3172423867149,"low (<0.4)"
"YPD","LYS9",0.821665043816943,"high (≥0.7)"
"YPD","YNR051C",0.589483933787731,"moderate (0.4–0.7)"
"YPD","POP2",0.509837572049193,"moderate (0.4–0.7)"
"YPD","NOG2",0.181377799415774,"low (<0.4)"
"YPD","ESF2",0.2884858812074,"low (<0.4)"
"YPD","YNR055C",0.592575462512171,"moderate (0.4–0.7)"
"YPD","YNR057C",0.323389764165188,"low (<0.4)"
"YPD","YNR058W",0.236343093189185,"low (<0.4)"
"YPD","YNR059W",0.369516529529188,"low (<0.4)"
"YPD","YNR060W",0.853814835792562,"high (≥0.7)"
"YPD","YNR061C",0.796932814021422,"high (≥0.7)"
"YPD","YNR065C",0.459884977102484,"moderate (0.4–0.7)"
"YPD","YNR066C",0.170435727937062,"low (<0.4)"
"YPD","DSE4",0.587526473554643,"moderate (0.4–0.7)"
"YPD","YNR068C",0.130827056412007,"low (<0.4)"
"YPD","YNR070W",0.215585970158461,"low (<0.4)"
"YPD","AIF1",0.762857022972976,"high (≥0.7)"
"YPD","YJL217W",0.74865090417943,"high (≥0.7)"
"YPD","YJL216C",0.507836677647998,"moderate (0.4–0.7)"
"YPD","YJL213W",0.829625121713729,"high (≥0.7)"
"YPD","OPT1",0.607658414454982,"moderate (0.4–0.7)"
"YPD","PEX2",0.527680913355155,"moderate (0.4–0.7)"
"YPD","YJL209W",-0.114424833471015,"low (<0.4)"
"YPD","YJL208C",0.236465433300876,"low (<0.4)"
"YPD","YJL207C",0.181475170399221,"low (<0.4)"
"YPD","YJL206C",-0.0564453781308111,"low (<0.4)"
"YPD","NCE101",0.422495268357802,"moderate (0.4–0.7)"
"YPD","YJL204C",0.408101660256098,"moderate (0.4–0.7)"
"YPD","PRP21",0.069987098051361,"low (<0.4)"
"YPD","YJL201W",0.176251834725905,"low (<0.4)"
"YPD","YJL200C",0.786903602726388,"high (≥0.7)"
"YPD","YJL198W",0.207400194741967,"low (<0.4)"
"YPD","YJL197W",-0.113120740019474,"low (<0.4)"
"YPD","YJL196C",0.786587147030185,"high (≥0.7)"
"YPD","YJL194W",0.168379797835383,"low (<0.4)"
"YPD","YJL193W",0.141570299283819,"low (<0.4)"
"YPD","YJL192C",0.323928919182084,"low (<0.4)"
"YPD","RPS14B",0.855428432327167,"high (≥0.7)"
"YPD","RPS22A",0.666650438169425,"moderate (0.4–0.7)"
"YPD","RPL39",0.454600778967868,"moderate (0.4–0.7)"
"YPD","SWE1",0.251290165530672,"low (<0.4)"
"YPD","YJL186W",0.489995131450828,"moderate (0.4–0.7)"
"YPD","YJL185C",0.278627909579758,"low (<0.4)"
"YPD","GON7",0.267502434274586,"low (<0.4)"
"YPD","YJL183W",0.267380720545278,"low (<0.4)"
"YPD","YJL181W",0.128962540341252,"low (<0.4)"
"YPD","YJL180C",0.612552413304998,"moderate (0.4–0.7)"
"YPD","PFD1",0.343670886075949,"low (<0.4)"
"YPD","ATG27",0.384177215189873,"low (<0.4)"
"YPD","RPL17B",0.582351509250243,"moderate (0.4–0.7)"
"YPD","SWI3",0.141313079717618,"low (<0.4)"
"YPD","YJL174W",0.250462512171373,"low (<0.4)"
"YPD","RFA3",0.426703992210321,"moderate (0.4–0.7)"
"YPD","YJL172W",0.473640646427325,"moderate (0.4–0.7)"
"YPD","YJL171C",0.679333008763389,"moderate (0.4–0.7)"
"YPD","SET2",0.423953261927945,"moderate (0.4–0.7)"
"YPD","ERG20",0.661976630963973,"moderate (0.4–0.7)"
"YPD","QCR8",0.814167478091529,"high (≥0.7)"
"YPD","YJL165C",0.126338851022395,"low (<0.4)"
"YPD","TPK1",0.263621757105364,"low (<0.4)"
"YPD","YJL163C",0.197055072172672,"low (<0.4)"
"YPD","YJL162C",-0.0621183140183715,"low (<0.4)"
"YPD","HSP150",0.544036027263875,"moderate (0.4–0.7)"
"YPD","CIS3",0.72332035053554,"high (≥0.7)"
"YPD","YJL156C",0.139522144364101,"low (<0.4)"
"YPD","YJL155C",0.162599451400842,"low (<0.4)"
"YPD","VPS35",0.287487828627069,"low (<0.4)"
"YPD","INO1",0.161453510260476,"low (<0.4)"
"YPD","YJL151C",0.822955209347614,"high (≥0.7)"
"YPD","YJL149W",0.093141580941751,"low (<0.4)"
"YPD","RPA34",0.449001947419669,"moderate (0.4–0.7)"
"YPD","YJL147C",0.1650882544185,"low (<0.4)"
"YPD","YJL146W",0.297018976985253,"low (<0.4)"
"YPD","YJL145W",0.458325219084713,"moderate (0.4–0.7)"
"YPD","YJL144W",0.192087255060079,"low (<0.4)"
"YPD","TIM17",0.531207400194742,"moderate (0.4–0.7)"
"YPD","YJL141C",0.185719850041385,"low (<0.4)"
"YPD","RPB4",0.521762414800389,"moderate (0.4–0.7)"
"YPD","YJL139C",0.254193140122543,"low (<0.4)"
"YPD","TIF2",0.308446932814021,"low (<0.4)"
"YPD","YJL137C",0.296373839254003,"low (<0.4)"
"YPD","RPS21B",0.439556962025316,"moderate (0.4–0.7)"
"YPD","LCB3",0.166614938019991,"low (<0.4)"
"YPD","YJL133C-A",0.512284032896736,"moderate (0.4–0.7)"
"YPD","YJL133W",0.247565725413827,"low (<0.4)"
"YPD","YJL132W",0.158865308511349,"low (<0.4)"
"YPD","YJL131C",0.105558823998254,"low (<0.4)"
"YPD","YJL130C",0.444303797468354,"moderate (0.4–0.7)"
"YPD","YJL129C",0.0981012658227848,"low (<0.4)"
"YPD","PBS2",0.311722929186208,"low (<0.4)"
"YPD","YJL127C-B",0.562317429406037,"moderate (0.4–0.7)"
"YPD","SPT10",-0.193989191150087,"low (<0.4)"
"YPD","YJL126W",0.416419147906367,"moderate (0.4–0.7)"
"YPD","GCD14",0.24690847127556,"low (<0.4)"
"YPD","LSM1",0.0749269717624148,"low (<0.4)"
"YPD","YJL123C",0.501752677702045,"moderate (0.4–0.7)"
"YPD","YJL122W",0.514362220058423,"moderate (0.4–0.7)"
"YPD","RPE1",0.61966893865628,"moderate (0.4–0.7)"
"YPD","YJL118W",0.221629878472206,"low (<0.4)"
"YPD","YJL117W",0.222127555988315,"low (<0.4)"
"YPD","ASF1",0.414483933787731,"moderate (0.4–0.7)"
"YPD","MDV1",0.0817190951761431,"low (<0.4)"
"YPD","CCT7",0.328578383641675,"low (<0.4)"
"YPD","GZF3",0.528469534468521,"moderate (0.4–0.7)"
"YPD","YJL109C",0.465141187925998,"moderate (0.4–0.7)"
"YPD","YJL108C",0.428955729230782,"moderate (0.4–0.7)"
"YPD","YJL107C",0.381743182791559,"low (<0.4)"
"YPD","IME2",0.240307664711831,"low (<0.4)"
"YPD","PAM16",0.560589094449854,"moderate (0.4–0.7)"
"YPD","YJL103C",0.292084690664451,"low (<0.4)"
"YPD","YJL102W",0.47419463714547,"moderate (0.4–0.7)"
"YPD","YJL101C",0.475925024342746,"moderate (0.4–0.7)"
"YPD","YJL100W",0.423284544999496,"moderate (0.4–0.7)"
"YPD","CHS6",0.119417529951256,"low (<0.4)"
"YPD","YJL098W",0.387366114897761,"low (<0.4)"
"YPD","YJL097W",0.25715676728335,"low (<0.4)"
"YPD","MRPL49",0.416044401446369,"moderate (0.4–0.7)"
"YPD","BCK1",0.203579622567198,"low (<0.4)"
"YPD","YJL094C",0.537471852982498,"moderate (0.4–0.7)"
"YPD","TOK1",0.26197460852738,"low (<0.4)"
"YPD","SRS2",0.16398271590226,"low (<0.4)"
"YPD","YJL091C",0.549550865568513,"moderate (0.4–0.7)"
"YPD","YJL090C",0.0436543577149661,"low (<0.4)"
"YPD","ARG3",0.796518776960519,"high (≥0.7)"
"YPD","TRL1",-0.0375608568646543,"low (<0.4)"
"YPD","YJL085W",0.178833782958208,"low (<0.4)"
"YPD","ALY2",0.174756100049754,"low (<0.4)"
"YPD","YJL083W",0.136179950338381,"low (<0.4)"
"YPD","YJL082W",-0.0183073046754567,"low (<0.4)"
"YPD","ARP4",0.382375851996105,"low (<0.4)"
"YPD","YJL080C",0.493914313534567,"moderate (0.4–0.7)"
"YPD","YJL079C",0.598213090608592,"moderate (0.4–0.7)"
"YPD","YJL078C",0.735832521908471,"high (≥0.7)"
"YPD","YJL077W-A",0.615650213812601,"moderate (0.4–0.7)"
"YPD","NET1",0.436903602726388,"moderate (0.4–0.7)"
"YPD","YJL074C",0.409566699123661,"moderate (0.4–0.7)"
"YPD","JEM1",0.140425402451668,"low (<0.4)"
"YPD","PSF2",0.329121935879792,"low (<0.4)"
"YPD","ARG2",0.356955923941336,"low (<0.4)"
"YPD","YJL070C",0.218551763778935,"low (<0.4)"
"YPD","YJL069C",0.436976630963973,"moderate (0.4–0.7)"
"YPD","YJL068C",0.761075949367089,"high (≥0.7)"
"YPD","YJL066C",0.440399466898777,"moderate (0.4–0.7)"
"YPD","YJL065C",0.5384858812074,"moderate (0.4–0.7)"
"YPD","MRPL8",0.556280428432327,"moderate (0.4–0.7)"
"YPD","COA3",0.626850048685492,"moderate (0.4–0.7)"
"YPD","LAS21",0.337268743914314,"low (<0.4)"
"YPD","NUP82",0.338536626933161,"low (<0.4)"
"YPD","YJL060W",0.666390764743602,"moderate (0.4–0.7)"
"YPD","YHC3",0.21682611559773,"low (<0.4)"
"YPD","YJL058C",0.0668233372120338,"low (<0.4)"
"YPD","YJL057C",0.148826226352574,"low (<0.4)"
"YPD","ZAP1",0.0624817281141873,"low (<0.4)"
"YPD","YJL055W",0.599561830574489,"moderate (0.4–0.7)"
"YPD","YJL054W",0.239678675754625,"low (<0.4)"
"YPD","PEP8",0.265288858870899,"low (<0.4)"
"YPD","TDH1",0.610142466798463,"moderate (0.4–0.7)"
"YPD","YJL051W",0.319847819865749,"low (<0.4)"
"YPD","MTR4",0.42682570593963,"moderate (0.4–0.7)"
"YPD","YJL049W",-0.00056029588585057,"low (<0.4)"
"YPD","UBX6",0.207551303647271,"low (<0.4)"
"YPD","YJL047C-A",-0.00429549359557382,"low (<0.4)"
"YPD","RTT101",-0.0310670157006204,"low (<0.4)"
"YPD","AIM22",0.259594669094975,"low (<0.4)"
"YPD","YJL044C",0.404342851698472,"moderate (0.4–0.7)"
"YPD","YJL042W",0.306993841226335,"low (<0.4)"
"YPD","YJL041W",0.134469328140214,"low (<0.4)"
"YPD","YJL039C",0.2261089709692,"low (<0.4)"
"YPD","YJL037W",0.324182698375922,"low (<0.4)"
"YPD","SNX4",0.359584629453421,"low (<0.4)"
"YPD","YJL035C",0.613534566699124,"moderate (0.4–0.7)"
"YPD","KAR2",0.762804284323272,"high (≥0.7)"
"YPD","HCA4",0.405014605647517,"moderate (0.4–0.7)"
"YPD","YJL031C",0.335514064192602,"low (<0.4)"
"YPD","YJL030W",0.323018032004716,"low (<0.4)"
"YPD","YJL029C",0.397641173578283,"low (<0.4)"
"YPD","RNR2",0.776655306718598,"high (≥0.7)"
"YPD","YJL025W",0.144644595910419,"low (<0.4)"
"YPD","APS3",0.47234951528087,"moderate (0.4–0.7)"
"YPD","YJL023C",0.223956570750755,"low (<0.4)"
"YPD","BBC1",0.411392405063291,"moderate (0.4–0.7)"
"YPD","MPS3",0.246216201417664,"low (<0.4)"
"YPD","YJL016W",0.179918329593945,"low (<0.4)"
"YPD","CCT3",0.400365141187926,"moderate (0.4–0.7)"
"YPD","YJL013C",0.167999513426588,"low (<0.4)"
"YPD","VTC4",0.455087633885102,"moderate (0.4–0.7)"
"YPD","RPC17",0.220813047711782,"low (<0.4)"
"YPD","YJL010C",0.154308666017527,"low (<0.4)"
"YPD","YJL008C",0.358763388510224,"low (<0.4)"
"YPD","YJL006C",0.112375689337644,"low (<0.4)"
"YPD","CYR1",0.263735728795981,"low (<0.4)"
"YPD","YJL004C",0.388023369036027,"low (<0.4)"
"YPD","YJL003W",0.274482834583963,"low (<0.4)"
"YPD","OST1",0.419474196689387,"moderate (0.4–0.7)"
"YPD","PRE3",0.540141187925998,"moderate (0.4–0.7)"
"YPD","YJR001W",0.443524829600779,"moderate (0.4–0.7)"
"YPD","YJR002W",0.388607594936709,"low (<0.4)"
"YPD","YJR003C",0.213953601660317,"low (<0.4)"
"YPD","SAG1",0.27486010612643,"low (<0.4)"
"YPD","APL1",0.0605721246118902,"low (<0.4)"
"YPD","POL31",0.623200049842624,"moderate (0.4–0.7)"
"YPD","YJR007W",0.326022395326193,"low (<0.4)"
"YPD","YJR008W",0.0192455039220335,"low (<0.4)"
"YPD","TDH2",0.892502434274586,"high (≥0.7)"
"YPD","YJR010W",0.644953155415287,"moderate (0.4–0.7)"
"YPD","YJR010C-A",0.623092091033961,"moderate (0.4–0.7)"
"YPD","YJR011C",0.0703384246462186,"low (<0.4)"
"YPD","YJR012C",0.309574235102316,"low (<0.4)"
"YPD","GPI14",0.374596799427855,"low (<0.4)"
"YPD","TMA22",0.767380720545278,"high (≥0.7)"
"YPD","YJR015W",0.783598895267638,"high (≥0.7)"
"YPD","YJR016C",0.643597857838364,"moderate (0.4–0.7)"
"YPD","ESS1",0.702044790652386,"high (≥0.7)"
"YPD","TES1",0.290807271359991,"low (<0.4)"
"YPD","REC107",-0.087561922613469,"low (<0.4)"
"YPD","YJR022W",0.259821793102753,"low (<0.4)"
"YPD","YJR024C",0.602750730282376,"moderate (0.4–0.7)"
"YPD","BNA1",0.737643048453859,"high (≥0.7)"
"YPD","YJR030C",0.211589968346725,"low (<0.4)"
"YPD","YJR031C",0.241315514081093,"low (<0.4)"
"YPD","YJR032W",0.191509043606976,"low (<0.4)"
"YPD","RAV1",-0.00210013698977377,"low (<0.4)"
"YPD","YJR034W",0.170135592445552,"low (<0.4)"
"YPD","YJR035W",0.190316758809943,"low (<0.4)"
"YPD","YJR036C",0.106368097528469,"low (<0.4)"
"YPD","YJR039W",0.0722219860093097,"low (<0.4)"
"YPD","GEF1",0.0365893738125145,"low (<0.4)"
"YPD","URB2",-0.0206184312225777,"low (<0.4)"
"YPD","NUP85",0.106682732978685,"low (<0.4)"
"YPD","YJR043C",0.510796270751899,"moderate (0.4–0.7)"
"YPD","YJR044C",0.426304931269647,"moderate (0.4–0.7)"
"YPD","SSC1",0.633325219084713,"moderate (0.4–0.7)"
"YPD","TAH11",0.287282663604782,"low (<0.4)"
"YPD","ANB1",0.817340455862946,"high (≥0.7)"
"YPD","CYC1",0.919839337877313,"high (≥0.7)"
"YPD","YJR049C",0.272103213242454,"low (<0.4)"
"YPD","ISY1",0.415335929892892,"moderate (0.4–0.7)"
"YPD","OSM1",0.416700140751038,"moderate (0.4–0.7)"
"YPD","YJR052W",0.189728515878123,"low (<0.4)"
"YPD","BFA1",0.0410846429269537,"low (<0.4)"
"YPD","YJR054W",0.191070863514829,"low (<0.4)"
"YPD","YJR055W",0.441616611599047,"moderate (0.4–0.7)"
"YPD","YJR056C",0.271501253762375,"low (<0.4)"
"YPD","YJR057W",0.416845180136319,"moderate (0.4–0.7)"
"YPD","APS2",0.503164556962025,"moderate (0.4–0.7)"
"YPD","PTK2",0.552693236945708,"moderate (0.4–0.7)"
"YPD","CBF1",0.179625121713729,"low (<0.4)"
"YPD","YJR061W",0.531632137992781,"moderate (0.4–0.7)"
"YPD","NTA1",0.292708462302555,"low (<0.4)"
"YPD","RPA12",0.189703018500487,"low (<0.4)"
"YPD","CCT5",0.232984420642649,"low (<0.4)"
"YPD","ARP3",0.510856864654333,"moderate (0.4–0.7)"
"YPD","TOR1",0.274149672288866,"low (<0.4)"
"YPD","YJR067C",0.328659412449191,"low (<0.4)"
"YPD","YJR068W",0.27611976630964,"low (<0.4)"
"YPD","YJR069C",0.400121713729309,"moderate (0.4–0.7)"
"YPD","LIA1",0.571884128529698,"moderate (0.4–0.7)"
"YPD","NPA3",0.613047711781889,"moderate (0.4–0.7)"
"YPD","OPI3",0.657035053554041,"moderate (0.4–0.7)"
"YPD","YJR074W",0.518187184693047,"moderate (0.4–0.7)"
"YPD","YJR075W",0.380990634078587,"low (<0.4)"
"YPD","CDC11",0.271981499513145,"low (<0.4)"
"YPD","MIR1",0.78244888023369,"high (≥0.7)"
"YPD","AIM24",0.200001217148404,"low (<0.4)"
"YPD","YJR082C",0.396981499513145,"low (<0.4)"
"YPD","YJR083C",0.147724852271798,"low (<0.4)"
"YPD","YJR084W",0.26295194104638,"low (<0.4)"
"YPD","YJR085C",0.684737098344693,"moderate (0.4–0.7)"
"YPD","YJR088C",0.25055988315482,"low (<0.4)"
"YPD","YJR089W",0.0818090532002728,"low (<0.4)"
"YPD","GRR1",-0.0970906884856183,"low (<0.4)"
"YPD","JSN1",0.31351403984956,"low (<0.4)"
"YPD","YJR092W",0.21254997900819,"low (<0.4)"
"YPD","YJR093C",0.417115488782607,"moderate (0.4–0.7)"
"YPD","RPL43B",0.816333982473223,"high (≥0.7)"
"YPD","YJR096W",0.412732808900874,"moderate (0.4–0.7)"
"YPD","JJJ3",0.264410905550146,"low (<0.4)"
"YPD","YJR098C",0.198064223873244,"low (<0.4)"
"YPD","YJR099W",0.372990080418124,"low (<0.4)"
"YPD","YJR100C",0.425026929334364,"moderate (0.4–0.7)"
"YPD","YJR101W",0.545301850048685,"moderate (0.4–0.7)"
"YPD","VPS25",0.42843405836756,"moderate (0.4–0.7)"
"YPD","YJR103W",0.429892891918208,"moderate (0.4–0.7)"
"YPD","SOD1",0.816626095423564,"high (≥0.7)"
"YPD","YJR105W",0.664995131450828,"moderate (0.4–0.7)"
"YPD","YJR106W",-0.0967025517874559,"low (<0.4)"
"YPD","YJR107W",0.176354230066951,"low (<0.4)"
"YPD","YJR108W",0.00763749486219039,"low (<0.4)"
"YPD","YJR109C",0.627855034641966,"moderate (0.4–0.7)"
"YPD","YJR110W",0.228143513739111,"low (<0.4)"
"YPD","YJR111C",0.475100426049909,"moderate (0.4–0.7)"
"YPD","YJR112W",0.284883154819864,"low (<0.4)"
"YPD","YJR112W-A",0.342332035053554,"low (<0.4)"
"YPD","YJR113C",0.671105160662123,"moderate (0.4–0.7)"
"YPD","YJR115W",0.0845979927281539,"low (<0.4)"
"YPD","YJR116W",0.56516553067186,"moderate (0.4–0.7)"
"YPD","STE24",0.2115141187926,"low (<0.4)"
"YPD","YJR118C",0.231586122120416,"low (<0.4)"
"YPD","JHD2",0.109798015739402,"low (<0.4)"
"YPD","YJR120W",0.666553067185979,"moderate (0.4–0.7)"
"YPD","YJR121W",0.78610029211295,"high (≥0.7)"
"YPD","IBA57",0.218647678574251,"low (<0.4)"
"YPD","RPS5",0.664410905550146,"moderate (0.4–0.7)"
"YPD","YJR124C",0.161323303925694,"low (<0.4)"
"YPD","YJR125C",0.422224926971762,"moderate (0.4–0.7)"
"YPD","YJR126C",0.283314771881901,"low (<0.4)"
"YPD","RSF2",0.314943761536294,"low (<0.4)"
"YPD","YJR129C",0.214010552648514,"low (<0.4)"
"YPD","YJR130C",0.196060769298993,"low (<0.4)"
"YPD","YJR131W",0.454479061475775,"moderate (0.4–0.7)"
"YPD","NMD5",0.209615384615385,"low (<0.4)"
"YPD","YJR133W",0.579722492697176,"moderate (0.4–0.7)"
"YPD","YJR134C",-0.0958397234880725,"low (<0.4)"
"YPD","YJR135C",-0.000584653018492284,"low (<0.4)"
"YPD","YJR135W-A",0.706767283349562,"high (≥0.7)"
"YPD","YJR136C",0.418478396283674,"moderate (0.4–0.7)"
"YPD","MET5",0.75980257914369,"high (≥0.7)"
"YPD","IML1",0.0754886925416593,"low (<0.4)"
"YPD","YJR139C",0.549805258033106,"moderate (0.4–0.7)"
"YPD","HIR3",-0.0661047378620964,"low (<0.4)"
"YPD","YJR141W",0.253520784353643,"low (<0.4)"
"YPD","YJR142W",0.310710808179163,"low (<0.4)"
"YPD","YJR143C",0.388583252190847,"low (<0.4)"
"YPD","MGM101",0.468914313534567,"moderate (0.4–0.7)"
"YPD","RPS4A",0.755428432327167,"high (≥0.7)"
"YPD","YJR146W",0.45469554712337,"moderate (0.4–0.7)"
"YPD","YJR147W",0.43703023028393,"moderate (0.4–0.7)"
"YPD","BAT2",0.827482960077897,"high (≥0.7)"
"YPD","YJR149W",0.0534961286246362,"low (<0.4)"
"YPD","YJR151C",0.282744893791951,"low (<0.4)"
"YPD","DAL5",0.0751614036494083,"low (<0.4)"
"YPD","PGU1",0.650188630421485,"moderate (0.4–0.7)"
"YPD","YJR155W",0.594226545313285,"moderate (0.4–0.7)"
"YPD","YKL222C",0.303454325407992,"low (<0.4)"
"YPD","YKL220C",0.174588476203222,"low (<0.4)"
"YPD","YKL219W",0.66753906434831,"moderate (0.4–0.7)"
"YPD","YKL218C",0.524724624774592,"moderate (0.4–0.7)"
"YPD","YKL217W",0.146173837001638,"low (<0.4)"
"YPD","YKL216W",0.522955209347614,"moderate (0.4–0.7)"
"YPD","YKL215C",0.0849724534027029,"low (<0.4)"
"YPD","YKL214C",0.493889970788705,"moderate (0.4–0.7)"
"YPD","DOA1",0.124634858812074,"low (<0.4)"
"YPD","SAC1",0.212804284323272,"low (<0.4)"
"YPD","YKL211C",0.543549172346641,"moderate (0.4–0.7)"
"YPD","YKL210W",0.514483933787731,"moderate (0.4–0.7)"
"YPD","YKL209C",0.177793496229788,"low (<0.4)"
"YPD","CBT1",-0.0143639684569997,"low (<0.4)"
"YPD","AIM27",0.489362220058423,"moderate (0.4–0.7)"
"YPD","ADD66",0.505793573515092,"moderate (0.4–0.7)"
"YPD","YKL205W",0.115701071080818,"low (<0.4)"
"YPD","YKL204W",0.110272638753651,"low (<0.4)"
"YPD","TOR2",0.106597532849667,"low (<0.4)"
"YPD","MNN4",0.68103700097371,"moderate (0.4–0.7)"
"YPD","PTK1",0.215519445350759,"low (<0.4)"
"YPD","PEX1",0.283263846705945,"low (<0.4)"
"YPD","YKL196C",0.626557935735151,"moderate (0.4–0.7)"
"YPD","MIA40",0.469888023369036,"moderate (0.4–0.7)"
"YPD","YKL194C",0.231907528431764,"low (<0.4)"
"YPD","SDS22",0.45424116651858,"moderate (0.4–0.7)"
"YPD","YKL192C",0.681402142161636,"moderate (0.4–0.7)"
"YPD","YKL191W",-0.00289678675754625,"low (<0.4)"
"YPD","CNB1",0.448222979552094,"moderate (0.4–0.7)"
"YPD","YKL189W",0.160624190029711,"low (<0.4)"
"YPD","PXA2",0.384556420399704,"low (<0.4)"
"YPD","YKL187C",0.384382131602617,"low (<0.4)"
"YPD","YKL186C",0.668938656280428,"moderate (0.4–0.7)"
"YPD","YKL185W",0.292492042921938,"low (<0.4)"
"YPD","SPE1",0.378919182083739,"low (<0.4)"
"YPD","YKL183W",0.503216304879723,"moderate (0.4–0.7)"
"YPD","YKL182W",0.299902629016553,"low (<0.4)"
"YPD","PRS1",0.387877312560857,"low (<0.4)"
"YPD","RPL17A",0.451996105160662,"moderate (0.4–0.7)"
"YPD","YKL179C",0.0650925024342746,"low (<0.4)"
"YPD","YKL176C",0.312658227848101,"low (<0.4)"
"YPD","YKL175W",0.230915287244401,"low (<0.4)"
"YPD","YKL174C",0.206256466817384,"low (<0.4)"
"YPD","SNU114",0.217626796820799,"low (<0.4)"
"YPD","YKL172W",0.287682570593963,"low (<0.4)"
"YPD","YKL171W",0.20430376130663,"low (<0.4)"
"YPD","MRPL38",0.616626095423564,"moderate (0.4–0.7)"
"YPD","YKL168C",0.220517346317711,"low (<0.4)"
"YPD","YKL167C",0.403700097370983,"moderate (0.4–0.7)"
"YPD","YKL166C",0.195452664436305,"low (<0.4)"
"YPD","MCD4",0.0911635832521908,"low (<0.4)"
"YPD","PIR1",0.289021421616358,"low (<0.4)"
"YPD","PIR3",0.284760313752543,"low (<0.4)"
"YPD","YKL162C",0.18544378151478,"low (<0.4)"
"YPD","KDX1",0.547084409571616,"moderate (0.4–0.7)"
"YPD","YKL160W",0.306840311587147,"low (<0.4)"
"YPD","YKL159C",0.381682179558723,"low (<0.4)"
"YPD","APE2",0.379552093476144,"low (<0.4)"
"YPD","RPS27A",0.580185004868549,"moderate (0.4–0.7)"
"YPD","YKL155C",0.227778150047437,"low (<0.4)"
"YPD","YKL154W",0.0460077896786758,"low (<0.4)"
"YPD","YKL152C",0.766139240506329,"high (≥0.7)"
"YPD","YKL151C",0.429232192414431,"moderate (0.4–0.7)"
"YPD","YKL150W",0.609956183057449,"moderate (0.4–0.7)"
"YPD","DBR1",-0.130309890737021,"low (<0.4)"
"YPD","SDH1",0.520835109614163,"moderate (0.4–0.7)"
"YPD","YKL146W",0.378245469072568,"low (<0.4)"
"YPD","RPT1",0.582911392405063,"moderate (0.4–0.7)"
"YPD","RPC25",0.18741594094761,"low (<0.4)"
"YPD","LTV1",0.439824732229796,"moderate (0.4–0.7)"
"YPD","MRP8",0.462755598831548,"moderate (0.4–0.7)"
"YPD","SDH3",0.644011684518014,"moderate (0.4–0.7)"
"YPD","TGL1",0.363266641568739,"low (<0.4)"
"YPD","YKL139W",0.0510607219426736,"low (<0.4)"
"YPD","YKL138C-A",0.419303797468354,"moderate (0.4–0.7)"
"YPD","MRPL31",0.58427458617332,"moderate (0.4–0.7)"
"YPD","YKL137W",0.540470800325676,"moderate (0.4–0.7)"
"YPD","YKL135C",0.207327166504382,"low (<0.4)"
"YPD","OCT1",0.0941296798907759,"low (<0.4)"
"YPD","YKL133C",0.234864462486472,"low (<0.4)"
"YPD","YKL132C",0.476231406306955,"moderate (0.4–0.7)"
"YPD","YKL130C",0.296484277538825,"low (<0.4)"
"YPD","YKL129C",0.041127569712387,"low (<0.4)"
"YPD","YKL128C",0.370447906523856,"low (<0.4)"
"YPD","YKL127W",0.432205452775073,"moderate (0.4–0.7)"
"YPD","YPK1",0.207497565725414,"low (<0.4)"
"YPD","YKL125W",0.151411879259981,"low (<0.4)"
"YPD","SSH4",-0.12396129640219,"low (<0.4)"
"YPD","YKL122C",0.0962639743443723,"low (<0.4)"
"YPD","YKL121W",0.350404772698534,"low (<0.4)"
"YPD","YKL120W",0.574780915287245,"moderate (0.4–0.7)"
"YPD","VPH2",0.433276533592989,"moderate (0.4–0.7)"
"YPD","YKL117W",0.55055988315482,"moderate (0.4–0.7)"
"YPD","YKL116C",0.465253561678295,"moderate (0.4–0.7)"
"YPD","YKL114C",0.397251687274197,"low (<0.4)"
"YPD","RAD27",0.331110029211295,"low (<0.4)"
"YPD","ABF1",0.242964946445959,"low (<0.4)"
"YPD","KTI12",0.537852969814995,"moderate (0.4–0.7)"
"YPD","YKL109W",0.743719571567673,"high (≥0.7)"
"YPD","SLD2",-0.00753669462627822,"low (<0.4)"
"YPD","YKL106W",0.295771562199665,"low (<0.4)"
"YPD","YKL105C",0.0829153118849974,"low (<0.4)"
"YPD","YKL104C",0.500073028237585,"moderate (0.4–0.7)"
"YPD","LAP4",0.42910448680162,"moderate (0.4–0.7)"
"YPD","HSL1",0.461955099540562,"moderate (0.4–0.7)"
"YPD","YKL100C",0.379819863680623,"low (<0.4)"
"YPD","YKL099C",0.497955209347615,"moderate (0.4–0.7)"
"YPD","YKL098W",0.0643213638362597,"low (<0.4)"
"YPD","CWP2",0.896543330087634,"high (≥0.7)"
"YPD","CWP1",0.902775073028238,"high (≥0.7)"
"YPD","YKL094W",0.356694255111977,"low (<0.4)"
"YPD","YKL093W",0.199139637733605,"low (<0.4)"
"YPD","BUD2",0.100536152242321,"low (<0.4)"
"YPD","YKL091C",0.10376411163218,"low (<0.4)"
"YPD","YKL090W",0.260961657441661,"low (<0.4)"
"YPD","YKL089W",0.0353639646950305,"low (<0.4)"
"YPD","YKL088W",0.148621508400134,"low (<0.4)"
"YPD","CYT2",0.414834830571563,"moderate (0.4–0.7)"
"YPD","YKL086W",0.0412804742584201,"low (<0.4)"
"YPD","YKL085W",0.776777020447907,"high (≥0.7)"
"YPD","YKL084W",0.606360836913789,"moderate (0.4–0.7)"
"YPD","YKL082C",0.487025316455696,"moderate (0.4–0.7)"
"YPD","TEF4",0.569985394352483,"moderate (0.4–0.7)"
"YPD","VMA5",0.251533592989289,"low (<0.4)"
"YPD","YKL079W",0.142771073341698,"low (<0.4)"
"YPD","YKL078W",0.258033106134372,"low (<0.4)"
"YPD","YKL077W",0.311781888997079,"low (<0.4)"
"YPD","YKL075C",0.0100556961225335,"low (<0.4)"
"YPD","YKL074C",0.109883823540396,"low (<0.4)"
"YPD","LHS1",0.238777994157741,"low (<0.4)"
"YPD","YKL072W",0.151199325730546,"low (<0.4)"
"YPD","YKL069W",0.314850991065903,"low (<0.4)"
"YPD","YKL068W-A",0.314313534566699,"low (<0.4)"
"YPD","NUP100",0.306840311587147,"low (<0.4)"
"YPD","YNK1",0.552434274586173,"moderate (0.4–0.7)"
"YPD","YKL065W-A",0.00873212880659202,"low (<0.4)"
"YPD","YKL065C",0.654138266796495,"moderate (0.4–0.7)"
"YPD","YKL064W",0.0388510223953262,"low (<0.4)"
"YPD","YKL063C",0.343587777439283,"low (<0.4)"
"YPD","YKL062W",0.419551984416849,"moderate (0.4–0.7)"
"YPD","YKL061W",0.412062036972485,"moderate (0.4–0.7)"
"YPD","FBA1",0.746543330087634,"high (≥0.7)"
"YPD","YKL059C",0.216846499800144,"low (<0.4)"
"YPD","YKL058W",0.427093476144109,"moderate (0.4–0.7)"
"YPD","NUP120",0.130015396882866,"low (<0.4)"
"YPD","TMA19",0.736222005842259,"high (≥0.7)"
"YPD","YKL055C",0.192867889427064,"low (<0.4)"
"YPD","DEF1",0.563242453748783,"moderate (0.4–0.7)"
"YPD","YKL053C-A",0.698052580331061,"moderate (0.4–0.7)"
"YPD","YKL052C",0.193524829600779,"low (<0.4)"
"YPD","YKL051W",0.492641958188256,"moderate (0.4–0.7)"
"YPD","YKL050C",0.29364621498587,"low (<0.4)"
"YPD","CSE4",0.191456861352507,"low (<0.4)"
"YPD","ELM1",-0.0264452360373296,"low (<0.4)"
"YPD","YKL047W",0.412987646069462,"moderate (0.4–0.7)"
"YPD","YKL046C",0.171596192752711,"low (<0.4)"
"YPD","YKL045W",0.179189133265984,"low (<0.4)"
"YPD","YKL044W",0.368363689647221,"low (<0.4)"
"YPD","YKL043W",0.853842596226605,"high (≥0.7)"
"YPD","YKL042W",-0.0302346103571069,"low (<0.4)"
"YPD","VPS24",0.350087330138726,"low (<0.4)"
"YPD","NFU1",0.416187925998053,"moderate (0.4–0.7)"
"YPD","YKL039W",0.551533592989289,"moderate (0.4–0.7)"
"YPD","YKL038W",0.288499808305052,"low (<0.4)"
"YPD","YKL035W",0.676996105160662,"moderate (0.4–0.7)"
"YPD","YKL034W",0.308795615275669,"low (<0.4)"
"YPD","YKL033W-A",0.547297955209348,"moderate (0.4–0.7)"
"YPD","TTI1",0.357795045523785,"low (<0.4)"
"YPD","IXR1",0.0209104186952288,"low (<0.4)"
"YPD","YKL029C",0.647444011684518,"moderate (0.4–0.7)"
"YPD","YKL028W",0.113948393378773,"low (<0.4)"
"YPD","YKL027W",0.325452321405256,"low (<0.4)"
"YPD","YKL026C",0.496442935712747,"moderate (0.4–0.7)"
"YPD","PAN3",0.147067594133652,"low (<0.4)"
"YPD","URA6",0.458690360272639,"moderate (0.4–0.7)"
"YPD","YKL023W",0.415167379825789,"moderate (0.4–0.7)"
"YPD","YKL022C",-0.135130694116184,"low (<0.4)"
"YPD","YKL021C",0.251509250243427,"low (<0.4)"
"YPD","YKL020C",0.128287051408482,"low (<0.4)"
"YPD","YKL019W",0.252555988315482,"low (<0.4)"
"YPD","YKL018C-A",0.525900681596884,"moderate (0.4–0.7)"
"YPD","SWD2",0.298662966552309,"low (<0.4)"
"YPD","HCS1",0.313611162237965,"low (<0.4)"
"YPD","YKL016C",0.751022395326193,"high (≥0.7)"
"YPD","YKL015W",0.338143376706984,"low (<0.4)"
"YPD","URB1",0.26587147030185,"low (<0.4)"
"YPD","YKL013C",0.499099318403116,"moderate (0.4–0.7)"
"YPD","YKL012W",0.395399221032132,"low (<0.4)"
"YPD","CCE1",0.256066833376288,"low (<0.4)"
"YPD","YKL010C",0.286027263875365,"low (<0.4)"
"YPD","YKL009W",0.188680623174294,"low (<0.4)"
"YPD","LAC1",0.581770823835164,"moderate (0.4–0.7)"
"YPD","YKL007W",0.304381694255112,"low (<0.4)"
"YPD","YKL006C-A",0.238291139240506,"low (<0.4)"
"YPD","RPL14A",0.658544303797468,"moderate (0.4–0.7)"
"YPD","YKL005C",0.259737098344693,"low (<0.4)"
"YPD","YKL004W",0.265043816942551,"low (<0.4)"
"YPD","YKL003C",0.43342259006816,"moderate (0.4–0.7)"
"YPD","DID4",0.0633398247322298,"low (<0.4)"
"YPD","YKL001C",0.821560501235401,"high (≥0.7)"
"YPD","VPS1",0.173003894839338,"low (<0.4)"
"YPD","YKR002W",0.0825467535723269,"low (<0.4)"
"YPD","YKR003W",0.194766309639727,"low (<0.4)"
"YPD","ECM9",0.120170420853814,"low (<0.4)"
"YPD","YKR005C",0.0273919141411062,"low (<0.4)"
"YPD","MRPL13",0.608325219084713,"moderate (0.4–0.7)"
"YPD","MEH1",0.0913096397273613,"low (<0.4)"
"YPD","YKR008W",0.0780915287244401,"low (<0.4)"
"YPD","FOX2",0.0853477446149815,"low (<0.4)"
"YPD","YKR010C",-0.0291146327893662,"low (<0.4)"
"YPD","YKR011C",0.252478714279301,"low (<0.4)"
"YPD","PRY2",0.678724440116845,"moderate (0.4–0.7)"
"YPD","YKR014C",0.592408668515525,"moderate (0.4–0.7)"
"YPD","FCJ1",0.589849074975657,"moderate (0.4–0.7)"
"YPD","YKR017C",-0.245822710593426,"low (<0.4)"
"YPD","YKR018C",0.311343719571568,"low (<0.4)"
"YPD","YKR019C",0.219645086600482,"low (<0.4)"
"YPD","VPS51",0.546421616358325,"moderate (0.4–0.7)"
"YPD","ALY1",-0.106342705170627,"low (<0.4)"
"YPD","YKR022C",0.0682897144438714,"low (<0.4)"
"YPD","YKR023W",0.206269512354796,"low (<0.4)"
"YPD","YKR024C",-0.0280551853412288,"low (<0.4)"
"YPD","RPC37",0.352215189873418,"low (<0.4)"
"YPD","GCN3",0.409323271665044,"moderate (0.4–0.7)"
"YPD","BCH2",0.201120990272652,"low (<0.4)"
"YPD","YKR028W",0.287999026290166,"low (<0.4)"
"YPD","YKR029C",0.280614684922834,"low (<0.4)"
"YPD","GMH1",0.173024955633723,"low (<0.4)"
"YPD","SPO14",0.060677986844772,"low (<0.4)"
"YPD","DID2",0.483787731256086,"moderate (0.4–0.7)"
"YPD","YKR036C",0.123158196023084,"low (<0.4)"
"YPD","YKR037C",0.278003653916067,"low (<0.4)"
"YPD","YKR038C",0.508519961051607,"moderate (0.4–0.7)"
"YPD","YKR041W",0.271564822425005,"low (<0.4)"
"YPD","YKR042W",0.777434274586173,"high (≥0.7)"
"YPD","YKR043C",0.626484907497566,"moderate (0.4–0.7)"
"YPD","YKR044W",0.383771743223272,"low (<0.4)"
"YPD","YKR045C",0.363932909867077,"low (<0.4)"
"YPD","YKR046C",0.650949367088608,"moderate (0.4–0.7)"
"YPD","YKR048C",0.630696202531646,"moderate (0.4–0.7)"
"YPD","YKR049C",0.36587147030185,"low (<0.4)"
"YPD","TRK2",0.349822289303277,"low (<0.4)"
"YPD","YKR051W",-0.0786073000765122,"low (<0.4)"
"YPD","YKR052C",0.247717812094139,"low (<0.4)"
"YPD","YSR3",0.254134837823407,"low (<0.4)"
"YPD","DYN1",0.381367948935671,"low (<0.4)"
"YPD","YKR055W",0.252927286523006,"low (<0.4)"
"YPD","TRM2",0.247127555988316,"low (<0.4)"
"YPD","RPS21A",0.796421616358325,"high (≥0.7)"
"YPD","YKR058W",0.102887773257294,"low (<0.4)"
"YPD","TIF1",0.690043816942551,"moderate (0.4–0.7)"
"YPD","YKR060W",0.348285955982326,"low (<0.4)"
"YPD","YKR061W",0.365198763466615,"low (<0.4)"
"YPD","YKR062W",0.116358325219085,"low (<0.4)"
"YPD","YKR063C",-0.0625612375938897,"low (<0.4)"
"YPD","YKR064W",0.314327452115802,"low (<0.4)"
"YPD","PAM17",0.427020447906524,"moderate (0.4–0.7)"
"YPD","YKR066C",0.518686214020158,"moderate (0.4–0.7)"
"YPD","GPT2",0.114938891327523,"low (<0.4)"
"YPD","YKR068C",0.433398247322298,"moderate (0.4–0.7)"
"YPD","MET1",0.52304096999358,"moderate (0.4–0.7)"
"YPD","YKR070W",0.355963459626316,"low (<0.4)"
"YPD","YKR071C",0.888242453748783,"high (≥0.7)"
"YPD","SIS2",0.314897760467381,"low (<0.4)"
"YPD","YKR074W",0.659079844206427,"moderate (0.4–0.7)"
"YPD","YKR075C",0.449703246723297,"moderate (0.4–0.7)"
"YPD","ECM4",0.310162226950252,"low (<0.4)"
"YPD","YKR077W",0.239763376990116,"low (<0.4)"
"YPD","YKR078W",0.124171324421609,"low (<0.4)"
"YPD","YKR079C",0.212609542356378,"low (<0.4)"
"YPD","YKR080W",0.582132424537488,"moderate (0.4–0.7)"
"YPD","YKR081C",0.236635832521908,"low (<0.4)"
"YPD","NUP133",0.106682732978685,"low (<0.4)"
"YPD","DAD2",0.135483871971531,"low (<0.4)"
"YPD","YKR084C",0.144985394352483,"low (<0.4)"
"YPD","MRPL20",0.780404089581305,"high (≥0.7)"
"YPD","PRP16",0.00282379288939739,"low (<0.4)"
"YPD","YKR087C",0.469680372105377,"moderate (0.4–0.7)"
"YPD","YKR088C",0.170315057908813,"low (<0.4)"
"YPD","TGL4",0.286444576978785,"low (<0.4)"
"YPD","YKR090W",0.193843644640271,"low (<0.4)"
"YPD","YKR091W",0.640560905080609,"moderate (0.4–0.7)"
"YPD","YKR092C",0.647370983446933,"moderate (0.4–0.7)"
"YPD","YKR093W",0.822339473843574,"high (≥0.7)"
"YPD","RPL40B",0.639776046738072,"moderate (0.4–0.7)"
"YPD","MLP1",0.278140214216164,"low (<0.4)"
"YPD","YKR095W-A",0.213840152390476,"low (<0.4)"
"YPD","YKR096W",0.102556612444769,"low (<0.4)"
"YPD","YKR098C",0.260938899729574,"low (<0.4)"
"YPD","YKR099W",0.116504381694255,"low (<0.4)"
"YPD","SKG1",0.18342259006816,"low (<0.4)"
"YPD","YKR101W",0.322946282844864,"low (<0.4)"
"YPD","YKR102W",0.31715024130549,"low (<0.4)"
"YPD","YKR103W",0.508040317650812,"moderate (0.4–0.7)"
"YPD","YKR104W",0.323117696955529,"low (<0.4)"
"YPD","YEL077C",0.777007209356452,"high (≥0.7)"
"YPD","YEL072W",0.474533562031376,"moderate (0.4–0.7)"
"YPD","YEL071W",0.70182570593963,"high (≥0.7)"
"YPD","YEL068C",0.752469587926087,"high (≥0.7)"
"YPD","YEL066W",0.769271964911792,"high (≥0.7)"
"YPD","SIT1",0.780640096412316,"high (≥0.7)"
"YPD","YEL064C",0.388145861051896,"low (<0.4)"
"YPD","YEL063C",0.212214344434846,"low (<0.4)"
"YPD","YEL062W",0.095796866885535,"low (<0.4)"
"YPD","CIN8",0.03030451479185,"low (<0.4)"
"YPD","PRB1",0.290481986368062,"low (<0.4)"
"YPD","YEL059C-A",0.464242028979048,"moderate (0.4–0.7)"
"YPD","PCM1",0.525097370983447,"moderate (0.4–0.7)"
"YPD","YEL057C",0.638418947377901,"moderate (0.4–0.7)"
"YPD","YEL056W",-0.0366845180136319,"low (<0.4)"
"YPD","YEL055C",0.546105160662123,"moderate (0.4–0.7)"
"YPD","RPL12A",0.720253164556962,"high (≥0.7)"
"YPD","MAK10",0.0204491510329422,"low (<0.4)"
"YPD","YEL052W",0.438412852969815,"moderate (0.4–0.7)"
"YPD","YEL051W",0.395545277507303,"low (<0.4)"
"YPD","YEL050C",0.743378773125609,"high (≥0.7)"
"YPD","YEL048C",0.304113924050633,"low (<0.4)"
"YPD","YEL047C",0.570305320758618,"moderate (0.4–0.7)"
"YPD","YEL046C",0.534712755598832,"moderate (0.4–0.7)"
"YPD","YEL044W",0.67008276533593,"moderate (0.4–0.7)"
"YPD","YEL043W",0.192648490749757,"low (<0.4)"
"YPD","YEL042W",0.176095423563778,"low (<0.4)"
"YPD","UTR2",0.894084712755599,"high (≥0.7)"
"YPD","CYC7",0.474355923027777,"moderate (0.4–0.7)"
"YPD","YEL038W",0.628042843232717,"moderate (0.4–0.7)"
"YPD","YEL037C",0.719547224926972,"high (≥0.7)"
"YPD","ANP1",0.334323271665044,"low (<0.4)"
"YPD","HYP2",0.802312560856865,"high (≥0.7)"
"YPD","YEL033W",0.532035053554041,"moderate (0.4–0.7)"
"YPD","YEL032W",0.296080817916261,"low (<0.4)"
"YPD","SPF1",0.358763388510224,"low (<0.4)"
"YPD","ECM10",0.296694268783488,"low (<0.4)"
"YPD","YEL029C",0.44072809596785,"moderate (0.4–0.7)"
"YPD","VMA3",0.41095423563778,"moderate (0.4–0.7)"
"YPD","YEL026W",0.537049659201558,"moderate (0.4–0.7)"
"YPD","YEL025C",0.177500748833803,"low (<0.4)"
"YPD","YEL024W",0.779333008763389,"high (≥0.7)"
"YPD","YEL023C",0.0924507591926337,"low (<0.4)"
"YPD","YEL022W",0.178724440116845,"low (<0.4)"
"YPD","YEL021W",0.532278481012658,"moderate (0.4–0.7)"
"YPD","YEL020W-A",0.673369036027264,"moderate (0.4–0.7)"
"YPD","RPR1",0.0741112106116819,"low (<0.4)"
"YPD","YEL020C",0.271308158156164,"low (<0.4)"
"YPD","MMS21",0.205851776516043,"low (<0.4)"
"YPD","YEL018W",0.173470629813565,"low (<0.4)"
"YPD","YEL017C-A",0.641114897760467,"moderate (0.4–0.7)"
"YPD","YEL017W",0.26784323271665,"low (<0.4)"
"YPD","YEL016C",0.190815958292459,"low (<0.4)"
"YPD","EDC3",0.231134371957157,"low (<0.4)"
"YPD","VAC8",0.319595910418695,"low (<0.4)"
"YPD","UBC8",0.388862978072057,"low (<0.4)"
"YPD","GLC3",0.466463789213753,"moderate (0.4–0.7)"
"YPD","GCN4",0.578359298928919,"moderate (0.4–0.7)"
"YPD","MIT1",0.50562317429406,"moderate (0.4–0.7)"
"YPD","YEA6",0.345764362220058,"low (<0.4)"
"YPD","VAB2",0.114377559481838,"low (<0.4)"
"YPD","YEL004W",0.432373216632281,"moderate (0.4–0.7)"
"YPD","GIM4",0.0599279243903021,"low (<0.4)"
"YPD","YEL002C",0.47444011684518,"moderate (0.4–0.7)"
"YPD","YEL001C",0.709810126582278,"high (≥0.7)"
"YPD","YER001W",0.597979552093476,"moderate (0.4–0.7)"
"YPD","YER002W",0.237659674174765,"low (<0.4)"
"YPD","PMI40",0.463120740019474,"moderate (0.4–0.7)"
"YPD","YER004W",0.666382667964946,"moderate (0.4–0.7)"
"YPD","YND1",0.22894491812083,"low (<0.4)"
"YPD","YER006W",0.248490749756573,"low (<0.4)"
"YPD","YER007W",0.0954932083261714,"low (<0.4)"
"YPD","TMA20",0.448515092502434,"moderate (0.4–0.7)"
"YPD","SEC3",0.227387256218091,"low (<0.4)"
"YPD","YER009W",0.391407010710808,"low (<0.4)"
"YPD","YER010C",0.554798897277175,"moderate (0.4–0.7)"
"YPD","TIR1",0.872197473419901,"high (≥0.7)"
"YPD","YER012W",0.491455696202532,"moderate (0.4–0.7)"
"YPD","YER013W",0.147866837350108,"low (<0.4)"
"YPD","YER014W",0.430655917329088,"moderate (0.4–0.7)"
"YPD","FAA2",0.192988553774747,"low (<0.4)"
"YPD","BIM1",0.041140241984974,"low (<0.4)"
"YPD","AFG3",0.281694255111977,"low (<0.4)"
"YPD","YER018C",0.160832521908471,"low (<0.4)"
"YPD","YER019W",0.0315240477369989,"low (<0.4)"
"YPD","SBH2",0.531669912366115,"moderate (0.4–0.7)"
"YPD","GPA2",0.228973441485601,"low (<0.4)"
"YPD","RPN3",0.385321324245375,"low (<0.4)"
"YPD","SRB4",0.10853317183272,"low (<0.4)"
"YPD","PRO3",0.405379746835443,"moderate (0.4–0.7)"
"YPD","YER024W",0.481855415389981,"moderate (0.4–0.7)"
"YPD","GCD11",0.164678675754625,"low (<0.4)"
"YPD","CHO1",0.473904576436222,"moderate (0.4–0.7)"
"YPD","GAL83",0.0198641641773602,"low (<0.4)"
"YPD","YER028C",0.627331649680068,"moderate (0.4–0.7)"
"YPD","SMB1",0.572565725413827,"moderate (0.4–0.7)"
"YPD","YER030W",0.136506683561705,"low (<0.4)"
"YPD","YPT31",0.49087147030185,"moderate (0.4–0.7)"
"YPD","FIR1",-0.180023370173816,"low (<0.4)"
"YPD","YER033C",0.146788491371318,"low (<0.4)"
"YPD","YER034W",0.480779066252254,"moderate (0.4–0.7)"
"YPD","YER035W",0.50912852969815,"moderate (0.4–0.7)"
"YPD","YER036C",0.19508276533593,"low (<0.4)"
"YPD","YER037W",0.210626682238304,"low (<0.4)"
"YPD","KRE29",0.132410411122532,"low (<0.4)"
"YPD","HVG1",0.238963279882234,"low (<0.4)"
"YPD","YER040W",0.357871418592368,"low (<0.4)"
"YPD","YER041W",0.170931223371881,"low (<0.4)"
"YPD","MXR1",0.788583252190847,"high (≥0.7)"
"YPD","YER043C",0.667672833495618,"moderate (0.4–0.7)"
"YPD","ERG28",0.83945959104187,"high (≥0.7)"
"YPD","YER045C",0.401631013668863,"moderate (0.4–0.7)"
"YPD","YER046W",0.539708720356347,"moderate (0.4–0.7)"
"YPD","YER047C",0.19607867357457,"low (<0.4)"
"YPD","YER048C",0.350219084712756,"low (<0.4)"
"YPD","YER048W-A",0.589703018500487,"moderate (0.4–0.7)"
"YPD","YER049W",0.650778967867575,"moderate (0.4–0.7)"
"YPD","YER050C",0.392341585841317,"low (<0.4)"
"YPD","JHD1",0.0536486194891073,"low (<0.4)"
"YPD","HOM3",0.711392405063291,"high (≥0.7)"
"YPD","YER053C",0.437330736767653,"moderate (0.4–0.7)"
"YPD","YER053C-A",0.657841885461525,"moderate (0.4–0.7)"
"YPD","YER054C",0.248560994906215,"low (<0.4)"
"YPD","YER055C",0.84157740993184,"high (≥0.7)"
"YPD","FCY2",0.839897760467381,"high (≥0.7)"
"YPD","RPL34A",0.499342745861733,"moderate (0.4–0.7)"
"YPD","HMF1",0.721153846153846,"high (≥0.7)"
"YPD","YER058W",0.476301760164497,"moderate (0.4–0.7)"
"YPD","YER059W",0.233257869053267,"low (<0.4)"
"YPD","YER060W",0.781713284391411,"high (≥0.7)"
"YPD","YER060W-A",0.306601057116813,"low (<0.4)"
"YPD","YER061C",0.352056757435906,"low (<0.4)"
"YPD","HOR2",0.578689841696332,"moderate (0.4–0.7)"
"YPD","YER063W",0.648271665043817,"moderate (0.4–0.7)"
"YPD","YER064C",0.497203610060388,"moderate (0.4–0.7)"
"YPD","YER065C",0.208128264171598,"low (<0.4)"
"YPD","YER066W",0.524729308707277,"moderate (0.4–0.7)"
"YPD","YER067W",0.225899227620326,"low (<0.4)"
"YPD","MOT2",0.251436222005842,"low (<0.4)"
"YPD","YER069W",0.596875589565517,"moderate (0.4–0.7)"
"YPD","RNR1",0.331402142161636,"low (<0.4)"
"YPD","YER071C",0.392438959195127,"low (<0.4)"
"YPD","VTC1",0.709785783836417,"high (≥0.7)"
"YPD","YER073W",0.694839337877313,"moderate (0.4–0.7)"
"YPD","RPS24A",0.657887049659202,"moderate (0.4–0.7)"
"YPD","YER074W-A",0.398334946057438,"low (<0.4)"
"YPD","YER075C",0.157667964946446,"low (<0.4)"
"YPD","YER076C",0.186706970455055,"low (<0.4)"
"YPD","YER077C",0.407545615086447,"moderate (0.4–0.7)"
"YPD","YER078C",0.0591357277661903,"low (<0.4)"
"YPD","YER079W",0.222947894898807,"low (<0.4)"
"YPD","AIM9",0.210785119192798,"low (<0.4)"
"YPD","YER081W",0.429127868849034,"moderate (0.4–0.7)"
"YPD","UTP7",-0.112414800389484,"low (<0.4)"
"YPD","GET2",0.247736124634859,"low (<0.4)"
"YPD","YER084W",0.116768938364117,"low (<0.4)"
"YPD","ILV1",0.495058422590068,"moderate (0.4–0.7)"
"YPD","YER087W",0.198693569638505,"low (<0.4)"
"YPD","SBH1",0.523953261927946,"moderate (0.4–0.7)"
"YPD","DOT6",0.519644595910419,"moderate (0.4–0.7)"
"YPD","YER089C",0.397273612463486,"low (<0.4)"
"YPD","YER090W",0.573515092502434,"moderate (0.4–0.7)"
"YPD","YER091C",0.813405631743591,"high (≥0.7)"
"YPD","YER092W",0.398442064264849,"low (<0.4)"
"YPD","TSC11",0.154172930502904,"low (<0.4)"
"YPD","AIM11",0.404978395248226,"moderate (0.4–0.7)"
"YPD","PUP3",0.454552093476144,"moderate (0.4–0.7)"
"YPD","RAD51",0.268743914313535,"low (<0.4)"
"YPD","YER096W",0.0816681230994658,"low (<0.4)"
"YPD","YER098W",0.259819811357782,"low (<0.4)"
"YPD","YER099C",0.113169425511198,"low (<0.4)"
"YPD","UBC6",0.336197663096397,"low (<0.4)"
"YPD","YER101C",0.268318218282671,"low (<0.4)"
"YPD","RPS8B",0.540262901655307,"moderate (0.4–0.7)"
"YPD","SSA4",0.0582894144281211,"low (<0.4)"
"YPD","YER104W",0.141493071406414,"low (<0.4)"
"YPD","YER105C",0.353700097370983,"low (<0.4)"
"YPD","GLE2",0.363777994157741,"low (<0.4)"
"YPD","KAP123",0.101898734177215,"low (<0.4)"
"YPD","SWI4",0.128448407044504,"low (<0.4)"
"YPD","LSM4",-0.0846884128529698,"low (<0.4)"
"YPD","YER113C",0.298612463485881,"low (<0.4)"
"YPD","BOI2",0.127398535777285,"low (<0.4)"
"YPD","YER115C",0.43280448396909,"moderate (0.4–0.7)"
"YPD","YER116C",0.299715183028994,"low (<0.4)"
"YPD","RPL23B",0.765822784810127,"high (≥0.7)"
"YPD","SHO1",0.226801363193768,"low (<0.4)"
"YPD","YER119C",0.330077471266283,"low (<0.4)"
"YPD","YER120W",0.459566699123661,"moderate (0.4–0.7)"
"YPD","YER122C",0.354892891918208,"low (<0.4)"
"YPD","YCK3",0.135443037974684,"low (<0.4)"
"YPD","YER124C",0.465155341951367,"moderate (0.4–0.7)"
"YPD","RSP5",0.58554040895813,"moderate (0.4–0.7)"
"YPD","YER126C",0.551363193768257,"moderate (0.4–0.7)"
"YPD","YER127W",0.228943524829601,"low (<0.4)"
"YPD","YER128W",0.232324246758465,"low (<0.4)"
"YPD","SAK1",0.255723936935168,"low (<0.4)"
"YPD","YER130C",0.297437770619629,"low (<0.4)"
"YPD","RPS26B",0.602069133398247,"moderate (0.4–0.7)"
"YPD","YER132C",0.398091517117383,"low (<0.4)"
"YPD","GLC7",0.321640701071081,"low (<0.4)"
"YPD","YER134C",0.353507506746485,"low (<0.4)"
"YPD","GDI1",0.426533592989289,"moderate (0.4–0.7)"
"YPD","YER137C",0.153648591362399,"low (<0.4)"
"YPD","SCR1",0.296522688053925,"low (<0.4)"
"YPD","YER139C",0.384332627490396,"low (<0.4)"
"YPD","YER140W",0.105541186153975,"low (<0.4)"
"YPD","YER141W",0.539849074975657,"moderate (0.4–0.7)"
"YPD","MAG1",0.431061973481541,"moderate (0.4–0.7)"
"YPD","DDI1",0.357877056220455,"low (<0.4)"
"YPD","YER144C",0.440886130692976,"moderate (0.4–0.7)"
"YPD","YER145C",0.748563777994158,"high (≥0.7)"
"YPD","YER146W",0.370861733203505,"low (<0.4)"
"YPD","YER147C",0.181499513145083,"low (<0.4)"
"YPD","SPT15",0.196153846153846,"low (<0.4)"
"YPD","PEA2",0.249815896034766,"low (<0.4)"
"YPD","YER150W",0.293634034791541,"low (<0.4)"
"YPD","UBP3",0.277460305873601,"low (<0.4)"
"YPD","YER152C",0.376777020447907,"low (<0.4)"
"YPD","OXA1",0.345447906523856,"low (<0.4)"
"YPD","BEM2",0.363656280428432,"low (<0.4)"
"YPD","YER156C",0.48483446932814,"moderate (0.4–0.7)"
"YPD","COG3",0.233923681280407,"low (<0.4)"
"YPD","YER158C",0.408848857445741,"moderate (0.4–0.7)"
"YPD","BUR6",0.423953261927945,"moderate (0.4–0.7)"
"YPD","SPT2",0.38613915616073,"low (<0.4)"
"YPD","YER162C",0.0429884357881923,"low (<0.4)"
"YPD","YER163C",0.316268653176794,"low (<0.4)"
"YPD","YER164W",0.373709834469328,"low (<0.4)"
"YPD","YER165W",0.111854917234664,"low (<0.4)"
"YPD","YER166W",0.147711781888997,"low (<0.4)"
"YPD","BCK2",0.203140214216164,"low (<0.4)"
"YPD","CCA1",0.0396056475170399,"low (<0.4)"
"YPD","RPH1",0.120742958725131,"low (<0.4)"
"YPD","ADK2",0.143268095987411,"low (<0.4)"
"YPD","RAD3",0.000998052580331062,"low (<0.4)"
"YPD","BRR2",0.0175511197663096,"low (<0.4)"
"YPD","RAD24",0.234594432788121,"low (<0.4)"
"YPD","YER174C",0.56364753924814,"moderate (0.4–0.7)"
"YPD","TMT1",0.342573715177445,"low (<0.4)"
"YPD","ECM32",0.368792599805258,"low (<0.4)"
"YPD","BMH1",0.49817429406037,"moderate (0.4–0.7)"
"YPD","YER178W",0.641699123661149,"moderate (0.4–0.7)"
"YPD","YER180C",0.445925385768951,"moderate (0.4–0.7)"
"YPD","YER180C-A",0.229095479411017,"low (<0.4)"
"YPD","YER182W",0.158898240620278,"low (<0.4)"
"YPD","YER183C",0.336587147030185,"low (<0.4)"
"YPD","YER184C",0.252324828555965,"low (<0.4)"
"YPD","YER185W",0.467821678921454,"moderate (0.4–0.7)"
"YPD","YER186C",0.727080188908905,"high (≥0.7)"
"YPD","YER187W",0.672975989363196,"moderate (0.4–0.7)"
"YPD","YHL048W",0.710849826155754,"high (≥0.7)"
"YPD","ARN2",0.47645931015288,"moderate (0.4–0.7)"
"YPD","YHL044W",0.344055125378195,"low (<0.4)"
"YPD","YHL042W",0.310874764858477,"low (<0.4)"
"YPD","YHL040C",0.288694678416671,"low (<0.4)"
"YPD","YHL039W",0.504308666017527,"moderate (0.4–0.7)"
"YPD","YHL038C",-0.130497255915331,"low (<0.4)"
"YPD","YHL036W",0.261814284322323,"low (<0.4)"
"YPD","YHL035C",0.708683269033469,"high (≥0.7)"
"YPD","SBP1",0.486952288218111,"moderate (0.4–0.7)"
"YPD","RPL8A",0.796518987341772,"high (≥0.7)"
"YPD","YHL032C",0.348743229907635,"low (<0.4)"
"YPD","YHL031C",0.619538823884549,"moderate (0.4–0.7)"
"YPD","YHL030W",0.536164411916038,"moderate (0.4–0.7)"
"YPD","YHL029C",0.345618305744888,"low (<0.4)"
"YPD","WSC4",0.367534587030864,"low (<0.4)"
"YPD","RIM101",0.389897760467381,"low (<0.4)"
"YPD","YHL026C",0.328987889356168,"low (<0.4)"
"YPD","YHL025W",0.295326192794547,"low (<0.4)"
"YPD","NPR3",0.152090560807508,"low (<0.4)"
"YPD","AIM17",0.323749565270524,"low (<0.4)"
"YPD","YHL020C",0.234371957156767,"low (<0.4)"
"YPD","YHL019C",0.246740917017126,"low (<0.4)"
"YPD","YHL018W",0.153514668162248,"low (<0.4)"
"YPD","YHL017W",0.206821003493692,"low (<0.4)"
"YPD","YHL016C",0.182585648388611,"low (<0.4)"
"YPD","RPS20",0.834444985394353,"high (≥0.7)"
"YPD","YLF2",0.398840581758734,"low (<0.4)"
"YPD","YHL013C",0.42921129503408,"moderate (0.4–0.7)"
"YPD","YHL011C",0.705087633885102,"high (≥0.7)"
"YPD","ETP1",0.0319218434269761,"low (<0.4)"
"YPD","YHL009C",0.181530429757259,"low (<0.4)"
"YPD","YHL008C",0.622953418534135,"moderate (0.4–0.7)"
"YPD","YHL007C",0.396324245374878,"low (<0.4)"
"YPD","YHL006C",0.159573253628309,"low (<0.4)"
"YPD","YHL004W",0.741009864971517,"high (≥0.7)"
"YPD","YHL003C",0.533909444985394,"moderate (0.4–0.7)"
"YPD","YHL002W",0.329698149951315,"low (<0.4)"
"YPD","RPL14B",0.773222979552094,"high (≥0.7)"
"YPD","YHR001W",0.15014605647517,"low (<0.4)"
"YPD","YHR001W-A",0.892161635832522,"high (≥0.7)"
"YPD","YHR002W",0.0300920291634863,"low (<0.4)"
"YPD","YHR003C",0.17667964946446,"low (<0.4)"
"YPD","YHR004C",-0.111277463537594,"low (<0.4)"
"YPD","GPA1",0.148222560493449,"low (<0.4)"
"YPD","TIM10",0.786562804284323,"high (≥0.7)"
"YPD","YHR006W",0.419162842780462,"moderate (0.4–0.7)"
"YPD","ERG11",0.950097370983447,"high (≥0.7)"
"YPD","YHR008C",0.726314508276534,"high (≥0.7)"
"YPD","TDA3",0.372224926971762,"low (<0.4)"
"YPD","RPL27A",0.671470301850049,"moderate (0.4–0.7)"
"YPD","YHR011W",0.12845176804504,"low (<0.4)"
"YPD","VPS29",0.380842259006816,"low (<0.4)"
"YPD","ARD1",0.483227848101266,"moderate (0.4–0.7)"
"YPD","YHR015W",0.235015047160977,"low (<0.4)"
"YPD","YSC84",-0.0318300773518714,"low (<0.4)"
"YPD","YHR017W",0.11094135443662,"low (<0.4)"
"YPD","YHR018C",0.840652385589094,"high (≥0.7)"
"YPD","DED81",0.518670886075949,"moderate (0.4–0.7)"
"YPD","YHR020W",0.380963972736125,"low (<0.4)"
"YPD","RPS27B",0.665238558909445,"moderate (0.4–0.7)"
"YPD","YHR022C",0.268685169416108,"low (<0.4)"
"YPD","YHR023W",0.199575216503309,"low (<0.4)"
"YPD","MAS2",0.516650438169426,"moderate (0.4–0.7)"
"YPD","YHR025W",0.487268743914314,"moderate (0.4–0.7)"
"YPD","VMA16",0.360905550146056,"low (<0.4)"
"YPD","RPN1",0.628481012658228,"moderate (0.4–0.7)"
"YPD","DAP2",0.410250792673083,"moderate (0.4–0.7)"
"YPD","YHR029C",0.500867324513577,"moderate (0.4–0.7)"
"YPD","SLT2",0.474342745861733,"moderate (0.4–0.7)"
"YPD","RRM3",0.387755598831548,"low (<0.4)"
"YPD","YHR032W",-0.0952462921120338,"low (<0.4)"
"YPD","YHR033W",0.0697104606052822,"low (<0.4)"
"YPD","PIH1",0.414410905550146,"moderate (0.4–0.7)"
"YPD","YHR035W",0.12180567730663,"low (<0.4)"
"YPD","YHR036W",0.0590569390861224,"low (<0.4)"
"YPD","YHR037W",0.479944498210556,"moderate (0.4–0.7)"
"YPD","RRF1",0.216809689404028,"low (<0.4)"
"YPD","YHR039C",0.576780530564056,"moderate (0.4–0.7)"
"YPD","VMA10",0.35983446932814,"low (<0.4)"
"YPD","YHR040W",0.33515296466641,"low (<0.4)"
"YPD","SRB2",0.650243427458617,"moderate (0.4–0.7)"
"YPD","NCP1",0.574415774099319,"moderate (0.4–0.7)"
"YPD","DOG2",0.73003237685644,"high (≥0.7)"
"YPD","DOG1",0.481905347233161,"moderate (0.4–0.7)"
"YPD","YHR045W",0.27261441090555,"low (<0.4)"
"YPD","YHR046C",0.506779619907212,"moderate (0.4–0.7)"
"YPD","AAP1",0.641772151898734,"moderate (0.4–0.7)"
"YPD","YHR048W",0.328296699980514,"low (<0.4)"
"YPD","YHR049W",0.84832035053554,"high (≥0.7)"
"YPD","YHR050W",0.259225900681597,"low (<0.4)"
"YPD","YHR050W-A",0.031371586002752,"low (<0.4)"
"YPD","YHR051W",0.819474196689387,"high (≥0.7)"
"YPD","CIC1",0.282254138266797,"low (<0.4)"
"YPD","YHR056C",0.120910912346917,"low (<0.4)"
"YPD","CPR2",0.516260954235638,"moderate (0.4–0.7)"
"YPD","YHR058C",0.384381262292124,"low (<0.4)"
"YPD","YHR059W",0.600247080385266,"moderate (0.4–0.7)"
"YPD","VMA22",0.148104871145906,"low (<0.4)"
"YPD","YHR061C",-0.000292155622946469,"low (<0.4)"
"YPD","YHR062C",0.152715145542906,"low (<0.4)"
"YPD","YHR063C",0.220666991236611,"low (<0.4)"
"YPD","SSZ1",0.629649464459591,"moderate (0.4–0.7)"
"YPD","YHR065C",0.0593232716650438,"low (<0.4)"
"YPD","YHR066W",0.244595910418695,"low (<0.4)"
"YPD","HTD2",0.0388895672719733,"low (<0.4)"
"YPD","YHR068W",0.569814995131451,"moderate (0.4–0.7)"
"YPD","YHR069C",0.260443037974684,"low (<0.4)"
"YPD","YHR070W",0.602896786757546,"moderate (0.4–0.7)"
"YPD","YHR071W",0.590789866064166,"moderate (0.4–0.7)"
"YPD","YHR072W",0.461343719571568,"moderate (0.4–0.7)"
"YPD","YHR072W-A",0.447711781888997,"moderate (0.4–0.7)"
"YPD","YHR073W",0.270959104186952,"low (<0.4)"
"YPD","YHR074W",0.426436222005842,"moderate (0.4–0.7)"
"YPD","PPE1",0.236492639770582,"low (<0.4)"
"YPD","YHR076W",0.183152770681371,"low (<0.4)"
"YPD","NMD2",0.0628286270691334,"low (<0.4)"
"YPD","YHR078W",0.27963192880556,"low (<0.4)"
"YPD","IRE1",0.0951673774549353,"low (<0.4)"
"YPD","YHR080C",0.420353093685326,"moderate (0.4–0.7)"
"YPD","LRP1",0.300810633259363,"low (<0.4)"
"YPD","YHR082C",0.170496592015579,"low (<0.4)"
"YPD","SAM35",0.569133398247322,"moderate (0.4–0.7)"
"YPD","YHR084W",0.357446291210346,"low (<0.4)"
"YPD","YHR085W",0.055270540839271,"low (<0.4)"
"YPD","NAM8",0.241371965510589,"low (<0.4)"
"YPD","YHR087W",0.281415843030333,"low (<0.4)"
"YPD","YHR088W",0.324172346640701,"low (<0.4)"
"YPD","YHR089C",0.627604673807206,"moderate (0.4–0.7)"
"YPD","YNG2",0.140660946033738,"low (<0.4)"
"YPD","MSR1",0.39944984066949,"low (<0.4)"
"YPD","HXT4",0.564543914571676,"moderate (0.4–0.7)"
"YPD","HXT1",0.860150925024343,"high (≥0.7)"
"YPD","YHR096C",0.137856874388923,"low (<0.4)"
"YPD","YHR097C",0.355060556923169,"low (<0.4)"
"YPD","SFB3",0.192283349561831,"low (<0.4)"
"YPD","YHR099W",0.444498539435248,"moderate (0.4–0.7)"
"YPD","YHR100C",0.229322232977914,"low (<0.4)"
"YPD","YHR101C",0.24125295737138,"low (<0.4)"
"YPD","KIC1",0.352077704040638,"low (<0.4)"
"YPD","YHR103W",0.517891918208374,"moderate (0.4–0.7)"
"YPD","YHR104W",0.514483933787731,"moderate (0.4–0.7)"
"YPD","YHR106W",0.314344852217182,"low (<0.4)"
"YPD","CDC12",0.260077896786758,"low (<0.4)"
"YPD","YHR108W",0.367745861733204,"low (<0.4)"
"YPD","YHR109W",0.133802774242316,"low (<0.4)"
"YPD","YHR110W",0.329576436222006,"low (<0.4)"
"YPD","UBA4",0.351623740201568,"low (<0.4)"
"YPD","YHR112C",0.691936847385618,"moderate (0.4–0.7)"
"YPD","YHR113W",0.408911933502786,"moderate (0.4–0.7)"
"YPD","BZZ1",0.367414007265806,"low (<0.4)"
"YPD","DMA1",0.576484907497566,"moderate (0.4–0.7)"
"YPD","YHR116W",0.687268743914314,"moderate (0.4–0.7)"
"YPD","TOM71",0.365116845180136,"low (<0.4)"
"YPD","YHR118C",-0.0347129668517069,"low (<0.4)"
"YPD","SET1",0.395231227071748,"low (<0.4)"
"YPD","YHR120W",0.39016553067186,"low (<0.4)"
"YPD","YHR121W",0.226168451801363,"low (<0.4)"
"YPD","YHR122W",0.494939720917886,"moderate (0.4–0.7)"
"YPD","YHR123W",0.387025316455696,"low (<0.4)"
"YPD","YHR127W",0.304430379746835,"low (<0.4)"
"YPD","YHR128W",0.76080817916261,"high (≥0.7)"
"YPD","ARP1",0.254151045661516,"low (<0.4)"
"YPD","YHR131C",-0.0719016313610908,"low (<0.4)"
"YPD","YHR132C",0.448003894839338,"moderate (0.4–0.7)"
"YPD","YHR132W-A",0.30314390389367,"low (<0.4)"
"YPD","YHR133C",0.315019474196689,"low (<0.4)"
"YPD","YHR134W",0.258482493738703,"low (<0.4)"
"YPD","YCK1",0.369230769230769,"low (<0.4)"
"YPD","YHR136C",0.754558989423586,"high (≥0.7)"
"YPD","YHR137W",0.753513809898451,"high (≥0.7)"
"YPD","YHR138C",0.434790021480606,"moderate (0.4–0.7)"
"YPD","RPL42B",0.740043816942551,"high (≥0.7)"
"YPD","YHR142W",0.397103213242454,"low (<0.4)"
"YPD","YHR143W",0.369970057803334,"low (<0.4)"
"YPD","RPC10",0.51657740993184,"moderate (0.4–0.7)"
"YPD","YHR144C",0.304503407984421,"low (<0.4)"
"YPD","YHR146W",0.524050632911392,"moderate (0.4–0.7)"
"YPD","MRPL6",0.563193768257059,"moderate (0.4–0.7)"
"YPD","YHR148W",0.498466407010711,"moderate (0.4–0.7)"
"YPD","YHR149C",0.217502434274586,"low (<0.4)"
"YPD","YHR150W",0.224964401194937,"low (<0.4)"
"YPD","YHR151C",0.200000010021739,"low (<0.4)"
"YPD","YHR152W",0.326816800960617,"low (<0.4)"
"YPD","YHR153C",-0.0359126156884415,"low (<0.4)"
"YPD","RTT107",0.18876952067313,"low (<0.4)"
"YPD","YHR155W",0.195837390457644,"low (<0.4)"
"YPD","LIN1",0.0814805836518615,"low (<0.4)"
"YPD","YHR158C",0.00692791476955139,"low (<0.4)"
"YPD","YHR159W",0.126885149617547,"low (<0.4)"
"YPD","YHR161C",0.269513562168118,"low (<0.4)"
"YPD","YHR162W",0.696056475170399,"moderate (0.4–0.7)"
"YPD","YHR163W",0.747955209347614,"high (≥0.7)"
"YPD","DNA2",0.0637550612514626,"low (<0.4)"
"YPD","PRP8",0.301411879259981,"low (<0.4)"
"YPD","YHR166C",-0.101576907077746,"low (<0.4)"
"YPD","YHR167W",0.0807468536474312,"low (<0.4)"
"YPD","YHR168W",0.0392376483876096,"low (<0.4)"
"YPD","YHR169W",0.305550146056475,"low (<0.4)"
"YPD","NMD3",0.362852969814995,"low (<0.4)"
"YPD","ATG7",0.178012725202603,"low (<0.4)"
"YPD","YHR172W",0.0993205030171946,"low (<0.4)"
"YPD","ENO2",0.768451801363194,"high (≥0.7)"
"YPD","YHR175W",0.564070107108082,"moderate (0.4–0.7)"
"YPD","YHR175W-A",0.207084602873287,"low (<0.4)"
"YPD","YHR176W",0.375773294077126,"low (<0.4)"
"YPD","YHR177W",0.275031684786233,"low (<0.4)"
"YPD","YHR178W",0.0640366213213858,"low (<0.4)"
"YPD","OYE2",0.871543330087634,"high (≥0.7)"
"YPD","SVP26",0.425121713729309,"moderate (0.4–0.7)"
"YPD","YHR182W",0.114111779734795,"low (<0.4)"
"YPD","YHR183W",0.670009737098345,"moderate (0.4–0.7)"
"YPD","SSP1",0.515740383260994,"moderate (0.4–0.7)"
"YPD","KOG1",0.274453478747748,"low (<0.4)"
"YPD","IKI1",0.387828627069133,"low (<0.4)"
"YPD","YHR188C",0.18047711781889,"low (<0.4)"
"YPD","YHR190W",0.55379746835443,"moderate (0.4–0.7)"
"YPD","YHR191C",0.517602955236917,"moderate (0.4–0.7)"
"YPD","YHR192W",0.286954034535709,"low (<0.4)"
"YPD","YHR193C",0.582521908471275,"moderate (0.4–0.7)"
"YPD","YHR194W",0.155992112804564,"low (<0.4)"
"YPD","NVJ1",0.257722924198177,"low (<0.4)"
"YPD","YHR196W",0.196811100292113,"low (<0.4)"
"YPD","RIX1",0.500608568646543,"moderate (0.4–0.7)"
"YPD","AIM18",0.208180159789499,"low (<0.4)"
"YPD","AIM46",0.527181884028044,"moderate (0.4–0.7)"
"YPD","RPN10",0.340774099318403,"low (<0.4)"
"YPD","YHR201C",0.390262901655307,"low (<0.4)"
"YPD","YHR202W",0.296719216570111,"low (<0.4)"
"YPD","RPS4B",0.81881694255112,"high (≥0.7)"
"YPD","MNL1",-0.00496598059859541,"low (<0.4)"
"YPD","SCH9",0.349634858812074,"low (<0.4)"
"YPD","SKN7",0.304999543610461,"low (<0.4)"
"YPD","YHR207C",0.13807753030568,"low (<0.4)"
"YPD","BAT1",0.829235637779942,"high (≥0.7)"
"YPD","YHR209W",0.537778252375084,"moderate (0.4–0.7)"
"YPD","YHR210C",0.265637971690015,"low (<0.4)"
"YPD","PHO12",0.635783386141772,"moderate (0.4–0.7)"
"YPD","IMD2",0.887455194340588,"high (≥0.7)"
"YPD","YIL169C",0.882543392262276,"high (≥0.7)"
"YPD","YIL166C",-0.0300360012256776,"low (<0.4)"
"YPD","YIL165C",0.38164221873607,"low (<0.4)"
"YPD","YIL162W",0.680915287244401,"moderate (0.4–0.7)"
"YPD","YIL161W",0.0167048176073739,"low (<0.4)"
"YPD","YIL159W",0.339311687973055,"low (<0.4)"
"YPD","YIL158W",0.285456946554377,"low (<0.4)"
"YPD","COA1",0.353629221216512,"low (<0.4)"
"YPD","YIL156W-B",0.183752335399796,"low (<0.4)"
"YPD","YIL156W",-0.056678190851615,"low (<0.4)"
"YPD","YIL155C",0.289464954359365,"low (<0.4)"
"YPD","IMP2'",0.385993098796697,"low (<0.4)"
"YPD","RRD1",0.14822658783817,"low (<0.4)"
"YPD","YIL152W",0.281747916047329,"low (<0.4)"
"YPD","YIL151C",0.184323271665044,"low (<0.4)"
"YPD","MCM10",0.26356664833132,"low (<0.4)"
"YPD","YIL149C",0.186343719571568,"low (<0.4)"
"YPD","RPL40A",0.621445959104187,"moderate (0.4–0.7)"
"YPD","SLN1",0.207523171396074,"low (<0.4)"
"YPD","ATG32",0.473579144064443,"moderate (0.4–0.7)"
"YPD","YIL145C",0.677726387536514,"moderate (0.4–0.7)"
"YPD","TID3",0.0789774808042492,"low (<0.4)"
"YPD","SSL2",0.183130477117819,"low (<0.4)"
"YPD","CCT2",0.403237585199611,"moderate (0.4–0.7)"
"YPD","AXL2",0.307534996956786,"low (<0.4)"
"YPD","YIL139C",0.504774250096069,"moderate (0.4–0.7)"
"YPD","TPM2",0.524513145082765,"moderate (0.4–0.7)"
"YPD","TMA108",0.250851996105161,"low (<0.4)"
"YPD","YIL136W",0.179671334258742,"low (<0.4)"
"YPD","YIL135C",0.252099819274969,"low (<0.4)"
"YPD","YIL134W",0.23010163757544,"low (<0.4)"
"YPD","RPL16A",0.854941577409932,"high (≥0.7)"
"YPD","YIL132C",0.547157519807813,"moderate (0.4–0.7)"
"YPD","YIL131C",0.180481511287927,"low (<0.4)"
"YPD","YIL130W",0.254097713797123,"low (<0.4)"
"YPD","TAO3",0.255185004868549,"low (<0.4)"
"YPD","MET18",0.301133770293857,"low (<0.4)"
"YPD","YIL127C",0.232375851996105,"low (<0.4)"
"YPD","STH1",0.440481986368062,"moderate (0.4–0.7)"
"YPD","KGD1",0.532789678675755,"moderate (0.4–0.7)"
"YPD","AYR1",0.369133398247322,"low (<0.4)"
"YPD","YIL123W",0.329113924050633,"low (<0.4)"
"YPD","YIL122W",0.258358238844023,"low (<0.4)"
"YPD","YIL120W",0.584577910803702,"moderate (0.4–0.7)"
"YPD","YIL119C",0.632804491091042,"moderate (0.4–0.7)"
"YPD","YIL118W",0.40365141187926,"moderate (0.4–0.7)"
"YPD","YIL117C",0.672347951645526,"moderate (0.4–0.7)"
"YPD","YIL116W",0.731523855890945,"high (≥0.7)"
"YPD","NUP159",0.356937682570594,"low (<0.4)"
"YPD","POR2",0.52031718791852,"moderate (0.4–0.7)"
"YPD","YIL113W",0.187328287128156,"low (<0.4)"
"YPD","YIL112W",0.206840311587147,"low (<0.4)"
"YPD","YIL111W",0.498901310892914,"moderate (0.4–0.7)"
"YPD","HPM1",0.14985394352483,"low (<0.4)"
"YPD","SEC24",0.242283349561831,"low (<0.4)"
"YPD","YIL108W",0.357594532789697,"low (<0.4)"
"YPD","PFK26",0.393740001288262,"low (<0.4)"
"YPD","YIL106W",0.235103670304197,"low (<0.4)"
"YPD","SLM1",0.257525409764261,"low (<0.4)"
"YPD","YIL104C",0.0580334593088845,"low (<0.4)"
"YPD","DPH1",0.25365141187926,"low (<0.4)"
"YPD","YIL102C-A",0.383739045764362,"low (<0.4)"
"YPD","YIL098C",0.461870854729162,"moderate (0.4–0.7)"
"YPD","FYV10",-0.00174571775518087,"low (<0.4)"
"YPD","YIL096C",0.432483750949732,"moderate (0.4–0.7)"
"YPD","PRK1",0.128880478034622,"low (<0.4)"
"YPD","LYS12",0.871056475170399,"high (≥0.7)"
"YPD","YIL093C",0.535199610516066,"moderate (0.4–0.7)"
"YPD","YIL092W",0.260432391554865,"low (<0.4)"
"YPD","YIL091C",0.141601752677702,"low (<0.4)"
"YPD","YIL090W",0.291747809152872,"low (<0.4)"
"YPD","YIL088C",0.454506725934561,"moderate (0.4–0.7)"
"YPD","AIM19",0.672448421913626,"moderate (0.4–0.7)"
"YPD","YIL085C",0.21404576436222,"low (<0.4)"
"YPD","YIL084C",0.358858256400716,"low (<0.4)"
"YPD","YIL083C",0.412100852617494,"moderate (0.4–0.7)"
"YPD","YIL079C",0.363558909444985,"low (<0.4)"
"YPD","THS1",0.375,"low (<0.4)"
"YPD","YIL077C",0.560383651179941,"moderate (0.4–0.7)"
"YPD","SEC28",0.391187925998053,"low (<0.4)"
"YPD","RPN2",0.719863680623174,"high (≥0.7)"
"YPD","YIL074C",0.768670886075949,"high (≥0.7)"
"YPD","SPO22",0.229516282454158,"low (<0.4)"
"YPD","PCI8",0.0314502258805718,"low (<0.4)"
"YPD","YIL070C",0.752750730282376,"high (≥0.7)"
"YPD","RPS24B",0.823442064264849,"high (≥0.7)"
"YPD","YIL068C",0.0643139259622788,"low (<0.4)"
"YPD","YIL067C",0.344482990109106,"low (<0.4)"
"YPD","RNR3",0.13160834057335,"low (<0.4)"
"YPD","FIS1",0.589970788704966,"moderate (0.4–0.7)"
"YPD","YIL064W",0.639021421616358,"moderate (0.4–0.7)"
"YPD","YIL063C",0.307596808652292,"low (<0.4)"
"YPD","YIL062C",0.43230282375852,"moderate (0.4–0.7)"
"YPD","SNP1",0.266956347110269,"low (<0.4)"
"YPD","YIL056W",0.51292599805258,"moderate (0.4–0.7)"
"YPD","YIL055C",0.238041817762463,"low (<0.4)"
"YPD","RHR2",0.772687439143135,"high (≥0.7)"
"YPD","RPL34B",0.66643135345667,"moderate (0.4–0.7)"
"YPD","MMF1",0.900973709834469,"high (≥0.7)"
"YPD","YIL050W",0.455176192188615,"moderate (0.4–0.7)"
"YPD","YIL049W",0.42843405836756,"moderate (0.4–0.7)"
"YPD","YIL048W",0.259737098344693,"low (<0.4)"
"YPD","YIL047C",0.201192794547225,"low (<0.4)"
"YPD","MET30",0.368867872863895,"low (<0.4)"
"YPD","YIL045W",0.380167855039629,"low (<0.4)"
"YPD","AGE2",0.293695228821811,"low (<0.4)"
"YPD","CBR1",0.891455696202532,"high (≥0.7)"
"YPD","YIL042C",0.26210485841381,"low (<0.4)"
"YPD","YIL041W",0.572444011684518,"moderate (0.4–0.7)"
"YPD","YIL040W",0.586465433300876,"moderate (0.4–0.7)"
"YPD","YIL039W",0.300973709834469,"low (<0.4)"
"YPD","YIL038C",0.275632911392405,"low (<0.4)"
"YPD","CST6",0.00497812182410523,"low (<0.4)"
"YPD","CKA1",0.196056475170399,"low (<0.4)"
"YPD","YIL034C",0.546032132424538,"moderate (0.4–0.7)"
"YPD","BCY1",0.215944498539435,"low (<0.4)"
"YPD","ULP2",0.264335008946068,"low (<0.4)"
"YPD","SSM4",0.460613437195716,"moderate (0.4–0.7)"
"YPD","YIL029C",0.908980896678799,"high (≥0.7)"
"YPD","KRE27",0.584323271665044,"moderate (0.4–0.7)"
"YPD","IRR1",0.491966893865628,"moderate (0.4–0.7)"
"YPD","YIL024C",0.393542681029986,"low (<0.4)"
"YPD","YIL023C",0.143670886075949,"low (<0.4)"
"YPD","TIM44",0.47373417721519,"moderate (0.4–0.7)"
"YPD","RPB3",0.229040895813048,"low (<0.4)"
"YPD","YIL020C",0.332619279454723,"low (<0.4)"
"YPD","YIL019W",0.235710808179163,"low (<0.4)"
"YPD","RPL2B",0.843354430379747,"high (≥0.7)"
"YPD","VID28",0.0954224494765035,"low (<0.4)"
"YPD","YIL016W",0.425267770204479,"moderate (0.4–0.7)"
"YPD","BAR1",0.302094860139222,"low (<0.4)"
"YPD","YIL014W",0.195131154886367,"low (<0.4)"
"YPD","YIL013C",0.489010441929308,"moderate (0.4–0.7)"
"YPD","TIR3",0.919401168451801,"high (≥0.7)"
"YPD","YIL010W",0.418174404671842,"moderate (0.4–0.7)"
"YPD","YIL009C-A",0.675369729204047,"moderate (0.4–0.7)"
"YPD","YIL009W",0.575803310613437,"moderate (0.4–0.7)"
"YPD","YIL008W",0.387390457643622,"low (<0.4)"
"YPD","YIL007C",0.0819183252688697,"low (<0.4)"
"YPD","YIA6",0.0160857959310563,"low (<0.4)"
"YPD","YIL005W",0.383577983998364,"low (<0.4)"
"YPD","BET1",0.192891918208374,"low (<0.4)"
"YPD","CFD1",0.382621607976949,"low (<0.4)"
"YPD","YIL002W-A",0.387049659201558,"low (<0.4)"
"YPD","INP51",0.123545450119285,"low (<0.4)"
"YPD","YIL001W",-0.0230967263247481,"low (<0.4)"
"YPD","SGN1",0.28494391513668,"low (<0.4)"
"YPD","YIR002C",0.249186034486324,"low (<0.4)"
"YPD","YIR003W",0.313291139240506,"low (<0.4)"
"YPD","DJP1",0.186173320350536,"low (<0.4)"
"YPD","IST3",0.443644833954772,"moderate (0.4–0.7)"
"YPD","PAN1",0.269814995131451,"low (<0.4)"
"YPD","YIR007W",0.34141915342242,"low (<0.4)"
"YPD","YIR008C",0.326452366752273,"low (<0.4)"
"YPD","MSL1",0.406860149602547,"moderate (0.4–0.7)"
"YPD","YIR010W",0.0940087587685281,"low (<0.4)"
"YPD","STS1",0.229819863680623,"low (<0.4)"
"YPD","YIR012W",0.452629016553067,"moderate (0.4–0.7)"
"YPD","YIR014W",0.269236496909728,"low (<0.4)"
"YPD","YIR016W",0.201681082791546,"low (<0.4)"
"YPD","YIR017C",0.423705501855864,"moderate (0.4–0.7)"
"YPD","YIR018W",0.278437235191635,"low (<0.4)"
"YPD","MUC1",0.670684567371814,"moderate (0.4–0.7)"
"YPD","ICR1",0.275600137646169,"low (<0.4)"
"YPD","MRS1",0.302465980274143,"low (<0.4)"
"YPD","YIR022W",0.432667964946446,"moderate (0.4–0.7)"
"YPD","DAL81",0.318782716908397,"low (<0.4)"
"YPD","YIR024C",0.221314718496796,"low (<0.4)"
"YPD","YIR025W",0.162596300484865,"low (<0.4)"
"YPD","YIR026C",0.569498539435248,"moderate (0.4–0.7)"
"YPD","YIR027C",0.632748019902014,"moderate (0.4–0.7)"
"YPD","YIR028W",0.471362629862204,"moderate (0.4–0.7)"
"YPD","DAL2",0.286625563871841,"low (<0.4)"
"YPD","YIR030C",0.424233128129992,"moderate (0.4–0.7)"
"YPD","DAL7",0.212790633169771,"low (<0.4)"
"YPD","YIR032C",0.447026706165861,"moderate (0.4–0.7)"
"YPD","YIR033W",0.551655306718598,"moderate (0.4–0.7)"
"YPD","YIR034C",0.702343133185594,"high (≥0.7)"
"YPD","YIR035C",0.663437195715677,"moderate (0.4–0.7)"
"YPD","YIR036C",0.305842259006816,"low (<0.4)"
"YPD","HYR1",0.645934761441091,"moderate (0.4–0.7)"
"YPD","YIR038C",0.707278481012658,"high (≥0.7)"
"YPD","YIR042C",0.840419719634589,"high (≥0.7)"
"YPD","YCL064C",0.747517039922103,"high (≥0.7)"
"YPD","VAC17",0.185370009737098,"low (<0.4)"
"YPD","MRC1",0.041713341926285,"low (<0.4)"
"YPD","YCL059C",0.389167478091529,"low (<0.4)"
"YPD","FYV5",0.183054972420896,"low (<0.4)"
"YPD","YCL058W-A",0.210662122687439,"low (<0.4)"
"YPD","MOS1",0.731110029211295,"high (≥0.7)"
"YPD","YCL057W",0.381888997078871,"low (<0.4)"
"YPD","YCL056C",0.382774653829426,"low (<0.4)"
"YPD","YCL055W",0.197907286749146,"low (<0.4)"
"YPD","YCL054W",0.207278481012658,"low (<0.4)"
"YPD","YCL052C",0.203875459540921,"low (<0.4)"
"YPD","YCL051W",0.126305539584601,"low (<0.4)"
"YPD","APA1",0.577653359298929,"moderate (0.4–0.7)"
"YPD","YCL049C",0.912828627069133,"high (≥0.7)"
"YPD","YCL047C",0.345924695263801,"low (<0.4)"
"YPD","YCL045C",0.288924050632911,"low (<0.4)"
"YPD","YCL044C",0.47012999659185,"moderate (0.4–0.7)"
"YPD","PDI1",0.642332035053554,"moderate (0.4–0.7)"
"YPD","GLK1",0.48165729462408,"moderate (0.4–0.7)"
"YPD","GID7",0.365305253583158,"low (<0.4)"
"YPD","ATG22",0.472262979140983,"moderate (0.4–0.7)"
"YPD","YCL037C",0.470740019474197,"moderate (0.4–0.7)"
"YPD","GFD2",0.418900168093155,"moderate (0.4–0.7)"
"YPD","YCL035C",0.480963972736125,"moderate (0.4–0.7)"
"YPD","YCL034W",0.467210321324245,"moderate (0.4–0.7)"
"YPD","MXR2",0.537439143135346,"moderate (0.4–0.7)"
"YPD","YCL032W",0.0262917656137828,"low (<0.4)"
"YPD","YCL031C",-0.0171383361037992,"low (<0.4)"
"YPD","YCL030C",0.763753651411879,"high (≥0.7)"
"YPD","BIK1",0.250263213990529,"low (<0.4)"
"YPD","RNQ1",0.193013631937683,"low (<0.4)"
"YPD","HBN1",0.824506919328743,"high (≥0.7)"
"YPD","FRM2",0.490422535211268,"moderate (0.4–0.7)"
"YPD","AGP1",0.689221594606123,"moderate (0.4–0.7)"
"YPD","YCL024W",0.222646930987122,"low (<0.4)"
"YPD","YCL018W",0.839143135345667,"high (≥0.7)"
"YPD","NFS1",0.330647517039922,"low (<0.4)"
"YPD","YCL016C",0.153198223155125,"low (<0.4)"
"YPD","BUD3",0.0700097370983447,"low (<0.4)"
"YPD","YCL012C",0.342770204479065,"low (<0.4)"
"YPD","GBP2",0.188096397273612,"low (<0.4)"
"YPD","YCL010C",0.386148135338725,"low (<0.4)"
"YPD","YCL009C",0.724488802336904,"high (≥0.7)"
"YPD","STP22",-0.0524342745861733,"low (<0.4)"
"YPD","VMA9",0.239410905550146,"low (<0.4)"
"YPD","YCL005W",0.229679398300727,"low (<0.4)"
"YPD","PGS1",0.151434707267256,"low (<0.4)"
"YPD","YCL002C",0.26166017526777,"low (<0.4)"
"YPD","YCL001W",0.383519961051607,"low (<0.4)"
"YPD","YCR002C",0.206061343719572,"low (<0.4)"
"YPD","MRPL32",0.602229849980042,"moderate (0.4–0.7)"
"YPD","YCR004C",0.456791626095424,"moderate (0.4–0.7)"
"YPD","YCR005C",0.348085396534404,"low (<0.4)"
"YPD","YCR007C",0.19592314294575,"low (<0.4)"
"YPD","SAT4",0.304089581304771,"low (<0.4)"
"YPD","RVS161",0.487950340798442,"moderate (0.4–0.7)"
"YPD","YCR011C",0.219324565629762,"low (<0.4)"
"YPD","YCR012W",0.718476144109056,"high (≥0.7)"
"YPD","POL4",0.0492151362401313,"low (<0.4)"
"YPD","YCR015C",0.16478680716055,"low (<0.4)"
"YPD","YCR016W",0.354673807205453,"low (<0.4)"
"YPD","YCR017C",0.3547711781889,"low (<0.4)"
"YPD","YCR018C",0.10044657665015,"low (<0.4)"
"YPD","YCR019W",0.210120804587253,"low (<0.4)"
"YPD","PET18",0.528407086011415,"moderate (0.4–0.7)"
"YPD","MAK31",0.63118305744888,"moderate (0.4–0.7)"
"YPD","YCR020W-B",0.117478091528724,"low (<0.4)"
"YPD","HSP30",0.0295709410043881,"low (<0.4)"
"YPD","YCR023C",0.511553746076574,"moderate (0.4–0.7)"
"YPD","YCR024C",0.129725650614158,"low (<0.4)"
"YPD","YCR024C-B",0.58975170399221,"moderate (0.4–0.7)"
"YPD","YCR024C-A",0.237744874303784,"low (<0.4)"
"YPD","YCR026C",0.385274983423538,"low (<0.4)"
"YPD","RHB1",0.150703856983772,"low (<0.4)"
"YPD","YCR028C",0.428958306716236,"moderate (0.4–0.7)"
"YPD","YCR028C-A",0.510102239532619,"moderate (0.4–0.7)"
"YPD","SYP1",0.48666017526777,"moderate (0.4–0.7)"
"YPD","RPS14A",0.767453748782863,"high (≥0.7)"
"YPD","YCR032W",0.0147030185004869,"low (<0.4)"
"YPD","YCR033W",0.235102239532619,"low (<0.4)"
"YPD","FEN1",0.335102239532619,"low (<0.4)"
"YPD","YCR035C",0.110467380720545,"low (<0.4)"
"YPD","YCR036W",0.441336668317985,"moderate (0.4–0.7)"
"YPD","YCR037C",0.294303797468354,"low (<0.4)"
"YPD","YCR038C",0.293121353782852,"low (<0.4)"
"YPD","YCR041W",0.475112769334059,"moderate (0.4–0.7)"
"YPD","TAF2",0.34069097305264,"low (<0.4)"
"YPD","YCR043C",0.717015579357352,"high (≥0.7)"
"YPD","PER1",0.483276533592989,"moderate (0.4–0.7)"
"YPD","YCR046C",0.699148003894839,"moderate (0.4–0.7)"
"YPD","YCR047C",0.255306718597858,"low (<0.4)"
"YPD","ARE1",-0.0362717950338883,"low (<0.4)"
"YPD","YCR051W",0.584298928919182,"moderate (0.4–0.7)"
"YPD","YCR052W",0.38230282375852,"low (<0.4)"
"YPD","YCR053W",0.512390457643622,"moderate (0.4–0.7)"
"YPD","YCR054C",0.104357881923311,"low (<0.4)"
"YPD","PWP2",0.303748782862707,"low (<0.4)"
"YPD","YCR059C",0.409639727361246,"moderate (0.4–0.7)"
"YPD","YCR060W",0.577204898050721,"moderate (0.4–0.7)"
"YPD","YCR061W",0.503803600335934,"moderate (0.4–0.7)"
"YPD","BUD31",0.309451646851482,"low (<0.4)"
"YPD","YCR065W",0.468551258332057,"moderate (0.4–0.7)"
"YPD","YCR066W",0.0127932029347773,"low (<0.4)"
"YPD","YCR067C",0.0896543330087634,"low (<0.4)"
"YPD","CPR4",0.213364167478092,"low (<0.4)"
"YPD","YCR071C",0.53722005842259,"moderate (0.4–0.7)"
"YPD","YCR072C",0.200584225900682,"low (<0.4)"
"YPD","YCR073C",0.310410340648619,"low (<0.4)"
"YPD","SOL2",0.613193768257059,"moderate (0.4–0.7)"
"YPD","YCR075C",0.379718790648022,"low (<0.4)"
"YPD","YCR075W-A",0.148000730600919,"low (<0.4)"
"YPD","YCR076C",0.363578821926836,"low (<0.4)"
"YPD","PAT1",0.195301850048686,"low (<0.4)"
"YPD","PTC6",-0.0342726719415703,"low (<0.4)"
"YPD","SRB8",0.160495712247677,"low (<0.4)"
"YPD","YCR082W",0.535150925024343,"moderate (0.4–0.7)"
"YPD","YCR083W",0.345695865368149,"low (<0.4)"
"YPD","TUP1",0.410004868549172,"moderate (0.4–0.7)"
"YPD","YCR086W",0.205989045957075,"low (<0.4)"
"YPD","YCR087C-A",0.675170399221032,"moderate (0.4–0.7)"
"YPD","YCR088W",0.28554040895813,"low (<0.4)"
"YPD","YCR089W",0.0943539806999811,"low (<0.4)"
"YPD","YCR090C",0.427458617332035,"moderate (0.4–0.7)"
"YPD","KIN82",-0.028490788173887,"low (<0.4)"
"YPD","YCR092C",0.287981790839112,"low (<0.4)"
"YPD","CDC39",0.083398247322298,"low (<0.4)"
"YPD","YCR094W",0.296569477667844,"low (<0.4)"
"YPD","YCR095C",0.297370983446933,"low (<0.4)"
"YPD","YCR095W-A",0.296528380639361,"low (<0.4)"
"YPD","HMRA1",0.204200366364336,"low (<0.4)"
"YPD","YCR098C",0.368653506663226,"low (<0.4)"
"YPD","YCR099C",0.354929577464789,"low (<0.4)"
"YPD","YCR102C",0.365175791801916,"low (<0.4)"
"YPD","ADH7",0.709204868168049,"high (≥0.7)"
"YPD","YCR106W",0.757177438033182,"high (≥0.7)"
"YPD","YCR107W",0.654873511343886,"moderate (0.4–0.7)"
"YPD","YFL062W",0.922672246524714,"high (≥0.7)"
"YPD","YFL059W",0.627310542603321,"moderate (0.4–0.7)"
"YPD","YFL056C",0.604707959283528,"moderate (0.4–0.7)"
"YPD","YFL054C",0.540750501374995,"moderate (0.4–0.7)"
"YPD","YFL051C",0.805765388176812,"high (≥0.7)"
"YPD","YFL050C",0.0880958966223927,"low (<0.4)"
"YPD","YFL049W",0.226886209002007,"low (<0.4)"
"YPD","YFL048C",0.159518013631938,"low (<0.4)"
"YPD","YFL047W",0.117308406212045,"low (<0.4)"
"YPD","YFL046W",-0.0350544073718121,"low (<0.4)"
"YPD","SEC53",0.753018500486855,"high (≥0.7)"
"YPD","OTU1",0.341464305909005,"low (<0.4)"
"YPD","YFL042C",0.0396299902629017,"low (<0.4)"
"YPD","YFL041W-A",-0.0100601300497673,"low (<0.4)"
"YPD","YFL041W",0.445207188464844,"moderate (0.4–0.7)"
"YPD","ACT1",0.390092502434275,"low (<0.4)"
"YPD","YPT1",0.449342745861733,"moderate (0.4–0.7)"
"YPD","TUB2",0.415652385589094,"moderate (0.4–0.7)"
"YPD","YFL036W",0.237391902340705,"low (<0.4)"
"YPD","MOB2",0.331856414472724,"low (<0.4)"
"YPD","RPL22B",0.656085686465433,"moderate (0.4–0.7)"
"YPD","YFL034W",0.302862115768241,"low (<0.4)"
"YPD","RIM15",0.134595137410985,"low (<0.4)"
"YPD","HAC1",0.314654333008763,"low (<0.4)"
"YPD","AGX1",0.201145138175971,"low (<0.4)"
"YPD","CAK1",0.160599940134392,"low (<0.4)"
"YPD","YFL028C",0.433787731256086,"moderate (0.4–0.7)"
"YPD","YFL027C",0.34361297866121,"low (<0.4)"
"YPD","YFL026W",0.208240933341786,"low (<0.4)"
"YPD","BST1",0.183871949704539,"low (<0.4)"
"YPD","YFL024C",-0.0218489441096019,"low (<0.4)"
"YPD","BUD27",0.202263875365141,"low (<0.4)"
"YPD","FRS2",0.528067185978578,"moderate (0.4–0.7)"
"YPD","GAT1",0.227914370296134,"low (<0.4)"
"YPD","YFL020C",0.115662127957083,"low (<0.4)"
"YPD","LPD1",0.525486854917235,"moderate (0.4–0.7)"
"YPD","SMX2",0.500575100880137,"moderate (0.4–0.7)"
"YPD","GNA1",0.442964946445959,"moderate (0.4–0.7)"
"YPD","YFL016C",0.154820805874373,"low (<0.4)"
"YPD","HSP12",0.314921150136598,"low (<0.4)"
"YPD","YFL013C",-0.128374924870779,"low (<0.4)"
"YPD","YFL010C",0.704892891918208,"high (≥0.7)"
"YPD","YFL009W",0.12850535540409,"low (<0.4)"
"YPD","SMC1",0.176436222005842,"low (<0.4)"
"YPD","BLM10",0.424537487828627,"moderate (0.4–0.7)"
"YPD","SEC4",0.505111976630964,"moderate (0.4–0.7)"
"YPD","RUF20",0.42922493968725,"moderate (0.4–0.7)"
"YPD","VTC2",0.275340798442064,"low (<0.4)"
"YPD","YFL003C",0.0984909593737179,"low (<0.4)"
"YPD","YFL002C",0.0808914367799593,"low (<0.4)"
"YPD","DEG1",0.368533800834628,"low (<0.4)"
"YPD","YFR001W",0.226411879259981,"low (<0.4)"
"YPD","YFR002W",0.121884128529698,"low (<0.4)"
"YPD","YFR003C",0.281262932481887,"low (<0.4)"
"YPD","RPN11",0.262439143135346,"low (<0.4)"
"YPD","YFR005C",0.0949616295150832,"low (<0.4)"
"YPD","YFR006W",0.6817429406037,"moderate (0.4–0.7)"
"YPD","YFH7",0.436807351805755,"moderate (0.4–0.7)"
"YPD","YFR008W",0.161483536304718,"low (<0.4)"
"YPD","YFR009W",0.150633828105443,"low (<0.4)"
"YPD","YFR010W",0.348417721518987,"low (<0.4)"
"YPD","AIM13",0.641966893865628,"moderate (0.4–0.7)"
"YPD","YFR013W",0.22332035053554,"low (<0.4)"
"YPD","YFR014C",0.151123445114035,"low (<0.4)"
"YPD","YFR015C",0.266336012647202,"low (<0.4)"
"YPD","YFR016C",0.558909444985394,"moderate (0.4–0.7)"
"YPD","YFR017C",0.237219454676991,"low (<0.4)"
"YPD","YFR018C",0.250963065748718,"low (<0.4)"
"YPD","FAB1",-0.0741971409284731,"low (<0.4)"
"YPD","YFR020W",0.662674359357965,"moderate (0.4–0.7)"
"YPD","ATG18",0.111879259980526,"low (<0.4)"
"YPD","ROG3",0.305948545176868,"low (<0.4)"
"YPD","LSB3",0.25491723466407,"low (<0.4)"
"YPD","YFR025C",0.47753182018527,"moderate (0.4–0.7)"
"YPD","YFR026C",0.465413562163028,"moderate (0.4–0.7)"
"YPD","ECO1",-0.119526102580988,"low (<0.4)"
"YPD","CDC14",0.0939635708608616,"low (<0.4)"
"YPD","PTR3",0.371898563167568,"low (<0.4)"
"YPD","YFR030W",0.652794430986162,"moderate (0.4–0.7)"
"YPD","YFR031C",0.239327162414135,"low (<0.4)"
"YPD","RPL2A",0.690360272638754,"moderate (0.4–0.7)"
"YPD","YFR032C",0.06831701628348,"low (<0.4)"
"YPD","RPL29",0.438120740019474,"moderate (0.4–0.7)"
"YPD","YFR032C-B",0.326371138634643,"low (<0.4)"
"YPD","QCR6",0.807473222979552,"high (≥0.7)"
"YPD","PHO4",0.182058304761736,"low (<0.4)"
"YPD","CDC26",0.569623719726467,"moderate (0.4–0.7)"
"YPD","RSC8",0.132716650438169,"low (<0.4)"
"YPD","YFR038W",0.181962025316456,"low (<0.4)"
"YPD","YFR039C",0.211600024736112,"low (<0.4)"
"YPD","YFR040W",0.116724887109142,"low (<0.4)"
"YPD","YFR041C",0.185871298336153,"low (<0.4)"
"YPD","YFR042W",0.449597117881943,"moderate (0.4–0.7)"
"YPD","YFR043C",0.189643315749104,"low (<0.4)"
"YPD","YFR044C",0.687000973709834,"moderate (0.4–0.7)"
"YPD","YFR045W",0.304249388539256,"low (<0.4)"
"YPD","YFR046C",-0.0420952735108602,"low (<0.4)"
"YPD","BNA6",0.659664070107108,"moderate (0.4–0.7)"
"YPD","YFR048W",0.189070107108082,"low (<0.4)"
"YPD","YFR049W",0.442745861733204,"moderate (0.4–0.7)"
"YPD","YFR050C",0.565676728334956,"moderate (0.4–0.7)"
"YPD","YFR051C",0.0885832521908471,"low (<0.4)"
"YPD","RPN12",0.19944011684518,"low (<0.4)"
"YPD","YFR053C",0.583222403860676,"moderate (0.4–0.7)"
"YPD","YFR055W",0.792385542769924,"high (≥0.7)"
"YPD","YAL065C",0.386218939620138,"low (<0.4)"
"YPD","GDH3",0.413833754607817,"moderate (0.4–0.7)"
"YPD","YAL061W",0.389703832300559,"low (<0.4)"
"YPD","BDH1",0.755242882703051,"high (≥0.7)"
"YPD","YAL059W",0.639362220058423,"moderate (0.4–0.7)"
"YPD","CNE1",0.383495945935832,"low (<0.4)"
"YPD","GPB2",0.317492970644906,"low (<0.4)"
"YPD","PEX22",0.350141197100931,"low (<0.4)"
"YPD","ACS1",0.27337595129376,"low (<0.4)"
"YPD","FLC2",0.523977604673807,"moderate (0.4–0.7)"
"YPD","OAF1",0.332980342653076,"low (<0.4)"
"YPD","YAL049C",0.510382433998204,"moderate (0.4–0.7)"
"YPD","GEM1",0.0372727383530496,"low (<0.4)"
"YPD","SPC72",-0.0222124825417827,"low (<0.4)"
"YPD","YAL046C",0.349634858812074,"low (<0.4)"
"YPD","YAL044W-A",0.540701071080818,"moderate (0.4–0.7)"
"YPD","YAL044C",0.741187925998053,"high (≥0.7)"
"YPD","PTA1",0.102069133398247,"low (<0.4)"
"YPD","ERV46",0.481450827653359,"moderate (0.4–0.7)"
"YPD","CDC24",0.199295273222247,"low (<0.4)"
"YPD","CLN3",0.399342745861733,"low (<0.4)"
"YPD","CYC3",0.619620253164557,"moderate (0.4–0.7)"
"YPD","CDC19",0.766966893865628,"high (≥0.7)"
"YPD","YAL037W",0.082535680958186,"low (<0.4)"
"YPD","RBG1",0.44944011684518,"moderate (0.4–0.7)"
"YPD","FUN12",0.68412852969815,"moderate (0.4–0.7)"
"YPD","MTW1",0.148881139737054,"low (<0.4)"
"YPD","YAL034C",-0.00261686110558099,"low (<0.4)"
"YPD","POP5",0.360637779941577,"low (<0.4)"
"YPD","PRP45",0.18087100470317,"low (<0.4)"
"YPD","GIP4",0.234150290353632,"low (<0.4)"
"YPD","YAL030W",0.550024342745862,"moderate (0.4–0.7)"
"YPD","MYO4",0.0718597857838364,"low (<0.4)"
"YPD","FRT2",0.230594134863421,"low (<0.4)"
"YPD","YAL027W",-0.00541741498126807,"low (<0.4)"
"YPD","DRS2",0.196994869738736,"low (<0.4)"
"YPD","YAL025C",0.42850535540409,"moderate (0.4–0.7)"
"YPD","LTE1",0.196445527931408,"low (<0.4)"
"YPD","PMT2",0.391041869522882,"low (<0.4)"
"YPD","YAL022C",0.326962875216112,"low (<0.4)"
"YPD","CCR4",-0.0448636806231743,"low (<0.4)"
"YPD","ATS1",0.126619563169112,"low (<0.4)"
"YPD","YAL019W",0.210407804335714,"low (<0.4)"
"YPD","PSK1",0.192699521659222,"low (<0.4)"
"YPD","TPD3",0.360443037974684,"low (<0.4)"
"YPD","NTG1",0.215581255401241,"low (<0.4)"
"YPD","SYN8",0.310907442237027,"low (<0.4)"
"YPD","DEP1",0.13286270691334,"low (<0.4)"
"YPD","CYS3",0.500925024342746,"moderate (0.4–0.7)"
"YPD","SWC3",0.121229825494184,"low (<0.4)"
"YPD","MDM10",-0.112944116082498,"low (<0.4)"
"YPD","YAL009W",0.148755401650945,"low (<0.4)"
"YPD","YAL008W",0.526281196838919,"moderate (0.4–0.7)"
"YPD","YAL007C",0.378286270691334,"low (<0.4)"
"YPD","SSA1",0.751144109055501,"high (≥0.7)"
"YPD","EFB1",0.603334956183058,"moderate (0.4–0.7)"
"YPD","VPS8",0.190583996745776,"low (<0.4)"
"YPD","TFC3",0.0842036077077071,"low (<0.4)"
"YPD","YAR002W",0.389727361246349,"low (<0.4)"
"YPD","YAR002C-A",0.473904576436222,"moderate (0.4–0.7)"
"YPD","SWD1",0.20350535540409,"low (<0.4)"
"YPD","RFA1",0.244159226874208,"low (<0.4)"
"YPD","SEN34",0.401996105160662,"moderate (0.4–0.7)"
"YPD","YAR014C",0.452677702044791,"moderate (0.4–0.7)"
"YPD","YAR015W",0.618524829600779,"moderate (0.4–0.7)"
"YPD","KIN3",0.245074114579567,"low (<0.4)"
"YPD","CDC15",-0.0722955385451853,"low (<0.4)"
"YPD","YAR020C",0.0841270003953555,"low (<0.4)"
"YPD","YAR023C",0.36301768968924,"low (<0.4)"
"YPD","YAR027W",0.794570681314817,"high (≥0.7)"
"YPD","YAR028W",0.644211010759735,"moderate (0.4–0.7)"
"YPD","YAR029W",0.693685070784305,"moderate (0.4–0.7)"
"YPD","YAR031W",0.802039466025437,"high (≥0.7)"
"YPD","YAR033W",0.7712993404406,"high (≥0.7)"
"YPD","YAR035W",0.163078738346218,"low (<0.4)"
"YPD","SWH1",0.236806231742941,"low (<0.4)"
"YPD","FLO1",0.719781380456248,"high (≥0.7)"
"YPD","YAR068W",0.838730100875488,"high (≥0.7)"
"YPD","YAR071W",0.638709206724396,"moderate (0.4–0.7)"
"YPD","COX1",0.652482960077897,"moderate (0.4–0.7)"
"YPD","ATP6",0.554039414633038,"moderate (0.4–0.7)"
"YPD","COB",0.430292850488994,"moderate (0.4–0.7)"
"YPD","OLI1",0.397592487790273,"low (<0.4)"
"YPD","VAR1",-0.0708676546334783,"low (<0.4)"
"YPD","COX3",0.568477199436754,"moderate (0.4–0.7)"
"YPD","Q0285",0.148152311236945,"low (<0.4)"
"YPD","KANMX",0.289333021712779,"low (<0.4)"
"YPD","NATMX",0.293884210382236,"low (<0.4)"
"Fluconazole","YDL248W",0.697483273820474,"moderate (0.4–0.7)"
"Fluconazole","YDL243C",0.551491904365669,"moderate (0.4–0.7)"
"Fluconazole","YDL241W",0.170108322088199,"low (<0.4)"
"Fluconazole","YDL240W",-0.0169247254102328,"low (<0.4)"
"Fluconazole","YDL239C",-0.236281655014309,"low (<0.4)"
"Fluconazole","AIM6",0.180444245628573,"low (<0.4)"
"Fluconazole","YDL236W",0.0916208791208791,"low (<0.4)"
"Fluconazole","YDL235C",0.266483516483516,"low (<0.4)"
"Fluconazole","YDL234C",0.0542149366381813,"low (<0.4)"
"Fluconazole","YDL233W",0.194374306993936,"low (<0.4)"
"Fluconazole","YDL232W",0.172619047619048,"low (<0.4)"
"Fluconazole","YDL231C",0.101098901098901,"low (<0.4)"
"Fluconazole","YDL230W",0.346464251401249,"low (<0.4)"
"Fluconazole","SSB1",0.0875457875457875,"low (<0.4)"
"Fluconazole","YDL226C",0.127930402930403,"low (<0.4)"
"Fluconazole","SHS1",-0.00247312203152202,"low (<0.4)"
"Fluconazole","YDL224C",0.10224358974359,"low (<0.4)"
"Fluconazole","DTD1",0.305360638305701,"low (<0.4)"
"Fluconazole","YDL217C",0.152491729392482,"low (<0.4)"
"Fluconazole","RRI1",-0.00191645062369012,"low (<0.4)"
"Fluconazole","GDH2",-0.0514518076433203,"low (<0.4)"
"Fluconazole","YDL213C",0.258104395604396,"low (<0.4)"
"Fluconazole","SHR3",0.372161172161172,"low (<0.4)"
"Fluconazole","YDL211C",0.161189623824107,"low (<0.4)"
"Fluconazole","CWC2",-0.0732145936010916,"low (<0.4)"
"Fluconazole","YDL208W",0.27275641025641,"low (<0.4)"
"Fluconazole","GLE1",0.0365842490842491,"low (<0.4)"
"Fluconazole","YDL206W",0.13186449817395,"low (<0.4)"
"Fluconazole","HEM3",0.18514745260383,"low (<0.4)"
"Fluconazole","YDL204W",0.201282585584076,"low (<0.4)"
"Fluconazole","YDL203C",-0.130532410816877,"low (<0.4)"
"Fluconazole","MRPL11",0.139088619189375,"low (<0.4)"
"Fluconazole","YDL201W",0.21007326007326,"low (<0.4)"
"Fluconazole","MGT1",-0.258187954972995,"low (<0.4)"
"Fluconazole","YDL199C",0.135670515065607,"low (<0.4)"
"Fluconazole","GGC1",0.270787545787546,"low (<0.4)"
"Fluconazole","YDL197C",0.254003090436453,"low (<0.4)"
"Fluconazole","SEC31",0.0801282051282051,"low (<0.4)"
"Fluconazole","YDL194W",-0.0528814410879728,"low (<0.4)"
"Fluconazole","YDL193W",0.0118362160746774,"low (<0.4)"
"Fluconazole","YDL192W",0.374313186813187,"low (<0.4)"
"Fluconazole","RPL35A",0.231547619047619,"low (<0.4)"
"Fluconazole","YDL190C",0.00574640277513352,"low (<0.4)"
"Fluconazole","YDL189W",0.102542382588936,"low (<0.4)"
"Fluconazole","PPH22",0.197140535046513,"low (<0.4)"
"Fluconazole","VMA1",0.219368131868132,"low (<0.4)"
"Fluconazole","RPL41A",0.333241758241758,"low (<0.4)"
"Fluconazole","YDL182W",0.549267399267399,"moderate (0.4–0.7)"
"Fluconazole","YDL181W",0.763845326129261,"high (≥0.7)"
"Fluconazole","YDL180W",0.297971118495393,"low (<0.4)"
"Fluconazole","YDL179W",-0.152013836377974,"low (<0.4)"
"Fluconazole","DLD2",0.0102575844976708,"low (<0.4)"
"Fluconazole","YDL177C",0.03505308041288,"low (<0.4)"
"Fluconazole","YDL176W",-0.0733001647900363,"low (<0.4)"
"Fluconazole","YDL175C",-0.0930350678074555,"low (<0.4)"
"Fluconazole","YDL174C",0.30036973868427,"low (<0.4)"
"Fluconazole","YDL173W",0.356116713813554,"low (<0.4)"
"Fluconazole","YDL171C",0.429807692307692,"moderate (0.4–0.7)"
"Fluconazole","YDL170W",0.0183406234637659,"low (<0.4)"
"Fluconazole","SFA1",0.660943223443223,"moderate (0.4–0.7)"
"Fluconazole","YDL167C",0.254970867357219,"low (<0.4)"
"Fluconazole","YDL166C",0.0878215181092119,"low (<0.4)"
"Fluconazole","CDC36",0.0955695484224951,"low (<0.4)"
"Fluconazole","CDC9",0.0787900993318163,"low (<0.4)"
"Fluconazole","YDL161W",0.119139194139194,"low (<0.4)"
"Fluconazole","YDL160C-A",0.278228716173085,"low (<0.4)"
"Fluconazole","YDL160C",0.288953013917408,"low (<0.4)"
"Fluconazole","YDL159W",0.103816936853994,"low (<0.4)"
"Fluconazole","YDL157C",0.312545787545788,"low (<0.4)"
"Fluconazole","YDL156W",-0.0199371960620313,"low (<0.4)"
"Fluconazole","YDL155W",0.0598190774561877,"low (<0.4)"
"Fluconazole","SAS10",0.00228937728937729,"low (<0.4)"
"Fluconazole","RPC53",-0.0527472527472527,"low (<0.4)"
"Fluconazole","ATG9",-0.11573396972682,"low (<0.4)"
"Fluconazole","NOP14",-0.0546480614511702,"low (<0.4)"
"Fluconazole","RPN5",0.0462912087912088,"low (<0.4)"
"Fluconazole","YDL146W",0.0176851271151573,"low (<0.4)"
"Fluconazole","COP1",0.000503663003663004,"low (<0.4)"
"Fluconazole","YDL144C",0.163875502248629,"low (<0.4)"
"Fluconazole","CCT4",0.163553113553114,"low (<0.4)"
"Fluconazole","CRD1",-0.0604860726869898,"low (<0.4)"
"Fluconazole","BPL1",-0.0018550326469951,"low (<0.4)"
"Fluconazole","RPO21",-0.0125,"low (<0.4)"
"Fluconazole","YDL139C",0.0284092279140519,"low (<0.4)"
"Fluconazole","YDL138W",0.221242016719196,"low (<0.4)"
"Fluconazole","YDL137W",0.307051282051282,"low (<0.4)"
"Fluconazole","RPL35B",0.0656593406593407,"low (<0.4)"
"Fluconazole","YDL135C",0.100595238095238,"low (<0.4)"
"Fluconazole","PPH21",0.0567307692307692,"low (<0.4)"
"Fluconazole","RPL41B",0.292078754578755,"low (<0.4)"
"Fluconazole","YDL133W",-0.139363411027347,"low (<0.4)"
"Fluconazole","YDL132W",0.0741300366300366,"low (<0.4)"
"Fluconazole","YDL131W",0.395009157509157,"low (<0.4)"
"Fluconazole","STF1",0.169406919944186,"low (<0.4)"
"Fluconazole","RPP1B",0.215567765567766,"low (<0.4)"
"Fluconazole","VCX1",0.169551282051282,"low (<0.4)"
"Fluconazole","PCL2",-0.054807388149554,"low (<0.4)"
"Fluconazole","YDL126C",-0.00929487179487179,"low (<0.4)"
"Fluconazole","YDL125C",0.173122710622711,"low (<0.4)"
"Fluconazole","YDL124W",0.250875788707542,"low (<0.4)"
"Fluconazole","YDL123W",0.313873626373626,"low (<0.4)"
"Fluconazole","YDL122W",-0.00274725274725275,"low (<0.4)"
"Fluconazole","YDL121C",-0.000549450549450549,"low (<0.4)"
"Fluconazole","YDL120W",0.039010989010989,"low (<0.4)"
"Fluconazole","YDL119C",0.0163939122376935,"low (<0.4)"
"Fluconazole","YDL117W",0.120467032967033,"low (<0.4)"
"Fluconazole","YDL116W",0.222481684981685,"low (<0.4)"
"Fluconazole","YDL115C",0.186036928090578,"low (<0.4)"
"Fluconazole","ATG20",-0.221263992342548,"low (<0.4)"
"Fluconazole","YDL112W",0.112820512820513,"low (<0.4)"
"Fluconazole","YDL111C",0.0296245421245421,"low (<0.4)"
"Fluconazole","YDL110C",0.32760160489436,"low (<0.4)"
"Fluconazole","YDL108W",-0.039884604817291,"low (<0.4)"
"Fluconazole","YDL107W",0.102846823300806,"low (<0.4)"
"Fluconazole","PHO2",-0.0101278593463825,"low (<0.4)"
"Fluconazole","YDL104C",0.0039225814818955,"low (<0.4)"
"Fluconazole","QRI1",-0.235679289591824,"low (<0.4)"
"Fluconazole","POL3",-0.0461547290292341,"low (<0.4)"
"Fluconazole","YDL101C",0.0120912340583604,"low (<0.4)"
"Fluconazole","GET3",0.352472527472527,"low (<0.4)"
"Fluconazole","YDL099W",-0.0928571428571428,"low (<0.4)"
"Fluconazole","YDL098C",0.310616851857288,"low (<0.4)"
"Fluconazole","RPN6",0.243223443223443,"low (<0.4)"
"Fluconazole","YDL095W",0.253846153846154,"low (<0.4)"
"Fluconazole","YDL093W",-0.135158354895632,"low (<0.4)"
"Fluconazole","YDL092W",0.121199633699634,"low (<0.4)"
"Fluconazole","YDL091C",-0.041628529728957,"low (<0.4)"
"Fluconazole","RAM1",0.25136812277381,"low (<0.4)"
"Fluconazole","YDL089W",-0.0387685918367547,"low (<0.4)"
"Fluconazole","ASM4",-0.0667124542124542,"low (<0.4)"
"Fluconazole","LUC7",0.134160905445827,"low (<0.4)"
"Fluconazole","YDL086W",0.374450549450549,"low (<0.4)"
"Fluconazole","YDL085C-A",0.138493248421524,"low (<0.4)"
"Fluconazole","YDL084W",0.230082417582418,"low (<0.4)"
"Fluconazole","RPS16B",0.197481684981685,"low (<0.4)"
"Fluconazole","RPL13A",0.0541666666666667,"low (<0.4)"
"Fluconazole","RPP1A",0.100228937728938,"low (<0.4)"
"Fluconazole","THI3",-0.102187107048051,"low (<0.4)"
"Fluconazole","YDL078C",0.256868131868132,"low (<0.4)"
"Fluconazole","VAM6",-0.323267474072209,"low (<0.4)"
"Fluconazole","YDL076C",0.133424908424908,"low (<0.4)"
"Fluconazole","RPL31A",-0.00398351648351648,"low (<0.4)"
"Fluconazole","YDL074C",0.21456043956044,"low (<0.4)"
"Fluconazole","YDL073W",0.000549475709170756,"low (<0.4)"
"Fluconazole","YDL072C",0.1753663003663,"low (<0.4)"
"Fluconazole","YDL070W",0.0951465201465201,"low (<0.4)"
"Fluconazole","YDL069C",0.0500740651092522,"low (<0.4)"
"Fluconazole","YDL067C",0.576556776556777,"moderate (0.4–0.7)"
"Fluconazole","YDL066W",0.461996336996337,"moderate (0.4–0.7)"
"Fluconazole","PEX19",-0.0913670736114221,"low (<0.4)"
"Fluconazole","YDL064W",0.152564102564103,"low (<0.4)"
"Fluconazole","YDL063C",0.129304029304029,"low (<0.4)"
"Fluconazole","RPS29B",0.124084249084249,"low (<0.4)"
"Fluconazole","YDL060W",-0.0736263736263736,"low (<0.4)"
"Fluconazole","YDL059C",0.282986480436001,"low (<0.4)"
"Fluconazole","USO1",-0.0196201879613125,"low (<0.4)"
"Fluconazole","YDL057W",-0.0328742131767222,"low (<0.4)"
"Fluconazole","YDL056W",-0.057045867977867,"low (<0.4)"
"Fluconazole","PSA1",0.364423076923077,"low (<0.4)"
"Fluconazole","YDL054C",-0.0845244915019194,"low (<0.4)"
"Fluconazole","YDL053C",0.00934065934065934,"low (<0.4)"
"Fluconazole","YDL052C",0.363259652721289,"low (<0.4)"
"Fluconazole","LHP1",0.277472527472527,"low (<0.4)"
"Fluconazole","YDL048C",0.390141800390652,"low (<0.4)"
"Fluconazole","YDL047W",-0.00471822386325057,"low (<0.4)"
"Fluconazole","YDL046W",0.05,"low (<0.4)"
"Fluconazole","MRP10",0.223489010989011,"low (<0.4)"
"Fluconazole","YDL045C",-0.103042264394106,"low (<0.4)"
"Fluconazole","MTF2",-0.103516501354388,"low (<0.4)"
"Fluconazole","PRP11",0.200659401044052,"low (<0.4)"
"Fluconazole","SIR2",0.0539135456988393,"low (<0.4)"
"Fluconazole","NAT1",0.236950549450549,"low (<0.4)"
"Fluconazole","PRM7",0.34514652014652,"low (<0.4)"
"Fluconazole","YDL037C",0.291353935474848,"low (<0.4)"
"Fluconazole","YDL036C",0.0334863594949707,"low (<0.4)"
"Fluconazole","YDL035C",0.016086558277994,"low (<0.4)"
"Fluconazole","SLM3",-0.163484149453638,"low (<0.4)"
"Fluconazole","YDL031W",-0.132600732600733,"low (<0.4)"
"Fluconazole","YDL030W",0.0705779988027778,"low (<0.4)"
"Fluconazole","ARP2",-0.0384157509157509,"low (<0.4)"
"Fluconazole","MPS1",0.0416809804633467,"low (<0.4)"
"Fluconazole","YDL027C",-0.0623181519382055,"low (<0.4)"
"Fluconazole","YDL025C",0.0142167903876495,"low (<0.4)"
"Fluconazole","GPD1",0.236309523809524,"low (<0.4)"
"Fluconazole","RPN4",-0.0345695970695971,"low (<0.4)"
"Fluconazole","YDL019C",0.11959706959707,"low (<0.4)"
"Fluconazole","YDL018C",0.213175188834411,"low (<0.4)"
"Fluconazole","CDC7",0.193537802190374,"low (<0.4)"
"Fluconazole","YDL015C",0.0975274725274725,"low (<0.4)"
"Fluconazole","NOP1",0.197252747252747,"low (<0.4)"
"Fluconazole","SLX5",-0.125060103853299,"low (<0.4)"
"Fluconazole","YDL012C",0.316987179487179,"low (<0.4)"
"Fluconazole","YDL010W",-0.00586087294993698,"low (<0.4)"
"Fluconazole","YDL008W",-0.0157527190499944,"low (<0.4)"
"Fluconazole","RPT2",0.0909798534798535,"low (<0.4)"
"Fluconazole","PTC1",0.0450720674638289,"low (<0.4)"
"Fluconazole","YDL005C",0.253983516483516,"low (<0.4)"
"Fluconazole","YDL004W",0.707921245421245,"high (≥0.7)"
"Fluconazole","MCD1",0.00737221682078612,"low (<0.4)"
"Fluconazole","NHP10",0.0756868131868132,"low (<0.4)"
"Fluconazole","YDL001W",0.0895926019103064,"low (<0.4)"
"Fluconazole","YDR001C",0.160393772893773,"low (<0.4)"
"Fluconazole","YRB1",0.293223443223443,"low (<0.4)"
"Fluconazole","RCR2",-0.0258561783986346,"low (<0.4)"
"Fluconazole","YDR003W-A",0.141804704630606,"low (<0.4)"
"Fluconazole","YDR004W",0.108090175984451,"low (<0.4)"
"Fluconazole","YDR005C",0.0213374848325282,"low (<0.4)"
"Fluconazole","YDR006C",0.355815018315018,"low (<0.4)"
"Fluconazole","YDR007W",0.217745166511135,"low (<0.4)"
"Fluconazole","YDR009W",0.109079756223084,"low (<0.4)"
"Fluconazole","YDR011W",0.764652014652015,"high (≥0.7)"
"Fluconazole","RPL4B",0.465521978021978,"moderate (0.4–0.7)"
"Fluconazole","PSF1",0.155621708266545,"low (<0.4)"
"Fluconazole","RAD61",-0.137149739093708,"low (<0.4)"
"Fluconazole","YDR016C",0.0169644799058723,"low (<0.4)"
"Fluconazole","YDR017C",0.115502636415041,"low (<0.4)"
"Fluconazole","GCV1",0.215454520250978,"low (<0.4)"
"Fluconazole","YDR021W",-0.0718214620207639,"low (<0.4)"
"Fluconazole","CIS1",0.0528370159215271,"low (<0.4)"
"Fluconazole","SES1",0.270879120879121,"low (<0.4)"
"Fluconazole","RPS11A",0.141346153846154,"low (<0.4)"
"Fluconazole","YDR026C",-0.0104167859071146,"low (<0.4)"
"Fluconazole","VPS54",0.215580104299758,"low (<0.4)"
"Fluconazole","REG1",-0.0653632180223906,"low (<0.4)"
"Fluconazole","YDR030C",0.032229971955418,"low (<0.4)"
"Fluconazole","YDR031W",0.250289193102948,"low (<0.4)"
"Fluconazole","YDR032C",0.245924908424908,"low (<0.4)"
"Fluconazole","YDR033W",0.694139194139194,"moderate (0.4–0.7)"
"Fluconazole","YDR034C",0.163476508837806,"low (<0.4)"
"Fluconazole","YDR034W-B",0.0947809079431455,"low (<0.4)"
"Fluconazole","YDR035W",-0.0413003663003663,"low (<0.4)"
"Fluconazole","EHD3",0.127112830852497,"low (<0.4)"
"Fluconazole","KRS1",0.768315018315018,"high (≥0.7)"
"Fluconazole","YDR041W",-0.0861721611721612,"low (<0.4)"
"Fluconazole","YDR043C",0.000346699579537579,"low (<0.4)"
"Fluconazole","YDR044W",0.499313186813187,"moderate (0.4–0.7)"
"Fluconazole","RPC11",0.418040293040293,"moderate (0.4–0.7)"
"Fluconazole","BAP3",0.269142274997887,"low (<0.4)"
"Fluconazole","HEM12",0.293269230769231,"low (<0.4)"
"Fluconazole","YDR049W",0.0364985232010797,"low (<0.4)"
"Fluconazole","YDR050C",0.319917582417582,"low (<0.4)"
"Fluconazole","YDR051C",0.282993166149106,"low (<0.4)"
"Fluconazole","DBF4",0.407298869422823,"moderate (0.4–0.7)"
"Fluconazole","CDC34",-0.0364477208727306,"low (<0.4)"
"Fluconazole","PST1",0.160631904393278,"low (<0.4)"
"Fluconazole","YDR056C",0.123717948717949,"low (<0.4)"
"Fluconazole","YDR057W",0.0432506735666023,"low (<0.4)"
"Fluconazole","YDR058C",0.105855982498903,"low (<0.4)"
"Fluconazole","YDR059C",0.107762769026404,"low (<0.4)"
"Fluconazole","MAK21",-0.180265567765568,"low (<0.4)"
"Fluconazole","YDR061W",-0.0932810213128095,"low (<0.4)"
"Fluconazole","LCB2",0.186584249084249,"low (<0.4)"
"Fluconazole","AIM7",0.237454212454212,"low (<0.4)"
"Fluconazole","RPS13",0.0598443223443223,"low (<0.4)"
"Fluconazole","YDR065W",-0.0826826645414672,"low (<0.4)"
"Fluconazole","YDR066C",0.121453245852331,"low (<0.4)"
"Fluconazole","YDR067C",0.0236179007309827,"low (<0.4)"
"Fluconazole","YDR068W",-0.0353957987730911,"low (<0.4)"
"Fluconazole","DOA4",-0.0867202607484762,"low (<0.4)"
"Fluconazole","YDR070C",-0.023090481760374,"low (<0.4)"
"Fluconazole","YDR071C",0.259981684981685,"low (<0.4)"
"Fluconazole","IPT1",-0.0207417582417582,"low (<0.4)"
"Fluconazole","YDR073W",0.208974358974359,"low (<0.4)"
"Fluconazole","TPS2",0.296520146520147,"low (<0.4)"
"Fluconazole","YDR075W",0.0963687018699876,"low (<0.4)"
"Fluconazole","YDR077W",0.256822344322344,"low (<0.4)"
"Fluconazole","YDR078C",0.035181578645893,"low (<0.4)"
"Fluconazole","YDR079W",0.222069597069597,"low (<0.4)"
"Fluconazole","YDR079C-A",0.403049485482971,"moderate (0.4–0.7)"
"Fluconazole","VPS41",0.116123712812182,"low (<0.4)"
"Fluconazole","YDR081C",0.318150077458522,"low (<0.4)"
"Fluconazole","YDR082W",0.12360853432282,"low (<0.4)"
"Fluconazole","YDR083W",0.299221611721612,"low (<0.4)"
"Fluconazole","YDR084C",0.0489468864468864,"low (<0.4)"
"Fluconazole","YDR085C",0.119343868404918,"low (<0.4)"
"Fluconazole","YDR086C",0.2,"low (<0.4)"
"Fluconazole","YDR087C",0.240979853479853,"low (<0.4)"
"Fluconazole","SLU7",0.0801786851075784,"low (<0.4)"
"Fluconazole","YDR089W",0.0201339984201969,"low (<0.4)"
"Fluconazole","YDR090C",0.168699849062207,"low (<0.4)"
"Fluconazole","YDR091C",0.102472527472527,"low (<0.4)"
"Fluconazole","YDR092W",0.201510989010989,"low (<0.4)"
"Fluconazole","YDR093W",0.227940840021002,"low (<0.4)"
"Fluconazole","YDR096W",0.169059888890344,"low (<0.4)"
"Fluconazole","MSH6",0.0937986642103108,"low (<0.4)"
"Fluconazole","YDR098C",0.198076923076923,"low (<0.4)"
"Fluconazole","BMH2",0.0603021978021978,"low (<0.4)"
"Fluconazole","YDR100W",-0.0579345103350621,"low (<0.4)"
"Fluconazole","YDR101C",0.171565934065934,"low (<0.4)"
"Fluconazole","YDR104C",0.240050154860058,"low (<0.4)"
"Fluconazole","YDR105C",-0.110823354281122,"low (<0.4)"
"Fluconazole","YDR107C",0.12868264797607,"low (<0.4)"
"Fluconazole","TRS85",-0.0128816391118905,"low (<0.4)"
"Fluconazole","YDR109C",-0.13330621848172,"low (<0.4)"
"Fluconazole","FOB1",0.0428437294575163,"low (<0.4)"
"Fluconazole","YDR111C",0.222965084460531,"low (<0.4)"
"Fluconazole","YDR113C",0.0524092610966354,"low (<0.4)"
"Fluconazole","YDR115W",0.237042124542125,"low (<0.4)"
"Fluconazole","YDR116C",0.27382206173676,"low (<0.4)"
"Fluconazole","TMA64",-0.0239703289910483,"low (<0.4)"
"Fluconazole","YDR118W",-0.269472992449257,"low (<0.4)"
"Fluconazole","YDR119W",0.273995810409554,"low (<0.4)"
"Fluconazole","YDR120C",0.0582417582417582,"low (<0.4)"
"Fluconazole","YDR121W",0.226147277341709,"low (<0.4)"
"Fluconazole","YDR122W",0.0387964797686563,"low (<0.4)"
"Fluconazole","INO2",0.130564624346084,"low (<0.4)"
"Fluconazole","SWF1",-0.0111819699822785,"low (<0.4)"
"Fluconazole","YDR127W",0.440338827838828,"moderate (0.4–0.7)"
"Fluconazole","MTC5",0.141215257256884,"low (<0.4)"
"Fluconazole","SAC6",0.129578754578755,"low (<0.4)"
"Fluconazole","YDR130C",-0.0489017036973465,"low (<0.4)"
"Fluconazole","YDR131C",-0.126833379585819,"low (<0.4)"
"Fluconazole","YDR132C",0.0168370436322598,"low (<0.4)"
"Fluconazole","YDR135C",0.102518315018315,"low (<0.4)"
"Fluconazole","YDR137W",0.153899004787742,"low (<0.4)"
"Fluconazole","HPR1",0.0951436089156311,"low (<0.4)"
"Fluconazole","YDR139C",0.158653846153846,"low (<0.4)"
"Fluconazole","YDR140W",-0.128664476479085,"low (<0.4)"
"Fluconazole","YDR141C",0.240613553113553,"low (<0.4)"
"Fluconazole","PEX7",0.194376690095325,"low (<0.4)"
"Fluconazole","YDR143C",0.320467032967033,"low (<0.4)"
"Fluconazole","MKC7",0.43489010989011,"moderate (0.4–0.7)"
"Fluconazole","TAF12",-0.0562322557010715,"low (<0.4)"
"Fluconazole","YDR146C",-0.107515710509222,"low (<0.4)"
"Fluconazole","YDR147W",-0.11677294593118,"low (<0.4)"
"Fluconazole","YDR148C",0.377289377289377,"low (<0.4)"
"Fluconazole","NUM1",0.194047619047619,"low (<0.4)"
"Fluconazole","YDR151C",0.166286989966986,"low (<0.4)"
"Fluconazole","YDR152W",0.30540293040293,"low (<0.4)"
"Fluconazole","YDR153C",0.0402014652014652,"low (<0.4)"
"Fluconazole","CPR1",0.39029304029304,"low (<0.4)"
"Fluconazole","RPA14",0.262728937728938,"low (<0.4)"
"Fluconazole","YDR158W",0.380082417582418,"low (<0.4)"
"Fluconazole","SAC3",0.0212912087912088,"low (<0.4)"
"Fluconazole","SSY1",-0.122228012049273,"low (<0.4)"
"Fluconazole","YDR161W",0.187728937728938,"low (<0.4)"
"Fluconazole","YDR162C",-0.107971976852054,"low (<0.4)"
"Fluconazole","YDR163W",0.304762995191207,"low (<0.4)"
"Fluconazole","YDR164C",0.0974972810908153,"low (<0.4)"
"Fluconazole","YDR165W",0.0914835164835165,"low (<0.4)"
"Fluconazole","YDR166C",-0.136494236435642,"low (<0.4)"
"Fluconazole","TAF10",0.0777014652014652,"low (<0.4)"
"Fluconazole","CDC37",0.102197802197802,"low (<0.4)"
"Fluconazole","YDR169C",0.256298721384939,"low (<0.4)"
"Fluconazole","YDR170C",0.232005494505494,"low (<0.4)"
"Fluconazole","YDR171W",0.184028572929772,"low (<0.4)"
"Fluconazole","SUP35",0.156043956043956,"low (<0.4)"
"Fluconazole","ARG82",-0.0202918533838906,"low (<0.4)"
"Fluconazole","HMO1",0.326465201465201,"low (<0.4)"
"Fluconazole","YDR175C",0.239734417175315,"low (<0.4)"
"Fluconazole","NGG1",0.129084215370456,"low (<0.4)"
"Fluconazole","YDR177W",0.277518315018315,"low (<0.4)"
"Fluconazole","SDH4",0.32481684981685,"low (<0.4)"
"Fluconazole","YDR179W-A",0.022399402447856,"low (<0.4)"
"Fluconazole","YDR180W",0.286126479480256,"low (<0.4)"
"Fluconazole","YDR181C",0.114107724692788,"low (<0.4)"
"Fluconazole","CDC1",-0.041461097313812,"low (<0.4)"
"Fluconazole","YDR183W",0.0101954329457726,"low (<0.4)"
"Fluconazole","ATC1",0.563330624242771,"moderate (0.4–0.7)"
"Fluconazole","UPS3",0.0875341185081811,"low (<0.4)"
"Fluconazole","YDR186C",-0.163358343857755,"low (<0.4)"
"Fluconazole","CCT6",0.415934065934066,"moderate (0.4–0.7)"
"Fluconazole","YDR189W",0.238349797975757,"low (<0.4)"
"Fluconazole","RVB1",0.134203296703297,"low (<0.4)"
"Fluconazole","YDR191W",0.0732699734387326,"low (<0.4)"
"Fluconazole","NUP42",0.00747295066935632,"low (<0.4)"
"Fluconazole","YDR194C",0.230311355311355,"low (<0.4)"
"Fluconazole","YDR195W",-0.0315295208480103,"low (<0.4)"
"Fluconazole","YDR196C",0.17649213580897,"low (<0.4)"
"Fluconazole","CBS2",-0.0401831714138665,"low (<0.4)"
"Fluconazole","YDR198C",0.151814386640976,"low (<0.4)"
"Fluconazole","VPS64",0.208919983248868,"low (<0.4)"
"Fluconazole","YDR201W",-0.0913003663003663,"low (<0.4)"
"Fluconazole","YDR202C",0.192868553673917,"low (<0.4)"
"Fluconazole","YDR204W",-0.0134522010868502,"low (<0.4)"
"Fluconazole","YDR205W",-0.220390220791023,"low (<0.4)"
"Fluconazole","YDR206W",0.194285452834293,"low (<0.4)"
"Fluconazole","UME6",0.22706510708795,"low (<0.4)"
"Fluconazole","YDR208W",-0.184480133713251,"low (<0.4)"
"Fluconazole","YDR210W",0.728800366300366,"high (≥0.7)"
"Fluconazole","YDR211W",0.101739926739927,"low (<0.4)"
"Fluconazole","TCP1",-0.105128205128205,"low (<0.4)"
"Fluconazole","UPC2",-0.00525199492650561,"low (<0.4)"
"Fluconazole","YDR214W",0.365796703296703,"low (<0.4)"
"Fluconazole","YDR217C",0.210948149577601,"low (<0.4)"
"Fluconazole","YDR219C",-0.00507026798311352,"low (<0.4)"
"Fluconazole","YDR221W",0.238887299093424,"low (<0.4)"
"Fluconazole","YDR222W",0.158850146807811,"low (<0.4)"
"Fluconazole","HTB1",-0.0223901098901099,"low (<0.4)"
"Fluconazole","HTA1",-0.0217490842490842,"low (<0.4)"
"Fluconazole","ADK1",0.306684981684982,"low (<0.4)"
"Fluconazole","SIR4",-0.139745792740298,"low (<0.4)"
"Fluconazole","YDR228C",-0.0382343514297985,"low (<0.4)"
"Fluconazole","YDR229W",0.18304043091383,"low (<0.4)"
"Fluconazole","YDR231C",0.0290934085961784,"low (<0.4)"
"Fluconazole","HEM1",0.287454212454212,"low (<0.4)"
"Fluconazole","YDR233C",0.514331501831502,"moderate (0.4–0.7)"
"Fluconazole","LYS4",0.631027062340183,"moderate (0.4–0.7)"
"Fluconazole","PRP42",0.14412186354935,"low (<0.4)"
"Fluconazole","YDR236C",-0.0236732451367734,"low (<0.4)"
"Fluconazole","MRPL7",0.28302577986537,"low (<0.4)"
"Fluconazole","YDR238C",0.144871794871795,"low (<0.4)"
"Fluconazole","YDR239C",-0.104201488948437,"low (<0.4)"
"Fluconazole","SNU56",-0.222486833066178,"low (<0.4)"
"Fluconazole","YDR243C",0.108861340679522,"low (<0.4)"
"Fluconazole","PEX5",0.243162487409633,"low (<0.4)"
"Fluconazole","MNN10",-0.0621794871794872,"low (<0.4)"
"Fluconazole","YDR246W",-0.0970905097780534,"low (<0.4)"
"Fluconazole","YDR248C",0.260099654488984,"low (<0.4)"
"Fluconazole","YDR249C",-0.0821710626977841,"low (<0.4)"
"Fluconazole","YDR251W",-0.164652014652015,"low (<0.4)"
"Fluconazole","YDR252W",-0.0617287805451901,"low (<0.4)"
"Fluconazole","RKM4",0.341041256825316,"low (<0.4)"
"Fluconazole","YDR258C",0.181295336964347,"low (<0.4)"
"Fluconazole","YAP6",0.121096085120982,"low (<0.4)"
"Fluconazole","SWM1",0.134270602290547,"low (<0.4)"
"Fluconazole","YDR261C",0.343360805860806,"low (<0.4)"
"Fluconazole","YDR262W",0.045867992713341,"low (<0.4)"
"Fluconazole","YDR264C",0.189860231929013,"low (<0.4)"
"Fluconazole","PEX10",0.0320574629210319,"low (<0.4)"
"Fluconazole","YDR266C",0.111675824175824,"low (<0.4)"
"Fluconazole","YDR267C",-0.0490183733332394,"low (<0.4)"
"Fluconazole","MSW1",0.0653270942288283,"low (<0.4)"
"Fluconazole","YDR270W",-0.0873736395438004,"low (<0.4)"
"Fluconazole","YDR272W",0.216483516483516,"low (<0.4)"
"Fluconazole","YDR275W",0.276615229925045,"low (<0.4)"
"Fluconazole","PMP3",0.424130036630037,"moderate (0.4–0.7)"
"Fluconazole","MTH1",0.196225448750483,"low (<0.4)"
"Fluconazole","RNH202",0.0244201366641939,"low (<0.4)"
"Fluconazole","YDR280W",-0.0322805892945748,"low (<0.4)"
"Fluconazole","YDR281C",0.167874690505316,"low (<0.4)"
"Fluconazole","YDR282C",0.0571835246315952,"low (<0.4)"
"Fluconazole","GCN2",-0.0760310901044559,"low (<0.4)"
"Fluconazole","DPP1",-0.184752747252747,"low (<0.4)"
"Fluconazole","YDR285W",0.0701322109007854,"low (<0.4)"
"Fluconazole","YDR286C",-0.0633917329244745,"low (<0.4)"
"Fluconazole","YDR287W",0.0415501304966302,"low (<0.4)"
"Fluconazole","YDR288W",0.187132227900588,"low (<0.4)"
"Fluconazole","YDR289C",-0.128792216070085,"low (<0.4)"
"Fluconazole","YDR291W",-0.0236872289206542,"low (<0.4)"
"Fluconazole","YDR292C",0.12021657757859,"low (<0.4)"
"Fluconazole","SSD1",0.0859432234432234,"low (<0.4)"
"Fluconazole","DPL1",0.234297553787715,"low (<0.4)"
"Fluconazole","HDA2",0.0775671507926458,"low (<0.4)"
"Fluconazole","MHR1",0.0983066007530004,"low (<0.4)"
"Fluconazole","SUR2",0.154807692307692,"low (<0.4)"
"Fluconazole","ATP5",0.761080586080586,"high (≥0.7)"
"Fluconazole","YDR299W",-0.0473443223443223,"low (<0.4)"
"Fluconazole","YDR300C",0.20728021978022,"low (<0.4)"
"Fluconazole","CFT1",0.0780344837322958,"low (<0.4)"
"Fluconazole","YDR302W",-0.107417582417582,"low (<0.4)"
"Fluconazole","YDR303C",-0.0993589743589744,"low (<0.4)"
"Fluconazole","CPR5",0.178067765567766,"low (<0.4)"
"Fluconazole","HNT2",0.014732500859205,"low (<0.4)"
"Fluconazole","YDR306C",0.0340576963574709,"low (<0.4)"
"Fluconazole","YDR307W",0.123367408870867,"low (<0.4)"
"Fluconazole","SRB7",0.282967032967033,"low (<0.4)"
"Fluconazole","YDR309C",0.31275687351901,"low (<0.4)"
"Fluconazole","YDR310C",0.0377289377289377,"low (<0.4)"
"Fluconazole","YDR311W",0.0644267643903483,"low (<0.4)"
"Fluconazole","YDR312W",0.0897118844052665,"low (<0.4)"
"Fluconazole","YDR313C",-0.225865650913363,"low (<0.4)"
"Fluconazole","IPK1",-0.0957666934574013,"low (<0.4)"
"Fluconazole","YDR316W",0.0943374627280102,"low (<0.4)"
"Fluconazole","MCM21",0.207451245686981,"low (<0.4)"
"Fluconazole","YDR319C",-0.0308678734907762,"low (<0.4)"
"Fluconazole","SWA2",-0.120721628242405,"low (<0.4)"
"Fluconazole","DAD4",0.220512820512821,"low (<0.4)"
"Fluconazole","YDR321W",0.355494505494506,"low (<0.4)"
"Fluconazole","MRPL35",0.30356325507126,"low (<0.4)"
"Fluconazole","TIM11",0.669871794871795,"moderate (0.4–0.7)"
"Fluconazole","PEP7",0.0319504677173316,"low (<0.4)"
"Fluconazole","YDR324C",0.140155677655678,"low (<0.4)"
"Fluconazole","YCG1",0.210475661824962,"low (<0.4)"
"Fluconazole","YDR326C",0.0731539787278083,"low (<0.4)"
"Fluconazole","SKP1",-0.000412087912087912,"low (<0.4)"
"Fluconazole","PEX3",0.133716471419233,"low (<0.4)"
"Fluconazole","YDR330W",0.176855474989464,"low (<0.4)"
"Fluconazole","YDR331W",-0.034479600750465,"low (<0.4)"
"Fluconazole","YDR332W",-0.03793680894135,"low (<0.4)"
"Fluconazole","YDR333C",0.0873726393819457,"low (<0.4)"
"Fluconazole","YDR334W",-0.185006696517347,"low (<0.4)"
"Fluconazole","MSN5",0.124818278605689,"low (<0.4)"
"Fluconazole","YDR336W",0.149544701823506,"low (<0.4)"
"Fluconazole","YDR337W",0.0459833295249766,"low (<0.4)"
"Fluconazole","YDR338C",-0.0557041206470572,"low (<0.4)"
"Fluconazole","FCF1",0.371245421245421,"low (<0.4)"
"Fluconazole","YDR341C",-0.129029304029304,"low (<0.4)"
"Fluconazole","YDR342C",0.485434529515238,"moderate (0.4–0.7)"
"Fluconazole","YDR345C",0.532188644688645,"moderate (0.4–0.7)"
"Fluconazole","SVF1",-0.0472069597069597,"low (<0.4)"
"Fluconazole","YDR347W",0.306882183571867,"low (<0.4)"
"Fluconazole","YDR348C",0.0141483516483516,"low (<0.4)"
"Fluconazole","YDR349C",-0.16456043956044,"low (<0.4)"
"Fluconazole","ATP22",0.0722130032236364,"low (<0.4)"
"Fluconazole","YDR351W",0.180198949175601,"low (<0.4)"
"Fluconazole","YDR352W",-0.0626997317541263,"low (<0.4)"
"Fluconazole","YDR353W",0.211996336996337,"low (<0.4)"
"Fluconazole","YDR354W",0.182196987232537,"low (<0.4)"
"Fluconazole","SPC110",-0.0481591012404809,"low (<0.4)"
"Fluconazole","CNL1",0.0594313551940092,"low (<0.4)"
"Fluconazole","YDR358W",0.117929718187643,"low (<0.4)"
"Fluconazole","EAF1",0.00261003949555782,"low (<0.4)"
"Fluconazole","YDR361C",0.178617216117216,"low (<0.4)"
"Fluconazole","TFC6",0.0632558224006071,"low (<0.4)"
"Fluconazole","YDR363W",0.308914187803621,"low (<0.4)"
"Fluconazole","SEM1",0.0856227106227106,"low (<0.4)"
"Fluconazole","CDC40",-0.0393719748588725,"low (<0.4)"
"Fluconazole","YDR365C",0.255085337532023,"low (<0.4)"
"Fluconazole","YDR367W",0.214102564102564,"low (<0.4)"
"Fluconazole","YDR368W",0.100274725274725,"low (<0.4)"
"Fluconazole","YDR369C",0.314656701580368,"low (<0.4)"
"Fluconazole","YDR370C",-0.074238897716588,"low (<0.4)"
"Fluconazole","YDR371W",0.0594925843498232,"low (<0.4)"
"Fluconazole","VPS74",0.316437728937729,"low (<0.4)"
"Fluconazole","YDR373W",0.173399420792276,"low (<0.4)"
"Fluconazole","YDR374W-A",0.0720728971862309,"low (<0.4)"
"Fluconazole","YDR375C",0.227485112230875,"low (<0.4)"
"Fluconazole","YDR376W",0.081426396609766,"low (<0.4)"
"Fluconazole","YDR377W",0.740064102564102,"high (≥0.7)"
"Fluconazole","YDR378C",0.157967032967033,"low (<0.4)"
"Fluconazole","YDR379W",-0.00709130484591592,"low (<0.4)"
"Fluconazole","YDR379C-A",-0.173210926348715,"low (<0.4)"
"Fluconazole","YRA1",0.257600732600733,"low (<0.4)"
"Fluconazole","YDR381C-A",0.323068118888693,"low (<0.4)"
"Fluconazole","RPP2B",0.075503663003663,"low (<0.4)"
"Fluconazole","YDR383C",-0.147069634832422,"low (<0.4)"
"Fluconazole","YDR384C",0.329395604395604,"low (<0.4)"
"Fluconazole","YDR385W",0.468040293040293,"moderate (0.4–0.7)"
"Fluconazole","MUS81",0.0197811252867148,"low (<0.4)"
"Fluconazole","YDR387C",-0.00360344100410105,"low (<0.4)"
"Fluconazole","YDR388W",0.263324175824176,"low (<0.4)"
"Fluconazole","YDR389W",-0.12742673992674,"low (<0.4)"
"Fluconazole","UBA2",-0.110419054875759,"low (<0.4)"
"Fluconazole","YDR391C",0.186263736263736,"low (<0.4)"
"Fluconazole","YDR392W",-0.171478946206327,"low (<0.4)"
"Fluconazole","SHE9",0.127736559805936,"low (<0.4)"
"Fluconazole","RPT3",0.00467032967032967,"low (<0.4)"
"Fluconazole","SXM1",0.00572344322344322,"low (<0.4)"
"Fluconazole","NCB2",0.300595238095238,"low (<0.4)"
"Fluconazole","YDR398W",0.207005494505494,"low (<0.4)"
"Fluconazole","HPT1",0.280586080586081,"low (<0.4)"
"Fluconazole","YDR400W",0.229962447753892,"low (<0.4)"
"Fluconazole","RPB7",0.0585164835164835,"low (<0.4)"
"Fluconazole","MRP20",0.27688996777963,"low (<0.4)"
"Fluconazole","YDR406W",0.0265390863080552,"low (<0.4)"
"Fluconazole","YDR407C",-0.161850244683091,"low (<0.4)"
"Fluconazole","YDR408C",0.152014652014652,"low (<0.4)"
"Fluconazole","SIZ1",0.00979398073466378,"low (<0.4)"
"Fluconazole","YDR410C",0.121055208192749,"low (<0.4)"
"Fluconazole","YDR411C",-0.0227108826810058,"low (<0.4)"
"Fluconazole","YDR412W",0.265796703296703,"low (<0.4)"
"Fluconazole","ERD1",0.161321393033192,"low (<0.4)"
"Fluconazole","YDR415C",0.0774845614797689,"low (<0.4)"
"Fluconazole","SYF1",0.127835074224053,"low (<0.4)"
"Fluconazole","RPL12B",0.193681318681319,"low (<0.4)"
"Fluconazole","RAD30",-0.0798303555898912,"low (<0.4)"
"Fluconazole","YDR420W",0.0851687349214672,"low (<0.4)"
"Fluconazole","YDR421W",0.000885121766191698,"low (<0.4)"
"Fluconazole","YDR422C",-0.290822926105662,"low (<0.4)"
"Fluconazole","CAD1",0.30407697261455,"low (<0.4)"
"Fluconazole","DYN2",0.305860805860806,"low (<0.4)"
"Fluconazole","YDR425W",0.00740871765499715,"low (<0.4)"
"Fluconazole","YDR427W",0.221428571428571,"low (<0.4)"
"Fluconazole","YDR428C",0.00934215650316217,"low (<0.4)"
"Fluconazole","YDR429C",0.253159340659341,"low (<0.4)"
"Fluconazole","CYM1",0.240194170877871,"low (<0.4)"
"Fluconazole","NPL3",0.210393772893773,"low (<0.4)"
"Fluconazole","YDR434W",-0.192387384922565,"low (<0.4)"
"Fluconazole","YDR435C",0.098398197865279,"low (<0.4)"
"Fluconazole","YDR436W",0.0957275116496941,"low (<0.4)"
"Fluconazole","YDR438W",-0.130890080268649,"low (<0.4)"
"Fluconazole","YDR439W",0.10378053814762,"low (<0.4)"
"Fluconazole","DOT1",-0.041183216981118,"low (<0.4)"
"Fluconazole","YDR441C",0.502753007736782,"moderate (0.4–0.7)"
"Fluconazole","SSN2",0.0458799903393546,"low (<0.4)"
"Fluconazole","YDR444W",0.119008076895391,"low (<0.4)"
"Fluconazole","RPS17B",0.412912087912088,"moderate (0.4–0.7)"
"Fluconazole","ADA2",0.141746612251008,"low (<0.4)"
"Fluconazole","YDR449C",0.189906019998935,"low (<0.4)"
"Fluconazole","RPS18A",0.163644688644689,"low (<0.4)"
"Fluconazole","YDR451C",-0.210118710874043,"low (<0.4)"
"Fluconazole","PPN1",0.205311355311355,"low (<0.4)"
"Fluconazole","TSA2",0.537982508920601,"moderate (0.4–0.7)"
"Fluconazole","GUK1",0.0283882783882784,"low (<0.4)"
"Fluconazole","NHX1",0.0534575716332143,"low (<0.4)"
"Fluconazole","YDR457W",0.344826007326007,"low (<0.4)"
"Fluconazole","YDR458C",0.031043956043956,"low (<0.4)"
"Fluconazole","YDR459C",-0.0707573308512564,"low (<0.4)"
"Fluconazole","TFB3",-0.181060536679183,"low (<0.4)"
"Fluconazole","MRPL28",0.0612207519301084,"low (<0.4)"
"Fluconazole","STP1",0.273474529553973,"low (<0.4)"
"Fluconazole","YDR464W",0.0477111688580807,"low (<0.4)"
"Fluconazole","YDR465C",0.11717032967033,"low (<0.4)"
"Fluconazole","YDR466W",0.347606073221826,"low (<0.4)"
"Fluconazole","YDR468C",0.0371816152700518,"low (<0.4)"
"Fluconazole","SDC1",0.0461820266334865,"low (<0.4)"
"Fluconazole","YDR470C",0.190752850999824,"low (<0.4)"
"Fluconazole","RPL27B",0.0133241758241758,"low (<0.4)"
"Fluconazole","YDR472W",-0.0502770273891242,"low (<0.4)"
"Fluconazole","PRP3",0.147208065857514,"low (<0.4)"
"Fluconazole","JIP4",0.142328620163824,"low (<0.4)"
"Fluconazole","YDR476C",-0.00906593406593406,"low (<0.4)"
"Fluconazole","SNF1",0.401236263736264,"moderate (0.4–0.7)"
"Fluconazole","YDR478W",0.188957650931898,"low (<0.4)"
"Fluconazole","YDR479C",0.130054128684817,"low (<0.4)"
"Fluconazole","DIG2",-0.0635053244958361,"low (<0.4)"
"Fluconazole","PHO8",0.135445762310591,"low (<0.4)"
"Fluconazole","YDR482C",0.145766320594722,"low (<0.4)"
"Fluconazole","KRE2",0.152106227106227,"low (<0.4)"
"Fluconazole","VPS52",0.174429312529336,"low (<0.4)"
"Fluconazole","VPS72",0.0505294488306676,"low (<0.4)"
"Fluconazole","VPS60",-0.0421708123975934,"low (<0.4)"
"Fluconazole","YDR487C",0.274084249084249,"low (<0.4)"
"Fluconazole","SLD5",0.183431411144197,"low (<0.4)"
"Fluconazole","YDR490C",-0.0559152358271942,"low (<0.4)"
"Fluconazole","YDR492W",0.351785714285714,"low (<0.4)"
"Fluconazole","MZM1",0.092341156873005,"low (<0.4)"
"Fluconazole","YDR494W",0.332600732600733,"low (<0.4)"
"Fluconazole","VPS3",0.0633196380769406,"low (<0.4)"
"Fluconazole","YDR496C",0.014010989010989,"low (<0.4)"
"Fluconazole","YDR497C",0.128937728937729,"low (<0.4)"
"Fluconazole","YDR498C",0.180295060404711,"low (<0.4)"
"Fluconazole","LCD1",0.00546070608392913,"low (<0.4)"
"Fluconazole","RPL37B",0.0993131868131868,"low (<0.4)"
"Fluconazole","SAM2",0.464056776556777,"moderate (0.4–0.7)"
"Fluconazole","YDR503C",-0.0554505823928623,"low (<0.4)"
"Fluconazole","YDR504C",0.120428931699043,"low (<0.4)"
"Fluconazole","PSP1",0.175977910722503,"low (<0.4)"
"Fluconazole","YDR506C",-0.0112579583451765,"low (<0.4)"
"Fluconazole","GIN4",0.0506526219372567,"low (<0.4)"
"Fluconazole","YDR508C",0.542582417582418,"moderate (0.4–0.7)"
"Fluconazole","YDR510W",0.295421245421245,"low (<0.4)"
"Fluconazole","YDR511W",0.409615384615385,"moderate (0.4–0.7)"
"Fluconazole","YDR512C",0.278597511436653,"low (<0.4)"
"Fluconazole","GRX2",0.323626373626374,"low (<0.4)"
"Fluconazole","YDR514C",0.371250925239944,"low (<0.4)"
"Fluconazole","SLF1",0.00114555426356995,"low (<0.4)"
"Fluconazole","YDR516C",0.199084044605941,"low (<0.4)"
"Fluconazole","YDR517W",0.255906593406593,"low (<0.4)"
"Fluconazole","YDR518W",0.202292222467274,"low (<0.4)"
"Fluconazole","FPR2",0.0697802197802198,"low (<0.4)"
"Fluconazole","URC2",0.232870307218949,"low (<0.4)"
"Fluconazole","AGE1",0.244531187415144,"low (<0.4)"
"Fluconazole","YDR524C-B",0.44010989010989,"moderate (0.4–0.7)"
"Fluconazole","YDR527W",-0.116208791208791,"low (<0.4)"
"Fluconazole","YDR528W",0.0134623702258684,"low (<0.4)"
"Fluconazole","QCR7",0.800228937728938,"high (≥0.7)"
"Fluconazole","YDR530C",-0.00013750120361346,"low (<0.4)"
"Fluconazole","YDR531W",0.0821428571428571,"low (<0.4)"
"Fluconazole","YDR532C",0.167578356329559,"low (<0.4)"
"Fluconazole","YDR533C",0.546029690667663,"moderate (0.4–0.7)"
"Fluconazole","YDR534C",0.273423005565863,"low (<0.4)"
"Fluconazole","PAD1",0.134061331771594,"low (<0.4)"
"Fluconazole","YDR539W",0.477420403651744,"moderate (0.4–0.7)"
"Fluconazole","YDR541C",0.168799499970848,"low (<0.4)"
"Fluconazole","YOL159C-A",0.474495144712923,"moderate (0.4–0.7)"
"Fluconazole","YOL159C",0.580131582028049,"moderate (0.4–0.7)"
"Fluconazole","ENB1",0.582198578347813,"moderate (0.4–0.7)"
"Fluconazole","YOL155C",0.681547619047619,"moderate (0.4–0.7)"
"Fluconazole","YOL154W",0.310088884999259,"low (<0.4)"
"Fluconazole","YOL151W",0.441854874741343,"moderate (0.4–0.7)"
"Fluconazole","YOL149W",0.0773995598754114,"low (<0.4)"
"Fluconazole","SPT20",-0.0272066791171315,"low (<0.4)"
"Fluconazole","PEX11",0.200961538461538,"low (<0.4)"
"Fluconazole","YOL146W",0.163453139620375,"low (<0.4)"
"Fluconazole","CTR9",0.00393772893772894,"low (<0.4)"
"Fluconazole","YOL144W",0.0975732600732601,"low (<0.4)"
"Fluconazole","YOL143C",0.430311355311355,"moderate (0.4–0.7)"
"Fluconazole","RRP40",0.287179487179487,"low (<0.4)"
"Fluconazole","YOL140W",0.144979966605472,"low (<0.4)"
"Fluconazole","CDC33",0.110760073260073,"low (<0.4)"
"Fluconazole","RTC1",-0.0174739495019415,"low (<0.4)"
"Fluconazole","YOL137W",-0.0047640318619229,"low (<0.4)"
"Fluconazole","PFK27",0.0532509157509157,"low (<0.4)"
"Fluconazole","YOL135C",0.0702383096953728,"low (<0.4)"
"Fluconazole","HRT1",0.293498168498169,"low (<0.4)"
"Fluconazole","ALR1",0.0118741297492552,"low (<0.4)"
"Fluconazole","YOL129W",0.0516483516483516,"low (<0.4)"
"Fluconazole","YOL128C",-0.0240483734045264,"low (<0.4)"
"Fluconazole","RPL25",0.0143315018315018,"low (<0.4)"
"Fluconazole","YOL126C",0.0393326257596381,"low (<0.4)"
"Fluconazole","YOL125W",-0.00421264710364247,"low (<0.4)"
"Fluconazole","YOL124C",0.0745455378774993,"low (<0.4)"
"Fluconazole","HRP1",0.355540293040293,"low (<0.4)"
"Fluconazole","SMF1",0.530815018315018,"moderate (0.4–0.7)"
"Fluconazole","RPS19A",0.206318681318681,"low (<0.4)"
"Fluconazole","RPL18A",0.322710622710623,"low (<0.4)"
"Fluconazole","YOL119C",0.180757985009722,"low (<0.4)"
"Fluconazole","RRI2",0.0776056518098234,"low (<0.4)"
"Fluconazole","MSN1",0.127327135324891,"low (<0.4)"
"Fluconazole","PAP2",-0.0619283645686701,"low (<0.4)"
"Fluconazole","YOL113W",0.134870090752957,"low (<0.4)"
"Fluconazole","YOL112W",0.177111717039116,"low (<0.4)"
"Fluconazole","MDY2",-0.0548534798534799,"low (<0.4)"
"Fluconazole","SHR5",-0.105202896333537,"low (<0.4)"
"Fluconazole","YOL109W",0.406089743589744,"moderate (0.4–0.7)"
"Fluconazole","YOL108C",0.31804757434923,"low (<0.4)"
"Fluconazole","YOL107W",0.110967076967971,"low (<0.4)"
"Fluconazole","YOL105C",0.268441859482933,"low (<0.4)"
"Fluconazole","ITR2",0.0308608058608059,"low (<0.4)"
"Fluconazole","TPT1",0.0527520835241322,"low (<0.4)"
"Fluconazole","YOL101C",0.0371052361458783,"low (<0.4)"
"Fluconazole","YOL100W",0.00567798065700298,"low (<0.4)"
"Fluconazole","YOL098C",0.0804350320096371,"low (<0.4)"
"Fluconazole","YOL097W-A",0.0147799150127261,"low (<0.4)"
"Fluconazole","WRS1",0.011492673992674,"low (<0.4)"
"Fluconazole","YOL096C",-0.0174582469768061,"low (<0.4)"
"Fluconazole","YOL095C",0.282953940642837,"low (<0.4)"
"Fluconazole","YOL094C",-0.0488061877163239,"low (<0.4)"
"Fluconazole","YOL093W",0.198262342759587,"low (<0.4)"
"Fluconazole","YOL092W",-0.0298076923076923,"low (<0.4)"
"Fluconazole","MSH2",-0.0713075356456061,"low (<0.4)"
"Fluconazole","YOL089C",0.112159377146783,"low (<0.4)"
"Fluconazole","YOL088C",0.344887586789511,"low (<0.4)"
"Fluconazole","YOL087C",-0.151986263159684,"low (<0.4)"
"Fluconazole","YOL086W-A",0.125256236799895,"low (<0.4)"
"Fluconazole","ADH1",0.526923076923077,"moderate (0.4–0.7)"
"Fluconazole","ATG19",-0.0111634902723273,"low (<0.4)"
"Fluconazole","IRA2",0.184844322344322,"low (<0.4)"
"Fluconazole","YOL080C",0.269322344322344,"low (<0.4)"
"Fluconazole","YOL078W",-0.0363282094479689,"low (<0.4)"
"Fluconazole","YOL077W-A",0.613003663003663,"moderate (0.4–0.7)"
"Fluconazole","YOL077C",0.244734432234432,"low (<0.4)"
"Fluconazole","MDM20",0.216302842308612,"low (<0.4)"
"Fluconazole","YOL075C",0.104091773194547,"low (<0.4)"
"Fluconazole","YOL073C",0.00817925744188947,"low (<0.4)"
"Fluconazole","THP1",0.0364327971962627,"low (<0.4)"
"Fluconazole","EMI5",0.270836433584978,"low (<0.4)"
"Fluconazole","YOL070C",0.101937689873414,"low (<0.4)"
"Fluconazole","YOL069W",0.107060020328374,"low (<0.4)"
"Fluconazole","YOL068C",0.114470174803457,"low (<0.4)"
"Fluconazole","RIB2",0.082698577529576,"low (<0.4)"
"Fluconazole","YOL065C",-0.0994787043958401,"low (<0.4)"
"Fluconazole","MET22",0.292857142857143,"low (<0.4)"
"Fluconazole","CRT10",0.100499527360257,"low (<0.4)"
"Fluconazole","APM4",-0.0637820512820513,"low (<0.4)"
"Fluconazole","YOL061W",0.312042124542125,"low (<0.4)"
"Fluconazole","YOL060C",0.0128206595779871,"low (<0.4)"
"Fluconazole","GPD2",0.0315934065934066,"low (<0.4)"
"Fluconazole","ARG1",0.622544080604534,"moderate (0.4–0.7)"
"Fluconazole","YOL057W",-0.0250469344097003,"low (<0.4)"
"Fluconazole","YOL056W",-0.0678514137233454,"low (<0.4)"
"Fluconazole","YOL055C",-0.0317462309627125,"low (<0.4)"
"Fluconazole","YOL054W",0.180589908682254,"low (<0.4)"
"Fluconazole","YOL053W",-0.0165469151411293,"low (<0.4)"
"Fluconazole","YOL052C",0.106385423299072,"low (<0.4)"
"Fluconazole","GAL11",-0.229131370724205,"low (<0.4)"
"Fluconazole","YOL049W",-0.114010989010989,"low (<0.4)"
"Fluconazole","YOL048C",0.0742776593027539,"low (<0.4)"
"Fluconazole","YOL045W",-0.114748843931826,"low (<0.4)"
"Fluconazole","PEX15",0.0241223301195086,"low (<0.4)"
"Fluconazole","NTG2",-0.075609756097561,"low (<0.4)"
"Fluconazole","YOL042W",-0.0337952734411025,"low (<0.4)"
"Fluconazole","YOL041C",-0.0206043956043956,"low (<0.4)"
"Fluconazole","RPS15",0.107417582417582,"low (<0.4)"
"Fluconazole","RPP2A",0.346245421245421,"low (<0.4)"
"Fluconazole","YOL038W",0.0153388278388278,"low (<0.4)"
"Fluconazole","YOL036W",-0.234203296703297,"low (<0.4)"
"Fluconazole","YOL034W",-0.0891789768814682,"low (<0.4)"
"Fluconazole","MSE1",0.276610883320282,"low (<0.4)"
"Fluconazole","YOL032W",0.0617549972492206,"low (<0.4)"
"Fluconazole","SIL1",0.175399233118144,"low (<0.4)"
"Fluconazole","YOL030W",0.520238095238095,"moderate (0.4–0.7)"
"Fluconazole","YOL029C",0.399998262914286,"low (<0.4)"
"Fluconazole","MDM38",0.19514652014652,"low (<0.4)"
"Fluconazole","MIM1",0.229624542124542,"low (<0.4)"
"Fluconazole","LAG2",-0.0117239542729494,"low (<0.4)"
"Fluconazole","YOL023W",0.119786280592899,"low (<0.4)"
"Fluconazole","YOL022C",0.104029304029304,"low (<0.4)"
"Fluconazole","DIS3",0.0778388278388278,"low (<0.4)"
"Fluconazole","TAT2",0.226419413919414,"low (<0.4)"
"Fluconazole","YOL019W",-0.040203306054327,"low (<0.4)"
"Fluconazole","YOL018C",-0.147083066214855,"low (<0.4)"
"Fluconazole","YOL017W",0.0455506890299953,"low (<0.4)"
"Fluconazole","YOL016C",0.231466642488181,"low (<0.4)"
"Fluconazole","YOL014W",0.435856637581642,"moderate (0.4–0.7)"
"Fluconazole","YOL013W-A",0.592356555271407,"moderate (0.4–0.7)"
"Fluconazole","HRD1",-0.0114527863596114,"low (<0.4)"
"Fluconazole","HTZ1",-0.0414377289377289,"low (<0.4)"
"Fluconazole","YOL011W",-0.0378205128205128,"low (<0.4)"
"Fluconazole","YOL010W",-0.0633241758241758,"low (<0.4)"
"Fluconazole","YOL009C",0.0758808933669077,"low (<0.4)"
"Fluconazole","YOL008W",0.0799780196348257,"low (<0.4)"
"Fluconazole","YOL007C",0.0402752180182246,"low (<0.4)"
"Fluconazole","TOP1",0.360787096945535,"low (<0.4)"
"Fluconazole","RPB11",0.117078754578755,"low (<0.4)"
"Fluconazole","SIN3",0.124450549450549,"low (<0.4)"
"Fluconazole","YOL003C",0.0079339653155817,"low (<0.4)"
"Fluconazole","IZH2",0.499862637362637,"moderate (0.4–0.7)"
"Fluconazole","PHO80",0.114788698705245,"low (<0.4)"
"Fluconazole","YOR001W",0.322664835164835,"low (<0.4)"
"Fluconazole","YOR002W",-0.18956043956044,"low (<0.4)"
"Fluconazole","YOR003W",0.137004178433491,"low (<0.4)"
"Fluconazole","YOR004W",0.123076923076923,"low (<0.4)"
"Fluconazole","DNL4",-0.0102209228019339,"low (<0.4)"
"Fluconazole","YOR006C",-0.055222308771661,"low (<0.4)"
"Fluconazole","YOR007C",0.437728937728938,"moderate (0.4–0.7)"
"Fluconazole","SLG1",0.203983516483516,"low (<0.4)"
"Fluconazole","YOR009W",0.276845099138733,"low (<0.4)"
"Fluconazole","TIR2",0.282836081138457,"low (<0.4)"
"Fluconazole","YOR011W",0.297675659042619,"low (<0.4)"
"Fluconazole","RTS1",0.0598019575648862,"low (<0.4)"
"Fluconazole","YOR016C",0.151558511439777,"low (<0.4)"
"Fluconazole","YOR017W",0.12963682870858,"low (<0.4)"
"Fluconazole","ROD1",0.171701705671125,"low (<0.4)"
"Fluconazole","YOR019W",0.125110553588247,"low (<0.4)"
"Fluconazole","HSP10",0.500595238095238,"moderate (0.4–0.7)"
"Fluconazole","YOR020W-A",-0.0808150183150183,"low (<0.4)"
"Fluconazole","YOR021C",0.283150183150183,"low (<0.4)"
"Fluconazole","YOR022C",0.235226653739622,"low (<0.4)"
"Fluconazole","YOR023C",-0.148771694811353,"low (<0.4)"
"Fluconazole","YOR025W",-0.0161138996666191,"low (<0.4)"
"Fluconazole","YOR026W",-0.186774437736014,"low (<0.4)"
"Fluconazole","YOR027W",0.511446886446886,"moderate (0.4–0.7)"
"Fluconazole","DFG16",0.117778513132641,"low (<0.4)"
"Fluconazole","EXO1",0.228355560778015,"low (<0.4)"
"Fluconazole","YOR034C",-0.00863105118018063,"low (<0.4)"
"Fluconazole","YOR034C-A",0.174863463503094,"low (<0.4)"
"Fluconazole","SHE4",-0.0137353825009408,"low (<0.4)"
"Fluconazole","PEP12",-0.317445054945055,"low (<0.4)"
"Fluconazole","YOR037W",-0.0106301201951324,"low (<0.4)"
"Fluconazole","HIR2",-0.145972366909368,"low (<0.4)"
"Fluconazole","CKB2",0.0451007326007326,"low (<0.4)"
"Fluconazole","YOR042W",0.196794871794872,"low (<0.4)"
"Fluconazole","YOR043W",0.102564102564103,"low (<0.4)"
"Fluconazole","YOR044W",-0.0988092512021983,"low (<0.4)"
"Fluconazole","TOM6",0.108791208791209,"low (<0.4)"
"Fluconazole","DBP5",0.0843864468864469,"low (<0.4)"
"Fluconazole","STD1",0.17353678500204,"low (<0.4)"
"Fluconazole","RAT1",0.150803008286074,"low (<0.4)"
"Fluconazole","YOR049C",0.626468826508098,"moderate (0.4–0.7)"
"Fluconazole","ETT1",0.12779304029304,"low (<0.4)"
"Fluconazole","YOR052C",0.0899725274725275,"low (<0.4)"
"Fluconazole","VHS3",0.1021960134011,"low (<0.4)"
"Fluconazole","NOB1",-0.134386446886447,"low (<0.4)"
"Fluconazole","SGT1",0.133815634345241,"low (<0.4)"
"Fluconazole","ASE1",-0.0581710621025639,"low (<0.4)"
"Fluconazole","YOR059C",-0.167766033512529,"low (<0.4)"
"Fluconazole","SLD7",-0.0366269565517562,"low (<0.4)"
"Fluconazole","CKA2",0.0577838827838828,"low (<0.4)"
"Fluconazole","YOR062C",0.21271584891288,"low (<0.4)"
"Fluconazole","RPL3",0.224771062271062,"low (<0.4)"
"Fluconazole","YNG1",0.105817563959845,"low (<0.4)"
"Fluconazole","CYT1",0.806227106227106,"high (≥0.7)"
"Fluconazole","MSA1",-0.0596204417573437,"low (<0.4)"
"Fluconazole","ALG8",-0.00872352610181376,"low (<0.4)"
"Fluconazole","VPS5",-0.00332039532009901,"low (<0.4)"
"Fluconazole","GYP1",0.195466000086992,"low (<0.4)"
"Fluconazole","SGO1",-0.0340454287119886,"low (<0.4)"
"Fluconazole","CDC21",0.270260679862486,"low (<0.4)"
"Fluconazole","UFE1",0.264685344110674,"low (<0.4)"
"Fluconazole","SKI7",0.0308820215150581,"low (<0.4)"
"Fluconazole","BUD21",-0.0110805860805861,"low (<0.4)"
"Fluconazole","ATX2",0.148312651833673,"low (<0.4)"
"Fluconazole","DIA2",-0.0486553941379916,"low (<0.4)"
"Fluconazole","TGL5",-0.104178145087236,"low (<0.4)"
"Fluconazole","YOR084W",0.156520155327488,"low (<0.4)"
"Fluconazole","YOR085W",0.026510989010989,"low (<0.4)"
"Fluconazole","YOR086C",0.174496336996337,"low (<0.4)"
"Fluconazole","YVC1",0.094439493488707,"low (<0.4)"
"Fluconazole","VPS21",-0.0172619047619048,"low (<0.4)"
"Fluconazole","PTC5",-0.0503528006087696,"low (<0.4)"
"Fluconazole","TMA46",0.25206043956044,"low (<0.4)"
"Fluconazole","ECM3",0.283336576673516,"low (<0.4)"
"Fluconazole","YOR093C",-0.198459522606316,"low (<0.4)"
"Fluconazole","ARF3",0.231832959627628,"low (<0.4)"
"Fluconazole","YOR095C",0.43282967032967,"moderate (0.4–0.7)"
"Fluconazole","RPS7A",0.0220695970695971,"low (<0.4)"
"Fluconazole","YOR097C",-0.126454156193686,"low (<0.4)"
"Fluconazole","YOR098C",0.0302201261481126,"low (<0.4)"
"Fluconazole","YOR099W",0.0583333333333333,"low (<0.4)"
"Fluconazole","YOR101W",0.127106227106227,"low (<0.4)"
"Fluconazole","YOR103C",0.179441391941392,"low (<0.4)"
"Fluconazole","YOR104W",0.372945426728965,"low (<0.4)"
"Fluconazole","VAM3",-0.068209138417448,"low (<0.4)"
"Fluconazole","YOR108W",0.372710622710623,"low (<0.4)"
"Fluconazole","INP53",-0.0565934065934066,"low (<0.4)"
"Fluconazole","TFC7",-0.0825974952255177,"low (<0.4)"
"Fluconazole","YOR111W",0.0834453620126752,"low (<0.4)"
"Fluconazole","YOR112W",-0.271955550463971,"low (<0.4)"
"Fluconazole","YOR113W",-0.0658013954310807,"low (<0.4)"
"Fluconazole","YOR115C",0.148399134615201,"low (<0.4)"
"Fluconazole","RPO31",0.166485422234147,"low (<0.4)"
"Fluconazole","RPT5",-0.0657967032967033,"low (<0.4)"
"Fluconazole","YOR118W",0.155593204980186,"low (<0.4)"
"Fluconazole","RIO1",0.161994567078934,"low (<0.4)"
"Fluconazole","GCY1",0.0329287840622853,"low (<0.4)"
"Fluconazole","PFY1",0.319047619047619,"low (<0.4)"
"Fluconazole","YOR123C",-0.0244282149316605,"low (<0.4)"
"Fluconazole","YOR124C",0.220057464042165,"low (<0.4)"
"Fluconazole","CAT5",0.0489982830915524,"low (<0.4)"
"Fluconazole","YOR126C",0.262832547553345,"low (<0.4)"
"Fluconazole","RGA1",0.0823040556836853,"low (<0.4)"
"Fluconazole","YOR128C",0.31735347985348,"low (<0.4)"
"Fluconazole","YOR129C",-0.109443317857139,"low (<0.4)"
"Fluconazole","ORT1",0.068089977717447,"low (<0.4)"
"Fluconazole","YOR131C",0.0745421245421245,"low (<0.4)"
"Fluconazole","VPS17",0.136608706610445,"low (<0.4)"
"Fluconazole","YOR133W",0.413186813186813,"moderate (0.4–0.7)"
"Fluconazole","YOR136W",0.218187646183221,"low (<0.4)"
"Fluconazole","YOR137C",0.0244109353276929,"low (<0.4)"
"Fluconazole","YOR138C",0.0842838229796734,"low (<0.4)"
"Fluconazole","YOR140W",0.147794134481101,"low (<0.4)"
"Fluconazole","YOR141C",0.159981684981685,"low (<0.4)"
"Fluconazole","YOR142W",0.362408424908425,"low (<0.4)"
"Fluconazole","YOR143C",0.0795428579370668,"low (<0.4)"
"Fluconazole","ELG1",-0.108314455643738,"low (<0.4)"
"Fluconazole","PNO1",0.538919413919414,"moderate (0.4–0.7)"
"Fluconazole","YOR147W",-0.0402496999240044,"low (<0.4)"
"Fluconazole","YOR148C",0.261458858280418,"low (<0.4)"
"Fluconazole","SMP3",0.156525931463371,"low (<0.4)"
"Fluconazole","MRPL23",0.230726084333847,"low (<0.4)"
"Fluconazole","RPB2",0.0634157509157509,"low (<0.4)"
"Fluconazole","YOR152C",-0.0529361453937781,"low (<0.4)"
"Fluconazole","PDR5",0.311034798534798,"low (<0.4)"
"Fluconazole","YOR154W",0.236831888450452,"low (<0.4)"
"Fluconazole","YOR155C",0.233921963587743,"low (<0.4)"
"Fluconazole","NFI1",-0.0595802874893231,"low (<0.4)"
"Fluconazole","YOR157C",0.17779304029304,"low (<0.4)"
"Fluconazole","YOR158W",0.120353941788354,"low (<0.4)"
"Fluconazole","SME1",0.0190018315018315,"low (<0.4)"
"Fluconazole","MTR10",-0.0269762759862662,"low (<0.4)"
"Fluconazole","YOR161C",0.541161700766997,"moderate (0.4–0.7)"
"Fluconazole","YRR1",0.0549125859200731,"low (<0.4)"
"Fluconazole","YOR163W",0.28226674483769,"low (<0.4)"
"Fluconazole","GET4",0.0442775704571991,"low (<0.4)"
"Fluconazole","YOR165W",0.12032967032967,"low (<0.4)"
"Fluconazole","YOR166C",-0.0548549299350414,"low (<0.4)"
"Fluconazole","RPS28A",0.295787545787546,"low (<0.4)"
"Fluconazole","GLN4",0.0576007326007326,"low (<0.4)"
"Fluconazole","YOR171C",0.170497630535535,"low (<0.4)"
"Fluconazole","YOR172W",-0.237426813644012,"low (<0.4)"
"Fluconazole","YOR173W",0.0550596646671482,"low (<0.4)"
"Fluconazole","YOR174W",0.0839974366023975,"low (<0.4)"
"Fluconazole","ALE1",0.0304029304029304,"low (<0.4)"
"Fluconazole","YOR176W",-0.180182242965577,"low (<0.4)"
"Fluconazole","YOR179C",0.0692086676861699,"low (<0.4)"
"Fluconazole","LAS17",-0.100874582275265,"low (<0.4)"
"Fluconazole","RPS30B",0.144368131868132,"low (<0.4)"
"Fluconazole","SER1",0.011996336996337,"low (<0.4)"
"Fluconazole","GSP2",0.172902501946519,"low (<0.4)"
"Fluconazole","TUF1",0.454945054945055,"moderate (0.4–0.7)"
"Fluconazole","YOR188W",-0.132663225240246,"low (<0.4)"
"Fluconazole","YOR189W",0.311679391954852,"low (<0.4)"
"Fluconazole","ULS1",0.123683487498855,"low (<0.4)"
"Fluconazole","YOR193W",-0.0604315389090035,"low (<0.4)"
"Fluconazole","YOR194C",0.134386446886447,"low (<0.4)"
"Fluconazole","YOR195W",0.0344823640337955,"low (<0.4)"
"Fluconazole","YOR196C",0.292445054945055,"low (<0.4)"
"Fluconazole","MCA1",0.0999084249084249,"low (<0.4)"
"Fluconazole","YOR198C",0.425824175824176,"moderate (0.4–0.7)"
"Fluconazole","MRM1",0.0440233020235761,"low (<0.4)"
"Fluconazole","HIS3",0.28956043956044,"low (<0.4)"
"Fluconazole","DED1",-0.0451622369742163,"low (<0.4)"
"Fluconazole","GEP3",0.178001357294695,"low (<0.4)"
"Fluconazole","YOR206W",-0.000686813186813187,"low (<0.4)"
"Fluconazole","RET1",-0.0339285714285714,"low (<0.4)"
"Fluconazole","YOR208W",0.0775420964118615,"low (<0.4)"
"Fluconazole","YOR209C",0.362545787545788,"low (<0.4)"
"Fluconazole","RPB10",0.21978021978022,"low (<0.4)"
"Fluconazole","MGM1",-0.0683161633218866,"low (<0.4)"
"Fluconazole","STE4",0.00430272187142571,"low (<0.4)"
"Fluconazole","YOR213C",-0.12966227904087,"low (<0.4)"
"Fluconazole","YOR215C",0.299568447460646,"low (<0.4)"
"Fluconazole","RUD3",-0.0659063856438659,"low (<0.4)"
"Fluconazole","RFC1",0.169917582417582,"low (<0.4)"
"Fluconazole","STE13",-0.0389613506110702,"low (<0.4)"
"Fluconazole","RCN2",0.00631868131868132,"low (<0.4)"
"Fluconazole","YOR221C",0.257129447609245,"low (<0.4)"
"Fluconazole","ODC2",0.406913919413919,"moderate (0.4–0.7)"
"Fluconazole","YOR223W",0.0123773756591119,"low (<0.4)"
"Fluconazole","RPB8",0.228525641025641,"low (<0.4)"
"Fluconazole","ISU2",0.217571976546368,"low (<0.4)"
"Fluconazole","YOR227W",-0.0630272782467832,"low (<0.4)"
"Fluconazole","YOR228C",-0.136900914211839,"low (<0.4)"
"Fluconazole","YOR229W",0.286734740902273,"low (<0.4)"
"Fluconazole","YOR230W",0.433195970695971,"moderate (0.4–0.7)"
"Fluconazole","MKK1",0.144728106271824,"low (<0.4)"
"Fluconazole","MGE1",0.119139194139194,"low (<0.4)"
"Fluconazole","KIN4",-0.0527683981691273,"low (<0.4)"
"Fluconazole","RPL33B",0.164194139194139,"low (<0.4)"
"Fluconazole","YOR236W",0.260144919258336,"low (<0.4)"
"Fluconazole","HES1",0.269310310236914,"low (<0.4)"
"Fluconazole","YOR238W",0.106182940922474,"low (<0.4)"
"Fluconazole","ABP140",-0.0643315018315018,"low (<0.4)"
"Fluconazole","MET7",-0.0297632675800826,"low (<0.4)"
"Fluconazole","YOR243C",0.136767399267399,"low (<0.4)"
"Fluconazole","ESA1",-0.0320733161135618,"low (<0.4)"
"Fluconazole","YOR245C",0.163099780152829,"low (<0.4)"
"Fluconazole","YOR246C",0.0217035451427354,"low (<0.4)"
"Fluconazole","YOR247W",0.519688644688645,"moderate (0.4–0.7)"
"Fluconazole","APC5",-0.0174532946652921,"low (<0.4)"
"Fluconazole","YOR250C",0.0642960182864691,"low (<0.4)"
"Fluconazole","YOR251C",-0.0442790910913055,"low (<0.4)"
"Fluconazole","TMA16",0.266071428571429,"low (<0.4)"
"Fluconazole","NAT5",0.234752747252747,"low (<0.4)"
"Fluconazole","SEC63",-0.123672161172161,"low (<0.4)"
"Fluconazole","YOR256C",0.197961987634532,"low (<0.4)"
"Fluconazole","CDC31",0.00162547648220908,"low (<0.4)"
"Fluconazole","YOR258W",0.146443755027002,"low (<0.4)"
"Fluconazole","RPT4",0.242216117216117,"low (<0.4)"
"Fluconazole","GCD1",0.185302197802198,"low (<0.4)"
"Fluconazole","YOR261C",0.353021978021978,"low (<0.4)"
"Fluconazole","YOR262W",0.247664835164835,"low (<0.4)"
"Fluconazole","YOR264W",0.121619611210324,"low (<0.4)"
"Fluconazole","YOR265W",0.0955128205128205,"low (<0.4)"
"Fluconazole","YOR266W",0.0813235223696328,"low (<0.4)"
"Fluconazole","YOR267C",-0.0441849816849817,"low (<0.4)"
"Fluconazole","YOR269W",0.193551345191784,"low (<0.4)"
"Fluconazole","YOR270C",0.235622710622711,"low (<0.4)"
"Fluconazole","YOR271C",0.285760073260073,"low (<0.4)"
"Fluconazole","YOR272W",-0.0251373626373626,"low (<0.4)"
"Fluconazole","YOR273C",0.287526185071322,"low (<0.4)"
"Fluconazole","YOR274W",0.308042819696663,"low (<0.4)"
"Fluconazole","YOR275C",-0.116652928585772,"low (<0.4)"
"Fluconazole","CAF20",0.120467032967033,"low (<0.4)"
"Fluconazole","HEM4",-0.0796765446820148,"low (<0.4)"
"Fluconazole","YOR279C",0.140924682044679,"low (<0.4)"
"Fluconazole","YOR280C",0.155915517234638,"low (<0.4)"
"Fluconazole","YOR281C",0.219050126503895,"low (<0.4)"
"Fluconazole","YOR283W",0.299316613076078,"low (<0.4)"
"Fluconazole","YOR284W",0.0575458392101552,"low (<0.4)"
"Fluconazole","YOR285W",0.76422913217166,"high (≥0.7)"
"Fluconazole","RDL2",0.275137362637363,"low (<0.4)"
"Fluconazole","YOR287C",-0.00130752471929493,"low (<0.4)"
"Fluconazole","YOR288C",0.252117771224515,"low (<0.4)"
"Fluconazole","SNF2",0.208297083418148,"low (<0.4)"
"Fluconazole","YOR291W",-0.0257328952958171,"low (<0.4)"
"Fluconazole","YOR292C",0.0165558466989884,"low (<0.4)"
"Fluconazole","RPS10A",0.179120879120879,"low (<0.4)"
"Fluconazole","YOR294W",0.38525641025641,"low (<0.4)"
"Fluconazole","YOR295W",-0.0873697475097075,"low (<0.4)"
"Fluconazole","YOR296W",0.0731705090514276,"low (<0.4)"
"Fluconazole","YOR297C",-0.0926205924265759,"low (<0.4)"
"Fluconazole","MBF1",0.193681318681319,"low (<0.4)"
"Fluconazole","YOR299W",0.0560242688213157,"low (<0.4)"
"Fluconazole","YOR301W",0.0451683916199345,"low (<0.4)"
"Fluconazole","YOR303W",0.378113553113553,"low (<0.4)"
"Fluconazole","YOR304W",0.0394509383998868,"low (<0.4)"
"Fluconazole","YOR304C-A",0.466510217206019,"moderate (0.4–0.7)"
"Fluconazole","YOR305W",0.0240848004762014,"low (<0.4)"
"Fluconazole","YOR306C",0.223413556242467,"low (<0.4)"
"Fluconazole","YOR307C",0.0600329700522026,"low (<0.4)"
"Fluconazole","YOR308C",0.237580898071627,"low (<0.4)"
"Fluconazole","NOP58",-0.139423076923077,"low (<0.4)"
"Fluconazole","DGK1",0.0614468864468864,"low (<0.4)"
"Fluconazole","RPL20B",0.209935897435897,"low (<0.4)"
"Fluconazole","YOR315W",0.412610467944807,"moderate (0.4–0.7)"
"Fluconazole","YOR316C",0.198620488619643,"low (<0.4)"
"Fluconazole","YOR317W",0.304134805026014,"low (<0.4)"
"Fluconazole","YOR319W",0.0669529890582885,"low (<0.4)"
"Fluconazole","YOR320C",0.0377064755802586,"low (<0.4)"
"Fluconazole","YOR321W",0.108220749345258,"low (<0.4)"
"Fluconazole","LDB19",-0.0886446886446886,"low (<0.4)"
"Fluconazole","YOR323C",-0.00576923076923077,"low (<0.4)"
"Fluconazole","FRT1",0.0283684909622223,"low (<0.4)"
"Fluconazole","MYO2",0.132738095238095,"low (<0.4)"
"Fluconazole","YOR327C",0.327930402930403,"low (<0.4)"
"Fluconazole","YOR328W",-0.0067602436758288,"low (<0.4)"
"Fluconazole","SCD5",-0.224963946279868,"low (<0.4)"
"Fluconazole","MIP1",0.112449339674092,"low (<0.4)"
"Fluconazole","YOR332W",0.615979853479853,"moderate (0.4–0.7)"
"Fluconazole","YOR334W",0.0723481995287924,"low (<0.4)"
"Fluconazole","ALA1",0.159569597069597,"low (<0.4)"
"Fluconazole","YOR336W",0.0347985347985348,"low (<0.4)"
"Fluconazole","YOR337W",-0.0556192368616445,"low (<0.4)"
"Fluconazole","YOR338W",-0.091179510172565,"low (<0.4)"
"Fluconazole","RPA43",-0.0568681318681319,"low (<0.4)"
"Fluconazole","RPA190",-0.035485347985348,"low (<0.4)"
"Fluconazole","YOR342C",-0.0398369889148798,"low (<0.4)"
"Fluconazole","TYE7",0.376327838827839,"low (<0.4)"
"Fluconazole","YOR347C",0.0961937049666729,"low (<0.4)"
"Fluconazole","YOR349W",-0.153061992501351,"low (<0.4)"
"Fluconazole","YOR350C",-0.04372025792622,"low (<0.4)"
"Fluconazole","YOR352W",-0.279250316653692,"low (<0.4)"
"Fluconazole","YOR353C",-0.124948475773833,"low (<0.4)"
"Fluconazole","YOR354C",0.268684394298673,"low (<0.4)"
"Fluconazole","YOR355W",0.272298534798535,"low (<0.4)"
"Fluconazole","YOR356W",0.253474687475503,"low (<0.4)"
"Fluconazole","SNX3",0.141424322462191,"low (<0.4)"
"Fluconazole","YOR358W",0.211832585401594,"low (<0.4)"
"Fluconazole","YOR359W",0.113422242640293,"low (<0.4)"
"Fluconazole","PDE2",0.0755274213353207,"low (<0.4)"
"Fluconazole","PRT1",-0.118910256410256,"low (<0.4)"
"Fluconazole","YOR362C",0.0501373626373626,"low (<0.4)"
"Fluconazole","PIP2",-0.093392583268433,"low (<0.4)"
"Fluconazole","YOR367W",0.254633712098167,"low (<0.4)"
"Fluconazole","YOR368W",0.173832351254975,"low (<0.4)"
"Fluconazole","RPS12",0.172893772893773,"low (<0.4)"
"Fluconazole","MRS6",0.24981684981685,"low (<0.4)"
"Fluconazole","GPB1",0.146951700930754,"low (<0.4)"
"Fluconazole","YOR372C",0.00272156874802568,"low (<0.4)"
"Fluconazole","YOR373W",-0.0691210308329498,"low (<0.4)"
"Fluconazole","ALD4",0.0967143681208959,"low (<0.4)"
"Fluconazole","GDH1",0.520100732600733,"moderate (0.4–0.7)"
"Fluconazole","YOR377W",0.192468833456968,"low (<0.4)"
"Fluconazole","YOR380W",-0.00901850054770027,"low (<0.4)"
"Fluconazole","YOR381W",0.269271222125698,"low (<0.4)"
"Fluconazole","YOR382W",0.644104704864547,"moderate (0.4–0.7)"
"Fluconazole","YOR383C",0.736994047172026,"high (≥0.7)"
"Fluconazole","YOR385W",0.416879506716343,"moderate (0.4–0.7)"
"Fluconazole","YOR390W",0.19444261886648,"low (<0.4)"
"Fluconazole","YGL263W",0.588123061494271,"moderate (0.4–0.7)"
"Fluconazole","YGL257C",-0.0307850897346355,"low (<0.4)"
"Fluconazole","ADH4",0.238553113553114,"low (<0.4)"
"Fluconazole","YGL255W",0.518294600978141,"moderate (0.4–0.7)"
"Fluconazole","FZF1",0.214422892260419,"low (<0.4)"
"Fluconazole","HXK2",0.332967032967033,"low (<0.4)"
"Fluconazole","YGL252C",0.196109859196187,"low (<0.4)"
"Fluconazole","YGL250W",0.0992475181347276,"low (<0.4)"
"Fluconazole","YGL248W",0.0547550848909641,"low (<0.4)"
"Fluconazole","YGL247W",-0.0166334479070357,"low (<0.4)"
"Fluconazole","YGL246C",0.111406200034371,"low (<0.4)"
"Fluconazole","GUS1",0.375228937728938,"low (<0.4)"
"Fluconazole","RTF1",-0.0705128205128205,"low (<0.4)"
"Fluconazole","YGL243W",0.217056493142077,"low (<0.4)"
"Fluconazole","YGL242C",-0.131211361351741,"low (<0.4)"
"Fluconazole","YGL241W",-0.108804743953874,"low (<0.4)"
"Fluconazole","CSE1",-0.0715201465201465,"low (<0.4)"
"Fluconazole","YGL237C",-0.0710194856800297,"low (<0.4)"
"Fluconazole","MTO1",0.269435417165996,"low (<0.4)"
"Fluconazole","YGL234W",0.42742673992674,"moderate (0.4–0.7)"
"Fluconazole","YGL233W",-0.083753090942394,"low (<0.4)"
"Fluconazole","YGL232W",0.0775192023769009,"low (<0.4)"
"Fluconazole","YGL231C",0.357554945054945,"low (<0.4)"
"Fluconazole","YGL228W",0.156501831501832,"low (<0.4)"
"Fluconazole","VID30",-0.201926562618346,"low (<0.4)"
"Fluconazole","YGL226C-A",0.129441391941392,"low (<0.4)"
"Fluconazole","YGL226W",0.367792671643506,"low (<0.4)"
"Fluconazole","VRG4",0.191163003663004,"low (<0.4)"
"Fluconazole","SDT1",0.0407770632773475,"low (<0.4)"
"Fluconazole","COG1",0.112185952686595,"low (<0.4)"
"Fluconazole","YGL222C",0.0579536012498365,"low (<0.4)"
"Fluconazole","YGL221C",0.0452380952380952,"low (<0.4)"
"Fluconazole","FRA2",0.228800366300366,"low (<0.4)"
"Fluconazole","MDM34",0.059551076500229,"low (<0.4)"
"Fluconazole","YGL216W",-0.0391120214759052,"low (<0.4)"
"Fluconazole","YGL215W",0.0201007326007326,"low (<0.4)"
"Fluconazole","SKI8",0.0205146991482736,"low (<0.4)"
"Fluconazole","NCS6",0.0074184316456369,"low (<0.4)"
"Fluconazole","YGL210W",0.0661172161172161,"low (<0.4)"
"Fluconazole","MIG2",0.0907259011650261,"low (<0.4)"
"Fluconazole","SIP2",0.228324579697966,"low (<0.4)"
"Fluconazole","SPT16",-0.204624542124542,"low (<0.4)"
"Fluconazole","CHC1",0.248946886446886,"low (<0.4)"
"Fluconazole","YGL203C",-0.117710361389566,"low (<0.4)"
"Fluconazole","YGL202W",0.0323717948717949,"low (<0.4)"
"Fluconazole","YGL201C",0.392307252248976,"low (<0.4)"
"Fluconazole","EMP24",0.237362637362637,"low (<0.4)"
"Fluconazole","YGL198W",-0.0106227106227106,"low (<0.4)"
"Fluconazole","YGL197W",0.222173883701428,"low (<0.4)"
"Fluconazole","YGL196W",0.0268834447167442,"low (<0.4)"
"Fluconazole","GCN1",0.0273809523809524,"low (<0.4)"
"Fluconazole","YGL194C-A",-0.103943750882674,"low (<0.4)"
"Fluconazole","HOS2",0.077223568688979,"low (<0.4)"
"Fluconazole","IME4",-0.0218821169487393,"low (<0.4)"
"Fluconazole","YGL191W",0.708836996336996,"high (≥0.7)"
"Fluconazole","YGL190C",0.0793040293040293,"low (<0.4)"
"Fluconazole","RPS26A",0.153800366300366,"low (<0.4)"
"Fluconazole","YGL187C",0.567490842490842,"moderate (0.4–0.7)"
"Fluconazole","YGL186C",0.186538461538462,"low (<0.4)"
"Fluconazole","YGL185C",-0.00242985512561893,"low (<0.4)"
"Fluconazole","GTS1",-0.11955265056473,"low (<0.4)"
"Fluconazole","YGL179C",0.0696171060638903,"low (<0.4)"
"Fluconazole","MPT5",0.187179487179487,"low (<0.4)"
"Fluconazole","YGL176C",0.160141206675225,"low (<0.4)"
"Fluconazole","SAE2",0.0290449470954335,"low (<0.4)"
"Fluconazole","BUD13",-0.0176381737608308,"low (<0.4)"
"Fluconazole","XRN1",0.260805860805861,"low (<0.4)"
"Fluconazole","NUP49",0.0555638228495979,"low (<0.4)"
"Fluconazole","YGL171W",0.115521978021978,"low (<0.4)"
"Fluconazole","YGL169W",0.130072366385392,"low (<0.4)"
"Fluconazole","PMR1",0.0720238095238095,"low (<0.4)"
"Fluconazole","CUP2",0.266509460977408,"low (<0.4)"
"Fluconazole","YGL164C",-0.0386400950437985,"low (<0.4)"
"Fluconazole","RAD54",0.145301929404736,"low (<0.4)"
"Fluconazole","YGL162W",0.313790223877082,"low (<0.4)"
"Fluconazole","YGL161C",-0.0437728937728938,"low (<0.4)"
"Fluconazole","YGL160W",0.145396243701328,"low (<0.4)"
"Fluconazole","YGL159W",-0.0293578826947311,"low (<0.4)"
"Fluconazole","YGL157W",-0.00892857142857143,"low (<0.4)"
"Fluconazole","YGL156W",0.150238155945579,"low (<0.4)"
"Fluconazole","CDC43",0.0477283688295,"low (<0.4)"
"Fluconazole","YGL154C",-0.119548673555193,"low (<0.4)"
"Fluconazole","YGL153W",0.110927912459655,"low (<0.4)"
"Fluconazole","NUT1",-0.094387395433814,"low (<0.4)"
"Fluconazole","YGL150C",-0.0016025641025641,"low (<0.4)"
"Fluconazole","YGL148W",0.186217948717949,"low (<0.4)"
"Fluconazole","RPL9A",0.0519688644688645,"low (<0.4)"
"Fluconazole","TIP20",0.0450163717774922,"low (<0.4)"
"Fluconazole","YGL144C",-0.277821691511454,"low (<0.4)"
"Fluconazole","YGL143C",-0.0238795718760246,"low (<0.4)"
"Fluconazole","YGL142C",-0.0257328952958171,"low (<0.4)"
"Fluconazole","YGL141W",0.00412749390679357,"low (<0.4)"
"Fluconazole","YGL140C",0.0255048308340093,"low (<0.4)"
"Fluconazole","FLC3",-0.0693231378609734,"low (<0.4)"
"Fluconazole","YGL137W",-0.0755494505494505,"low (<0.4)"
"Fluconazole","YGL136C",0.194208777308688,"low (<0.4)"
"Fluconazole","RPL1B",0.0408424908424908,"low (<0.4)"
"Fluconazole","YGL134W",-0.0061875541626057,"low (<0.4)"
"Fluconazole","YGL133W",0.126159130763763,"low (<0.4)"
"Fluconazole","YGL131C",0.184814193542916,"low (<0.4)"
"Fluconazole","YGL130W",-0.0411405808243623,"low (<0.4)"
"Fluconazole","YGL129C",-0.0172269632002568,"low (<0.4)"
"Fluconazole","YGL128C",0.0173315178514539,"low (<0.4)"
"Fluconazole","SOH1",0.060989010989011,"low (<0.4)"
"Fluconazole","SCS3",0.0185032521196121,"low (<0.4)"
"Fluconazole","MON1",0.0580264269395552,"low (<0.4)"
"Fluconazole","RPS2",0.184386446886447,"low (<0.4)"
"Fluconazole","YGL122C",-0.088003663003663,"low (<0.4)"
"Fluconazole","PRP43",0.0211080586080586,"low (<0.4)"
"Fluconazole","COQ8",-0.251396908130076,"low (<0.4)"
"Fluconazole","YGL117W",0.24136881723901,"low (<0.4)"
"Fluconazole","CDC20",-0.0260256044975841,"low (<0.4)"
"Fluconazole","SNF4",0.0880494505494506,"low (<0.4)"
"Fluconazole","YGL114W",-0.11803504027917,"low (<0.4)"
"Fluconazole","YGL113W",0.0907466788822721,"low (<0.4)"
"Fluconazole","TAF6",0.140615162728566,"low (<0.4)"
"Fluconazole","YGL111W",-0.00393772893772894,"low (<0.4)"
"Fluconazole","YGL110C",0.00896883087901693,"low (<0.4)"
"Fluconazole","YGL108C",0.059585967840632,"low (<0.4)"
"Fluconazole","YGL107C",0.0529883228914363,"low (<0.4)"
"Fluconazole","YGL106W",0.472344322344322,"moderate (0.4–0.7)"
"Fluconazole","YGL105W",-0.303525641025641,"low (<0.4)"
"Fluconazole","YGL104C",0.182467684084745,"low (<0.4)"
"Fluconazole","RPL28",0.219322344322344,"low (<0.4)"
"Fluconazole","YGL101W",0.121819160025839,"low (<0.4)"
"Fluconazole","YGL100W",0.129212454212454,"low (<0.4)"
"Fluconazole","LSG1",0.207051282051282,"low (<0.4)"
"Fluconazole","USE1",-0.00943234240380483,"low (<0.4)"
"Fluconazole","SRM1",-0.205540293040293,"low (<0.4)"
"Fluconazole","YGL096W",0.254834349751922,"low (<0.4)"
"Fluconazole","VPS45",0.0956043956043956,"low (<0.4)"
"Fluconazole","YGL094C",-0.0140132347547433,"low (<0.4)"
"Fluconazole","YGL093W",-0.0245916748218941,"low (<0.4)"
"Fluconazole","NUP145",0.119163451970398,"low (<0.4)"
"Fluconazole","YGL091C",0.00187731086677669,"low (<0.4)"
"Fluconazole","YGL090W",0.0758829599254432,"low (<0.4)"
"Fluconazole","YGL087C",0.269459706959707,"low (<0.4)"
"Fluconazole","YGL086W",0.0423992673992674,"low (<0.4)"
"Fluconazole","YGL085W",-0.148764683335894,"low (<0.4)"
"Fluconazole","YGL084C",0.080422264580605,"low (<0.4)"
"Fluconazole","YGL083W",-0.0623675901923849,"low (<0.4)"
"Fluconazole","YGL082W",0.139010989010989,"low (<0.4)"
"Fluconazole","YGL080W",0.11790293040293,"low (<0.4)"
"Fluconazole","KXD1",-0.0934249879365035,"low (<0.4)"
"Fluconazole","YGL078C",0.286996336996337,"low (<0.4)"
"Fluconazole","HNM1",0.304696711291841,"low (<0.4)"
"Fluconazole","RPL7A",0.211217948717949,"low (<0.4)"
"Fluconazole","HSF1",0.148438218117977,"low (<0.4)"
"Fluconazole","AFT1",-0.215613553113553,"low (<0.4)"
"Fluconazole","RPB9",0.138348653267458,"low (<0.4)"
"Fluconazole","YGL068W",0.429532967032967,"moderate (0.4–0.7)"
"Fluconazole","YGL067W",0.123056846539527,"low (<0.4)"
"Fluconazole","SGF73",-0.127812049474776,"low (<0.4)"
"Fluconazole","YGL065C",0.134462824187816,"low (<0.4)"
"Fluconazole","YGL064C",0.0318458806134391,"low (<0.4)"
"Fluconazole","YGL063W",-0.155279549892368,"low (<0.4)"
"Fluconazole","YGL062W",0.391730390996318,"low (<0.4)"
"Fluconazole","YGL061C",0.209091385651978,"low (<0.4)"
"Fluconazole","YBP2",-0.0943822434264719,"low (<0.4)"
"Fluconazole","YGL059W",0.110079054116835,"low (<0.4)"
"Fluconazole","RAD6",0.179349816849817,"low (<0.4)"
"Fluconazole","YGL057C",-0.0286303252404947,"low (<0.4)"
"Fluconazole","YGL056C",-0.182151197590106,"low (<0.4)"
"Fluconazole","OLE1",0.403525641025641,"moderate (0.4–0.7)"
"Fluconazole","YGL054C",0.504029304029304,"moderate (0.4–0.7)"
"Fluconazole","YGL050W",0.145514486210154,"low (<0.4)"
"Fluconazole","TIF4632",0.174475440435429,"low (<0.4)"
"Fluconazole","RPT6",0.171657509157509,"low (<0.4)"
"Fluconazole","YGL047W",0.282373710194672,"low (<0.4)"
"Fluconazole","RIM8",0.0868065709637385,"low (<0.4)"
"Fluconazole","YGL044C",-0.00311358875465402,"low (<0.4)"
"Fluconazole","DST1",0.122344322344322,"low (<0.4)"
"Fluconazole","YGL041W-A",0.300223227239032,"low (<0.4)"
"Fluconazole","HEM2",0.330173992673993,"low (<0.4)"
"Fluconazole","YGL039W",0.410005726785247,"moderate (0.4–0.7)"
"Fluconazole","OCH1",0.165615448905641,"low (<0.4)"
"Fluconazole","YGL037C",0.133791208791209,"low (<0.4)"
"Fluconazole","YGL036W",0.120399729858276,"low (<0.4)"
"Fluconazole","MIG1",0.00133204958089608,"low (<0.4)"
"Fluconazole","RPL24A",0.0243131868131868,"low (<0.4)"
"Fluconazole","RPL30",0.118315018315018,"low (<0.4)"
"Fluconazole","YGL029W",-0.167132194872772,"low (<0.4)"
"Fluconazole","YGL028C",0.0941739463950868,"low (<0.4)"
"Fluconazole","CWH41",0.193660641732488,"low (<0.4)"
"Fluconazole","YGL026C",0.279075091575092,"low (<0.4)"
"Fluconazole","PGD1",0.0718091883051309,"low (<0.4)"
"Fluconazole","YGL023C",0.200840789887068,"low (<0.4)"
"Fluconazole","YGL022W",-0.0975732600732601,"low (<0.4)"
"Fluconazole","YGL021W",-0.0358278065632735,"low (<0.4)"
"Fluconazole","GET1",0.294551282051282,"low (<0.4)"
"Fluconazole","CKB1",0.164972527472527,"low (<0.4)"
"Fluconazole","YGL018C",0.113331204360198,"low (<0.4)"
"Fluconazole","ATE1",0.0565196912682806,"low (<0.4)"
"Fluconazole","KAP122",0.0675107904074674,"low (<0.4)"
"Fluconazole","PUF4",0.11996336996337,"low (<0.4)"
"Fluconazole","PDR1",0.181870213727732,"low (<0.4)"
"Fluconazole","YGL012W",0.622344322344322,"moderate (0.4–0.7)"
"Fluconazole","SCL1",0.353708791208791,"low (<0.4)"
"Fluconazole","YGL010W",0.294011341255954,"low (<0.4)"
"Fluconazole","YGL009C",0.584095513952118,"moderate (0.4–0.7)"
"Fluconazole","PMA1",0.421749084249084,"moderate (0.4–0.7)"
"Fluconazole","YGL006W",0.244001831501831,"low (<0.4)"
"Fluconazole","COG7",0.0967154752182948,"low (<0.4)"
"Fluconazole","YGL004C",-0.0301299296153868,"low (<0.4)"
"Fluconazole","CDH1",0.247112012927566,"low (<0.4)"
"Fluconazole","YGL002W",-0.0907509157509157,"low (<0.4)"
"Fluconazole","YGL001C",0.44739010989011,"moderate (0.4–0.7)"
"Fluconazole","YGR001C",0.130998168498168,"low (<0.4)"
"Fluconazole","SWC4",0.128725000397077,"low (<0.4)"
"Fluconazole","CUL3",0.128199302996141,"low (<0.4)"
"Fluconazole","YGR004W",-0.257218128850513,"low (<0.4)"
"Fluconazole","YGR005C",0.340274041620755,"low (<0.4)"
"Fluconazole","ECT1",-0.246520146520147,"low (<0.4)"
"Fluconazole","YGR008C",0.189056776556777,"low (<0.4)"
"Fluconazole","SEC9",0.0695544668525316,"low (<0.4)"
"Fluconazole","YGR010W",-0.148849474486339,"low (<0.4)"
"Fluconazole","YGR012W",0.193441187765987,"low (<0.4)"
"Fluconazole","YGR013W",0.023489010989011,"low (<0.4)"
"Fluconazole","YGR014W",0.0723443223443223,"low (<0.4)"
"Fluconazole","YGR015C",-0.140367599162172,"low (<0.4)"
"Fluconazole","YGR017W",-0.0280690508101395,"low (<0.4)"
"Fluconazole","YGR019W",-0.124318879199884,"low (<0.4)"
"Fluconazole","YGR020C",0.329304029304029,"low (<0.4)"
"Fluconazole","YGR021W",0.220981937522087,"low (<0.4)"
"Fluconazole","YGR023W",0.156461010794033,"low (<0.4)"
"Fluconazole","YGR024C",0.136315765516778,"low (<0.4)"
"Fluconazole","YGR026W",0.17220695970696,"low (<0.4)"
"Fluconazole","RPS25A",0.162271062271062,"low (<0.4)"
"Fluconazole","MSP1",0.172189455984456,"low (<0.4)"
"Fluconazole","YGR029W",0.154945054945055,"low (<0.4)"
"Fluconazole","YGR030C",0.203239654404094,"low (<0.4)"
"Fluconazole","YGR031W",0.0196473556788472,"low (<0.4)"
"Fluconazole","GSC2",0.244837218078003,"low (<0.4)"
"Fluconazole","TIM21",0.223855311355311,"low (<0.4)"
"Fluconazole","RPL26B",0.00975274725274725,"low (<0.4)"
"Fluconazole","YGR035C",0.285717556309428,"low (<0.4)"
"Fluconazole","CAX4",0.0843361468786091,"low (<0.4)"
"Fluconazole","YGR037C",0.303434065934066,"low (<0.4)"
"Fluconazole","YGR038W",0.437886350566662,"moderate (0.4–0.7)"
"Fluconazole","YGR041W",0.105260158050193,"low (<0.4)"
"Fluconazole","YGR042W",-0.041207091984621,"low (<0.4)"
"Fluconazole","TAM41",0.0178614368943257,"low (<0.4)"
"Fluconazole","TFC4",-0.0171991298505348,"low (<0.4)"
"Fluconazole","YGR048W",0.0256879894037329,"low (<0.4)"
"Fluconazole","YGR049W",0.465750915750916,"moderate (0.4–0.7)"
"Fluconazole","YGR050C",0.235510573950856,"low (<0.4)"
"Fluconazole","YGR052W",0.164303975378487,"low (<0.4)"
"Fluconazole","YGR054W",-0.0703754578754579,"low (<0.4)"
"Fluconazole","YGR055W",0.404075091575092,"moderate (0.4–0.7)"
"Fluconazole","YGR056W",-0.00531281496503714,"low (<0.4)"
"Fluconazole","YGR057C",0.113619822266418,"low (<0.4)"
"Fluconazole","YGR058W",0.0857430988103239,"low (<0.4)"
"Fluconazole","YGR060W",0.714194139194139,"high (≥0.7)"
"Fluconazole","YGR061C",0.385622710622711,"low (<0.4)"
"Fluconazole","COX18",0.206772077868609,"low (<0.4)"
"Fluconazole","YGR063C",0.15989010989011,"low (<0.4)"
"Fluconazole","YGR065C",0.187622857764264,"low (<0.4)"
"Fluconazole","YGR068C",-0.031407256131714,"low (<0.4)"
"Fluconazole","ROM1",0.315006319659887,"low (<0.4)"
"Fluconazole","YGR071C",0.168768741973067,"low (<0.4)"
"Fluconazole","UPF3",0.00254152882320803,"low (<0.4)"
"Fluconazole","SMD1",0.314285714285714,"low (<0.4)"
"Fluconazole","MRPL25",0.0891565161644839,"low (<0.4)"
"Fluconazole","PEX8",0.0272448372463833,"low (<0.4)"
"Fluconazole","PAC10",0.0498168498168498,"low (<0.4)"
"Fluconazole","YGR079W",0.0527954577228235,"low (<0.4)"
"Fluconazole","TWF1",0.0116771609236877,"low (<0.4)"
"Fluconazole","YGR081C",0.21099867232157,"low (<0.4)"
"Fluconazole","TOM20",0.265979853479853,"low (<0.4)"
"Fluconazole","GCD2",-0.00682242241828602,"low (<0.4)"
"Fluconazole","YGR084C",0.0844370671896249,"low (<0.4)"
"Fluconazole","RPL11B",0.283836996336996,"low (<0.4)"
"Fluconazole","YGR086C",0.435119047619048,"moderate (0.4–0.7)"
"Fluconazole","CTT1",0.274894553456813,"low (<0.4)"
"Fluconazole","YGR089W",-0.110842712010361,"low (<0.4)"
"Fluconazole","YGR090W",-0.0811813186813187,"low (<0.4)"
"Fluconazole","YGR091W",0.118850912698634,"low (<0.4)"
"Fluconazole","YGR092W",0.0698295636329933,"low (<0.4)"
"Fluconazole","YGR093W",-0.00797031804264303,"low (<0.4)"
"Fluconazole","YGR094W",0.175137362637363,"low (<0.4)"
"Fluconazole","YGR095C",0.360897435897436,"low (<0.4)"
"Fluconazole","YGR096W",-0.0427028551324274,"low (<0.4)"
"Fluconazole","ASK10",-0.0813224049572719,"low (<0.4)"
"Fluconazole","YGR098C",0.164901796624235,"low (<0.4)"
"Fluconazole","YGR099W",-0.0778154797725275,"low (<0.4)"
"Fluconazole","MDR1",-0.052154402728791,"low (<0.4)"
"Fluconazole","PCP1",-0.0338866630726624,"low (<0.4)"
"Fluconazole","YGR102C",0.211724035316473,"low (<0.4)"
"Fluconazole","NOP7",0.293681318681319,"low (<0.4)"
"Fluconazole","SRB5",0.110489904453068,"low (<0.4)"
"Fluconazole","YGR105W",0.278617216117216,"low (<0.4)"
"Fluconazole","YGR106C",0.0895604395604396,"low (<0.4)"
"Fluconazole","CLB1",0.184275672473586,"low (<0.4)"
"Fluconazole","YGR109C",-0.0446291146392347,"low (<0.4)"
"Fluconazole","YGR111W",0.0856227106227106,"low (<0.4)"
"Fluconazole","YGR112W",0.0421004378492944,"low (<0.4)"
"Fluconazole","YGR113W",0.0186975864856292,"low (<0.4)"
"Fluconazole","SPT6",0.288736263736264,"low (<0.4)"
"Fluconazole","YGR117C",0.168705161776492,"low (<0.4)"
"Fluconazole","RPS23A",0.166941391941392,"low (<0.4)"
"Fluconazole","YGR119C",-0.071569211119491,"low (<0.4)"
"Fluconazole","COG2",0.12955882689622,"low (<0.4)"
"Fluconazole","MEP1",0.24683131831274,"low (<0.4)"
"Fluconazole","YGR122W",0.0663345385948695,"low (<0.4)"
"Fluconazole","YGR123C",0.217857142857143,"low (<0.4)"
"Fluconazole","YGR124W",0.200824175824176,"low (<0.4)"
"Fluconazole","YGR125W",0.110532400790218,"low (<0.4)"
"Fluconazole","YGR127W",-0.0229966937404493,"low (<0.4)"
"Fluconazole","YGR128C",0.308882783882784,"low (<0.4)"
"Fluconazole","SYF2",0.041325479932572,"low (<0.4)"
"Fluconazole","YGR130C",0.235210622710623,"low (<0.4)"
"Fluconazole","YGR131W",0.432094151286746,"moderate (0.4–0.7)"
"Fluconazole","YGR132C",0.24757326007326,"low (<0.4)"
"Fluconazole","PEX4",0.086119037503991,"low (<0.4)"
"Fluconazole","YGR134W",-0.0375625589113152,"low (<0.4)"
"Fluconazole","YGR135W",-0.0257783882783883,"low (<0.4)"
"Fluconazole","YGR136W",0.234671917458344,"low (<0.4)"
"Fluconazole","YGR138C",0.151824401302824,"low (<0.4)"
"Fluconazole","CBF2",0.132294830427504,"low (<0.4)"
"Fluconazole","YGR141W",0.158989944852296,"low (<0.4)"
"Fluconazole","YGR142W",0.367958236457831,"low (<0.4)"
"Fluconazole","YGR145W",-0.151465201465201,"low (<0.4)"
"Fluconazole","YGR146C",0.301568404952727,"low (<0.4)"
"Fluconazole","YGR146C-A",-0.0590887517797817,"low (<0.4)"
"Fluconazole","YGR147C",0.17760989010989,"low (<0.4)"
"Fluconazole","RPL24B",0.067032967032967,"low (<0.4)"
"Fluconazole","YGR149W",0.135730389645453,"low (<0.4)"
"Fluconazole","CCM1",-0.0278910006869705,"low (<0.4)"
"Fluconazole","RSR1",0.0529761904761905,"low (<0.4)"
"Fluconazole","YGR154C",0.248632662444887,"low (<0.4)"
"Fluconazole","CYS4",0.119734432234432,"low (<0.4)"
"Fluconazole","YGR156W",0.16254894366654,"low (<0.4)"
"Fluconazole","CHO2",0.661492673992674,"moderate (0.4–0.7)"
"Fluconazole","YGR158C",0.243509318447507,"low (<0.4)"
"Fluconazole","NSR1",0.15279304029304,"low (<0.4)"
"Fluconazole","YGR161C",0.154861206603859,"low (<0.4)"
"Fluconazole","YGR161W-C",0.451211029657108,"moderate (0.4–0.7)"
"Fluconazole","TIF4631",-0.0252521205616425,"low (<0.4)"
"Fluconazole","YGR163W",0.192685021005391,"low (<0.4)"
"Fluconazole","YGR165W",0.251722795851553,"low (<0.4)"
"Fluconazole","TRS65",0.0152479509294885,"low (<0.4)"
"Fluconazole","CLC1",0.346016483516484,"low (<0.4)"
"Fluconazole","YGR168C",0.149952483653891,"low (<0.4)"
"Fluconazole","YGR169C",0.0509201934300428,"low (<0.4)"
"Fluconazole","YGR169C-A",0.205494505494505,"low (<0.4)"
"Fluconazole","YGR170W",0.109206489650101,"low (<0.4)"
"Fluconazole","MSM1",-0.356792252999568,"low (<0.4)"
"Fluconazole","YGR172C",0.188507326007326,"low (<0.4)"
"Fluconazole","RBG2",0.100869963369963,"low (<0.4)"
"Fluconazole","YGR174C",0.192724234961764,"low (<0.4)"
"Fluconazole","YGR175C",0.454304029304029,"moderate (0.4–0.7)"
"Fluconazole","YGR177C",0.721474358974359,"high (≥0.7)"
"Fluconazole","PBP1",0.0471159239491028,"low (<0.4)"
"Fluconazole","YGR179C",0.0375842644750208,"low (<0.4)"
"Fluconazole","RNR4",0.588141025641026,"moderate (0.4–0.7)"
"Fluconazole","YGR181W",0.358562271062271,"low (<0.4)"
"Fluconazole","QCR9",0.471749084249084,"moderate (0.4–0.7)"
"Fluconazole","UBR1",0.133424908424908,"low (<0.4)"
"Fluconazole","TYS1",-0.0299908424908425,"low (<0.4)"
"Fluconazole","TFG1",0.251648351648352,"low (<0.4)"
"Fluconazole","YGR187C",0.280952380952381,"low (<0.4)"
"Fluconazole","YGR188C",0.151979727089438,"low (<0.4)"
"Fluconazole","YGR189C",0.34290293040293,"low (<0.4)"
"Fluconazole","YGR191W",0.00961538461538462,"low (<0.4)"
"Fluconazole","TDH3",0.514148351648352,"moderate (0.4–0.7)"
"Fluconazole","YGR193C",0.121069200460612,"low (<0.4)"
"Fluconazole","YGR194C",0.0829619169075623,"low (<0.4)"
"Fluconazole","SKI6",0.160464291039486,"low (<0.4)"
"Fluconazole","YGR196C",0.197664034274256,"low (<0.4)"
"Fluconazole","YGR197C",0.121374281392114,"low (<0.4)"
"Fluconazole","YGR198W",0.0381410256410256,"low (<0.4)"
"Fluconazole","YGR199W",-0.156635072108149,"low (<0.4)"
"Fluconazole","ELP2",0.159661172161172,"low (<0.4)"
"Fluconazole","YGR201C",-0.0498423788450309,"low (<0.4)"
"Fluconazole","PCT1",0.183541478279862,"low (<0.4)"
"Fluconazole","YGR203W",0.255847234869609,"low (<0.4)"
"Fluconazole","YGR204W",-0.00558608058608059,"low (<0.4)"
"Fluconazole","YGR205W",0.0370071494050197,"low (<0.4)"
"Fluconazole","YGR206W",0.37547506793335,"low (<0.4)"
"Fluconazole","YGR207C",0.166204923813822,"low (<0.4)"
"Fluconazole","YGR208W",0.0409803225796375,"low (<0.4)"
"Fluconazole","TRX2",0.429304029304029,"moderate (0.4–0.7)"
"Fluconazole","YGR210C",-0.0299450549450549,"low (<0.4)"
"Fluconazole","YGR211W",-0.0575091575091575,"low (<0.4)"
"Fluconazole","YGR212W",-0.102329516351134,"low (<0.4)"
"Fluconazole","YGR213C",0.0336630313697039,"low (<0.4)"
"Fluconazole","RPS0A",0.140979853479853,"low (<0.4)"
"Fluconazole","YGR215W",0.316300366300366,"low (<0.4)"
"Fluconazole","YGR216C",0.0833352411914192,"low (<0.4)"
"Fluconazole","YGR217W",-0.129302645986844,"low (<0.4)"
"Fluconazole","CRM1",0.160119047619048,"low (<0.4)"
"Fluconazole","MRPL9",0.274087386549397,"low (<0.4)"
"Fluconazole","YGR221C",0.0994936676326182,"low (<0.4)"
"Fluconazole","YGR222W",0.133547057476528,"low (<0.4)"
"Fluconazole","YGR223C",0.0317124629390653,"low (<0.4)"
"Fluconazole","DIE2",0.0479926700858219,"low (<0.4)"
"Fluconazole","SMI1",0.129899267399267,"low (<0.4)"
"Fluconazole","YGR230W",0.0359655544804226,"low (<0.4)"
"Fluconazole","YGR231C",-0.0244505494505495,"low (<0.4)"
"Fluconazole","YGR232W",0.135601369072175,"low (<0.4)"
"Fluconazole","PHO81",0.134096637360523,"low (<0.4)"
"Fluconazole","YHB1",0.831694502051995,"high (≥0.7)"
"Fluconazole","MOS2",0.185814368984577,"low (<0.4)"
"Fluconazole","YGR237C",-0.107559870070176,"low (<0.4)"
"Fluconazole","YGR238C",0.138626612972349,"low (<0.4)"
"Fluconazole","YGR239C",0.0518185963127234,"low (<0.4)"
"Fluconazole","YGR240C",0.286996336996337,"low (<0.4)"
"Fluconazole","YGR241C",0.168002198078959,"low (<0.4)"
"Fluconazole","YGR243W",0.153811839707627,"low (<0.4)"
"Fluconazole","YGR244C",0.546709554861309,"moderate (0.4–0.7)"
"Fluconazole","YGR245C",0.129166666666667,"low (<0.4)"
"Fluconazole","BRF1",0.00581528458872384,"low (<0.4)"
"Fluconazole","YGR247W",-0.0205228169254458,"low (<0.4)"
"Fluconazole","YGR248W",0.171619442535852,"low (<0.4)"
"Fluconazole","YGR250C",0.246359556735965,"low (<0.4)"
"Fluconazole","NOP19",0.275601423461534,"low (<0.4)"
"Fluconazole","GCN5",0.0206534930535595,"low (<0.4)"
"Fluconazole","PUP2",0.137545787545788,"low (<0.4)"
"Fluconazole","ENO1",-0.046978021978022,"low (<0.4)"
"Fluconazole","YGR255C",0.300948653066487,"low (<0.4)"
"Fluconazole","YGR257C",0.141973898844816,"low (<0.4)"
"Fluconazole","YGR258C",-0.16351888509649,"low (<0.4)"
"Fluconazole","YGR260W",0.464606227106227,"moderate (0.4–0.7)"
"Fluconazole","APL6",-0.030540293040293,"low (<0.4)"
"Fluconazole","BUD32",0.16357787979414,"low (<0.4)"
"Fluconazole","YGR263C",-0.105171294448863,"low (<0.4)"
"Fluconazole","MES1",0.246886446886447,"low (<0.4)"
"Fluconazole","YGR266W",0.181274968818754,"low (<0.4)"
"Fluconazole","YGR267C",0.231639194139194,"low (<0.4)"
"Fluconazole","YGR268C",0.0031696817324923,"low (<0.4)"
"Fluconazole","YGR270W",-0.0254581668762888,"low (<0.4)"
"Fluconazole","YGR271W",0.211227620533725,"low (<0.4)"
"Fluconazole","EFG1",0.151380557876543,"low (<0.4)"
"Fluconazole","TAF1",0.155387611232861,"low (<0.4)"
"Fluconazole","YGR275W",0.307192161102556,"low (<0.4)"
"Fluconazole","RNH70",0.428988427093434,"moderate (0.4–0.7)"
"Fluconazole","YGR277C",0.128067765567766,"low (<0.4)"
"Fluconazole","YGR278W",0.0173304719098064,"low (<0.4)"
"Fluconazole","YGR279C",0.749496336996337,"high (≥0.7)"
"Fluconazole","PXR1",0.0938644688644689,"low (<0.4)"
"Fluconazole","YOR1",0.395467032967033,"low (<0.4)"
"Fluconazole","YGR282C",0.294826007326007,"low (<0.4)"
"Fluconazole","YGR283C",0.114468864468864,"low (<0.4)"
"Fluconazole","YGR284C",0.0136446886446886,"low (<0.4)"
"Fluconazole","ZUO1",0.0952380952380952,"low (<0.4)"
"Fluconazole","YGR286C",0.42912122636917,"moderate (0.4–0.7)"
"Fluconazole","YGR287C",0.379516571190507,"low (<0.4)"
"Fluconazole","YGR295C",0.571124899459956,"moderate (0.4–0.7)"
"Fluconazole","YLL062C",0.477113385867892,"moderate (0.4–0.7)"
"Fluconazole","YLL061W",0.782256054717433,"high (≥0.7)"
"Fluconazole","YLL058W",-0.0892124978505366,"low (<0.4)"
"Fluconazole","YLL056C",0.183700277045594,"low (<0.4)"
"Fluconazole","YLL054C",0.325023813306919,"low (<0.4)"
"Fluconazole","YLL053C",0.840222386898152,"high (≥0.7)"
"Fluconazole","YLL051C",-0.0243936205389681,"low (<0.4)"
"Fluconazole","COF1",0.469734432234432,"moderate (0.4–0.7)"
"Fluconazole","YLL049W",0.168614567485492,"low (<0.4)"
"Fluconazole","YBT1",0.474313186813187,"moderate (0.4–0.7)"
"Fluconazole","RPL8B",0.214697802197802,"low (<0.4)"
"Fluconazole","YLL043W",0.081043956043956,"low (<0.4)"
"Fluconazole","ATG10",0.247526816466839,"low (<0.4)"
"Fluconazole","SDH2",0.245381075574074,"low (<0.4)"
"Fluconazole","VPS13",0.0682083576307171,"low (<0.4)"
"Fluconazole","UBI4",-0.0635989010989011,"low (<0.4)"
"Fluconazole","YLL038C",0.118514371033968,"low (<0.4)"
"Fluconazole","PRP19",0.0597534312474044,"low (<0.4)"
"Fluconazole","YLL035W",0.133373870518308,"low (<0.4)"
"Fluconazole","YLL034C",-0.144505494505494,"low (<0.4)"
"Fluconazole","YLL032C",0.00512416106000382,"low (<0.4)"
"Fluconazole","GPI13",0.145763682161667,"low (<0.4)"
"Fluconazole","FRA1",0.0282051282051282,"low (<0.4)"
"Fluconazole","YLL028W",0.396108058608059,"low (<0.4)"
"Fluconazole","YLL027W",0.0211538461538462,"low (<0.4)"
"Fluconazole","YLL026W",0.460552223569956,"moderate (0.4–0.7)"
"Fluconazole","SSA2",0.213186813186813,"low (<0.4)"
"Fluconazole","YLL023C",0.128479853479853,"low (<0.4)"
"Fluconazole","YLL022C",0.228905731769883,"low (<0.4)"
"Fluconazole","SPA2",-0.065527978752633,"low (<0.4)"
"Fluconazole","KNS1",-0.173739768507303,"low (<0.4)"
"Fluconazole","YLL018C-A",0.0544871794871795,"low (<0.4)"
"Fluconazole","DPS1",0.183058608058608,"low (<0.4)"
"Fluconazole","YLL015W",0.318681318681319,"low (<0.4)"
"Fluconazole","YLL014W",0.0679029304029304,"low (<0.4)"
"Fluconazole","YLL013C",0.216987338787792,"low (<0.4)"
"Fluconazole","YLL012W",0.243406593406593,"low (<0.4)"
"Fluconazole","YLL011W",-0.00320512820512821,"low (<0.4)"
"Fluconazole","YLL010C",0.0725906298853838,"low (<0.4)"
"Fluconazole","YLL009C",0.392032967032967,"low (<0.4)"
"Fluconazole","YLL008W",0.178388278388278,"low (<0.4)"
"Fluconazole","YLL007C",0.046564705715924,"low (<0.4)"
"Fluconazole","MMM1",0.0545444202188047,"low (<0.4)"
"Fluconazole","YLL004W",0.0118851874358387,"low (<0.4)"
"Fluconazole","YLL003W",-0.0127805771873568,"low (<0.4)"
"Fluconazole","RTT109",0.107295221222994,"low (<0.4)"
"Fluconazole","YLL001W",0.0719813179013691,"low (<0.4)"
"Fluconazole","YLR001C",0.0261816546266644,"low (<0.4)"
"Fluconazole","YLR002C",-0.115613553113553,"low (<0.4)"
"Fluconazole","YLR003C",-0.0027014652014652,"low (<0.4)"
"Fluconazole","YLR005W",0.134032420551333,"low (<0.4)"
"Fluconazole","YLR006C",0.0132142449051379,"low (<0.4)"
"Fluconazole","YLR007W",0.212061544097445,"low (<0.4)"
"Fluconazole","PAM18",0.102884615384615,"low (<0.4)"
"Fluconazole","YLR009W",0.112728937728938,"low (<0.4)"
"Fluconazole","YLR010C",-0.0375724443360484,"low (<0.4)"
"Fluconazole","YLR011W",-0.150955640440953,"low (<0.4)"
"Fluconazole","YLR014C",0.0221555952533161,"low (<0.4)"
"Fluconazole","BRE2",0.0550618415025195,"low (<0.4)"
"Fluconazole","YLR016C",-0.0732609118742123,"low (<0.4)"
"Fluconazole","YLR017W",0.299542124542125,"low (<0.4)"
"Fluconazole","YLR018C",0.176947996211183,"low (<0.4)"
"Fluconazole","YLR019W",-0.133476807686063,"low (<0.4)"
"Fluconazole","YLR020C",-0.0198262342759587,"low (<0.4)"
"Fluconazole","IRC25",-0.00453317460065874,"low (<0.4)"
"Fluconazole","YLR022C",-0.0866758241758242,"low (<0.4)"
"Fluconazole","YLR023C",0.0262621638813133,"low (<0.4)"
"Fluconazole","YLR024C",-0.119507596200741,"low (<0.4)"
"Fluconazole","SNF7",0.0946668345624587,"low (<0.4)"
"Fluconazole","YLR026C",0.199910713276757,"low (<0.4)"
"Fluconazole","AAT2",0.00320512820512821,"low (<0.4)"
"Fluconazole","YLR028C",-0.0356684981684982,"low (<0.4)"
"Fluconazole","RPL15A",0.148305860805861,"low (<0.4)"
"Fluconazole","RAD5",-0.0206325040281333,"low (<0.4)"
"Fluconazole","YLR033W",0.134044574694848,"low (<0.4)"
"Fluconazole","YLR034C",0.143499811133613,"low (<0.4)"
"Fluconazole","YLR036C",0.344107388012666,"low (<0.4)"
"Fluconazole","YLR038C",0.785576923076923,"high (≥0.7)"
"Fluconazole","YLR039C",-0.104961876006116,"low (<0.4)"
"Fluconazole","TRX1",0.404166666666667,"moderate (0.4–0.7)"
"Fluconazole","YLR044C",-0.0397893772893773,"low (<0.4)"
"Fluconazole","YLR045C",-0.0661857327137758,"low (<0.4)"
"Fluconazole","YLR046C",0.106845774440476,"low (<0.4)"
"Fluconazole","RPS0B",0.0252747252747253,"low (<0.4)"
"Fluconazole","YLR049C",0.268883460377199,"low (<0.4)"
"Fluconazole","YLR050C",0.407921245421245,"moderate (0.4–0.7)"
"Fluconazole","YLR051C",0.388873626373626,"low (<0.4)"
"Fluconazole","YLR052W",0.149725274725275,"low (<0.4)"
"Fluconazole","YLR055C",0.279935978533588,"low (<0.4)"
"Fluconazole","ERG3",0.669184981684982,"moderate (0.4–0.7)"
"Fluconazole","YLR057W",0.270255638076463,"low (<0.4)"
"Fluconazole","SHM2",0.503937728937729,"moderate (0.4–0.7)"
"Fluconazole","REX2",0.0740842490842491,"low (<0.4)"
"Fluconazole","FRS1",0.199358974358974,"low (<0.4)"
"Fluconazole","RPL22A",0.128298171919714,"low (<0.4)"
"Fluconazole","YLR063W",0.0974881262102426,"low (<0.4)"
"Fluconazole","YLR064W",0.076007326007326,"low (<0.4)"
"Fluconazole","YLR065C",0.210851648351648,"low (<0.4)"
"Fluconazole","YLR066W",0.0307234432234432,"low (<0.4)"
"Fluconazole","YLR067C",0.280438254511164,"low (<0.4)"
"Fluconazole","YLR068W",0.0440252292294094,"low (<0.4)"
"Fluconazole","YLR069C",0.481690144003061,"moderate (0.4–0.7)"
"Fluconazole","RGR1",0.0149776710016641,"low (<0.4)"
"Fluconazole","YLR072W",-0.108596897816426,"low (<0.4)"
"Fluconazole","YLR073C",-0.0165330895106383,"low (<0.4)"
"Fluconazole","YLR074C",0.30746336996337,"low (<0.4)"
"Fluconazole","RPL10",0.349908424908425,"low (<0.4)"
"Fluconazole","FMP25",-0.102346729222952,"low (<0.4)"
"Fluconazole","BOS1",0.0120422623893236,"low (<0.4)"
"Fluconazole","SIC1",0.139111518204717,"low (<0.4)"
"Fluconazole","YLR082C",0.0439322688247925,"low (<0.4)"
"Fluconazole","EMP70",0.0596611721611722,"low (<0.4)"
"Fluconazole","YLR084C",-0.0804311083165465,"low (<0.4)"
"Fluconazole","YLR085C",-0.225489191151827,"low (<0.4)"
"Fluconazole","YLR086W",0.0745168098975467,"low (<0.4)"
"Fluconazole","YLR087C",0.19236317838333,"low (<0.4)"
"Fluconazole","GAA1",0.0585305547460212,"low (<0.4)"
"Fluconazole","YLR089C",0.0607142857142857,"low (<0.4)"
"Fluconazole","YLR090W",0.0184108083352416,"low (<0.4)"
"Fluconazole","YLR092W",0.131494034176062,"low (<0.4)"
"Fluconazole","NYV1",0.1621336996337,"low (<0.4)"
"Fluconazole","YLR094C",0.0661416241214313,"low (<0.4)"
"Fluconazole","YLR095C",-0.0301528246986811,"low (<0.4)"
"Fluconazole","YLR096W",0.0270378552885765,"low (<0.4)"
"Fluconazole","YLR097C",-0.0994033571189683,"low (<0.4)"
"Fluconazole","CHA4",0.119533358133594,"low (<0.4)"
"Fluconazole","YLR099C",0.27739365384637,"low (<0.4)"
"Fluconazole","YLR099W-A",0.25970695970696,"low (<0.4)"
"Fluconazole","YLR100W",0.258725489090773,"low (<0.4)"
"Fluconazole","YLR102C",0.112980610185054,"low (<0.4)"
"Fluconazole","CDC45",0.177221132280246,"low (<0.4)"
"Fluconazole","YLR104W",0.0741758241758242,"low (<0.4)"
"Fluconazole","SEN2",0.223453455062774,"low (<0.4)"
"Fluconazole","MDN1",0.213873626373626,"low (<0.4)"
"Fluconazole","YLR107W",0.144913603799934,"low (<0.4)"
"Fluconazole","YLR108C",0.160361596862073,"low (<0.4)"
"Fluconazole","AHP1",0.596749084249084,"moderate (0.4–0.7)"
"Fluconazole","YLR110C",0.501144688644689,"moderate (0.4–0.7)"
"Fluconazole","HOG1",0.281913919413919,"low (<0.4)"
"Fluconazole","YLR114C",0.233115069615693,"low (<0.4)"
"Fluconazole","CFT2",0.0249934187027252,"low (<0.4)"
"Fluconazole","MSL5",0.28710105804172,"low (<0.4)"
"Fluconazole","CLF1",0.0420546022797018,"low (<0.4)"
"Fluconazole","YLR118C",0.197699044246858,"low (<0.4)"
"Fluconazole","SRN2",-0.0794986125558487,"low (<0.4)"
"Fluconazole","YPS1",0.151739926739927,"low (<0.4)"
"Fluconazole","YPS3",0.0957657482405718,"low (<0.4)"
"Fluconazole","YLR126C",0.414096547755258,"moderate (0.4–0.7)"
"Fluconazole","APC2",0.313581619754346,"low (<0.4)"
"Fluconazole","YLR128W",0.053067377708161,"low (<0.4)"
"Fluconazole","DIP2",0.06753663003663,"low (<0.4)"
"Fluconazole","YLR130C",0.167653018017143,"low (<0.4)"
"Fluconazole","YLR131C",0.13435755266105,"low (<0.4)"
"Fluconazole","YLR133W",-0.213695211205998,"low (<0.4)"
"Fluconazole","YLR134W",0.186833854501431,"low (<0.4)"
"Fluconazole","YLR135W",-0.00202429149797571,"low (<0.4)"
"Fluconazole","TIS11",-0.00769601270298652,"low (<0.4)"
"Fluconazole","YLR137W",-0.0379213372488752,"low (<0.4)"
"Fluconazole","YLR138W",-0.108980596481186,"low (<0.4)"
"Fluconazole","YLR139C",0.0469578158367464,"low (<0.4)"
"Fluconazole","YLR141W",0.0552621471096601,"low (<0.4)"
"Fluconazole","YLR143W",0.103063972656856,"low (<0.4)"
"Fluconazole","ACF2",0.191232871454356,"low (<0.4)"
"Fluconazole","YLR145W",0.0844141036924728,"low (<0.4)"
"Fluconazole","YLR146C",0.081938689072552,"low (<0.4)"
"Fluconazole","YLR146W-A",0.461652052473729,"moderate (0.4–0.7)"
"Fluconazole","SMD3",-0.00331963506930024,"low (<0.4)"
"Fluconazole","PEP3",0.038350522267216,"low (<0.4)"
"Fluconazole","STM1",0.192673992673993,"low (<0.4)"
"Fluconazole","YLR152C",0.127446606609756,"low (<0.4)"
"Fluconazole","YLR153C",0.446840659340659,"moderate (0.4–0.7)"
"Fluconazole","RNH203",0.264064111633118,"low (<0.4)"
"Fluconazole","TAR1",-0.0344558727448553,"low (<0.4)"
"Fluconazole","RDN25-1",0.453800366300366,"moderate (0.4–0.7)"
"Fluconazole","RDN18-1",0.363965201465201,"low (<0.4)"
"Fluconazole","RDN5-1",0.493315018315018,"moderate (0.4–0.7)"
"Fluconazole","MAS1",0.109249084249084,"low (<0.4)"
"Fluconazole","YLR164W",0.132152806620014,"low (<0.4)"
"Fluconazole","YLR165C",-0.0353009217537946,"low (<0.4)"
"Fluconazole","YLR166C",-0.164888502393658,"low (<0.4)"
"Fluconazole","RPS31",0.192857142857143,"low (<0.4)"
"Fluconazole","UPS2",0.38448242312985,"low (<0.4)"
"Fluconazole","APS1",0.275438134612077,"low (<0.4)"
"Fluconazole","YLR172C",0.30709706959707,"low (<0.4)"
"Fluconazole","YLR173W",-0.129027346145351,"low (<0.4)"
"Fluconazole","YLR175W",0.03246336996337,"low (<0.4)"
"Fluconazole","RFX1",-0.0622304484280658,"low (<0.4)"
"Fluconazole","YLR177W",0.03616281655034,"low (<0.4)"
"Fluconazole","TFS1",0.154275902556486,"low (<0.4)"
"Fluconazole","YLR179C",0.76547619047619,"high (≥0.7)"
"Fluconazole","SAM1",0.338186813186813,"low (<0.4)"
"Fluconazole","YLR181C",0.172560242789643,"low (<0.4)"
"Fluconazole","SWI6",0.253116450525403,"low (<0.4)"
"Fluconazole","YLR183C",0.0382411269351493,"low (<0.4)"
"Fluconazole","RPL37A",0.171794871794872,"low (<0.4)"
"Fluconazole","EMG1",0.213553113553114,"low (<0.4)"
"Fluconazole","YLR187W",0.151282051282051,"low (<0.4)"
"Fluconazole","YLR188W",0.113772181627067,"low (<0.4)"
"Fluconazole","ATG26",0.129526133803879,"low (<0.4)"
"Fluconazole","YLR190W",0.0776556776556777,"low (<0.4)"
"Fluconazole","PEX13",-0.169076153759601,"low (<0.4)"
"Fluconazole","YLR192C",0.513141025641026,"moderate (0.4–0.7)"
"Fluconazole","YLR193C",0.152570709805943,"low (<0.4)"
"Fluconazole","YLR194C",-0.0701923076923077,"low (<0.4)"
"Fluconazole","NMT1",-0.0779761904761905,"low (<0.4)"
"Fluconazole","YLR196W",0.185302197802198,"low (<0.4)"
"Fluconazole","NOP56",-0.0518772893772894,"low (<0.4)"
"Fluconazole","PBA1",-0.0312285361378713,"low (<0.4)"
"Fluconazole","YKE2",0.32035811675427,"low (<0.4)"
"Fluconazole","COQ9",0.13923239218718,"low (<0.4)"
"Fluconazole","YLR203C",0.19306539682351,"low (<0.4)"
"Fluconazole","QRI5",0.4621336996337,"moderate (0.4–0.7)"
"Fluconazole","YLR205C",0.0050368606673986,"low (<0.4)"
"Fluconazole","YLR206W",0.111858974358974,"low (<0.4)"
"Fluconazole","YLR207W",0.0468665862839773,"low (<0.4)"
"Fluconazole","SEC13",0.0743589743589744,"low (<0.4)"
"Fluconazole","YLR209C",-0.0386491130180095,"low (<0.4)"
"Fluconazole","YLR210W",-0.282835572517279,"low (<0.4)"
"Fluconazole","YLR211C",0.0599335567672328,"low (<0.4)"
"Fluconazole","YLR212C",-0.0242799070823763,"low (<0.4)"
"Fluconazole","YLR213C",0.167779020511926,"low (<0.4)"
"Fluconazole","YLR214W",0.411126373626374,"moderate (0.4–0.7)"
"Fluconazole","YLR215C",-0.261603279530951,"low (<0.4)"
"Fluconazole","CPR6",0.279258241758242,"low (<0.4)"
"Fluconazole","COA4",-0.0450592379566572,"low (<0.4)"
"Fluconazole","YLR219W",0.131104751860855,"low (<0.4)"
"Fluconazole","YLR220W",0.0675831912039608,"low (<0.4)"
"Fluconazole","YLR221C",0.190201465201465,"low (<0.4)"
"Fluconazole","YLR222C",0.162953635870364,"low (<0.4)"
"Fluconazole","YLR223C",-0.00897435897435897,"low (<0.4)"
"Fluconazole","YLR224W",0.160294946487539,"low (<0.4)"
"Fluconazole","YLR225C",-0.121338385291664,"low (<0.4)"
"Fluconazole","BUR2",-0.0886485318609527,"low (<0.4)"
"Fluconazole","YLR227C",0.161177999288426,"low (<0.4)"
"Fluconazole","YLR228C",0.25377314014636,"low (<0.4)"
"Fluconazole","YLR229C",0.128067765567766,"low (<0.4)"
"Fluconazole","YLR231C",0.242199935946679,"low (<0.4)"
"Fluconazole","YLR233C",-0.118990463094682,"low (<0.4)"
"Fluconazole","THI7",0.362228609292932,"low (<0.4)"
"Fluconazole","YLR238W",-0.160966387391488,"low (<0.4)"
"Fluconazole","YLR239C",-0.113899705299051,"low (<0.4)"
"Fluconazole","VPS34",-0.0416246559202727,"low (<0.4)"
"Fluconazole","YLR241W",-0.196161952545294,"low (<0.4)"
"Fluconazole","YLR242C",-0.112164515942896,"low (<0.4)"
"Fluconazole","YLR243W",0.368448771733299,"low (<0.4)"
"Fluconazole","YLR244C",0.49496336996337,"moderate (0.4–0.7)"
"Fluconazole","YLR246W",0.0172012852758562,"low (<0.4)"
"Fluconazole","YLR247C",0.240822353751512,"low (<0.4)"
"Fluconazole","RCK2",0.0189102564102564,"low (<0.4)"
"Fluconazole","YEF3",0.402838827838828,"moderate (0.4–0.7)"
"Fluconazole","YLR250W",-0.0546703296703297,"low (<0.4)"
"Fluconazole","YLR253W",0.188334955179462,"low (<0.4)"
"Fluconazole","YLR254C",0.0533684391591691,"low (<0.4)"
"Fluconazole","HAP1",0.280128205128205,"low (<0.4)"
"Fluconazole","YLR257W",0.362545787545788,"low (<0.4)"
"Fluconazole","YLR258W",0.122821482541169,"low (<0.4)"
"Fluconazole","HSP60",0.0744047619047619,"low (<0.4)"
"Fluconazole","YLR260W",0.0429147208813776,"low (<0.4)"
"Fluconazole","YLR261C",0.178086090283011,"low (<0.4)"
"Fluconazole","YLR262C",0.0983081527608655,"low (<0.4)"
"Fluconazole","TMA7",-0.0413003663003663,"low (<0.4)"
"Fluconazole","RPS28B",0.392445054945055,"low (<0.4)"
"Fluconazole","YLR266C",0.0398483281627025,"low (<0.4)"
"Fluconazole","SEC22",0.131364468864469,"low (<0.4)"
"Fluconazole","DCS1",-0.0854133294663169,"low (<0.4)"
"Fluconazole","YLR271W",0.0535977976799215,"low (<0.4)"
"Fluconazole","YCS4",0.133195924381772,"low (<0.4)"
"Fluconazole","MCM5",0.105462041227314,"low (<0.4)"
"Fluconazole","SMD2",-0.0403168570709036,"low (<0.4)"
"Fluconazole","YLR276C",-0.0504813470883244,"low (<0.4)"
"Fluconazole","YSH1",0.107648271124342,"low (<0.4)"
"Fluconazole","YLR278C",0.197626074645987,"low (<0.4)"
"Fluconazole","YLR283W",-0.0360203504355503,"low (<0.4)"
"Fluconazole","YLR284C",0.127407452779002,"low (<0.4)"
"Fluconazole","YLR285W",0.261152256796606,"low (<0.4)"
"Fluconazole","YLR286C",0.141712454212454,"low (<0.4)"
"Fluconazole","YLR287C",0.0882565047734651,"low (<0.4)"
"Fluconazole","RPS30A",0.154075091575092,"low (<0.4)"
"Fluconazole","MEC3",0.116705040320595,"low (<0.4)"
"Fluconazole","YLR289W",-0.0409264335465725,"low (<0.4)"
"Fluconazole","YLR290C",-0.103024336637744,"low (<0.4)"
"Fluconazole","YLR291C",-0.163965201465201,"low (<0.4)"
"Fluconazole","SEC72",0.222802197802198,"low (<0.4)"
"Fluconazole","GSP1",0.261904761904762,"low (<0.4)"
"Fluconazole","YLR295C",0.658012820512821,"moderate (0.4–0.7)"
"Fluconazole","YLR297W",0.281148404525704,"low (<0.4)"
"Fluconazole","YHC1",0.352065591691728,"low (<0.4)"
"Fluconazole","ECM38",0.0962305144783725,"low (<0.4)"
"Fluconazole","EXG1",0.641849816849817,"moderate (0.4–0.7)"
"Fluconazole","YLR301W",0.420238095238095,"moderate (0.4–0.7)"
"Fluconazole","MET17",0.568962556843101,"moderate (0.4–0.7)"
"Fluconazole","ACO1",0.68040293040293,"moderate (0.4–0.7)"
"Fluconazole","YLR305C",0.125457875457875,"low (<0.4)"
"Fluconazole","YLR306W",0.116352889273229,"low (<0.4)"
"Fluconazole","IMH1",0.159569597069597,"low (<0.4)"
"Fluconazole","CDC25",0.137210903528732,"low (<0.4)"
"Fluconazole","MRPL15",0.105087229378907,"low (<0.4)"
"Fluconazole","YLR314C",-0.0153846153846154,"low (<0.4)"
"Fluconazole","YLR316C",0.10291224374662,"low (<0.4)"
"Fluconazole","BUD6",-0.208778015760233,"low (<0.4)"
"Fluconazole","MMS22",0.156531641069867,"low (<0.4)"
"Fluconazole","YLR321C",0.235613302182329,"low (<0.4)"
"Fluconazole","YLR323C",0.122907336059154,"low (<0.4)"
"Fluconazole","YLR324W",0.191701235915777,"low (<0.4)"
"Fluconazole","RPL38",-0.00554029304029304,"low (<0.4)"
"Fluconazole","YLR326W",0.033456822371822,"low (<0.4)"
"Fluconazole","TMA10",-0.0412640141520335,"low (<0.4)"
"Fluconazole","YLR328W",0.522619047619048,"moderate (0.4–0.7)"
"Fluconazole","CHS5",0.195283882783883,"low (<0.4)"
"Fluconazole","MID2",0.0721153846153846,"low (<0.4)"
"Fluconazole","RPS25B",0.0936813186813187,"low (<0.4)"
"Fluconazole","YLR335W",0.226327838827839,"low (<0.4)"
"Fluconazole","YLR336C",-0.0785750264114182,"low (<0.4)"
"Fluconazole","VRP1",-0.0347149081691518,"low (<0.4)"
"Fluconazole","RPP0",-0.00586080586080586,"low (<0.4)"
"Fluconazole","FKS1",0.256043956043956,"low (<0.4)"
"Fluconazole","YLR342W-A",0.105022910655479,"low (<0.4)"
"Fluconazole","RPL26A",0.132738095238095,"low (<0.4)"
"Fluconazole","YLR345W",-0.0474874977736347,"low (<0.4)"
"Fluconazole","KAP95",0.179029304029304,"low (<0.4)"
"Fluconazole","YLR348C",0.384522040298846,"low (<0.4)"
"Fluconazole","YLR350W",0.2503663003663,"low (<0.4)"
"Fluconazole","YLR351C",0.0412545787545788,"low (<0.4)"
"Fluconazole","YLR352W",0.0760834710152281,"low (<0.4)"
"Fluconazole","YLR353W",0.0344898662515385,"low (<0.4)"
"Fluconazole","YLR354C",0.458424908424908,"moderate (0.4–0.7)"
"Fluconazole","YLR355C",0.691208791208791,"moderate (0.4–0.7)"
"Fluconazole","YLR356W",0.048902533916134,"low (<0.4)"
"Fluconazole","YLR357W",-0.0630494505494505,"low (<0.4)"
"Fluconazole","ADE13",0.391254578754579,"low (<0.4)"
"Fluconazole","VPS38",-0.290642990908776,"low (<0.4)"
"Fluconazole","YLR361C",0.14162372702491,"low (<0.4)"
"Fluconazole","YLR361C-A",0.169413919413919,"low (<0.4)"
"Fluconazole","YLR362W",-0.133149947287084,"low (<0.4)"
"Fluconazole","YLR363C",0.201948528876252,"low (<0.4)"
"Fluconazole","YLR363W-A",0.0704212454212454,"low (<0.4)"
"Fluconazole","YLR364W",0.174795318935234,"low (<0.4)"
"Fluconazole","RPS22B",0.457234432234432,"moderate (0.4–0.7)"
"Fluconazole","MDM30",-0.179777742391688,"low (<0.4)"
"Fluconazole","SSQ1",0.0400696864111498,"low (<0.4)"
"Fluconazole","YLR370C",0.16510989010989,"low (<0.4)"
"Fluconazole","YLR371W",0.177106227106227,"low (<0.4)"
"Fluconazole","SUR4",0.243269230769231,"low (<0.4)"
"Fluconazole","YLR373C",0.120449077786688,"low (<0.4)"
"Fluconazole","YLR375W",0.0622252747252747,"low (<0.4)"
"Fluconazole","YLR376C",0.123055785252147,"low (<0.4)"
"Fluconazole","YLR378C",0.345421245421245,"low (<0.4)"
"Fluconazole","CSR1",0.127518315018315,"low (<0.4)"
"Fluconazole","CTF3",0.108807814042293,"low (<0.4)"
"Fluconazole","NAM2",0.00332210736435287,"low (<0.4)"
"Fluconazole","SMC6",0.1396735091667,"low (<0.4)"
"Fluconazole","IKI3",0.370695970695971,"low (<0.4)"
"Fluconazole","YLR386W",0.109194232403488,"low (<0.4)"
"Fluconazole","YLR387C",0.0108516483516484,"low (<0.4)"
"Fluconazole","RPS29A",0.00471611721611722,"low (<0.4)"
"Fluconazole","YLR389C",0.275641025641026,"low (<0.4)"
"Fluconazole","YLR390W",0.134058386682729,"low (<0.4)"
"Fluconazole","CCW14",0.255586080586081,"low (<0.4)"
"Fluconazole","YLR392C",-0.230390631651762,"low (<0.4)"
"Fluconazole","CST9",-0.263552797885786,"low (<0.4)"
"Fluconazole","YLR395C",0.749358974358974,"high (≥0.7)"
"Fluconazole","VPS33",0.063025306722599,"low (<0.4)"
"Fluconazole","AFG2",-0.0494505494505494,"low (<0.4)"
"Fluconazole","YLR398C",0.081547619047619,"low (<0.4)"
"Fluconazole","YLR399C",-0.0891483516483517,"low (<0.4)"
"Fluconazole","YLR401C",0.205930167348328,"low (<0.4)"
"Fluconazole","SFP1",0.00432796355516354,"low (<0.4)"
"Fluconazole","FLD1",0.211198902106035,"low (<0.4)"
"Fluconazole","YLR405W",0.263201877552041,"low (<0.4)"
"Fluconazole","RPL31B",0.406730769230769,"moderate (0.4–0.7)"
"Fluconazole","YLR407W",0.0402014652014652,"low (<0.4)"
"Fluconazole","BLS1",0.128067026681967,"low (<0.4)"
"Fluconazole","YLR409C",0.150045787545788,"low (<0.4)"
"Fluconazole","YLR410W",0.0998214204993541,"low (<0.4)"
"Fluconazole","YLR411W",0.0532967032967033,"low (<0.4)"
"Fluconazole","YLR412W",0.371611721611722,"low (<0.4)"
"Fluconazole","YLR413W",0.4496336996337,"moderate (0.4–0.7)"
"Fluconazole","YLR414C",-0.180631868131868,"low (<0.4)"
"Fluconazole","VPS36",0.124825291825408,"low (<0.4)"
"Fluconazole","YLR418C",0.114912523683433,"low (<0.4)"
"Fluconazole","YLR419W",0.13578452135186,"low (<0.4)"
"Fluconazole","YLR420W",-0.118223443223443,"low (<0.4)"
"Fluconazole","YLR421C",0.15746336996337,"low (<0.4)"
"Fluconazole","YLR422W",0.206275254995829,"low (<0.4)"
"Fluconazole","SPP382",0.0935567454168425,"low (<0.4)"
"Fluconazole","TUS1",-0.031258009850886,"low (<0.4)"
"Fluconazole","YLR426W",0.0343789030035879,"low (<0.4)"
"Fluconazole","YLR427W",0.0951574133310708,"low (<0.4)"
"Fluconazole","YLR429W",0.139056776556777,"low (<0.4)"
"Fluconazole","SEN1",-0.0461101699279126,"low (<0.4)"
"Fluconazole","ATG23",0.095269811898272,"low (<0.4)"
"Fluconazole","YLR432W",0.158608058608059,"low (<0.4)"
"Fluconazole","CNA1",0.112528644941488,"low (<0.4)"
"Fluconazole","YLR435W",0.239652014652015,"low (<0.4)"
"Fluconazole","YLR436C",0.00048143650287616,"low (<0.4)"
"Fluconazole","YLR437C",0.525824175824176,"moderate (0.4–0.7)"
"Fluconazole","CAR2",0.740155677655678,"high (≥0.7)"
"Fluconazole","LSM3",0.125,"low (<0.4)"
"Fluconazole","MRPL4",-0.136041027662193,"low (<0.4)"
"Fluconazole","SEC39",0.00485770629283503,"low (<0.4)"
"Fluconazole","RPS1A",0.154166666666667,"low (<0.4)"
"Fluconazole","SIR3",0.0953645725104635,"low (<0.4)"
"Fluconazole","ECM7",-0.119990840393863,"low (<0.4)"
"Fluconazole","YLR447C",0.0886446886446886,"low (<0.4)"
"Fluconazole","RPL6B",0.242582417582418,"low (<0.4)"
"Fluconazole","YLR449W",0.265430402930403,"low (<0.4)"
"Fluconazole","YLR450W",-0.0564592754039086,"low (<0.4)"
"Fluconazole","YLR451W",0.00286286882427991,"low (<0.4)"
"Fluconazole","YLR452C",0.195937557033407,"low (<0.4)"
"Fluconazole","YLR454W",0.309939445297839,"low (<0.4)"
"Fluconazole","YLR455W",0.399285681997416,"low (<0.4)"
"Fluconazole","YLR456W",0.070451171459745,"low (<0.4)"
"Fluconazole","YLR457C",0.0962847104865019,"low (<0.4)"
"Fluconazole","GAB1",0.0700360597974682,"low (<0.4)"
"Fluconazole","YPL274W",0.636846734177391,"moderate (0.4–0.7)"
"Fluconazole","YPL273W",0.641763026529496,"moderate (0.4–0.7)"
"Fluconazole","YPL272C",0.220730017905763,"low (<0.4)"
"Fluconazole","ATP15",0.650641025641026,"moderate (0.4–0.7)"
"Fluconazole","YPL270W",-0.0933470749278028,"low (<0.4)"
"Fluconazole","YPL269W",0.207070203726825,"low (<0.4)"
"Fluconazole","YPL268W",-0.261967741116777,"low (<0.4)"
"Fluconazole","YPL267W",0.0652129048209167,"low (<0.4)"
"Fluconazole","DIM1",0.258745421245421,"low (<0.4)"
"Fluconazole","YPL265W",-0.0512438306364873,"low (<0.4)"
"Fluconazole","YPL263C",0.0625457875457875,"low (<0.4)"
"Fluconazole","YPL262W",0.000595238095238095,"low (<0.4)"
"Fluconazole","YPL260W",0.169047619047619,"low (<0.4)"
"Fluconazole","APM1",0.0286178712882621,"low (<0.4)"
"Fluconazole","YPL256C",0.048861464042576,"low (<0.4)"
"Fluconazole","YPL255W",0.171464438099784,"low (<0.4)"
"Fluconazole","HFI1",-0.0908830693659139,"low (<0.4)"
"Fluconazole","YPL253C",-0.158033018585698,"low (<0.4)"
"Fluconazole","YPL252C",0.022253001981792,"low (<0.4)"
"Fluconazole","YPL250C",0.112625646396868,"low (<0.4)"
"Fluconazole","RPL36B",0.096474358974359,"low (<0.4)"
"Fluconazole","YPL249C",-0.0442047187188039,"low (<0.4)"
"Fluconazole","YPL247C",0.256312748073833,"low (<0.4)"
"Fluconazole","YPL246C",0.189423076923077,"low (<0.4)"
"Fluconazole","YPL245W",0.425414999925721,"moderate (0.4–0.7)"
"Fluconazole","YPL244C",0.0928571428571428,"low (<0.4)"
"Fluconazole","YPL243W",0.0402930402930403,"low (<0.4)"
"Fluconazole","IQG1",-0.171613686065342,"low (<0.4)"
"Fluconazole","YPL241C",0.202602727054982,"low (<0.4)"
"Fluconazole","HSP82",0.398626373626374,"low (<0.4)"
"Fluconazole","YPL239W",0.251739926739927,"low (<0.4)"
"Fluconazole","YPL237W",0.0818681318681319,"low (<0.4)"
"Fluconazole","YPL236C",0.231446300688698,"low (<0.4)"
"Fluconazole","RVB2",0.172847985347985,"low (<0.4)"
"Fluconazole","VMA11",0.385210622710623,"low (<0.4)"
"Fluconazole","YPL233W",0.054910719821178,"low (<0.4)"
"Fluconazole","YPL232W",0.0962454212454213,"low (<0.4)"
"Fluconazole","YPL231W",0.20728021978022,"low (<0.4)"
"Fluconazole","YPL229W",-0.0184144307623432,"low (<0.4)"
"Fluconazole","CET1",0.138431771987798,"low (<0.4)"
"Fluconazole","YPL227C",0.367014274454843,"low (<0.4)"
"Fluconazole","YPL226W",0.403754578754579,"moderate (0.4–0.7)"
"Fluconazole","YPL225W",0.164377289377289,"low (<0.4)"
"Fluconazole","MMT2",0.00268472074665938,"low (<0.4)"
"Fluconazole","FLC1",0.413672317704732,"moderate (0.4–0.7)"
"Fluconazole","RPL1A",0.354532967032967,"low (<0.4)"
"Fluconazole","YPL219W",0.0751089494406315,"low (<0.4)"
"Fluconazole","YPL218W",0.0991300366300366,"low (<0.4)"
"Fluconazole","YPL217C",-0.121658901781114,"low (<0.4)"
"Fluconazole","YPL216W",0.18990857800805,"low (<0.4)"
"Fluconazole","YPL215W",-0.0189333669124917,"low (<0.4)"
"Fluconazole","YPL214C",0.0753593342462433,"low (<0.4)"
"Fluconazole","YPL213W",0.0944961356209983,"low (<0.4)"
"Fluconazole","YPL212C",0.22220695970696,"low (<0.4)"
"Fluconazole","YPL211W",0.345604395604396,"low (<0.4)"
"Fluconazole","YPL210C",-0.170924908424908,"low (<0.4)"
"Fluconazole","YPL208W",0.0936366029892276,"low (<0.4)"
"Fluconazole","YPL207W",0.240705128205128,"low (<0.4)"
"Fluconazole","YPL206C",0.108678729664113,"low (<0.4)"
"Fluconazole","HRR25",-0.00723443223443223,"low (<0.4)"
"Fluconazole","TPK2",0.213142531448253,"low (<0.4)"
"Fluconazole","YPL202C",0.0852184265958421,"low (<0.4)"
"Fluconazole","YPL199C",0.310393772893773,"low (<0.4)"
"Fluconazole","RPL7B",0.461492673992674,"moderate (0.4–0.7)"
"Fluconazole","YPL196W",-0.0520504101500088,"low (<0.4)"
"Fluconazole","APL5",0.0459273685416428,"low (<0.4)"
"Fluconazole","YPL194W",0.0120141258440908,"low (<0.4)"
"Fluconazole","YPL193W",0.116200861547437,"low (<0.4)"
"Fluconazole","NAB3",0.376465201465201,"low (<0.4)"
"Fluconazole","YPL189C-A",0.293007921915306,"low (<0.4)"
"Fluconazole","YPL188W",-0.263453723951565,"low (<0.4)"
"Fluconazole","MRN1",0.201153899198928,"low (<0.4)"
"Fluconazole","RTC6",0.267124542124542,"low (<0.4)"
"Fluconazole","RTT10",0.144942135336137,"low (<0.4)"
"Fluconazole","CTI6",0.0167422485321036,"low (<0.4)"
"Fluconazole","YPL180W",-0.0840501701884872,"low (<0.4)"
"Fluconazole","PPQ1",0.11996336996337,"low (<0.4)"
"Fluconazole","CBC2",0.0801739926739927,"low (<0.4)"
"Fluconazole","YPL177C",0.0250469344097003,"low (<0.4)"
"Fluconazole","YPL176C",-0.0814153217292294,"low (<0.4)"
"Fluconazole","SPT14",0.181886985510233,"low (<0.4)"
"Fluconazole","NIP100",0.151688228277824,"low (<0.4)"
"Fluconazole","MRPL40",0.184798534798535,"low (<0.4)"
"Fluconazole","YPL172C",0.18955934894989,"low (<0.4)"
"Fluconazole","YPL170W",0.122527472527473,"low (<0.4)"
"Fluconazole","YPL169C",-0.0675831912039608,"low (<0.4)"
"Fluconazole","YPL168W",0.25364712358932,"low (<0.4)"
"Fluconazole","REV3",-0.0462848265652981,"low (<0.4)"
"Fluconazole","YPL163C",0.194413919413919,"low (<0.4)"
"Fluconazole","BEM4",-0.100058442892834,"low (<0.4)"
"Fluconazole","CDC60",0.293040293040293,"low (<0.4)"
"Fluconazole","YPL159C",0.264229231271523,"low (<0.4)"
"Fluconazole","YPL158C",0.135087788084718,"low (<0.4)"
"Fluconazole","YPL157W",0.0659149448044822,"low (<0.4)"
"Fluconazole","YPL156C",0.179174870832097,"low (<0.4)"
"Fluconazole","YPL155C",-0.00329711847335096,"low (<0.4)"
"Fluconazole","PEP4",0.0432234432234432,"low (<0.4)"
"Fluconazole","RAD53",0.0957346389456149,"low (<0.4)"
"Fluconazole","RRD2",0.252688253906242,"low (<0.4)"
"Fluconazole","PRP46",0.136661323563087,"low (<0.4)"
"Fluconazole","YPL150W",0.277090099561765,"low (<0.4)"
"Fluconazole","ATG5",-0.0473443223443223,"low (<0.4)"
"Fluconazole","YPL148C",-0.18139389051062,"low (<0.4)"
"Fluconazole","NOP53",-0.0407051282051282,"low (<0.4)"
"Fluconazole","KES1",0.489514652014652,"moderate (0.4–0.7)"
"Fluconazole","POC4",-0.0121343941460144,"low (<0.4)"
"Fluconazole","RPL33A",0.0539835164835165,"low (<0.4)"
"Fluconazole","YPL141C",0.0618863186943377,"low (<0.4)"
"Fluconazole","MKK2",-0.0938388443488966,"low (<0.4)"
"Fluconazole","UME1",0.111497779319233,"low (<0.4)"
"Fluconazole","SPP1",-0.12530479087007,"low (<0.4)"
"Fluconazole","YPL137C",0.180182242965577,"low (<0.4)"
"Fluconazole","ISU1",0.0119047619047619,"low (<0.4)"
"Fluconazole","ODC1",0.147432740587198,"low (<0.4)"
"Fluconazole","YPL133C",-0.253423393233128,"low (<0.4)"
"Fluconazole","COX11",-0.0426886525185045,"low (<0.4)"
"Fluconazole","RPL5",0.147664835164835,"low (<0.4)"
"Fluconazole","TAF14",0.0161172161172161,"low (<0.4)"
"Fluconazole","TBF1",0.117653792440303,"low (<0.4)"
"Fluconazole","YPL127C",0.0281135531135531,"low (<0.4)"
"Fluconazole","NAN1",-0.00645604395604396,"low (<0.4)"
"Fluconazole","KAP120",-0.114272643410319,"low (<0.4)"
"Fluconazole","SPC29",-0.0119722382880278,"low (<0.4)"
"Fluconazole","YPL123C",-0.092543307252124,"low (<0.4)"
"Fluconazole","YPL122C",0.216182800622768,"low (<0.4)"
"Fluconazole","VPS30",0.215502633386764,"low (<0.4)"
"Fluconazole","YPL118W",0.423837269227279,"moderate (0.4–0.7)"
"Fluconazole","IDI1",0.240155677655678,"low (<0.4)"
"Fluconazole","YPL116W",-0.107817977297483,"low (<0.4)"
"Fluconazole","YPL115C",-0.0398003121087696,"low (<0.4)"
"Fluconazole","YPL112C",0.173534798534799,"low (<0.4)"
"Fluconazole","CAR1",0.454349816849817,"moderate (0.4–0.7)"
"Fluconazole","YPL110C",0.0860931767882045,"low (<0.4)"
"Fluconazole","YPL109C",-0.010959752888878,"low (<0.4)"
"Fluconazole","YPL108W",0.226039163281996,"low (<0.4)"
"Fluconazole","YPL107W",0.101089155235933,"low (<0.4)"
"Fluconazole","SSE1",0.457783882783883,"moderate (0.4–0.7)"
"Fluconazole","SYH1",0.0587454212454212,"low (<0.4)"
"Fluconazole","MSD1",0.0106645311826424,"low (<0.4)"
"Fluconazole","YPL103C",0.0404723708082814,"low (<0.4)"
"Fluconazole","ELP4",0.0418956043956044,"low (<0.4)"
"Fluconazole","ATG21",0.00353891098511993,"low (<0.4)"
"Fluconazole","AIM43",0.239851602535859,"low (<0.4)"
"Fluconazole","YPL098C",0.00956959706959707,"low (<0.4)"
"Fluconazole","YPL097W",0.0511995780833798,"low (<0.4)"
"Fluconazole","ERI1",0.0846392472496759,"low (<0.4)"
"Fluconazole","YPL096W",-0.184407367248289,"low (<0.4)"
"Fluconazole","YPL095C",0.120413514245505,"low (<0.4)"
"Fluconazole","SEC62",0.298901098901099,"low (<0.4)"
"Fluconazole","YPL093W",0.127747252747253,"low (<0.4)"
"Fluconazole","SSU1",0.402029318298223,"moderate (0.4–0.7)"
"Fluconazole","GLR1",0.540521978021978,"moderate (0.4–0.7)"
"Fluconazole","RPS6A",0.236721611721612,"low (<0.4)"
"Fluconazole","YPL089C",0.00915855758720605,"low (<0.4)"
"Fluconazole","YPL088W",0.135399972668161,"low (<0.4)"
"Fluconazole","YPL087W",0.0928571428571428,"low (<0.4)"
"Fluconazole","ELP3",0.0717948717948718,"low (<0.4)"
"Fluconazole","SEC16",0.191575091575092,"low (<0.4)"
"Fluconazole","BRO1",0.0023809796359119,"low (<0.4)"
"Fluconazole","SEN54",0.135735890458977,"low (<0.4)"
"Fluconazole","MOT1",-0.229807692307692,"low (<0.4)"
"Fluconazole","RPS9A",0.453571428571429,"moderate (0.4–0.7)"
"Fluconazole","RPL21B",0.179029304029304,"low (<0.4)"
"Fluconazole","ATP4",0.688324175824176,"moderate (0.4–0.7)"
"Fluconazole","YPL077C",-0.0385856668248695,"low (<0.4)"
"Fluconazole","GPI2",0.00410963707356926,"low (<0.4)"
"Fluconazole","GCR1",-0.36833188371413,"low (<0.4)"
"Fluconazole","YPL074W",-0.124828218048557,"low (<0.4)"
"Fluconazole","YPL072W",-0.0130523532876178,"low (<0.4)"
"Fluconazole","YPL071C",-0.130088374146177,"low (<0.4)"
"Fluconazole","YPL070W",-0.0509673729728017,"low (<0.4)"
"Fluconazole","YPL069C",0.254936752482775,"low (<0.4)"
"Fluconazole","YPL068C",0.170461950744495,"low (<0.4)"
"Fluconazole","YPL067C",0.457061745919092,"moderate (0.4–0.7)"
"Fluconazole","YPL066W",0.115637770586452,"low (<0.4)"
"Fluconazole","VPS28",0.0320563490205524,"low (<0.4)"
"Fluconazole","YPL064C",0.17975933284674,"low (<0.4)"
"Fluconazole","YPL063W",0.0886446886446886,"low (<0.4)"
"Fluconazole","ALD6",0.176510989010989,"low (<0.4)"
"Fluconazole","MFM1",0.0334219794390727,"low (<0.4)"
"Fluconazole","YPL059W",0.488186813186813,"moderate (0.4–0.7)"
"Fluconazole","YPL058C",0.173131023273473,"low (<0.4)"
"Fluconazole","SUR1",0.0299908424908425,"low (<0.4)"
"Fluconazole","YPL056C",-0.11230555949279,"low (<0.4)"
"Fluconazole","YPL055C",0.216713807097241,"low (<0.4)"
"Fluconazole","KTR6",0.0779761904761905,"low (<0.4)"
"Fluconazole","OAZ1",0.418013645751653,"moderate (0.4–0.7)"
"Fluconazole","YPL051W",0.124351739414635,"low (<0.4)"
"Fluconazole","YPL050C",0.333562271062271,"low (<0.4)"
"Fluconazole","DIG1",0.0267185622045261,"low (<0.4)"
"Fluconazole","CAM1",0.105128205128205,"low (<0.4)"
"Fluconazole","YPL047W",0.210520290891703,"low (<0.4)"
"Fluconazole","YPL046C",-0.0135166117907153,"low (<0.4)"
"Fluconazole","VPS16",0.0888074235307596,"low (<0.4)"
"Fluconazole","NOP4",0.0666208791208791,"low (<0.4)"
"Fluconazole","SSN3",-0.0406233192955562,"low (<0.4)"
"Fluconazole","YPL041C",0.15242508913536,"low (<0.4)"
"Fluconazole","ISM1",0.306097768492836,"low (<0.4)"
"Fluconazole","YPL039W",0.210570510733405,"low (<0.4)"
"Fluconazole","YPL038W",0.120151181698684,"low (<0.4)"
"Fluconazole","YPL037C",0.0467948717948718,"low (<0.4)"
"Fluconazole","YPL034W",0.0181799449155602,"low (<0.4)"
"Fluconazole","YPL032C",0.135760073260073,"low (<0.4)"
"Fluconazole","PHO85",0.0871346970603912,"low (<0.4)"
"Fluconazole","YPL030W",0.0719985349961951,"low (<0.4)"
"Fluconazole","SUV3",0.203347866474696,"low (<0.4)"
"Fluconazole","ERG10",0.629029304029304,"moderate (0.4–0.7)"
"Fluconazole","SKS1",0.0262862638863485,"low (<0.4)"
"Fluconazole","RMI1",0.115615690433629,"low (<0.4)"
"Fluconazole","YPL023C",0.0831959706959707,"low (<0.4)"
"Fluconazole","RAD1",0.228211592885071,"low (<0.4)"
"Fluconazole","ULP1",0.0886009295084594,"low (<0.4)"
"Fluconazole","VTC3",0.467032967032967,"moderate (0.4–0.7)"
"Fluconazole","CTF19",-0.0491321388577827,"low (<0.4)"
"Fluconazole","SWI1",0.0341273476866697,"low (<0.4)"
"Fluconazole","YPL015C",0.304590728956505,"low (<0.4)"
"Fluconazole","YPL014W",0.2259216912908,"low (<0.4)"
"Fluconazole","YPL013C",-0.0303113553113553,"low (<0.4)"
"Fluconazole","YPL012W",-0.00279304029304029,"low (<0.4)"
"Fluconazole","TAF3",0.0124333112284732,"low (<0.4)"
"Fluconazole","YPL010W",0.160119047619048,"low (<0.4)"
"Fluconazole","YPL009C",-0.136996336996337,"low (<0.4)"
"Fluconazole","CHL1",0.390265763706507,"low (<0.4)"
"Fluconazole","TFC8",0.176947541337291,"low (<0.4)"
"Fluconazole","YPL006W",0.207289711284668,"low (<0.4)"
"Fluconazole","YPL005W",-0.203686073879501,"low (<0.4)"
"Fluconazole","YPL004C",0.340705128205128,"low (<0.4)"
"Fluconazole","ULA1",0.0718495993426643,"low (<0.4)"
"Fluconazole","SNF8",0.0643422509245865,"low (<0.4)"
"Fluconazole","HAT1",0.263369963369963,"low (<0.4)"
"Fluconazole","YPR003C",0.0215705190735648,"low (<0.4)"
"Fluconazole","YPR004C",0.423946886446886,"moderate (0.4–0.7)"
"Fluconazole","YPR006C",0.133096532486244,"low (<0.4)"
"Fluconazole","YPR008W",-0.0949001202551506,"low (<0.4)"
"Fluconazole","YPR009W",0.53019581247634,"moderate (0.4–0.7)"
"Fluconazole","RPA135",0.0911630036630037,"low (<0.4)"
"Fluconazole","YPR010C-A",0.739285714285714,"high (≥0.7)"
"Fluconazole","YPR011C",0.28504052413233,"low (<0.4)"
"Fluconazole","YPR013C",-0.00490641356056582,"low (<0.4)"
"Fluconazole","TIF6",0.185668498168498,"low (<0.4)"
"Fluconazole","YPR017C",0.192884452482887,"low (<0.4)"
"Fluconazole","RLF2",-0.039905987651178,"low (<0.4)"
"Fluconazole","MCM4",0.113080518523075,"low (<0.4)"
"Fluconazole","YPR020W",0.66492673992674,"moderate (0.4–0.7)"
"Fluconazole","YPR021C",-0.0942791158918072,"low (<0.4)"
"Fluconazole","YPR022C",0.107729303351419,"low (<0.4)"
"Fluconazole","YPR023C",-0.0527014652014652,"low (<0.4)"
"Fluconazole","YME1",0.128617216117216,"low (<0.4)"
"Fluconazole","YPR025C",0.13264617161702,"low (<0.4)"
"Fluconazole","YPR026W",0.219746996251351,"low (<0.4)"
"Fluconazole","YOP1",0.526877289377289,"moderate (0.4–0.7)"
"Fluconazole","YPR029C",0.0529767968990397,"low (<0.4)"
"Fluconazole","YPR031W",-0.167133881288692,"low (<0.4)"
"Fluconazole","SRO7",0.0495854556388568,"low (<0.4)"
"Fluconazole","HTS1",0.124313186813187,"low (<0.4)"
"Fluconazole","ARP7",-0.0617216117216117,"low (<0.4)"
"Fluconazole","YPR035W",0.210851648351648,"low (<0.4)"
"Fluconazole","VMA13",0.287728937728938,"low (<0.4)"
"Fluconazole","YPR036W-A",0.352774184709293,"low (<0.4)"
"Fluconazole","YPR037C",0.0184983802482386,"low (<0.4)"
"Fluconazole","YPR040W",0.000412347523410403,"low (<0.4)"
"Fluconazole","TIF5",0.149954212454212,"low (<0.4)"
"Fluconazole","YPR042C",0.298056081804876,"low (<0.4)"
"Fluconazole","RPL43A",0.185943223443223,"low (<0.4)"
"Fluconazole","THP3",-0.0796518956327032,"low (<0.4)"
"Fluconazole","YPR046W",-0.115210128492333,"low (<0.4)"
"Fluconazole","MSF1",0.255990106988766,"low (<0.4)"
"Fluconazole","YPR048W",0.230154097981663,"low (<0.4)"
"Fluconazole","ATG11",-0.0690698051225631,"low (<0.4)"
"Fluconazole","MAK3",0.126335069618316,"low (<0.4)"
"Fluconazole","YPR052C",0.0142857142857143,"low (<0.4)"
"Fluconazole","YPR055W",-0.00719193770041228,"low (<0.4)"
"Fluconazole","YPR056W",0.183487920589194,"low (<0.4)"
"Fluconazole","YPR057W",0.0471908832347461,"low (<0.4)"
"Fluconazole","YPR058W",0.162370072059958,"low (<0.4)"
"Fluconazole","ARO7",0.352152014652015,"low (<0.4)"
"Fluconazole","YPR061C",0.149720930232558,"low (<0.4)"
"Fluconazole","FCY1",0.330906593406593,"low (<0.4)"
"Fluconazole","YPR063C",0.253571428571429,"low (<0.4)"
"Fluconazole","ROX1",0.164569858719909,"low (<0.4)"
"Fluconazole","YPR067W",0.131089743589744,"low (<0.4)"
"Fluconazole","YPR069C",0.566300366300366,"moderate (0.4–0.7)"
"Fluconazole","YPR070W",-0.000416779801076577,"low (<0.4)"
"Fluconazole","YPR072W",0.0909361478055816,"low (<0.4)"
"Fluconazole","YPR073C",0.243360805860806,"low (<0.4)"
"Fluconazole","YPR074C",0.29793956043956,"low (<0.4)"
"Fluconazole","YPR075C",0.131060459315701,"low (<0.4)"
"Fluconazole","YPR079W",0.0502866340977683,"low (<0.4)"
"Fluconazole","TEF1",0.122161172161172,"low (<0.4)"
"Fluconazole","YPR081C",-0.117925529271278,"low (<0.4)"
"Fluconazole","DIB1",-0.0641556958983784,"low (<0.4)"
"Fluconazole","YPR083W",-0.0408015723980593,"low (<0.4)"
"Fluconazole","YPR084W",0.161976646097394,"low (<0.4)"
"Fluconazole","YPR085C",0.0994949731163129,"low (<0.4)"
"Fluconazole","SUA7",0.0462475388552053,"low (<0.4)"
"Fluconazole","SRP54",-0.158287545787546,"low (<0.4)"
"Fluconazole","YPR089W",-0.318114167398118,"low (<0.4)"
"Fluconazole","YPR091C",0.207246293980609,"low (<0.4)"
"Fluconazole","YPR093C",0.19855098042784,"low (<0.4)"
"Fluconazole","YPR094W",0.226126971771332,"low (<0.4)"
"Fluconazole","YPR095C",-0.085802610487749,"low (<0.4)"
"Fluconazole","YPR097W",0.00226650946110844,"low (<0.4)"
"Fluconazole","YPR098C",0.0195743998913911,"low (<0.4)"
"Fluconazole","YPR100W",0.371703296703297,"low (<0.4)"
"Fluconazole","SNT309",-0.104103943739486,"low (<0.4)"
"Fluconazole","RPL11A",0.316025641025641,"low (<0.4)"
"Fluconazole","PRE2",-0.157234432234432,"low (<0.4)"
"Fluconazole","FHL1",-0.0113265330014755,"low (<0.4)"
"Fluconazole","COG4",-0.234562432719709,"low (<0.4)"
"Fluconazole","YPR106W",-0.00817865361172999,"low (<0.4)"
"Fluconazole","YPR107C",0.107177280494983,"low (<0.4)"
"Fluconazole","YPR108W",0.136126373626374,"low (<0.4)"
"Fluconazole","YPR109W",0.200815582409679,"low (<0.4)"
"Fluconazole","RPC40",0.230815018315018,"low (<0.4)"
"Fluconazole","YPR111W",-0.000997797963115882,"low (<0.4)"
"Fluconazole","YPR112C",-0.0269230769230769,"low (<0.4)"
"Fluconazole","YPR113W",0.47742673992674,"moderate (0.4–0.7)"
"Fluconazole","YPR114W",0.133562271062271,"low (<0.4)"
"Fluconazole","RGC1",-0.0296632396942638,"low (<0.4)"
"Fluconazole","YPR116W",0.00691726254754999,"low (<0.4)"
"Fluconazole","YPR117W",0.0202533993799168,"low (<0.4)"
"Fluconazole","YPR118W",0.369459706959707,"low (<0.4)"
"Fluconazole","YPR119W",-0.170535041303813,"low (<0.4)"
"Fluconazole","YPR120C",0.301202062649239,"low (<0.4)"
"Fluconazole","YPR124W",0.220833333333333,"low (<0.4)"
"Fluconazole","YLH47",0.0137820512820513,"low (<0.4)"
"Fluconazole","YPR127W",0.0450835157918614,"low (<0.4)"
"Fluconazole","YPR128C",-0.0202614528720896,"low (<0.4)"
"Fluconazole","SCD6",0.000412092629292444,"low (<0.4)"
"Fluconazole","NAT3",0.0956224596903078,"low (<0.4)"
"Fluconazole","RPS23B",0.0815018315018315,"low (<0.4)"
"Fluconazole","SPN1",0.183195970695971,"low (<0.4)"
"Fluconazole","TOM5",0.451282051282051,"moderate (0.4–0.7)"
"Fluconazole","YPR134W",0.00884012039659896,"low (<0.4)"
"Fluconazole","CTF4",0.10684996168118,"low (<0.4)"
"Fluconazole","YPR137W",0.10970695970696,"low (<0.4)"
"Fluconazole","YPR138C",0.369320588621432,"low (<0.4)"
"Fluconazole","VPS66",0.135668498168498,"low (<0.4)"
"Fluconazole","YPR140W",0.0328450503356837,"low (<0.4)"
"Fluconazole","KAR3",0.145504617687714,"low (<0.4)"
"Fluconazole","YPR143W",0.12797619047619,"low (<0.4)"
"Fluconazole","NOC4",0.221749084249084,"low (<0.4)"
"Fluconazole","YPR145W",0.479029304029304,"moderate (0.4–0.7)"
"Fluconazole","YPR145C-A",0.149865018611304,"low (<0.4)"
"Fluconazole","YPR147C",0.0957756159682073,"low (<0.4)"
"Fluconazole","YPR148C",0.141117216117216,"low (<0.4)"
"Fluconazole","NCE102",0.386584249084249,"low (<0.4)"
"Fluconazole","YPR151C",0.179309527724253,"low (<0.4)"
"Fluconazole","YPR152C",-0.26594462949883,"low (<0.4)"
"Fluconazole","PIN3",0.0694139194139194,"low (<0.4)"
"Fluconazole","YPR155C",0.111128015440731,"low (<0.4)"
"Fluconazole","YPR156C",0.189880952380952,"low (<0.4)"
"Fluconazole","YPR158W",0.424376220351988,"moderate (0.4–0.7)"
"Fluconazole","KRE6",0.15237179627544,"low (<0.4)"
"Fluconazole","SGV1",0.30034684464931,"low (<0.4)"
"Fluconazole","YPR162C",0.0645635639779379,"low (<0.4)"
"Fluconazole","TIF3",0.303205128205128,"low (<0.4)"
"Fluconazole","MMS1",0.188902673418708,"low (<0.4)"
"Fluconazole","YPR165W",0.222344322344322,"low (<0.4)"
"Fluconazole","YPR166C",0.454349816849817,"moderate (0.4–0.7)"
"Fluconazole","YPR167C",0.219276521800524,"low (<0.4)"
"Fluconazole","YPR169W",0.137271062271062,"low (<0.4)"
"Fluconazole","YPR170W-B",0.0901556776556777,"low (<0.4)"
"Fluconazole","YPR171W",-0.214136881415619,"low (<0.4)"
"Fluconazole","YPR172W",0.104511108762539,"low (<0.4)"
"Fluconazole","VPS4",0.136858974358974,"low (<0.4)"
"Fluconazole","YPR174C",0.112244903743081,"low (<0.4)"
"Fluconazole","YPR175W",0.0739741879476285,"low (<0.4)"
"Fluconazole","YPR176C",0.0146536921395297,"low (<0.4)"
"Fluconazole","PRP4",0.04323563995752,"low (<0.4)"
"Fluconazole","HDA3",-0.0444193832625524,"low (<0.4)"
"Fluconazole","AOS1",-0.0423173814621323,"low (<0.4)"
"Fluconazole","YPR181C",0.101053113553114,"low (<0.4)"
"Fluconazole","SMX3",0.1625,"low (<0.4)"
"Fluconazole","DPM1",0.219871794871795,"low (<0.4)"
"Fluconazole","YPR184W",0.0388615990256749,"low (<0.4)"
"Fluconazole","ATG13",0.0480100804194912,"low (<0.4)"
"Fluconazole","PZF1",0.26729682371708,"low (<0.4)"
"Fluconazole","RPO26",0.104532967032967,"low (<0.4)"
"Fluconazole","YPR188C",-0.0065934820686791,"low (<0.4)"
"Fluconazole","SKI3",0.0972538605130168,"low (<0.4)"
"Fluconazole","RPC82",0.308287545787546,"low (<0.4)"
"Fluconazole","QCR2",0.610989010989011,"moderate (0.4–0.7)"
"Fluconazole","YPR196W",-0.0146099153910118,"low (<0.4)"
"Fluconazole","SGE1",0.153800366300366,"low (<0.4)"
"Fluconazole","ARR1",0.0833047060468071,"low (<0.4)"
"Fluconazole","YML131W",0.4550684628073,"moderate (0.4–0.7)"
"Fluconazole","YML130C",0.494917582417582,"moderate (0.4–0.7)"
"Fluconazole","YML129C",0.510897435897436,"moderate (0.4–0.7)"
"Fluconazole","YML128C",0.0472369033239835,"low (<0.4)"
"Fluconazole","YML127W",0.189516821404603,"low (<0.4)"
"Fluconazole","ERG13",0.52275641025641,"moderate (0.4–0.7)"
"Fluconazole","PGA3",0.276373626373626,"low (<0.4)"
"Fluconazole","YML124C",-0.096474358974359,"low (<0.4)"
"Fluconazole","PHO84",0.343589743589744,"low (<0.4)"
"Fluconazole","YML121W",-0.0544018320680039,"low (<0.4)"
"Fluconazole","YML120C",0.484832528217221,"moderate (0.4–0.7)"
"Fluconazole","YML119W",0.0916528629880586,"low (<0.4)"
"Fluconazole","YML117W",0.373928273012972,"low (<0.4)"
"Fluconazole","ATR1",0.0679181831479901,"low (<0.4)"
"Fluconazole","VAN1",0.138095238095238,"low (<0.4)"
"Fluconazole","TAF8",0.0636823830964625,"low (<0.4)"
"Fluconazole","YML113W",0.106897501106868,"low (<0.4)"
"Fluconazole","YML112W",0.250606830477043,"low (<0.4)"
"Fluconazole","YML111W",0.100870162583009,"low (<0.4)"
"Fluconazole","COQ5",0.130311355311355,"low (<0.4)"
"Fluconazole","ZDS2",0.0862951733714994,"low (<0.4)"
"Fluconazole","YML108W",0.385989010989011,"low (<0.4)"
"Fluconazole","YML107C",0.11814046566939,"low (<0.4)"
"Fluconazole","URA5",0.15952380952381,"low (<0.4)"
"Fluconazole","YML105C",0.129532967032967,"low (<0.4)"
"Fluconazole","YML104C",0.11597389289362,"low (<0.4)"
"Fluconazole","YML103C",0.127380952380952,"low (<0.4)"
"Fluconazole","YML102W",0.0240185922121191,"low (<0.4)"
"Fluconazole","YML101C",0.215572700840221,"low (<0.4)"
"Fluconazole","YML100W",0.268422264880474,"low (<0.4)"
"Fluconazole","ARG81",-0.0726285412273421,"low (<0.4)"
"Fluconazole","TAF13",-0.0978719994569555,"low (<0.4)"
"Fluconazole","VPS9",0.0169002476042992,"low (<0.4)"
"Fluconazole","YML096W",0.19062022945804,"low (<0.4)"
"Fluconazole","GIM5",0.0569139194139194,"low (<0.4)"
"Fluconazole","YML093W",-0.0274728419528296,"low (<0.4)"
"Fluconazole","YML092C",0.286721611721612,"low (<0.4)"
"Fluconazole","YML091C",0.355528588295586,"low (<0.4)"
"Fluconazole","YML088W",0.0690334180357857,"low (<0.4)"
"Fluconazole","YML087C",-0.0131840752708111,"low (<0.4)"
"Fluconazole","YML086C",0.0732413714586795,"low (<0.4)"
"Fluconazole","YML085C",0.250824175824176,"low (<0.4)"
"Fluconazole","YML082W",0.183058608058608,"low (<0.4)"
"Fluconazole","YML081C-A",0.735897435897436,"high (≥0.7)"
"Fluconazole","YML081W",0.281913919413919,"low (<0.4)"
"Fluconazole","YML080W",0.0367487123186643,"low (<0.4)"
"Fluconazole","YML079W",0.181000240399226,"low (<0.4)"
"Fluconazole","CPR3",0.300412087912088,"low (<0.4)"
"Fluconazole","YML077W",0.278891941391941,"low (<0.4)"
"Fluconazole","YML076C",0.066915917852539,"low (<0.4)"
"Fluconazole","YML075C",0.186767399267399,"low (<0.4)"
"Fluconazole","FPR3",0.153525641025641,"low (<0.4)"
"Fluconazole","RPL6A",0.0827380952380952,"low (<0.4)"
"Fluconazole","YML072C",0.266529304029304,"low (<0.4)"
"Fluconazole","COG8",0.0456330355374199,"low (<0.4)"
"Fluconazole","YML070W",0.0426744811667286,"low (<0.4)"
"Fluconazole","YML069W",0.127564102564103,"low (<0.4)"
"Fluconazole","YML068W",0.0196438790844728,"low (<0.4)"
"Fluconazole","YML067C",-0.00613553113553114,"low (<0.4)"
"Fluconazole","YML065W",0.0436975946872869,"low (<0.4)"
"Fluconazole","YML064C",0.069217550693092,"low (<0.4)"
"Fluconazole","RPS1B",-0.0216575091575092,"low (<0.4)"
"Fluconazole","MFT1",0.00444745086828651,"low (<0.4)"
"Fluconazole","PIF1",0.179926439567485,"low (<0.4)"
"Fluconazole","YML060W",-0.050405103588331,"low (<0.4)"
"Fluconazole","YML059C",0.0881649286336223,"low (<0.4)"
"Fluconazole","YML058W-A",0.0761488183213303,"low (<0.4)"
"Fluconazole","YML058W",0.583699633699634,"moderate (0.4–0.7)"
"Fluconazole","CMP2",-0.11827193846013,"low (<0.4)"
"Fluconazole","YML056C",-0.0131868131868132,"low (<0.4)"
"Fluconazole","SPC2",0.244551282051282,"low (<0.4)"
"Fluconazole","YML053C",0.108841980058241,"low (<0.4)"
"Fluconazole","YML052W",0.0868589743589744,"low (<0.4)"
"Fluconazole","YML051W",0.130592060212916,"low (<0.4)"
"Fluconazole","YML050W",-0.0398714725373598,"low (<0.4)"
"Fluconazole","YML049C",0.095316615762884,"low (<0.4)"
"Fluconazole","GSF2",0.283241758241758,"low (<0.4)"
"Fluconazole","YML046W",0.243976181973163,"low (<0.4)"
"Fluconazole","YML043C",0.342060919587786,"low (<0.4)"
"Fluconazole","VPS71",0.168476547642238,"low (<0.4)"
"Fluconazole","YML038C",0.270035142361354,"low (<0.4)"
"Fluconazole","YML036W",-0.0311587815815009,"low (<0.4)"
"Fluconazole","AMD1",-0.11771978021978,"low (<0.4)"
"Fluconazole","SRC1",0.00870062970784575,"low (<0.4)"
"Fluconazole","YML032C",0.216624685138539,"low (<0.4)"
"Fluconazole","YML031W",0.0948717948717949,"low (<0.4)"
"Fluconazole","YML030W",0.345356517382029,"low (<0.4)"
"Fluconazole","TSA1",0.599908424908425,"moderate (0.4–0.7)"
"Fluconazole","YML027W",0.0182329081509692,"low (<0.4)"
"Fluconazole","RPS18B",0.0214285714285714,"low (<0.4)"
"Fluconazole","YML6",0.157598243919765,"low (<0.4)"
"Fluconazole","RPS17A",-0.0358516483516483,"low (<0.4)"
"Fluconazole","YML023C",-0.0363586409011814,"low (<0.4)"
"Fluconazole","YML022W",0.321657509157509,"low (<0.4)"
"Fluconazole","YML021C",-0.336052941631296,"low (<0.4)"
"Fluconazole","YML020W",0.271328216284374,"low (<0.4)"
"Fluconazole","YML019W",0.137820512820513,"low (<0.4)"
"Fluconazole","YML018C",0.118635531135531,"low (<0.4)"
"Fluconazole","PSP2",-0.0519750479501731,"low (<0.4)"
"Fluconazole","YML016C",0.136584249084249,"low (<0.4)"
"Fluconazole","TAF11",0.207512597343106,"low (<0.4)"
"Fluconazole","TRM9",0.281940040540914,"low (<0.4)"
"Fluconazole","UBX2",0.096995540593344,"low (<0.4)"
"Fluconazole","YML012W",0.0577838827838828,"low (<0.4)"
"Fluconazole","YML011C",0.00104220355872464,"low (<0.4)"
"Fluconazole","YML010W",0.021955379527303,"low (<0.4)"
"Fluconazole","MRPL39",0.197344322344322,"low (<0.4)"
"Fluconazole","ERG6",0.496199633699634,"moderate (0.4–0.7)"
"Fluconazole","YAP1",-0.0640567765567766,"low (<0.4)"
"Fluconazole","YML006C",-0.0655797628137743,"low (<0.4)"
"Fluconazole","TRM12",-0.194439399058185,"low (<0.4)"
"Fluconazole","YML004C",0.0872252747252747,"low (<0.4)"
"Fluconazole","YML002W",-0.0182201610210593,"low (<0.4)"
"Fluconazole","YPT7",0.0397435897435897,"low (<0.4)"
"Fluconazole","CDC5",0.124415941365094,"low (<0.4)"
"Fluconazole","YMR001C-A",0.0428273200320095,"low (<0.4)"
"Fluconazole","YMR002W",0.570650183150183,"moderate (0.4–0.7)"
"Fluconazole","YMR003W",-0.195378227662675,"low (<0.4)"
"Fluconazole","YMR004W",0.104583543312167,"low (<0.4)"
"Fluconazole","TAF4",0.0920111265070185,"low (<0.4)"
"Fluconazole","YMR006C",0.501831501831502,"moderate (0.4–0.7)"
"Fluconazole","YMR008C",0.348717948717949,"low (<0.4)"
"Fluconazole","YMR009W",0.308745421245421,"low (<0.4)"
"Fluconazole","YMR010W",-0.0906135531135531,"low (<0.4)"
"Fluconazole","YMR011W",0.661446886446886,"moderate (0.4–0.7)"
"Fluconazole","CLU1",0.14720695970696,"low (<0.4)"
"Fluconazole","YMR013C",-0.0131628076312678,"low (<0.4)"
"Fluconazole","YMR014W",0.171336996336996,"low (<0.4)"
"Fluconazole","ERG5",0.59720695970696,"moderate (0.4–0.7)"
"Fluconazole","YMR016C",0.262506009752971,"low (<0.4)"
"Fluconazole","YMR019W",0.0498883864984254,"low (<0.4)"
"Fluconazole","YMR020W",0.0866391184573003,"low (<0.4)"
"Fluconazole","MAC1",0.0386254364053323,"low (<0.4)"
"Fluconazole","UBC7",0.465893611450069,"moderate (0.4–0.7)"
"Fluconazole","MSS1",0.0348837209302326,"low (<0.4)"
"Fluconazole","MRPL3",0.478284759266467,"moderate (0.4–0.7)"
"Fluconazole","PEX12",0.0754189944134078,"low (<0.4)"
"Fluconazole","YMR027W",0.182883831869,"low (<0.4)"
"Fluconazole","YMR028W",-0.0968953200842568,"low (<0.4)"
"Fluconazole","YMR029C",0.00826559822245346,"low (<0.4)"
"Fluconazole","YMR030W",0.0754424140001811,"low (<0.4)"
"Fluconazole","YMR031C",0.123683487498855,"low (<0.4)"
"Fluconazole","HOF1",0.0818365223812513,"low (<0.4)"
"Fluconazole","ARP9",0.118223443223443,"low (<0.4)"
"Fluconazole","YMR035W",-0.0372566979619876,"low (<0.4)"
"Fluconazole","YMR036C",0.024155569515384,"low (<0.4)"
"Fluconazole","YMR037C",0.248986604174453,"low (<0.4)"
"Fluconazole","CCS1",0.536538461538462,"moderate (0.4–0.7)"
"Fluconazole","SUB1",0.211675824175824,"low (<0.4)"
"Fluconazole","YMR040W",0.114775123296406,"low (<0.4)"
"Fluconazole","YMR041C",0.368913499631818,"low (<0.4)"
"Fluconazole","ARG80",0.184045147048998,"low (<0.4)"
"Fluconazole","MCM1",0.0340201465201465,"low (<0.4)"
"Fluconazole","YMR044W",-0.290031595157298,"low (<0.4)"
"Fluconazole","NUP116",0.0217510761058705,"low (<0.4)"
"Fluconazole","YMR048W",0.0279773577469156,"low (<0.4)"
"Fluconazole","YMR049C",-0.00325091575091575,"low (<0.4)"
"Fluconazole","YMR052W",0.373477650311694,"low (<0.4)"
"Fluconazole","YMR054W",0.116168322847184,"low (<0.4)"
"Fluconazole","BUB2",0.0493841916759128,"low (<0.4)"
"Fluconazole","YMR056C",-0.24785920513304,"low (<0.4)"
"Fluconazole","YMR058W",0.388507326007326,"low (<0.4)"
"Fluconazole","SEN15",0.178207168134021,"low (<0.4)"
"Fluconazole","SAM37",0.0657362995624348,"low (<0.4)"
"Fluconazole","YMR061W",0.236130438882146,"low (<0.4)"
"Fluconazole","ARG7",0.123544172419289,"low (<0.4)"
"Fluconazole","AEP1",0.0221804702427562,"low (<0.4)"
"Fluconazole","YMR066W",0.0286291139717573,"low (<0.4)"
"Fluconazole","UBX4",-0.0771327154948086,"low (<0.4)"
"Fluconazole","YMR068W",0.0164022322212456,"low (<0.4)"
"Fluconazole","MOT3",0.138598218905982,"low (<0.4)"
"Fluconazole","YMR071C",0.113919413919414,"low (<0.4)"
"Fluconazole","YMR072W",0.317994505494505,"low (<0.4)"
"Fluconazole","YMR073C",-0.00739553525166889,"low (<0.4)"
"Fluconazole","YMR074C",0.421199633699634,"moderate (0.4–0.7)"
"Fluconazole","YMR075W",0.267645330970832,"low (<0.4)"
"Fluconazole","YMR076C",0.0424284153159403,"low (<0.4)"
"Fluconazole","VPS20",0.13676917470648,"low (<0.4)"
"Fluconazole","CTF18",-0.086942581693077,"low (<0.4)"
"Fluconazole","SEC14",0.260347985347985,"low (<0.4)"
"Fluconazole","NAM7",-0.119184981684982,"low (<0.4)"
"Fluconazole","YMR083W",0.371840659340659,"low (<0.4)"
"Fluconazole","YMR086W",0.232142857142857,"low (<0.4)"
"Fluconazole","YMR087W",-0.0951618788643365,"low (<0.4)"
"Fluconazole","YMR088C",0.245103538289161,"low (<0.4)"
"Fluconazole","YTA12",0.0319139194139194,"low (<0.4)"
"Fluconazole","YMR090W",0.312919075909974,"low (<0.4)"
"Fluconazole","NPL6",0.16246165134482,"low (<0.4)"
"Fluconazole","YMR092C",0.133600458803368,"low (<0.4)"
"Fluconazole","YMR093W",0.059981684981685,"low (<0.4)"
"Fluconazole","YMR096W",0.0688695278102092,"low (<0.4)"
"Fluconazole","YMR097C",0.136249661528118,"low (<0.4)"
"Fluconazole","ATP25",0.0481704194285257,"low (<0.4)"
"Fluconazole","YMR099C",0.149908424908425,"low (<0.4)"
"Fluconazole","YMR100W",0.0657231851278301,"low (<0.4)"
"Fluconazole","YMR102C",0.320058608750465,"low (<0.4)"
"Fluconazole","PGM2",-0.102447817083948,"low (<0.4)"
"Fluconazole","YKU80",-0.0511589251085049,"low (<0.4)"
"Fluconazole","ILV2",0.430082417582418,"moderate (0.4–0.7)"
"Fluconazole","YMR109W",0.0777974930342585,"low (<0.4)"
"Fluconazole","YMR110C",0.138377883431153,"low (<0.4)"
"Fluconazole","YMR111C",-0.203297699459479,"low (<0.4)"
"Fluconazole","YMR112C",0.27615340764823,"low (<0.4)"
"Fluconazole","YMR113W",0.0342837515129835,"low (<0.4)"
"Fluconazole","YMR114C",-0.0525055846475913,"low (<0.4)"
"Fluconazole","MGR3",0.268968359639085,"low (<0.4)"
"Fluconazole","ASC1",0.138095238095238,"low (<0.4)"
"Fluconazole","YMR119W",0.0043045713402082,"low (<0.4)"
"Fluconazole","YMR120C",0.50037202810087,"moderate (0.4–0.7)"
"Fluconazole","RPL15B",0.139377289377289,"low (<0.4)"
"Fluconazole","YMR122W-A",-0.0155677655677656,"low (<0.4)"
"Fluconazole","YMR123W",0.2621336996337,"low (<0.4)"
"Fluconazole","YMR124W",0.0852442505297613,"low (<0.4)"
"Fluconazole","STO1",0.00952380952380952,"low (<0.4)"
"Fluconazole","YMR126C",0.115118473656619,"low (<0.4)"
"Fluconazole","SAS2",0.0568408258777595,"low (<0.4)"
"Fluconazole","ECM16",0.0252979086315639,"low (<0.4)"
"Fluconazole","YMR129W",-0.140659340659341,"low (<0.4)"
"Fluconazole","YMR130W",0.115898891839912,"low (<0.4)"
"Fluconazole","YMR131C",0.180586080586081,"low (<0.4)"
"Fluconazole","YMR132C",0.45995075416856,"moderate (0.4–0.7)"
"Fluconazole","YMR134W",0.501007326007326,"moderate (0.4–0.7)"
"Fluconazole","GID8",0.174470307536315,"low (<0.4)"
"Fluconazole","YMR136W",0.281598528686229,"low (<0.4)"
"Fluconazole","PSO2",-0.110777084626142,"low (<0.4)"
"Fluconazole","CIN4",0.219648222326497,"low (<0.4)"
"Fluconazole","RIM11",0.203917618914331,"low (<0.4)"
"Fluconazole","YMR140W",0.138269566015231,"low (<0.4)"
"Fluconazole","RPL13B",0.0946428571428571,"low (<0.4)"
"Fluconazole","RPS16A",0.269551282051282,"low (<0.4)"
"Fluconazole","YMR144W",0.132349406254264,"low (<0.4)"
"Fluconazole","NDE1",0.771611721611722,"high (≥0.7)"
"Fluconazole","YMR146C",0.0200091575091575,"low (<0.4)"
"Fluconazole","YMR148W",0.0670345017056251,"low (<0.4)"
"Fluconazole","YMR149W",0.68768315018315,"moderate (0.4–0.7)"
"Fluconazole","IMP1",0.286780975688157,"low (<0.4)"
"Fluconazole","YMR152W",0.554100463056277,"moderate (0.4–0.7)"
"Fluconazole","YMR153W",0.168530708129834,"low (<0.4)"
"Fluconazole","RIM13",0.340477308115844,"low (<0.4)"
"Fluconazole","YMR155W",0.177954637293428,"low (<0.4)"
"Fluconazole","YMR156C",0.0622334359057652,"low (<0.4)"
"Fluconazole","AIM36",0.172842336896194,"low (<0.4)"
"Fluconazole","YMR158W",0.433246717596123,"moderate (0.4–0.7)"
"Fluconazole","YMR160W",0.00900176682137138,"low (<0.4)"
"Fluconazole","YMR161W",0.238063076094826,"low (<0.4)"
"Fluconazole","YMR162C",-0.232453684439307,"low (<0.4)"
"Fluconazole","YMR163C",0.293651656239355,"low (<0.4)"
"Fluconazole","PAH1",-0.112021985991749,"low (<0.4)"
"Fluconazole","YMR166C",0.117472651980565,"low (<0.4)"
"Fluconazole","YMR169C",0.136287841783287,"low (<0.4)"
"Fluconazole","YMR170C",0.164505541661511,"low (<0.4)"
"Fluconazole","YMR171C",-0.0470717524189615,"low (<0.4)"
"Fluconazole","YMR172W",0.0513488372093023,"low (<0.4)"
"Fluconazole","DDR48",0.427617028014794,"moderate (0.4–0.7)"
"Fluconazole","YMR176W",-0.0588464269929578,"low (<0.4)"
"Fluconazole","YMR177W",-0.106919633443449,"low (<0.4)"
"Fluconazole","YMR178W",0.11442831643481,"low (<0.4)"
"Fluconazole","YMR179W",-0.225291319750669,"low (<0.4)"
"Fluconazole","CTL1",0.224199745775754,"low (<0.4)"
"Fluconazole","YMR181C",0.0423334936451331,"low (<0.4)"
"Fluconazole","YMR182C",0.150059792835672,"low (<0.4)"
"Fluconazole","YMR183C",0.11456043956044,"low (<0.4)"
"Fluconazole","YMR184W",0.213303723728761,"low (<0.4)"
"Fluconazole","YMR185W",-0.0157121435446111,"low (<0.4)"
"Fluconazole","HSC82",0.309661172161172,"low (<0.4)"
"Fluconazole","YMR187C",-0.0812215683871171,"low (<0.4)"
"Fluconazole","YMR188C",0.317806651209106,"low (<0.4)"
"Fluconazole","GCV2",0.256192177481431,"low (<0.4)"
"Fluconazole","YMR190C",0.145396243701328,"low (<0.4)"
"Fluconazole","YMR191W",0.124363021726719,"low (<0.4)"
"Fluconazole","GYL1",-0.15828935771822,"low (<0.4)"
"Fluconazole","MRPL24",0.484253906759153,"moderate (0.4–0.7)"
"Fluconazole","RPL36A",0.355952380952381,"low (<0.4)"
"Fluconazole","YMR194C-B",0.257637630960517,"low (<0.4)"
"Fluconazole","YMR195W",0.37050527291907,"low (<0.4)"
"Fluconazole","YMR196W",0.170988229204898,"low (<0.4)"
"Fluconazole","YMR197C",0.0857142857142857,"low (<0.4)"
"Fluconazole","YMR198W",0.219757547464356,"low (<0.4)"
"Fluconazole","YMR199W",0.0139305762401191,"low (<0.4)"
"Fluconazole","YMR200W",0.106181318681319,"low (<0.4)"
"Fluconazole","YMR201C",-0.0376978005168101,"low (<0.4)"
"Fluconazole","ERG2",0.688644688644689,"moderate (0.4–0.7)"
"Fluconazole","TOM40",0.17985347985348,"low (<0.4)"
"Fluconazole","YMR205C",0.244826007326007,"low (<0.4)"
"Fluconazole","YMR207C",-0.302984039143397,"low (<0.4)"
"Fluconazole","ERG12",0.14739010989011,"low (<0.4)"
"Fluconazole","YMR209C",0.183799624717618,"low (<0.4)"
"Fluconazole","YMR210W",0.275843136957018,"low (<0.4)"
"Fluconazole","YMR211W",-0.237377049120043,"low (<0.4)"
"Fluconazole","YMR212C",0.0070970695970696,"low (<0.4)"
"Fluconazole","CEF1",0.166819644873893,"low (<0.4)"
"Fluconazole","YMR214W",0.0578296703296703,"low (<0.4)"
"Fluconazole","YMR215W",0.273972916374593,"low (<0.4)"
"Fluconazole","YMR216C",0.215659340659341,"low (<0.4)"
"Fluconazole","YMR217W",-0.0287087912087912,"low (<0.4)"
"Fluconazole","YMR218C",0.0623662068938553,"low (<0.4)"
"Fluconazole","YMR219W",0.0740893602223277,"low (<0.4)"
"Fluconazole","YMR220W",0.35018315018315,"low (<0.4)"
"Fluconazole","YMR221C",0.216620879120879,"low (<0.4)"
"Fluconazole","YMR222C",0.121474358974359,"low (<0.4)"
"Fluconazole","YMR223W",-0.0339840847744475,"low (<0.4)"
"Fluconazole","MRE11",-0.105079223847308,"low (<0.4)"
"Fluconazole","MRPL44",0.437820512820513,"moderate (0.4–0.7)"
"Fluconazole","YMR226C",0.37202380952381,"low (<0.4)"
"Fluconazole","TAF7",-0.0510312787715705,"low (<0.4)"
"Fluconazole","YMR228W",-0.00885728383085914,"low (<0.4)"
"Fluconazole","YMR229C",-0.0929945054945055,"low (<0.4)"
"Fluconazole","RPS10B",0.190659340659341,"low (<0.4)"
"Fluconazole","YMR230W-A",0.231461580880109,"low (<0.4)"
"Fluconazole","PEP5",0.0950536608487724,"low (<0.4)"
"Fluconazole","YMR233W",0.1125,"low (<0.4)"
"Fluconazole","YMR234W",-0.305289672544081,"low (<0.4)"
"Fluconazole","YMR235C",0.261630036630037,"low (<0.4)"
"Fluconazole","TAF9",0.197847985347985,"low (<0.4)"
"Fluconazole","YMR237W",0.00146520146520146,"low (<0.4)"
"Fluconazole","YMR238W",0.129899267399267,"low (<0.4)"
"Fluconazole","YMR239C",0.0684523809523809,"low (<0.4)"
"Fluconazole","YMR240C",-8.04320349304837e-05,"low (<0.4)"
"Fluconazole","YMR241W",0.27481684981685,"low (<0.4)"
"Fluconazole","RPL20A",0.144047619047619,"low (<0.4)"
"Fluconazole","ZRC1",0.586767399267399,"moderate (0.4–0.7)"
"Fluconazole","YMR244C-A",0.328571428571429,"low (<0.4)"
"Fluconazole","YMR246W",0.514102564102564,"moderate (0.4–0.7)"
"Fluconazole","RKR1",0.081297648755695,"low (<0.4)"
"Fluconazole","YMR250W",0.111402555908044,"low (<0.4)"
"Fluconazole","YMR251W-A",0.334111721611722,"low (<0.4)"
"Fluconazole","YMR252C",0.0459135331977809,"low (<0.4)"
"Fluconazole","YMR255W",0.0647510021415468,"low (<0.4)"
"Fluconazole","YMR256C",0.414285714285714,"moderate (0.4–0.7)"
"Fluconazole","YMR257C",0.23529714223897,"low (<0.4)"
"Fluconazole","YMR258C",0.128321065954675,"low (<0.4)"
"Fluconazole","YMR259C",-0.0411630036630037,"low (<0.4)"
"Fluconazole","YMR260C",-0.0602106227106227,"low (<0.4)"
"Fluconazole","YMR261C",0.0756224601212937,"low (<0.4)"
"Fluconazole","YMR262W",0.0580494721234255,"low (<0.4)"
"Fluconazole","YMR263W",0.0855847605092041,"low (<0.4)"
"Fluconazole","CUE1",0.319623622086212,"low (<0.4)"
"Fluconazole","YMR265C",0.073331808410699,"low (<0.4)"
"Fluconazole","YMR266W",0.434294871794872,"moderate (0.4–0.7)"
"Fluconazole","PPA2",0.013104240583541,"low (<0.4)"
"Fluconazole","YMR268C",-0.0448167554521402,"low (<0.4)"
"Fluconazole","TMA23",0.125869963369963,"low (<0.4)"
"Fluconazole","YMR270C",0.0894346376599802,"low (<0.4)"
"Fluconazole","YMR271C",0.0112463632235835,"low (<0.4)"
"Fluconazole","SCS7",0.399844320588474,"low (<0.4)"
"Fluconazole","ZDS1",0.0746173198275709,"low (<0.4)"
"Fluconazole","YMR274C",0.101440658640313,"low (<0.4)"
"Fluconazole","BUL1",0.0278858922404159,"low (<0.4)"
"Fluconazole","YMR276W",0.122847985347985,"low (<0.4)"
"Fluconazole","YMR277W",-0.00393777401323891,"low (<0.4)"
"Fluconazole","YMR278W",0.175436174945165,"low (<0.4)"
"Fluconazole","YMR281W",0.202333021117206,"low (<0.4)"
"Fluconazole","AEP2",0.235595863621992,"low (<0.4)"
"Fluconazole","RIT1",-0.227124454954955,"low (<0.4)"
"Fluconazole","YKU70",-0.112910656225152,"low (<0.4)"
"Fluconazole","YMR285C",0.0288016850890338,"low (<0.4)"
"Fluconazole","MRPL33",0.471382783882784,"moderate (0.4–0.7)"
"Fluconazole","DSS1",-0.00415428618734474,"low (<0.4)"
"Fluconazole","YMR288W",0.291439111992415,"low (<0.4)"
"Fluconazole","YMR289W",0.346140636907604,"low (<0.4)"
"Fluconazole","YMR290C",0.136630036630037,"low (<0.4)"
"Fluconazole","YMR291W",0.11686453255544,"low (<0.4)"
"Fluconazole","YMR292W",0.0973901098901099,"low (<0.4)"
"Fluconazole","HER2",0.117742907836661,"low (<0.4)"
"Fluconazole","JNM1",0.0334181607865818,"low (<0.4)"
"Fluconazole","YMR295C",-0.131043956043956,"low (<0.4)"
"Fluconazole","LCB1",-0.100457875457875,"low (<0.4)"
"Fluconazole","PRC1",0.169459706959707,"low (<0.4)"
"Fluconazole","YMR298W",0.464514652014652,"moderate (0.4–0.7)"
"Fluconazole","YMR299C",0.257857654072935,"low (<0.4)"
"Fluconazole","YMR300C",0.0302655677655678,"low (<0.4)"
"Fluconazole","YMR301C",-0.0774928560258507,"low (<0.4)"
"Fluconazole","YME2",0.259063324726032,"low (<0.4)"
"Fluconazole","ADH2",0.240334707999574,"low (<0.4)"
"Fluconazole","YMR304W",0.184093916876495,"low (<0.4)"
"Fluconazole","YMR305C",0.026510989010989,"low (<0.4)"
"Fluconazole","GAS1",0.443406593406593,"moderate (0.4–0.7)"
"Fluconazole","PSE1",-0.0478479853479854,"low (<0.4)"
"Fluconazole","YMR309C",0.332967032967033,"low (<0.4)"
"Fluconazole","YMR310C",0.300217517708614,"low (<0.4)"
"Fluconazole","YMR311C",0.0469322344322344,"low (<0.4)"
"Fluconazole","ELP6",-0.12257887278751,"low (<0.4)"
"Fluconazole","YMR313C",0.128912600766674,"low (<0.4)"
"Fluconazole","YMR314W",0.0232600732600733,"low (<0.4)"
"Fluconazole","YMR315W",0.287362637362637,"low (<0.4)"
"Fluconazole","YMR316W",0.367261904761905,"low (<0.4)"
"Fluconazole","YMR317W",0.543028411484324,"moderate (0.4–0.7)"
"Fluconazole","ADH6",0.280769230769231,"low (<0.4)"
"Fluconazole","YMR319C",0.361725893741716,"low (<0.4)"
"Fluconazole","YMR321C",0.378692466223952,"low (<0.4)"
"Fluconazole","YBL107C",0.449908424908425,"moderate (0.4–0.7)"
"Fluconazole","SRO77",0.15313976905888,"low (<0.4)"
"Fluconazole","PKC1",0.279395604395604,"low (<0.4)"
"Fluconazole","SEA4",-0.138147351214014,"low (<0.4)"
"Fluconazole","YBL103C",0.118478160494967,"low (<0.4)"
"Fluconazole","YBL102W",0.00247252747252747,"low (<0.4)"
"Fluconazole","ECM21",0.180477316597779,"low (<0.4)"
"Fluconazole","YBL099W",0.866391941391941,"high (≥0.7)"
"Fluconazole","YBL098W",0.265975114778966,"low (<0.4)"
"Fluconazole","YBL095W",0.247312689745751,"low (<0.4)"
"Fluconazole","ROX3",0.393498168498168,"low (<0.4)"
"Fluconazole","RPL32",-0.0116758241758242,"low (<0.4)"
"Fluconazole","YBL091C-A",0.143774165569375,"low (<0.4)"
"Fluconazole","YBL091C",0.0382326007326007,"low (<0.4)"
"Fluconazole","MRP21",0.139102564102564,"low (<0.4)"
"Fluconazole","YBL089W",-0.0337537279488896,"low (<0.4)"
"Fluconazole","YBL088C",-0.142634736172242,"low (<0.4)"
"Fluconazole","RPL23A",0.106822344322344,"low (<0.4)"
"Fluconazole","YBL086C",-0.0727705768494411,"low (<0.4)"
"Fluconazole","BOI1",0.221138328318594,"low (<0.4)"
"Fluconazole","CDC27",0.00952261245817628,"low (<0.4)"
"Fluconazole","ALG3",0.122487293502648,"low (<0.4)"
"Fluconazole","YBL081W",0.107371794871795,"low (<0.4)"
"Fluconazole","NUP170",0.182850602228569,"low (<0.4)"
"Fluconazole","ATG8",0.201273433789503,"low (<0.4)"
"Fluconazole","ILS1",0.0608516483516484,"low (<0.4)"
"Fluconazole","SSA3",0.0342733149115776,"low (<0.4)"
"Fluconazole","RPS8A",0.123397435897436,"low (<0.4)"
"Fluconazole","KTI11",0.472847985347985,"moderate (0.4–0.7)"
"Fluconazole","YBL069W",-0.00939979738813622,"low (<0.4)"
"Fluconazole","YBL068W",-0.10521978021978,"low (<0.4)"
"Fluconazole","YBL067C",0.0217948717948718,"low (<0.4)"
"Fluconazole","YBL064C",0.0841912463844236,"low (<0.4)"
"Fluconazole","KIP1",-0.079198152271631,"low (<0.4)"
"Fluconazole","SKT5",0.0201474426695944,"low (<0.4)"
"Fluconazole","YBL060W",-0.0089385589791098,"low (<0.4)"
"Fluconazole","YBL059C-A",0.00705128205128205,"low (<0.4)"
"Fluconazole","YBL059W",-0.073566339362533,"low (<0.4)"
"Fluconazole","SHP1",-0.000480774734174518,"low (<0.4)"
"Fluconazole","YBL057C",0.056959706959707,"low (<0.4)"
"Fluconazole","YBL056W",0.218315018315018,"low (<0.4)"
"Fluconazole","YBL055C",-0.211771171944604,"low (<0.4)"
"Fluconazole","TOD6",0.06753663003663,"low (<0.4)"
"Fluconazole","SAS3",0.0222340219197929,"low (<0.4)"
"Fluconazole","PIN4",0.163141025641026,"low (<0.4)"
"Fluconazole","SEC17",0.108928571428571,"low (<0.4)"
"Fluconazole","EDE1",0.116759578299526,"low (<0.4)"
"Fluconazole","YBL046W",0.0567535480497817,"low (<0.4)"
"Fluconazole","COR1",0.761858974358974,"high (≥0.7)"
"Fluconazole","YBL042C",0.289220343658414,"low (<0.4)"
"Fluconazole","PRE7",0.0967032967032967,"low (<0.4)"
"Fluconazole","YBL040C",0.138186813186813,"low (<0.4)"
"Fluconazole","YBL039W-B",-0.0125080205333886,"low (<0.4)"
"Fluconazole","YBL039C",0.0511446886446886,"low (<0.4)"
"Fluconazole","MRPL16",0.162003754920511,"low (<0.4)"
"Fluconazole","YBL037W",-0.000114487212048556,"low (<0.4)"
"Fluconazole","YBL036C",-0.0666666666666667,"low (<0.4)"
"Fluconazole","YBL035C",-0.0118536338821978,"low (<0.4)"
"Fluconazole","YBL034C",-0.0932286435643899,"low (<0.4)"
"Fluconazole","YBL033C",0.0940691574926621,"low (<0.4)"
"Fluconazole","HEK2",0.295695970695971,"low (<0.4)"
"Fluconazole","YBL031W",0.0107057656827702,"low (<0.4)"
"Fluconazole","PET9",0.846336996336996,"high (≥0.7)"
"Fluconazole","YBL029C-A",0.288792217118575,"low (<0.4)"
"Fluconazole","YBL028C",0.464148351648352,"moderate (0.4–0.7)"
"Fluconazole","RPL19B",0.151785714285714,"low (<0.4)"
"Fluconazole","LSM2",0.130082417582418,"low (<0.4)"
"Fluconazole","YBL025W",-0.114082894435539,"low (<0.4)"
"Fluconazole","NCL1",0.328525641025641,"low (<0.4)"
"Fluconazole","YBL023C",-0.0909569662179631,"low (<0.4)"
"Fluconazole","PIM1",-0.103205128205128,"low (<0.4)"
"Fluconazole","YBL021C",-0.0490637367645754,"low (<0.4)"
"Fluconazole","YBL020W",-0.0851687349214672,"low (<0.4)"
"Fluconazole","APN2",-0.331242022256176,"low (<0.4)"
"Fluconazole","YBL018C",0.229375336271166,"low (<0.4)"
"Fluconazole","PEP1",0.221840659340659,"low (<0.4)"
"Fluconazole","YBL015W",0.216782954353451,"low (<0.4)"
"Fluconazole","YBL014C",-0.116471519885564,"low (<0.4)"
"Fluconazole","SCT1",0.0724833443989102,"low (<0.4)"
"Fluconazole","YBL010C",0.216113561314347,"low (<0.4)"
"Fluconazole","YBL009W",0.203389059603171,"low (<0.4)"
"Fluconazole","YBL008W",0.0411084885731848,"low (<0.4)"
"Fluconazole","YBL007C",0.0653853638477345,"low (<0.4)"
"Fluconazole","LDB7",-0.186904761904762,"low (<0.4)"
"Fluconazole","PDR3",-0.0731214800741024,"low (<0.4)"
"Fluconazole","YBL004W",0.00274725274725275,"low (<0.4)"
"Fluconazole","HTA2",0.019459706959707,"low (<0.4)"
"Fluconazole","YBL002W",-0.00842490842490842,"low (<0.4)"
"Fluconazole","YBL001C",-0.0858516483516484,"low (<0.4)"
"Fluconazole","YBR001C",0.0987544068232062,"low (<0.4)"
"Fluconazole","YBR002C",0.00709715083781431,"low (<0.4)"
"Fluconazole","YBR003W",0.115614617940199,"low (<0.4)"
"Fluconazole","GPI18",0.158752690307918,"low (<0.4)"
"Fluconazole","RCR1",0.187637362637363,"low (<0.4)"
"Fluconazole","UGA2",0.0673570969813744,"low (<0.4)"
"Fluconazole","YBR007C",0.274314423954461,"low (<0.4)"
"Fluconazole","YBR008C",0.286172235236571,"low (<0.4)"
"Fluconazole","YBR009C",0.0723443223443223,"low (<0.4)"
"Fluconazole","HHT1",0.0444139194139194,"low (<0.4)"
"Fluconazole","IPP1",0.498397435897436,"moderate (0.4–0.7)"
"Fluconazole","YBR014C",0.112179487179487,"low (<0.4)"
"Fluconazole","MNN2",0.158974358974359,"low (<0.4)"
"Fluconazole","YBR016W",-0.0221611721611722,"low (<0.4)"
"Fluconazole","YBR017C",0.0487642944662725,"low (<0.4)"
"Fluconazole","YBR021W",0.0985747758102655,"low (<0.4)"
"Fluconazole","YBR022W",-0.0486966705462244,"low (<0.4)"
"Fluconazole","CHS3",0.0907977426541018,"low (<0.4)"
"Fluconazole","YBR024W",0.0564032173368494,"low (<0.4)"
"Fluconazole","YBR025C",0.231089743589744,"low (<0.4)"
"Fluconazole","ETR1",0.174062930402105,"low (<0.4)"
"Fluconazole","YBR028C",-0.04340364712313,"low (<0.4)"
"Fluconazole","CDS1",0.0213827838827839,"low (<0.4)"
"Fluconazole","YBR030W",0.00355036377147955,"low (<0.4)"
"Fluconazole","RPL4A",0.175045787545788,"low (<0.4)"
"Fluconazole","HMT1",0.0256868131868132,"low (<0.4)"
"Fluconazole","YBR035C",0.361355311355311,"low (<0.4)"
"Fluconazole","CSG2",0.0838369963369963,"low (<0.4)"
"Fluconazole","SCO1",0.251588912277718,"low (<0.4)"
"Fluconazole","YBR038W",0.341327167228947,"low (<0.4)"
"Fluconazole","YBR039W",0.728388278388278,"high (≥0.7)"
"Fluconazole","YBR041W",0.044506003963584,"low (<0.4)"
"Fluconazole","CST26",0.0670406415383483,"low (<0.4)"
"Fluconazole","QDR3",0.125950354774587,"low (<0.4)"
"Fluconazole","YBR044C",-0.171409093825176,"low (<0.4)"
"Fluconazole","YBR046C",0.217369963904263,"low (<0.4)"
"Fluconazole","RPS11B",0.0712454212454212,"low (<0.4)"
"Fluconazole","REB1",-0.125097303121209,"low (<0.4)"
"Fluconazole","YBR052C",-0.173260073260073,"low (<0.4)"
"Fluconazole","YBR053C",0.192940379710168,"low (<0.4)"
"Fluconazole","PRP6",0.207144498217775,"low (<0.4)"
"Fluconazole","YBR056W",0.0813979170730302,"low (<0.4)"
"Fluconazole","YBR056W-A",0.142994505494505,"low (<0.4)"
"Fluconazole","MUM2",0.202464991710785,"low (<0.4)"
"Fluconazole","UBP14",0.0992353304791776,"low (<0.4)"
"Fluconazole","YBR058C-A",0.243269230769231,"low (<0.4)"
"Fluconazole","YBR059C",0.0539383463673888,"low (<0.4)"
"Fluconazole","ORC2",0.217266345533131,"low (<0.4)"
"Fluconazole","TRM7",0.234045719403148,"low (<0.4)"
"Fluconazole","YBR062C",0.0770235045327831,"low (<0.4)"
"Fluconazole","YBR063C",0.055962354143268,"low (<0.4)"
"Fluconazole","YBR066C",0.186189211466252,"low (<0.4)"
"Fluconazole","YBR067C",0.71441509345449,"high (≥0.7)"
"Fluconazole","YBR068C",0.396932234432234,"low (<0.4)"
"Fluconazole","TAT1",0.660980470041134,"moderate (0.4–0.7)"
"Fluconazole","YBR070C",0.204812381235834,"low (<0.4)"
"Fluconazole","YBR071W",-0.0886487477462154,"low (<0.4)"
"Fluconazole","RDH54",0.211713385239216,"low (<0.4)"
"Fluconazole","YBR074W",0.187979394477404,"low (<0.4)"
"Fluconazole","SLM4",0.122169932459119,"low (<0.4)"
"Fluconazole","YBR078W",0.54253663003663,"moderate (0.4–0.7)"
"Fluconazole","RPG1",0.193727106227106,"low (<0.4)"
"Fluconazole","SEC18",0.378983516483516,"low (<0.4)"
"Fluconazole","SPT7",0.243086080586081,"low (<0.4)"
"Fluconazole","YBR082C",0.325091575091575,"low (<0.4)"
"Fluconazole","TEC1",0.232040966522865,"low (<0.4)"
"Fluconazole","YBR084W",0.163003663003663,"low (<0.4)"
"Fluconazole","RPL19A",0.212912087912088,"low (<0.4)"
"Fluconazole","AAC3",0.24127640610886,"low (<0.4)"
"Fluconazole","YBR085C-A",0.083974358974359,"low (<0.4)"
"Fluconazole","YBR086C",0.267032967032967,"low (<0.4)"
"Fluconazole","YBR087W",-0.085074233913929,"low (<0.4)"
"Fluconazole","POL30",-0.0334249084249084,"low (<0.4)"
"Fluconazole","NHP6B",-0.0821886446886447,"low (<0.4)"
"Fluconazole","YBR090C",0.0730594361468849,"low (<0.4)"
"Fluconazole","TIM12",0.342586339151785,"low (<0.4)"
"Fluconazole","PHO3",0.489156285544572,"moderate (0.4–0.7)"
"Fluconazole","PHO5",0.327325978484237,"low (<0.4)"
"Fluconazole","YBR094W",-0.0294023364704426,"low (<0.4)"
"Fluconazole","RXT2",0.0148646955691729,"low (<0.4)"
"Fluconazole","YBR096W",-0.0724358974358974,"low (<0.4)"
"Fluconazole","VPS15",0.0304620967610365,"low (<0.4)"
"Fluconazole","MMS4",0.0370109240482101,"low (<0.4)"
"Fluconazole","YBR101C",0.247576094064916,"low (<0.4)"
"Fluconazole","EXO84",-0.103205862147928,"low (<0.4)"
"Fluconazole","SIF2",0.0563905901540255,"low (<0.4)"
"Fluconazole","YBR104W",0.387498571514688,"low (<0.4)"
"Fluconazole","VID24",0.134859760471609,"low (<0.4)"
"Fluconazole","YBR106W",0.466437728937729,"moderate (0.4–0.7)"
"Fluconazole","YBR108W",0.121761144005025,"low (<0.4)"
"Fluconazole","CMD1",0.19029304029304,"low (<0.4)"
"Fluconazole","YBR110W",0.00847069597069597,"low (<0.4)"
"Fluconazole","YSA1",0.283470695970696,"low (<0.4)"
"Fluconazole","YBR111W-A",0.131371987943077,"low (<0.4)"
"Fluconazole","CYC8",0.0361754739445004,"low (<0.4)"
"Fluconazole","RAD16",-0.0594619351349353,"low (<0.4)"
"Fluconazole","YBR115C",0.294230769230769,"low (<0.4)"
"Fluconazole","TEF2",0.163278388278388,"low (<0.4)"
"Fluconazole","MUD1",0.0224623910039267,"low (<0.4)"
"Fluconazole","YBR120C",0.528355042900997,"moderate (0.4–0.7)"
"Fluconazole","GRS1",0.0626373626373626,"low (<0.4)"
"Fluconazole","MRPL36",0.458150183150183,"moderate (0.4–0.7)"
"Fluconazole","TFC1",-0.127753102382201,"low (<0.4)"
"Fluconazole","PTC4",0.0354505000458758,"low (<0.4)"
"Fluconazole","TPS1",0.230494505494505,"low (<0.4)"
"Fluconazole","YBR126W-A",0.320879120879121,"low (<0.4)"
"Fluconazole","VMA2",0.334432234432234,"low (<0.4)"
"Fluconazole","YBR129C",-0.0801474732437693,"low (<0.4)"
"Fluconazole","YBR130C",0.0240384615384615,"low (<0.4)"
"Fluconazole","CCZ1",-0.0654821434541874,"low (<0.4)"
"Fluconazole","YBR132C",-0.00705091730085401,"low (<0.4)"
"Fluconazole","YBR133C",-0.225081858887461,"low (<0.4)"
"Fluconazole","YBR135W",0.156913919413919,"low (<0.4)"
"Fluconazole","MEC1",0.106601074584985,"low (<0.4)"
"Fluconazole","YBR137W",0.103228763869747,"low (<0.4)"
"Fluconazole","YBR138C",-0.0237906976744186,"low (<0.4)"
"Fluconazole","YBR139W",0.0575008991235932,"low (<0.4)"
"Fluconazole","IRA1",0.22481684981685,"low (<0.4)"
"Fluconazole","YBR141C",-0.0096816881849498,"low (<0.4)"
"Fluconazole","YBR142W",0.195947339578273,"low (<0.4)"
"Fluconazole","SUP45",0.280906593406593,"low (<0.4)"
"Fluconazole","YBR145W",0.112961077649743,"low (<0.4)"
"Fluconazole","YBR146W",0.119139194139194,"low (<0.4)"
"Fluconazole","YBR149W",0.251282051282051,"low (<0.4)"
"Fluconazole","YBR150C",-0.0502637035760639,"low (<0.4)"
"Fluconazole","YBR151W",0.310622710622711,"low (<0.4)"
"Fluconazole","YBR153W",0.195269388870017,"low (<0.4)"
"Fluconazole","RPB5",0.319230769230769,"low (<0.4)"
"Fluconazole","YBR155W",-0.0249773921421142,"low (<0.4)"
"Fluconazole","YBR156C",0.222051646713015,"low (<0.4)"
"Fluconazole","AMN1",0.00912635316647837,"low (<0.4)"
"Fluconazole","YBR159W",0.141804029304029,"low (<0.4)"
"Fluconazole","CDC28",-0.0410714285714286,"low (<0.4)"
"Fluconazole","YBR161W",0.158532128818933,"low (<0.4)"
"Fluconazole","YBR162C",0.624496336996337,"moderate (0.4–0.7)"
"Fluconazole","YBR162W-A",0.016025641025641,"low (<0.4)"
"Fluconazole","EXO5",0.0500314995071289,"low (<0.4)"
"Fluconazole","ARL1",0.323534798534799,"low (<0.4)"
"Fluconazole","YBR165W",0.0394096575578648,"low (<0.4)"
"Fluconazole","YBR166C",0.0910953651085908,"low (<0.4)"
"Fluconazole","POP7",0.203766241319865,"low (<0.4)"
"Fluconazole","YBR168W",0.190441855958086,"low (<0.4)"
"Fluconazole","YBR169C",0.00943601564482658,"low (<0.4)"
"Fluconazole","NPL4",0.14868918242829,"low (<0.4)"
"Fluconazole","SEC66",0.050503663003663,"low (<0.4)"
"Fluconazole","YBR172C",0.159844322344322,"low (<0.4)"
"Fluconazole","UMP1",0.0911172161172161,"low (<0.4)"
"Fluconazole","SWD3",0.0932096651020995,"low (<0.4)"
"Fluconazole","YBR176W",-0.14541742486083,"low (<0.4)"
"Fluconazole","YBR177C",0.53645469667031,"moderate (0.4–0.7)"
"Fluconazole","YBR179C",-0.117423505313386,"low (<0.4)"
"Fluconazole","RPS6B",0.410576923076923,"moderate (0.4–0.7)"
"Fluconazole","YPC1",0.0970231280054958,"low (<0.4)"
"Fluconazole","YBR185C",0.340771696817037,"low (<0.4)"
"Fluconazole","YBR187W",0.231664739767236,"low (<0.4)"
"Fluconazole","YBR188C",-0.0208032654264304,"low (<0.4)"
"Fluconazole","RPS9B",0.0456959706959707,"low (<0.4)"
"Fluconazole","RPL21A",0.0797619047619048,"low (<0.4)"
"Fluconazole","RIM2",0.177409383790442,"low (<0.4)"
"Fluconazole","YBR193C",0.0269850460609326,"low (<0.4)"
"Fluconazole","AIM4",0.203025887749818,"low (<0.4)"
"Fluconazole","MSI1",-0.0574373071439964,"low (<0.4)"
"Fluconazole","PGI1",0.358928571428571,"low (<0.4)"
"Fluconazole","YBR196C-A",0.119509002466156,"low (<0.4)"
"Fluconazole","TAF5",-0.105265567765568,"low (<0.4)"
"Fluconazole","YBR199W",0.112408424908425,"low (<0.4)"
"Fluconazole","BEM1",0.0158048451762638,"low (<0.4)"
"Fluconazole","YBR201W",-0.197104066589846,"low (<0.4)"
"Fluconazole","MCM7",0.0402967304698232,"low (<0.4)"
"Fluconazole","YBR203W",0.202445781208867,"low (<0.4)"
"Fluconazole","YBR204C",0.020176805992818,"low (<0.4)"
"Fluconazole","YBR205W",-0.188598901098901,"low (<0.4)"
"Fluconazole","YBR207W",0.107418812035564,"low (<0.4)"
"Fluconazole","DUR1,2",0.244847489681798,"low (<0.4)"
"Fluconazole","YBR210W",0.327299997565531,"low (<0.4)"
"Fluconazole","AME1",0.075792390946429,"low (<0.4)"
"Fluconazole","NGR1",-0.129578754578755,"low (<0.4)"
"Fluconazole","YBR213W",0.352769968872128,"low (<0.4)"
"Fluconazole","YBR214W",0.102719733415163,"low (<0.4)"
"Fluconazole","YBR215W",0.0240494732020156,"low (<0.4)"
"Fluconazole","YBR216C",0.00151140425729505,"low (<0.4)"
"Fluconazole","ATG12",0.194974486240586,"low (<0.4)"
"Fluconazole","YBR218C",0.414015728229142,"moderate (0.4–0.7)"
"Fluconazole","YBR219C",0.268911846100706,"low (<0.4)"
"Fluconazole","YBR221C",0.194917582417582,"low (<0.4)"
"Fluconazole","PCS60",0.377564102564103,"low (<0.4)"
"Fluconazole","YBR225W",0.193708216122839,"low (<0.4)"
"Fluconazole","YBR227C",0.00251871866506823,"low (<0.4)"
"Fluconazole","YBR228W",-0.229818729339108,"low (<0.4)"
"Fluconazole","ROT2",0.334653694236509,"low (<0.4)"
"Fluconazole","YBR230C",0.359311324155244,"low (<0.4)"
"Fluconazole","YBR230W-A",0.230452017256159,"low (<0.4)"
"Fluconazole","LSR1",0.15676440346723,"low (<0.4)"
"Fluconazole","SWC5",-0.0355911044004972,"low (<0.4)"
"Fluconazole","PBP2",-0.00907462970964423,"low (<0.4)"
"Fluconazole","YBR233W-A",0.0834163655823232,"low (<0.4)"
"Fluconazole","YBR234C",0.205952380952381,"low (<0.4)"
"Fluconazole","YBR235W",-0.0589773375481969,"low (<0.4)"
"Fluconazole","YBR236C",0.0220479652124753,"low (<0.4)"
"Fluconazole","PRP5",-0.130575700215493,"low (<0.4)"
"Fluconazole","YBR238C",0.23969282240065,"low (<0.4)"
"Fluconazole","YBR239C",0.0637654603756299,"low (<0.4)"
"Fluconazole","YBR241C",-0.205947860485257,"low (<0.4)"
"Fluconazole","YBR242W",0.0871794871794872,"low (<0.4)"
"Fluconazole","ALG7",0.08663797051012,"low (<0.4)"
"Fluconazole","GPX2",0.323489010989011,"low (<0.4)"
"Fluconazole","ISW1",0.17742673992674,"low (<0.4)"
"Fluconazole","RRT2",-0.0139195732561003,"low (<0.4)"
"Fluconazole","ENP1",0.1878663003663,"low (<0.4)"
"Fluconazole","YBR248C",0.13178259091612,"low (<0.4)"
"Fluconazole","YBR249C",0.101053113553114,"low (<0.4)"
"Fluconazole","YBR251W",0.0652554697850711,"low (<0.4)"
"Fluconazole","YBR252W",0.332692307692308,"low (<0.4)"
"Fluconazole","SRB6",0.155290239138369,"low (<0.4)"
"Fluconazole","YBR254C",0.225577508642597,"low (<0.4)"
"Fluconazole","YBR255W",-0.0162804219637165,"low (<0.4)"
"Fluconazole","YBR255C-A",0.342723703361549,"low (<0.4)"
"Fluconazole","YBR256C",0.255863734720686,"low (<0.4)"
"Fluconazole","YBR257W",0.123385547550087,"low (<0.4)"
"Fluconazole","SHG1",0.0960792291804837,"low (<0.4)"
"Fluconazole","YBR259W",0.249149495152368,"low (<0.4)"
"Fluconazole","YBR260C",-0.0367033396720944,"low (<0.4)"
"Fluconazole","TAE1",0.280952380952381,"low (<0.4)"
"Fluconazole","AIM5",0.00847079293545579,"low (<0.4)"
"Fluconazole","SHM1",0.0711538461538462,"low (<0.4)"
"Fluconazole","YBR264C",0.119740325026191,"low (<0.4)"
"Fluconazole","YBR265W",-0.079532967032967,"low (<0.4)"
"Fluconazole","YBR267W",-0.0676747673438036,"low (<0.4)"
"Fluconazole","MRPL37",0.364194139194139,"low (<0.4)"
"Fluconazole","YBR269C",0.252569884841686,"low (<0.4)"
"Fluconazole","YBR270C",-0.0424936593649712,"low (<0.4)"
"Fluconazole","YBR271W",0.187016258300893,"low (<0.4)"
"Fluconazole","YBR272C",0.0266089611169314,"low (<0.4)"
"Fluconazole","UBX7",0.0954953924208041,"low (<0.4)"
"Fluconazole","YBR274W",-0.0250790179790061,"low (<0.4)"
"Fluconazole","YBR275C",-0.00815111625261338,"low (<0.4)"
"Fluconazole","YBR276C",-0.052289901534234,"low (<0.4)"
"Fluconazole","YBR278W",0.0113276845835184,"low (<0.4)"
"Fluconazole","YBR279W",0.334234036699829,"low (<0.4)"
"Fluconazole","YBR280C",-0.0971373256464587,"low (<0.4)"
"Fluconazole","YBR281C",0.135073858666384,"low (<0.4)"
"Fluconazole","MRPL27",0.0497710622710623,"low (<0.4)"
"Fluconazole","YBR283C",0.326282051282051,"low (<0.4)"
"Fluconazole","APE3",0.268681318681319,"low (<0.4)"
"Fluconazole","YBR287W",0.250732600732601,"low (<0.4)"
"Fluconazole","APM3",0.0107144083616035,"low (<0.4)"
"Fluconazole","SNF5",-0.0203310984599948,"low (<0.4)"
"Fluconazole","YBR290W",0.261210005305431,"low (<0.4)"
"Fluconazole","YBR291C",0.570826669419932,"moderate (0.4–0.7)"
"Fluconazole","PCA1",0.368470553268143,"low (<0.4)"
"Fluconazole","PHO89",-0.0375571934955199,"low (<0.4)"
"Fluconazole","MAL33",0.838527613569198,"high (≥0.7)"
"Fluconazole","MAL31",0.304568353560797,"low (<0.4)"
"Fluconazole","YNL336W",0.559407691670956,"moderate (0.4–0.7)"
"Fluconazole","YNL331C",-0.0727125647826762,"low (<0.4)"
"Fluconazole","RPD3",0.075138222740989,"low (<0.4)"
"Fluconazole","PEX6",0.0360751517928743,"low (<0.4)"
"Fluconazole","YNL327W",-0.026512202967489,"low (<0.4)"
"Fluconazole","YNL326C",0.170576662689815,"low (<0.4)"
"Fluconazole","YNL325C",-0.0415520894074669,"low (<0.4)"
"Fluconazole","LEM3",0.0933608058608059,"low (<0.4)"
"Fluconazole","YNL322C",0.00375457875457875,"low (<0.4)"
"Fluconazole","YNL321W",0.123027958067378,"low (<0.4)"
"Fluconazole","YNL320W",0.0580068831425274,"low (<0.4)"
"Fluconazole","YNL317W",0.0765830761919953,"low (<0.4)"
"Fluconazole","YNL316C",0.12278792919332,"low (<0.4)"
"Fluconazole","YNL315C",0.0999896970355808,"low (<0.4)"
"Fluconazole","YNL314W",0.172199355072589,"low (<0.4)"
"Fluconazole","YNL313C",0.15632583925908,"low (<0.4)"
"Fluconazole","RFA2",0.155586080586081,"low (<0.4)"
"Fluconazole","YNL311C",-0.0326385343613881,"low (<0.4)"
"Fluconazole","ZIM17",0.109249084249084,"low (<0.4)"
"Fluconazole","YNL309W",-0.275717307609816,"low (<0.4)"
"Fluconazole","YNL308C",-0.0439102564102564,"low (<0.4)"
"Fluconazole","MCK1",0.265888278388278,"low (<0.4)"
"Fluconazole","MRPS18",0.215796703296703,"low (<0.4)"
"Fluconazole","BXI1",0.0922830342491306,"low (<0.4)"
"Fluconazole","YNL304W",-0.240136386514645,"low (<0.4)"
"Fluconazole","RPS19B",0.0134157509157509,"low (<0.4)"
"Fluconazole","RPL18B",0.340613553113553,"low (<0.4)"
"Fluconazole","YNL300W",0.047985347985348,"low (<0.4)"
"Fluconazole","YNL299W",-0.0904899532067162,"low (<0.4)"
"Fluconazole","CLA4",0.0194621576551966,"low (<0.4)"
"Fluconazole","MON2",0.0800375462225769,"low (<0.4)"
"Fluconazole","YNL295W",0.00882359999133061,"low (<0.4)"
"Fluconazole","RIM21",-0.0929529741347196,"low (<0.4)"
"Fluconazole","MSB3",0.181868837590166,"low (<0.4)"
"Fluconazole","YNL292W",0.102771322938543,"low (<0.4)"
"Fluconazole","YNL291C",-0.130150006578681,"low (<0.4)"
"Fluconazole","YNL290W",0.0984683715286522,"low (<0.4)"
"Fluconazole","PCL1",0.144390110552864,"low (<0.4)"
"Fluconazole","YNL288W",0.150732600732601,"low (<0.4)"
"Fluconazole","YNL287W",0.273534798534799,"low (<0.4)"
"Fluconazole","YNL286W",0.0998785682135553,"low (<0.4)"
"Fluconazole","MRPL10",0.342831631260305,"low (<0.4)"
"Fluconazole","WSC2",0.109752747252747,"low (<0.4)"
"Fluconazole","YNL282W",0.104317579808078,"low (<0.4)"
"Fluconazole","YNL281W",0.478479853479853,"moderate (0.4–0.7)"
"Fluconazole","YNL280C",0.438598901098901,"moderate (0.4–0.7)"
"Fluconazole","YNL278W",-0.101633948111061,"low (<0.4)"
"Fluconazole","YNL277W",0.405777003793705,"moderate (0.4–0.7)"
"Fluconazole","YNL275W",-0.0307749385931163,"low (<0.4)"
"Fluconazole","YNL274C",0.102467874803117,"low (<0.4)"
"Fluconazole","YNL273W",-0.0878826454528759,"low (<0.4)"
"Fluconazole","YNL272C",0.0086124953424278,"low (<0.4)"
"Fluconazole","BNI1",-0.0447807323831122,"low (<0.4)"
"Fluconazole","YNL268W",0.444413919413919,"moderate (0.4–0.7)"
"Fluconazole","PIK1",-0.0633165038625777,"low (<0.4)"
"Fluconazole","YNL265C",0.0656668579002674,"low (<0.4)"
"Fluconazole","PDR17",0.215567765567766,"low (<0.4)"
"Fluconazole","YNL263C",0.158699633699634,"low (<0.4)"
"Fluconazole","POL2",0.0678152367179146,"low (<0.4)"
"Fluconazole","YNL261W",0.198051286669991,"low (<0.4)"
"Fluconazole","YNL260C",0.0633056126819348,"low (<0.4)"
"Fluconazole","YNL259C",0.236401098901099,"low (<0.4)"
"Fluconazole","DSL1",0.0981579645503859,"low (<0.4)"
"Fluconazole","YNL257C",0.0961362581930774,"low (<0.4)"
"Fluconazole","YNL256W",0.289972527472527,"low (<0.4)"
"Fluconazole","YNL255C",0.322710622710623,"low (<0.4)"
"Fluconazole","YNL254C",-0.071298887534547,"low (<0.4)"
"Fluconazole","YNL253W",0.196370911861162,"low (<0.4)"
"Fluconazole","MRPL17",0.079078712478158,"low (<0.4)"
"Fluconazole","YNL251C",0.407692307692308,"moderate (0.4–0.7)"
"Fluconazole","YNL250W",0.0368039572918153,"low (<0.4)"
"Fluconazole","YNL249C",-0.0533296663052815,"low (<0.4)"
"Fluconazole","RPA49",0.0716117216117216,"low (<0.4)"
"Fluconazole","YNL247W",-0.186906901419084,"low (<0.4)"
"Fluconazole","YNL246W",0.105265567765568,"low (<0.4)"
"Fluconazole","YNL245C",-0.0510248486111739,"low (<0.4)"
"Fluconazole","SUI1",0.3378663003663,"low (<0.4)"
"Fluconazole","SLA2",-0.0037547506793335,"low (<0.4)"
"Fluconazole","ATG2",-0.181428351051565,"low (<0.4)"
"Fluconazole","ZWF1",0.239789377289377,"low (<0.4)"
"Fluconazole","YNL240C",0.0151364228040376,"low (<0.4)"
"Fluconazole","LAP3",0.181547619047619,"low (<0.4)"
"Fluconazole","KEX2",0.100458085203848,"low (<0.4)"
"Fluconazole","SIN4",-0.162928363465548,"low (<0.4)"
"Fluconazole","YNL234W",0.100494327097992,"low (<0.4)"
"Fluconazole","YNL233W",0.145140608829334,"low (<0.4)"
"Fluconazole","CSL4",0.158426721927984,"low (<0.4)"
"Fluconazole","PDR16",0.192628205128205,"low (<0.4)"
"Fluconazole","YNL230C",-0.0306570022705425,"low (<0.4)"
"Fluconazole","URE2",0.0171245421245421,"low (<0.4)"
"Fluconazole","YNL227C",0.00444210382748398,"low (<0.4)"
"Fluconazole","YNL225C",0.153017748224303,"low (<0.4)"
"Fluconazole","SQS1",0.153854959738145,"low (<0.4)"
"Fluconazole","ATG4",-0.223440282243832,"low (<0.4)"
"Fluconazole","YNL222W",0.219815694709216,"low (<0.4)"
"Fluconazole","YNL221C",-0.0255506204764402,"low (<0.4)"
"Fluconazole","ADE12",0.496245421245421,"moderate (0.4–0.7)"
"Fluconazole","YNL219C",0.124221611721612,"low (<0.4)"
"Fluconazole","YNL218W",0.379557903111849,"low (<0.4)"
"Fluconazole","YNL217W",0.0987648668204224,"low (<0.4)"
"Fluconazole","RAP1",0.0965433563416375,"low (<0.4)"
"Fluconazole","YNL215W",0.000457901665887337,"low (<0.4)"
"Fluconazole","PEX17",-0.0195898728376676,"low (<0.4)"
"Fluconazole","YNL213C",0.078525641025641,"low (<0.4)"
"Fluconazole","YNL212W",0.116255909530391,"low (<0.4)"
"Fluconazole","YNL211C",0.0870003206187031,"low (<0.4)"
"Fluconazole","SSB2",0.195100732600733,"low (<0.4)"
"Fluconazole","YNL208W",0.00306776556776557,"low (<0.4)"
"Fluconazole","YNL207W",0.142530052450894,"low (<0.4)"
"Fluconazole","YNL206C",-0.151943993673726,"low (<0.4)"
"Fluconazole","YNL201C",-0.0916126670812546,"low (<0.4)"
"Fluconazole","YNL200C",0.096552165396963,"low (<0.4)"
"Fluconazole","YNL199C",-0.128806264158111,"low (<0.4)"
"Fluconazole","YNL197C",0.047985347985348,"low (<0.4)"
"Fluconazole","YNL193W",0.0110948101962223,"low (<0.4)"
"Fluconazole","CHS1",0.0923076923076923,"low (<0.4)"
"Fluconazole","YNL191W",0.115417271574912,"low (<0.4)"
"Fluconazole","YNL190W",0.441849816849817,"moderate (0.4–0.7)"
"Fluconazole","SRP1",-0.019047619047619,"low (<0.4)"
"Fluconazole","YNL188W",0.102975795720568,"low (<0.4)"
"Fluconazole","UBP10",0.127472527472527,"low (<0.4)"
"Fluconazole","MRPL19",0.199796243101953,"low (<0.4)"
"Fluconazole","YNL183C",-0.165463857830044,"low (<0.4)"
"Fluconazole","YNL182C",0.108241758241758,"low (<0.4)"
"Fluconazole","YNL181W",0.263849616164304,"low (<0.4)"
"Fluconazole","RHO5",0.309078884962513,"low (<0.4)"
"Fluconazole","RPS3",0.043543956043956,"low (<0.4)"
"Fluconazole","MRPL22",0.176599886675301,"low (<0.4)"
"Fluconazole","YNL176C",0.128326941864926,"low (<0.4)"
"Fluconazole","YNL175C",0.192078754578755,"low (<0.4)"
"Fluconazole","YNL173C",0.303981481829421,"low (<0.4)"
"Fluconazole","YNL172W",0.221275088547816,"low (<0.4)"
"Fluconazole","YNL169C",0.282315769280676,"low (<0.4)"
"Fluconazole","YNL168C",0.253253814735168,"low (<0.4)"
"Fluconazole","SKO1",0.18731684981685,"low (<0.4)"
"Fluconazole","YNL166C",0.0754461897295407,"low (<0.4)"
"Fluconazole","YNL165W",0.0157185543885794,"low (<0.4)"
"Fluconazole","YNL164C",0.227045554426528,"low (<0.4)"
"Fluconazole","RIA1",0.136814752925091,"low (<0.4)"
"Fluconazole","YNL162W-A",0.335588920110697,"low (<0.4)"
"Fluconazole","RPL42A",0.129578754578755,"low (<0.4)"
"Fluconazole","YNL161W",-0.00476490471496466,"low (<0.4)"
"Fluconazole","YNL160W",0.494338804441995,"moderate (0.4–0.7)"
"Fluconazole","YNL159C",-0.0562354172193045,"low (<0.4)"
"Fluconazole","YNL157W",0.096474358974359,"low (<0.4)"
"Fluconazole","YNL156C",0.161263736263736,"low (<0.4)"
"Fluconazole","YNL155W",0.35148531873512,"low (<0.4)"
"Fluconazole","YNL154C",0.203663003663004,"low (<0.4)"
"Fluconazole","GIM3",0.430586080586081,"moderate (0.4–0.7)"
"Fluconazole","YNL152W",0.0184264269948826,"low (<0.4)"
"Fluconazole","RPC31",-0.00215201465201465,"low (<0.4)"
"Fluconazole","YNL149C",0.370421245421245,"low (<0.4)"
"Fluconazole","YNL148C",0.135896531385168,"low (<0.4)"
"Fluconazole","YNL147W",0.193910256410256,"low (<0.4)"
"Fluconazole","YNL146W",0.212435129642116,"low (<0.4)"
"Fluconazole","YNL144C",0.0230088524847162,"low (<0.4)"
"Fluconazole","YNL143C",0.152512925415519,"low (<0.4)"
"Fluconazole","YNL142W",0.200210398803434,"low (<0.4)"
"Fluconazole","YNL141W",0.259340659340659,"low (<0.4)"
"Fluconazole","THO2",-0.109270667208007,"low (<0.4)"
"Fluconazole","YSF3",0.0718872697765708,"low (<0.4)"
"Fluconazole","SRV2",-0.0653846153846154,"low (<0.4)"
"Fluconazole","NAM9",0.145924908424908,"low (<0.4)"
"Fluconazole","YNL136W",-0.0215442733799992,"low (<0.4)"
"Fluconazole","FPR1",0.256272893772894,"low (<0.4)"
"Fluconazole","YNL134C",0.347933602737958,"low (<0.4)"
"Fluconazole","YNL133C",-0.00488465134811376,"low (<0.4)"
"Fluconazole","YNL132W",0.144826007326007,"low (<0.4)"
"Fluconazole","TOM22",0.132142857142857,"low (<0.4)"
"Fluconazole","YNL130C",0.151236263736264,"low (<0.4)"
"Fluconazole","YNL129W",0.0883188273018781,"low (<0.4)"
"Fluconazole","YNL127W",0.158285966670773,"low (<0.4)"
"Fluconazole","YNL126W",-0.148714808772582,"low (<0.4)"
"Fluconazole","ESBP6",0.116765406903112,"low (<0.4)"
"Fluconazole","YNL124W",0.186749786425245,"low (<0.4)"
"Fluconazole","NMA111",-0.0304032784277981,"low (<0.4)"
"Fluconazole","YNL122C",0.167857142857143,"low (<0.4)"
"Fluconazole","TOM70",0.302564102564103,"low (<0.4)"
"Fluconazole","NCS2",0.0997710622710623,"low (<0.4)"
"Fluconazole","DCP2",0.282558179484852,"low (<0.4)"
"Fluconazole","DMA2",0.034951901053596,"low (<0.4)"
"Fluconazole","YNL115C",0.0452549694938147,"low (<0.4)"
"Fluconazole","RPC19",0.321382783882784,"low (<0.4)"
"Fluconazole","YNL112W",0.448305860805861,"moderate (0.4–0.7)"
"Fluconazole","YNL111C",0.300549450549451,"low (<0.4)"
"Fluconazole","YNL110C",0.384203296703297,"low (<0.4)"
"Fluconazole","YNL108C",0.0235347985347985,"low (<0.4)"
"Fluconazole","YNL107W",0.0429893303621867,"low (<0.4)"
"Fluconazole","INP52",0.0618206865150859,"low (<0.4)"
"Fluconazole","YNL104C",0.461858974358974,"moderate (0.4–0.7)"
"Fluconazole","YNL103W",-0.0456788288495498,"low (<0.4)"
"Fluconazole","POL1",0.174832860152029,"low (<0.4)"
"Fluconazole","YNL101W",0.109533840095247,"low (<0.4)"
"Fluconazole","AIM37",0.371978021978022,"low (<0.4)"
"Fluconazole","YNL099C",0.160760073260073,"low (<0.4)"
"Fluconazole","RAS2",0.284844322344322,"low (<0.4)"
"Fluconazole","YNL097C-B",0.106115848877041,"low (<0.4)"
"Fluconazole","YNL097C",-0.122221723424444,"low (<0.4)"
"Fluconazole","RPS7B",0.260989010989011,"low (<0.4)"
"Fluconazole","YNL095C",0.00155890030434785,"low (<0.4)"
"Fluconazole","YNL094W",0.137976139803355,"low (<0.4)"
"Fluconazole","YNL091W",-0.0250457875457875,"low (<0.4)"
"Fluconazole","YNL090W",0.146615078184024,"low (<0.4)"
"Fluconazole","TOP2",0.179718174441427,"low (<0.4)"
"Fluconazole","YNL087W",0.147115384615385,"low (<0.4)"
"Fluconazole","SNN1",0.130272430853175,"low (<0.4)"
"Fluconazole","YNL085W",0.00503663003663004,"low (<0.4)"
"Fluconazole","YNL084C",-0.16735347985348,"low (<0.4)"
"Fluconazole","YNL083W",-0.210899931302954,"low (<0.4)"
"Fluconazole","YNL082W",-0.0666399414222702,"low (<0.4)"
"Fluconazole","YNL081C",0.324450549450549,"low (<0.4)"
"Fluconazole","YNL080C",0.202156642780283,"low (<0.4)"
"Fluconazole","TPM1",0.344459706959707,"low (<0.4)"
"Fluconazole","NIS1",0.0327680433439278,"low (<0.4)"
"Fluconazole","YNL077W",-0.0185215159702509,"low (<0.4)"
"Fluconazole","MKS1",0.114662514882315,"low (<0.4)"
"Fluconazole","YNL075W",-0.115613553113553,"low (<0.4)"
"Fluconazole","MLF3",-0.067032967032967,"low (<0.4)"
"Fluconazole","YNL073W",0.100446582589142,"low (<0.4)"
"Fluconazole","RNH201",-0.226343297267559,"low (<0.4)"
"Fluconazole","LAT1",0.0777930402930403,"low (<0.4)"
"Fluconazole","TOM7",-0.0119505494505495,"low (<0.4)"
"Fluconazole","RPL16B",0.0595695970695971,"low (<0.4)"
"Fluconazole","YNL068C",-0.0863278390019839,"low (<0.4)"
"Fluconazole","RPL9B",0.497298534798535,"moderate (0.4–0.7)"
"Fluconazole","SUN4",0.326602564102564,"low (<0.4)"
"Fluconazole","YNL065W",0.502267015687452,"moderate (0.4–0.7)"
"Fluconazole","YDJ1",0.0378205128205128,"low (<0.4)"
"Fluconazole","YNL063W",-0.013740901745462,"low (<0.4)"
"Fluconazole","GCD10",-0.138965201465201,"low (<0.4)"
"Fluconazole","NOP2",0.318589743589744,"low (<0.4)"
"Fluconazole","YNL059C",0.0882147559331955,"low (<0.4)"
"Fluconazole","YNL058C",0.142155572174724,"low (<0.4)"
"Fluconazole","YNL056W",0.263693494677243,"low (<0.4)"
"Fluconazole","POR1",0.43956043956044,"moderate (0.4–0.7)"
"Fluconazole","YNL054W",0.0973374355281283,"low (<0.4)"
"Fluconazole","YNL053W",-0.055022554110536,"low (<0.4)"
"Fluconazole","YNL052W",0.72742673992674,"high (≥0.7)"
"Fluconazole","COG5",0.103143793954661,"low (<0.4)"
"Fluconazole","YNL050C",0.238475187594125,"low (<0.4)"
"Fluconazole","SFB2",0.22353735735619,"low (<0.4)"
"Fluconazole","YNL048W",0.0210029673912659,"low (<0.4)"
"Fluconazole","SLM2",-0.186299192262645,"low (<0.4)"
"Fluconazole","YNL046W",0.245635782406864,"low (<0.4)"
"Fluconazole","YNL045W",0.409294871794872,"moderate (0.4–0.7)"
"Fluconazole","YNL044W",0.194871794871795,"low (<0.4)"
"Fluconazole","YNL042W",0.172354268029665,"low (<0.4)"
"Fluconazole","COG6",0.109400398360768,"low (<0.4)"
"Fluconazole","YNL040W",0.419549837273139,"moderate (0.4–0.7)"
"Fluconazole","BDP1",0.116708263962298,"low (<0.4)"
"Fluconazole","YNL038W",0.166720088090894,"low (<0.4)"
"Fluconazole","YNL037C",-0.0779084009712326,"low (<0.4)"
"Fluconazole","NCE103",-0.0233519156599052,"low (<0.4)"
"Fluconazole","YNL035C",0.131996109647039,"low (<0.4)"
"Fluconazole","SIW14",0.0201763427407739,"low (<0.4)"
"Fluconazole","YNL031C",-0.04496336996337,"low (<0.4)"
"Fluconazole","YNL030W",-0.00448717948717949,"low (<0.4)"
"Fluconazole","YNL029C",0.0819193770400584,"low (<0.4)"
"Fluconazole","CRZ1",-0.118711652754615,"low (<0.4)"
"Fluconazole","SAM50",0.0354873791062686,"low (<0.4)"
"Fluconazole","SSN8",-0.0722240105425283,"low (<0.4)"
"Fluconazole","YNL024C-A",0.261813186813187,"low (<0.4)"
"Fluconazole","YNL024C",0.0165128224763495,"low (<0.4)"
"Fluconazole","YNL023C",-0.0170787545787546,"low (<0.4)"
"Fluconazole","YNL022C",0.00586080586080586,"low (<0.4)"
"Fluconazole","YNL021W",0.0719050105080968,"low (<0.4)"
"Fluconazole","YNL020C",0.0484554398959545,"low (<0.4)"
"Fluconazole","PUB1",0.145970695970696,"low (<0.4)"
"Fluconazole","PBI2",0.554836937272355,"moderate (0.4–0.7)"
"Fluconazole","YNL011C",0.0659320477502296,"low (<0.4)"
"Fluconazole","YNL010W",0.341666666666667,"low (<0.4)"
"Fluconazole","YNL009W",-0.163240396005059,"low (<0.4)"
"Fluconazole","YNL008C",-0.191316582403546,"low (<0.4)"
"Fluconazole","YNL007C",0.342628205128205,"low (<0.4)"
"Fluconazole","YNL006W",0.147449400128217,"low (<0.4)"
"Fluconazole","MRP7",0.234203296703297,"low (<0.4)"
"Fluconazole","HRB1",0.0312728937728938,"low (<0.4)"
"Fluconazole","PET8",0.0606525476212721,"low (<0.4)"
"Fluconazole","RLP7",0.425503663003663,"moderate (0.4–0.7)"
"Fluconazole","YNL001W",0.212754266889705,"low (<0.4)"
"Fluconazole","CIT1",0.617948717948718,"moderate (0.4–0.7)"
"Fluconazole","RPC34",0.210215435335058,"low (<0.4)"
"Fluconazole","YNR004W",0.335289353965721,"low (<0.4)"
"Fluconazole","VPS27",0.0834716514666806,"low (<0.4)"
"Fluconazole","ATG3",0.141528610034615,"low (<0.4)"
"Fluconazole","YNR008W",0.0661560143432141,"low (<0.4)"
"Fluconazole","YNR009W",-0.0671635825782786,"low (<0.4)"
"Fluconazole","CSE2",0.0847924088949669,"low (<0.4)"
"Fluconazole","PRP2",0.0543153321114481,"low (<0.4)"
"Fluconazole","YNR012W",0.0381661038517095,"low (<0.4)"
"Fluconazole","YNR013C",0.147115384615385,"low (<0.4)"
"Fluconazole","YNR014W",0.28089617660465,"low (<0.4)"
"Fluconazole","SMM1",0.0641054994032549,"low (<0.4)"
"Fluconazole","ACC1",0.331913919413919,"low (<0.4)"
"Fluconazole","TIM23",-0.0165750915750916,"low (<0.4)"
"Fluconazole","YNR018W",0.506959706959707,"moderate (0.4–0.7)"
"Fluconazole","ARE2",0.15467032967033,"low (<0.4)"
"Fluconazole","YNR020C",0.355555618630342,"low (<0.4)"
"Fluconazole","YNR021W",0.229349816849817,"low (<0.4)"
"Fluconazole","YNR022C",0.414473608928356,"moderate (0.4–0.7)"
"Fluconazole","SNF12",-0.0873096216157918,"low (<0.4)"
"Fluconazole","YNR024W",0.127382410521287,"low (<0.4)"
"Fluconazole","SEC12",0.165341410022973,"low (<0.4)"
"Fluconazole","YNR027W",0.013233206662529,"low (<0.4)"
"Fluconazole","YNR028W",-0.0411648885453758,"low (<0.4)"
"Fluconazole","YNR029C",-0.0987558521988347,"low (<0.4)"
"Fluconazole","ALG12",-0.170467032967033,"low (<0.4)"
"Fluconazole","YNR031C",-0.115134450575766,"low (<0.4)"
"Fluconazole","YNR032W",0.21222807419281,"low (<0.4)"
"Fluconazole","YNR032C-A",0.343406593406593,"low (<0.4)"
"Fluconazole","YNR033W",0.130152365677626,"low (<0.4)"
"Fluconazole","YNR034W",0.158653006593488,"low (<0.4)"
"Fluconazole","YNR034W-A",0.336753190436791,"low (<0.4)"
"Fluconazole","ARC35",0.194530615060994,"low (<0.4)"
"Fluconazole","YNR036C",0.436263736263736,"moderate (0.4–0.7)"
"Fluconazole","YNR037C",0.144283163299754,"low (<0.4)"
"Fluconazole","YNR038W",0.212728937728938,"low (<0.4)"
"Fluconazole","YNR039C",0.0944220964725008,"low (<0.4)"
"Fluconazole","YNR040W",0.13004853924352,"low (<0.4)"
"Fluconazole","YNR041C",0.175388385457419,"low (<0.4)"
"Fluconazole","MVD1",0.5,"moderate (0.4–0.7)"
"Fluconazole","AGA1",0.103387938338937,"low (<0.4)"
"Fluconazole","YNR045W",-0.00622926125735376,"low (<0.4)"
"Fluconazole","YNR046W",0.364331501831502,"low (<0.4)"
"Fluconazole","YNR047W",0.141758241758242,"low (<0.4)"
"Fluconazole","YNR048W",-0.063455702213712,"low (<0.4)"
"Fluconazole","YNR049C",0.0216144433253007,"low (<0.4)"
"Fluconazole","LYS9",0.470970695970696,"moderate (0.4–0.7)"
"Fluconazole","YNR051C",0.031547619047619,"low (<0.4)"
"Fluconazole","POP2",-0.0260531135531136,"low (<0.4)"
"Fluconazole","NOG2",0.108333333333333,"low (<0.4)"
"Fluconazole","ESF2",0.152003667827724,"low (<0.4)"
"Fluconazole","YNR055C",0.262545787545788,"low (<0.4)"
"Fluconazole","YNR057C",0.0618743574865534,"low (<0.4)"
"Fluconazole","YNR059W",0.100605100870037,"low (<0.4)"
"Fluconazole","YNR060W",0.364468971241671,"low (<0.4)"
"Fluconazole","YNR061C",0.474707814909935,"moderate (0.4–0.7)"
"Fluconazole","YNR065C",0.044915775710409,"low (<0.4)"
"Fluconazole","YNR066C",0.172187285555296,"low (<0.4)"
"Fluconazole","DSE4",-0.0506873934029706,"low (<0.4)"
"Fluconazole","AIF1",0.663701568575427,"moderate (0.4–0.7)"
"Fluconazole","YJL213W",0.669255494693713,"moderate (0.4–0.7)"
"Fluconazole","OPT1",0.340634302724983,"low (<0.4)"
"Fluconazole","PEX2",0.15400114582887,"low (<0.4)"
"Fluconazole","YJL209W",0.10826333363651,"low (<0.4)"
"Fluconazole","YJL208C",0.188650731387827,"low (<0.4)"
"Fluconazole","YJL207C",0.191620879120879,"low (<0.4)"
"Fluconazole","YJL206C",0.103472158094007,"low (<0.4)"
"Fluconazole","NCE101",0.123260073260073,"low (<0.4)"
"Fluconazole","YJL204C",-0.0036599398213006,"low (<0.4)"
"Fluconazole","PRP21",0.0277637508073048,"low (<0.4)"
"Fluconazole","YJL201W",-0.110488892797674,"low (<0.4)"
"Fluconazole","YJL200C",0.42985840042194,"moderate (0.4–0.7)"
"Fluconazole","YJL198W",0.267216117216117,"low (<0.4)"
"Fluconazole","YJL197W",0.0481003674524125,"low (<0.4)"
"Fluconazole","YJL196C",0.376207702212244,"low (<0.4)"
"Fluconazole","YJL194W",0.259798361484423,"low (<0.4)"
"Fluconazole","YJL193W",0.281174057139459,"low (<0.4)"
"Fluconazole","YJL192C",0.153983516483516,"low (<0.4)"
"Fluconazole","RPS14B",0.519276556776557,"moderate (0.4–0.7)"
"Fluconazole","RPS22A",0.252564102564103,"low (<0.4)"
"Fluconazole","RPL39",0.371474358974359,"low (<0.4)"
"Fluconazole","SWE1",-0.0592338110519104,"low (<0.4)"
"Fluconazole","YJL186W",0.336610996027045,"low (<0.4)"
"Fluconazole","GON7",0.0586565319539782,"low (<0.4)"
"Fluconazole","YJL183W",0.0193681318681319,"low (<0.4)"
"Fluconazole","YJL180C",0.168248262926121,"low (<0.4)"
"Fluconazole","PFD1",0.188965201465201,"low (<0.4)"
"Fluconazole","ATG27",0.157005494505495,"low (<0.4)"
"Fluconazole","RPL17B",0.124313186813187,"low (<0.4)"
"Fluconazole","SWI3",0.0167628472172723,"low (<0.4)"
"Fluconazole","YJL174W",0.196611721611722,"low (<0.4)"
"Fluconazole","RFA3",0.141208791208791,"low (<0.4)"
"Fluconazole","YJL172W",0.212754266889705,"low (<0.4)"
"Fluconazole","YJL171C",0.219734432234432,"low (<0.4)"
"Fluconazole","SET2",0.0210622710622711,"low (<0.4)"
"Fluconazole","ERG20",0.366208791208791,"low (<0.4)"
"Fluconazole","QCR8",0.577152014652015,"moderate (0.4–0.7)"
"Fluconazole","YJL165C",-0.0383972526843614,"low (<0.4)"
"Fluconazole","TPK1",0.105434351226583,"low (<0.4)"
"Fluconazole","YJL162C",0.0255370500042624,"low (<0.4)"
"Fluconazole","YJL161W",0.102448693996877,"low (<0.4)"
"Fluconazole","HSP150",0.171520146520147,"low (<0.4)"
"Fluconazole","CIS3",0.287087912087912,"low (<0.4)"
"Fluconazole","YJL156C",-0.0897741024713532,"low (<0.4)"
"Fluconazole","YJL155C",0.0565839024129485,"low (<0.4)"
"Fluconazole","VPS35",0.183104395604396,"low (<0.4)"
"Fluconazole","YJL151C",0.146016483516484,"low (<0.4)"
"Fluconazole","YJL149W",0.0101157401985843,"low (<0.4)"
"Fluconazole","RPA34",0.267078754578755,"low (<0.4)"
"Fluconazole","YJL147C",-0.186742998252086,"low (<0.4)"
"Fluconazole","YJL146W",-0.0123959398683551,"low (<0.4)"
"Fluconazole","YJL145W",0.443360805860806,"moderate (0.4–0.7)"
"Fluconazole","YJL144W",0.237150010202149,"low (<0.4)"
"Fluconazole","TIM17",0.177106227106227,"low (<0.4)"
"Fluconazole","YJL141C",-0.0829303806977398,"low (<0.4)"
"Fluconazole","RPB4",0.1628663003663,"low (<0.4)"
"Fluconazole","YJL139C",0.0715724883231065,"low (<0.4)"
"Fluconazole","TIF2",0.223031135531136,"low (<0.4)"
"Fluconazole","YJL137C",0.0268735130700133,"low (<0.4)"
"Fluconazole","RPS21B",0.190705128205128,"low (<0.4)"
"Fluconazole","LCB3",0.156104038831395,"low (<0.4)"
"Fluconazole","YJL133C-A",0.328838010168633,"low (<0.4)"
"Fluconazole","YJL133W",0.311584249084249,"low (<0.4)"
"Fluconazole","YJL131C",0.181223715021403,"low (<0.4)"
"Fluconazole","YJL130C",0.3621336996337,"low (<0.4)"
"Fluconazole","YJL129C",-0.0187728937728938,"low (<0.4)"
"Fluconazole","PBS2",0.0502117919718572,"low (<0.4)"
"Fluconazole","YJL127C-B",0.26717032967033,"low (<0.4)"
"Fluconazole","SPT10",-0.0556523576289346,"low (<0.4)"
"Fluconazole","YJL126W",-0.118270098090155,"low (<0.4)"
"Fluconazole","GCD14",0.384087008813454,"low (<0.4)"
"Fluconazole","LSM1",-0.0283424908424908,"low (<0.4)"
"Fluconazole","YJL123C",0.319551282051282,"low (<0.4)"
"Fluconazole","YJL122W",0.367582417582418,"low (<0.4)"
"Fluconazole","RPE1",-0.0347527472527472,"low (<0.4)"
"Fluconazole","YJL118W",0.0384879793362741,"low (<0.4)"
"Fluconazole","YJL117W",0.100503663003663,"low (<0.4)"
"Fluconazole","ASF1",0.01470184141187,"low (<0.4)"
"Fluconazole","MDV1",0.191310536236199,"low (<0.4)"
"Fluconazole","CCT7",0.12724358974359,"low (<0.4)"
"Fluconazole","GZF3",0.13331349160924,"low (<0.4)"
"Fluconazole","YJL109C",0.299496336996337,"low (<0.4)"
"Fluconazole","YJL108C",0.0874685149439849,"low (<0.4)"
"Fluconazole","YJL107C",-0.0292164114641983,"low (<0.4)"
"Fluconazole","PAM16",0.158150183150183,"low (<0.4)"
"Fluconazole","YJL102W",0.293883229706121,"low (<0.4)"
"Fluconazole","YJL101C",0.300320512820513,"low (<0.4)"
"Fluconazole","YJL100W",0.107012263437009,"low (<0.4)"
"Fluconazole","CHS6",0.19041732012562,"low (<0.4)"
"Fluconazole","YJL098W",0.223036791049582,"low (<0.4)"
"Fluconazole","YJL097W",0.121978021978022,"low (<0.4)"
"Fluconazole","MRPL49",0.384345058920086,"low (<0.4)"
"Fluconazole","BCK1",-0.0298918026774253,"low (<0.4)"
"Fluconazole","YJL094C",0.178716974407788,"low (<0.4)"
"Fluconazole","TOK1",-0.105594690235617,"low (<0.4)"
"Fluconazole","SRS2",0.22021247366975,"low (<0.4)"
"Fluconazole","YJL091C",0.17850479058851,"low (<0.4)"
"Fluconazole","YJL090C",0.033494837373934,"low (<0.4)"
"Fluconazole","ARG3",0.47372300331692,"moderate (0.4–0.7)"
"Fluconazole","TRL1",0.0713459579321627,"low (<0.4)"
"Fluconazole","YJL085W",0.0310936737709365,"low (<0.4)"
"Fluconazole","ALY2",0.136477591517721,"low (<0.4)"
"Fluconazole","YJL083W",-0.0241154244109363,"low (<0.4)"
"Fluconazole","YJL082W",-0.204938505738769,"low (<0.4)"
"Fluconazole","ARP4",0.104488375560595,"low (<0.4)"
"Fluconazole","YJL080C",0.411904761904762,"moderate (0.4–0.7)"
"Fluconazole","YJL079C",0.279054858503526,"low (<0.4)"
"Fluconazole","YJL078C",0.470833333333333,"moderate (0.4–0.7)"
"Fluconazole","YJL077W-A",0.165992468721238,"low (<0.4)"
"Fluconazole","NET1",0.0853021978021978,"low (<0.4)"
"Fluconazole","YJL074C",0.166941470237589,"low (<0.4)"
"Fluconazole","JEM1",0.255672841946835,"low (<0.4)"
"Fluconazole","PSF2",0.29718342890452,"low (<0.4)"
"Fluconazole","ARG2",-0.150364363021487,"low (<0.4)"
"Fluconazole","YJL070C",0.318200620475698,"low (<0.4)"
"Fluconazole","YJL069C",0.379789145962909,"low (<0.4)"
"Fluconazole","YJL068C",0.268281515002622,"low (<0.4)"
"Fluconazole","YJL066C",0.0412583569923986,"low (<0.4)"
"Fluconazole","YJL065C",0.116117216117216,"low (<0.4)"
"Fluconazole","MRPL8",0.300595238095238,"low (<0.4)"
"Fluconazole","COA3",0.294230769230769,"low (<0.4)"
"Fluconazole","LAS21",0.315781044580451,"low (<0.4)"
"Fluconazole","NUP82",0.134804707316559,"low (<0.4)"
"Fluconazole","YJL060W",0.0316696603900077,"low (<0.4)"
"Fluconazole","YHC3",0.0710549150405171,"low (<0.4)"
"Fluconazole","YJL058C",0.229842303945751,"low (<0.4)"
"Fluconazole","YJL057C",-0.01174435143237,"low (<0.4)"
"Fluconazole","ZAP1",-0.046644586430081,"low (<0.4)"
"Fluconazole","YJL055W",0.203571428571429,"low (<0.4)"
"Fluconazole","YJL054W",0.277936765951601,"low (<0.4)"
"Fluconazole","PEP8",0.169949610627577,"low (<0.4)"
"Fluconazole","TDH1",0.0650670818943037,"low (<0.4)"
"Fluconazole","YJL051W",0.045375814427438,"low (<0.4)"
"Fluconazole","MTR4",-0.0168498168498168,"low (<0.4)"
"Fluconazole","YJL049W",0.0589048155757123,"low (<0.4)"
"Fluconazole","UBX6",0.174034513329328,"low (<0.4)"
"Fluconazole","YJL047C-A",0.057975943601664,"low (<0.4)"
"Fluconazole","RTT101",-0.0392756617764412,"low (<0.4)"
"Fluconazole","AIM22",0.0294731158151978,"low (<0.4)"
"Fluconazole","YJL044C",-0.254284046308399,"low (<0.4)"
"Fluconazole","YJL042W",0.0837921679561303,"low (<0.4)"
"Fluconazole","YJL041W",0.163782051282051,"low (<0.4)"
"Fluconazole","YJL039C",0.177572233347016,"low (<0.4)"
"Fluconazole","SNX4",-0.0468823398664078,"low (<0.4)"
"Fluconazole","YJL035C",0.177340691463213,"low (<0.4)"
"Fluconazole","KAR2",0.469413919413919,"moderate (0.4–0.7)"
"Fluconazole","HCA4",0.189377289377289,"low (<0.4)"
"Fluconazole","YJL031C",-0.1014542546443,"low (<0.4)"
"Fluconazole","YJL030W",0.316428164637969,"low (<0.4)"
"Fluconazole","YJL029C",-0.0618625150613792,"low (<0.4)"
"Fluconazole","RNR2",0.645741758241758,"moderate (0.4–0.7)"
"Fluconazole","YJL025W",0.140211974150483,"low (<0.4)"
"Fluconazole","APS3",0.133952998555005,"low (<0.4)"
"Fluconazole","YJL023C",-0.0748459807505534,"low (<0.4)"
"Fluconazole","BBC1",0.16790293040293,"low (<0.4)"
"Fluconazole","MPS3",0.167864829151666,"low (<0.4)"
"Fluconazole","YJL016W",0.088187822668583,"low (<0.4)"
"Fluconazole","CCT3",0.323855311355311,"low (<0.4)"
"Fluconazole","YJL013C",-0.192203632926354,"low (<0.4)"
"Fluconazole","VTC4",0.351465201465201,"low (<0.4)"
"Fluconazole","RPC17",-0.0425663454396531,"low (<0.4)"
"Fluconazole","YJL010C",0.0161172161172161,"low (<0.4)"
"Fluconazole","YJL008C",0.0631410256410256,"low (<0.4)"
"Fluconazole","YJL006C",0.00421390132156912,"low (<0.4)"
"Fluconazole","CYR1",-0.0497996568804329,"low (<0.4)"
"Fluconazole","YJL004C",-0.123604894752773,"low (<0.4)"
"Fluconazole","YJL003W",0.371988647810618,"low (<0.4)"
"Fluconazole","OST1",0.153617216117216,"low (<0.4)"
"Fluconazole","PRE3",0.0813644688644689,"low (<0.4)"
"Fluconazole","YJR001W",0.319062228458486,"low (<0.4)"
"Fluconazole","YJR002W",0.231318681318681,"low (<0.4)"
"Fluconazole","YJR003C",0.29706370574441,"low (<0.4)"
"Fluconazole","SAG1",-0.000966899158662539,"low (<0.4)"
"Fluconazole","APL1",0.189923280759634,"low (<0.4)"
"Fluconazole","POL31",0.240231715433321,"low (<0.4)"
"Fluconazole","YJR007W",0.126648351648352,"low (<0.4)"
"Fluconazole","TDH2",0.598260073260073,"moderate (0.4–0.7)"
"Fluconazole","YJR010W",0.414277198195672,"moderate (0.4–0.7)"
"Fluconazole","YJR010C-A",0.208175459897566,"low (<0.4)"
"Fluconazole","YJR011C",0.122882703430619,"low (<0.4)"
"Fluconazole","YJR012C",0.0947035840385138,"low (<0.4)"
"Fluconazole","GPI14",-0.0528329626358463,"low (<0.4)"
"Fluconazole","TMA22",0.256639194139194,"low (<0.4)"
"Fluconazole","YJR015W",0.421252678282715,"moderate (0.4–0.7)"
"Fluconazole","YJR016C",0.400595238095238,"moderate (0.4–0.7)"
"Fluconazole","ESS1",0.12724358974359,"low (<0.4)"
"Fluconazole","TES1",0.147616288914476,"low (<0.4)"
"Fluconazole","REC107",0.00822685249180509,"low (<0.4)"
"Fluconazole","YJR022W",0.0496476108132444,"low (<0.4)"
"Fluconazole","YJR024C",0.424707242555785,"moderate (0.4–0.7)"
"Fluconazole","BNA1",0.314220296765898,"low (<0.4)"
"Fluconazole","YJR031C",0.0168996672154005,"low (<0.4)"
"Fluconazole","YJR032W",0.130896768707553,"low (<0.4)"
"Fluconazole","RAV1",-0.0772862084097818,"low (<0.4)"
"Fluconazole","YJR034W",0.0828944377126185,"low (<0.4)"
"Fluconazole","YJR035W",0.129324276968452,"low (<0.4)"
"Fluconazole","YJR036C",-0.0094372108454335,"low (<0.4)"
"Fluconazole","YJR039W",-0.005361623467762,"low (<0.4)"
"Fluconazole","GEF1",-0.0366817027403574,"low (<0.4)"
"Fluconazole","URB2",-0.072985347985348,"low (<0.4)"
"Fluconazole","NUP85",-0.0097985347985348,"low (<0.4)"
"Fluconazole","YJR043C",0.020218441647775,"low (<0.4)"
"Fluconazole","YJR044C",0.144047619047619,"low (<0.4)"
"Fluconazole","SSC1",0.574450549450549,"moderate (0.4–0.7)"
"Fluconazole","TAH11",-0.0732318912667354,"low (<0.4)"
"Fluconazole","ANB1",0.702155475875943,"high (≥0.7)"
"Fluconazole","CYC1",0.636309523809524,"moderate (0.4–0.7)"
"Fluconazole","YJR049C",-0.00462581302990303,"low (<0.4)"
"Fluconazole","ISY1",0.225989605989148,"low (<0.4)"
"Fluconazole","OSM1",0.260399734426154,"low (<0.4)"
"Fluconazole","YJR052W",0.269341941011499,"low (<0.4)"
"Fluconazole","YJR054W",-0.00867813067328055,"low (<0.4)"
"Fluconazole","YJR055W",0.218635767684786,"low (<0.4)"
"Fluconazole","YJR056C",0.0486766187379797,"low (<0.4)"
"Fluconazole","YJR057W",0.179420551986938,"low (<0.4)"
"Fluconazole","APS2",0.168772893772894,"low (<0.4)"
"Fluconazole","PTK2",0.0717948717948718,"low (<0.4)"
"Fluconazole","CBF1",0.182153711783264,"low (<0.4)"
"Fluconazole","YJR061W",-0.0693777607067409,"low (<0.4)"
"Fluconazole","NTA1",-0.0475290825966424,"low (<0.4)"
"Fluconazole","RPA12",0.26996336996337,"low (<0.4)"
"Fluconazole","CCT5",0.123717948717949,"low (<0.4)"
"Fluconazole","ARP3",0.106456043956044,"low (<0.4)"
"Fluconazole","TOR1",-0.00945534467364179,"low (<0.4)"
"Fluconazole","YJR067C",0.244728255144074,"low (<0.4)"
"Fluconazole","YJR068W",0.267460363044793,"low (<0.4)"
"Fluconazole","YJR069C",0.309432234432234,"low (<0.4)"
"Fluconazole","LIA1",-0.190247252747253,"low (<0.4)"
"Fluconazole","NPA3",0.265018315018315,"low (<0.4)"
"Fluconazole","OPI3",0.304261724627588,"low (<0.4)"
"Fluconazole","YJR074W",0.0236037500444728,"low (<0.4)"
"Fluconazole","YJR075W",-0.00718864468864469,"low (<0.4)"
"Fluconazole","CDC11",-0.0819139194139194,"low (<0.4)"
"Fluconazole","MIR1",0.711996336996337,"high (≥0.7)"
"Fluconazole","AIM24",0.18051103580914,"low (<0.4)"
"Fluconazole","YJR082C",0.0509615384615385,"low (<0.4)"
"Fluconazole","YJR083C",0.0354305944172,"low (<0.4)"
"Fluconazole","YJR084W",0.103142350241123,"low (<0.4)"
"Fluconazole","YJR085C",0.503067765567766,"moderate (0.4–0.7)"
"Fluconazole","YJR088C",0.0384157509157509,"low (<0.4)"
"Fluconazole","YJR089W",0.0748235716329911,"low (<0.4)"
"Fluconazole","GRR1",0.0758699633699634,"low (<0.4)"
"Fluconazole","JSN1",0.0814454811767104,"low (<0.4)"
"Fluconazole","YJR092W",0.0508934397176168,"low (<0.4)"
"Fluconazole","YJR093C",-0.0894709127956226,"low (<0.4)"
"Fluconazole","RPL43B",0.383653846153846,"low (<0.4)"
"Fluconazole","YJR096W",0.052052914004434,"low (<0.4)"
"Fluconazole","JJJ3",0.186272299842657,"low (<0.4)"
"Fluconazole","YJR098C",-0.11029174540259,"low (<0.4)"
"Fluconazole","YJR099W",0.162144209483269,"low (<0.4)"
"Fluconazole","YJR100C",0.275827323461839,"low (<0.4)"
"Fluconazole","YJR101W",0.0571435112618856,"low (<0.4)"
"Fluconazole","VPS25",0.0430521212684044,"low (<0.4)"
"Fluconazole","YJR103W",0.10371354010598,"low (<0.4)"
"Fluconazole","SOD1",0.501282051282051,"moderate (0.4–0.7)"
"Fluconazole","YJR105W",0.493223443223443,"moderate (0.4–0.7)"
"Fluconazole","YJR106W",-0.180654353173785,"low (<0.4)"
"Fluconazole","YJR107W",0.151111562654363,"low (<0.4)"
"Fluconazole","YJR108W",-0.0718706777907735,"low (<0.4)"
"Fluconazole","YJR109C",0.554836937272355,"moderate (0.4–0.7)"
"Fluconazole","YJR110W",0.26859710635216,"low (<0.4)"
"Fluconazole","YJR111C",0.342366715157133,"low (<0.4)"
"Fluconazole","YJR112W",-0.0416821905128099,"low (<0.4)"
"Fluconazole","YJR112W-A",0.286492673992674,"low (<0.4)"
"Fluconazole","YJR113C",0.141851440616444,"low (<0.4)"
"Fluconazole","YJR116W",0.194346172977106,"low (<0.4)"
"Fluconazole","STE24",0.201510989010989,"low (<0.4)"
"Fluconazole","YJR118C",-0.0538981114007076,"low (<0.4)"
"Fluconazole","YJR120W",0.691758241758242,"moderate (0.4–0.7)"
"Fluconazole","YJR121W",0.738598901098901,"high (≥0.7)"
"Fluconazole","IBA57",0.0659906979195937,"low (<0.4)"
"Fluconazole","RPS5",0.173580586080586,"low (<0.4)"
"Fluconazole","YJR124C",0.213472855585738,"low (<0.4)"
"Fluconazole","YJR125C",-0.0304487179487179,"low (<0.4)"
"Fluconazole","YJR126C",0.131663595058936,"low (<0.4)"
"Fluconazole","RSF2",-0.180753680324384,"low (<0.4)"
"Fluconazole","YJR129C",-0.178312150487702,"low (<0.4)"
"Fluconazole","YJR130C",-0.0199119158072799,"low (<0.4)"
"Fluconazole","YJR131W",-0.0509615384615385,"low (<0.4)"
"Fluconazole","NMD5",0.0782975995655644,"low (<0.4)"
"Fluconazole","YJR133W",0.121245421245421,"low (<0.4)"
"Fluconazole","YJR134C",0.340472783670529,"low (<0.4)"
"Fluconazole","YJR135W-A",0.218315018315018,"low (<0.4)"
"Fluconazole","YJR136C",0.0959580957497906,"low (<0.4)"
"Fluconazole","MET5",0.579716117216117,"moderate (0.4–0.7)"
"Fluconazole","IML1",0.213211501252304,"low (<0.4)"
"Fluconazole","YJR139C",0.104716117216117,"low (<0.4)"
"Fluconazole","HIR3",-0.129136550211639,"low (<0.4)"
"Fluconazole","YJR141W",0.0459468742844058,"low (<0.4)"
"Fluconazole","YJR142W",-0.0244516690580987,"low (<0.4)"
"Fluconazole","YJR143C",0.229487179487179,"low (<0.4)"
"Fluconazole","MGM101",0.436703716875187,"moderate (0.4–0.7)"
"Fluconazole","RPS4A",0.408928571428571,"moderate (0.4–0.7)"
"Fluconazole","YJR147W",0.146068381769173,"low (<0.4)"
"Fluconazole","BAT2",0.512957875457875,"moderate (0.4–0.7)"
"Fluconazole","YJR151C",0.102906230441689,"low (<0.4)"
"Fluconazole","YJR155W",0.457887682285949,"moderate (0.4–0.7)"
"Fluconazole","YKL219W",0.470077404864368,"moderate (0.4–0.7)"
"Fluconazole","YKL216W",0.29217032967033,"low (<0.4)"
"Fluconazole","YKL215C",0.0459340659340659,"low (<0.4)"
"Fluconazole","YKL214C",0.194642857142857,"low (<0.4)"
"Fluconazole","DOA1",0.0115384615384615,"low (<0.4)"
"Fluconazole","SAC1",0.266804029304029,"low (<0.4)"
"Fluconazole","YKL211C",0.174603901456177,"low (<0.4)"
"Fluconazole","YKL210W",0.266391941391941,"low (<0.4)"
"Fluconazole","CBT1",0.027475506122696,"low (<0.4)"
"Fluconazole","AIM27",0.270009157509157,"low (<0.4)"
"Fluconazole","ADD66",0.0282512391414931,"low (<0.4)"
"Fluconazole","YKL205W",-0.0483516483516484,"low (<0.4)"
"Fluconazole","YKL204W",0.166920408898401,"low (<0.4)"
"Fluconazole","TOR2",-0.200283964156098,"low (<0.4)"
"Fluconazole","MNN4",0.703388278388278,"high (≥0.7)"
"Fluconazole","PTK1",0.0124719262906002,"low (<0.4)"
"Fluconazole","PEX1",0.00803115360718959,"low (<0.4)"
"Fluconazole","YKL196C",0.511538461538461,"moderate (0.4–0.7)"
"Fluconazole","MIA40",0.244642857142857,"low (<0.4)"
"Fluconazole","YKL194C",0.200023535177948,"low (<0.4)"
"Fluconazole","SDS22",0.0975967231328413,"low (<0.4)"
"Fluconazole","YKL192C",0.390659340659341,"low (<0.4)"
"Fluconazole","YKL191W",0.072696050848448,"low (<0.4)"
"Fluconazole","CNB1",0.368772893772894,"low (<0.4)"
"Fluconazole","YKL189W",0.0477112790951714,"low (<0.4)"
"Fluconazole","PXA2",0.215702867889046,"low (<0.4)"
"Fluconazole","YKL186C",-0.0236721611721612,"low (<0.4)"
"Fluconazole","YKL185W",-0.0866040782953379,"low (<0.4)"
"Fluconazole","SPE1",0.193315018315018,"low (<0.4)"
"Fluconazole","YKL183W",0.110337722531865,"low (<0.4)"
"Fluconazole","YKL182W",0.21007326007326,"low (<0.4)"
"Fluconazole","PRS1",0.476877289377289,"moderate (0.4–0.7)"
"Fluconazole","RPL17A",0.280540293040293,"low (<0.4)"
"Fluconazole","YKL179C",0.110525954511676,"low (<0.4)"
"Fluconazole","YKL176C",-0.0687049989170347,"low (<0.4)"
"Fluconazole","YKL175W",0.151648351648352,"low (<0.4)"
"Fluconazole","YKL174C",-0.161124853853454,"low (<0.4)"
"Fluconazole","SNU114",-0.0254771268217958,"low (<0.4)"
"Fluconazole","YKL172W",-0.159935897435897,"low (<0.4)"
"Fluconazole","YKL171W",0.122842235967222,"low (<0.4)"
"Fluconazole","MRPL38",0.225869963369963,"low (<0.4)"
"Fluconazole","YKL168C",0.126382683537333,"low (<0.4)"
"Fluconazole","YKL167C",0.128113553113553,"low (<0.4)"
"Fluconazole","YKL166C",0.0297188387214946,"low (<0.4)"
"Fluconazole","MCD4",0.028182557036611,"low (<0.4)"
"Fluconazole","PIR1",-0.0481684981684982,"low (<0.4)"
"Fluconazole","PIR3",0.0255364019805612,"low (<0.4)"
"Fluconazole","KDX1",0.0626121571156986,"low (<0.4)"
"Fluconazole","YKL160W",0.278159340659341,"low (<0.4)"
"Fluconazole","YKL159C",-0.16533829295931,"low (<0.4)"
"Fluconazole","APE2",-0.0735805860805861,"low (<0.4)"
"Fluconazole","RPS27A",0.387042124542124,"low (<0.4)"
"Fluconazole","YKL155C",0.00844959141259647,"low (<0.4)"
"Fluconazole","YKL154W",0.212638810780956,"low (<0.4)"
"Fluconazole","YKL152C",0.6625,"moderate (0.4–0.7)"
"Fluconazole","YKL151C",0.168903141593446,"low (<0.4)"
"Fluconazole","YKL150W",0.403342490842491,"moderate (0.4–0.7)"
"Fluconazole","DBR1",0.0416571228319532,"low (<0.4)"
"Fluconazole","SDH1",0.422465606079876,"moderate (0.4–0.7)"
"Fluconazole","YKL146W",-0.234989701604114,"low (<0.4)"
"Fluconazole","RPT1",0.110851648351648,"low (<0.4)"
"Fluconazole","RPC25",0.136819451583518,"low (<0.4)"
"Fluconazole","LTV1",0.29739010989011,"low (<0.4)"
"Fluconazole","MRP8",0.213141025641026,"low (<0.4)"
"Fluconazole","SDH3",0.418910256410256,"moderate (0.4–0.7)"
"Fluconazole","TGL1",0.054138894496316,"low (<0.4)"
"Fluconazole","YKL139W",-0.268057798724538,"low (<0.4)"
"Fluconazole","YKL138C-A",0.10994218997955,"low (<0.4)"
"Fluconazole","MRPL31",0.326648351648352,"low (<0.4)"
"Fluconazole","YKL137W",-0.0904314380947308,"low (<0.4)"
"Fluconazole","YKL135C",-0.117950068117482,"low (<0.4)"
"Fluconazole","OCT1",0.076191674081086,"low (<0.4)"
"Fluconazole","YKL130C",-0.134485719271111,"low (<0.4)"
"Fluconazole","YKL129C",-0.20034569994101,"low (<0.4)"
"Fluconazole","YKL128C",0.0889652014652015,"low (<0.4)"
"Fluconazole","YKL127W",0.00173992673992674,"low (<0.4)"
"Fluconazole","YPK1",-0.0845695970695971,"low (<0.4)"
"Fluconazole","YKL125W",0.0361280278779772,"low (<0.4)"
"Fluconazole","SSH4",-0.0133806279412798,"low (<0.4)"
"Fluconazole","YKL122C",0.221886446886447,"low (<0.4)"
"Fluconazole","YKL121W",0.217035596158617,"low (<0.4)"
"Fluconazole","YKL120W",0.276889261793286,"low (<0.4)"
"Fluconazole","VPH2",-0.161538461538462,"low (<0.4)"
"Fluconazole","YKL117W",0.338782051282051,"low (<0.4)"
"Fluconazole","YKL116C",-0.122261548456464,"low (<0.4)"
"Fluconazole","YKL114C",0.0452432744807979,"low (<0.4)"
"Fluconazole","RAD27",0.205961811654172,"low (<0.4)"
"Fluconazole","ABF1",0.0132329036836924,"low (<0.4)"
"Fluconazole","KTI12",0.275064436636814,"low (<0.4)"
"Fluconazole","YKL109W",0.302838827838828,"low (<0.4)"
"Fluconazole","SLD2",-0.0580072194141492,"low (<0.4)"
"Fluconazole","YKL106W",0.0577447055873341,"low (<0.4)"
"Fluconazole","YKL105C",0.121554695555071,"low (<0.4)"
"Fluconazole","YKL104C",0.0326007326007326,"low (<0.4)"
"Fluconazole","LAP4",0.213296854695096,"low (<0.4)"
"Fluconazole","HSL1",-0.0100286205579906,"low (<0.4)"
"Fluconazole","YKL100C",0.324130036630037,"low (<0.4)"
"Fluconazole","YKL099C",0.385283714353474,"low (<0.4)"
"Fluconazole","YKL098W",0.0902594093000978,"low (<0.4)"
"Fluconazole","CWP2",0.689377289377289,"moderate (0.4–0.7)"
"Fluconazole","CWP1",0.684935897435897,"moderate (0.4–0.7)"
"Fluconazole","YKL094W",0.479349816849817,"moderate (0.4–0.7)"
"Fluconazole","BUD2",0.060368716759001,"low (<0.4)"
"Fluconazole","YKL091C",0.17326082124542,"low (<0.4)"
"Fluconazole","YKL090W",0.216529496193732,"low (<0.4)"
"Fluconazole","YKL089W",0.0648495030709351,"low (<0.4)"
"Fluconazole","YKL088W",0.259737741849628,"low (<0.4)"
"Fluconazole","CYT2",0.111081857629274,"low (<0.4)"
"Fluconazole","YKL085W",0.623626373626374,"moderate (0.4–0.7)"
"Fluconazole","YKL084W",0.465787312020928,"moderate (0.4–0.7)"
"Fluconazole","YKL082C",-0.0982600732600733,"low (<0.4)"
"Fluconazole","TEF4",0.0958791208791209,"low (<0.4)"
"Fluconazole","VMA5",-0.0315934065934066,"low (<0.4)"
"Fluconazole","YKL079W",0.00476212281281322,"low (<0.4)"
"Fluconazole","YKL078W",0.14186249987394,"low (<0.4)"
"Fluconazole","YKL077W",0.135897435897436,"low (<0.4)"
"Fluconazole","YKL075C",-0.100007359136043,"low (<0.4)"
"Fluconazole","YKL074C",-0.293194436667662,"low (<0.4)"
"Fluconazole","LHS1",0.223262628936662,"low (<0.4)"
"Fluconazole","YKL072W",-0.0532465684190814,"low (<0.4)"
"Fluconazole","YKL069W",0.270358161539778,"low (<0.4)"
"Fluconazole","YKL068W-A",-0.00425824175824176,"low (<0.4)"
"Fluconazole","NUP100",0.314060371590764,"low (<0.4)"
"Fluconazole","YNK1",0.437756842483379,"moderate (0.4–0.7)"
"Fluconazole","YKL065C",0.134340659340659,"low (<0.4)"
"Fluconazole","YKL064W",0.0897435897435897,"low (<0.4)"
"Fluconazole","YKL063C",0.229945054945055,"low (<0.4)"
"Fluconazole","YKL062W",-0.0798062587435858,"low (<0.4)"
"Fluconazole","YKL061W",-0.0356284203895106,"low (<0.4)"
"Fluconazole","FBA1",0.281868131868132,"low (<0.4)"
"Fluconazole","YKL059C",-0.0946536926637745,"low (<0.4)"
"Fluconazole","YKL058W",0.292994505494505,"low (<0.4)"
"Fluconazole","NUP120",0.0587003056392126,"low (<0.4)"
"Fluconazole","TMA19",0.253800366300366,"low (<0.4)"
"Fluconazole","DEF1",0.18956043956044,"low (<0.4)"
"Fluconazole","YKL053C-A",0.305448717948718,"low (<0.4)"
"Fluconazole","YKL052C",0.0774659182036889,"low (<0.4)"
"Fluconazole","YKL051W",0.088146791204715,"low (<0.4)"
"Fluconazole","YKL050C",-0.305265110700844,"low (<0.4)"
"Fluconazole","CSE4",0.051471093640098,"low (<0.4)"
"Fluconazole","ELM1",-0.165674643142435,"low (<0.4)"
"Fluconazole","YKL047W",0.107231666123584,"low (<0.4)"
"Fluconazole","YKL046C",0.234935897435897,"low (<0.4)"
"Fluconazole","YKL045W",0.279129488234026,"low (<0.4)"
"Fluconazole","YKL043W",0.388499135004858,"low (<0.4)"
"Fluconazole","YKL042W",0.0320968691302212,"low (<0.4)"
"Fluconazole","VPS24",0.111602134304932,"low (<0.4)"
"Fluconazole","NFU1",0.096474358974359,"low (<0.4)"
"Fluconazole","YKL039W",0.129395604395604,"low (<0.4)"
"Fluconazole","YKL038W",0.100412276683463,"low (<0.4)"
"Fluconazole","YKL035W",0.396886446886447,"low (<0.4)"
"Fluconazole","YKL034W",-0.0846493053963084,"low (<0.4)"
"Fluconazole","YKL033W-A",-0.0366758241758242,"low (<0.4)"
"Fluconazole","TTI1",-0.038297109373979,"low (<0.4)"
"Fluconazole","IXR1",0.0953296703296703,"low (<0.4)"
"Fluconazole","YKL029C",0.280245881953823,"low (<0.4)"
"Fluconazole","YKL028W",0.169459706959707,"low (<0.4)"
"Fluconazole","YKL027W",0.268052566790467,"low (<0.4)"
"Fluconazole","YKL026C",0.148183393572178,"low (<0.4)"
"Fluconazole","PAN3",0.0145617730561407,"low (<0.4)"
"Fluconazole","URA6",0.515384615384615,"moderate (0.4–0.7)"
"Fluconazole","YKL023W",-0.0710857729006015,"low (<0.4)"
"Fluconazole","YKL022C",-0.0070188425963929,"low (<0.4)"
"Fluconazole","YKL021C",0.252014652014652,"low (<0.4)"
"Fluconazole","YKL020C",0.198811799598644,"low (<0.4)"
"Fluconazole","YKL019W",0.0436937658829186,"low (<0.4)"
"Fluconazole","YKL018C-A",0.287912087912088,"low (<0.4)"
"Fluconazole","SWD2",0.0609933502322149,"low (<0.4)"
"Fluconazole","HCS1",-0.249736126678304,"low (<0.4)"
"Fluconazole","YKL016C",0.71456043956044,"high (≥0.7)"
"Fluconazole","YKL015W",-0.122300366700494,"low (<0.4)"
"Fluconazole","URB1",-0.0430860805860806,"low (<0.4)"
"Fluconazole","YKL013C",-0.197619047619048,"low (<0.4)"
"Fluconazole","YKL012W",-0.0730769230769231,"low (<0.4)"
"Fluconazole","CCE1",-0.10442760692618,"low (<0.4)"
"Fluconazole","YKL010C",-0.0114468864468864,"low (<0.4)"
"Fluconazole","YKL009W",0.137545787545788,"low (<0.4)"
"Fluconazole","LAC1",0.336263736263736,"low (<0.4)"
"Fluconazole","YKL007W",-0.00402930402930403,"low (<0.4)"
"Fluconazole","YKL006C-A",-0.19532967032967,"low (<0.4)"
"Fluconazole","RPL14A",0.108882783882784,"low (<0.4)"
"Fluconazole","YKL005C",0.0312728937728938,"low (<0.4)"
"Fluconazole","YKL004W",0.040018315018315,"low (<0.4)"
"Fluconazole","YKL003C",0.0540757105771529,"low (<0.4)"
"Fluconazole","DID4",0.162042124542125,"low (<0.4)"
"Fluconazole","YKL001C",0.580789929392672,"moderate (0.4–0.7)"
"Fluconazole","VPS1",0.0412087912087912,"low (<0.4)"
"Fluconazole","YKR002W",-0.0714555549617189,"low (<0.4)"
"Fluconazole","YKR003W",0.125403549762819,"low (<0.4)"
"Fluconazole","ECM9",0.28997313420211,"low (<0.4)"
"Fluconazole","MRPL13",-0.0933150183150183,"low (<0.4)"
"Fluconazole","MEH1",0.200650213132188,"low (<0.4)"
"Fluconazole","YKR008W",0.0236953261843155,"low (<0.4)"
"Fluconazole","FOX2",0.125284922529527,"low (<0.4)"
"Fluconazole","YKR010C",-0.011966897360595,"low (<0.4)"
"Fluconazole","YKR011C",0.0931916255124998,"low (<0.4)"
"Fluconazole","PRY2",0.365567765567766,"low (<0.4)"
"Fluconazole","YKR014C",0.356501831501831,"low (<0.4)"
"Fluconazole","FCJ1",0.250257560841594,"low (<0.4)"
"Fluconazole","YKR017C",0.028125458460017,"low (<0.4)"
"Fluconazole","YKR018C",0.0595238095238095,"low (<0.4)"
"Fluconazole","YKR019C",-0.0925017805868687,"low (<0.4)"
"Fluconazole","VPS51",-0.0131416273776673,"low (<0.4)"
"Fluconazole","ALY1",0.052585776511231,"low (<0.4)"
"Fluconazole","YKR022C",0.163922790211123,"low (<0.4)"
"Fluconazole","YKR023W",-0.0168290422077289,"low (<0.4)"
"Fluconazole","YKR024C",0.142294485068014,"low (<0.4)"
"Fluconazole","RPC37",0.2628663003663,"low (<0.4)"
"Fluconazole","GCN3",0.305631868131868,"low (<0.4)"
"Fluconazole","BCH2",-0.286929618087266,"low (<0.4)"
"Fluconazole","YKR028W",-0.0126373626373626,"low (<0.4)"
"Fluconazole","YKR029C",-0.100431298852847,"low (<0.4)"
"Fluconazole","GMH1",0.308463750506834,"low (<0.4)"
"Fluconazole","SPO14",0.187087101829027,"low (<0.4)"
"Fluconazole","DID2",0.0266941391941392,"low (<0.4)"
"Fluconazole","YKR036C",0.11187801539581,"low (<0.4)"
"Fluconazole","YKR037C",-0.0479450489690237,"low (<0.4)"
"Fluconazole","YKR038C",0.168131868131868,"low (<0.4)"
"Fluconazole","YKR041W",0.120093793728665,"low (<0.4)"
"Fluconazole","YKR042W",0.519459706959707,"moderate (0.4–0.7)"
"Fluconazole","YKR043C",0.0749084249084249,"low (<0.4)"
"Fluconazole","YKR044W",0.221911567231175,"low (<0.4)"
"Fluconazole","YKR045C",0.0484798564342805,"low (<0.4)"
"Fluconazole","YKR046C",0.267216117216117,"low (<0.4)"
"Fluconazole","YKR048C",0.172619047619048,"low (<0.4)"
"Fluconazole","YKR049C",-0.00210835178873972,"low (<0.4)"
"Fluconazole","TRK2",-0.0425863358899966,"low (<0.4)"
"Fluconazole","YKR051W",-0.00827396547237561,"low (<0.4)"
"Fluconazole","YKR052C",0.128319277184957,"low (<0.4)"
"Fluconazole","YSR3",0.212947867761779,"low (<0.4)"
"Fluconazole","DYN1",-0.0847034577513167,"low (<0.4)"
"Fluconazole","YKR055W",0.279909775887307,"low (<0.4)"
"Fluconazole","TRM2",0.0869505494505494,"low (<0.4)"
"Fluconazole","RPS21A",0.18470695970696,"low (<0.4)"
"Fluconazole","TIF1",0.00425824175824176,"low (<0.4)"
"Fluconazole","YKR060W",0.145548251026391,"low (<0.4)"
"Fluconazole","YKR061W",-0.0624026266638061,"low (<0.4)"
"Fluconazole","YKR062W",0.133241758241758,"low (<0.4)"
"Fluconazole","YKR063C",-0.164002747881841,"low (<0.4)"
"Fluconazole","YKR064W",0.0110089473727127,"low (<0.4)"
"Fluconazole","PAM17",0.0673076923076923,"low (<0.4)"
"Fluconazole","YKR066C",0.383917941203407,"low (<0.4)"
"Fluconazole","GPT2",-0.0416915926858037,"low (<0.4)"
"Fluconazole","YKR068C",0.239972527472527,"low (<0.4)"
"Fluconazole","MET1",0.160948335567581,"low (<0.4)"
"Fluconazole","YKR070W",-0.0805624269267269,"low (<0.4)"
"Fluconazole","YKR071C",0.613232600732601,"moderate (0.4–0.7)"
"Fluconazole","SIS2",0.217948717948718,"low (<0.4)"
"Fluconazole","YKR074W",0.269230769230769,"low (<0.4)"
"Fluconazole","YKR075C",0.225520879616685,"low (<0.4)"
"Fluconazole","YKR077W",0.010742355585434,"low (<0.4)"
"Fluconazole","YKR078W",-0.123550719286379,"low (<0.4)"
"Fluconazole","YKR079C",-0.228708791208791,"low (<0.4)"
"Fluconazole","YKR080W",0.139213593971995,"low (<0.4)"
"Fluconazole","YKR081C",0.202930402930403,"low (<0.4)"
"Fluconazole","NUP133",-0.0369064517993025,"low (<0.4)"
"Fluconazole","DAD2",0.0392965106896712,"low (<0.4)"
"Fluconazole","YKR084C",-0.0646985427989137,"low (<0.4)"
"Fluconazole","MRPL20",0.209549101995208,"low (<0.4)"
"Fluconazole","PRP16",0.0809758155485295,"low (<0.4)"
"Fluconazole","YKR087C",0.186965346581138,"low (<0.4)"
"Fluconazole","YKR088C",0.0410714285714286,"low (<0.4)"
"Fluconazole","TGL4",0.272161172161172,"low (<0.4)"
"Fluconazole","YKR090W",-0.0641215205764691,"low (<0.4)"
"Fluconazole","YKR091W",0.125372040975794,"low (<0.4)"
"Fluconazole","YKR092C",0.243543956043956,"low (<0.4)"
"Fluconazole","YKR093W",0.587238718835138,"moderate (0.4–0.7)"
"Fluconazole","RPL40B",0.234432234432234,"low (<0.4)"
"Fluconazole","MLP1",0.0738095238095238,"low (<0.4)"
"Fluconazole","YKR095W-A",0.00670795224348256,"low (<0.4)"
"Fluconazole","YKR096W",-0.130039607133863,"low (<0.4)"
"Fluconazole","YKR098C",0.244531231576194,"low (<0.4)"
"Fluconazole","YKR099W",-0.179824159721586,"low (<0.4)"
"Fluconazole","SKG1",-0.169438752744077,"low (<0.4)"
"Fluconazole","YKR101W",-0.0285606149964031,"low (<0.4)"
"Fluconazole","YEL072W",0.363110084288696,"low (<0.4)"
"Fluconazole","YEL071W",0.425549450549451,"moderate (0.4–0.7)"
"Fluconazole","YEL068C",0.390446221212339,"low (<0.4)"
"Fluconazole","YEL066W",0.188969527690652,"low (<0.4)"
"Fluconazole","SIT1",0.41325152293884,"moderate (0.4–0.7)"
"Fluconazole","YEL064C",0.0245972983872415,"low (<0.4)"
"Fluconazole","YEL063C",0.0279954230648375,"low (<0.4)"
"Fluconazole","YEL062W",0.120355078447564,"low (<0.4)"
"Fluconazole","CIN8",-0.0268591427360461,"low (<0.4)"
"Fluconazole","PRB1",-0.121932234432234,"low (<0.4)"
"Fluconazole","YEL059C-A",0.270520583724849,"low (<0.4)"
"Fluconazole","PCM1",0.224910999453832,"low (<0.4)"
"Fluconazole","YEL057C",0.382581869957285,"low (<0.4)"
"Fluconazole","YEL056W",0.112596060736601,"low (<0.4)"
"Fluconazole","YEL055C",0.20709706959707,"low (<0.4)"
"Fluconazole","RPL12A",0.272893772893773,"low (<0.4)"
"Fluconazole","MAK10",0.0367978025734316,"low (<0.4)"
"Fluconazole","YEL052W",0.127218596963676,"low (<0.4)"
"Fluconazole","YEL051W",0.103983516483516,"low (<0.4)"
"Fluconazole","YEL050C",0.132625144527285,"low (<0.4)"
"Fluconazole","YEL048C",0.111431713878753,"low (<0.4)"
"Fluconazole","YEL047C",0.447589289149347,"moderate (0.4–0.7)"
"Fluconazole","YEL046C",0.0164377289377289,"low (<0.4)"
"Fluconazole","YEL044W",0.11456043956044,"low (<0.4)"
"Fluconazole","YEL043W",-0.153303722858641,"low (<0.4)"
"Fluconazole","YEL042W",0.155311355311355,"low (<0.4)"
"Fluconazole","UTR2",0.484020146520146,"moderate (0.4–0.7)"
"Fluconazole","CYC7",0.335786606019376,"low (<0.4)"
"Fluconazole","YEL038W",0.0823020302254169,"low (<0.4)"
"Fluconazole","YEL037C",0.440018315018315,"moderate (0.4–0.7)"
"Fluconazole","ANP1",-0.00650212922518728,"low (<0.4)"
"Fluconazole","HYP2",0.410714285714286,"moderate (0.4–0.7)"
"Fluconazole","YEL033W",0.145558608058608,"low (<0.4)"
"Fluconazole","YEL032W",0.102655677655678,"low (<0.4)"
"Fluconazole","SPF1",0.337591575091575,"low (<0.4)"
"Fluconazole","ECM10",0.211459113676449,"low (<0.4)"
"Fluconazole","YEL029C",0.0557949752429855,"low (<0.4)"
"Fluconazole","VMA3",0.479441391941392,"moderate (0.4–0.7)"
"Fluconazole","YEL026W",0.0717490842490842,"low (<0.4)"
"Fluconazole","YEL025C",0.329669868887405,"low (<0.4)"
"Fluconazole","YEL024W",0.683653846153846,"moderate (0.4–0.7)"
"Fluconazole","YEL022W",-0.145787545787546,"low (<0.4)"
"Fluconazole","YEL021W",0.219871794871795,"low (<0.4)"
"Fluconazole","YEL020W-A",0.366483516483516,"low (<0.4)"
"Fluconazole","RPR1",-0.0494445146642841,"low (<0.4)"
"Fluconazole","YEL020C",0.316204893418832,"low (<0.4)"
"Fluconazole","MMS21",-0.198026396723064,"low (<0.4)"
"Fluconazole","YEL018W",0.277020994070377,"low (<0.4)"
"Fluconazole","YEL017C-A",0.100869963369963,"low (<0.4)"
"Fluconazole","YEL017W",0.0220950201791346,"low (<0.4)"
"Fluconazole","YEL016C",0.251174767506156,"low (<0.4)"
"Fluconazole","EDC3",0.00741775223791754,"low (<0.4)"
"Fluconazole","VAC8",0.0823717948717949,"low (<0.4)"
"Fluconazole","UBC8",0.0717587317093628,"low (<0.4)"
"Fluconazole","GLC3",0.0463401157938343,"low (<0.4)"
"Fluconazole","GCN4",0.382692307692308,"low (<0.4)"
"Fluconazole","MIT1",-0.14736890304197,"low (<0.4)"
"Fluconazole","YEA6",0.0438649709846846,"low (<0.4)"
"Fluconazole","VAB2",0.05661399195466,"low (<0.4)"
"Fluconazole","YEL004W",0.14441884733083,"low (<0.4)"
"Fluconazole","GIM4",0.0260554995878743,"low (<0.4)"
"Fluconazole","YEL002C",0.156684981684982,"low (<0.4)"
"Fluconazole","YEL001C",0.166666666666667,"low (<0.4)"
"Fluconazole","YER001W",0.465525728624361,"moderate (0.4–0.7)"
"Fluconazole","YER002W",0.402518315018315,"moderate (0.4–0.7)"
"Fluconazole","PMI40",0.336034798534799,"low (<0.4)"
"Fluconazole","YER004W",0.317425794729985,"low (<0.4)"
"Fluconazole","YND1",0.0624577872270328,"low (<0.4)"
"Fluconazole","YER006W",0.407554945054945,"moderate (0.4–0.7)"
"Fluconazole","YER007W",-0.0968337180055711,"low (<0.4)"
"Fluconazole","TMA20",0.271108058608059,"low (<0.4)"
"Fluconazole","SEC3",-0.133562271062271,"low (<0.4)"
"Fluconazole","YER009W",0.322481684981685,"low (<0.4)"
"Fluconazole","YER010C",0.244632987618053,"low (<0.4)"
"Fluconazole","TIR1",0.70018315018315,"high (≥0.7)"
"Fluconazole","YER012W",0.375686813186813,"low (<0.4)"
"Fluconazole","YER013W",-0.00109900174008609,"low (<0.4)"
"Fluconazole","YER014W",0.205434073693346,"low (<0.4)"
"Fluconazole","BIM1",0.114326929951688,"low (<0.4)"
"Fluconazole","AFG3",0.303553438959612,"low (<0.4)"
"Fluconazole","YER018C",0.214184754213962,"low (<0.4)"
"Fluconazole","YER019W",0.0768358995358951,"low (<0.4)"
"Fluconazole","SBH2",0.338553113553114,"low (<0.4)"
"Fluconazole","GPA2",0.129335122537374,"low (<0.4)"
"Fluconazole","RPN3",0.220192307692308,"low (<0.4)"
"Fluconazole","SRB4",0.080403850781948,"low (<0.4)"
"Fluconazole","PRO3",0.267811355311355,"low (<0.4)"
"Fluconazole","YER024W",0.0380696130066407,"low (<0.4)"
"Fluconazole","GCD11",0.10782967032967,"low (<0.4)"
"Fluconazole","CHO1",0.296703296703297,"low (<0.4)"
"Fluconazole","GAL83",-0.0844361006425729,"low (<0.4)"
"Fluconazole","YER028C",-0.03559593777692,"low (<0.4)"
"Fluconazole","SMB1",0.107600732600733,"low (<0.4)"
"Fluconazole","YER030W",-0.0544438848503358,"low (<0.4)"
"Fluconazole","YPT31",0.15279304029304,"low (<0.4)"
"Fluconazole","FIR1",0.0479476468609342,"low (<0.4)"
"Fluconazole","YER033C",-0.114692984078111,"low (<0.4)"
"Fluconazole","YER034W",0.0722339877937274,"low (<0.4)"
"Fluconazole","YER035W",0.222232397363431,"low (<0.4)"
"Fluconazole","YER036C",-0.0263736263736264,"low (<0.4)"
"Fluconazole","YER037W",0.150034195970079,"low (<0.4)"
"Fluconazole","KRE29",-0.0158662261589552,"low (<0.4)"
"Fluconazole","YER040W",0.0389549291181662,"low (<0.4)"
"Fluconazole","YER041W",0.0616992532637915,"low (<0.4)"
"Fluconazole","MXR1",0.564468864468864,"moderate (0.4–0.7)"
"Fluconazole","YER043C",0.559844322344322,"moderate (0.4–0.7)"
"Fluconazole","ERG28",0.531959706959707,"moderate (0.4–0.7)"
"Fluconazole","YER045C",0.0385840302440142,"low (<0.4)"
"Fluconazole","YER046W",0.121695325139457,"low (<0.4)"
"Fluconazole","YER047C",0.0172896133651242,"low (<0.4)"
"Fluconazole","YER048C",0.270054945054945,"low (<0.4)"
"Fluconazole","YER048W-A",0.293131868131868,"low (<0.4)"
"Fluconazole","YER049W",0.268498168498168,"low (<0.4)"
"Fluconazole","YER050C",0.485622710622711,"moderate (0.4–0.7)"
"Fluconazole","JHD1",0.140531921954252,"low (<0.4)"
"Fluconazole","HOM3",0.159478021978022,"low (<0.4)"
"Fluconazole","YER053C",0.111772517173818,"low (<0.4)"
"Fluconazole","YER055C",0.591208791208791,"moderate (0.4–0.7)"
"Fluconazole","FCY2",0.379166666666667,"low (<0.4)"
"Fluconazole","RPL34A",0.195558608058608,"low (<0.4)"
"Fluconazole","HMF1",0.357371794871795,"low (<0.4)"
"Fluconazole","YER058W",-0.0661101236496814,"low (<0.4)"
"Fluconazole","YER059W",0.0479615208428768,"low (<0.4)"
"Fluconazole","YER060W",0.452196090001604,"moderate (0.4–0.7)"
"Fluconazole","YER061C",0.219844181366246,"low (<0.4)"
"Fluconazole","HOR2",0.219324854923423,"low (<0.4)"
"Fluconazole","YER063W",0.185531135531136,"low (<0.4)"
"Fluconazole","YER064C",0.21301341658853,"low (<0.4)"
"Fluconazole","YER065C",0.155198057734446,"low (<0.4)"
"Fluconazole","YER067W",0.0536117670522119,"low (<0.4)"
"Fluconazole","MOT2",-0.0409340659340659,"low (<0.4)"
"Fluconazole","YER069W",0.57143208535027,"moderate (0.4–0.7)"
"Fluconazole","RNR1",0.0951007326007326,"low (<0.4)"
"Fluconazole","YER071C",0.142111292940473,"low (<0.4)"
"Fluconazole","VTC1",0.33525641025641,"low (<0.4)"
"Fluconazole","YER073W",0.466895604395604,"moderate (0.4–0.7)"
"Fluconazole","RPS24A",-0.0637820512820513,"low (<0.4)"
"Fluconazole","YER074W-A",0.121657509157509,"low (<0.4)"
"Fluconazole","YER075C",0.00462475388552053,"low (<0.4)"
"Fluconazole","YER077C",0.126737343737752,"low (<0.4)"
"Fluconazole","YER078C",-0.0962353316416588,"low (<0.4)"
"Fluconazole","YER079W",-0.186608182844029,"low (<0.4)"
"Fluconazole","AIM9",0.0902971748737276,"low (<0.4)"
"Fluconazole","YER081W",0.0859899953123567,"low (<0.4)"
"Fluconazole","UTP7",-0.0382801410722294,"low (<0.4)"
"Fluconazole","GET2",0.0902930402930403,"low (<0.4)"
"Fluconazole","ILV1",0.158928571428571,"low (<0.4)"
"Fluconazole","YER087W",0.182655844673977,"low (<0.4)"
"Fluconazole","SBH1",0.153021978021978,"low (<0.4)"
"Fluconazole","DOT6",0.148626373626374,"low (<0.4)"
"Fluconazole","YER089C",0.0803113553113553,"low (<0.4)"
"Fluconazole","YER090W",0.430265567765568,"moderate (0.4–0.7)"
"Fluconazole","YER091C",0.501831501831502,"moderate (0.4–0.7)"
"Fluconazole","YER092W",0.140018315018315,"low (<0.4)"
"Fluconazole","TSC11",0.0256571792344251,"low (<0.4)"
"Fluconazole","AIM11",0.0419501971319317,"low (<0.4)"
"Fluconazole","PUP3",0.22239010989011,"low (<0.4)"
"Fluconazole","RAD51",0.336920189006535,"low (<0.4)"
"Fluconazole","YER098W",0.307481956049078,"low (<0.4)"
"Fluconazole","YER099C",0.201648351648352,"low (<0.4)"
"Fluconazole","UBC6",0.325137362637363,"low (<0.4)"
"Fluconazole","YER101C",0.131432059127843,"low (<0.4)"
"Fluconazole","RPS8B",0.0568223443223443,"low (<0.4)"
"Fluconazole","SSA4",0.156385631175547,"low (<0.4)"
"Fluconazole","YER104W",-0.291006550898071,"low (<0.4)"
"Fluconazole","YER105C",0.216987179487179,"low (<0.4)"
"Fluconazole","GLE2",0.125778388278388,"low (<0.4)"
"Fluconazole","KAP123",0.268864468864469,"low (<0.4)"
"Fluconazole","SWI4",0.0969588731119278,"low (<0.4)"
"Fluconazole","LSM4",0.224954212454212,"low (<0.4)"
"Fluconazole","YER113C",0.0276797603855883,"low (<0.4)"
"Fluconazole","BOI2",0.0594972251381814,"low (<0.4)"
"Fluconazole","YER115C",0.125498304050065,"low (<0.4)"
"Fluconazole","YER116C",0.058436635731614,"low (<0.4)"
"Fluconazole","RPL23B",0.177289377289377,"low (<0.4)"
"Fluconazole","SHO1",0.0948085399219731,"low (<0.4)"
"Fluconazole","YER119C",0.247123194068982,"low (<0.4)"
"Fluconazole","YER120W",-0.0951007326007326,"low (<0.4)"
"Fluconazole","YER122C",0.119368131868132,"low (<0.4)"
"Fluconazole","YCK3",0.124647968761874,"low (<0.4)"
"Fluconazole","YER124C",0.104443426477325,"low (<0.4)"
"Fluconazole","RSP5",0.328250915750916,"low (<0.4)"
"Fluconazole","YER126C",0.361446886446886,"low (<0.4)"
"Fluconazole","YER127W",0.01753663003663,"low (<0.4)"
"Fluconazole","YER128W",0.167937046207255,"low (<0.4)"
"Fluconazole","SAK1",0.0457193878165006,"low (<0.4)"
"Fluconazole","YER130C",0.277210495276647,"low (<0.4)"
"Fluconazole","RPS26B",0.194459706959707,"low (<0.4)"
"Fluconazole","YER132C",0.0197126667164499,"low (<0.4)"
"Fluconazole","GLC7",0.0106684981684982,"low (<0.4)"
"Fluconazole","YER134C",0.173305860805861,"low (<0.4)"
"Fluconazole","GDI1",-0.000274725274725275,"low (<0.4)"
"Fluconazole","YER137C",-0.0117700938859629,"low (<0.4)"
"Fluconazole","SCR1",0.0841620188254248,"low (<0.4)"
"Fluconazole","YER139C",0.10419529349534,"low (<0.4)"
"Fluconazole","YER140W",0.255835830656088,"low (<0.4)"
"Fluconazole","YER141W",0.124909854745532,"low (<0.4)"
"Fluconazole","DDI1",0.267395009045567,"low (<0.4)"
"Fluconazole","YER144C",-0.194232333398862,"low (<0.4)"
"Fluconazole","YER145C",0.35503663003663,"low (<0.4)"
"Fluconazole","YER146W",0.382967032967033,"low (<0.4)"
"Fluconazole","YER147C",-0.0560126711137974,"low (<0.4)"
"Fluconazole","SPT15",0.299496336996337,"low (<0.4)"
"Fluconazole","PEA2",0.214109024278516,"low (<0.4)"
"Fluconazole","YER150W",0.364197935795765,"low (<0.4)"
"Fluconazole","UBP3",-0.252818828070914,"low (<0.4)"
"Fluconazole","YER152C",-0.161033253595436,"low (<0.4)"
"Fluconazole","OXA1",0.107006719406271,"low (<0.4)"
"Fluconazole","BEM2",0.139697802197802,"low (<0.4)"
"Fluconazole","YER156C",-0.0750915750915751,"low (<0.4)"
"Fluconazole","COG3",-0.0578555023231599,"low (<0.4)"
"Fluconazole","YER158C",0.118754296678906,"low (<0.4)"
"Fluconazole","BUR6",-0.0388736263736264,"low (<0.4)"
"Fluconazole","SPT2",0.122597557214502,"low (<0.4)"
"Fluconazole","YER162C",-0.0256486728936041,"low (<0.4)"
"Fluconazole","YER163C",-0.00114495079713561,"low (<0.4)"
"Fluconazole","YER164W",0.294413919413919,"low (<0.4)"
"Fluconazole","YER165W",0.0664835164835165,"low (<0.4)"
"Fluconazole","YER166W",0.0375008585361386,"low (<0.4)"
"Fluconazole","BCK2",-0.0526219386363529,"low (<0.4)"
"Fluconazole","CCA1",0.0619075965665719,"low (<0.4)"
"Fluconazole","RPH1",-0.0335834149622028,"low (<0.4)"
"Fluconazole","RAD3",0.0783550479260318,"low (<0.4)"
"Fluconazole","BRR2",0.220695970695971,"low (<0.4)"
"Fluconazole","RAD24",0.0314669911886786,"low (<0.4)"
"Fluconazole","YER174C",0.0804029304029304,"low (<0.4)"
"Fluconazole","TMT1",-0.00295400687098464,"low (<0.4)"
"Fluconazole","ECM32",-0.0126373626373626,"low (<0.4)"
"Fluconazole","BMH1",0.341666666666667,"low (<0.4)"
"Fluconazole","YER178W",-0.0277014652014652,"low (<0.4)"
"Fluconazole","YER180C",-0.0844854259076426,"low (<0.4)"
"Fluconazole","YER182W",0.0187988002183729,"low (<0.4)"
"Fluconazole","YER183C",0.096567039464196,"low (<0.4)"
"Fluconazole","YER185W",0.194191705217814,"low (<0.4)"
"Fluconazole","YER186C",0.483281425630255,"moderate (0.4–0.7)"
"Fluconazole","YHL048W",0.581781280434204,"moderate (0.4–0.7)"
"Fluconazole","ARN2",0.468152136556307,"moderate (0.4–0.7)"
"Fluconazole","YHL040C",0.261655758261811,"low (<0.4)"
"Fluconazole","YHL039W",-0.00304490664977195,"low (<0.4)"
"Fluconazole","YHL038C",-0.042593325270077,"low (<0.4)"
"Fluconazole","YHL036W",-0.0645488964816696,"low (<0.4)"
"Fluconazole","YHL035C",0.143635531135531,"low (<0.4)"
"Fluconazole","SBP1",0.191208791208791,"low (<0.4)"
"Fluconazole","RPL8A",0.546016483516483,"moderate (0.4–0.7)"
"Fluconazole","YHL032C",0.132295421454822,"low (<0.4)"
"Fluconazole","YHL031C",0.332738095238095,"low (<0.4)"
"Fluconazole","YHL030W",-0.0958126330731015,"low (<0.4)"
"Fluconazole","YHL029C",-0.0691423600706535,"low (<0.4)"
"Fluconazole","RIM101",0.00357142857142857,"low (<0.4)"
"Fluconazole","YHL026C",0.176434314816002,"low (<0.4)"
"Fluconazole","YHL025W",0.0557259948384009,"low (<0.4)"
"Fluconazole","NPR3",0.00961494414023792,"low (<0.4)"
"Fluconazole","AIM17",0.0767011631101749,"low (<0.4)"
"Fluconazole","YHL020C",0.0476272387561555,"low (<0.4)"
"Fluconazole","YHL019C",0.015202935890023,"low (<0.4)"
"Fluconazole","YHL017W",0.0665017873209821,"low (<0.4)"
"Fluconazole","RPS20",0.494001831501831,"moderate (0.4–0.7)"
"Fluconazole","YLF2",0.0518610235849801,"low (<0.4)"
"Fluconazole","YHL013C",0.0847985347985348,"low (<0.4)"
"Fluconazole","YHL011C",0.360302197802198,"low (<0.4)"
"Fluconazole","ETP1",0.044282268522812,"low (<0.4)"
"Fluconazole","YHL009C",-0.0937716086869235,"low (<0.4)"
"Fluconazole","YHL008C",0.30435643655523,"low (<0.4)"
"Fluconazole","YHL007C",0.000641025641025641,"low (<0.4)"
"Fluconazole","YHL006C",-0.134202186141859,"low (<0.4)"
"Fluconazole","YHL004W",0.24213562917458,"low (<0.4)"
"Fluconazole","YHL003C",0.0150200344430179,"low (<0.4)"
"Fluconazole","YHL002W",0.0558385512691262,"low (<0.4)"
"Fluconazole","RPL14B",0.167399267399267,"low (<0.4)"
"Fluconazole","YHR001W",0.0949688055050337,"low (<0.4)"
"Fluconazole","YHR001W-A",0.76790293040293,"high (≥0.7)"
"Fluconazole","YHR002W",0.13594137076796,"low (<0.4)"
"Fluconazole","YHR003C",0.0625457875457875,"low (<0.4)"
"Fluconazole","YHR004C",0.0959640687352955,"low (<0.4)"
"Fluconazole","TIM10",0.250915750915751,"low (<0.4)"
"Fluconazole","YHR006W",0.18477775616774,"low (<0.4)"
"Fluconazole","ERG11",0.506364468864469,"moderate (0.4–0.7)"
"Fluconazole","YHR008C",0.521062271062271,"moderate (0.4–0.7)"
"Fluconazole","TDA3",0.236861685703313,"low (<0.4)"
"Fluconazole","RPL27A",0.160989010989011,"low (<0.4)"
"Fluconazole","YHR011W",-0.304816004049753,"low (<0.4)"
"Fluconazole","VPS29",-0.117698233732914,"low (<0.4)"
"Fluconazole","ARD1",0.218635531135531,"low (<0.4)"
"Fluconazole","YSC84",0.00208775740481145,"low (<0.4)"
"Fluconazole","YHR017W",0.085595814573947,"low (<0.4)"
"Fluconazole","YHR018C",0.616941391941392,"moderate (0.4–0.7)"
"Fluconazole","DED81",0.272802197802198,"low (<0.4)"
"Fluconazole","YHR020W",0.546749084249084,"moderate (0.4–0.7)"
"Fluconazole","RPS27B",0.0615384615384615,"low (<0.4)"
"Fluconazole","YHR023W",0.0941903726730252,"low (<0.4)"
"Fluconazole","MAS2",0.0734432234432234,"low (<0.4)"
"Fluconazole","YHR025W",0.337408424908425,"low (<0.4)"
"Fluconazole","VMA16",0.043543956043956,"low (<0.4)"
"Fluconazole","RPN1",0.0163003663003663,"low (<0.4)"
"Fluconazole","DAP2",0.0202156642780283,"low (<0.4)"
"Fluconazole","YHR029C",0.370005534632036,"low (<0.4)"
"Fluconazole","SLT2",-0.027014652014652,"low (<0.4)"
"Fluconazole","RRM3",0.0567231428014111,"low (<0.4)"
"Fluconazole","PIH1",0.144155320021419,"low (<0.4)"
"Fluconazole","YHR035W",0.116208181596078,"low (<0.4)"
"Fluconazole","YHR036W",0.00653220133678341,"low (<0.4)"
"Fluconazole","YHR037W",0.258300899833795,"low (<0.4)"
"Fluconazole","RRF1",0.203435546293626,"low (<0.4)"
"Fluconazole","YHR039C",0.411904761904762,"moderate (0.4–0.7)"
"Fluconazole","VMA10",0.379075091575092,"low (<0.4)"
"Fluconazole","YHR040W",-0.00664375833780922,"low (<0.4)"
"Fluconazole","SRB2",0.262545787545788,"low (<0.4)"
"Fluconazole","NCP1",0.458195970695971,"moderate (0.4–0.7)"
"Fluconazole","DOG2",0.479001615489656,"moderate (0.4–0.7)"
"Fluconazole","DOG1",0.556813197619832,"moderate (0.4–0.7)"
"Fluconazole","YHR045W",0.249112845990064,"low (<0.4)"
"Fluconazole","YHR046C",0.0939668008447341,"low (<0.4)"
"Fluconazole","AAP1",0.533682848968676,"moderate (0.4–0.7)"
"Fluconazole","YHR049W",0.708791208791209,"high (≥0.7)"
"Fluconazole","YHR050W",-0.0682083576307171,"low (<0.4)"
"Fluconazole","YHR051W",0.644230769230769,"moderate (0.4–0.7)"
"Fluconazole","CIC1",0.286217948717949,"low (<0.4)"
"Fluconazole","CPR2",0.176877289377289,"low (<0.4)"
"Fluconazole","YHR058C",0.12568161032711,"low (<0.4)"
"Fluconazole","YHR059W",0.1671628163818,"low (<0.4)"
"Fluconazole","VMA22",0.148255017601942,"low (<0.4)"
"Fluconazole","YHR061C",-0.137784621127286,"low (<0.4)"
"Fluconazole","YHR062C",0.00224371816284795,"low (<0.4)"
"Fluconazole","YHR063C",0.0135094910217296,"low (<0.4)"
"Fluconazole","SSZ1",0.27220695970696,"low (<0.4)"
"Fluconazole","YHR065C",-0.048489010989011,"low (<0.4)"
"Fluconazole","YHR066W",0.153159340659341,"low (<0.4)"
"Fluconazole","HTD2",0.0998390386568355,"low (<0.4)"
"Fluconazole","YHR068W",0.031547619047619,"low (<0.4)"
"Fluconazole","YHR069C",0.140158886421392,"low (<0.4)"
"Fluconazole","YHR070W",0.339010989010989,"low (<0.4)"
"Fluconazole","YHR071W",0.164058654528314,"low (<0.4)"
"Fluconazole","YHR072W",0.284157509157509,"low (<0.4)"
"Fluconazole","YHR072W-A",0.125457875457875,"low (<0.4)"
"Fluconazole","YHR073W",-0.0842490842490842,"low (<0.4)"
"Fluconazole","YHR074W",0.0164377289377289,"low (<0.4)"
"Fluconazole","PPE1",-0.0361686682874555,"low (<0.4)"
"Fluconazole","YHR076W",0.0036632133270987,"low (<0.4)"
"Fluconazole","NMD2",-0.151144688644689,"low (<0.4)"
"Fluconazole","YHR078W",0.248338777366726,"low (<0.4)"
"Fluconazole","IRE1",0.0241813608355042,"low (<0.4)"
"Fluconazole","YHR080C",-0.0747377449963162,"low (<0.4)"
"Fluconazole","LRP1",0.16246165134482,"low (<0.4)"
"Fluconazole","YHR082C",0.095070180885121,"low (<0.4)"
"Fluconazole","SAM35",0.233198640109602,"low (<0.4)"
"Fluconazole","YHR084W",0.134889954638313,"low (<0.4)"
"Fluconazole","YHR085W",-0.212535058221607,"low (<0.4)"
"Fluconazole","NAM8",0.00952424562562644,"low (<0.4)"
"Fluconazole","YHR087W",0.348882198765975,"low (<0.4)"
"Fluconazole","YHR088W",0.0743131868131868,"low (<0.4)"
"Fluconazole","YHR089C",-0.00892857142857143,"low (<0.4)"
"Fluconazole","YNG2",-0.335229941446746,"low (<0.4)"
"Fluconazole","MSR1",0.149942681425129,"low (<0.4)"
"Fluconazole","HXT4",0.202812798173583,"low (<0.4)"
"Fluconazole","HXT1",0.576144688644689,"moderate (0.4–0.7)"
"Fluconazole","YHR097C",-0.0679767354901279,"low (<0.4)"
"Fluconazole","SFB3",-0.0952380952380952,"low (<0.4)"
"Fluconazole","YHR099W",0.170238095238095,"low (<0.4)"
"Fluconazole","YHR100C",0.114553991361352,"low (<0.4)"
"Fluconazole","YHR101C",-0.0768726799289478,"low (<0.4)"
"Fluconazole","KIC1",0.315114602442446,"low (<0.4)"
"Fluconazole","YHR103W",0.197161172161172,"low (<0.4)"
"Fluconazole","YHR104W",0.0935450268493848,"low (<0.4)"
"Fluconazole","YHR106W",0.0201364696308818,"low (<0.4)"
"Fluconazole","CDC12",0.192307692307692,"low (<0.4)"
"Fluconazole","YHR108W",-0.0158882783882784,"low (<0.4)"
"Fluconazole","YHR109W",0.0908421537045559,"low (<0.4)"
"Fluconazole","YHR110W",-0.00242673992673993,"low (<0.4)"
"Fluconazole","UBA4",-0.0667460446243082,"low (<0.4)"
"Fluconazole","YHR112C",0.00112593673515779,"low (<0.4)"
"Fluconazole","YHR113W",0.171199633699634,"low (<0.4)"
"Fluconazole","BZZ1",-0.103647716554484,"low (<0.4)"
"Fluconazole","DMA1",0.209076546643073,"low (<0.4)"
"Fluconazole","YHR116W",0.320702013173543,"low (<0.4)"
"Fluconazole","TOM71",-0.129311430446584,"low (<0.4)"
"Fluconazole","YHR118C",0.0285465167313985,"low (<0.4)"
"Fluconazole","SET1",0.104529066512108,"low (<0.4)"
"Fluconazole","YHR120W",0.0319151417830589,"low (<0.4)"
"Fluconazole","YHR121W",0.272527472527473,"low (<0.4)"
"Fluconazole","YHR122W",0.130495999275941,"low (<0.4)"
"Fluconazole","YHR123W",-0.0237201208901914,"low (<0.4)"
"Fluconazole","YHR127W",0.0950342269740607,"low (<0.4)"
"Fluconazole","YHR128W",0.251694139194139,"low (<0.4)"
"Fluconazole","ARP1",0.154410476723008,"low (<0.4)"
"Fluconazole","YHR131C",-0.161935863054212,"low (<0.4)"
"Fluconazole","YHR132C",0.206135531135531,"low (<0.4)"
"Fluconazole","YHR132W-A",0.175641025641026,"low (<0.4)"
"Fluconazole","YHR133C",0.217401260726304,"low (<0.4)"
"Fluconazole","YHR134W",0.0446042178141174,"low (<0.4)"
"Fluconazole","YCK1",0.0140567765567766,"low (<0.4)"
"Fluconazole","YHR136C",0.226520088473173,"low (<0.4)"
"Fluconazole","YHR137W",0.0864494825287703,"low (<0.4)"
"Fluconazole","YHR138C",0.099496336996337,"low (<0.4)"
"Fluconazole","RPL42B",0.176190476190476,"low (<0.4)"
"Fluconazole","YHR142W",0.21360134618325,"low (<0.4)"
"Fluconazole","YHR143W",0.246190138526789,"low (<0.4)"
"Fluconazole","RPC10",0.151831501831502,"low (<0.4)"
"Fluconazole","YHR144C",0.118433710455708,"low (<0.4)"
"Fluconazole","YHR146W",0.207692307692308,"low (<0.4)"
"Fluconazole","MRPL6",0.0769688644688645,"low (<0.4)"
"Fluconazole","YHR148W",0.0748177062515393,"low (<0.4)"
"Fluconazole","YHR149C",0.13717857747658,"low (<0.4)"
"Fluconazole","YHR150W",0.0603305785123967,"low (<0.4)"
"Fluconazole","YHR151C",0.0996972190074176,"low (<0.4)"
"Fluconazole","YHR152W",0.27563777619724,"low (<0.4)"
"Fluconazole","RTT107",0.0367589649937212,"low (<0.4)"
"Fluconazole","YHR155W",-0.00913607952147477,"low (<0.4)"
"Fluconazole","LIN1",-0.00623705432912123,"low (<0.4)"
"Fluconazole","YHR158C",-0.125400056651731,"low (<0.4)"
"Fluconazole","YHR159W",0.0333409006637524,"low (<0.4)"
"Fluconazole","YHR161C",0.0635218702250839,"low (<0.4)"
"Fluconazole","YHR162W",0.431776556776557,"moderate (0.4–0.7)"
"Fluconazole","YHR163W",0.437087912087912,"moderate (0.4–0.7)"
"Fluconazole","DNA2",-0.205113516645936,"low (<0.4)"
"Fluconazole","PRP8",-0.00908893187939446,"low (<0.4)"
"Fluconazole","YHR166C",-0.0342952440490455,"low (<0.4)"
"Fluconazole","YHR167W",-0.0478911418154572,"low (<0.4)"
"Fluconazole","YHR168W",-0.269735694160376,"low (<0.4)"
"Fluconazole","YHR169W",0.0224410356238581,"low (<0.4)"
"Fluconazole","NMD3",0.0382369779265853,"low (<0.4)"
"Fluconazole","ENO2",0.41231684981685,"moderate (0.4–0.7)"
"Fluconazole","YHR175W",0.0337927561140015,"low (<0.4)"
"Fluconazole","YHR175W-A",0.100709872116049,"low (<0.4)"
"Fluconazole","YHR176W",0.215859456654553,"low (<0.4)"
"Fluconazole","YHR178W",-0.223488801467611,"low (<0.4)"
"Fluconazole","OYE2",0.847847985347985,"high (≥0.7)"
"Fluconazole","SVP26",0.20952380952381,"low (<0.4)"
"Fluconazole","YHR182W",-0.133157304040337,"low (<0.4)"
"Fluconazole","YHR183W",0.28992673992674,"low (<0.4)"
"Fluconazole","KOG1",0.22753092075126,"low (<0.4)"
"Fluconazole","IKI1",0.228531524184138,"low (<0.4)"
"Fluconazole","YHR188C",0.141125293426477,"low (<0.4)"
"Fluconazole","YHR190W",0.356318681318681,"low (<0.4)"
"Fluconazole","YHR191C",0.0233759990267271,"low (<0.4)"
"Fluconazole","YHR192W",-0.024727539151937,"low (<0.4)"
"Fluconazole","YHR193C",0.169413919413919,"low (<0.4)"
"Fluconazole","YHR194W",0.00452063006116198,"low (<0.4)"
"Fluconazole","NVJ1",0.0727597418226943,"low (<0.4)"
"Fluconazole","YHR196W",0.251419413919414,"low (<0.4)"
"Fluconazole","RIX1",0.0697046045296162,"low (<0.4)"
"Fluconazole","AIM18",0.200068942750908,"low (<0.4)"
"Fluconazole","AIM46",0.238740699904494,"low (<0.4)"
"Fluconazole","RPN10",0.16492673992674,"low (<0.4)"
"Fluconazole","YHR201C",0.155769230769231,"low (<0.4)"
"Fluconazole","YHR202W",-0.100717412826798,"low (<0.4)"
"Fluconazole","RPS4B",0.362179487179487,"low (<0.4)"
"Fluconazole","MNL1",0.136734133162378,"low (<0.4)"
"Fluconazole","SCH9",0.315201465201465,"low (<0.4)"
"Fluconazole","SKN7",-0.0217079452364961,"low (<0.4)"
"Fluconazole","YHR207C",-0.184829194937431,"low (<0.4)"
"Fluconazole","BAT1",0.534752747252747,"moderate (0.4–0.7)"
"Fluconazole","YHR209W",-0.0203950779646214,"low (<0.4)"
"Fluconazole","PHO12",0.38266970060387,"low (<0.4)"
"Fluconazole","IMD2",0.764812720538808,"high (≥0.7)"
"Fluconazole","YIL169C",0.913030908860643,"high (≥0.7)"
"Fluconazole","YIL162W",0.515088041071078,"moderate (0.4–0.7)"
"Fluconazole","YIL161W",0.114035096362988,"low (<0.4)"
"Fluconazole","YIL159W",0.0614326687674329,"low (<0.4)"
"Fluconazole","YIL158W",0.063601813336515,"low (<0.4)"
"Fluconazole","COA1",0.223580586080586,"low (<0.4)"
"Fluconazole","YIL156W-B",0.125045787545788,"low (<0.4)"
"Fluconazole","YIL156W",-0.152175181431335,"low (<0.4)"
"Fluconazole","YIL155C",-0.0487557079878738,"low (<0.4)"
"Fluconazole","IMP2'",0.187001926743505,"low (<0.4)"
"Fluconazole","RRD1",0.135937447057532,"low (<0.4)"
"Fluconazole","YIL152W",0.0561066675887915,"low (<0.4)"
"Fluconazole","YIL151C",0.0349374971747739,"low (<0.4)"
"Fluconazole","MCM10",-0.0556452429579428,"low (<0.4)"
"Fluconazole","YIL149C",0.170283882783883,"low (<0.4)"
"Fluconazole","RPL40A",0.109340659340659,"low (<0.4)"
"Fluconazole","SLN1",-0.0312965040408434,"low (<0.4)"
"Fluconazole","ATG32",0.18156102215892,"low (<0.4)"
"Fluconazole","YIL145C",0.485760073260073,"moderate (0.4–0.7)"
"Fluconazole","TID3",0.12860422405877,"low (<0.4)"
"Fluconazole","SSL2",0.320816924626797,"low (<0.4)"
"Fluconazole","CCT2",0.0081959706959707,"low (<0.4)"
"Fluconazole","AXL2",0.220536508464897,"low (<0.4)"
"Fluconazole","YIL139C",0.172349049017896,"low (<0.4)"
"Fluconazole","TPM2",0.0679945054945055,"low (<0.4)"
"Fluconazole","TMA108",0.0730344796772797,"low (<0.4)"
"Fluconazole","YIL136W",0.0952021075747979,"low (<0.4)"
"Fluconazole","YIL135C",0.107225040352101,"low (<0.4)"
"Fluconazole","YIL134W",0.143065259177039,"low (<0.4)"
"Fluconazole","RPL16A",-0.0708791208791209,"low (<0.4)"
"Fluconazole","YIL131C",0.0215566121960661,"low (<0.4)"
"Fluconazole","YIL130W",0.0333830369751687,"low (<0.4)"
"Fluconazole","TAO3",0.21570873018035,"low (<0.4)"
"Fluconazole","MET18",-0.0493143158039332,"low (<0.4)"
"Fluconazole","YIL127C",0.0601648351648352,"low (<0.4)"
"Fluconazole","STH1",0.377884615384615,"low (<0.4)"
"Fluconazole","KGD1",0.522435897435897,"moderate (0.4–0.7)"
"Fluconazole","AYR1",0.25746336996337,"low (<0.4)"
"Fluconazole","YIL123W",0.333562271062271,"low (<0.4)"
"Fluconazole","YIL122W",0.0545346272497517,"low (<0.4)"
"Fluconazole","YIL120W",0.200040157371389,"low (<0.4)"
"Fluconazole","YIL118W",0.0325095296441817,"low (<0.4)"
"Fluconazole","YIL117C",0.395289243187502,"low (<0.4)"
"Fluconazole","YIL116W",0.171150544910913,"low (<0.4)"
"Fluconazole","NUP159",0.0248179861975458,"low (<0.4)"
"Fluconazole","POR2",0.322982509771051,"low (<0.4)"
"Fluconazole","YIL113W",0.106779211951022,"low (<0.4)"
"Fluconazole","YIL112W",0.0926979475558392,"low (<0.4)"
"Fluconazole","YIL111W",0.195539339490772,"low (<0.4)"
"Fluconazole","HPM1",0.0466575091575092,"low (<0.4)"
"Fluconazole","SEC24",0.30782967032967,"low (<0.4)"
"Fluconazole","YIL108W",-0.0061369362726469,"low (<0.4)"
"Fluconazole","PFK26",0.0591216040392544,"low (<0.4)"
"Fluconazole","YIL106W",0.145606062349997,"low (<0.4)"
"Fluconazole","SLM1",0.408444892719604,"moderate (0.4–0.7)"
"Fluconazole","YIL104C",0.0491379114112403,"low (<0.4)"
"Fluconazole","DPH1",0.155511034534885,"low (<0.4)"
"Fluconazole","YIL102C-A",-0.100321661197749,"low (<0.4)"
"Fluconazole","YIL098C",0.00746354083197875,"low (<0.4)"
"Fluconazole","FYV10",0.00922512523537979,"low (<0.4)"
"Fluconazole","YIL096C",0.318327270850637,"low (<0.4)"
"Fluconazole","PRK1",-0.0719306773683883,"low (<0.4)"
"Fluconazole","LYS12",0.583516483516483,"moderate (0.4–0.7)"
"Fluconazole","YIL093C",0.148874057734222,"low (<0.4)"
"Fluconazole","YIL092W",0.0285680453538965,"low (<0.4)"
"Fluconazole","YIL091C",-0.0335180182594161,"low (<0.4)"
"Fluconazole","YIL090W",0.356414336268043,"low (<0.4)"
"Fluconazole","YIL088C",0.193954665034773,"low (<0.4)"
"Fluconazole","AIM19",0.27840102597985,"low (<0.4)"
"Fluconazole","YIL085C",-0.076880809641475,"low (<0.4)"
"Fluconazole","YIL084C",0.104923291049508,"low (<0.4)"
"Fluconazole","YIL083C",0.162129365687515,"low (<0.4)"
"Fluconazole","YIL079C",-0.142896394754382,"low (<0.4)"
"Fluconazole","THS1",0.228800366300366,"low (<0.4)"
"Fluconazole","YIL077C",0.185300516383146,"low (<0.4)"
"Fluconazole","SEC28",0.279716117216117,"low (<0.4)"
"Fluconazole","RPN2",0.141712454212454,"low (<0.4)"
"Fluconazole","YIL074C",0.197481684981685,"low (<0.4)"
"Fluconazole","PCI8",0.246293163094761,"low (<0.4)"
"Fluconazole","YIL070C",0.525460206978661,"moderate (0.4–0.7)"
"Fluconazole","RPS24B",0.379349816849817,"low (<0.4)"
"Fluconazole","YIL068C",0.0848189259699775,"low (<0.4)"
"Fluconazole","YIL067C",0.163770691381165,"low (<0.4)"
"Fluconazole","FIS1",0.0820980093690391,"low (<0.4)"
"Fluconazole","YIL064W",0.182783882783883,"low (<0.4)"
"Fluconazole","YIL063C",0.174130036630037,"low (<0.4)"
"Fluconazole","YIL062C",-0.00705128205128205,"low (<0.4)"
"Fluconazole","SNP1",0.212339897505846,"low (<0.4)"
"Fluconazole","YIL056W",0.0741334310956212,"low (<0.4)"
"Fluconazole","RHR2",0.421016483516484,"moderate (0.4–0.7)"
"Fluconazole","RPL34B",0.094047619047619,"low (<0.4)"
"Fluconazole","MMF1",0.574725274725275,"moderate (0.4–0.7)"
"Fluconazole","YIL050W",-0.0891747224979689,"low (<0.4)"
"Fluconazole","YIL049W",-0.0430492487042634,"low (<0.4)"
"Fluconazole","YIL048W",0.173580586080586,"low (<0.4)"
"Fluconazole","YIL047C",0.131043956043956,"low (<0.4)"
"Fluconazole","MET30",0.147724150563238,"low (<0.4)"
"Fluconazole","YIL045W",0.0305189597892084,"low (<0.4)"
"Fluconazole","AGE2",0.107738095238095,"low (<0.4)"
"Fluconazole","CBR1",0.470283882783883,"moderate (0.4–0.7)"
"Fluconazole","YIL042C",-0.0259802810910951,"low (<0.4)"
"Fluconazole","YIL041W",0.0955586080586081,"low (<0.4)"
"Fluconazole","YIL040W",0.365567765567766,"low (<0.4)"
"Fluconazole","YIL039W",0.151968864468864,"low (<0.4)"
"Fluconazole","YIL038C",-0.0448998285712777,"low (<0.4)"
"Fluconazole","CST6",-0.117450432835249,"low (<0.4)"
"Fluconazole","CKA1",0.15279304029304,"low (<0.4)"
"Fluconazole","YIL034C",0.154166666666667,"low (<0.4)"
"Fluconazole","BCY1",0.129166666666667,"low (<0.4)"
"Fluconazole","ULP2",-0.125417830618225,"low (<0.4)"
"Fluconazole","SSM4",0.0352564102564102,"low (<0.4)"
"Fluconazole","YIL029C",0.640082582856864,"moderate (0.4–0.7)"
"Fluconazole","KRE27",0.352106227106227,"low (<0.4)"
"Fluconazole","IRR1",0.0570414074051058,"low (<0.4)"
"Fluconazole","YIL024C",0.14990475729376,"low (<0.4)"
"Fluconazole","YIL023C",-0.0360822382355463,"low (<0.4)"
"Fluconazole","TIM44",0.332234432234432,"low (<0.4)"
"Fluconazole","RPB3",0.314838768779427,"low (<0.4)"
"Fluconazole","YIL020C",0.227714498445773,"low (<0.4)"
"Fluconazole","YIL019W",-0.0673534798534799,"low (<0.4)"
"Fluconazole","RPL2B",0.117032967032967,"low (<0.4)"
"Fluconazole","VID28",-0.0241087319195092,"low (<0.4)"
"Fluconazole","YIL016W",0.193681318681319,"low (<0.4)"
"Fluconazole","YIL014W",0.0789745109305127,"low (<0.4)"
"Fluconazole","YIL013C",0.300490378887918,"low (<0.4)"
"Fluconazole","TIR3",0.463278388278388,"moderate (0.4–0.7)"
"Fluconazole","YIL010W",0.345482852141113,"low (<0.4)"
"Fluconazole","YIL009C-A",0.293528711964984,"low (<0.4)"
"Fluconazole","YIL009W",0.236595082440442,"low (<0.4)"
"Fluconazole","YIL008W",0.22275641025641,"low (<0.4)"
"Fluconazole","YIL007C",0.128912600766674,"low (<0.4)"
"Fluconazole","YIL005W",-0.00865384615384615,"low (<0.4)"
"Fluconazole","BET1",0.134662713638786,"low (<0.4)"
"Fluconazole","CFD1",0.297233255894656,"low (<0.4)"
"Fluconazole","YIL002W-A",-0.0764652014652015,"low (<0.4)"
"Fluconazole","INP51",0.0757050132982575,"low (<0.4)"
"Fluconazole","YIL001W",-0.0589314407803304,"low (<0.4)"
"Fluconazole","SGN1",0.0289256198347107,"low (<0.4)"
"Fluconazole","YIR002C",0.184709169458019,"low (<0.4)"
"Fluconazole","YIR003W",0.162269857078677,"low (<0.4)"
"Fluconazole","DJP1",0.0413237331040479,"low (<0.4)"
"Fluconazole","IST3",0.0374594573132998,"low (<0.4)"
"Fluconazole","PAN1",0.0159340659340659,"low (<0.4)"
"Fluconazole","YIR007W",-0.230074576403512,"low (<0.4)"
"Fluconazole","YIR008C",0.00795242319830814,"low (<0.4)"
"Fluconazole","YIR010W",0.144892239375501,"low (<0.4)"
"Fluconazole","STS1",-0.129075091575092,"low (<0.4)"
"Fluconazole","YIR012W",0.368315018315018,"low (<0.4)"
"Fluconazole","YIR014W",0.117256621387479,"low (<0.4)"
"Fluconazole","YIR016W",0.061903126479355,"low (<0.4)"
"Fluconazole","MUC1",0.446923284253578,"moderate (0.4–0.7)"
"Fluconazole","ICR1",0.135942532563827,"low (<0.4)"
"Fluconazole","MRS1",0.118804646555759,"low (<0.4)"
"Fluconazole","YIR022W",0.254349816849817,"low (<0.4)"
"Fluconazole","DAL81",0.0018625989084926,"low (<0.4)"
"Fluconazole","YIR024C",0.0584192543497018,"low (<0.4)"
"Fluconazole","YIR025W",-0.0707380749501052,"low (<0.4)"
"Fluconazole","YIR026C",0.265384615384615,"low (<0.4)"
"Fluconazole","DAL7",0.10285272626704,"low (<0.4)"
"Fluconazole","YIR033W",0.269004910788123,"low (<0.4)"
"Fluconazole","YIR034C",0.42090683275231,"moderate (0.4–0.7)"
"Fluconazole","YIR035C",0.108424908424908,"low (<0.4)"
"Fluconazole","YIR036C",0.190933029299278,"low (<0.4)"
"Fluconazole","HYR1",0.323809523809524,"low (<0.4)"
"Fluconazole","YIR038C",0.445952906999307,"moderate (0.4–0.7)"
"Fluconazole","YIR042C",0.55600300232867,"moderate (0.4–0.7)"
"Fluconazole","YCL064C",0.532783882783883,"moderate (0.4–0.7)"
"Fluconazole","VAC17",0.282100298785639,"low (<0.4)"
"Fluconazole","MRC1",0.0021073126901685,"low (<0.4)"
"Fluconazole","YCL059C",0.366437728937729,"low (<0.4)"
"Fluconazole","YCL058W-A",0.104824491351658,"low (<0.4)"
"Fluconazole","MOS1",0.517445054945055,"moderate (0.4–0.7)"
"Fluconazole","YCL057W",0.0808608058608059,"low (<0.4)"
"Fluconazole","YCL056C",0.0919040205146991,"low (<0.4)"
"Fluconazole","YCL055W",0.0981934251933297,"low (<0.4)"
"Fluconazole","YCL054W",-0.00480769230769231,"low (<0.4)"
"Fluconazole","YCL052C",-0.200826570345564,"low (<0.4)"
"Fluconazole","YCL051W",0.0717017607756572,"low (<0.4)"
"Fluconazole","APA1",0.293177655677656,"low (<0.4)"
"Fluconazole","YCL049C",0.558954165153952,"moderate (0.4–0.7)"
"Fluconazole","YCL047C",0.159662723813559,"low (<0.4)"
"Fluconazole","YCL045C",0.0125001430885375,"low (<0.4)"
"Fluconazole","YCL044C",-0.152344964155551,"low (<0.4)"
"Fluconazole","PDI1",0.305128205128205,"low (<0.4)"
"Fluconazole","GLK1",0.20764652014652,"low (<0.4)"
"Fluconazole","GID7",0.0938370681440728,"low (<0.4)"
"Fluconazole","ATG22",0.0454991019629951,"low (<0.4)"
"Fluconazole","YCL037C",0.400549450549451,"moderate (0.4–0.7)"
"Fluconazole","GFD2",0.0638599109135118,"low (<0.4)"
"Fluconazole","YCL035C",0.131318681318681,"low (<0.4)"
"Fluconazole","YCL034W",0.267722844830324,"low (<0.4)"
"Fluconazole","MXR2",0.0348218271752115,"low (<0.4)"
"Fluconazole","YCL032W",-0.0440169475003035,"low (<0.4)"
"Fluconazole","YCL031C",0.135120594338,"low (<0.4)"
"Fluconazole","YCL030C",0.359677641294691,"low (<0.4)"
"Fluconazole","BIK1",0.0851464270935231,"low (<0.4)"
"Fluconazole","RNQ1",0.234569597069597,"low (<0.4)"
"Fluconazole","HBN1",0.483844446535881,"moderate (0.4–0.7)"
"Fluconazole","AGP1",0.492541926911714,"moderate (0.4–0.7)"
"Fluconazole","YCL024W",0.218223111360136,"low (<0.4)"
"Fluconazole","YCL018W",0.565024782829862,"moderate (0.4–0.7)"
"Fluconazole","NFS1",-0.0985347985347985,"low (<0.4)"
"Fluconazole","YCL016C",-0.208170613630068,"low (<0.4)"
"Fluconazole","BUD3",-0.127003757741793,"low (<0.4)"
"Fluconazole","YCL012C",0.0481227106227106,"low (<0.4)"
"Fluconazole","GBP2",-0.146336996336996,"low (<0.4)"
"Fluconazole","YCL010C",-0.12473695745765,"low (<0.4)"
"Fluconazole","YCL009C",0.313324175824176,"low (<0.4)"
"Fluconazole","STP22",-0.104395604395604,"low (<0.4)"
"Fluconazole","VMA9",0.11753663003663,"low (<0.4)"
"Fluconazole","YCL005W",0.0877397963009832,"low (<0.4)"
"Fluconazole","PGS1",-0.410625065986874,"low (<0.4)"
"Fluconazole","YCL002C",0.158815920522316,"low (<0.4)"
"Fluconazole","YCL001W",0.350549450549451,"low (<0.4)"
"Fluconazole","YCR002C",0.0587454212454212,"low (<0.4)"
"Fluconazole","MRPL32",0.185027472527473,"low (<0.4)"
"Fluconazole","YCR004C",0.251007326007326,"low (<0.4)"
"Fluconazole","YCR005C",0.272118499542777,"low (<0.4)"
"Fluconazole","YCR007C",-0.0286086854310233,"low (<0.4)"
"Fluconazole","SAT4",0.234597861672657,"low (<0.4)"
"Fluconazole","RVS161",-0.0708791208791209,"low (<0.4)"
"Fluconazole","YCR011C",0.0737187925734261,"low (<0.4)"
"Fluconazole","YCR012W",0.232738095238095,"low (<0.4)"
"Fluconazole","POL4",-0.0057954312998629,"low (<0.4)"
"Fluconazole","YCR015C",0.18684547703427,"low (<0.4)"
"Fluconazole","YCR016W",0.143727106227106,"low (<0.4)"
"Fluconazole","YCR017C",-0.114423076923077,"low (<0.4)"
"Fluconazole","YCR019W",0.207937473762771,"low (<0.4)"
"Fluconazole","PET18",0.380004366569409,"low (<0.4)"
"Fluconazole","MAK31",0.364468864468864,"low (<0.4)"
"Fluconazole","YCR020W-B",0.0095010245086869,"low (<0.4)"
"Fluconazole","YCR023C",0.0195101849153404,"low (<0.4)"
"Fluconazole","YCR024C",0.0626557192494953,"low (<0.4)"
"Fluconazole","YCR024C-B",0.478342490842491,"moderate (0.4–0.7)"
"Fluconazole","YCR024C-A",0.305142177159493,"low (<0.4)"
"Fluconazole","YCR026C",-0.0175368307798896,"low (<0.4)"
"Fluconazole","RHB1",0.083478752789289,"low (<0.4)"
"Fluconazole","YCR028C",-0.0499564998921079,"low (<0.4)"
"Fluconazole","YCR028C-A",0.288644688644689,"low (<0.4)"
"Fluconazole","SYP1",0.0528412473652544,"low (<0.4)"
"Fluconazole","RPS14A",0.0564102564102564,"low (<0.4)"
"Fluconazole","YCR032W",0.0264667162882881,"low (<0.4)"
"Fluconazole","YCR033W",-0.171041335191325,"low (<0.4)"
"Fluconazole","FEN1",0.200457875457875,"low (<0.4)"
"Fluconazole","YCR035C",0.132692307692308,"low (<0.4)"
"Fluconazole","YCR036W",0.164796923108796,"low (<0.4)"
"Fluconazole","YCR037C",0.174130036630037,"low (<0.4)"
"Fluconazole","YCR038C",-0.174819428061377,"low (<0.4)"
"Fluconazole","YCR041W",0.265070327867235,"low (<0.4)"
"Fluconazole","TAF2",0.153957115380638,"low (<0.4)"
"Fluconazole","YCR043C",0.384294871794872,"low (<0.4)"
"Fluconazole","PER1",0.176602564102564,"low (<0.4)"
"Fluconazole","YCR046C",0.293956043956044,"low (<0.4)"
"Fluconazole","YCR047C",0.223122710622711,"low (<0.4)"
"Fluconazole","ARE1",0.0379709151693565,"low (<0.4)"
"Fluconazole","YCR051W",0.310989010989011,"low (<0.4)"
"Fluconazole","YCR052W",0.127289377289377,"low (<0.4)"
"Fluconazole","YCR053W",0.123672161172161,"low (<0.4)"
"Fluconazole","YCR054C",-0.0783540450236911,"low (<0.4)"
"Fluconazole","PWP2",0.342952643711156,"low (<0.4)"
"Fluconazole","YCR059C",0.122289640183169,"low (<0.4)"
"Fluconazole","YCR060W",0.58992673992674,"moderate (0.4–0.7)"
"Fluconazole","YCR061W",0.187294646611186,"low (<0.4)"
"Fluconazole","BUD31",-0.0382939944422585,"low (<0.4)"
"Fluconazole","YCR065W",0.0293053711557737,"low (<0.4)"
"Fluconazole","YCR066W",0.242281401963483,"low (<0.4)"
"Fluconazole","YCR067C",0.119827378984258,"low (<0.4)"
"Fluconazole","CPR4",0.190018315018315,"low (<0.4)"
"Fluconazole","YCR071C",0.356456043956044,"low (<0.4)"
"Fluconazole","YCR072C",-0.144232420252355,"low (<0.4)"
"Fluconazole","YCR073C",-0.115531145937599,"low (<0.4)"
"Fluconazole","SOL2",0.197994413871196,"low (<0.4)"
"Fluconazole","YCR075C",-0.0176572495828036,"low (<0.4)"
"Fluconazole","YCR075W-A",0.0761023857201498,"low (<0.4)"
"Fluconazole","YCR076C",-0.124928433201954,"low (<0.4)"
"Fluconazole","PAT1",0.216025641025641,"low (<0.4)"
"Fluconazole","PTC6",-0.132492296843804,"low (<0.4)"
"Fluconazole","SRB8",0.29615405690315,"low (<0.4)"
"Fluconazole","YCR082W",0.391758241758242,"low (<0.4)"
"Fluconazole","YCR083W",0.0621965751941417,"low (<0.4)"
"Fluconazole","TUP1",-0.0306318681318681,"low (<0.4)"
"Fluconazole","YCR086W",-0.182056191487141,"low (<0.4)"
"Fluconazole","YCR087C-A",0.244379321653694,"low (<0.4)"
"Fluconazole","YCR088W",0.15485347985348,"low (<0.4)"
"Fluconazole","YCR089W",0.0723590310055405,"low (<0.4)"
"Fluconazole","YCR090C",0.187960027027276,"low (<0.4)"
"Fluconazole","YCR092C",0.0842383523667386,"low (<0.4)"
"Fluconazole","CDC39",0.101190476190476,"low (<0.4)"
"Fluconazole","YCR094W",0.0369539335103947,"low (<0.4)"
"Fluconazole","YCR095C",-0.0921819373174372,"low (<0.4)"
"Fluconazole","HMRA1",0.168093777363821,"low (<0.4)"
"Fluconazole","YFL062W",0.849140124714714,"high (≥0.7)"
"Fluconazole","YFL054C",0.18500237304224,"low (<0.4)"
"Fluconazole","YFL049W",0.125431879537657,"low (<0.4)"
"Fluconazole","YFL048C",0.0619047619047619,"low (<0.4)"
"Fluconazole","YFL047W",0.0976124885215794,"low (<0.4)"
"Fluconazole","YFL046W",0.0716970945587075,"low (<0.4)"
"Fluconazole","SEC53",0.45801282051282,"moderate (0.4–0.7)"
"Fluconazole","OTU1",0.241494955648984,"low (<0.4)"
"Fluconazole","YFL042C",0.0509755435869512,"low (<0.4)"
"Fluconazole","YFL041W-A",-0.0153623886647521,"low (<0.4)"
"Fluconazole","YFL041W",0.0856227106227106,"low (<0.4)"
"Fluconazole","ACT1",0.184249084249084,"low (<0.4)"
"Fluconazole","YPT1",0.264972527472527,"low (<0.4)"
"Fluconazole","TUB2",0.237591575091575,"low (<0.4)"
"Fluconazole","YFL036W",0.0498883864984254,"low (<0.4)"
"Fluconazole","MOB2",0.105240262660761,"low (<0.4)"
"Fluconazole","RPL22B",0.48974358974359,"moderate (0.4–0.7)"
"Fluconazole","YFL034W",0.188570381903105,"low (<0.4)"
"Fluconazole","RIM15",0.163478061633635,"low (<0.4)"
"Fluconazole","HAC1",0.189102564102564,"low (<0.4)"
"Fluconazole","CAK1",-0.0631048339551469,"low (<0.4)"
"Fluconazole","YFL028C",0.108658821488517,"low (<0.4)"
"Fluconazole","BST1",0.193057193680732,"low (<0.4)"
"Fluconazole","YFL024C",0.0533760960859022,"low (<0.4)"
"Fluconazole","BUD27",-0.117127223608599,"low (<0.4)"
"Fluconazole","FRS2",0.0450091575091575,"low (<0.4)"
"Fluconazole","GAT1",0.108746535834479,"low (<0.4)"
"Fluconazole","LPD1",0.354899267399267,"low (<0.4)"
"Fluconazole","SMX2",0.285302197802198,"low (<0.4)"
"Fluconazole","GNA1",0.1394081621794,"low (<0.4)"
"Fluconazole","YFL016C",0.146097133558674,"low (<0.4)"
"Fluconazole","HSP12",0.131225976854218,"low (<0.4)"
"Fluconazole","YFL013C",0.0720530793529705,"low (<0.4)"
"Fluconazole","YFL010C",0.298626373626374,"low (<0.4)"
"Fluconazole","YFL009W",0.192782962412524,"low (<0.4)"
"Fluconazole","SMC1",0.217800472201173,"low (<0.4)"
"Fluconazole","BLM10",0.151100630740563,"low (<0.4)"
"Fluconazole","SEC4",-0.122985347985348,"low (<0.4)"
"Fluconazole","VTC2",-0.0358058608058608,"low (<0.4)"
"Fluconazole","YFL002C",0.0260763058202274,"low (<0.4)"
"Fluconazole","DEG1",0.122592906661594,"low (<0.4)"
"Fluconazole","YFR001W",0.357005494505494,"low (<0.4)"
"Fluconazole","YFR002W",0.0762820512820513,"low (<0.4)"
"Fluconazole","YFR003C",-0.00652629424984978,"low (<0.4)"
"Fluconazole","RPN11",0.0320054945054945,"low (<0.4)"
"Fluconazole","YFR005C",0.200986732919909,"low (<0.4)"
"Fluconazole","YFR006W",0.427197802197802,"moderate (0.4–0.7)"
"Fluconazole","YFH7",0.207115149633454,"low (<0.4)"
"Fluconazole","YFR009W",0.267673992673993,"low (<0.4)"
"Fluconazole","YFR010W",0.0808608058608059,"low (<0.4)"
"Fluconazole","AIM13",0.31996336996337,"low (<0.4)"
"Fluconazole","YFR013W",0.274205372376529,"low (<0.4)"
"Fluconazole","YFR014C",-0.0118821401588864,"low (<0.4)"
"Fluconazole","YFR015C",-0.099041552317735,"low (<0.4)"
"Fluconazole","YFR016C",0.136996336996337,"low (<0.4)"
"Fluconazole","YFR017C",-0.115898553949039,"low (<0.4)"
"Fluconazole","YFR018C",-0.0633615754522555,"low (<0.4)"
"Fluconazole","FAB1",0.0482995537347243,"low (<0.4)"
"Fluconazole","YFR020W",0.429138592760357,"moderate (0.4–0.7)"
"Fluconazole","ATG18",0.200801703243067,"low (<0.4)"
"Fluconazole","ROG3",-0.0330369568063099,"low (<0.4)"
"Fluconazole","LSB3",0.0226422005761237,"low (<0.4)"
"Fluconazole","YFR025C",-0.0037547506793335,"low (<0.4)"
"Fluconazole","YFR026C",0.204438540868579,"low (<0.4)"
"Fluconazole","ECO1",0.0282198457459291,"low (<0.4)"
"Fluconazole","CDC14",-0.0819565162112715,"low (<0.4)"
"Fluconazole","PTR3",0.121859108546006,"low (<0.4)"
"Fluconazole","YFR030W",0.551689407253968,"moderate (0.4–0.7)"
"Fluconazole","YFR031C",0.316717423411125,"low (<0.4)"
"Fluconazole","RPL2A",0.266987179487179,"low (<0.4)"
"Fluconazole","RPL29",0.204532967032967,"low (<0.4)"
"Fluconazole","YFR032C-B",0.143152748421547,"low (<0.4)"
"Fluconazole","QCR6",0.834615384615385,"high (≥0.7)"
"Fluconazole","CDC26",0.170800413349253,"low (<0.4)"
"Fluconazole","RSC8",-0.0596153846153846,"low (<0.4)"
"Fluconazole","YFR038W",0.0438898746753012,"low (<0.4)"
"Fluconazole","YFR039C",-0.242589625601097,"low (<0.4)"
"Fluconazole","YFR040W",0.0272906268888142,"low (<0.4)"
"Fluconazole","YFR041C",0.0133478335606159,"low (<0.4)"
"Fluconazole","YFR042W",-0.0468481671702691,"low (<0.4)"
"Fluconazole","YFR043C",0.123870753279689,"low (<0.4)"
"Fluconazole","YFR044C",0.216025641025641,"low (<0.4)"
"Fluconazole","YFR045W",0.227825491016139,"low (<0.4)"
"Fluconazole","YFR046C",0.0871552435294825,"low (<0.4)"
"Fluconazole","BNA6",0.157104263180405,"low (<0.4)"
"Fluconazole","YFR048W",-0.0640364833335604,"low (<0.4)"
"Fluconazole","YFR049W",0.0796336582207566,"low (<0.4)"
"Fluconazole","YFR050C",0.0585164835164835,"low (<0.4)"
"Fluconazole","YFR051C",0.239789377289377,"low (<0.4)"
"Fluconazole","RPN12",0.335210622710623,"low (<0.4)"
"Fluconazole","YFR055W",0.650875236986516,"moderate (0.4–0.7)"
"Fluconazole","YAL061W",0.132413473233015,"low (<0.4)"
"Fluconazole","BDH1",0.375503663003663,"low (<0.4)"
"Fluconazole","YAL059W",0.355540293040293,"low (<0.4)"
"Fluconazole","CNE1",0.153842633341032,"low (<0.4)"
"Fluconazole","GPB2",0.191125762313941,"low (<0.4)"
"Fluconazole","PEX22",0.0891980632498919,"low (<0.4)"
"Fluconazole","ACS1",0.290060989541799,"low (<0.4)"
"Fluconazole","FLC2",-0.157692307692308,"low (<0.4)"
"Fluconazole","OAF1",-0.0639263749804996,"low (<0.4)"
"Fluconazole","YAL049C",0.170283882783883,"low (<0.4)"
"Fluconazole","SPC72",0.276844046277997,"low (<0.4)"
"Fluconazole","YAL046C",0.34459706959707,"low (<0.4)"
"Fluconazole","YAL044W-A",0.193589743589744,"low (<0.4)"
"Fluconazole","YAL044C",0.277106227106227,"low (<0.4)"
"Fluconazole","PTA1",0.197527472527473,"low (<0.4)"
"Fluconazole","ERV46",0.0352106227106227,"low (<0.4)"
"Fluconazole","CDC24",-0.130904678256319,"low (<0.4)"
"Fluconazole","CLN3",-0.0333333333333333,"low (<0.4)"
"Fluconazole","CYC3",0.234981684981685,"low (<0.4)"
"Fluconazole","CDC19",0.53228021978022,"moderate (0.4–0.7)"
"Fluconazole","RBG1",0.114239926739927,"low (<0.4)"
"Fluconazole","FUN12",0.162179487179487,"low (<0.4)"
"Fluconazole","MTW1",0.146122825406967,"low (<0.4)"
"Fluconazole","YAL034C",-0.00796894876823763,"low (<0.4)"
"Fluconazole","POP5",0.194555736166121,"low (<0.4)"
"Fluconazole","PRP45",0.22090868418683,"low (<0.4)"
"Fluconazole","GIP4",0.000871000509344912,"low (<0.4)"
"Fluconazole","YAL030W",0.240934065934066,"low (<0.4)"
"Fluconazole","MYO4",-0.190547052977834,"low (<0.4)"
"Fluconazole","FRT2",0.219689059805719,"low (<0.4)"
"Fluconazole","YAL027W",0.0927533829868123,"low (<0.4)"
"Fluconazole","DRS2",-0.0591592714373479,"low (<0.4)"
"Fluconazole","YAL025C",0.290155677655678,"low (<0.4)"
"Fluconazole","LTE1",-0.00378050177569023,"low (<0.4)"
"Fluconazole","PMT2",0.159935897435897,"low (<0.4)"
"Fluconazole","YAL022C",0.115975913643822,"low (<0.4)"
"Fluconazole","CCR4",0.143498168498168,"low (<0.4)"
"Fluconazole","ATS1",0.213373030554193,"low (<0.4)"
"Fluconazole","YAL019W",-0.0414195766881394,"low (<0.4)"
"Fluconazole","PSK1",0.215572173599019,"low (<0.4)"
"Fluconazole","TPD3",0.176373626373626,"low (<0.4)"
"Fluconazole","NTG1",0.117395842572866,"low (<0.4)"
"Fluconazole","SYN8",0.302475989900654,"low (<0.4)"
"Fluconazole","DEP1",-0.0151390236384685,"low (<0.4)"
"Fluconazole","CYS3",0.612545787545787,"moderate (0.4–0.7)"
"Fluconazole","SWC3",-0.186241400432199,"low (<0.4)"
"Fluconazole","MDM10",-0.0666390717837667,"low (<0.4)"
"Fluconazole","YAL009W",0.13052438745134,"low (<0.4)"
"Fluconazole","YAL008W",-0.195154919551846,"low (<0.4)"
"Fluconazole","YAL007C",0.171886446886447,"low (<0.4)"
"Fluconazole","SSA1",0.475091575091575,"moderate (0.4–0.7)"
"Fluconazole","EFB1",0.126419413919414,"low (<0.4)"
"Fluconazole","VPS8",-0.183333525111952,"low (<0.4)"
"Fluconazole","TFC3",0.0858582394269708,"low (<0.4)"
"Fluconazole","YAR002W",0.141627364038762,"low (<0.4)"
"Fluconazole","YAR002C-A",0.262179487179487,"low (<0.4)"
"Fluconazole","SWD1",-0.299289350575064,"low (<0.4)"
"Fluconazole","RFA1",-0.0297242837268026,"low (<0.4)"
"Fluconazole","SEN34",0.0369064517993025,"low (<0.4)"
"Fluconazole","YAR014C",0.298355063607729,"low (<0.4)"
"Fluconazole","YAR015W",0.48615483239028,"moderate (0.4–0.7)"
"Fluconazole","KIN3",0.0923157445230009,"low (<0.4)"
"Fluconazole","CDC15",0.111432383639607,"low (<0.4)"
"Fluconazole","YAR027W",0.497404591054985,"moderate (0.4–0.7)"
"Fluconazole","YAR031W",0.453820598006644,"moderate (0.4–0.7)"
"Fluconazole","YAR033W",0.491048155816045,"moderate (0.4–0.7)"
"Fluconazole","SWH1",0.0345257856079052,"low (<0.4)"
"Fluconazole","YAR068W",0.722013336906717,"high (≥0.7)"
"Fluconazole","COX1",0.650869963369963,"moderate (0.4–0.7)"
"Fluconazole","ATP6",0.61506928148577,"moderate (0.4–0.7)"
"Fluconazole","COB",0.303113553113553,"low (<0.4)"
"Fluconazole","OLI1",0.472802197802198,"moderate (0.4–0.7)"
"Fluconazole","VAR1",0.13533593909942,"low (<0.4)"
"Fluconazole","COX3",-0.0251380203890642,"low (<0.4)"
"Fluconazole","NATMX",-0.0841565173199117,"low (<0.4)"
