SNP	CHR	BP	P
rs_chromosome5_63498	5	63498	2.26726821547293e-06
rs_chromosome5_63676	5	63676	2.26726821547293e-06
rs_chromosome12_92092	12	92092	6.75625065289693e-06
rs_chromosome4_464078	4	464078	9.64956432255481e-06
rs_chromosome7_345530	7	345530	1.07108026039326e-05
rs_chromosome12_620961	12	620961	7.30753489475761e-07
rs_chromosome9_334221	9	334221	3.92790108670984e-06
rs_chromosome16_369350	16	369350	1.00031652857603e-05
rs_chromosome16_369255	16	369255	1.00031652857603e-05
rs_chromosome8_143824	8	143824	4.13922410738718e-06
rs_chromosome15_106264	15	106264	1.24309405327623e-05
rs_chromosome7_252406	7	252406	1.40505718779693e-05
rs_chromosome16_298560	16	298560	2.1402410941423e-05
rs_chromosome13_32504	13	32504	1.60530883524626e-06
rs_chromosome12_745460	12	745460	2.26182896077511e-05
rs_chromosome7_323602	7	323602	2.26864172608126e-05
rs_chromosome13_606777	13	606777	1.96285873930509e-05
rs_chromosome13_606680	13	606680	1.96285873930509e-05
rs_chromosome7_947039	7	947039	8.86779504570603e-06
rs_chromosome12_747836	12	747836	1.35882502373225e-05
rs_chromosome7_986277	7	986277	4.06378681125473e-06
rs_chromosome4_1229336	4	1229336	4.97009914598058e-06
rs_chromosome11_387050	11	387050	5.20502448273309e-06
rs_chromosome11_387052	11	387052	5.4573126474999e-06
rs_chromosome11_387069	11	387069	5.4573126474999e-06
rs_chromosome11_387042	11	387042	5.59849521005233e-06
rs_chromosome11_388522	11	388522	7.43533339874467e-06
rs_chromosome4_1229808	4	1229808	1.29330426907323e-05
rs_chromosome14_755171	14	755171	2.43897509231969e-05
rs_chromosome8_117605	8	117605	2.37045172430994e-05
rs_chromosome8_252398	8	252398	1.6141964140144e-05
rs_chromosome12_790500	12	790500	4.33598734233319e-06
rs_chromosome16_171729	16	171729	1.80197461137779e-05
rs_chromosome4_1246650	4	1246650	1.97504051703805e-05
rs_chromosome4_1200872	4	1200872	2.42531834120128e-05
rs_chromosome2_119604	2	119604	4.28745372613939e-06
rs_chromosome2_60471	2	60471	7.43311276382946e-06
rs_chromosome11_24282	11	24282	8.96587494027322e-06
rs_chromosome2_753909	2	753909	1.87550083970115e-05
rs_chromosome12_667773	12	667773	5.91096548464721e-06
rs_chromosome15_70998	15	70998	2.95339869016692e-07
rs_chromosome15_70941	15	70941	1.49327591924537e-06
rs_chromosome15_71038	15	71038	1.49327591924537e-06
rs_chromosome16_192874	16	192874	1.517609311544e-06
rs_chromosome5_26417	5	26417	8.25568524022571e-06
rs_chromosome15_417786	15	417786	9.03289635181553e-06
rs_chromosome15_1004499	15	1004499	1.10583185779568e-05
rs_chromosome4_339528	4	339528	1.39758857302801e-05
rs_chromosome7_952040	7	952040	1.34322128081447e-05
rs_chromosome15_958080	15	958080	1.07870607992276e-05
rs_chromosome3_212942	3	212942	2.63729312658611e-05
rs_chromosome11_302514	11	302514	1.22038831584139e-05
rs_chromosome15_57010	15	57010	1.93306079533844e-05
rs_chromosome11_478766	11	478766	8.82564306635804e-06
rs_chromosome13_325729	13	325729	6.22098410928567e-06
rs_chromosome2_424154	2	424154	1.20800564568988e-05
rs_chromosome15_993650	15	993650	9.04161261272915e-06
rs_chromosome8_371481	8	371481	1.08118393330392e-05
rs_chromosome8_96527	8	96527	1.55013653214693e-05
rs_chromosome4_126981	4	126981	5.80332049445639e-06
rs_chromosome13_588348	13	588348	7.3646425339387e-06
rs_chromosome10_387183	10	387183	1.88688360782057e-05
rs_chromosome14_742180	14	742180	2.55323489219767e-05
rs_chromosome4_432606	4	432606	1.03371028365427e-05
rs_chromosome7_793218	7	793218	1.54687578864216e-05
rs_chromosome8_142302	8	142302	1.57346979881816e-05
rs_chromosome4_1455714	4	1455714	6.40058319022617e-06
rs_chromosome11_615433	11	615433	1.82547335897547e-05
rs_chromosome14_150370	14	150370	6.52009521225047e-06
rs_chromosome5_417297	5	417297	3.65798633787986e-06
rs_chromosome15_821758	15	821758	2.16298706277793e-05
rs_chromosome6_168122	6	168122	1.1454193038909e-05
rs_chromosome6_168117	6	168117	1.1454193038909e-05
rs_chromosome14_725367	14	725367	6.23841480464686e-06
rs_chromosome10_611160	10	611160	6.56764764438602e-06
rs_chromosome13_440381	13	440381	4.23606394499148e-05
rs_chromosome10_87904	10	87904	7.46174891503889e-06
rs_chromosome16_821491	16	821491	9.85459003561958e-06
rs_chromosome3_171878	3	171878	3.3503865955027e-07
rs_chromosome14_414682	14	414682	7.14650427309744e-07
rs_chromosome14_414277	14	414277	1.36988569042601e-05
rs_chromosome4_297848	4	297848	2.02549099667969e-05
rs_chromosome15_229674	15	229674	2.37464918619721e-05
rs_chromosome5_180421	5	180421	2.44019213163831e-05
rs_chromosome5_180547	5	180547	2.44019213163831e-05
rs_chromosome16_549709	16	549709	1.36927896594907e-05
rs_chromosome8_185064	8	185064	1.06468461655472e-05
rs_chromosome12_532146	12	532146	8.43706061869636e-06
rs_chromosome2_135183	2	135183	1.05937175840732e-06
rs_chromosome4_566726	4	566726	4.2487083054005e-06
rs_chromosome4_566637	4	566637	1.16120363052708e-05
rs_chromosome13_474468	13	474468	1.44763436150596e-05
rs_chromosome13_473942	13	473942	1.44763436150596e-05
rs_chromosome3_208542	3	208542	2.13908274088304e-05
rs_chromosome15_585728	15	585728	1.32094220255463e-05
rs_chromosome11_493230	11	493230	5.07117585863155e-06
rs_chromosome11_493137	11	493137	5.07117585863155e-06
rs_chromosome4_53077	4	53077	1.09659166979788e-05
rs_chromosome4_735567	4	735567	5.50314183318623e-07
rs_chromosome10_415231	10	415231	9.98799765138787e-07
rs_chromosome4_736692	4	736692	2.1263117001777e-06
rs_chromosome10_526305	10	526305	3.25975276575789e-06
rs_chromosome16_113880	16	113880	4.00221559073316e-06
rs_chromosome14_85381	14	85381	7.05022573551685e-06
rs_chromosome12_246984	12	246984	9.07995664341766e-06
rs_chromosome2_619747	2	619747	1.142956100523e-05
rs_chromosome7_653483	7	653483	1.31956800947655e-05
rs_chromosome10_256372	10	256372	1.38903114948161e-05
rs_chromosome12_83311	12	83311	1.48986164721129e-05
rs_chromosome10_583447	10	583447	1.68703662277405e-05
rs_chromosome15_954038	15	954038	8.34742539279741e-06
rs_chromosome13_873246	13	873246	8.92714503243458e-06
rs_chromosome13_866396	13	866396	1.37820583740603e-05
rs_chromosome9_396692	9	396692	1.4722460298558e-05
rs_chromosome14_569965	14	569965	6.40114444593391e-06
rs_chromosome15_616666	15	616666	1.13518019879939e-05
rs_chromosome5_63726	5	63726	1.32290733728944e-05
rs_chromosome7_1063699	7	1063699	4.99145935473715e-06
rs_chromosome10_466456	10	466456	3.11914895705558e-07
rs_chromosome16_480383	16	480383	1.2026033859396e-05
rs_chromosome16_35346	16	35346	2.06966632863258e-05
rs_chromosome4_48617	4	48617	3.06112224554035e-06
rs_chromosome4_1055184	4	1055184	1.97165738395911e-05
rs_chromosome4_432803	4	432803	1.78324634570386e-06
rs_chromosome13_597167	13	597167	4.98025482833687e-06
rs_chromosome8_122053	8	122053	4.99818422539764e-06
rs_chromosome12_847957	12	847957	1.1793140801544e-05
rs_chromosome12_847972	12	847972	1.1793140801544e-05
rs_chromosome4_433470	4	433470	1.33753225161281e-05
rs_chromosome8_125140	8	125140	1.42326914190183e-07
rs_chromosome9_222260	9	222260	1.5812733907297e-07
rs_chromosome8_147843	8	147843	7.38166217578971e-07
rs_chromosome8_147573	8	147573	1.13755117105766e-06
rs_chromosome8_149305	8	149305	1.35543794287945e-06
rs_chromosome6_154151	6	154151	3.69295388653989e-06
rs_chromosome8_148297	8	148297	3.82349959722994e-06
rs_chromosome10_385921	10	385921	4.15854911779563e-06
rs_chromosome10_576987	10	576987	4.55965792497508e-06
rs_chromosome9_222580	9	222580	4.88914261415122e-06
rs_chromosome13_179965	13	179965	6.93446794524195e-06
rs_chromosome15_968617	15	968617	7.9948416315035e-06
rs_chromosome15_968647	15	968647	7.9948416315035e-06
rs_chromosome15_968047	15	968047	7.9948416315035e-06
rs_chromosome15_580144	15	580144	8.26347881584347e-06
rs_chromosome10_577019	10	577019	8.26691849544449e-06
rs_chromosome14_498539	14	498539	4.45567421347792e-06
rs_chromosome3_185357	3	185357	1.10736570722833e-05
rs_chromosome16_885942	16	885942	1.96315922924664e-05
rs_chromosome16_886141	16	886141	1.96315922924664e-05
rs_chromosome11_488294	11	488294	1.98106983701969e-05
rs_chromosome14_753530	14	753530	1.43606340706004e-05
rs_chromosome14_170407	14	170407	2.33146665653117e-06
rs_chromosome5_275984	5	275984	4.10161051497316e-06
rs_chromosome16_885942	16	885942	6.89807110715504e-06
rs_chromosome16_886141	16	886141	6.89807110715504e-06
rs_chromosome7_1054083	7	1054083	4.2543654093495e-05
rs_chromosome15_442592	15	442592	3.33916314330037e-06
rs_chromosome13_155650	13	155650	1.00638409085361e-05
rs_chromosome4_1056135	4	1056135	1.66783908051173e-06
rs_chromosome7_927284	7	927284	6.481985793056e-06
rs_chromosome9_254108	9	254108	1.16027654196704e-05
rs_chromosome12_777487	12	777487	8.70610232061561e-07
rs_chromosome10_593414	10	593414	8.60281731365008e-06
rs_chromosome15_453762	15	453762	1.32405770220365e-05
rs_chromosome15_453707	15	453707	1.32405770220365e-05
rs_chromosome15_129023	15	129023	1.87260197109895e-06
rs_chromosome7_1058948	7	1058948	1.80983710617379e-05
rs_chromosome7_1058963	7	1058963	1.80983710617379e-05
rs_chromosome7_305050	7	305050	1.82248885342041e-05
rs_chromosome15_814261	15	814261	1.88981140006055e-06
rs_chromosome16_739468	16	739468	7.35233348996296e-06
rs_chromosome16_813327	16	813327	1.3805132815979e-05
rs_chromosome14_78583	14	78583	4.2293894986467e-06
rs_chromosome10_425504	10	425504	5.10188076409001e-06
rs_chromosome4_553867	4	553867	1.36589444376678e-05
rs_chromosome12_270420	12	270420	5.29447110228776e-06
rs_chromosome1_110595	1	110595	1.33505138509517e-07
rs_chromosome2_140061	2	140061	3.00974592441342e-07
rs_chromosome2_591323	2	591323	1.83364855863113e-06
rs_chromosome2_587130	2	587130	2.0666873952355e-06
rs_chromosome13_332732	13	332732	2.70094957892794e-06
rs_chromosome1_115629	1	115629	4.0634410633637e-06
rs_chromosome2_56942	2	56942	5.55549249903294e-06
rs_chromosome2_586961	2	586961	6.04310085111713e-06
rs_chromosome3_163816	3	163816	6.25851991711318e-06
rs_chromosome16_376180	16	376180	6.42626854765006e-06
rs_chromosome4_967787	4	967787	6.84786147893293e-06
rs_chromosome2_590853	2	590853	1.09600224137376e-05
rs_chromosome10_471770	10	471770	2.14033167830826e-05
rs_chromosome10_353471	10	353471	1.76879588687242e-05
rs_chromosome8_377022	8	377022	1.68901978908511e-05
rs_chromosome7_985218	7	985218	2.27166568776653e-05
rs_chromosome5_64213	5	64213	4.68714866477391e-06
rs_chromosome5_64403	5	64403	4.68714866477391e-06
rs_chromosome5_64355	5	64355	4.68714866477391e-06
rs_chromosome4_1077082	4	1077082	4.82803727459006e-06
rs_chromosome5_63676	5	63676	1.29777151449536e-05
rs_chromosome5_63498	5	63498	1.29777151449536e-05
rs_chromosome6_153974	6	153974	1.55566420254144e-05
rs_chromosome5_63139	5	63139	1.74003532808972e-05
rs_chromosome4_842028	4	842028	8.23555234436061e-06
rs_chromosome12_982889	12	982889	1.0980869837659e-05
rs_chromosome11_221896	11	221896	6.80744596331098e-06
rs_chromosome8_121315	8	121315	6.83861996642059e-06
rs_chromosome5_70005	5	70005	1.57763486357346e-05
rs_chromosome14_301186	14	301186	6.49270214936925e-06
rs_chromosome16_105834	16	105834	5.30965818203507e-06
rs_chromosome16_349901	16	349901	2.50494973477645e-05
rs_chromosome9_399128	9	399128	8.011393011902e-07
rs_chromosome10_272381	10	272381	1.73205436599133e-05
rs_chromosome15_1007883	15	1007883	2.27878212304166e-05
rs_chromosome15_993703	15	993703	1.3439803672123e-05
rs_chromosome12_808761	12	808761	6.63599153613469e-06
rs_chromosome12_808805	12	808805	6.63599153613469e-06
rs_chromosome11_293400	11	293400	8.42043821148049e-06
rs_chromosome5_63726	5	63726	1.59275392091858e-05
rs_chromosome10_461695	10	461695	7.13249312582194e-06
rs_chromosome15_1020807	15	1020807	8.84645882413084e-06
rs_chromosome10_424721	10	424721	1.31065805616237e-05
rs_chromosome12_764481	12	764481	3.14863252910738e-06
rs_chromosome4_662769	4	662769	3.42178174755292e-06
rs_chromosome2_471407	2	471407	1.02172451740022e-05
rs_chromosome12_761221	12	761221	1.46071452346763e-05
rs_chromosome12_761322	12	761322	1.46071452346763e-05
rs_chromosome12_761223	12	761223	1.46071452346763e-05
rs_chromosome12_760907	12	760907	1.46071452346763e-05
rs_chromosome9_39822	9	39822	1.50215211412395e-05
rs_chromosome16_739602	16	739602	2.81123901961137e-06
rs_chromosome1_36313	1	36313	2.1828170524605e-06
rs_chromosome15_810088	15	810088	9.84593384407449e-06
rs_chromosome16_363580	16	363580	4.60300564114346e-06
rs_chromosome14_303460	14	303460	2.09469886774103e-05
rs_chromosome4_43335	4	43335	3.52333229164457e-06
rs_chromosome11_393899	11	393899	1.85309209298536e-05
rs_chromosome10_574310	10	574310	3.70424910973608e-05
rs_chromosome16_359939	16	359939	2.56937378200952e-05
rs_chromosome12_770890	12	770890	3.13408069645193e-06
rs_chromosome9_406590	9	406590	2.72556474484394e-05
rs_chromosome7_1058948	7	1058948	8.38521209068023e-06
rs_chromosome7_1058963	7	1058963	8.38521209068023e-06
rs_chromosome9_74935	9	74935	2.48681754269501e-05
rs_chromosome7_1066557	7	1066557	1.06991577100528e-05
rs_chromosome5_160729	5	160729	1.11996587341783e-05
rs_chromosome2_119604	2	119604	1.73815360793294e-05
rs_chromosome9_254336	9	254336	1.7114170148112e-06
rs_chromosome10_424721	10	424721	7.88939802126228e-07
rs_chromosome11_467627	11	467627	7.50995616801823e-06
rs_chromosome11_467328	11	467328	7.50995616801823e-06
rs_chromosome8_93638	8	93638	9.87108848035329e-06
rs_chromosome8_93629	8	93629	9.87108848035329e-06
rs_chromosome8_93665	8	93665	9.87108848035329e-06
rs_chromosome8_93624	8	93624	9.87108848035329e-06
rs_chromosome16_728174	16	728174	2.10067122367025e-06
rs_chromosome16_728378	16	728378	9.3316269148123e-06
rs_chromosome12_436435	12	436435	6.27658150281366e-06
rs_chromosome9_333452	9	333452	6.60116807262017e-06
rs_chromosome9_37689	9	37689	2.05925136401712e-05
rs_chromosome11_503357	11	503357	7.57541921408032e-06
rs_chromosome12_150969	12	150969	1.70316515706632e-06
rs_chromosome10_387183	10	387183	5.18827628231239e-06
rs_chromosome7_947039	7	947039	1.07174344404037e-05
rs_chromosome8_147843	8	147843	1.51006546536431e-05
rs_chromosome16_356407	16	356407	5.23027255881733e-06
rs_chromosome7_1067785	7	1067785	3.64942396403542e-07
rs_chromosome14_742485	14	742485	7.55399234236528e-07
rs_chromosome7_1068401	7	1068401	5.53796146743283e-06
rs_chromosome14_737061	14	737061	6.19247396618336e-06
rs_chromosome14_742180	14	742180	9.2731435284356e-06
rs_chromosome14_746613	14	746613	1.56347723659416e-05
rs_chromosome14_747531	14	747531	1.56347723659416e-05
rs_chromosome14_746926	14	746926	1.56347723659416e-05
rs_chromosome14_746722	14	746722	1.56347723659416e-05
rs_chromosome15_129023	15	129023	1.65265172374194e-05
rs_chromosome11_457801	11	457801	2.92421115041901e-06
rs_chromosome4_275859	4	275859	6.86993358741974e-06
rs_chromosome15_268222	15	268222	2.02961692028695e-05
rs_chromosome14_747531	14	747531	2.45156375410974e-05
rs_chromosome14_746613	14	746613	2.45156375410974e-05
rs_chromosome14_746926	14	746926	2.45156375410974e-05
rs_chromosome14_746722	14	746722	2.45156375410974e-05
rs_chromosome7_208955	7	208955	8.69710546515073e-08
rs_chromosome8_40215	8	40215	2.19182590644856e-07
rs_chromosome3_40583	3	40583	1.80820906311535e-06
rs_chromosome7_85120	7	85120	9.67342248952365e-06
rs_chromosome12_109365	12	109365	1.13376657513578e-05
rs_chromosome4_1455747	4	1455747	1.52011615442232e-05
rs_chromosome14_359017	14	359017	1.27430655276157e-05
rs_chromosome15_797376	15	797376	1.45557738092265e-05
rs_chromosome7_1067771	7	1067771	1.36705321793289e-06
rs_chromosome7_1067869	7	1067869	1.93776033089811e-06
rs_chromosome7_1067822	7	1067822	2.39024358079579e-06
rs_chromosome7_1067863	7	1067863	2.39024358079579e-06
rs_chromosome7_1067872	7	1067872	2.39024358079579e-06
rs_chromosome7_1067861	7	1067861	8.37828860237445e-06
rs_chromosome7_1067807	7	1067807	8.54733666204883e-06
rs_chromosome7_1067792	7	1067792	1.36932234077294e-05
rs_chromosome7_1067840	7	1067840	1.4624971588131e-05
rs_chromosome7_1067747	7	1067747	2.08598085707467e-05
rs_chromosome7_1067857	7	1067857	2.14420892896609e-05
rs_chromosome7_1067724	7	1067724	2.80953355348704e-05
rs_chromosome7_1067725	7	1067725	2.80953355348704e-05
rs_chromosome7_1067732	7	1067732	3.32864610956527e-05
rs_chromosome7_1067756	7	1067756	3.32864610956527e-05
rs_chromosome9_377556	9	377556	8.15921729964712e-07
rs_chromosome3_121210	3	121210	1.57167471725481e-05
rs_chromosome7_1063699	7	1063699	6.31601283292821e-07
rs_chromosome7_154863	7	154863	9.36910089905488e-07
rs_chromosome12_278916	12	278916	9.8762413183446e-06
rs_chromosome6_229337	6	229337	7.96301189665585e-06
rs_chromosome9_100465	9	100465	2.66808357366454e-05
rs_chromosome2_151946	2	151946	1.70290624533944e-06
rs_chromosome13_326343	13	326343	6.34382334107519e-06
rs_chromosome13_433720	13	433720	1.8291900281078e-05
rs_chromosome13_463171	13	463171	1.59782205376871e-05
rs_chromosome4_922571	4	922571	6.20218711796708e-06
rs_chromosome4_1192830	4	1192830	1.43032584336018e-05
rs_chromosome16_682840	16	682840	4.09292901774042e-07
rs_chromosome4_1043992	4	1043992	1.36888806167611e-05
rs_chromosome16_359487	16	359487	9.79640331225787e-06
rs_chromosome12_677241	12	677241	1.52530950555448e-05
rs_chromosome15_703324	15	703324	1.55087629954788e-05
rs_chromosome16_687811	16	687811	1.256231488893e-05
rs_chromosome16_687832	16	687832	1.256231488893e-05
rs_chromosome16_687807	16	687807	1.256231488893e-05
rs_chromosome12_826195	12	826195	5.69103196809818e-06
rs_chromosome8_421330	8	421330	2.83034999838969e-05
rs_chromosome7_275819	7	275819	1.20338147359515e-05
rs_chromosome16_835242	16	835242	5.81182668864737e-07
rs_chromosome14_743137	14	743137	5.69344447942892e-06
rs_chromosome4_380427	4	380427	6.79013156289004e-06
rs_chromosome14_743177	14	743177	7.51196212020084e-06
rs_chromosome16_837416	16	837416	7.91077256902827e-06
rs_chromosome7_667659	7	667659	8.00457896303844e-06
rs_chromosome15_941715	15	941715	8.54965614065962e-06
rs_chromosome14_743709	14	743709	9.56273766047861e-06
rs_chromosome13_356463	13	356463	1.21549553456363e-05
rs_chromosome14_470587	14	470587	5.96135182981688e-06
rs_chromosome12_1009536	12	1009536	9.62708589197347e-06
rs_chromosome16_168037	16	168037	2.12749672254085e-05
rs_chromosome16_168040	16	168040	2.12749672254085e-05
rs_chromosome16_168076	16	168076	2.12749672254085e-05
rs_chromosome7_1058963	7	1058963	5.10324470998521e-06
rs_chromosome7_1058948	7	1058948	5.10324470998521e-06
rs_chromosome5_48124	5	48124	8.78348624658226e-06
rs_chromosome4_832353	4	832353	1.41207406977145e-05
rs_chromosome9_148727	9	148727	7.7114827134356e-06
rs_chromosome4_733663	4	733663	5.52564185211513e-06
rs_chromosome2_133779	2	133779	1.7569299850569e-05
rs_chromosome7_342962	7	342962	1.71106930112743e-05
rs_chromosome9_72950	9	72950	1.43905118539185e-05
rs_chromosome2_775233	2	775233	2.03813832133638e-05
rs_chromosome4_1166232	4	1166232	1.48497033215069e-06
rs_chromosome4_1167562	4	1167562	2.66016782530199e-06
rs_chromosome4_1167790	4	1167790	2.66016782530199e-06
rs_chromosome4_1167451	4	1167451	2.66016782530199e-06
rs_chromosome4_1181379	4	1181379	5.05079477466304e-06
rs_chromosome8_487308	8	487308	8.73161459004788e-06
rs_chromosome4_1179516	4	1179516	1.27486329829004e-05
rs_chromosome4_1188878	4	1188878	1.31059619536358e-05
rs_chromosome4_1189130	4	1189130	1.41236970574971e-05
rs_chromosome4_1189030	4	1189030	1.41236970574971e-05
rs_chromosome13_336845	13	336845	1.82066057797386e-05
rs_chromosome16_226070	16	226070	1.82295805803326e-05
rs_chromosome4_1166200	4	1166200	1.98507969107894e-05
rs_chromosome4_409954	4	409954	1.37980246711646e-05
rs_chromosome7_257571	7	257571	1.18495629576534e-05
rs_chromosome7_257392	7	257392	1.18495629576534e-05
rs_chromosome9_390703	9	390703	6.01222889608694e-06
rs_chromosome16_347463	16	347463	1.82124173754421e-06
rs_chromosome16_347757	16	347757	1.64149007926974e-05
rs_chromosome1_157993	1	157993	1.40106046841649e-05
rs_chromosome11_611206	11	611206	1.22453144162574e-06
rs_chromosome12_109736	12	109736	5.47626743811234e-06
rs_chromosome7_55152	7	55152	5.92692098827307e-06
rs_chromosome11_612875	11	612875	5.95841625102328e-06
rs_chromosome12_110807	12	110807	1.39330226044267e-05
rs_chromosome16_214791	16	214791	1.09561432332829e-05
rs_chromosome16_695543	16	695543	1.63694936176803e-05
rs_chromosome12_238758	12	238758	1.12898142275539e-05
rs_chromosome15_511142	15	511142	7.65291080564835e-06
rs_chromosome7_326260	7	326260	7.25800456554899e-06
rs_chromosome4_239907	4	239907	8.61056468787531e-06
rs_chromosome7_739889	7	739889	5.60479085480283e-06
rs_chromosome8_389909	8	389909	1.432255800423e-05
rs_chromosome7_321972	7	321972	1.07763460975149e-05
rs_chromosome13_65232	13	65232	2.12415209312104e-05
rs_chromosome11_156795	11	156795	1.34236402233295e-05
rs_chromosome7_58290	7	58290	5.78136340917472e-07
rs_chromosome2_775233	2	775233	2.96772175361219e-06
rs_chromosome3_103556	3	103556	6.89791435655328e-06
rs_chromosome16_876278	16	876278	1.56379550699909e-05
rs_chromosome16_348151	16	348151	8.21178082217526e-06
rs_chromosome16_348505	16	348505	8.21178082217526e-06
rs_chromosome16_348431	16	348431	8.21178082217526e-06
rs_chromosome8_219303	8	219303	8.29039177068753e-06
rs_chromosome16_348739	16	348739	2.30240885311534e-05
rs_chromosome15_1000334	15	1000334	6.13219852942121e-06
rs_chromosome7_857585	7	857585	2.8910565536324e-06
rs_chromosome4_323681	4	323681	1.44509955854931e-06
rs_chromosome3_209856	3	209856	1.46286989614373e-05
rs_chromosome1_179772	1	179772	4.05403457502905e-06
rs_chromosome12_903127	12	903127	3.94266511105274e-05
rs_chromosome14_600811	14	600811	1.2184254821251e-05
rs_chromosome4_1486110	4	1486110	7.2030995647576e-06
rs_chromosome7_391475	7	391475	2.97668992823002e-06
rs_chromosome10_449403	10	449403	1.37479192665619e-05
rs_chromosome12_732967	12	732967	4.60527479366652e-07
rs_chromosome12_732947	12	732947	4.60527479366652e-07
rs_chromosome12_733015	12	733015	7.56714260021021e-06
rs_chromosome16_345704	16	345704	1.70183683806211e-05
rs_chromosome13_689571	13	689571	1.6688119421867e-06
rs_chromosome3_173968	3	173968	1.81314474108356e-06
rs_chromosome5_527627	5	527627	5.31104758183065e-06
rs_chromosome4_1132581	4	1132581	1.28869208973888e-05
rs_chromosome4_697648	4	697648	1.80451020493384e-05
rs_chromosome4_697612	4	697612	1.80451020493384e-05
rs_chromosome14_640932	14	640932	2.65960824348831e-06
rs_chromosome12_115400	12	115400	1.67028943804179e-05
rs_chromosome7_1068132	7	1068132	1.88592106080079e-05
rs_chromosome9_70296	9	70296	3.30175575786464e-05
rs_chromosome9_70073	9	70073	3.30175575786464e-05
rs_chromosome9_69958	9	69958	3.30175575786464e-05
rs_chromosome9_71189	9	71189	3.30175575786464e-05
rs_chromosome9_71094	9	71094	3.30175575786464e-05
rs_chromosome12_743013	12	743013	3.52933178144274e-05
rs_chromosome7_1058963	7	1058963	1.67612200406012e-05
rs_chromosome7_1058948	7	1058948	1.67612200406012e-05
rs_chromosome2_637063	2	637063	1.87047556242198e-05
rs_chromosome15_286242	15	286242	1.53381232135719e-06
rs_chromosome15_286370	15	286370	2.42953605253455e-06
rs_chromosome7_600769	7	600769	1.14583029162515e-05
rs_chromosome13_92218	13	92218	1.56254642712904e-05
rs_chromosome8_521132	8	521132	4.97757638801624e-06
rs_chromosome11_208258	11	208258	9.35584259144722e-06
rs_chromosome7_340285	7	340285	1.02514594754412e-05
rs_chromosome7_43204	7	43204	1.13279261164408e-05
rs_chromosome9_171535	9	171535	1.27683504847237e-05
rs_chromosome9_72950	9	72950	9.12044295310657e-06
rs_chromosome2_108375	2	108375	1.36031216514423e-05
rs_chromosome13_353259	13	353259	7.79491566056678e-06
rs_chromosome16_843618	16	843618	1.91638193733182e-05
rs_chromosome4_929662	4	929662	2.47089392259283e-05
rs_chromosome2_170254	2	170254	1.84852218649704e-05
rs_chromosome15_745467	15	745467	1.06608766154703e-06
rs_chromosome15_744847	15	744847	1.47416166279597e-06
rs_chromosome12_1001278	12	1001278	5.79817892099124e-06
rs_chromosome13_424856	13	424856	5.18759787114664e-06
rs_chromosome13_371821	13	371821	8.48488078309144e-06
rs_chromosome4_1138398	4	1138398	1.66965376782065e-05
rs_chromosome8_421507	8	421507	2.45526737628613e-05
rs_chromosome10_140129	10	140129	2.25612112993837e-05
rs_chromosome4_521623	4	521623	2.24470115828473e-05
rs_chromosome10_138819	10	138819	8.78355107932189e-06
rs_chromosome5_191009	5	191009	1.59586798836127e-06
rs_chromosome16_547663	16	547663	1.53411331964353e-05
rs_chromosome13_635544	13	635544	1.58627078506088e-05
rs_chromosome16_546757	16	546757	1.59458312218258e-05
rs_chromosome14_468861	14	468861	2.1527026874294e-05
rs_chromosome14_468720	14	468720	2.61857415144133e-05
rs_chromosome14_468702	14	468702	2.61857415144133e-05
rs_chromosome13_496303	13	496303	3.8395275585654e-06
rs_chromosome13_492459	13	492459	1.6868757975693e-05
rs_chromosome9_318368	9	318368	1.94056616805177e-05
rs_chromosome12_793757	12	793757	9.97507952078272e-06
rs_chromosome1_119350	1	119350	2.73848897506107e-05
rs_chromosome11_324419	11	324419	7.11693244447889e-06
rs_chromosome14_736308	14	736308	1.03807651295346e-05
rs_chromosome4_527056	4	527056	1.20464173047176e-05
rs_chromosome4_527057	4	527057	1.20464173047176e-05
rs_chromosome4_524366	4	524366	1.59557481273082e-05
rs_chromosome12_970693	12	970693	1.15380449427597e-05
rs_chromosome14_422665	14	422665	1.54679714279012e-05
rs_chromosome7_144500	7	144500	4.45128825333296e-06
rs_chromosome4_547830	4	547830	6.4827338786717e-06
rs_chromosome8_178242	8	178242	9.83570458152437e-06
rs_chromosome15_1055015	15	1055015	1.40026314095324e-05
rs_chromosome14_357524	14	357524	2.02940310079993e-05
rs_chromosome2_246816	2	246816	2.13741936182941e-05
rs_chromosome7_517615	7	517615	4.34855789680977e-06
rs_chromosome4_1336491	4	1336491	1.10037420459179e-05
rs_chromosome3_105234	3	105234	4.17582171486803e-05
rs_chromosome14_123935	14	123935	5.67797288067973e-07
rs_chromosome14_385521	14	385521	5.00637353858235e-06
rs_chromosome10_421583	10	421583	6.58823132678013e-06
rs_chromosome13_527588	13	527588	2.18294204604569e-05
rs_chromosome8_74755	8	74755	5.24319027524792e-06
rs_chromosome8_74776	8	74776	5.24319027524792e-06
rs_chromosome8_74618	8	74618	1.78691463223635e-05
rs_chromosome4_1389819	4	1389819	1.92411054872512e-05
rs_chromosome7_955481	7	955481	4.4338413564663e-06
rs_chromosome16_35664	16	35664	2.41862474409593e-07
rs_chromosome16_35541	16	35541	2.41862474409593e-07
rs_chromosome13_25036	13	25036	7.81094095034399e-07
rs_chromosome16_35385	16	35385	1.6580112037134e-06
rs_chromosome16_35577	16	35577	3.23494393296279e-06
rs_chromosome16_35724	16	35724	3.23494393296279e-06
rs_chromosome16_35673	16	35673	3.23494393296279e-06
rs_chromosome2_775233	2	775233	3.7551759505112e-06
rs_chromosome16_35338	16	35338	7.46391180918181e-06
rs_chromosome16_35342	16	35342	7.46391180918181e-06
rs_chromosome4_857522	4	857522	8.65194105506115e-06
rs_chromosome11_378962	11	378962	1.18281913495304e-05
rs_chromosome7_192254	7	192254	1.31528018459379e-05
rs_chromosome16_35451	16	35451	1.88284298422111e-05
rs_chromosome11_125147	11	125147	1.97709389783488e-06
rs_chromosome4_592009	4	592009	1.14030395079498e-05
rs_chromosome16_35673	16	35673	1.30565171197836e-05
rs_chromosome16_35724	16	35724	1.30565171197836e-05
rs_chromosome16_35577	16	35577	1.30565171197836e-05
rs_chromosome4_289515	4	289515	2.8210727794623e-05
rs_chromosome10_435812	10	435812	1.51910588340991e-05
rs_chromosome4_523637	4	523637	3.04551991590487e-07
rs_chromosome4_523655	4	523655	3.04551991590487e-07
rs_chromosome4_523665	4	523665	3.04551991590487e-07
rs_chromosome4_1198463	4	1198463	4.67295101588279e-06
rs_chromosome10_577019	10	577019	1.32911892281659e-05
rs_chromosome10_576987	10	576987	1.72536008393542e-05
rs_chromosome13_417062	13	417062	9.87488145913797e-06
rs_chromosome15_1009919	15	1009919	1.26280087005805e-05
rs_chromosome13_420528	13	420528	1.63665437122636e-05
rs_chromosome1_198620	1	198620	1.79844355604235e-05
rs_chromosome1_198623	1	198623	1.79844355604235e-05
rs_chromosome15_1020807	15	1020807	1.82398598889146e-06
rs_chromosome10_380306	10	380306	1.51424324896635e-07
rs_chromosome4_1052169	4	1052169	3.69471752737432e-07
rs_chromosome15_966542	15	966542	1.3377113077909e-05
rs_chromosome2_78288	2	78288	7.4582184057281e-06
rs_chromosome4_1228691	4	1228691	3.16069701412694e-06
rs_chromosome7_79032	7	79032	5.08116118211949e-06
rs_chromosome12_97171	12	97171	2.09684428317776e-05
rs_chromosome14_297636	14	297636	1.1171898667332e-05
rs_chromosome13_802829	13	802829	2.04799087688625e-05
rs_chromosome16_284769	16	284769	1.62215090690693e-06
rs_chromosome12_832255	12	832255	1.79807583037676e-05
rs_chromosome12_832172	12	832172	1.79807583037676e-05
rs_chromosome12_832198	12	832198	1.79807583037676e-05
rs_chromosome13_622071	13	622071	6.86030710381919e-06
rs_chromosome4_806514	4	806514	1.36060461700684e-05
rs_chromosome4_806513	4	806513	1.36060461700684e-05
rs_chromosome4_806407	4	806407	2.00222811441416e-05
rs_chromosome2_129347	2	129347	2.36320837562629e-05
rs_chromosome7_1067732	7	1067732	2.01798777355754e-05
rs_chromosome7_1067756	7	1067756	2.01798777355754e-05
rs_chromosome3_208234	3	208234	1.73317038924418e-05
rs_chromosome4_838114	4	838114	3.60159042175939e-06
rs_chromosome4_927625	4	927625	6.08033262607219e-07
rs_chromosome15_408953	15	408953	9.46794141381173e-06
rs_chromosome15_422344	15	422344	1.15524886344844e-05
rs_chromosome15_422245	15	422245	1.15524886344844e-05
rs_chromosome14_117253	14	117253	3.6697656630197e-06
rs_chromosome16_171612	16	171612	3.8201261701356e-05
rs_chromosome14_344398	14	344398	2.55101873220847e-05
rs_chromosome14_344260	14	344260	2.55101873220847e-05
rs_chromosome11_584345	11	584345	1.17810462919866e-05
rs_chromosome4_836356	4	836356	8.12315732311628e-06
rs_chromosome11_252870	11	252870	4.68782695035237e-06
rs_chromosome13_350595	13	350595	3.55252841004686e-05
rs_chromosome2_135402	2	135402	4.38610406944218e-06
rs_chromosome2_135183	2	135183	4.72089039903436e-06
rs_chromosome4_522706	4	522706	1.07139829190564e-05
rs_chromosome4_522718	4	522718	1.07139829190564e-05
rs_chromosome4_522640	4	522640	1.07139829190564e-05
rs_chromosome4_522691	4	522691	1.07139829190564e-05
rs_chromosome10_220315	10	220315	1.24798196171491e-05
rs_chromosome8_26179	8	26179	1.97003478069813e-05
rs_chromosome7_731090	7	731090	2.4036371765693e-05
rs_chromosome12_662548	12	662548	5.45574354917371e-06
rs_chromosome9_168244	9	168244	1.37542439623464e-05
rs_chromosome7_446000	7	446000	3.01860173677711e-05
rs_chromosome13_457932	13	457932	2.18495898567421e-06
rs_chromosome14_429773	14	429773	4.0332913308129e-06
rs_chromosome3_101894	3	101894	7.26890489352948e-06
rs_chromosome2_524592	2	524592	9.78602117321886e-06
rs_chromosome2_523878	2	523878	1.6309752175556e-05
rs_chromosome2_711804	2	711804	1.17168767779034e-05
rs_chromosome2_711722	2	711722	1.17168767779034e-05
rs_chromosome2_711554	2	711554	1.17168767779034e-05
rs_chromosome2_711873	2	711873	1.17168767779034e-05
rs_chromosome16_770162	16	770162	1.63712193638644e-05
rs_chromosome16_611083	16	611083	1.79457715411286e-05
rs_chromosome8_122053	8	122053	2.09303844213928e-05
rs_chromosome9_377556	9	377556	2.37503779464244e-05
rs_chromosome12_841354	12	841354	2.92885627042409e-05
rs_chromosome11_395770	11	395770	2.24191045114887e-06
rs_chromosome2_198751	2	198751	4.80164334368369e-06
rs_chromosome10_382505	10	382505	7.05421577091761e-06
rs_chromosome3_187853	3	187853	1.42684442672672e-05
rs_chromosome11_395794	11	395794	2.12835941597938e-05
rs_chromosome2_370007	2	370007	2.97589319359304e-08
rs_chromosome11_211438	11	211438	3.68892725571982e-06
rs_chromosome11_211471	11	211471	3.68892725571982e-06
rs_chromosome4_438868	4	438868	5.45212550972549e-06
rs_chromosome14_149054	14	149054	8.77738450869313e-06
rs_chromosome15_966621	15	966621	9.61361954285915e-06
rs_chromosome4_1345664	4	1345664	1.0843559318116e-05
rs_chromosome2_371029	2	371029	1.3383340809748e-05
rs_chromosome9_180379	9	180379	1.44614197311026e-05
rs_chromosome2_541574	2	541574	2.71022224134496e-05
rs_chromosome13_706931	13	706931	1.3819263960181e-05
rs_chromosome13_707030	13	707030	1.85861757656758e-05
rs_chromosome7_906737	7	906737	2.51425938502653e-05
rs_chromosome16_608778	16	608778	6.20332555714265e-06
rs_chromosome4_1443906	4	1443906	1.23753938319734e-05
rs_chromosome15_286370	15	286370	6.81090177982073e-06
rs_chromosome15_286242	15	286242	9.97623367535517e-06
rs_chromosome15_1052746	15	1052746	1.71812235342102e-05
rs_chromosome16_114578	16	114578	1.09809501132671e-05
rs_chromosome11_43668	11	43668	3.04668406567712e-06
rs_chromosome15_997118	15	997118	1.63797597947754e-05
rs_chromosome13_515325	13	515325	2.85983392914776e-05
rs_chromosome15_276679	15	276679	1.01147776387301e-06
rs_chromosome2_155354	2	155354	4.54386102589277e-06
rs_chromosome10_342851	10	342851	2.3748876656094e-06
rs_chromosome4_1445739	4	1445739	8.44731836339978e-06
rs_chromosome10_333075	10	333075	1.29403464528707e-05
rs_chromosome13_605879	13	605879	1.61582267101724e-05
rs_chromosome2_129347	2	129347	1.66005972731706e-06
rs_chromosome11_520276	11	520276	1.22452916453325e-05
rs_chromosome7_1054476	7	1054476	1.48714246168845e-06
rs_chromosome7_1063699	7	1063699	1.78599590964544e-06
rs_chromosome7_1056872	7	1056872	1.95515913388673e-05
rs_chromosome8_41310	8	41310	2.00367414971568e-05
rs_chromosome7_1054083	7	1054083	2.34453003647912e-05
rs_chromosome9_154095	9	154095	1.56476776026735e-05
rs_chromosome13_769274	13	769274	1.2767629824056e-05
rs_chromosome13_769401	13	769401	1.57778457135434e-05
rs_chromosome14_736308	14	736308	3.14083444735078e-05
rs_chromosome14_671629	14	671629	8.68785791865523e-06
rs_chromosome1_143622	1	143622	2.40990884101726e-05
rs_chromosome13_883726	13	883726	2.19504051274474e-05
rs_chromosome8_391739	8	391739	1.14415513495813e-05
rs_chromosome7_1063699	7	1063699	4.18760952591962e-07
rs_chromosome7_154863	7	154863	9.0309774751905e-07
rs_chromosome7_1054476	7	1054476	8.92486428693708e-06
rs_chromosome12_403898	12	403898	1.88369628479881e-05
rs_chromosome16_842051	16	842051	1.02741093309519e-05
rs_chromosome14_288447	14	288447	1.73050959567157e-05
rs_chromosome11_510202	11	510202	2.34864644622603e-05
rs_chromosome9_79625	9	79625	2.58325927504087e-05
rs_chromosome4_1126171	4	1126171	1.01280221473695e-05
rs_chromosome4_1126356	4	1126356	1.01280221473695e-05
rs_chromosome14_170407	14	170407	3.5689137167566e-06
rs_chromosome2_619747	2	619747	9.49838975159778e-06
rs_chromosome4_1229435	4	1229435	1.29973686518862e-05
rs_chromosome4_889739	4	889739	9.44447974811854e-06
rs_chromosome16_35385	16	35385	8.71055043472009e-06
rs_chromosome4_1239354	4	1239354	2.30956412699512e-07
rs_chromosome4_1236152	4	1236152	2.97093837970894e-06
rs_chromosome4_1238041	4	1238041	4.13448673057836e-06
rs_chromosome4_1238608	4	1238608	4.13448673057836e-06
rs_chromosome10_540639	10	540639	2.45076914165221e-05
rs_chromosome4_733663	4	733663	8.49304772501166e-06
rs_chromosome5_186424	5	186424	6.57412184033839e-06
rs_chromosome5_186591	5	186591	1.71504439880364e-05
rs_chromosome10_406945	10	406945	2.40559341777102e-05
rs_chromosome16_198355	16	198355	2.75470291871914e-05
rs_chromosome13_474938	13	474938	9.12392132377102e-06
rs_chromosome13_474893	13	474893	1.76424625081254e-05
rs_chromosome7_1054476	7	1054476	3.07191152440304e-06
rs_chromosome7_1063699	7	1063699	9.11501402843844e-06
rs_chromosome12_922242	12	922242	2.25157842303392e-05
rs_chromosome4_998904	4	998904	8.84275170499528e-06
rs_chromosome11_36537	11	36537	1.20404671055817e-05
rs_chromosome14_477388	14	477388	1.80498406203026e-05
rs_chromosome14_743137	14	743137	4.34359610872278e-06
rs_chromosome10_461695	10	461695	1.41835464471117e-06
rs_chromosome7_305050	7	305050	1.49508696737384e-05
rs_chromosome7_1041698	7	1041698	1.64631642478038e-05
rs_chromosome4_1393591	4	1393591	2.06695199141033e-05
rs_chromosome8_389898	8	389898	1.85087352258415e-06
rs_chromosome5_465109	5	465109	6.50006799918734e-06
rs_chromosome4_172218	4	172218	4.95627401477474e-07
rs_chromosome4_172151	4	172151	5.11795679337616e-06
rs_chromosome4_547842	4	547842	1.95298623673418e-06
rs_chromosome7_618008	7	618008	8.35285301603177e-06
rs_chromosome2_141215	2	141215	1.29630548952075e-05
rs_chromosome2_141207	2	141207	1.29630548952075e-05
rs_chromosome7_272666	7	272666	2.87683826524562e-06
rs_chromosome7_319247	7	319247	4.50982629201323e-06
rs_chromosome10_358391	10	358391	7.4310615503796e-06
rs_chromosome5_63498	5	63498	5.4479934577931e-06
rs_chromosome5_63676	5	63676	5.4479934577931e-06
rs_chromosome11_479195	11	479195	5.26695065672164e-06
rs_chromosome14_744887	14	744887	1.14171315749357e-05
rs_chromosome4_313682	4	313682	1.20517933349314e-05
rs_chromosome11_266462	11	266462	9.65980390153979e-06
rs_chromosome16_35541	16	35541	7.02268398771107e-06
rs_chromosome16_35664	16	35664	7.02268398771107e-06
rs_chromosome5_512486	5	512486	1.61150916072576e-06
rs_chromosome13_676426	13	676426	4.107483547671e-06
rs_chromosome12_263103	12	263103	7.20853447997688e-06
rs_chromosome5_89642	5	89642	1.25472757457132e-05
rs_chromosome12_263502	12	263502	1.32469661004081e-05
rs_chromosome4_1359892	4	1359892	2.09067728384273e-06
rs_chromosome4_1360070	4	1360070	2.09067728384276e-06
rs_chromosome4_1362620	4	1362620	3.73454027159774e-06
rs_chromosome4_1362669	4	1362669	3.73454027159774e-06
rs_chromosome12_418844	12	418844	6.35481963018331e-06
rs_chromosome7_305050	7	305050	7.89941490482617e-06
rs_chromosome4_1364465	4	1364465	8.68630891924522e-06
rs_chromosome4_1367576	4	1367576	1.16573561864143e-05
rs_chromosome10_459184	10	459184	1.24144590216944e-05
rs_chromosome4_1364702	4	1364702	1.24277838873018e-05
rs_chromosome4_1359608	4	1359608	1.45359598403312e-05
rs_chromosome14_726075	14	726075	1.53598286887279e-05
rs_chromosome6_212940	6	212940	4.68054420680401e-06
rs_chromosome12_22753	12	22753	7.71266064001106e-06
rs_chromosome12_22395	12	22395	9.64988931309994e-06
rs_chromosome15_541437	15	541437	1.03236316825057e-05
rs_chromosome7_930769	7	930769	2.22327212260117e-05
rs_chromosome5_115890	5	115890	3.10247843611358e-05
rs_chromosome11_20296	11	20296	1.82137691510961e-05
rs_chromosome12_832633	12	832633	1.66144431756489e-06
rs_chromosome2_50072	2	50072	3.37243526766156e-06
rs_chromosome12_793723	12	793723	7.79703089354044e-06
rs_chromosome15_258736	15	258736	7.68280959658734e-06
rs_chromosome7_1058948	7	1058948	4.94825745822868e-06
rs_chromosome7_1058963	7	1058963	4.94825745822868e-06
rs_chromosome7_751660	7	751660	1.07467692726666e-05
rs_chromosome2_301570	2	301570	1.1868900608293e-05
rs_chromosome9_396834	9	396834	1.79702812998525e-05
rs_chromosome13_225581	13	225581	3.33489896708759e-06
rs_chromosome4_579070	4	579070	1.98726925774564e-05
rs_chromosome8_438307	8	438307	5.28196078172542e-06
rs_chromosome8_438040	8	438040	1.18489528213859e-05
rs_chromosome12_808098	12	808098	1.06354877641755e-06
rs_chromosome12_816162	12	816162	3.11188093606623e-06
rs_chromosome12_816720	12	816720	4.86300571088773e-06
rs_chromosome12_817850	12	817850	4.86300571088773e-06
rs_chromosome12_816603	12	816603	4.86300571088773e-06
rs_chromosome12_817186	12	817186	4.86300571088773e-06
rs_chromosome12_817279	12	817279	4.86300571088773e-06
rs_chromosome2_301549	2	301549	6.78011627864973e-06
rs_chromosome6_184291	6	184291	1.07265172558476e-05
rs_chromosome16_35391	16	35391	1.77342699241145e-05
rs_chromosome11_58110	11	58110	1.3475959038086e-05
rs_chromosome16_288762	16	288762	1.53445440564605e-05
rs_chromosome7_474296	7	474296	2.79412224046897e-05
rs_chromosome12_446652	12	446652	6.74393477453985e-06
rs_chromosome16_739602	16	739602	1.036651910424e-05
rs_chromosome13_855008	13	855008	1.58776247578397e-05
rs_chromosome14_396967	14	396967	9.61871574520946e-07
rs_chromosome14_150192	14	150192	8.97050605894455e-06
rs_chromosome15_347921	15	347921	6.7733418410795e-06
rs_chromosome12_521146	12	521146	9.08279070449478e-06
rs_chromosome11_130801	11	130801	4.44167922548056e-06
rs_chromosome16_55419	16	55419	6.63370576715305e-06
rs_chromosome4_390756	4	390756	2.47990723200537e-05
rs_chromosome14_204668	14	204668	4.07126047578719e-06
rs_chromosome4_550672	4	550672	9.2316257519246e-06
rs_chromosome9_205156	9	205156	1.20726893488795e-05
rs_chromosome8_371744	8	371744	1.11103457707459e-05
rs_chromosome4_839141	4	839141	1.32285281655209e-05
rs_chromosome9_318368	9	318368	1.4048799724736e-05
rs_chromosome14_588903	14	588903	2.2143029243751e-05
rs_chromosome7_1054476	7	1054476	2.46395510277267e-05
rs_chromosome7_1054083	7	1054083	2.73892175716271e-05
rs_chromosome11_179723	11	179723	1.75608281647576e-05
rs_chromosome11_179688	11	179688	1.75608281647576e-05
rs_chromosome11_455980	11	455980	5.64276957686453e-06
rs_chromosome5_116086	5	116086	1.97694427829237e-05
rs_chromosome12_743189	12	743189	3.27236137313251e-07
rs_chromosome12_738992	12	738992	7.8385387037513e-07
rs_chromosome12_739067	12	739067	7.8385387037513e-07
rs_chromosome12_742979	12	742979	7.93129369824161e-07
rs_chromosome15_102305	15	102305	2.17558468279316e-06
rs_chromosome5_70986	5	70986	4.34564749852722e-06
rs_chromosome5_70912	5	70912	4.56970034250773e-06
rs_chromosome5_70954	5	70954	4.56970034250773e-06
rs_chromosome8_329277	8	329277	4.74461198097781e-06
rs_chromosome2_45009	2	45009	6.91578028444831e-06
rs_chromosome2_47612	2	47612	1.25757359825644e-05
rs_chromosome12_798842	12	798842	1.42221430834377e-05
rs_chromosome5_71842	5	71842	2.6433866492403e-05
rs_chromosome14_94390	14	94390	2.69180011532437e-05
rs_chromosome13_347562	13	347562	3.75888640250468e-06
rs_chromosome4_816386	4	816386	1.63198986830851e-05
rs_chromosome7_1058948	7	1058948	2.19221860242085e-07
rs_chromosome7_1058963	7	1058963	2.19221860242085e-07
rs_chromosome7_1059621	7	1059621	1.16122237113856e-06
rs_chromosome7_1059089	7	1059089	3.32416554212824e-06
rs_chromosome7_1059407	7	1059407	1.42165858441754e-05
rs_chromosome14_754753	14	754753	4.27238287956785e-07
rs_chromosome14_754761	14	754761	6.61670909093619e-07
rs_chromosome14_754752	14	754752	6.32707279006833e-06
rs_chromosome14_754756	14	754756	6.32707279006833e-06
rs_chromosome2_341309	2	341309	7.15707310658176e-06
rs_chromosome15_74821	15	74821	2.45975473333558e-05
rs_chromosome4_221511	4	221511	1.00880338343909e-05
rs_chromosome2_400386	2	400386	1.65380204732996e-05
rs_chromosome14_367520	14	367520	1.88352928512964e-05
rs_chromosome16_913626	16	913626	1.23579141430894e-07
rs_chromosome10_346858	10	346858	7.23020965174832e-07
rs_chromosome16_913665	16	913665	8.37802147996626e-07
rs_chromosome10_510695	10	510695	1.19558444475976e-06
rs_chromosome10_510548	10	510548	1.19558444475976e-06
rs_chromosome10_346495	10	346495	1.28375146805161e-06
rs_chromosome16_913687	16	913687	1.8396846080116e-06
rs_chromosome14_444421	14	444421	3.60259238479962e-06
rs_chromosome12_112232	12	112232	3.93293417903261e-06
rs_chromosome13_536035	13	536035	4.8781370277966e-06
rs_chromosome2_469122	2	469122	8.83189484279865e-06
rs_chromosome12_203986	12	203986	1.22014017409536e-05
rs_chromosome10_296795	10	296795	1.26441448824164e-05
rs_chromosome2_700682	2	700682	1.30344886639766e-05
rs_chromosome2_700715	2	700715	1.30344886639766e-05
rs_chromosome16_913716	16	913716	1.40747405321391e-05
rs_chromosome16_913748	16	913748	1.4075181130245e-05
rs_chromosome13_536231	13	536231	1.43028508471778e-05
rs_chromosome5_115035	5	115035	1.85394435787915e-05
rs_chromosome10_348584	10	348584	1.92915339797978e-05
rs_chromosome5_115669	5	115669	1.98165244050672e-05
rs_chromosome2_698958	2	698958	2.06227497089004e-05
rs_chromosome9_65755	9	65755	2.34073528343724e-05
rs_chromosome5_234209	5	234209	2.35699075954967e-05
rs_chromosome11_603048	11	603048	2.37374483112559e-05
rs_chromosome12_436435	12	436435	2.59281593523833e-05
rs_chromosome5_115890	5	115890	2.60413236147134e-05
rs_chromosome2_152894	2	152894	2.68559988982969e-05
rs_chromosome11_517238	11	517238	1.16393626354445e-05
rs_chromosome8_484023	8	484023	5.59355784804487e-07
rs_chromosome5_95237	5	95237	1.32214025401262e-06
rs_chromosome5_338308	5	338308	1.61042337337407e-06
rs_chromosome7_172032	7	172032	5.570814341906e-06
rs_chromosome12_793723	12	793723	7.72168725697224e-06
rs_chromosome1_195585	1	195585	1.28515079501953e-05
rs_chromosome11_451308	11	451308	1.3813063690117e-05
rs_chromosome11_178486	11	178486	6.90528276239988e-06
rs_chromosome15_977636	15	977636	9.55635120097084e-06
rs_chromosome2_517153	2	517153	6.54486039919425e-06
rs_chromosome11_431451	11	431451	3.55552033827292e-06
rs_chromosome16_364999	16	364999	2.09110715175087e-05
rs_chromosome9_42275	9	42275	2.21418824389486e-05
rs_chromosome6_48454	6	48454	4.92576243162296e-06
rs_chromosome9_318392	9	318392	1.47079284899933e-05
rs_chromosome9_167860	9	167860	1.62975330500019e-05
rs_chromosome9_234371	9	234371	3.25275681583413e-05
rs_chromosome10_583447	10	583447	7.48222317173467e-06
rs_chromosome8_148297	8	148297	5.16732258189707e-06
rs_chromosome8_147843	8	147843	1.76280897844354e-05
rs_chromosome12_150780	12	150780	2.2602998105237e-05
rs_chromosome9_39041	9	39041	1.95003219749015e-05
rs_chromosome1_138793	1	138793	1.65717012162531e-05
rs_chromosome1_138791	1	138791	1.65717012162531e-05
rs_chromosome14_132840	14	132840	2.67699336126773e-05
rs_chromosome2_790890	2	790890	1.30189077584288e-05
rs_chromosome8_179112	8	179112	9.81755877881932e-07
rs_chromosome8_179208	8	179208	1.34142545027386e-05
rs_chromosome11_179232	11	179232	1.94836089989708e-05
rs_chromosome15_133892	15	133892	2.29584225602976e-06
rs_chromosome14_206709	14	206709	6.01174579930961e-06
rs_chromosome12_677241	12	677241	1.7401092367691e-05
rs_chromosome10_466456	10	466456	8.76195357221704e-06
rs_chromosome9_390114	9	390114	1.51144107595162e-05
rs_chromosome4_687746	4	687746	1.59748260437883e-05
rs_chromosome4_687745	4	687745	1.59748260437883e-05
rs_chromosome11_405960	11	405960	1.92610666050114e-05
rs_chromosome7_271308	7	271308	3.41096151351524e-05
rs_chromosome12_1043284	12	1043284	2.75551027807508e-05
rs_chromosome15_789673	15	789673	3.92936021253892e-06
rs_chromosome8_143824	8	143824	5.56461406959394e-06
rs_chromosome8_164893	8	164893	1.17189938920496e-05
rs_chromosome2_21480	2	21480	6.89155188592396e-07
rs_chromosome4_388668	4	388668	2.35417222171297e-05
rs_chromosome4_1083252	4	1083252	8.77164082535753e-06
rs_chromosome12_376900	12	376900	3.82064222375484e-06
rs_chromosome12_376585	12	376585	3.82064222375484e-06
rs_chromosome4_547842	4	547842	5.86609793201934e-06
rs_chromosome8_389909	8	389909	1.81056073855028e-06
rs_chromosome15_780823	15	780823	2.52206101209035e-05
rs_chromosome9_42275	9	42275	1.22318330460382e-05
rs_chromosome11_408307	11	408307	6.41557926533241e-06
rs_chromosome1_35508	1	35508	4.79196133251506e-06
rs_chromosome5_395227	5	395227	6.84774352103642e-07
rs_chromosome5_393902	5	393902	3.20803481728312e-06
rs_chromosome16_562779	16	562779	2.02043644844209e-05
rs_chromosome15_765269	15	765269	2.38986419739798e-05
rs_chromosome6_128252	6	128252	8.04572602471357e-06
rs_chromosome11_231929	11	231929	1.47877240106571e-05
rs_chromosome11_231791	11	231791	1.90404229682328e-05
rs_chromosome11_231764	11	231764	1.90404229682328e-05
rs_chromosome11_380172	11	380172	1.45659742091036e-06
rs_chromosome2_41484	2	41484	3.79356006101151e-06
rs_chromosome4_597383	4	597383	1.01496802643813e-05
rs_chromosome2_21769	2	21769	1.16581617086755e-05
rs_chromosome4_62021	4	62021	2.292428555138e-05
rs_chromosome7_498521	7	498521	2.18386733056136e-05
rs_chromosome8_26179	8	26179	8.57162272227197e-06
rs_chromosome7_67624	7	67624	3.72348896232384e-08
rs_chromosome2_705558	2	705558	1.12423033074771e-05
rs_chromosome15_116575	15	116575	3.41738000985337e-05
rs_chromosome7_754860	7	754860	3.46865247083679e-05
rs_chromosome8_390630	8	390630	3.37797315767256e-06
rs_chromosome10_409338	10	409338	8.49471719850418e-06
rs_chromosome15_230852	15	230852	2.02190042345006e-05
rs_chromosome8_319491	8	319491	1.26727440653935e-05
rs_chromosome2_522647	2	522647	1.30796395847181e-05
rs_chromosome5_460131	5	460131	2.80795044859357e-05
rs_chromosome9_140787	9	140787	1.52800239208885e-05
rs_chromosome10_139142	10	139142	1.53479383071863e-05
rs_chromosome7_64305	7	64305	2.84486698182236e-06
rs_chromosome14_497369	14	497369	5.1075125869454e-06
rs_chromosome9_91232	9	91232	1.61380808436238e-05
rs_chromosome15_277819	15	277819	1.75364726012316e-05
rs_chromosome13_613260	13	613260	1.83738809135215e-05
rs_chromosome4_388954	4	388954	1.35037260534711e-05
rs_chromosome7_689452	7	689452	4.72256801945631e-06
rs_chromosome7_689389	7	689389	1.66038851679094e-05
rs_chromosome6_145894	6	145894	2.17884229007134e-06
rs_chromosome6_146545	6	146545	3.73316666850024e-06
rs_chromosome6_146334	6	146334	4.25383143096179e-06
rs_chromosome6_137600	6	137600	4.25620315155389e-06
rs_chromosome6_148693	6	148693	6.71866572355153e-06
rs_chromosome6_147471	6	147471	9.36750967518655e-06
rs_chromosome6_148828	6	148828	1.11220056338551e-05
rs_chromosome6_147067	6	147067	1.23497969114916e-05
rs_chromosome6_146074	6	146074	1.42030141436534e-05
rs_chromosome6_146341	6	146341	1.42030141436534e-05
rs_chromosome6_184798	6	184798	2.34173118925294e-05
rs_chromosome2_435236	2	435236	2.05396791059184e-05
rs_chromosome12_299124	12	299124	1.70299595956174e-05
rs_chromosome11_31748	11	31748	4.80397800604293e-06
rs_chromosome10_531599	10	531599	1.33496391060686e-05
rs_chromosome10_422529	10	422529	2.328983261377e-06
rs_chromosome12_539704	12	539704	3.01393589940316e-06
rs_chromosome4_1191233	4	1191233	5.20400166103241e-06
rs_chromosome7_317269	7	317269	8.05057288413046e-06
rs_chromosome10_694041	10	694041	1.0684557603823e-05
rs_chromosome4_1093818	4	1093818	1.88865226781566e-05
rs_chromosome8_167656	8	167656	2.35673799138548e-05
rs_chromosome4_22928	4	22928	8.51878929420385e-06
rs_chromosome13_625068	13	625068	1.17722914694458e-05
rs_chromosome9_163145	9	163145	4.30534356628055e-07
rs_chromosome2_408987	2	408987	5.35811812569364e-07
rs_chromosome16_98969	16	98969	5.88742711661334e-07
rs_chromosome7_356296	7	356296	1.32687277930941e-06
rs_chromosome2_740362	2	740362	1.13246737982028e-05
rs_chromosome4_935384	4	935384	1.33022541795113e-05
rs_chromosome3_245631	3	245631	1.37968505451499e-05
rs_chromosome8_79756	8	79756	1.64442412663602e-05
rs_chromosome3_173446	3	173446	1.6869606350684e-05
rs_chromosome15_200443	15	200443	1.99336731075773e-05
rs_chromosome10_272381	10	272381	2.08270140610115e-05
rs_chromosome15_503561	15	503561	2.12890125924915e-05
rs_chromosome4_402662	4	402662	2.18586087434876e-05
rs_chromosome15_345183	15	345183	2.18712702284653e-05
rs_chromosome8_225911	8	225911	1.24681505895663e-06
rs_chromosome6_227693	6	227693	8.22930393083252e-06
rs_chromosome4_547842	4	547842	4.38443685735868e-06
rs_chromosome2_44032	2	44032	5.98661683751409e-06
rs_chromosome15_998421	15	998421	8.50290657105949e-06
rs_chromosome15_433580	15	433580	8.4199312811861e-07
rs_chromosome15_246115	15	246115	1.2192386122681e-05
rs_chromosome7_325035	7	325035	1.03128798345891e-05
rs_chromosome4_172151	4	172151	8.15236978177588e-08
rs_chromosome4_172218	4	172218	2.18251612168473e-06
rs_chromosome15_512820	15	512820	1.2962895727465e-05
rs_chromosome10_666622	10	666622	1.42377991297776e-05
rs_chromosome15_514746	15	514746	1.82248749216011e-05
rs_chromosome13_491237	13	491237	3.83989359522414e-06
rs_chromosome6_153974	6	153974	1.70195123295047e-07
rs_chromosome12_693756	12	693756	1.32044930824975e-06
rs_chromosome16_390234	16	390234	1.06158804193426e-05
rs_chromosome2_775233	2	775233	4.97881981671547e-08
rs_chromosome6_223266	6	223266	4.21214676792206e-06
rs_chromosome2_416243	2	416243	1.30508231867234e-05
rs_chromosome7_693678	7	693678	1.39102908405648e-05
rs_chromosome15_271822	15	271822	1.62663946125298e-05
rs_chromosome15_253930	15	253930	2.70320972644997e-05
rs_chromosome16_436358	16	436358	1.01630400059278e-05
rs_chromosome10_677297	10	677297	1.98672707866277e-06
rs_chromosome12_511884	12	511884	1.25200068709398e-05
rs_chromosome7_344550	7	344550	1.28315260684603e-05
rs_chromosome12_169954	12	169954	9.95369281785215e-06
rs_chromosome12_819854	12	819854	1.96475875545318e-05
rs_chromosome16_378951	16	378951	1.09410975917462e-05
rs_chromosome16_892406	16	892406	2.29480818437999e-05
rs_chromosome7_675599	7	675599	8.21139221911278e-06
rs_chromosome7_145655	7	145655	1.43119449355346e-05
rs_chromosome10_576155	10	576155	1.5023840212107e-05
rs_chromosome12_693756	12	693756	3.99781935880999e-06
rs_chromosome5_63726	5	63726	4.65579604464524e-06
rs_chromosome11_243550	11	243550	4.85562595782802e-06
rs_chromosome11_230894	11	230894	6.0187423981247e-06
rs_chromosome1_65365	1	65365	7.08549042873159e-06
rs_chromosome5_72089	5	72089	1.49981706438841e-05
rs_chromosome5_52448	5	52448	1.35918258692503e-05
rs_chromosome13_420310	13	420310	9.66133708999241e-06
rs_chromosome4_1467094	4	1467094	2.25766906775471e-05
rs_chromosome7_385041	7	385041	1.11144809120776e-05
rs_chromosome13_687028	13	687028	1.70502830064233e-05
rs_chromosome4_433233	4	433233	2.21824587554779e-05
rs_chromosome7_1058948	7	1058948	4.27277109766557e-06
rs_chromosome7_1058963	7	1058963	4.27277109766557e-06
rs_chromosome10_118169	10	118169	3.98300998156859e-07
rs_chromosome16_30270	16	30270	1.7895037937912e-05
rs_chromosome2_518133	2	518133	2.21340619288785e-06
rs_chromosome2_517869	2	517869	1.11438795573498e-05
rs_chromosome10_608495	10	608495	8.95278021092834e-06
rs_chromosome6_168104	6	168104	1.33172991494218e-05
rs_chromosome7_905694	7	905694	9.63795449143134e-08
rs_chromosome4_1452589	4	1452589	1.10335870395044e-07
rs_chromosome7_294111	7	294111	4.19232748405053e-07
rs_chromosome16_213411	16	213411	4.57896613130819e-07
rs_chromosome15_934286	15	934286	5.76850307571645e-07
rs_chromosome4_292011	4	292011	7.02439550769822e-07
rs_chromosome7_339750	7	339750	8.11243266097337e-07
rs_chromosome5_462261	5	462261	8.7312229477127e-07
rs_chromosome12_707238	12	707238	1.63156753305144e-06
rs_chromosome12_771112	12	771112	2.02529428913705e-06
rs_chromosome15_881856	15	881856	2.06253697023157e-06
rs_chromosome16_52500	16	52500	2.11884647642522e-06
rs_chromosome3_81970	3	81970	2.28584908630682e-06
rs_chromosome4_289631	4	289631	3.4568413676024e-06
rs_chromosome15_616123	15	616123	3.70956096972289e-06
rs_chromosome12_968208	12	968208	4.29670278526169e-06
rs_chromosome3_176637	3	176637	4.72036880414701e-06
rs_chromosome15_243332	15	243332	5.25508617284912e-06
rs_chromosome7_645958	7	645958	5.32482170682398e-06
rs_chromosome12_530350	12	530350	7.57486570296996e-06
rs_chromosome7_500877	7	500877	7.95874792667222e-06
rs_chromosome4_599238	4	599238	8.18298073323216e-06
rs_chromosome12_1007613	12	1007613	8.54917389097681e-06
rs_chromosome11_517936	11	517936	8.96999808762463e-06
rs_chromosome4_1453164	4	1453164	9.42104753385846e-06
rs_chromosome16_908173	16	908173	1.02832942398984e-05
rs_chromosome15_253558	15	253558	1.15551471158053e-05
rs_chromosome10_678464	10	678464	1.32052700314438e-05
rs_chromosome7_1011792	7	1011792	1.7546369255023e-05
rs_chromosome16_208076	16	208076	2.04579474086551e-05
rs_chromosome2_167897	2	167897	2.16386379661634e-05
rs_chromosome8_153963	8	153963	2.18988489346446e-05
rs_chromosome5_228468	5	228468	2.33351881863732e-05
rs_chromosome14_744887	14	744887	2.23921547856389e-05
rs_chromosome4_380824	4	380824	8.96406008159964e-06
rs_chromosome8_291402	8	291402	3.12082239707058e-06
rs_chromosome12_848842	12	848842	1.9535815852305e-05
rs_chromosome11_444125	11	444125	2.5240257221095e-05
rs_chromosome13_425033	13	425033	3.85764502293319e-05
rs_chromosome15_669828	15	669828	1.11026389765854e-05
rs_chromosome5_63726	5	63726	1.04239538975902e-06
rs_chromosome12_603566	12	603566	2.0255584411948e-05
rs_chromosome7_722637	7	722637	9.13961368241103e-06
rs_chromosome2_21979	2	21979	7.14082000212377e-06
rs_chromosome2_21977	2	21977	7.14082000212377e-06
rs_chromosome8_70663	8	70663	1.23982974794073e-05
rs_chromosome2_775233	2	775233	2.9869648361831e-06
rs_chromosome4_1200872	4	1200872	4.99677842251701e-06
rs_chromosome4_1196388	4	1196388	1.70279684446143e-05
rs_chromosome13_171703	13	171703	9.3750157279428e-06
rs_chromosome13_144518	13	144518	3.00190918402898e-05
rs_chromosome13_522201	13	522201	1.1387554506254e-05
rs_chromosome8_141841	8	141841	1.38838350402066e-05
rs_chromosome16_739602	16	739602	1.00069551707794e-05
rs_chromosome14_117253	14	117253	2.17104761783628e-06
rs_chromosome14_742485	14	742485	1.17434319187838e-05
rs_chromosome10_149320	10	149320	2.17597808886561e-05
rs_chromosome12_683588	12	683588	5.45258689648361e-06
rs_chromosome5_71197	5	71197	1.38962716191755e-05
rs_chromosome7_712818	7	712818	5.76729382369787e-06
rs_chromosome2_779530	2	779530	1.95789464494892e-05
rs_chromosome15_1029127	15	1029127	6.19288610735012e-06
rs_chromosome13_856554	13	856554	4.7366617603941e-06
rs_chromosome8_319491	8	319491	5.33346628050025e-07
rs_chromosome12_370501	12	370501	1.14963441345905e-05
rs_chromosome2_45269	2	45269	2.23395861853221e-05
rs_chromosome4_1474394	4	1474394	1.76420639305792e-05
rs_chromosome4_397803	4	397803	1.9076936120341e-05
rs_chromosome5_274390	5	274390	1.98644862949677e-05
rs_chromosome5_408422	5	408422	8.94885425402346e-06
rs_chromosome12_528702	12	528702	6.217477921528e-06
rs_chromosome16_180828	16	180828	2.57826662270664e-05
rs_chromosome4_1137089	4	1137089	1.69760763100931e-05
rs_chromosome13_173124	13	173124	1.76035159983003e-05
rs_chromosome13_173678	13	173678	1.76947232829041e-05
rs_chromosome11_569606	11	569606	2.06734921629732e-05
rs_chromosome12_957106	12	957106	2.44788602162589e-05
rs_chromosome5_487689	5	487689	1.13963871186387e-05
rs_chromosome5_484851	5	484851	1.41987928389551e-05
rs_chromosome15_29269	15	29269	1.93958490155148e-05
rs_chromosome5_487480	5	487480	2.43461689808616e-05
rs_chromosome14_380619	14	380619	3.97918587281107e-05
rs_chromosome12_203753	12	203753	1.99243716377487e-06
rs_chromosome12_521643	12	521643	2.84658040125074e-06
rs_chromosome12_202775	12	202775	3.813958823118e-06
rs_chromosome15_163748	15	163748	5.24208910220171e-06
rs_chromosome2_625761	2	625761	9.56483421872989e-06
rs_chromosome10_260357	10	260357	1.38430839923847e-05
rs_chromosome10_191353	10	191353	1.4959081777242e-05
rs_chromosome12_202261	12	202261	2.21426730803867e-05
rs_chromosome8_144910	8	144910	1.05021020240414e-05
rs_chromosome5_250692	5	250692	9.10582684711808e-06
rs_chromosome4_835091	4	835091	1.66871440172013e-05
rs_chromosome15_711467	15	711467	8.57140198135244e-07
rs_chromosome8_300078	8	300078	1.95833992709423e-05
rs_chromosome12_764623	12	764623	1.15848736194894e-06
rs_chromosome4_1154297	4	1154297	1.0657006394584e-05
rs_chromosome7_264652	7	264652	6.15796092667942e-06
rs_chromosome2_775233	2	775233	4.08425640291639e-09
rs_chromosome15_1020452	15	1020452	1.28639377136769e-05
rs_chromosome16_75329	16	75329	5.47220196472261e-06
rs_chromosome11_515611	11	515611	7.56257597424562e-06
rs_chromosome2_105898	2	105898	1.26828890057806e-05
rs_chromosome9_95059	9	95059	3.29807679983569e-05
rs_chromosome5_289908	5	289908	9.71788381376699e-06
rs_chromosome14_746926	14	746926	9.3171926947261e-06
rs_chromosome14_746722	14	746722	9.3171926947261e-06
rs_chromosome14_746613	14	746613	9.3171926947261e-06
rs_chromosome14_747531	14	747531	9.3171926947261e-06
rs_chromosome16_347684	16	347684	1.89124593424614e-06
rs_chromosome5_442543	5	442543	8.70680141423813e-06
rs_chromosome14_445056	14	445056	1.6406628771824e-05
rs_chromosome15_919242	15	919242	2.45821551997456e-05
rs_chromosome12_20402	12	20402	1.78965366913213e-06
rs_chromosome12_849651	12	849651	2.48664178586381e-05
rs_chromosome7_544219	7	544219	3.71282693267914e-06
rs_chromosome7_412810	7	412810	1.9048459860558e-05
rs_chromosome10_324999	10	324999	3.97308828064894e-06
rs_chromosome12_346698	12	346698	1.02576283224496e-05
rs_chromosome11_405343	11	405343	3.91633644757564e-06
rs_chromosome9_375279	9	375279	2.64258214669887e-05
rs_chromosome5_555415	5	555415	1.51886614183811e-05
rs_chromosome11_81532	11	81532	1.65415374333185e-05
rs_chromosome14_429959	14	429959	7.82967551822597e-06
rs_chromosome7_675850	7	675850	2.07846944677241e-05
rs_chromosome15_168445	15	168445	3.24335888215379e-05
rs_chromosome15_168455	15	168455	3.24335888215379e-05
rs_chromosome7_88718	7	88718	2.1402723118508e-05
rs_chromosome2_150422	2	150422	6.53826509948316e-06
rs_chromosome11_462779	11	462779	2.66552249378923e-06
rs_chromosome14_286862	14	286862	3.41906525868219e-06
rs_chromosome11_460324	11	460324	3.74084272901312e-06
rs_chromosome7_20576	7	20576	3.96630369071064e-06
rs_chromosome7_713002	7	713002	4.27451869909743e-06
rs_chromosome11_462789	11	462789	6.36599633938096e-06
rs_chromosome7_713260	7	713260	8.47853558932608e-06
rs_chromosome7_713658	7	713658	8.47853558932608e-06
rs_chromosome7_713420	7	713420	8.47853558932608e-06
rs_chromosome7_713781	7	713781	8.47853558932608e-06
rs_chromosome7_715538	7	715538	8.47853558932608e-06
rs_chromosome7_715664	7	715664	8.47853558932608e-06
rs_chromosome2_116939	2	116939	1.19999531914729e-05
rs_chromosome9_37403	9	37403	1.66991791581893e-05
rs_chromosome9_37443	9	37443	1.66991791581893e-05
rs_chromosome6_153974	6	153974	1.45960658372766e-05
rs_chromosome16_43754	16	43754	1.53017409919445e-05
rs_chromosome15_1049615	15	1049615	5.98524405112642e-06
rs_chromosome7_756484	7	756484	2.20368627370894e-06
rs_chromosome7_754453	7	754453	3.16584728824888e-06
rs_chromosome3_289942	3	289942	6.05608278269874e-06
rs_chromosome2_672553	2	672553	2.43596790317913e-05
rs_chromosome2_672540	2	672540	2.43596790317913e-05
rs_chromosome4_375384	4	375384	1.40942481896066e-05
rs_chromosome2_172322	2	172322	8.81986278505933e-06
rs_chromosome2_172323	2	172323	8.81986278505933e-06
rs_chromosome2_172338	2	172338	8.81986278505933e-06
rs_chromosome2_292755	2	292755	3.28684854647624e-06
rs_chromosome6_153974	6	153974	9.86883121684927e-06
rs_chromosome16_609195	16	609195	2.51065864443725e-05
rs_chromosome15_202129	15	202129	1.83768333961211e-05
rs_chromosome16_23951	16	23951	3.23106583199875e-07
rs_chromosome15_933473	15	933473	9.97911169204253e-06
rs_chromosome15_933425	15	933425	9.97911169204253e-06
rs_chromosome7_142006	7	142006	2.34659323779092e-06
rs_chromosome9_37696	9	37696	2.66160075386597e-06
rs_chromosome9_37519	9	37519	4.75186490012371e-06
rs_chromosome9_37498	9	37498	1.3289997716435e-05
rs_chromosome14_413294	14	413294	9.04410445604581e-06
rs_chromosome13_572747	13	572747	1.61832657212358e-05
rs_chromosome15_807453	15	807453	7.39051402778804e-06
rs_chromosome10_36050	10	36050	3.65257459202155e-06
rs_chromosome7_809363	7	809363	8.53975712449048e-06
rs_chromosome3_78951	3	78951	1.91140869344603e-07
rs_chromosome3_78952	3	78952	1.91140869344603e-07
rs_chromosome11_120740	11	120740	3.62696412885862e-06
rs_chromosome11_215813	11	215813	3.15770114129862e-06
rs_chromosome7_1063699	7	1063699	7.9275411831769e-06
rs_chromosome13_32504	13	32504	1.94618895118328e-05
rs_chromosome8_389909	8	389909	4.67743470262206e-06
rs_chromosome2_518133	2	518133	1.02349950700599e-05
rs_chromosome15_82531	15	82531	1.28241282742214e-05
rs_chromosome2_725223	2	725223	1.52771534783293e-05
rs_chromosome11_599122	11	599122	9.0004584242985e-06
rs_chromosome2_493841	2	493841	5.50359204589661e-07
rs_chromosome10_356605	10	356605	9.96502462547361e-06
rs_chromosome15_68602	15	68602	1.40021745679065e-05
rs_chromosome5_406754	5	406754	5.96590454264792e-06
rs_chromosome5_406753	5	406753	5.96590454264792e-06
rs_chromosome7_1063699	7	1063699	1.44117267856923e-05
rs_chromosome5_555415	5	555415	1.48328422606177e-05
rs_chromosome16_72276	16	72276	1.85864823646557e-05
rs_chromosome13_287490	13	287490	9.67515961011765e-06
rs_chromosome12_385802	12	385802	6.96448017596022e-06
rs_chromosome11_621820	11	621820	6.39566816959417e-06
rs_chromosome2_637063	2	637063	3.5675472067148e-06
rs_chromosome15_256446	15	256446	4.4905256918795e-06
rs_chromosome8_40881	8	40881	1.21143144696126e-05
rs_chromosome9_283496	9	283496	1.76865966192016e-05
rs_chromosome2_637366	2	637366	1.84776206947594e-05
rs_chromosome9_283390	9	283390	1.86979265830529e-05
rs_chromosome11_386669	11	386669	3.8721483667248e-06
rs_chromosome12_74846	12	74846	1.35602055838811e-06
rs_chromosome10_272315	10	272315	1.15004578263401e-05
rs_chromosome4_105215	4	105215	1.42557077164959e-06
rs_chromosome10_655670	10	655670	3.23533554121496e-06
rs_chromosome10_460988	10	460988	5.27856637564998e-06
rs_chromosome10_462687	10	462687	1.00795784056537e-05
rs_chromosome10_420791	10	420791	1.77799914731114e-05
rs_chromosome10_461695	10	461695	1.81044719805334e-05
rs_chromosome8_34368	8	34368	8.65735760304999e-06
rs_chromosome10_628038	10	628038	1.77071755031094e-05
rs_chromosome4_1336509	4	1336509	1.9556007026298e-05
rs_chromosome4_1336581	4	1336581	1.9556007026298e-05
rs_chromosome7_1067869	7	1067869	6.08406492969533e-06
rs_chromosome7_1067840	7	1067840	6.42180296491734e-06
rs_chromosome7_1067822	7	1067822	1.45014731717305e-05
rs_chromosome7_1067863	7	1067863	1.45014731717305e-05
rs_chromosome7_1067872	7	1067872	1.45014731717305e-05
rs_chromosome4_526727	4	526727	2.41166574899796e-06
rs_chromosome12_136315	12	136315	5.03734195436173e-06
rs_chromosome2_731292	2	731292	2.05517304498998e-05
rs_chromosome13_78806	13	78806	2.93532421299296e-05
rs_chromosome14_306252	14	306252	1.08117847797661e-05
rs_chromosome15_616666	15	616666	6.94669624629688e-08
rs_chromosome16_697315	16	697315	2.16446413137876e-05
rs_chromosome2_473996	2	473996	1.02529451660098e-05
rs_chromosome3_204507	3	204507	9.33931391697427e-06
rs_chromosome4_1493956	4	1493956	6.71781188978329e-06
rs_chromosome16_495832	16	495832	7.00904649264115e-06
rs_chromosome3_278525	3	278525	6.90953793175872e-06
rs_chromosome15_680430	15	680430	2.5486283603653e-05
rs_chromosome4_276066	4	276066	6.34425773272428e-06
rs_chromosome15_467752	15	467752	5.07848897035498e-05
rs_chromosome14_747531	14	747531	1.93832310225766e-05
rs_chromosome14_746722	14	746722	1.93832310225766e-05
rs_chromosome14_746926	14	746926	1.93832310225766e-05
rs_chromosome14_746613	14	746613	1.93832310225766e-05
rs_chromosome14_742180	14	742180	2.55848205853402e-05
rs_chromosome14_165732	14	165732	4.32516690495192e-06
rs_chromosome2_118457	2	118457	2.15524913815621e-05
rs_chromosome16_103612	16	103612	1.24671383024127e-05
rs_chromosome7_1059339	7	1059339	1.57924012771481e-05
rs_chromosome8_388130	8	388130	8.50508787037622e-06
rs_chromosome14_187825	14	187825	1.57742507431514e-05
rs_chromosome4_793726	4	793726	3.06553197495484e-05
rs_chromosome9_255387	9	255387	2.76252562909143e-05
rs_chromosome16_424230	16	424230	6.32734923019714e-06
rs_chromosome14_357088	14	357088	1.91363814865112e-06
rs_chromosome1_138793	1	138793	6.1966902215213e-06
rs_chromosome1_138791	1	138791	6.1966902215213e-06
rs_chromosome7_154496	7	154496	1.64149422198829e-05
rs_chromosome1_198621	1	198621	1.86465000816329e-05
rs_chromosome1_198625	1	198625	1.86465000816329e-05
rs_chromosome14_117253	14	117253	3.94120310184329e-06
rs_chromosome15_441487	15	441487	1.14054615778024e-05
rs_chromosome16_722483	16	722483	8.57013778146853e-06
rs_chromosome4_1388608	4	1388608	9.43550197950764e-06
rs_chromosome7_593817	7	593817	1.73637040249271e-05
rs_chromosome4_54223	4	54223	8.24924707388462e-07
rs_chromosome12_107151	12	107151	3.31523633785584e-06
rs_chromosome4_1390233	4	1390233	1.58555160730413e-05
rs_chromosome14_303633	14	303633	2.50408318896147e-05
rs_chromosome16_682840	16	682840	2.7883318507717e-05
rs_chromosome15_431558	15	431558	1.17217146887318e-05
rs_chromosome11_172796	11	172796	1.46755611036316e-05
rs_chromosome14_276550	14	276550	1.70264956703937e-05
rs_chromosome6_71083	6	71083	1.43312510116989e-05
rs_chromosome13_493797	13	493797	6.29476545110071e-06
rs_chromosome4_1318331	4	1318331	9.14216387773577e-06
rs_chromosome7_1063699	7	1063699	3.23994608754293e-05
rs_chromosome4_1345654	4	1345654	2.06615936713254e-05
rs_chromosome2_334452	2	334452	1.09295079126394e-05
rs_chromosome15_291607	15	291607	1.91948585147259e-05
rs_chromosome13_421102	13	421102	1.18520351232321e-05
rs_chromosome16_891130	16	891130	2.61948704991203e-05
rs_chromosome2_519618	2	519618	3.98014124183711e-06
rs_chromosome2_519873	2	519873	3.98014124183711e-06
rs_chromosome2_519317	2	519317	3.98014124183711e-06
rs_chromosome2_519924	2	519924	3.98014124183711e-06
rs_chromosome2_520452	2	520452	1.03531464852559e-05
rs_chromosome2_520641	2	520641	1.03531464852559e-05
rs_chromosome2_520611	2	520611	1.03531464852559e-05
rs_chromosome2_520564	2	520564	1.03531464852559e-05
rs_chromosome12_526847	12	526847	1.04851981520623e-05
rs_chromosome5_255489	5	255489	1.07976555356351e-05
rs_chromosome4_1279037	4	1279037	1.51476195748461e-05
rs_chromosome2_517334	2	517334	3.35449781889754e-05
rs_chromosome2_517253	2	517253	3.35449781889754e-05
rs_chromosome11_482900	11	482900	4.53989001288786e-05
rs_chromosome12_765047	12	765047	1.049048656293e-05
rs_chromosome15_1004045	15	1004045	9.16406733274359e-06
rs_chromosome15_1003809	15	1003809	9.16406733274359e-06
rs_chromosome15_1004312	15	1004312	2.99260318354462e-05
rs_chromosome5_106822	5	106822	1.92815130536564e-05
rs_chromosome16_611083	16	611083	2.96943685241299e-05
rs_chromosome5_30664	5	30664	2.40562884930452e-05
rs_chromosome7_368573	7	368573	2.3191719853492e-05
rs_chromosome5_487184	5	487184	1.09434231231611e-05
rs_chromosome11_396283	11	396283	1.34748487101457e-05
rs_chromosome8_161994	8	161994	2.7294830263208e-05
rs_chromosome14_420094	14	420094	2.60745537392285e-06
rs_chromosome12_1024303	12	1024303	5.68729128301879e-06
rs_chromosome13_101365	13	101365	1.09903971630027e-05
rs_chromosome13_101353	13	101353	1.09903971630027e-05
rs_chromosome16_914589	16	914589	4.97852839133823e-06
rs_chromosome16_739602	16	739602	3.13751802910003e-06
rs_chromosome14_428659	14	428659	3.75236501789792e-06
rs_chromosome13_710067	13	710067	8.94956433861649e-06
rs_chromosome2_105670	2	105670	2.20129846221003e-05
rs_chromosome7_698531	7	698531	2.50552418215548e-05
rs_chromosome2_775233	2	775233	5.23520879591422e-06
rs_chromosome11_337530	11	337530	5.74921966351951e-06
rs_chromosome16_886141	16	886141	7.09455320163377e-06
rs_chromosome16_885942	16	885942	7.09455320163377e-06
rs_chromosome8_394232	8	394232	1.62742546695604e-07
rs_chromosome4_1137089	4	1137089	2.24536118635636e-07
rs_chromosome4_1136363	4	1136363	1.18960035239654e-05
rs_chromosome4_1136470	4	1136470	1.18960035239654e-05
rs_chromosome4_1136387	4	1136387	1.18960035239654e-05
rs_chromosome4_414726	4	414726	1.38371285727758e-05
rs_chromosome4_1341095	4	1341095	1.82967433268608e-05
rs_chromosome4_1126330	4	1126330	2.96854745060444e-05
rs_chromosome4_727987	4	727987	6.77283847623194e-06
rs_chromosome8_519078	8	519078	4.93404828707571e-06
rs_chromosome8_519079	8	519079	5.43317121255562e-06
rs_chromosome10_663993	10	663993	1.3631978913554e-05
rs_chromosome2_790890	2	790890	4.59581002225016e-06
rs_chromosome7_618008	7	618008	1.21555448873213e-05
rs_chromosome8_147843	8	147843	1.71401699834459e-05
rs_chromosome4_130729	4	130729	1.58064520509159e-05
rs_chromosome16_877869	16	877869	1.39682770729503e-06
rs_chromosome16_877710	16	877710	1.00335219136608e-05
rs_chromosome7_1012069	7	1012069	1.24454056933688e-05
rs_chromosome4_710109	4	710109	1.72770374889831e-05
rs_chromosome5_100074	5	100074	3.75852717129556e-05
rs_chromosome4_1429123	4	1429123	5.09335368884437e-06
rs_chromosome2_141215	2	141215	1.68535548846312e-05
rs_chromosome2_141207	2	141207	1.68535548846312e-05
rs_chromosome10_236615	10	236615	1.80064807846487e-05
rs_chromosome10_702324	10	702324	1.44726978376913e-06
rs_chromosome11_389081	11	389081	1.65537989518899e-05
rs_chromosome8_155521	8	155521	8.15365324527581e-09
rs_chromosome4_1340784	4	1340784	2.93218008961564e-07
rs_chromosome4_1059983	4	1059983	1.20242860867591e-06
rs_chromosome7_304604	7	304604	1.95669449237275e-06
rs_chromosome13_173124	13	173124	6.81130783841334e-06
rs_chromosome3_134374	3	134374	1.77601010014459e-05
rs_chromosome4_1341095	4	1341095	2.1305864296985e-05
rs_chromosome4_1191616	4	1191616	2.36480360452861e-05
rs_chromosome15_1050335	15	1050335	2.77019720289883e-05
rs_chromosome7_391475	7	391475	3.19435256956522e-05
rs_chromosome5_197724	5	197724	3.85538871691979e-06
rs_chromosome10_539524	10	539524	5.2052340560804e-06
rs_chromosome13_732583	13	732583	1.07559304024817e-05
rs_chromosome12_246984	12	246984	1.63468290894096e-05
rs_chromosome14_616014	14	616014	3.20181541445605e-05
rs_chromosome1_73633	1	73633	1.08581205586465e-05
rs_chromosome8_519079	8	519079	2.19029811303296e-05
rs_chromosome8_127010	8	127010	5.26720369909241e-06
rs_chromosome12_115522	12	115522	2.56115902844709e-06
rs_chromosome13_274730	13	274730	7.09254142134891e-06
rs_chromosome4_1138235	4	1138235	1.92229928196073e-05
rs_chromosome4_672136	4	672136	2.10568834966328e-05
rs_chromosome12_25499	12	25499	2.34281604786672e-05
rs_chromosome4_1120689	4	1120689	1.34083889522168e-05
rs_chromosome15_1003120	15	1003120	3.20402974684343e-06
rs_chromosome6_64052	6	64052	3.2621228055878e-06
rs_chromosome12_932439	12	932439	1.31199092709722e-05
rs_chromosome16_38907	16	38907	1.48582724831922e-05
rs_chromosome4_1055184	4	1055184	1.48614516879187e-05
rs_chromosome8_388130	8	388130	6.49986696035666e-06
rs_chromosome4_771858	4	771858	1.39690710195178e-05
rs_chromosome16_654333	16	654333	1.50513431889629e-05
rs_chromosome7_43204	7	43204	1.83637344317252e-07
rs_chromosome5_63726	5	63726	1.63745194950938e-06
rs_chromosome15_451145	15	451145	4.63525224042326e-06
rs_chromosome4_198797	4	198797	2.22206891536201e-06
rs_chromosome16_21980	16	21980	3.73048629820578e-06
rs_chromosome16_885828	16	885828	2.60335756125482e-06
rs_chromosome16_885822	16	885822	2.74960425322285e-06
rs_chromosome10_313829	10	313829	1.07526486369278e-05
rs_chromosome16_697502	16	697502	6.81733430894423e-06
rs_chromosome8_173412	8	173412	1.27232152217537e-05
rs_chromosome7_43204	7	43204	8.08859777925279e-07
rs_chromosome16_885942	16	885942	1.30230606215743e-05
rs_chromosome16_886141	16	886141	1.30230606215743e-05
rs_chromosome2_159079	2	159079	1.53586832394574e-05
rs_chromosome11_51472	11	51472	8.14547058908145e-06
rs_chromosome15_658645	15	658645	1.29302058165777e-05
rs_chromosome7_1058948	7	1058948	7.57938249115295e-06
rs_chromosome7_1058963	7	1058963	7.57938249115295e-06
rs_chromosome4_687169	4	687169	9.18844061198648e-06
rs_chromosome15_256446	15	256446	2.05330398484645e-05
rs_chromosome16_892115	16	892115	1.62555446634587e-05
rs_chromosome11_491161	11	491161	1.11844749827393e-06
rs_chromosome13_801852	13	801852	3.30160380712316e-06
rs_chromosome13_801876	13	801876	3.30160380712316e-06
rs_chromosome13_801921	13	801921	3.30160380712316e-06
rs_chromosome13_801732	13	801732	6.79838204310196e-06
rs_chromosome13_801808	13	801808	6.79838204310196e-06
rs_chromosome13_801754	13	801754	2.20246336841353e-05
rs_chromosome11_627536	11	627536	2.46174220288829e-06
rs_chromosome4_600978	4	600978	3.89752277012288e-06
rs_chromosome10_587243	10	587243	5.81988117727431e-06
rs_chromosome12_837595	12	837595	1.36155834563872e-05
rs_chromosome9_136845	9	136845	4.55466357225724e-06
rs_chromosome13_217508	13	217508	1.01375510868819e-05
rs_chromosome13_217557	13	217557	1.01375510868819e-05
rs_chromosome7_655734	7	655734	1.42249841885268e-05
rs_chromosome16_739602	16	739602	5.886994874489e-07
rs_chromosome13_801876	13	801876	1.31437315437212e-05
rs_chromosome13_801921	13	801921	1.31437315437212e-05
rs_chromosome13_801852	13	801852	1.31437315437212e-05
rs_chromosome16_739602	16	739602	1.64946249605721e-05
rs_chromosome7_654914	7	654914	1.52428924728629e-06
rs_chromosome4_1055184	4	1055184	1.64046200753239e-05
rs_chromosome5_194678	5	194678	5.84767482452934e-06
rs_chromosome15_305341	15	305341	9.47960051219989e-06
rs_chromosome7_434403	7	434403	5.27792981418797e-06
rs_chromosome11_595260	11	595260	1.26428236174273e-05
rs_chromosome11_520276	11	520276	4.80666499508971e-06
rs_chromosome11_519490	11	519490	6.28288427298158e-06
rs_chromosome5_542706	5	542706	1.46496661552286e-06
rs_chromosome5_542721	5	542721	9.28717516674576e-06
rs_chromosome16_885864	16	885864	2.26716315757985e-06
rs_chromosome16_885822	16	885822	5.90442497198549e-06
rs_chromosome16_885828	16	885828	7.0956517416963e-06
rs_chromosome11_519321	11	519321	1.5840879525278e-05
rs_chromosome16_298471	16	298471	8.43183499550493e-06
rs_chromosome5_486330	5	486330	1.25181413700356e-05
rs_chromosome2_193513	2	193513	2.5194006388127e-05
rs_chromosome15_822096	15	822096	3.56240394198868e-06
rs_chromosome2_76824	2	76824	2.00348397929786e-06
rs_chromosome7_886054	7	886054	1.49828098944024e-05
rs_chromosome10_148288	10	148288	2.01615913361443e-05
rs_chromosome12_435124	12	435124	1.43334000885396e-05
rs_chromosome8_203888	8	203888	1.41455435501828e-05
rs_chromosome11_585840	11	585840	9.1985045626925e-06
rs_chromosome9_351362	9	351362	1.02307994056715e-05
rs_chromosome9_351040	9	351040	1.02307994056715e-05
rs_chromosome5_144265	5	144265	1.24698630599838e-05
rs_chromosome2_76062	2	76062	2.81463736988248e-10
rs_chromosome2_76053	2	76053	2.81463736988248e-10
rs_chromosome2_76078	2	76078	3.16994083557986e-10
rs_chromosome2_76112	2	76112	2.70847233182244e-08
rs_chromosome2_75941	2	75941	2.48795658433131e-07
rs_chromosome2_75965	2	75965	2.48795658433131e-07
rs_chromosome2_76094	2	76094	5.19148299862454e-07
rs_chromosome10_445306	10	445306	2.11279171357531e-05
rs_chromosome12_784820	12	784820	2.80838821061279e-05
rs_chromosome15_1007117	15	1007117	3.06773841926808e-05
rs_chromosome14_665001	14	665001	3.22854934654724e-05
rs_chromosome12_786826	12	786826	3.26688065543457e-05
rs_chromosome12_788682	12	788682	3.45145875967722e-05
rs_chromosome10_351731	10	351731	5.61509037854267e-06
rs_chromosome5_36559	5	36559	1.51719423367658e-05
rs_chromosome4_1299032	4	1299032	1.98036729822138e-05
rs_chromosome12_576037	12	576037	3.49499178717748e-06
rs_chromosome6_146172	6	146172	1.09217372716399e-06
rs_chromosome11_394047	11	394047	3.75794696286339e-06
rs_chromosome13_538619	13	538619	2.25489929690916e-06
rs_chromosome9_382528	9	382528	1.16148558174624e-05
rs_chromosome12_739411	12	739411	1.75740744425041e-05
rs_chromosome11_479195	11	479195	2.6361128006837e-06
rs_chromosome9_77692	9	77692	1.01990846427462e-05
rs_chromosome16_252274	16	252274	3.32287750430502e-05
rs_chromosome16_739602	16	739602	1.60885165848863e-06
rs_chromosome14_600034	14	600034	1.95558963493722e-05
rs_chromosome10_146992	10	146992	7.65768783816476e-06
rs_chromosome10_311045	10	311045	5.24294630542888e-06
rs_chromosome10_311117	10	311117	5.24294630542888e-06
rs_chromosome9_47108	9	47108	4.7882018357592e-06
rs_chromosome9_47117	9	47117	4.7882018357592e-06
rs_chromosome12_103806	12	103806	1.13165421399209e-05
rs_chromosome14_426745	14	426745	1.98424425931412e-06
rs_chromosome14_414427	14	414427	3.93842235337483e-06
rs_chromosome8_122053	8	122053	1.75723993100211e-05
rs_chromosome14_763540	14	763540	8.2155793638702e-06
rs_chromosome13_308762	13	308762	8.57284671706364e-06
rs_chromosome14_140590	14	140590	1.17302649429309e-05
rs_chromosome14_140587	14	140587	1.17302649429309e-05
rs_chromosome14_140527	14	140527	1.17302649429309e-05
rs_chromosome14_140470	14	140470	1.17302649429309e-05
rs_chromosome14_140504	14	140504	1.17302649429309e-05
rs_chromosome14_140596	14	140596	1.17302649429309e-05
rs_chromosome14_140603	14	140603	1.17302649429309e-05
rs_chromosome2_172113	2	172113	2.266410191321e-05
rs_chromosome10_215480	10	215480	8.42846099823215e-07
rs_chromosome10_215481	10	215481	8.42846099823215e-07
rs_chromosome10_217028	10	217028	4.13702954899206e-06
rs_chromosome10_209220	10	209220	7.5149606082043e-06
rs_chromosome10_217367	10	217367	1.03781119888974e-05
rs_chromosome10_215224	10	215224	1.21916864348924e-05
rs_chromosome10_423483	10	423483	2.64393671140925e-05
rs_chromosome4_475620	4	475620	1.86464579333839e-05
rs_chromosome13_310813	13	310813	8.59403310983957e-06
rs_chromosome5_82669	5	82669	1.11021015831023e-05
rs_chromosome9_250581	9	250581	1.0722539810617e-05
rs_chromosome4_1401685	4	1401685	1.14895974500879e-05
rs_chromosome2_775233	2	775233	2.4188728028137e-07
rs_chromosome7_673804	7	673804	4.35388979206212e-06
rs_chromosome16_685465	16	685465	9.10324243621234e-06
rs_chromosome11_640812	11	640812	1.00802306745992e-05
rs_chromosome11_343095	11	343095	1.09695946063719e-05
rs_chromosome9_335817	9	335817	1.24343636353441e-05
rs_chromosome13_560261	13	560261	1.25607514691612e-05
rs_chromosome12_1015184	12	1015184	1.38943134286103e-05
rs_chromosome11_278406	11	278406	1.49110633349784e-05
rs_chromosome7_793351	7	793351	1.95726341879565e-05
rs_chromosome7_793442	7	793442	1.95726341879565e-05
rs_chromosome12_118322	12	118322	2.04159003422828e-05
rs_chromosome3_282387	3	282387	2.53776982296187e-05
rs_chromosome2_548425	2	548425	2.57597378176568e-05
rs_chromosome15_912582	15	912582	3.21230869207162e-05
rs_chromosome15_911963	15	911963	3.21230869207162e-05
rs_chromosome15_911862	15	911862	3.22388707392323e-05
rs_chromosome11_299707	11	299707	3.84573179888898e-05
rs_chromosome2_312029	2	312029	4.14104234518195e-05
rs_chromosome10_646595	10	646595	4.32668271850649e-05
rs_chromosome14_736308	14	736308	1.43391417262716e-05
rs_chromosome10_463573	10	463573	2.09542332473045e-05
rs_chromosome10_579361	10	579361	2.95867804215121e-05
rs_chromosome10_423483	10	423483	3.02311002019721e-05
rs_chromosome13_155650	13	155650	1.11395612034365e-06
rs_chromosome14_453168	14	453168	6.77373815717142e-06
rs_chromosome2_772129	2	772129	1.10854118187063e-05
rs_chromosome4_1077082	4	1077082	1.7262957897034e-05
rs_chromosome5_374909	5	374909	8.43925161684432e-06
rs_chromosome12_1043284	12	1043284	1.5040935219453e-06
rs_chromosome2_129347	2	129347	3.80490884560335e-06
rs_chromosome9_38470	9	38470	7.40160595945601e-06
rs_chromosome8_173923	8	173923	2.86688149574481e-05
rs_chromosome13_309305	13	309305	3.05127363497049e-05
rs_chromosome5_468645	5	468645	1.30327121543751e-05
rs_chromosome5_213865	5	213865	1.59199974511076e-05
rs_chromosome16_35931	16	35931	6.1777557343885e-06
rs_chromosome16_37088	16	37088	1.05357161798887e-05
rs_chromosome16_36315	16	36315	1.05357161798887e-05
rs_chromosome16_36081	16	36081	1.05357161798887e-05
rs_chromosome16_36100	16	36100	1.05357161798887e-05
rs_chromosome16_36342	16	36342	1.05357161798887e-05
rs_chromosome16_35664	16	35664	1.56127356703237e-05
rs_chromosome16_35541	16	35541	1.56127356703237e-05
rs_chromosome7_655266	7	655266	3.23676378877764e-05
rs_chromosome12_693756	12	693756	1.47087129071047e-05
rs_chromosome9_390703	9	390703	1.58348540104274e-05
rs_chromosome13_634582	13	634582	2.38693417913694e-05
rs_chromosome7_673804	7	673804	1.19710199442798e-06
rs_chromosome7_674123	7	674123	4.74153034970826e-06
rs_chromosome16_886141	16	886141	2.46413332732258e-05
rs_chromosome16_885942	16	885942	2.46413332732258e-05
rs_chromosome2_775233	2	775233	1.61453507809078e-06
rs_chromosome12_396805	12	396805	1.17480424233765e-05
rs_chromosome3_187612	3	187612	5.9657691134557e-06
rs_chromosome16_688677	16	688677	3.33055270326668e-06
rs_chromosome9_396834	9	396834	1.20796771960425e-05
rs_chromosome4_573174	4	573174	1.14094784433305e-06
rs_chromosome9_396692	9	396692	4.36480582523445e-06
rs_chromosome14_556547	14	556547	1.79621291773457e-05
rs_chromosome4_929778	4	929778	1.8311921527135e-05
rs_chromosome4_1484733	4	1484733	2.35647590673601e-05
rs_chromosome3_146420	3	146420	2.9208277691e-05
rs_chromosome6_208427	6	208427	9.81236161955132e-06
rs_chromosome13_809325	13	809325	1.09187908020683e-05
rs_chromosome16_709892	16	709892	5.38950632062212e-07
rs_chromosome16_709966	16	709966	2.33884764978107e-06
rs_chromosome12_83311	12	83311	2.45092602801087e-06
rs_chromosome12_37196	12	37196	2.64495071290732e-06
rs_chromosome8_37969	8	37969	8.62578619179088e-06
rs_chromosome7_655266	7	655266	1.47190512663556e-05
rs_chromosome8_181265	8	181265	6.61945522144287e-06
rs_chromosome10_420791	10	420791	7.13100790626578e-06
rs_chromosome4_1382859	4	1382859	6.72245281450978e-06
rs_chromosome4_1378471	4	1378471	6.72245281450978e-06
rs_chromosome1_34948	1	34948	7.45106094501354e-06
rs_chromosome14_136306	14	136306	3.44645718584862e-07
rs_chromosome11_405337	11	405337	8.07460640326893e-07
rs_chromosome7_21574	7	21574	5.0411575161811e-06
rs_chromosome16_35220	16	35220	8.20077749470565e-06
rs_chromosome12_184645	12	184645	8.79799423520586e-06
rs_chromosome16_35005	16	35005	1.19582991897541e-05
rs_chromosome7_625898	7	625898	9.80085453172465e-06
rs_chromosome8_438307	8	438307	1.82847026690651e-05
rs_chromosome14_470587	14	470587	4.19922767252657e-06
rs_chromosome8_223354	8	223354	5.58917640569138e-06
rs_chromosome2_129347	2	129347	8.15481244653966e-07
rs_chromosome1_179578	1	179578	3.98031044305589e-05
rs_chromosome9_277526	9	277526	1.03275187470269e-05
rs_chromosome16_692167	16	692167	1.29253784717021e-05
rs_chromosome5_556734	5	556734	1.93871658931734e-05
rs_chromosome12_36694	12	36694	2.46665007966858e-05
rs_chromosome14_678108	14	678108	2.87144345920571e-05
rs_chromosome2_785196	2	785196	3.04755219241935e-05
rs_chromosome2_785248	2	785248	3.04755219241935e-05
rs_chromosome14_119174	14	119174	3.5135767535736e-05
rs_chromosome15_316611	15	316611	3.59427247460262e-05
rs_chromosome11_355535	11	355535	2.11145281333831e-06
rs_chromosome4_371211	4	371211	1.17571032560429e-05
rs_chromosome12_1012062	12	1012062	2.44900295133031e-05
rs_chromosome11_201685	11	201685	6.47769867021878e-06
rs_chromosome2_640153	2	640153	2.77773270989611e-05
rs_chromosome1_139123	1	139123	3.35253552037685e-05
rs_chromosome16_552585	16	552585	4.6958258992668e-06
rs_chromosome11_27340	11	27340	1.70424562720556e-05
rs_chromosome3_198348	3	198348	1.70315149310948e-06
rs_chromosome10_574799	10	574799	4.87032044518889e-06
rs_chromosome1_147607	1	147607	1.95785347704216e-05
rs_chromosome2_155591	2	155591	2.19861110786094e-05
rs_chromosome10_101464	10	101464	2.67006782132622e-05
rs_chromosome15_1004312	15	1004312	5.691667327636e-06
rs_chromosome14_727684	14	727684	6.10438689418007e-06
rs_chromosome4_736769	4	736769	6.48597180142702e-06
rs_chromosome15_1004168	15	1004168	6.76226813719394e-06
rs_chromosome8_143824	8	143824	7.01597753127097e-06
rs_chromosome15_1004045	15	1004045	1.15959015621718e-05
rs_chromosome15_1003809	15	1003809	1.15959015621718e-05
rs_chromosome10_579361	10	579361	1.50740132922272e-05
rs_chromosome8_125980	8	125980	1.72414424319536e-05
rs_chromosome14_728276	14	728276	1.765121973742e-05
rs_chromosome8_141841	8	141841	2.33455615216022e-05
rs_chromosome15_1010114	15	1010114	2.95418575997873e-05
rs_chromosome4_736908	4	736908	3.00626514382185e-05
rs_chromosome11_491191	11	491191	3.54840213957177e-06
rs_chromosome7_1054083	7	1054083	6.10868455723052e-06
rs_chromosome2_619747	2	619747	1.39412672891829e-05
rs_chromosome8_274227	8	274227	1.40178220933534e-05
rs_chromosome4_1281471	4	1281471	2.02055216773105e-05
rs_chromosome4_80964	4	80964	1.22781764772236e-05
rs_chromosome7_523370	7	523370	1.45465214532625e-05
rs_chromosome5_79309	5	79309	2.90903627927708e-05
rs_chromosome16_739602	16	739602	6.608504171708e-06
rs_chromosome13_453833	13	453833	1.12664283061302e-05
rs_chromosome8_149250	8	149250	1.01041345036429e-05
rs_chromosome7_675419	7	675419	3.01250493061553e-06
rs_chromosome7_675599	7	675599	8.01889118690523e-06
rs_chromosome16_926352	16	926352	1.18681538675463e-05
rs_chromosome4_159238	4	159238	8.60796264385118e-08
rs_chromosome4_159284	4	159284	9.23411248587913e-08
rs_chromosome6_35789	6	35789	2.75825720445748e-06
rs_chromosome4_1318821	4	1318821	5.80960645179638e-06
rs_chromosome3_242407	3	242407	6.69490700909095e-06
rs_chromosome4_159315	4	159315	7.1507678314568e-06
rs_chromosome7_906524	7	906524	4.65379189708591e-06
rs_chromosome4_1346588	4	1346588	1.07403209808955e-05
rs_chromosome7_1054476	7	1054476	7.84980457088659e-06
rs_chromosome14_282824	14	282824	1.29486198997767e-05
rs_chromosome14_282820	14	282820	1.29486198997767e-05
rs_chromosome4_1418662	4	1418662	2.25533021547398e-05
rs_chromosome5_184027	5	184027	1.67123686421709e-05
rs_chromosome1_36552	1	36552	3.14997980978884e-05
rs_chromosome10_606498	10	606498	3.40039052056798e-05
rs_chromosome7_919258	7	919258	1.46957262487803e-05
rs_chromosome7_761973	7	761973	1.19883168327638e-05
rs_chromosome16_491370	16	491370	9.99273969791932e-06
rs_chromosome12_975595	12	975595	1.39514252411844e-05
rs_chromosome12_982307	12	982307	1.39514252411844e-05
rs_chromosome12_975766	12	975766	1.39514252411844e-05
rs_chromosome12_982219	12	982219	1.39514252411844e-05
rs_chromosome12_976224	12	976224	1.64792059431423e-05
rs_chromosome4_1314814	4	1314814	1.92461945522589e-05
rs_chromosome7_122377	7	122377	2.4499311331448e-05
rs_chromosome11_350635	11	350635	3.47802635992274e-06
rs_chromosome11_391146	11	391146	1.29690108499481e-05
rs_chromosome11_390540	11	390540	1.29690108499481e-05
rs_chromosome1_36313	1	36313	9.18178318204863e-06
rs_chromosome7_857217	7	857217	2.15527912731816e-05
rs_chromosome7_857441	7	857441	2.59690082390959e-05
rs_chromosome10_466167	10	466167	3.23828850960639e-05
rs_chromosome13_826705	13	826705	9.25110123791867e-06
rs_chromosome13_826594	13	826594	9.25110123791867e-06
rs_chromosome10_398191	10	398191	3.84857310184685e-06
rs_chromosome2_376523	2	376523	1.27483209351426e-05
rs_chromosome14_256479	14	256479	1.61860685015571e-05
rs_chromosome14_256474	14	256474	1.61860685015571e-05
rs_chromosome10_398569	10	398569	1.66497583188595e-05
rs_chromosome16_560903	16	560903	2.17016707533193e-05
rs_chromosome10_140129	10	140129	8.26851455538222e-06
rs_chromosome12_796232	12	796232	3.18272765211829e-05
rs_chromosome11_121097	11	121097	5.00796749165399e-06
rs_chromosome4_1499290	4	1499290	1.35189185124775e-05
rs_chromosome16_491370	16	491370	2.6323859209825e-05
rs_chromosome15_842270	15	842270	1.87350273106497e-06
rs_chromosome15_842383	15	842383	3.6632153657158e-06
rs_chromosome15_837056	15	837056	1.00043919738602e-05
rs_chromosome13_32504	13	32504	7.93114314180419e-06
rs_chromosome1_127902	1	127902	8.35817987933208e-06
rs_chromosome16_81619	16	81619	1.82389293112379e-05
rs_chromosome9_160457	9	160457	2.01945735743503e-05
rs_chromosome15_105555	15	105555	9.43918715506381e-06
rs_chromosome16_171564	16	171564	9.78370129642369e-06
rs_chromosome4_1254750	4	1254750	1.17739528601349e-05
rs_chromosome7_1054476	7	1054476	2.11520113063443e-05
rs_chromosome13_78836	13	78836	3.271901601569e-05
rs_chromosome9_341777	9	341777	3.29515914363438e-06
rs_chromosome8_223354	8	223354	1.25714260865937e-05
rs_chromosome10_576323	10	576323	9.13239374768225e-06
rs_chromosome11_251433	11	251433	1.16631883292279e-05
rs_chromosome11_251490	11	251490	2.07174652663742e-05
rs_chromosome12_528702	12	528702	2.02129347480277e-06
rs_chromosome4_553867	4	553867	1.21843958107757e-05
rs_chromosome16_676149	16	676149	6.35752498100425e-06
rs_chromosome12_803013	12	803013	1.29707360317874e-05
rs_chromosome12_801972	12	801972	1.29724222679198e-05
rs_chromosome4_1336491	4	1336491	1.13819723919882e-06
rs_chromosome4_1239087	4	1239087	1.29374244717393e-05
rs_chromosome7_300493	7	300493	5.87082432808837e-06
rs_chromosome10_353943	10	353943	2.8543429944389e-06
rs_chromosome16_739602	16	739602	9.18962890403402e-07
rs_chromosome11_231248	11	231248	6.23374277284036e-06
rs_chromosome16_35541	16	35541	1.47914754723478e-05
rs_chromosome16_35664	16	35664	1.47914754723478e-05
rs_chromosome16_35931	16	35931	1.87827778981729e-05
rs_chromosome14_148802	14	148802	6.12308142147119e-06
rs_chromosome7_185393	7	185393	7.78867206197518e-06
rs_chromosome7_1059621	7	1059621	4.32573908216672e-06
rs_chromosome7_1059407	7	1059407	7.95318255848868e-06
rs_chromosome7_517876	7	517876	8.49911754731843e-06
rs_chromosome4_1407144	4	1407144	2.96735812371434e-06
rs_chromosome12_823394	12	823394	8.65592234280602e-06
rs_chromosome12_823338	12	823338	1.18510520745823e-05
rs_chromosome12_614369	12	614369	1.37930415902811e-05
rs_chromosome11_55185	11	55185	1.30839385238252e-05
rs_chromosome11_55092	11	55092	1.30839385238252e-05
rs_chromosome3_55133	3	55133	2.11298560549189e-05
rs_chromosome8_371744	8	371744	1.54622977648778e-05
rs_chromosome7_1054083	7	1054083	1.87127871697001e-05
rs_chromosome15_271822	15	271822	1.23635380502292e-05
rs_chromosome12_367624	12	367624	3.89402486681005e-06
rs_chromosome12_367625	12	367625	3.89402486681005e-06
rs_chromosome4_681664	4	681664	8.31873206592022e-06
rs_chromosome4_679489	4	679489	1.46882086341951e-05
rs_chromosome4_679438	4	679438	1.70594076307198e-05
rs_chromosome4_679624	4	679624	1.70594076307198e-05
rs_chromosome16_415343	16	415343	1.77731360211173e-05
rs_chromosome4_864611	4	864611	3.85069319299013e-06
rs_chromosome7_314428	7	314428	9.31396319783706e-06
rs_chromosome11_110429	11	110429	1.98072914076778e-07
rs_chromosome11_110470	11	110470	3.9111397226787e-06
rs_chromosome4_291531	4	291531	5.65493405958813e-06
rs_chromosome2_118815	2	118815	2.10285228032474e-05
rs_chromosome2_721077	2	721077	1.16142969110527e-05
rs_chromosome11_490531	11	490531	6.81434056607036e-06
rs_chromosome11_519321	11	519321	1.21806521097786e-05
rs_chromosome4_295469	4	295469	1.10388004353301e-05
rs_chromosome6_154151	6	154151	2.61270948700336e-07
rs_chromosome8_148297	8	148297	3.86279799972263e-07
rs_chromosome8_147843	8	147843	8.45397392767688e-07
rs_chromosome8_149305	8	149305	1.01297739866895e-06
rs_chromosome9_222260	9	222260	1.02903795111171e-06
rs_chromosome4_687169	4	687169	7.55463904246993e-06
rs_chromosome13_396950	13	396950	7.5617384285274e-06
rs_chromosome13_396921	13	396921	7.5617384285274e-06
rs_chromosome4_438868	4	438868	8.22520391395463e-06
rs_chromosome7_656911	7	656911	9.25889272005759e-06
rs_chromosome4_446188	4	446188	1.09302903318288e-05
rs_chromosome7_349165	7	349165	1.15679117602526e-05
rs_chromosome7_349044	7	349044	1.15679117602526e-05
rs_chromosome15_851118	15	851118	1.02237961007037e-05
rs_chromosome14_738533	14	738533	6.92033742005025e-06
rs_chromosome14_738554	14	738554	1.04010744972022e-05
rs_chromosome5_279303	5	279303	1.37142279876532e-05
rs_chromosome7_675419	7	675419	1.45445444725914e-05
rs_chromosome2_775233	2	775233	4.49647771336854e-06
rs_chromosome15_230852	15	230852	1.28057249807212e-05
rs_chromosome11_574660	11	574660	1.92886715334238e-05
rs_chromosome4_1468017	4	1468017	4.86591464448168e-06
rs_chromosome11_479195	11	479195	2.14482840749101e-05
rs_chromosome5_48124	5	48124	3.4941598674134e-06
rs_chromosome6_112767	6	112767	5.17700228240011e-06
rs_chromosome14_250008	14	250008	6.5871946878279e-06
rs_chromosome15_133892	15	133892	3.59191400338005e-06
rs_chromosome11_463701	11	463701	4.96512059187076e-06
rs_chromosome15_133313	15	133313	1.37902821977683e-05
rs_chromosome15_269591	15	269591	1.26947726458358e-05
rs_chromosome7_1058963	7	1058963	9.02059390353066e-06
rs_chromosome7_1058948	7	1058948	9.02059390353066e-06
rs_chromosome11_588609	11	588609	2.22629190754152e-05
rs_chromosome11_604356	11	604356	1.35776988519637e-07
rs_chromosome2_21612	2	21612	7.00210486526598e-07
rs_chromosome9_382388	9	382388	3.60453843596785e-05
rs_chromosome11_507844	11	507844	9.2454741161284e-07
rs_chromosome6_154151	6	154151	2.33202805952995e-06
rs_chromosome9_222260	9	222260	3.74929326990392e-06
rs_chromosome15_966621	15	966621	5.00310283471813e-06
rs_chromosome5_146273	5	146273	6.26039733688177e-06
rs_chromosome3_134374	3	134374	7.02168911609932e-06
rs_chromosome15_1022713	15	1022713	8.60875568915649e-06
rs_chromosome15_1004499	15	1004499	1.0869951333908e-05
rs_chromosome16_682840	16	682840	4.96535781766162e-06
rs_chromosome5_63676	5	63676	1.89755833725899e-07
rs_chromosome5_63498	5	63498	1.89755833725899e-07
rs_chromosome9_390703	9	390703	7.80332855621621e-07
rs_chromosome15_218167	15	218167	4.89148436732066e-06
rs_chromosome16_35931	16	35931	1.20640196035605e-05
rs_chromosome2_757513	2	757513	7.13667770024656e-06
rs_chromosome1_192693	1	192693	7.34425309489829e-06
rs_chromosome10_139142	10	139142	2.19025344510217e-05
rs_chromosome13_591198	13	591198	1.8258447238923e-06
rs_chromosome7_115065	7	115065	1.68272152095067e-05
rs_chromosome7_115038	7	115038	1.68272152095067e-05
rs_chromosome7_115059	7	115059	1.68272152095067e-05
rs_chromosome4_142711	4	142711	1.77831858986271e-05
rs_chromosome15_968647	15	968647	2.9038093284411e-05
rs_chromosome15_968047	15	968047	2.9038093284411e-05
rs_chromosome15_968617	15	968617	2.9038093284411e-05
rs_chromosome4_523637	4	523637	6.70105256795578e-06
rs_chromosome4_523665	4	523665	6.70105256795578e-06
rs_chromosome4_523655	4	523655	6.70105256795578e-06
rs_chromosome10_576952	10	576952	1.22669959185305e-05
rs_chromosome15_385051	15	385051	1.87955718711497e-05
rs_chromosome4_851208	4	851208	9.4194924957465e-06
rs_chromosome3_205553	3	205553	2.15772944800527e-06
rs_chromosome14_226500	14	226500	1.4881057297026e-05
rs_chromosome3_106731	3	106731	1.69450617069382e-05
rs_chromosome15_269591	15	269591	1.87628523613923e-05
rs_chromosome2_617810	2	617810	2.74768376341149e-06
rs_chromosome11_384228	11	384228	2.25883014345038e-05
rs_chromosome11_387050	11	387050	4.4309745095564e-06
rs_chromosome16_36100	16	36100	1.22059292178775e-05
rs_chromosome16_36342	16	36342	1.22059292178775e-05
rs_chromosome16_36315	16	36315	1.22059292178775e-05
rs_chromosome16_36081	16	36081	1.22059292178775e-05
rs_chromosome16_37088	16	37088	1.22059292178775e-05
rs_chromosome16_246320	16	246320	2.65700253057208e-05
rs_chromosome16_269803	16	269803	2.72740356603718e-05
rs_chromosome13_517795	13	517795	1.69164496196475e-05
rs_chromosome12_112689	12	112689	1.55519589159874e-06
rs_chromosome10_223295	10	223295	1.88458795992138e-06
rs_chromosome9_254336	9	254336	1.75080536296842e-05
rs_chromosome12_745660	12	745660	1.04833991327687e-05
rs_chromosome7_394523	7	394523	2.92065567702953e-05
rs_chromosome4_432606	4	432606	1.85924488195422e-06
rs_chromosome12_961961	12	961961	2.60713166500229e-06
rs_chromosome11_243724	11	243724	6.5072985993745e-06
rs_chromosome13_498027	13	498027	2.22596977855304e-05
rs_chromosome7_575640	7	575640	2.36439008691616e-05
rs_chromosome4_121990	4	121990	2.03967178018385e-05
rs_chromosome9_154387	9	154387	6.79672745058896e-06
rs_chromosome14_150192	14	150192	2.16370734010768e-06
rs_chromosome14_181925	14	181925	4.02454242821002e-06
rs_chromosome14_148721	14	148721	4.41545492216471e-06
rs_chromosome5_63498	5	63498	1.13298941789773e-05
rs_chromosome5_63676	5	63676	1.13298941789773e-05
rs_chromosome11_243550	11	243550	1.65571554481255e-05
rs_chromosome14_152392	14	152392	1.9788627331532e-05
rs_chromosome7_654783	7	654783	1.8828316997707e-05
rs_chromosome13_441920	13	441920	7.61045746417039e-06
rs_chromosome10_223295	10	223295	2.63424130022183e-05
rs_chromosome9_382388	9	382388	8.91525183233896e-07
rs_chromosome13_574079	13	574079	5.71383111045261e-06
rs_chromosome4_778415	4	778415	1.23641100565967e-05
rs_chromosome12_388891	12	388891	9.87885115940217e-06
rs_chromosome9_383079	9	383079	1.33952903269675e-05
rs_chromosome13_492202	13	492202	9.5321990826174e-06
rs_chromosome12_761706	12	761706	1.89330830363673e-05
rs_chromosome12_224139	12	224139	2.07964388126856e-05
rs_chromosome7_514079	7	514079	1.18515985100679e-05
rs_chromosome12_265134	12	265134	4.6972911322062e-06
rs_chromosome14_390590	14	390590	1.16001437833969e-05
rs_chromosome4_623886	4	623886	1.84104377770752e-05
rs_chromosome4_784537	4	784537	8.24087640436726e-06
rs_chromosome3_187736	3	187736	1.13266935628041e-05
rs_chromosome14_185309	14	185309	1.97604838355114e-05
rs_chromosome11_199364	11	199364	3.87881653208648e-05
rs_chromosome10_142993	10	142993	1.47486445692959e-05
rs_chromosome7_754453	7	754453	7.02408693069885e-06
rs_chromosome15_551881	15	551881	1.23108771963764e-05
rs_chromosome4_1173839	4	1173839	1.73821951340053e-05
rs_chromosome12_677241	12	677241	7.50053004727113e-06
rs_chromosome10_576155	10	576155	4.0875688947496e-06
rs_chromosome7_628640	7	628640	1.34486168866887e-05
rs_chromosome4_1200872	4	1200872	1.54437384305919e-05
rs_chromosome14_380619	14	380619	1.55671935365104e-05
rs_chromosome14_357524	14	357524	1.67914863494337e-05
rs_chromosome16_739602	16	739602	1.40323349859776e-05
rs_chromosome12_794006	12	794006	2.28389443669347e-05
rs_chromosome12_747836	12	747836	2.50415088471986e-05
rs_chromosome4_80414	4	80414	4.34246584280331e-07
rs_chromosome10_402145	10	402145	2.59044120844135e-06
rs_chromosome16_524743	16	524743	3.86317447491087e-06
rs_chromosome3_267916	3	267916	4.60511289657903e-06
rs_chromosome9_225024	9	225024	1.71304137918441e-05
rs_chromosome9_390114	9	390114	1.16783120893475e-06
rs_chromosome15_312454	15	312454	3.12808517610184e-06
rs_chromosome9_303266	9	303266	2.16727266910904e-05
rs_chromosome4_1175150	4	1175150	1.77424825394271e-06
rs_chromosome13_433403	13	433403	4.34671258712533e-06
rs_chromosome12_246582	12	246582	1.60526180783519e-05
rs_chromosome10_191353	10	191353	2.41347066758735e-05
rs_chromosome12_689147	12	689147	1.33202972906471e-05
rs_chromosome15_274261	15	274261	1.32895018230301e-05
rs_chromosome4_275645	4	275645	2.11877084424563e-05
rs_chromosome4_1493150	4	1493150	1.27694736153787e-05
rs_chromosome12_442615	12	442615	1.28607450995759e-05
rs_chromosome12_438212	12	438212	6.34841690900391e-06
rs_chromosome12_438877	12	438877	6.34841690900391e-06
rs_chromosome12_438493	12	438493	6.34841690900391e-06
rs_chromosome15_1004026	15	1004026	1.41097350409701e-05
rs_chromosome7_145655	7	145655	7.36398416580576e-06
rs_chromosome7_869612	7	869612	1.55106770061318e-05
rs_chromosome12_514845	12	514845	1.98615688400071e-09
rs_chromosome12_535290	12	535290	9.6018122107605e-06
rs_chromosome15_571716	15	571716	1.5783812348326e-05
rs_chromosome2_497477	2	497477	2.67760740406222e-05
rs_chromosome7_581392	7	581392	1.55094130106307e-05
rs_chromosome15_797036	15	797036	1.80692310631908e-05
rs_chromosome13_32504	13	32504	1.57835231859604e-06
rs_chromosome8_274614	8	274614	6.60609885249832e-06
rs_chromosome15_271822	15	271822	2.07972565892537e-05
rs_chromosome11_97568	11	97568	6.18312740032115e-06
rs_chromosome11_97362	11	97362	3.36613083987507e-05
rs_chromosome15_1009919	15	1009919	1.64150565401329e-05
rs_chromosome13_179965	13	179965	2.38795450142639e-05
rs_chromosome8_196732	8	196732	6.1086715426079e-06
rs_chromosome2_744816	2	744816	1.01643405413454e-05
rs_chromosome2_744823	2	744823	1.01643405413454e-05
rs_chromosome9_394808	9	394808	1.95435986076686e-05
rs_chromosome12_1003840	12	1003840	2.12025936830829e-05
rs_chromosome7_806826	7	806826	1.96336476681259e-05
rs_chromosome7_886758	7	886758	1.02425963494114e-05
rs_chromosome14_428364	14	428364	5.09373721979991e-06
rs_chromosome16_857654	16	857654	2.40825464146223e-05
rs_chromosome15_271822	15	271822	8.47147460072915e-06
rs_chromosome6_149844	6	149844	2.36714158353601e-06
rs_chromosome11_51472	11	51472	8.60206763788012e-07
rs_chromosome7_1044068	7	1044068	2.19778562033711e-05
rs_chromosome2_775233	2	775233	1.59699368986493e-07
rs_chromosome11_585929	11	585929	1.93403344527894e-05
rs_chromosome13_216321	13	216321	7.41323224160735e-06
rs_chromosome13_216327	13	216327	7.41323224160735e-06
rs_chromosome15_218167	15	218167	1.84280283570639e-05
rs_chromosome7_1054476	7	1054476	4.79216561554089e-06
rs_chromosome4_1240551	4	1240551	8.14848813679599e-06
rs_chromosome16_739602	16	739602	1.48987909308461e-05
rs_chromosome4_1241303	4	1241303	1.76502927998671e-05
rs_chromosome4_1240251	4	1240251	1.86543515087267e-05
rs_chromosome4_1240227	4	1240227	1.86543515087267e-05
rs_chromosome4_935384	4	935384	1.86130029330866e-05
rs_chromosome8_501703	8	501703	2.7389356461782e-06
rs_chromosome8_149250	8	149250	1.29027338182054e-05
rs_chromosome16_739602	16	739602	5.5952358939469e-06
rs_chromosome4_74634	4	74634	3.8620189038749e-06
rs_chromosome16_139660	16	139660	5.71309262023579e-06
rs_chromosome9_256304	9	256304	8.40045699637955e-06
rs_chromosome2_679332	2	679332	9.71626951733794e-06
rs_chromosome4_281643	4	281643	2.66747343183442e-05
rs_chromosome15_351787	15	351787	2.75906719523747e-05
rs_chromosome5_406753	5	406753	1.62199282049872e-06
rs_chromosome5_406754	5	406754	1.62199282049872e-06
rs_chromosome2_197250	2	197250	2.25440842491276e-05
rs_chromosome12_901826	12	901826	9.35641523761228e-06
rs_chromosome8_395667	8	395667	7.05886532191787e-07
rs_chromosome12_241720	12	241720	5.49215578465477e-06
rs_chromosome12_241757	12	241757	5.49215578465477e-06
rs_chromosome12_241859	12	241859	5.49215578465477e-06
rs_chromosome7_996469	7	996469	1.66740746335894e-05
rs_chromosome15_915759	15	915759	2.14716403457439e-05
rs_chromosome4_582217	4	582217	1.3929740715398e-06
rs_chromosome15_350368	15	350368	5.98156748947558e-06
rs_chromosome9_247791	9	247791	2.49606505023782e-05
rs_chromosome3_154234	3	154234	1.56861758272626e-05
rs_chromosome15_589303	15	589303	2.09647804632091e-05
rs_chromosome4_349051	4	349051	4.35405211298058e-06
rs_chromosome10_593414	10	593414	1.56632283534216e-05
rs_chromosome7_909923	7	909923	2.02784437295381e-05
rs_chromosome11_408111	11	408111	2.12199890315015e-05
rs_chromosome16_296420	16	296420	1.71063394527756e-05
rs_chromosome1_112237	1	112237	2.94268389580245e-05
rs_chromosome4_553867	4	553867	1.63499742671125e-06
rs_chromosome4_1389902	4	1389902	1.32778802852797e-05
rs_chromosome4_1224090	4	1224090	2.84661722895493e-06
rs_chromosome10_429703	10	429703	1.92376081554011e-05
rs_chromosome4_1264448	4	1264448	7.21937120593069e-06
rs_chromosome10_128403	10	128403	2.51878478729137e-05
rs_chromosome11_20496	11	20496	2.45423483335085e-05
rs_chromosome9_37696	9	37696	2.38157110202728e-06
rs_chromosome9_38542	9	38542	4.81857919695874e-06
rs_chromosome9_38533	9	38533	4.81857919695874e-06
rs_chromosome9_37636	9	37636	1.19602293262443e-05
rs_chromosome9_38629	9	38629	1.9367606351834e-05
rs_chromosome11_474803	11	474803	8.35427413954888e-07
rs_chromosome7_226965	7	226965	8.44332596683549e-06
rs_chromosome15_272201	15	272201	1.43639548927312e-05
rs_chromosome7_297260	7	297260	5.87086876428687e-06
rs_chromosome7_202039	7	202039	5.74499292438787e-06
rs_chromosome10_461695	10	461695	6.42547978331666e-06
rs_chromosome7_316332	7	316332	1.68239875431373e-05
rs_chromosome11_28399	11	28399	1.3765893545201e-05
rs_chromosome4_578506	4	578506	2.21134205599982e-05
rs_chromosome10_680328	10	680328	1.07603073222646e-05
rs_chromosome7_1067725	7	1067725	7.00592119836813e-06
rs_chromosome7_1067724	7	1067724	7.00592119836813e-06
rs_chromosome12_646848	12	646848	1.73543340366037e-05
rs_chromosome7_1067747	7	1067747	2.68610469011005e-05
rs_chromosome15_967353	15	967353	2.72301489383899e-05
rs_chromosome11_306011	11	306011	2.87943126974104e-05
rs_chromosome7_1067732	7	1067732	3.40083559276403e-05
rs_chromosome7_1067756	7	1067756	3.40083559276403e-05
rs_chromosome5_63726	5	63726	3.00765072005003e-06
rs_chromosome7_579186	7	579186	1.08238626051058e-05
rs_chromosome16_893092	16	893092	1.33373087705728e-05
rs_chromosome16_608450	16	608450	1.60925109024888e-05
rs_chromosome9_396773	9	396773	2.10666705779849e-05
rs_chromosome15_1000334	15	1000334	8.59492895948211e-07
rs_chromosome10_120734	10	120734	1.0053613975591e-05
rs_chromosome16_493194	16	493194	5.72127794244396e-06
rs_chromosome3_179122	3	179122	1.82204037938214e-05
rs_chromosome3_178367	3	178367	1.83399213408971e-05
rs_chromosome16_390234	16	390234	1.40752260229917e-05
rs_chromosome12_97171	12	97171	1.69467135042639e-05
rs_chromosome11_211438	11	211438	5.5099280756947e-06
rs_chromosome11_211471	11	211471	5.5099280756947e-06
rs_chromosome8_178458	8	178458	1.44746228349397e-05
rs_chromosome4_79474	4	79474	2.8659115072253e-06
rs_chromosome7_53407	7	53407	8.15033113732029e-06
rs_chromosome2_135402	2	135402	1.21294702358671e-05
rs_chromosome4_998676	4	998676	7.66299820035708e-06
rs_chromosome4_998658	4	998658	7.66299820035708e-06
rs_chromosome10_583447	10	583447	4.69558963515115e-06
rs_chromosome2_383276	2	383276	6.32869947906843e-06
rs_chromosome2_383249	2	383249	1.71832907709378e-05
rs_chromosome13_748940	13	748940	2.03821099247866e-05
rs_chromosome16_107325	16	107325	1.12887303398775e-06
rs_chromosome12_669125	12	669125	4.55671900671755e-06
rs_chromosome12_668241	12	668241	4.55671900671755e-06
rs_chromosome16_656677	16	656677	1.74438778353317e-05
rs_chromosome7_485777	7	485777	1.95800249990662e-05
rs_chromosome11_527595	11	527595	1.36496988474618e-05
rs_chromosome14_453168	14	453168	1.81433803136027e-05
rs_chromosome16_25149	16	25149	2.29643495753887e-05
rs_chromosome12_689122	12	689122	9.5023786844323e-06
rs_chromosome2_680373	2	680373	1.34793442062838e-06
rs_chromosome15_238149	15	238149	5.40215079258779e-06
rs_chromosome11_143785	11	143785	9.56676278691188e-06
rs_chromosome7_517615	7	517615	1.16400798406711e-05
rs_chromosome5_63726	5	63726	2.21389835857095e-05
rs_chromosome13_176077	13	176077	3.16594395262187e-05
rs_chromosome8_147047	8	147047	1.1320338755711e-05
rs_chromosome1_98419	1	98419	1.41840746146196e-05
rs_chromosome7_651108	7	651108	1.30312735020643e-05
rs_chromosome9_222580	9	222580	3.54361672346754e-06
rs_chromosome8_143824	8	143824	1.4362149950741e-05
rs_chromosome15_257615	15	257615	5.35176155660237e-06
rs_chromosome7_334340	7	334340	5.79461208416071e-06
rs_chromosome9_41810	9	41810	1.55801598200821e-05
rs_chromosome15_636833	15	636833	1.58080980909063e-05
rs_chromosome9_227464	9	227464	2.29039268012844e-06
rs_chromosome8_365376	8	365376	3.12613371612444e-06
rs_chromosome4_1117090	4	1117090	4.49482517694092e-06
rs_chromosome2_184388	2	184388	2.25794023711347e-06
rs_chromosome16_280422	16	280422	2.05319279415733e-05
rs_chromosome4_1188416	4	1188416	6.7370807908897e-06
rs_chromosome4_1187870	4	1187870	6.7370807908897e-06
rs_chromosome14_428861	14	428861	7.63793793833393e-06
rs_chromosome13_138066	13	138066	1.733268812248e-06
rs_chromosome4_601524	4	601524	1.73910075045118e-06
rs_chromosome4_23275	4	23275	2.40135886223471e-05
rs_chromosome14_533282	14	533282	1.69123538075409e-05
rs_chromosome14_348835	14	348835	2.08672834566279e-05
rs_chromosome14_348847	14	348847	2.08672834566279e-05
rs_chromosome14_348937	14	348937	2.08672834566279e-05
rs_chromosome8_223354	8	223354	1.36923237710711e-05
rs_chromosome5_106822	5	106822	4.40523489666522e-07
rs_chromosome5_107574	5	107574	5.12695979276721e-06
rs_chromosome6_96814	6	96814	8.12355188694394e-07
rs_chromosome16_877603	16	877603	1.28448476903684e-05
rs_chromosome2_129347	2	129347	1.99221450080117e-05
rs_chromosome10_189151	10	189151	3.1349140677203e-06
rs_chromosome14_150092	14	150092	2.87320264373998e-05
rs_chromosome7_235464	7	235464	2.25513494281626e-06
rs_chromosome13_347381	13	347381	1.37694409502937e-05
rs_chromosome8_389909	8	389909	1.54923854685385e-05
rs_chromosome11_455430	11	455430	5.16663182070036e-06
rs_chromosome15_977302	15	977302	4.22671108576886e-06
rs_chromosome14_370870	14	370870	1.8669055491664e-05
rs_chromosome12_819099	12	819099	1.3600002386125e-05
rs_chromosome9_38053	9	38053	2.4527783607271e-05
rs_chromosome9_38059	9	38059	2.4527783607271e-05
rs_chromosome9_38102	9	38102	2.4527783607271e-05
rs_chromosome10_510695	10	510695	1.02912676930542e-05
rs_chromosome10_510548	10	510548	1.02912676930542e-05
rs_chromosome12_65772	12	65772	2.52894502300015e-05
rs_chromosome8_431870	8	431870	2.80938939748344e-05
rs_chromosome14_736802	14	736802	2.16996144472003e-06
rs_chromosome14_737156	14	737156	3.71111081754741e-06
rs_chromosome14_412014	14	412014	1.89907877309031e-05
rs_chromosome16_464145	16	464145	2.37374724756961e-06
rs_chromosome14_238041	14	238041	3.39508419335722e-06
rs_chromosome13_25036	13	25036	2.38131446254183e-05
rs_chromosome13_426219	13	426219	4.34305567268919e-07
rs_chromosome14_382693	14	382693	7.07854927808679e-06
rs_chromosome15_269497	15	269497	2.78650686928961e-06
rs_chromosome7_433844	7	433844	1.40502895219344e-05
rs_chromosome13_32504	13	32504	3.95473097094355e-06
rs_chromosome2_635959	2	635959	1.17665047018097e-05
rs_chromosome14_665577	14	665577	2.34231148922483e-05
rs_chromosome11_380172	11	380172	2.71248650638611e-05
rs_chromosome10_122668	10	122668	2.74614160888356e-06
rs_chromosome8_74974	8	74974	6.76549496059152e-06
rs_chromosome2_680333	2	680333	2.58875666143585e-06
rs_chromosome16_892406	16	892406	7.58351744182749e-06
rs_chromosome2_60478	2	60478	1.89136642454605e-05
rs_chromosome11_571557	11	571557	9.73058351376848e-06
rs_chromosome5_488358	5	488358	1.66069403627598e-05
rs_chromosome14_117253	14	117253	1.76022326305082e-06
rs_chromosome16_35931	16	35931	1.80763311609834e-05
rs_chromosome10_607232	10	607232	2.74511090025203e-05
rs_chromosome12_742088	12	742088	2.47507232032752e-05
rs_chromosome7_433844	7	433844	3.26092575758501e-05
rs_chromosome12_203986	12	203986	3.38399193119628e-05
rs_chromosome10_418404	10	418404	9.0275250760331e-06
rs_chromosome15_417792	15	417792	1.74896541593244e-05
rs_chromosome15_417801	15	417801	1.74896541593244e-05
rs_chromosome15_413792	15	413792	1.74896541593244e-05
rs_chromosome15_413669	15	413669	2.15650826995566e-05
rs_chromosome15_422905	15	422905	2.23642479749394e-05
rs_chromosome13_811654	13	811654	2.6447444028015e-06
rs_chromosome13_811655	13	811655	4.20914055050946e-06
rs_chromosome4_354989	4	354989	7.88578871226047e-06
rs_chromosome11_243550	11	243550	8.41659670343214e-06
rs_chromosome8_151640	8	151640	1.15271941753543e-05
rs_chromosome13_606299	13	606299	1.89873464958589e-05
rs_chromosome7_517615	7	517615	1.91960998617695e-05
rs_chromosome13_191792	13	191792	1.99104284723794e-05
rs_chromosome12_901826	12	901826	2.40689487835573e-05
rs_chromosome14_150192	14	150192	2.58391542286391e-05
rs_chromosome7_655268	7	655268	2.5864397551529e-05
rs_chromosome14_690208	14	690208	9.32382400099468e-06
rs_chromosome9_306340	9	306340	2.70662264683671e-07
rs_chromosome4_1474570	4	1474570	7.17064029817172e-06
rs_chromosome8_77306	8	77306	5.56242197068793e-06
rs_chromosome7_697071	7	697071	5.70962358201727e-06
rs_chromosome2_129347	2	129347	9.00112101309607e-06
rs_chromosome2_72096	2	72096	1.9967306413085e-05
rs_chromosome7_391660	7	391660	1.01040949837234e-05
rs_chromosome1_180456	1	180456	3.18410857872129e-05
rs_chromosome13_772812	13	772812	8.75635588679121e-06
rs_chromosome15_45492	15	45492	9.56080131021123e-06
rs_chromosome13_346988	13	346988	8.43950911622817e-06
rs_chromosome15_324875	15	324875	6.24652725611366e-07
rs_chromosome13_624780	13	624780	9.45137613128488e-07
rs_chromosome13_624297	13	624297	9.45137613128488e-07
rs_chromosome13_623868	13	623868	9.78450329267428e-07
rs_chromosome13_371755	13	371755	2.06099969877687e-06
rs_chromosome13_625068	13	625068	3.79286014146866e-06
rs_chromosome5_268771	5	268771	4.05828741229861e-06
rs_chromosome8_291402	8	291402	6.68588886733051e-06
rs_chromosome8_263629	8	263629	1.00102958065341e-05
rs_chromosome13_365286	13	365286	1.13288828162994e-05
rs_chromosome13_624949	13	624949	1.24010636991825e-05
rs_chromosome14_244308	14	244308	1.5447883219083e-05
rs_chromosome13_371090	13	371090	1.57996624916592e-05
rs_chromosome5_180460	5	180460	1.91431993403789e-05
rs_chromosome7_999269	7	999269	2.23989967632409e-05
rs_chromosome8_115401	8	115401	2.33942357052921e-05
rs_chromosome13_628821	13	628821	1.89468616817388e-05
rs_chromosome7_669892	7	669892	1.79480584514552e-05
rs_chromosome4_1313591	4	1313591	7.13228233326831e-06
rs_chromosome4_1314697	4	1314697	9.51994611949182e-06
rs_chromosome2_403281	2	403281	2.45867912423837e-05
rs_chromosome12_234548	12	234548	1.59953177555402e-05
rs_chromosome16_489607	16	489607	1.90178106664633e-05
rs_chromosome2_243436	2	243436	1.83929262221341e-05
rs_chromosome13_706357	13	706357	6.36096145811314e-06
rs_chromosome14_117253	14	117253	7.3816777370718e-06
rs_chromosome14_357088	14	357088	2.06142739212151e-05
rs_chromosome14_755457	14	755457	1.35254597672729e-05
rs_chromosome6_34886	6	34886	6.76953471643908e-06
rs_chromosome16_35664	16	35664	2.01888652161724e-06
rs_chromosome16_35541	16	35541	2.01888652161724e-06
rs_chromosome16_35724	16	35724	5.27156952009165e-06
rs_chromosome16_35673	16	35673	5.27156952009165e-06
rs_chromosome16_35577	16	35577	5.27156952009165e-06
rs_chromosome16_36081	16	36081	7.02338581432406e-06
rs_chromosome16_36100	16	36100	7.02338581432406e-06
rs_chromosome16_37088	16	37088	7.02338581432406e-06
rs_chromosome16_36315	16	36315	7.02338581432406e-06
rs_chromosome16_36342	16	36342	7.02338581432406e-06
rs_chromosome16_35931	16	35931	8.72214163211793e-06
rs_chromosome14_150192	14	150192	1.49401706848147e-05
rs_chromosome4_906101	4	906101	4.32234337341928e-06
rs_chromosome4_907227	4	907227	1.03942776879838e-05
rs_chromosome11_421239	11	421239	1.37873797389308e-05
rs_chromosome15_446451	15	446451	1.66089436613848e-05
rs_chromosome15_446484	15	446484	1.69474786196117e-05
rs_chromosome11_235951	11	235951	1.86537416837892e-05
rs_chromosome11_145779	11	145779	2.62026687532887e-05
rs_chromosome11_145797	11	145797	2.62026687532887e-05
rs_chromosome15_255268	15	255268	2.63070215767486e-05
rs_chromosome8_274227	8	274227	4.50452981101881e-05
rs_chromosome11_145747	11	145747	5.21761717854102e-05
rs_chromosome10_671636	10	671636	6.58098778171666e-06
rs_chromosome10_671669	10	671669	6.58098778171666e-06
rs_chromosome2_187873	2	187873	1.84417770986775e-05
rs_chromosome8_145684	8	145684	4.19586152981665e-06
rs_chromosome7_976312	7	976312	1.6805503681713e-05
rs_chromosome4_711314	4	711314	5.05198774866458e-06
rs_chromosome4_337582	4	337582	1.10321377409453e-06
rs_chromosome11_328373	11	328373	3.11571326099813e-06
rs_chromosome5_312176	5	312176	3.4416036349667e-06
rs_chromosome15_924831	15	924831	5.98377643745678e-06
rs_chromosome4_1320639	4	1320639	6.93415003374389e-06
rs_chromosome2_184388	2	184388	1.21155813200717e-05
rs_chromosome14_571502	14	571502	1.2469031435953e-05
rs_chromosome11_125483	11	125483	8.43659211994608e-06
rs_chromosome2_551416	2	551416	1.271606018529e-05
rs_chromosome9_222580	9	222580	1.44198828498989e-05
rs_chromosome2_551320	2	551320	1.60734820580176e-05
rs_chromosome10_303071	10	303071	6.59783606306015e-06
rs_chromosome15_442592	15	442592	2.29773437154686e-05
rs_chromosome15_1007117	15	1007117	5.09183723140193e-06
rs_chromosome10_627474	10	627474	1.00334252536697e-05
rs_chromosome11_562348	11	562348	1.24898124419528e-05
rs_chromosome15_957207	15	957207	2.33542391576697e-05
rs_chromosome14_755171	14	755171	2.48156636438615e-06
rs_chromosome14_179559	14	179559	1.41815917823548e-05
rs_chromosome4_1053283	4	1053283	8.16801573369802e-07
rs_chromosome11_274155	11	274155	4.53292124323112e-06
rs_chromosome14_146052	14	146052	7.51875932831831e-06
rs_chromosome10_577019	10	577019	1.76783785895605e-06
rs_chromosome14_746722	14	746722	3.32287672906119e-06
rs_chromosome14_746926	14	746926	3.32287672906119e-06
rs_chromosome14_747531	14	747531	3.32287672906119e-06
rs_chromosome14_746613	14	746613	3.32287672906119e-06
rs_chromosome7_145655	7	145655	4.25863066722214e-06
rs_chromosome7_694539	7	694539	6.58715453451731e-06
rs_chromosome10_576987	10	576987	6.75788973085054e-06
rs_chromosome10_576323	10	576323	8.73364538405259e-06
rs_chromosome14_742180	14	742180	9.14939268530228e-06
rs_chromosome7_440974	7	440974	1.42229935933225e-05
rs_chromosome13_680399	13	680399	1.76434652254899e-05
rs_chromosome12_826153	12	826153	2.3031849260867e-05
rs_chromosome12_903643	12	903643	3.16562352891965e-05
rs_chromosome10_542620	10	542620	7.31860942053095e-06
rs_chromosome13_405438	13	405438	1.05962026876328e-05
rs_chromosome14_743903	14	743903	2.53754863432031e-06
rs_chromosome12_83245	12	83245	3.64207576242814e-07
rs_chromosome2_502305	2	502305	1.15148987946054e-05
rs_chromosome15_787600	15	787600	1.94557406487882e-05
rs_chromosome12_500139	12	500139	1.38215858743724e-05
rs_chromosome4_1040627	4	1040627	2.66218589242412e-05
rs_chromosome8_155521	8	155521	9.14940934625487e-06
rs_chromosome15_29270	15	29270	8.77773773482375e-06
rs_chromosome13_861480	13	861480	1.35597157288827e-05
rs_chromosome14_599990	14	599990	1.89372778760838e-05
rs_chromosome11_508472	11	508472	5.47091606227993e-06
rs_chromosome15_468739	15	468739	8.42287489041627e-06
rs_chromosome7_144768	7	144768	2.29376924206263e-05
rs_chromosome10_524370	10	524370	1.98573120069925e-05
rs_chromosome11_70228	11	70228	1.51924935777858e-05
rs_chromosome10_639365	10	639365	1.58233097011795e-07
rs_chromosome13_64724	13	64724	1.09913854715293e-05
rs_chromosome4_1345654	4	1345654	1.36609765754564e-05
rs_chromosome4_774849	4	774849	1.39055048545377e-05
rs_chromosome13_299124	13	299124	1.45960793250575e-05
rs_chromosome12_931834	12	931834	1.18775459734783e-05
rs_chromosome12_931835	12	931835	1.18775459734783e-05
rs_chromosome5_549690	5	549690	2.14979881944053e-05
rs_chromosome16_161945	16	161945	3.40057393645185e-05
rs_chromosome1_33690	1	33690	3.85770063407749e-05
rs_chromosome10_193406	10	193406	2.79464670290365e-06
rs_chromosome13_371524	13	371524	2.06511114837697e-05
rs_chromosome2_72209	2	72209	3.12282862669188e-05
rs_chromosome2_303121	2	303121	3.32594964138153e-05
rs_chromosome14_185512	14	185512	3.40822752717648e-05
rs_chromosome5_279222	5	279222	1.27913053395797e-05
rs_chromosome7_594770	7	594770	9.77012192548532e-06
rs_chromosome9_75941	9	75941	1.8069653298158e-05
rs_chromosome11_489732	11	489732	2.10230954546028e-05
rs_chromosome7_1063699	7	1063699	9.11344004530272e-06
rs_chromosome15_129023	15	129023	9.59294621065151e-06
rs_chromosome9_222580	9	222580	1.42289101132467e-05
rs_chromosome2_741235	2	741235	1.04193212827844e-05
rs_chromosome10_421583	10	421583	2.33619855201728e-05
rs_chromosome16_35541	16	35541	1.07157234860208e-05
rs_chromosome16_35664	16	35664	1.07157234860208e-05
rs_chromosome16_35931	16	35931	1.33120787150032e-05
rs_chromosome16_35577	16	35577	1.65086220858436e-05
rs_chromosome16_35673	16	35673	1.65086220858436e-05
rs_chromosome16_35724	16	35724	1.65086220858436e-05
rs_chromosome4_465718	4	465718	1.23869171600149e-06
rs_chromosome12_80862	12	80862	1.15253246414154e-05
rs_chromosome7_1054083	7	1054083	5.68582839043786e-06
rs_chromosome2_129347	2	129347	2.43190615477976e-05
rs_chromosome7_1058963	7	1058963	2.43926023591069e-05
rs_chromosome7_1058948	7	1058948	2.43926023591069e-05
rs_chromosome10_708946	10	708946	1.68933087153865e-05
rs_chromosome12_59908	12	59908	2.48333519558992e-05
rs_chromosome13_703828	13	703828	2.62515475800975e-05
rs_chromosome3_136789	3	136789	2.85905238883061e-06
rs_chromosome9_345871	9	345871	1.36132322770755e-05
rs_chromosome10_118997	10	118997	3.32608522637207e-05
rs_chromosome2_90273	2	90273	3.36813230705244e-05
rs_chromosome9_168175	9	168175	6.31222923771371e-06
rs_chromosome14_119174	14	119174	1.82591908443816e-05
rs_chromosome4_200337	4	200337	1.33998673672185e-05
rs_chromosome12_735713	12	735713	2.05122363281825e-05
rs_chromosome4_1388592	4	1388592	1.04359291171972e-05
rs_chromosome15_821223	15	821223	1.22740766441518e-05
rs_chromosome7_54056	7	54056	1.9826608911436e-05
rs_chromosome11_211438	11	211438	4.6972067733869e-06
rs_chromosome11_211471	11	211471	4.6972067733869e-06
rs_chromosome14_743137	14	743137	8.32869175217426e-06
rs_chromosome14_743177	14	743177	1.10030637096556e-05
rs_chromosome14_444421	14	444421	5.73476789286132e-06
rs_chromosome14_135753	14	135753	1.30742034165066e-05
rs_chromosome14_574949	14	574949	1.72139590714606e-05
rs_chromosome2_775233	2	775233	6.63452976390647e-06
rs_chromosome3_209805	3	209805	8.60624061473762e-06
rs_chromosome3_173968	3	173968	1.06523622627937e-05
rs_chromosome13_676973	13	676973	3.04442086422217e-05
rs_chromosome14_753532	14	753532	1.39166945851315e-05
rs_chromosome9_187102	9	187102	2.10443360615566e-05
rs_chromosome14_348931	14	348931	6.26027760437462e-06
rs_chromosome14_348669	14	348669	6.26027760437462e-06
rs_chromosome4_276645	4	276645	2.14211596159492e-05
rs_chromosome4_1291869	4	1291869	3.25330491206603e-06
rs_chromosome10_488781	10	488781	9.1933710128072e-06
rs_chromosome15_323974	15	323974	5.15979677136483e-06
rs_chromosome8_454283	8	454283	9.80274162375279e-07
rs_chromosome7_340285	7	340285	2.66154700773362e-06
rs_chromosome12_449021	12	449021	4.2406625650383e-06
rs_chromosome16_571717	16	571717	7.40442420365433e-06
rs_chromosome15_1041617	15	1041617	1.35922392992703e-05
rs_chromosome15_1052746	15	1052746	1.46447458004151e-05
rs_chromosome7_74964	7	74964	1.72080963448128e-05
rs_chromosome2_129347	2	129347	2.79552266175059e-05
rs_chromosome14_690310	14	690310	7.70043095893178e-06
rs_chromosome9_382528	9	382528	1.08198621690958e-05
rs_chromosome4_711312	4	711312	1.23474486491353e-05
rs_chromosome12_282505	12	282505	1.2979758945416e-05
rs_chromosome4_1379733	4	1379733	3.77608337477925e-06
rs_chromosome14_77473	14	77473	1.09665917056198e-05
rs_chromosome12_637467	12	637467	1.26540090438576e-05
rs_chromosome14_736308	14	736308	3.09623141430591e-08
rs_chromosome14_727862	14	727862	8.74552935213781e-07
rs_chromosome14_734975	14	734975	9.6684228102381e-07
rs_chromosome14_357088	14	357088	2.12143661588296e-06
rs_chromosome4_547842	4	547842	6.25532554236329e-06
rs_chromosome14_727112	14	727112	7.74652559307172e-06
rs_chromosome14_727111	14	727111	7.74652559307172e-06
rs_chromosome14_751313	14	751313	8.17027045817005e-06
rs_chromosome14_370870	14	370870	1.37247925240366e-05
rs_chromosome16_739602	16	739602	1.38119759035924e-05
rs_chromosome14_764011	14	764011	4.73650546993775e-06
rs_chromosome14_763922	14	763922	4.73650546993775e-06
rs_chromosome14_763540	14	763540	9.07750427287813e-06
rs_chromosome14_293042	14	293042	1.12266578781862e-05
rs_chromosome4_171294	4	171294	1.21217471158753e-05
rs_chromosome6_168886	6	168886	1.33064484075018e-05
rs_chromosome5_366971	5	366971	1.64098010835915e-05
rs_chromosome10_637392	10	637392	3.2666462933533e-06
rs_chromosome16_122473	16	122473	5.16186148630192e-07
rs_chromosome16_122948	16	122948	1.59458153112883e-06
rs_chromosome14_725367	14	725367	2.5083268272948e-05
rs_chromosome4_547842	4	547842	2.63149072902617e-05
rs_chromosome16_877603	16	877603	2.79534846728231e-05
rs_chromosome4_1234571	4	1234571	9.63839070520627e-07
rs_chromosome4_1241303	4	1241303	9.95531928925166e-06
rs_chromosome9_172731	9	172731	1.60714660950589e-06
rs_chromosome9_172920	9	172920	1.60714660950589e-06
rs_chromosome16_359487	16	359487	2.13999199154714e-06
rs_chromosome7_1024702	7	1024702	5.85656595497117e-06
rs_chromosome11_580030	11	580030	6.71193344823691e-06
rs_chromosome14_238041	14	238041	8.84801749221313e-06
rs_chromosome13_501697	13	501697	1.39720441781024e-05
rs_chromosome10_314471	10	314471	1.58949055279605e-05
rs_chromosome13_420310	13	420310	8.89592364859141e-06
rs_chromosome7_857585	7	857585	1.78255056315954e-05
rs_chromosome14_184449	14	184449	1.6273288249932e-05
rs_chromosome4_1497133	4	1497133	8.6737332648581e-06
rs_chromosome2_172113	2	172113	1.77476109949658e-05
rs_chromosome8_32783	8	32783	1.21438283898781e-05
rs_chromosome7_649985	7	649985	2.69206684178346e-05
rs_chromosome15_851557	15	851557	2.76638361317368e-05
rs_chromosome10_540639	10	540639	1.47539073926694e-06
rs_chromosome9_400141	9	400141	9.28930414290313e-06
rs_chromosome14_79325	14	79325	1.00522353033904e-05
rs_chromosome10_519654	10	519654	2.0148790969235e-05
rs_chromosome4_82548	4	82548	2.96215764853142e-05
rs_chromosome2_790890	2	790890	3.26385913836176e-06
rs_chromosome14_490190	14	490190	2.53273245912844e-06
rs_chromosome2_775233	2	775233	1.46891215980914e-05
rs_chromosome8_144910	8	144910	1.0200323592163e-05
rs_chromosome10_162832	10	162832	9.40967796323448e-06
rs_chromosome4_1254757	4	1254757	1.04534842822405e-05
rs_chromosome2_379464	2	379464	1.28111115434744e-05
rs_chromosome4_1227822	4	1227822	1.37819348965408e-05
rs_chromosome13_852220	13	852220	5.86729638846142e-06
rs_chromosome2_392522	2	392522	4.17316265294576e-06
rs_chromosome4_83019	4	83019	8.34347671033052e-06
rs_chromosome13_901903	13	901903	1.22821494374836e-05
rs_chromosome12_975098	12	975098	1.29508887996637e-05
rs_chromosome10_358315	10	358315	9.58515187408988e-06
rs_chromosome11_484090	11	484090	6.53810609066737e-06
rs_chromosome15_751511	15	751511	1.06492876803668e-05
rs_chromosome15_751523	15	751523	1.06492876803668e-05
rs_chromosome15_751433	15	751433	1.5168511756863e-05
rs_chromosome15_751374	15	751374	1.7266197375723e-05
rs_chromosome15_319505	15	319505	5.53903478332435e-06
rs_chromosome13_851894	13	851894	7.4704554257773e-06
rs_chromosome8_120946	8	120946	4.9725273732677e-06
rs_chromosome7_204881	7	204881	2.28250574368202e-05
rs_chromosome10_149680	10	149680	1.84696083117775e-05
rs_chromosome2_409999	2	409999	8.80796997060641e-07
rs_chromosome10_256372	10	256372	5.53388704604909e-06
rs_chromosome13_209980	13	209980	6.90390736940414e-06
rs_chromosome10_512179	10	512179	8.88195148771735e-06
rs_chromosome9_72950	9	72950	1.07988596919455e-05
rs_chromosome4_1491939	4	1491939	9.37378853940644e-06
rs_chromosome4_202229	4	202229	1.3097766378349e-05
rs_chromosome16_34506	16	34506	7.69959194651486e-06
rs_chromosome14_759591	14	759591	1.5776573890443e-05
rs_chromosome16_739602	16	739602	2.55080979743297e-06
rs_chromosome2_591323	2	591323	7.5712488542837e-06
rs_chromosome14_357088	14	357088	8.57617930211235e-06
rs_chromosome3_129196	3	129196	1.38803441828126e-05
rs_chromosome16_297621	16	297621	1.95337631424127e-05
rs_chromosome14_723962	14	723962	8.70751318711103e-07
rs_chromosome14_756903	14	756903	1.48641083529753e-06
rs_chromosome14_720527	14	720527	1.81423236929042e-06
rs_chromosome15_989204	15	989204	8.0893510424961e-06
rs_chromosome4_1454822	4	1454822	1.52139827751472e-05
rs_chromosome4_1462110	4	1462110	1.52139827751472e-05
rs_chromosome4_1324886	4	1324886	1.69595086707436e-05
rs_chromosome7_912148	7	912148	1.72698831755774e-05
rs_chromosome15_988993	15	988993	2.3776621292512e-05
rs_chromosome15_989061	15	989061	2.3776621292512e-05
rs_chromosome13_897943	13	897943	1.6150092942346e-05
rs_chromosome11_491161	11	491161	2.81889329623959e-05
rs_chromosome7_810738	7	810738	3.72581570116516e-06
rs_chromosome4_275562	4	275562	2.51395460122508e-05
rs_chromosome7_681289	7	681289	3.61186307810774e-06
rs_chromosome7_682639	7	682639	3.64194867341045e-06
rs_chromosome6_168202	6	168202	8.27008996885202e-06
rs_chromosome16_35664	16	35664	2.81219738937593e-06
rs_chromosome16_35541	16	35541	2.81219738937593e-06
rs_chromosome7_1067724	7	1067724	8.11638159972851e-06
rs_chromosome7_1067725	7	1067725	8.11638159972851e-06
rs_chromosome16_35931	16	35931	1.41811361548134e-05
rs_chromosome1_35508	1	35508	2.76178413669566e-05
rs_chromosome6_104597	6	104597	9.94537543718043e-06
rs_chromosome14_149571	14	149571	1.25922977369292e-05
rs_chromosome4_1352562	4	1352562	4.07253853149418e-06
rs_chromosome8_235192	8	235192	9.92274615651259e-06
rs_chromosome10_105170	10	105170	2.25296674914504e-05
rs_chromosome16_311442	16	311442	2.29868517321702e-05
rs_chromosome4_1341251	4	1341251	1.31010032058717e-05
rs_chromosome4_1341287	4	1341287	1.78709664562948e-05
rs_chromosome15_274354	15	274354	4.05471977406756e-06
rs_chromosome15_271822	15	271822	9.49569448662564e-06
rs_chromosome7_349165	7	349165	7.48201848561374e-07
rs_chromosome7_349044	7	349044	7.48201848561374e-07
rs_chromosome4_511492	4	511492	1.46028971661362e-05
rs_chromosome9_289127	9	289127	1.3295641407946e-05
rs_chromosome15_1047968	15	1047968	1.43207767111195e-05
rs_chromosome16_885178	16	885178	1.93256108386213e-05
rs_chromosome15_305540	15	305540	7.62504043878802e-07
rs_chromosome7_30324	7	30324	1.69004224058671e-06
rs_chromosome8_172909	8	172909	4.70513634664296e-06
rs_chromosome15_508929	15	508929	6.65201396335903e-06
rs_chromosome15_604256	15	604256	7.80196648402038e-06
rs_chromosome12_671821	12	671821	9.7480275770841e-06
rs_chromosome8_389909	8	389909	6.64327548997839e-06
rs_chromosome12_391460	12	391460	1.14016440315633e-05
rs_chromosome12_864768	12	864768	4.62074801699466e-06
rs_chromosome10_311045	10	311045	5.99611125317467e-06
rs_chromosome10_311117	10	311117	5.99611125317467e-06
rs_chromosome15_145302	15	145302	1.187969796613e-05
rs_chromosome4_220445	4	220445	1.06903732392574e-05
rs_chromosome5_458640	5	458640	1.45122813956428e-05
rs_chromosome4_205310	4	205310	2.86564179365288e-05
rs_chromosome12_383595	12	383595	3.06889813845741e-05
rs_chromosome5_458610	5	458610	3.1884839315838e-05
rs_chromosome9_134890	9	134890	1.77841637535011e-06
rs_chromosome9_134920	9	134920	6.42020960036681e-06
rs_chromosome14_438374	14	438374	3.27377103026995e-06
rs_chromosome4_1199588	4	1199588	9.82030630058335e-06
rs_chromosome16_190713	16	190713	7.26436267256209e-06
rs_chromosome12_51035	12	51035	5.13171317416426e-06
rs_chromosome10_605173	10	605173	7.09169285872425e-06
rs_chromosome14_717380	14	717380	1.63947249564805e-06
rs_chromosome16_739602	16	739602	1.76036149549315e-06
rs_chromosome2_300111	2	300111	8.09151095169961e-06
rs_chromosome16_99915	16	99915	1.01930251645958e-05
rs_chromosome16_99828	16	99828	1.01930251645958e-05
rs_chromosome12_632011	12	632011	8.08905404576369e-06
rs_chromosome10_590923	10	590923	2.23621515186725e-05
rs_chromosome14_215116	14	215116	2.35548916224136e-05
rs_chromosome8_389909	8	389909	1.873777909845e-05
rs_chromosome6_201955	6	201955	2.08758608912673e-05
rs_chromosome6_201959	6	201959	2.08758608912673e-05
rs_chromosome11_52597	11	52597	1.27002114248593e-05
rs_chromosome11_52591	11	52591	1.27002114248593e-05
rs_chromosome11_52267	11	52267	1.27002114248593e-05
rs_chromosome11_52666	11	52666	1.27002114248593e-05
rs_chromosome11_52276	11	52276	1.27002114248593e-05
rs_chromosome16_151839	16	151839	1.82683871902682e-05
rs_chromosome15_528487	15	528487	3.76421324149598e-06
rs_chromosome13_56231	13	56231	7.34941037706503e-06
rs_chromosome4_642326	4	642326	8.6885295881839e-06
rs_chromosome10_375038	10	375038	2.23345760100965e-05
rs_chromosome7_790041	7	790041	2.38924527635743e-05
rs_chromosome10_378009	10	378009	2.43119513867921e-05
rs_chromosome10_378013	10	378013	2.43119513867921e-05
rs_chromosome10_380306	10	380306	2.32830534843885e-06
rs_chromosome4_968331	4	968331	9.88151614104074e-06
rs_chromosome4_968466	4	968466	1.03306060390526e-05
rs_chromosome2_168036	2	168036	5.42552588181611e-06
rs_chromosome2_110746	2	110746	7.78153629795129e-06
rs_chromosome9_381277	9	381277	8.49920317089384e-06
rs_chromosome12_823217	12	823217	4.47703349983182e-06
rs_chromosome4_1214545	4	1214545	7.64523449275182e-06
rs_chromosome4_1214533	4	1214533	7.64523449275182e-06
rs_chromosome4_1214632	4	1214632	1.17341778183113e-05
rs_chromosome12_714987	12	714987	6.12598087573485e-06
rs_chromosome4_1261060	4	1261060	1.36959371885656e-06
rs_chromosome4_171817	4	171817	4.11842472706941e-06
rs_chromosome12_72520	12	72520	5.87353513079732e-06
rs_chromosome1_176015	1	176015	1.03921183789251e-05
rs_chromosome7_618008	7	618008	5.54822201469906e-06
rs_chromosome10_577019	10	577019	6.94369541095029e-06
rs_chromosome14_357524	14	357524	7.88887132465694e-06
rs_chromosome7_145655	7	145655	1.04849923881686e-05
rs_chromosome13_478297	13	478297	6.22333117693203e-06
rs_chromosome1_192693	1	192693	7.53240621117932e-06
rs_chromosome6_116573	6	116573	8.03737811943805e-06
rs_chromosome2_53802	2	53802	1.53103431699277e-05
rs_chromosome3_237321	3	237321	8.95481682043221e-06
rs_chromosome12_380114	12	380114	9.21718225254084e-06
rs_chromosome8_219303	8	219303	6.59835499145629e-06
rs_chromosome9_222260	9	222260	1.15131347924294e-05
rs_chromosome8_169769	8	169769	1.37399788304457e-05
rs_chromosome7_1054260	7	1054260	8.272226274897e-06
rs_chromosome11_228576	11	228576	3.02725039210018e-05
rs_chromosome4_1138398	4	1138398	1.50252714340815e-05
rs_chromosome13_303930	13	303930	2.86501052788207e-06
rs_chromosome9_399128	9	399128	4.58086503265879e-06
rs_chromosome12_576037	12	576037	1.02013447679384e-05
rs_chromosome11_277663	11	277663	1.87837743378441e-05
rs_chromosome9_383041	9	383041	8.28993216305246e-06
rs_chromosome1_84438	1	84438	2.21825382069782e-05
rs_chromosome14_382693	14	382693	9.40713993288956e-07
rs_chromosome15_787600	15	787600	4.93737290895818e-06
rs_chromosome10_694041	10	694041	9.02636704376562e-06
rs_chromosome12_55033	12	55033	1.32846360292395e-06
rs_chromosome7_1063699	7	1063699	3.96400474198821e-06
rs_chromosome7_1065857	7	1065857	2.34348627944448e-05
rs_chromosome7_1065929	7	1065929	2.34348627944448e-05
rs_chromosome16_613944	16	613944	1.22979839523489e-05
rs_chromosome8_481190	8	481190	9.98543022618567e-06
rs_chromosome5_118464	5	118464	8.23495499321436e-06
rs_chromosome1_176015	1	176015	6.70874287050289e-06
rs_chromosome16_36315	16	36315	8.95511875753098e-06
rs_chromosome16_36081	16	36081	8.95511875753098e-06
rs_chromosome16_37088	16	37088	8.95511875753098e-06
rs_chromosome16_36342	16	36342	8.95511875753098e-06
rs_chromosome16_36100	16	36100	8.95511875753098e-06
rs_chromosome13_22987	13	22987	1.27077811422946e-05
rs_chromosome4_784305	4	784305	1.41707588578482e-05
rs_chromosome16_419654	16	419654	1.86135746565603e-06
rs_chromosome16_23951	16	23951	9.02131116258765e-06
rs_chromosome16_419800	16	419800	1.07325466581011e-05
rs_chromosome16_419759	16	419759	1.07325466581011e-05
rs_chromosome16_419798	16	419798	1.07325466581011e-05
rs_chromosome4_642698	4	642698	1.34957706633656e-05
rs_chromosome14_690310	14	690310	1.80264541287637e-05
rs_chromosome13_796879	13	796879	2.04033030202835e-05
rs_chromosome13_796877	13	796877	2.04033030202835e-05
rs_chromosome2_499565	2	499565	4.23900776045178e-06
rs_chromosome12_490779	12	490779	1.69387606396962e-05
rs_chromosome9_148727	9	148727	1.14868000890797e-05
rs_chromosome8_221114	8	221114	2.70275303193946e-05
rs_chromosome9_149158	9	149158	2.96928415173852e-05
rs_chromosome11_467237	11	467237	2.86367141656678e-05
rs_chromosome15_430964	15	430964	5.43882819160634e-06
rs_chromosome5_63726	5	63726	2.43823078521709e-06
rs_chromosome11_535579	11	535579	1.58761088431574e-06
rs_chromosome12_732967	12	732967	9.64067801646053e-06
rs_chromosome12_732947	12	732947	9.64067801646053e-06
rs_chromosome12_173861	12	173861	1.14805621274279e-06
rs_chromosome7_244125	7	244125	5.77511688936423e-06
rs_chromosome11_471365	11	471365	1.53870538690313e-05
rs_chromosome8_382601	8	382601	5.54050181557923e-06
rs_chromosome4_408374	4	408374	1.6672051054482e-05
rs_chromosome7_867757	7	867757	9.76029606815554e-06
rs_chromosome9_383176	9	383176	2.66839036039027e-05
rs_chromosome4_256985	4	256985	1.71442853658317e-06
rs_chromosome2_54607	2	54607	1.5155700789594e-06
rs_chromosome10_627474	10	627474	2.57720311173975e-05
rs_chromosome12_442034	12	442034	9.83037096004627e-06
rs_chromosome16_655349	16	655349	1.20999566363256e-05
rs_chromosome4_1386693	4	1386693	1.0348711507997e-05
rs_chromosome8_70663	8	70663	1.68110479445245e-05
rs_chromosome5_322202	5	322202	1.9384697794665e-05
rs_chromosome2_775233	2	775233	2.45660703217047e-05
rs_chromosome4_978959	4	978959	1.61438298261703e-05
rs_chromosome11_109640	11	109640	2.42490982627404e-05
rs_chromosome12_963807	12	963807	1.82415437206553e-05
rs_chromosome10_421583	10	421583	2.53395271684916e-05
rs_chromosome4_37138	4	37138	1.54611663226605e-05
rs_chromosome2_141215	2	141215	3.30856977503089e-05
rs_chromosome2_141207	2	141207	3.30856977503089e-05
rs_chromosome8_178242	8	178242	1.22563954157597e-05
rs_chromosome7_300493	7	300493	1.25655375755965e-05
rs_chromosome13_393588	13	393588	1.83402756907501e-05
rs_chromosome4_1193452	4	1193452	1.92223265107656e-05
rs_chromosome7_1063699	7	1063699	1.36654432295106e-06
rs_chromosome4_156362	4	156362	1.77798413675294e-05
rs_chromosome5_472245	5	472245	2.00424923017853e-05
rs_chromosome6_62852	6	62852	1.53348167926193e-05
rs_chromosome16_912427	16	912427	2.08001340458125e-05
rs_chromosome4_1068819	4	1068819	2.24509788160056e-05
rs_chromosome1_138770	1	138770	4.27955438474882e-06
rs_chromosome15_425800	15	425800	1.61427381827812e-05
rs_chromosome15_426355	15	426355	1.61427381827812e-05
rs_chromosome15_418052	15	418052	1.81664214089186e-05
rs_chromosome15_440015	15	440015	1.9737220116518e-05
rs_chromosome15_442427	15	442427	1.97433517864955e-05
rs_chromosome15_425281	15	425281	2.03295176580515e-05
rs_chromosome15_424870	15	424870	2.03295176580515e-05
rs_chromosome15_425151	15	425151	2.03295176580515e-05
rs_chromosome15_425229	15	425229	2.03295176580515e-05
rs_chromosome15_424705	15	424705	2.03295176580515e-05
rs_chromosome15_425041	15	425041	2.03295176580515e-05
rs_chromosome15_425185	15	425185	2.03295176580515e-05
rs_chromosome15_425669	15	425669	2.03295176580515e-05
rs_chromosome15_424963	15	424963	2.03295176580515e-05
rs_chromosome15_425184	15	425184	2.03295176580515e-05
rs_chromosome15_443155	15	443155	4.04902131338694e-05
rs_chromosome15_424847	15	424847	4.47068394287734e-05
rs_chromosome8_122053	8	122053	3.1877749382382e-06
rs_chromosome4_793726	4	793726	1.17727956892049e-05
rs_chromosome11_517129	11	517129	2.14114360450188e-05
rs_chromosome2_570267	2	570267	2.40051262371975e-05
rs_chromosome16_334619	16	334619	2.99101899648374e-05
rs_chromosome16_739602	16	739602	1.20755356914343e-06
rs_chromosome8_521408	8	521408	2.10954145779159e-06
rs_chromosome8_521352	8	521352	4.41313380206236e-06
rs_chromosome10_688646	10	688646	6.94679471724214e-06
rs_chromosome10_688208	10	688208	6.94679471724214e-06
rs_chromosome4_547842	4	547842	9.43675232475458e-06
rs_chromosome7_1041497	7	1041497	1.64165073429973e-05
rs_chromosome14_537981	14	537981	1.07271775550808e-05
rs_chromosome2_299524	2	299524	1.51565493204568e-05
rs_chromosome6_69412	6	69412	1.38006427854909e-05
rs_chromosome6_71011	6	71011	1.39090345646248e-05
rs_chromosome6_71197	6	71197	1.39090345646248e-05
rs_chromosome14_150192	14	150192	4.99878673231001e-06
rs_chromosome7_464965	7	464965	4.92672070380993e-06
rs_chromosome15_295611	15	295611	8.91370088539142e-06
rs_chromosome15_763017	15	763017	8.88972964015417e-06
rs_chromosome2_135827	2	135827	2.12907230064784e-07
rs_chromosome11_514873	11	514873	3.26803504730714e-07
rs_chromosome13_32504	13	32504	2.2483771657975e-06
rs_chromosome13_609447	13	609447	1.45923328437159e-06
rs_chromosome5_115473	5	115473	1.7747191553789e-05
rs_chromosome13_584623	13	584623	1.09275380380454e-05
rs_chromosome2_579644	2	579644	1.42602030677807e-05
rs_chromosome7_1059621	7	1059621	2.81030392265903e-06
rs_chromosome13_695123	13	695123	1.42097166464464e-05
rs_chromosome2_672318	2	672318	3.12225609677481e-06
rs_chromosome10_585779	10	585779	1.19870472838601e-05
rs_chromosome10_585794	10	585794	1.19870472838601e-05
rs_chromosome10_585618	10	585618	1.61655975197874e-05
rs_chromosome3_73479	3	73479	6.24432765775323e-07
rs_chromosome8_22159	8	22159	1.25994472737445e-05
rs_chromosome12_408015	12	408015	3.07121928626979e-07
rs_chromosome10_71637	10	71637	4.83587621418184e-06
rs_chromosome15_442592	15	442592	5.43300473397557e-06
rs_chromosome15_218167	15	218167	7.80400699089036e-06
rs_chromosome13_32504	13	32504	9.41413128167524e-06
rs_chromosome16_539197	16	539197	1.09440848624309e-06
rs_chromosome16_539194	16	539194	1.91935644500682e-06
rs_chromosome16_284100	16	284100	4.90753614047656e-06
rs_chromosome5_226500	5	226500	1.79245171096088e-05
rs_chromosome4_1439891	4	1439891	1.35291287461176e-05
rs_chromosome4_1440026	4	1440026	1.35291287461176e-05
rs_chromosome14_727862	14	727862	1.06011337160287e-05
rs_chromosome4_223356	4	223356	1.5411332871588e-05
rs_chromosome12_657027	12	657027	1.59075216687017e-05
rs_chromosome8_166046	8	166046	1.41827250434412e-05
rs_chromosome14_357524	14	357524	1.6924205624454e-06
rs_chromosome4_1390233	4	1390233	1.13423979429623e-05
rs_chromosome4_1389081	4	1389081	1.25335195328616e-05
rs_chromosome4_1390041	4	1390041	1.66925359073867e-05
rs_chromosome10_425504	10	425504	1.71379360524808e-05
rs_chromosome4_1388568	4	1388568	2.25092319000117e-05
rs_chromosome4_701178	4	701178	1.9806464929521e-05
rs_chromosome11_53656	11	53656	3.94411265821186e-06
rs_chromosome14_690310	14	690310	1.41341237358089e-05
rs_chromosome12_369873	12	369873	5.47409418901174e-06
rs_chromosome2_620149	2	620149	8.80686854954092e-06
rs_chromosome7_1063699	7	1063699	3.99098904014063e-06
rs_chromosome15_664333	15	664333	1.1366308941451e-05
rs_chromosome12_172080	12	172080	1.5101338841284e-05
rs_chromosome7_58290	7	58290	6.25847840157341e-06
rs_chromosome16_228950	16	228950	1.3999970181666e-05
rs_chromosome16_221929	16	221929	1.68771040737746e-05
rs_chromosome10_707333	10	707333	5.72706438425688e-06
rs_chromosome14_170317	14	170317	4.01658443994215e-06
rs_chromosome15_586345	15	586345	1.12647411566251e-05
rs_chromosome11_184445	11	184445	7.83996665840038e-06
rs_chromosome5_193678	5	193678	8.22600626417161e-06
rs_chromosome7_986691	7	986691	1.84839657412167e-06
rs_chromosome7_452571	7	452571	6.59648927587117e-06
rs_chromosome16_35931	16	35931	1.52096950692791e-05
rs_chromosome9_383041	9	383041	2.13023782952494e-05
rs_chromosome4_711174	4	711174	2.51864031769303e-05
rs_chromosome4_719032	4	719032	1.18196224005533e-05
rs_chromosome13_867176	13	867176	1.52229595082803e-05
rs_chromosome13_241006	13	241006	3.93844356213278e-06
rs_chromosome7_846746	7	846746	1.17498319854425e-05
rs_chromosome7_846945	7	846945	1.17498319854425e-05
rs_chromosome14_675859	14	675859	1.75978016688613e-05
rs_chromosome4_579070	4	579070	2.09819211820719e-05
rs_chromosome13_117732	13	117732	2.12288746491541e-05
rs_chromosome2_383378	2	383378	1.04169221146002e-05
rs_chromosome14_428861	14	428861	2.21024202356183e-05
rs_chromosome13_596993	13	596993	1.57879870008618e-05
rs_chromosome2_369040	2	369040	1.76138963809845e-05
rs_chromosome16_913716	16	913716	7.42172844778117e-06
rs_chromosome16_167999	16	167999	1.05532302185412e-05
rs_chromosome15_421402	15	421402	1.64326272384912e-05
rs_chromosome16_431822	16	431822	1.68214393662722e-05
rs_chromosome7_1054476	7	1054476	7.3033243474559e-06
rs_chromosome9_338777	9	338777	1.38635034025987e-05
rs_chromosome14_117253	14	117253	7.94546752333437e-06
rs_chromosome15_271822	15	271822	8.75208147927853e-06
rs_chromosome7_745446	7	745446	1.6010655750657e-05
rs_chromosome13_599735	13	599735	1.43898868271194e-05
rs_chromosome10_577019	10	577019	1.16131095582754e-06
rs_chromosome7_145655	7	145655	2.67226933696223e-06
rs_chromosome4_1388378	4	1388378	3.27441128558665e-06
rs_chromosome14_357524	14	357524	5.42128845239499e-06
rs_chromosome4_1388568	4	1388568	9.3924910038882e-06
rs_chromosome15_269591	15	269591	5.19642091073993e-08
rs_chromosome15_269686	15	269686	1.2431659090209e-06
rs_chromosome15_269647	15	269647	1.2431659090209e-06
rs_chromosome16_431481	16	431481	1.86979281180314e-06
rs_chromosome1_73633	1	73633	1.98039080063685e-06
rs_chromosome2_790890	2	790890	3.38748756203053e-06
rs_chromosome2_786902	2	786902	7.83522194006542e-06
rs_chromosome16_431368	16	431368	8.80676843905706e-06
rs_chromosome2_785248	2	785248	1.64386873957418e-05
rs_chromosome2_785196	2	785196	1.64386873957418e-05
rs_chromosome16_892122	16	892122	1.97957709091835e-05
rs_chromosome16_674810	16	674810	2.19124036296868e-05
rs_chromosome16_375375	16	375375	1.18701757554357e-07
rs_chromosome13_788971	13	788971	1.23462320465874e-06
rs_chromosome16_374282	16	374282	1.57882748042807e-05
rs_chromosome12_1034198	12	1034198	1.7862845416152e-05
rs_chromosome7_227280	7	227280	2.34059227522896e-05
rs_chromosome10_60425	10	60425	6.00782386161304e-06
rs_chromosome2_740827	2	740827	1.95526238453826e-05
rs_chromosome4_1388592	4	1388592	2.14505397970491e-06
rs_chromosome7_706510	7	706510	1.29471577188387e-05
rs_chromosome7_706511	7	706511	1.29471577188387e-05
rs_chromosome16_739468	16	739468	2.55765276943273e-05
rs_chromosome4_122560	4	122560	1.90306407502498e-05
rs_chromosome4_122365	4	122365	1.90306407502498e-05
rs_chromosome13_526584	13	526584	1.42975599878758e-05
rs_chromosome5_48124	5	48124	5.45050007692832e-06
rs_chromosome15_174364	15	174364	1.93658313509965e-06
rs_chromosome8_155521	8	155521	7.8768303467352e-06
rs_chromosome16_238781	16	238781	2.57239847331782e-05
rs_chromosome7_435577	7	435577	1.33497326532616e-07
rs_chromosome1_178960	1	178960	1.18487355025951e-05
rs_chromosome2_571034	2	571034	8.76647306191129e-06
rs_chromosome15_269591	15	269591	7.44304771439971e-06
rs_chromosome13_588621	13	588621	1.01228583995837e-06
rs_chromosome10_620583	10	620583	2.1055298163476e-06
rs_chromosome10_340947	10	340947	3.40868188860226e-06
rs_chromosome4_1222049	4	1222049	4.30974404726736e-06
rs_chromosome9_270121	9	270121	8.63464539747799e-06
rs_chromosome10_340159	10	340159	1.43933549233256e-05
rs_chromosome14_602099	14	602099	1.71624877948039e-05
rs_chromosome11_205525	11	205525	9.71832885751808e-06
rs_chromosome14_186921	14	186921	9.77391762152505e-06
rs_chromosome14_358109	14	358109	3.59766775829601e-06
rs_chromosome15_408953	15	408953	1.33421429658113e-05
rs_chromosome14_755437	14	755437	8.64119555700565e-06
rs_chromosome2_455991	2	455991	1.97269307963089e-05
rs_chromosome5_194625	5	194625	2.54435423296674e-08
rs_chromosome11_408111	11	408111	2.71878615078925e-07
rs_chromosome2_129347	2	129347	2.21237838378968e-06
rs_chromosome9_105379	9	105379	2.50997106552587e-06
rs_chromosome2_133779	2	133779	4.13514267366307e-06
rs_chromosome10_544484	10	544484	4.173131064964e-06
rs_chromosome6_184291	6	184291	6.43571885398011e-06
rs_chromosome8_28452	8	28452	7.7016823023737e-06
rs_chromosome16_358908	16	358908	9.47117157261161e-06
rs_chromosome5_161851	5	161851	2.2790339073444e-05
rs_chromosome8_151640	8	151640	2.85038236493926e-05
rs_chromosome12_901826	12	901826	3.44676650600203e-05
rs_chromosome13_733539	13	733539	4.4255586492741e-06
rs_chromosome13_733556	13	733556	7.27334874407225e-06
rs_chromosome10_450521	10	450521	8.99358532334417e-06
rs_chromosome10_450644	10	450644	1.20306043270564e-05
rs_chromosome4_1222049	4	1222049	1.41613198705736e-05
rs_chromosome15_451145	15	451145	1.19361488537944e-05
rs_chromosome4_1340784	4	1340784	3.29296841653534e-06
rs_chromosome4_1341095	4	1341095	9.01855686314141e-06
rs_chromosome2_46603	2	46603	1.1423805372221e-05
rs_chromosome2_173659	2	173659	5.17213989520023e-06
rs_chromosome2_21612	2	21612	5.23236534554887e-06
rs_chromosome2_129347	2	129347	7.8475739808041e-06
rs_chromosome13_155650	13	155650	2.00294367201304e-05
rs_chromosome7_955952	7	955952	2.94697731179665e-06
rs_chromosome13_174577	13	174577	5.78703654579255e-06
rs_chromosome8_259012	8	259012	5.89179337378115e-06
rs_chromosome7_436063	7	436063	3.66649860516666e-06
rs_chromosome16_126544	16	126544	1.29616735227202e-05
rs_chromosome16_126544	16	126544	3.49196375282142e-18
rs_chromosome16_88281	16	88281	2.86545608601211e-06
rs_chromosome16_87503	16	87503	1.39731602016577e-05
rs_chromosome16_87058	16	87058	1.39731602016577e-05
rs_chromosome9_342312	9	342312	1.28761917155047e-05
rs_chromosome2_409149	2	409149	2.86062469367973e-05
rs_chromosome13_32504	13	32504	2.03501548741137e-06
rs_chromosome12_745460	12	745460	2.15289463791813e-05
rs_chromosome5_63676	5	63676	2.65299218049028e-06
rs_chromosome5_63498	5	63498	2.65299218049028e-06
rs_chromosome15_577770	15	577770	7.87398689131404e-06
rs_chromosome10_83937	10	83937	7.3700207441493e-07
rs_chromosome5_157488	5	157488	1.84752472069243e-07
rs_chromosome4_1460367	4	1460367	1.59617744032889e-05
rs_chromosome4_1194138	4	1194138	1.64694089368756e-05
rs_chromosome13_83860	13	83860	1.44220704147343e-05
rs_chromosome2_339413	2	339413	1.86886701285352e-05
rs_chromosome2_340305	2	340305	1.99272464503137e-05
rs_chromosome10_393843	10	393843	2.10008195725095e-05
rs_chromosome2_129347	2	129347	1.94057610678334e-06
rs_chromosome16_568030	16	568030	9.64037666839622e-08
rs_chromosome11_507844	11	507844	1.30505663537582e-05
rs_chromosome2_744466	2	744466	1.5945983023327e-05
rs_chromosome4_559461	4	559461	1.6555088793863e-05
rs_chromosome7_1063699	7	1063699	2.74158101157933e-06
rs_chromosome12_645338	12	645338	1.36829785322746e-05
rs_chromosome8_41310	8	41310	2.15019500507352e-05
rs_chromosome5_309170	5	309170	2.33980743237834e-05
rs_chromosome16_70081	16	70081	1.41858568965927e-07
rs_chromosome11_509190	11	509190	3.17647828962945e-06
rs_chromosome16_591009	16	591009	1.06759293040465e-05
rs_chromosome16_593633	16	593633	1.75281778819405e-05
rs_chromosome16_593569	16	593569	1.75281778819405e-05
rs_chromosome16_593582	16	593582	1.75281778819405e-05
rs_chromosome9_149158	9	149158	1.50113919241585e-05
rs_chromosome2_499454	2	499454	9.53655302470343e-07
rs_chromosome3_91728	3	91728	1.62960472272182e-06
rs_chromosome16_726638	16	726638	2.2365705349043e-06
rs_chromosome15_461683	15	461683	1.90461970938199e-05
rs_chromosome4_79474	4	79474	1.98988782634657e-05
rs_chromosome1_101177	1	101177	2.4925853627866e-05
rs_chromosome14_481576	14	481576	2.50949413834442e-05
rs_chromosome12_740405	12	740405	1.85123536347587e-05
rs_chromosome12_360526	12	360526	1.40908451637391e-05
rs_chromosome2_78288	2	78288	2.1252406328321e-05
rs_chromosome7_122377	7	122377	6.06701289541899e-06
rs_chromosome7_1067840	7	1067840	8.08986268958123e-06
rs_chromosome7_1067872	7	1067872	1.62957193588482e-05
rs_chromosome7_1067822	7	1067822	1.62957193588482e-05
rs_chromosome7_1067863	7	1067863	1.62957193588482e-05
rs_chromosome7_1067861	7	1067861	1.89394902498804e-05
rs_chromosome4_60721	4	60721	2.51653016000474e-05
rs_chromosome7_1057780	7	1057780	2.69632901700658e-05
rs_chromosome10_393843	10	393843	2.78893842084279e-06
rs_chromosome15_1004499	15	1004499	1.76101632148276e-05
rs_chromosome15_1032998	15	1032998	6.97903562474913e-06
rs_chromosome15_1032536	15	1032536	1.63781665335791e-05
rs_chromosome4_671086	4	671086	3.73914892900853e-07
rs_chromosome10_448916	10	448916	1.16719146422261e-05
rs_chromosome12_727454	12	727454	1.31937913134168e-05
rs_chromosome10_192746	10	192746	2.56155014604773e-05
rs_chromosome5_70531	5	70531	1.73212860463498e-05
rs_chromosome14_633299	14	633299	4.99079744232806e-07
rs_chromosome13_878403	13	878403	9.06638311154822e-06
rs_chromosome2_735399	2	735399	9.17165619949686e-06
rs_chromosome12_491685	12	491685	1.3432321330169e-05
rs_chromosome2_751317	2	751317	1.37297010369343e-05
rs_chromosome13_409453	13	409453	1.44800533036515e-05
rs_chromosome2_786902	2	786902	2.55341504125968e-05
rs_chromosome12_1001707	12	1001707	5.70167949374292e-06
rs_chromosome7_328570	7	328570	1.43263327148362e-05
rs_chromosome11_367554	11	367554	3.69669978130311e-06
rs_chromosome15_271822	15	271822	1.33066718270793e-05
rs_chromosome6_188203	6	188203	7.66879227431053e-06
rs_chromosome4_1450513	4	1450513	1.9251553358076e-05
rs_chromosome14_724277	14	724277	3.1042199746422e-06
rs_chromosome15_117509	15	117509	3.73278679165271e-05
rs_chromosome12_823217	12	823217	4.90929471907924e-06
rs_chromosome5_541065	5	541065	7.6465476393377e-06
rs_chromosome5_541003	5	541003	2.41250496064189e-05
rs_chromosome12_602338	12	602338	5.12653330280902e-06
rs_chromosome4_601302	4	601302	1.04078748874302e-05
rs_chromosome13_434073	13	434073	1.43448657396322e-05
rs_chromosome9_228791	9	228791	1.54828703706982e-05
rs_chromosome12_534544	12	534544	1.72999544678909e-05
rs_chromosome16_913716	16	913716	3.92005423165439e-07
rs_chromosome2_155354	2	155354	3.04710322029541e-06
rs_chromosome7_1058948	7	1058948	8.55700805434511e-06
rs_chromosome7_1058963	7	1058963	8.55700805434511e-06
rs_chromosome7_1063699	7	1063699	9.01276725453914e-06
rs_chromosome7_517876	7	517876	4.29242938966714e-06
rs_chromosome13_852220	13	852220	1.29444213189129e-06
rs_chromosome16_523243	16	523243	3.61672333072192e-06
rs_chromosome2_383124	2	383124	9.89588680413464e-06
