ID,Description,GeneRatio,BgRatio,RichFactor,FoldEnrichment,zScore,pvalue,p.adjust,qvalue,geneID,Count,direction,clade
GO:0009065,glutamine family amino acid catabolic process,2/11,11/5244,0.18181818181818182,86.67768595041322,13.040661065737297,2.1778924678526234e-4,0.021996713925311495,0.01535987319432903,YLR438W/YPL111W,2,Downregulated,1. Wine/European
GO:0006525,arginine metabolic process,2/11,17/5244,0.11764705882352941,56.085561497326196,10.429101527445626,5.348455701563634e-4,0.02700970129289635,0.018860343789724395,YLR438W/YPL111W,2,Downregulated,1. Wine/European
GO:0044248,cellular catabolic process,3/11,97/5244,0.030927835051546393,14.744142455482661,6.263792103457108,9.090434890411867e-4,0.030604464131053284,0.021370496058161235,YDR452W/YLR438W/YPL111W,3,Downregulated,1. Wine/European
GO:0170035,L-amino acid catabolic process,2/11,31/5244,0.06451612903225806,30.756598240469206,7.617828126885594,0.0017996138146170427,0.03407466569118358,0.02379366963323919,YLR438W/YPL111W,2,Downregulated,1. Wine/European
GO:0170040,proteinogenic amino acid catabolic process,2/11,31/5244,0.06451612903225806,30.756598240469206,7.617828126885594,0.0017996138146170427,0.03407466569118358,0.02379366963323919,YLR438W/YPL111W,2,Downregulated,1. Wine/European
GO:0170041,non-proteinogenic amino acid metabolic process,2/11,34/5244,0.058823529411764705,28.042780748663098,7.2524183492450405,0.002163700560787813,0.03407466569118358,0.02379366963323919,YLR438W/YPL111W,2,Downregulated,1. Wine/European
GO:0009064,glutamine family amino acid metabolic process,2/11,38/5244,0.05263157894736842,25.09090909090909,6.832880245717142,0.0026989834210838478,0.03407466569118358,0.02379366963323919,YLR438W/YPL111W,2,Downregulated,1. Wine/European
GO:1901606,alpha-amino acid catabolic process,2/11,38/5244,0.05263157894736842,25.09090909090909,6.832880245717142,0.0026989834210838478,0.03407466569118358,0.02379366963323919,YLR438W/YPL111W,2,Downregulated,1. Wine/European
GO:0170034,L-amino acid biosynthetic process,17/176,104/5244,0.16346153846153846,4.870410839160839,7.428825158003538,4.332987699305441e-8,2.4184709143480676e-5,2.314059606379609e-5,YDL182W/YDL131W/YLL062C/YLR303W/YBR115C/YBR248C/YNR050C/YJL088W/YJR109C/YKL001C/YER090W/YER091C/YHR018C/YIL116W/YIL094C/YIL046W/YIR034C,17,Downregulated,18. Far East Asia
GO:0170038,proteinogenic amino acid biosynthetic process,17/176,108/5244,0.1574074074074074,4.690025252525253,7.22032369854938,7.726008427269827e-8,2.4184709143480676e-5,2.314059606379609e-5,YDL182W/YDL131W/YLL062C/YLR303W/YBR115C/YBR248C/YNR050C/YJL088W/YJR109C/YKL001C/YER090W/YER091C/YHR018C/YIL116W/YIL094C/YIL046W/YIR034C,17,Downregulated,18. Far East Asia
GO:0006520,amino acid metabolic process,25/176,225/5244,0.1111111111111111,3.3106060606060606,6.6014072987141,8.358770441295165e-8,2.4184709143480676e-5,2.314059606379609e-5,YDL182W/YDL168W/YDL131W/YLL062C/YLR303W/YMR303C/YBR006W/YBR115C/YBR248C/YNL333W/YNR050C/YJL088W/YJR109C/YKL218C/YKL001C/YEL066W/YER090W/YER091C/YHR018C/YHR112C/YIL116W/YIL094C/YIL046W/YIR034C/YFL059W,25,Downregulated,18. Far East Asia
GO:1901605,alpha-amino acid metabolic process,20/176,157/5244,0.12738853503184713,3.7955993051534453,6.627074317664008,1.9920312381878023e-7,3.4587165498846086e-5,3.3093952920918704e-5,YDL182W/YDL131W/YLL062C/YLR303W/YBR006W/YBR115C/YBR248C/YNR050C/YJL088W/YJR109C/YKL001C/YEL066W/YER090W/YER091C/YHR018C/YHR112C/YIL116W/YIL094C/YIL046W/YIR034C,20,Downregulated,18. Far East Asia
GO:1901607,alpha-amino acid biosynthetic process,17/176,115/5244,0.14782608695652175,4.404545454545455,6.878910629938805,1.992348243021088e-7,3.4587165498846086e-5,3.3093952920918704e-5,YDL182W/YDL131W/YLL062C/YLR303W/YBR115C/YBR248C/YNR050C/YJL088W/YJR109C/YKL001C/YER090W/YER091C/YHR018C/YIL116W/YIL094C/YIL046W/YIR034C,17,Downregulated,18. Far East Asia
GO:0009067,aspartate family amino acid biosynthetic process,11/176,48/5244,0.22916666666666666,6.828125,7.558626138215428,3.415990597262506e-7,4.9417997307064255e-5,4.728450142526522e-5,YDL182W/YDL131W/YLL062C/YLR303W/YBR115C/YNR050C/YKL001C/YER091C/YIL094C/YIL046W/YIR034C,11,Downregulated,18. Far East Asia
GO:0008652,amino acid biosynthetic process,17/176,123/5244,0.13821138211382114,4.118070953436807,6.520623443199118,5.379199157671386e-7,6.670206955512518e-5,6.382237797598081e-5,YDL182W/YDL131W/YLL062C/YLR303W/YBR115C/YBR248C/YNR050C/YJL088W/YJR109C/YKL001C/YER090W/YER091C/YHR018C/YIL116W/YIL094C/YIL046W/YIR034C,17,Downregulated,18. Far East Asia
GO:0170033,L-amino acid metabolic process,18/176,141/5244,0.1276595744680851,3.803675048355899,6.28857736845824,8.203026487985503e-7,8.900283739464271e-5,8.516036709237582e-5,YDL182W/YDL131W/YLL062C/YLR303W/YBR006W/YBR115C/YBR248C/YNR050C/YJL088W/YJR109C/YKL001C/YER090W/YER091C/YHR018C/YIL116W/YIL094C/YIL046W/YIR034C,18,Downregulated,18. Far East Asia
GO:0170039,proteinogenic amino acid metabolic process,18/176,143/5244,0.1258741258741259,3.7504767959313416,6.214072301994482,1.0133693787310341e-6,9.77338467487264e-5,9.351443740570596e-5,YDL182W/YDL131W/YLL062C/YLR303W/YBR006W/YBR115C/YBR248C/YNR050C/YJL088W/YJR109C/YKL001C/YER090W/YER091C/YHR018C/YIL116W/YIL094C/YIL046W/YIR034C,18,Downregulated,18. Far East Asia
GO:0019878,lysine biosynthetic process via aminoadipic acid,6/176,13/5244,0.46153846153846156,13.751748251748252,8.577821528198202,1.8526746068284716e-6,1.6081215587271134e-4,1.5386950155659622e-4,YDL182W/YDL131W/YBR115C/YNR050C/YIL094C/YIR034C,6,Downregulated,18. Far East Asia
GO:0009066,aspartate family amino acid metabolic process,11/176,58/5244,0.1896551724137931,5.650862068965517,6.636806565706797,2.5689693447334366e-6,1.9025733355819668e-4,1.82043458861772e-4,YDL182W/YDL131W/YLL062C/YLR303W/YBR115C/YNR050C/YKL001C/YER091C/YIL094C/YIL046W/YIR034C,11,Downregulated,18. Far East Asia
GO:0016053,organic acid biosynthetic process,20/176,185/5244,0.10810810810810811,3.2211302211302213,5.731331191783555,2.8494761938439594e-6,1.9025733355819668e-4,1.82043458861772e-4,YDL182W/YDL131W/YGR267C/YLL062C/YLR303W/YPR067W/YBR115C/YBR248C/YNR050C/YNR057C/YJL088W/YJR109C/YKL001C/YER090W/YER091C/YHR018C/YIL116W/YIL094C/YIL046W/YIR034C,20,Downregulated,18. Far East Asia
GO:0046394,carboxylic acid biosynthetic process,20/176,185/5244,0.10810810810810811,3.2211302211302213,5.731331191783555,2.8494761938439594e-6,1.9025733355819668e-4,1.82043458861772e-4,YDL182W/YDL131W/YGR267C/YLL062C/YLR303W/YPR067W/YBR115C/YBR248C/YNR050C/YNR057C/YJL088W/YJR109C/YKL001C/YER090W/YER091C/YHR018C/YIL116W/YIL094C/YIL046W/YIR034C,20,Downregulated,18. Far East Asia
GO:0009085,lysine biosynthetic process,6/176,15/5244,0.4,11.918181818181818,7.890682893047408,5.108140566812127e-6,3.1670471514235187e-4,3.03031797534945e-4,YDL182W/YDL131W/YBR115C/YNR050C/YIL094C/YIR034C,6,Downregulated,18. Far East Asia
GO:0006553,lysine metabolic process,6/176,16/5244,0.375,11.173295454545455,7.594196303058349,7.946571743653501e-6,4.598416182327493e-4,4.399891302275518e-4,YDL182W/YDL131W/YBR115C/YNR050C/YIL094C/YIR034C,6,Downregulated,18. Far East Asia
GO:0044283,small molecule biosynthetic process,27/176,329/5244,0.08206686930091185,2.4452196739430785,5.045427994944373,1.0536378196770051e-5,5.715985171747752e-4,5.46921210345498e-4,YDL182W/YDL168W/YDL131W/YGR267C/YLL062C/YLR228C/YLR303W/YPR067W/YMR303C/YBR115C/YBR248C/YBR256C/YNL333W/YNR050C/YNR057C/YJL088W/YJR109C/YKL001C/YER062C/YER090W/YER091C/YHR018C/YIL116W/YIL094C/YIL046W/YIR034C/YFL059W,27,Downregulated,18. Far East Asia
GO:0019752,carboxylic acid metabolic process,26/176,333/5244,0.07807807807807808,2.3263718263718265,4.660477308253329,3.7646331813284326e-5,0.0019221774125841645,0.0018391923096397111,YDL182W/YDL131W/YDL078C/YGR267C/YLL062C/YLR303W/YPR067W/YBR006W/YBR115C/YBR248C/YNR050C/YNR057C/YJL088W/YJR109C/YKL001C/YEL066W/YER010C/YER090W/YER091C/YHR018C/YHR112C/YIL116W/YIL094C/YIL046W/YIR034C/YFR053C,26,Downregulated,18. Far East Asia
GO:0044272,sulfur compound biosynthetic process,11/176,79/5244,0.13924050632911392,4.148734177215189,5.254632413963034,5.5196372437918e-5,0.0026616917375618236,0.0025467799914337605,YOL049W/YLL062C/YLR303W/YPR067W/YNL333W/YNR057C/YKL001C/YER091C/YIL046W/YFL059W/YFR030W,11,Downregulated,18. Far East Asia
GO:0009636,response to toxic substance,9/176,54/5244,0.16666666666666666,4.965909090909091,5.458633239642975,6.362950678531392e-5,0.00290686378366592,0.0027813673603109524,YDL168W/YDR256C/YGR154C/YGR234W/YGR263C/YMR038C/YBR295W/YJL068C/YEL066W,9,Downregulated,18. Far East Asia
GO:0006790,sulfur compound metabolic process,14/176,126/5244,0.1111111111111111,3.3106060606060606,4.892028737633624,7.067948654007374e-5,0.0030674897158392,0.002935058677900957,YOL049W/YOR285W/YGR154C/YLL062C/YLR303W/YPR067W/YNL333W/YNR057C/YKL001C/YER091C/YHR112C/YIL046W/YFL059W/YFR030W,14,Downregulated,18. Far East Asia
GO:0043436,oxoacid metabolic process,26/176,349/5244,0.07449856733524356,2.2197186767387342,4.394647029239994,8.37477785596487e-5,0.0034615748471321464,0.003312130189652272,YDL182W/YDL131W/YDL078C/YGR267C/YLL062C/YLR303W/YPR067W/YBR006W/YBR115C/YBR248C/YNR050C/YNR057C/YJL088W/YJR109C/YKL001C/YEL066W/YER010C/YER090W/YER091C/YHR018C/YHR112C/YIL116W/YIL094C/YIL046W/YIR034C/YFR053C,26,Downregulated,18. Far East Asia
GO:0006082,organic acid metabolic process,26/176,351/5244,0.07407407407407407,2.2070707070707067,4.362411411095599,9.215267186601631e-5,0.0036358417808955525,0.0034788735934108547,YDL182W/YDL131W/YDL078C/YGR267C/YLL062C/YLR303W/YPR067W/YBR006W/YBR115C/YBR248C/YNR050C/YNR057C/YJL088W/YJR109C/YKL001C/YEL066W/YER010C/YER090W/YER091C/YHR018C/YHR112C/YIL116W/YIL094C/YIL046W/YIR034C/YFR053C,26,Downregulated,18. Far East Asia
GO:0042221,response to chemical,28/176,435/5244,0.06436781609195402,1.9178683385579938,3.7249940975973757,5.290291038992234e-4,0.01996509835584895,0.0191031562002969,YDL168W/YDR171W/YDR256C/YDR423C/YOR324C/YGL039W/YGR154C/YGR234W/YGR263C/YLL029W/YLL028W/YPL239W/YML013W/YMR038C/YBR006W/YBR066C/YBR295W/YNL042W/YJL068C/YJL055W/YKL116C/YKR071C/YEL066W/YHR151C/YIL046W/YIL008W/YCL052C/YFL014W,28,Downregulated,18. Far East Asia
GO:0170041,non-proteinogenic amino acid metabolic process,6/176,34/5244,0.17647058823529413,5.258021390374332,4.641479058495692,8.067222080410089e-4,0.029176453190816486,0.02791683430457702,YLR303W/YBR006W/YJL088W/YEL066W/YHR018C/YHR112C,6,Downregulated,18. Far East Asia
GO:0098754,detoxification,7/176,47/5244,0.14893617021276595,4.437620889748549,4.411217889434686,8.59924294471124e-4,0.029856571504037425,0.028567590245798604,YDL168W/YDR256C/YGR154C/YMR038C/YBR295W/YJL068C/YEL066W,7,Downregulated,18. Far East Asia
GO:1990748,cellular detoxification,6/176,35/5244,0.17142857142857143,5.107792207792207,4.543528638959308,9.469101518241747e-4,0.03161223122243784,0.030247453837622423,YDL168W/YDR256C/YGR154C/YMR038C/YJL068C/YEL066W,6,Downregulated,18. Far East Asia
GO:0097237,cellular response to toxic substance,6/176,36/5244,0.16666666666666666,4.965909090909091,4.449246598304712,0.0011051250792275008,0.035527724769239655,0.033993905945828386,YDL168W/YDR256C/YGR154C/YMR038C/YJL068C/YEL066W,6,Downregulated,18. Far East Asia
GO:0006534,cysteine metabolic process,4/176,15/5244,0.26666666666666666,7.945454545454546,5.0195518153940215,0.0012520929870287053,0.038814882597889865,0.03713914912652814,YLR303W/YKL001C/YHR112C/YIL046W,4,Downregulated,18. Far East Asia
GO:0006979,response to oxidative stress,11/176,114/5244,0.09649122807017543,2.875,3.7715769669568666,0.0014180062295274054,0.0424423933527513,0.04061005136468685,YDR171W/YDR256C/YGR234W/YLL028W/YPL239W/YPL196W/YMR038C/YBR006W/YKR071C/YIL008W/YFL014W,11,Downregulated,18. Far East Asia
GO:0043094,metabolic compound salvage,6/108,33/5244,0.18181818181818182,8.828282828282829,6.541121864424805,4.676837387797735e-5,0.02871783898930963,0.024799582043735037,YDR399W/YGL037C/YPL273W/YML022W/YJR024C/YHR137W,6,Upregulated,19. Malaysian
GO:1901135,carbohydrate derivative metabolic process,17/108,298/5244,0.05704697986577181,2.7699478001491427,4.561743199579386,1.0452489665808536e-4,0.02871783898930963,0.024799582043735037,YDL022W/YDR050C/YDR399W/YLR359W/YPL273W/YML115C/YML022W/YBR111C/YBR229C/YBR252W/YNL220W/YJL002C/YKL152C/YER001W/YIL049W/YCR012W/YFL045C,17,Upregulated,19. Malaysian
GO:0044283,small molecule biosynthetic process,18/108,329/5244,0.0547112462006079,2.6565349544072947,4.5001406873962475,1.0974970314385845e-4,0.02871783898930963,0.024799582043735037,YDR050C/YDR399W/YOR171C/YLR450W/YPL273W/YML022W/YJL097W/YJL060W/YJR024C/YKL152C/YER081W/YHR137W/YIL145C/YIL049W/YCR012W/YCR034W/YFR055W/YAL060W,18,Upregulated,19. Malaysian
GO:1901605,alpha-amino acid metabolic process,18/144,157/5244,0.11464968152866242,4.17515923566879,6.786886001841326,2.0063819558132524e-7,1.5638489563877056e-4,1.4535425510453945e-4,YDL182W/YDR300C/YDR321W/YOL058W/YGL202W/YGL196W/YLR355C/YML099C/YBR115C/YNL104C/YJL088W/YJR016C/YHR208W/YIL094C/YIL051C/YIR034C/YCL064C/YCL009C,18,Downregulated,19. Malaysian
GO:0016072,rRNA metabolic process,27/144,344/5244,0.07848837209302326,2.85828488372093,5.990727457945003,4.513696809976311e-7,1.5638489563877056e-4,1.4535425510453945e-4,YOL145C/YOR056C/YOR123C/YOR243C/YOR310C/YOR341W/YGL111W/YGL078C/YGR251W/YGR285C/YLL008W/YLR106C/YLR196W/YPL217C/YPL043W/YPL012W/YPR010C/YMR049C/YMR229C/YMR290C/YNL139C/YJL109C/YEL055C/YHR196W/YCL054W/YCR031C/YAL035W,27,Downregulated,19. Malaysian
GO:0009082,branched-chain amino acid biosynthetic process,6/144,13/5244,0.46153846153846156,16.807692307692307,9.588129186381211,5.659284522512807e-7,1.5638489563877056e-4,1.4535425510453945e-4,YLR355C/YNL104C/YJR016C/YHR208W/YIL051C/YCL009C,6,Downregulated,19. Malaysian
GO:1901607,alpha-amino acid biosynthetic process,14/144,115/5244,0.12173913043478261,4.433333333333334,6.255105334171514,2.4238577796833595e-6,3.7832755062752494e-4,3.516421396220536e-4,YDL182W/YDR300C/YOL058W/YGL202W/YLR355C/YBR115C/YNL104C/YJL088W/YJR016C/YHR208W/YIL094C/YIL051C/YIR034C/YCL009C,14,Downregulated,19. Malaysian
GO:0006520,amino acid metabolic process,20/144,225/5244,0.08888888888888889,3.237037037037037,5.762911132197962,2.5544706788858203e-6,3.7832755062752494e-4,3.516421396220536e-4,YDL182W/YDR300C/YDR321W/YOL058W/YOR335C/YGL202W/YGL196W/YLR355C/YML099C/YBL076C/YBR115C/YNL104C/YJL088W/YJR016C/YHR208W/YIL094C/YIL051C/YIR034C/YCL064C/YCL009C,20,Downregulated,19. Malaysian
GO:0042254,ribosome biogenesis,28/144,400/5244,0.07,2.549166666666667,5.4164178294877585,2.738196988860253e-6,3.7832755062752494e-4,3.516421396220536e-4,YOR056C/YOR206W/YOR243C/YOR310C/YOR341W/YGL111W/YGL078C/YGR245C/YGR251W/YGR285C/YLL008W/YLR106C/YLR196W/YPL217C/YPL043W/YPL012W/YPR010C/YPR169W/YMR049C/YMR229C/YMR290C/YNR037C/YJL109C/YEL055C/YHR196W/YCL054W/YCR031C/YAL035W,28,Downregulated,19. Malaysian
GO:0170034,L-amino acid biosynthetic process,13/144,104/5244,0.125,4.552083333333333,6.14758217892524,4.197986252887875e-6,4.753389087213947e-4,4.4181078177139344e-4,YDL182W/YDR300C/YOL058W/YGL202W/YLR355C/YBR115C/YNL104C/YJL088W/YJR016C/YHR208W/YIL094C/YIR034C/YCL009C,13,Downregulated,19. Malaysian
GO:0008652,amino acid biosynthetic process,14/144,123/5244,0.11382113821138211,4.144986449864499,5.930346009804597,5.439992746715322e-6,4.753389087213947e-4,4.4181078177139344e-4,YDL182W/YDR300C/YOL058W/YGL202W/YLR355C/YBR115C/YNL104C/YJL088W/YJR016C/YHR208W/YIL094C/YIL051C/YIR034C/YCL009C,14,Downregulated,19. Malaysian
GO:0170033,L-amino acid metabolic process,15/144,141/5244,0.10638297872340426,3.874113475177305,5.812818595920829,5.774552953793603e-6,4.753389087213947e-4,4.4181078177139344e-4,YDL182W/YDR300C/YDR321W/YOL058W/YGL202W/YLR355C/YBR115C/YNL104C/YJL088W/YJR016C/YHR208W/YIL094C/YIR034C/YCL064C/YCL009C,15,Downregulated,19. Malaysian
GO:0009079,pyruvate family amino acid biosynthetic process,5/144,11/5244,0.45454545454545453,16.5530303030303,8.676050680126387,5.892550800377006e-6,4.753389087213947e-4,4.4181078177139344e-4,YLR355C/YNL104C/YJR016C/YHR208W/YCL009C,5,Downregulated,19. Malaysian
GO:0170038,proteinogenic amino acid biosynthetic process,13/144,108/5244,0.12037037037037036,4.383487654320987,5.969666274894412,6.430039527693489e-6,4.753389087213947e-4,4.4181078177139344e-4,YDL182W/YDR300C/YOL058W/YGL202W/YLR355C/YBR115C/YNL104C/YJL088W/YJR016C/YHR208W/YIL094C/YIR034C/YCL009C,13,Downregulated,19. Malaysian
GO:0170039,proteinogenic amino acid metabolic process,15/144,143/5244,0.1048951048951049,3.8199300699300696,5.744665985823142,6.880659716111866e-6,4.753389087213947e-4,4.4181078177139344e-4,YDL182W/YDR300C/YDR321W/YOL058W/YGL202W/YLR355C/YBR115C/YNL104C/YJL088W/YJR016C/YHR208W/YIL094C/YIR034C/YCL064C/YCL009C,15,Downregulated,19. Malaysian
GO:0006364,rRNA processing,22/144,287/5244,0.07665505226480836,2.791521486643438,5.244928800086261,8.978689401951446e-6,5.725641164782883e-4,5.321781896541263e-4,YOR056C/YOR243C/YOR310C/YGL111W/YGL078C/YGR251W/YGR285C/YLL008W/YLR106C/YLR196W/YPL217C/YPL043W/YPL012W/YMR049C/YMR229C/YMR290C/YJL109C/YEL055C/YHR196W/YCL054W/YCR031C/YAL035W,22,Downregulated,19. Malaysian
GO:0019878,lysine biosynthetic process via aminoadipic acid,5/144,13/5244,0.38461538461538464,14.006410256410257,7.889016268924363,1.5699396485509812e-5,9.29628549034831e-4,8.640570095784348e-4,YDL182W/YGL202W/YBR115C/YIL094C/YIR034C,5,Downregulated,19. Malaysian
GO:0009081,branched-chain amino acid metabolic process,6/144,22/5244,0.2727272727272727,9.93181818181818,7.053730576943944,2.0049641929381684e-5,0.001108076877297161,0.001029918448582975,YLR355C/YNL104C/YJR016C/YHR208W/YIL051C/YCL009C,6,Downregulated,19. Malaysian
GO:0042273,ribosomal large subunit biogenesis,13/144,125/5244,0.104,3.787333333333333,5.2995310017497115,3.200637612740094e-5,0.0016136329105833098,0.0014998149838702083,YOR206W/YGL111W/YGL078C/YGR245C/YLL008W/YLR106C/YPL043W/YPR169W/YMR049C/YMR229C/YMR290C/YEL055C/YCL054W,13,Downregulated,19. Malaysian
GO:0009078,pyruvate family amino acid metabolic process,5/144,15/5244,0.3333333333333333,12.13888888888889,7.258790586117928,3.5036661508443395e-5,0.0016136329105833098,0.0014998149838702083,YLR355C/YNL104C/YJR016C/YHR208W/YCL009C,5,Downregulated,19. Malaysian
GO:0009085,lysine biosynthetic process,5/144,15/5244,0.3333333333333333,12.13888888888889,7.258790586117928,3.5036661508443395e-5,0.0016136329105833098,0.0014998149838702083,YDL182W/YGL202W/YBR115C/YIL094C/YIR034C,5,Downregulated,19. Malaysian
GO:0006553,lysine metabolic process,5/144,16/5244,0.3125,11.380208333333334,6.9868972854310964,4.984126539399887e-5,0.002174653105875003,0.0020212635051749125,YDL182W/YGL202W/YBR115C/YIL094C/YIR034C,5,Downregulated,19. Malaysian
GO:0022613,ribonucleoprotein complex biogenesis,28/144,477/5244,0.05870020964360587,2.1376659678546472,4.378622125011147,7.503176162685332e-5,0.00311006651943307,0.002890697342676665,YOR056C/YOR206W/YOR243C/YOR310C/YOR341W/YGL111W/YGL078C/YGR245C/YGR251W/YGR285C/YLL008W/YLR106C/YLR196W/YPL217C/YPL043W/YPL012W/YPR010C/YPR169W/YMR049C/YMR229C/YMR290C/YNR037C/YJL109C/YEL055C/YHR196W/YCL054W/YCR031C/YAL035W,28,Downregulated,19. Malaysian
GO:0000462,"maturation of SSU-rRNA from tricistronic rRNA transcript (SSU-rRNA, 5.8S rRNA, LSU-rRNA)",11/144,101/5244,0.10891089108910891,3.966171617161716,5.0574871323068855,8.719401733096363e-5,0.0034420876365413734,0.0031992992825195677,YOR056C/YOR310C/YGR251W/YPL217C/YPL012W/YMR229C/YMR290C/YJL109C/YHR196W/YCR031C/YAL035W,11,Downregulated,19. Malaysian
GO:0009066,aspartate family amino acid metabolic process,8/144,58/5244,0.13793103448275862,5.022988505747126,5.176457100176316,1.5964595404919862e-4,0.006015749813944802,0.0055914276729193005,YDL182W/YDR321W/YGL202W/YBR115C/YHR208W/YIL094C/YIR034C/YCL064C,8,Downregulated,19. Malaysian
GO:0044283,small molecule biosynthetic process,21/144,329/5244,0.06382978723404255,2.324468085106383,4.169306018107957,2.158974620588827e-4,0.00778169548029625,0.007232812001240372,YDL182W/YDR300C/YOL058W/YGL202W/YGR060W/YGR175C/YLL013C/YLR355C/YPL133C/YPL028W/YML008C/YBR115C/YNL104C/YJL088W/YJR016C/YHR007C/YHR208W/YIL094C/YIL051C/YIR034C/YCL009C,21,Downregulated,19. Malaysian
GO:0006390,mitochondrial transcription,4/144,12/5244,0.3333333333333333,12.13888888888889,6.490598036777312,2.274016471046098e-4,0.007854831893738395,0.00730078972283221,YDL140C/YDR194C/YOR341W/YPR010C,4,Downregulated,19. Malaysian
GO:0030490,maturation of SSU-rRNA,11/144,115/5244,0.09565217391304348,3.4833333333333334,4.524323761124056,2.808473269073149e-4,0.00931289736024656,0.008656010244048612,YOR056C/YOR310C/YGR251W/YPL217C/YPL012W/YMR229C/YMR290C/YJL109C/YHR196W/YCR031C/YAL035W,11,Downregulated,19. Malaysian
GO:0045943,positive regulation of transcription by RNA polymerase I,5/144,24/5244,0.20833333333333334,7.586805555555555,5.434145960551158,4.0610150812354294e-4,0.012713134169822409,0.011816410656225006,YOL145C/YOR123C/YNL139C/YJL109C/YHR196W,5,Downregulated,19. Malaysian
GO:0042274,ribosomal small subunit biogenesis,12/144,140/5244,0.08571428571428572,3.1214285714285714,4.274872689467627,4.1405865209313033e-4,0.012713134169822409,0.011816410656225006,YOR056C/YOR310C/YGR251W/YPL217C/YPL012W/YMR229C/YMR290C/YNR037C/YJL109C/YHR196W/YCR031C/YAL035W,12,Downregulated,19. Malaysian
GO:0016053,organic acid biosynthetic process,14/144,185/5244,0.07567567567567568,2.755855855855856,4.085342496673998,4.966645955024379e-4,0.014197756885224863,0.013196315205364231,YDL182W/YDR300C/YOL058W/YGL202W/YLR355C/YBR115C/YNL104C/YJL088W/YJR016C/YHR208W/YIL094C/YIL051C/YIR034C/YCL009C,14,Downregulated,19. Malaysian
GO:0046394,carboxylic acid biosynthetic process,14/144,185/5244,0.07567567567567568,2.755855855855856,4.085342496673998,4.966645955024379e-4,0.014197756885224863,0.013196315205364231,YDL182W/YDR300C/YOL058W/YGL202W/YLR355C/YBR115C/YNL104C/YJL088W/YJR016C/YHR208W/YIL094C/YIL051C/YIR034C/YCL009C,14,Downregulated,19. Malaysian
GO:0006360,transcription by RNA polymerase I,8/144,76/5244,0.10526315789473684,3.8333333333333335,4.180510335672747,0.0010356803184364113,0.028619299466126166,0.026600631336682567,YDL140C/YOL145C/YOR123C/YOR341W/YPR010C/YNL139C/YJL109C/YHR196W,8,Downregulated,19. Malaysian
GO:0008298,intracellular mRNA localization,4/144,18/5244,0.2222222222222222,8.092592592592592,5.064570848279932,0.0012361580405018204,0.033057258566968034,0.03072555808649686,YDR238C/YOR198C/YGL178W/YLL013C,4,Downregulated,19. Malaysian
GO:0042790,nucleolar large rRNA transcription by RNA polymerase I,5/144,31/5244,0.16129032258064516,5.873655913978494,4.572755023554504,0.0013907325987464125,0.035662231595517735,0.03314678881076628,YOL145C/YOR123C/YOR341W/YPR010C/YNL139C,5,Downregulated,19. Malaysian
GO:0006414,translational elongation,6/144,46/5244,0.13043478260869565,4.75,4.292182038635478,0.0014626246975242498,0.035662231595517735,0.03314678881076628,YDR194C/YDR385W/YGL195W/YGR285C/YLR249W/YJR047C,6,Downregulated,19. Malaysian
GO:0009303,rRNA transcription,6/144,46/5244,0.13043478260869565,4.75,4.292182038635478,0.0014626246975242498,0.035662231595517735,0.03314678881076628,YOL145C/YOR123C/YOR341W/YPR010C/YNL139C/YEL055C,6,Downregulated,19. Malaysian
GO:0006283,transcription-coupled nucleotide-excision repair,4/144,19/5244,0.21052631578947367,7.666666666666667,4.891347083609496,0.0015327001865004725,0.03630309870311119,0.03374245222611567,YOL145C/YOR123C/YNL139C/YJL168C,4,Downregulated,19. Malaysian
GO:0000480,"endonucleolytic cleavage in 5'-ETS of tricistronic rRNA transcript (SSU-rRNA, 5.8S rRNA, LSU-rRNA)",5/144,32/5244,0.15625,5.690104166666667,4.47137774540466,0.0016123322146817574,0.0371284279436438,0.03450956670020604,YOR310C/YGR251W/YPL217C/YMR229C/YJL109C,5,Downregulated,19. Malaysian
GO:0019752,carboxylic acid metabolic process,19/144,333/5244,0.057057057057057055,2.0778278278278277,3.4148578397586324,0.0017241953607099242,0.03863129605482506,0.03590642970240866,YDL182W/YDR300C/YDR321W/YOL058W/YGL202W/YGL196W/YLR355C/YPL262W/YML099C/YBR115C/YNL104C/YJL088W/YJR016C/YHR208W/YIL094C/YIL051C/YIR034C/YCL064C/YCL009C,19,Downregulated,19. Malaysian
GO:0009067,aspartate family amino acid biosynthetic process,6/144,48/5244,0.125,4.552083333333333,4.153892760218683,0.0018318786521609293,0.03996387901687922,0.03714501865323547,YDL182W/YGL202W/YBR115C/YHR208W/YIL094C/YIR034C,6,Downregulated,19. Malaysian
GO:0009302,sno(s)RNA transcription,3/144,10/5244,0.3,10.925,5.278368945950406,0.002111991643034857,0.04016609422150486,0.03733297056712788,YOL145C/YOR123C/YJL168C,3,Downregulated,19. Malaysian
GO:2001207,regulation of transcription elongation by RNA polymerase I,3/144,10/5244,0.3,10.925,5.278368945950406,0.002111991643034857,0.04016609422150486,0.03733297056712788,YOL145C/YOR123C/YNL139C,3,Downregulated,19. Malaysian
GO:2001209,positive regulation of transcription elongation by RNA polymerase I,3/144,10/5244,0.3,10.925,5.278368945950406,0.002111991643034857,0.04016609422150486,0.03733297056712788,YOL145C/YOR123C/YNL139C,3,Downregulated,19. Malaysian
GO:0000472,"endonucleolytic cleavage to generate mature 5'-end of SSU-rRNA from (SSU-rRNA, 5.8S rRNA, LSU-rRNA)",5/144,34/5244,0.14705882352941177,5.355392156862745,4.280888816339749,0.0021318554230955536,0.04016609422150486,0.03733297056712788,YOR310C/YGR251W/YPL217C/YMR229C/YJL109C,5,Downregulated,19. Malaysian
GO:0006696,ergosterol biosynthetic process,5/144,34/5244,0.14705882352941177,5.355392156862745,4.280888816339749,0.0021318554230955536,0.04016609422150486,0.03733297056712788,YGR060W/YGR175C/YPL028W/YML008C/YHR007C,5,Downregulated,19. Malaysian
GO:0016129,phytosteroid biosynthetic process,5/144,34/5244,0.14705882352941177,5.355392156862745,4.280888816339749,0.0021318554230955536,0.04016609422150486,0.03733297056712788,YGR060W/YGR175C/YPL028W/YML008C/YHR007C,5,Downregulated,19. Malaysian
GO:0006074,(1->3)-beta-D-glucan metabolic process,3/37,11/5244,0.2727272727272727,38.65356265356265,10.537171564666718,5.133119317694858e-5,0.005346560968191227,0.005078306875586707,YOL030W/YMR215W/YMR307W,3,Downregulated,2. Alpechin
GO:0006075,(1->3)-beta-D-glucan biosynthetic process,3/37,11/5244,0.2727272727272727,38.65356265356265,10.537171564666718,5.133119317694858e-5,0.005346560968191227,0.005078306875586707,YOL030W/YMR215W/YMR307W,3,Downregulated,2. Alpechin
GO:0034406,cell wall beta-glucan metabolic process,3/37,12/5244,0.25,35.432432432432435,10.065178038828707,6.810905691963347e-5,0.005346560968191227,0.005078306875586707,YOL030W/YMR215W/YMR307W,3,Downregulated,2. Alpechin
GO:0034410,cell wall beta-glucan biosynthetic process,3/37,12/5244,0.25,35.432432432432435,10.065178038828707,6.810905691963347e-5,0.005346560968191227,0.005078306875586707,YOL030W/YMR215W/YMR307W,3,Downregulated,2. Alpechin
GO:0051278,fungal-type cell wall polysaccharide biosynthetic process,3/37,12/5244,0.25,35.432432432432435,10.065178038828707,6.810905691963347e-5,0.005346560968191227,0.005078306875586707,YOL030W/YMR215W/YMR307W,3,Downregulated,2. Alpechin
GO:0071966,fungal-type cell wall polysaccharide metabolic process,3/37,12/5244,0.25,35.432432432432435,10.065178038828707,6.810905691963347e-5,0.005346560968191227,0.005078306875586707,YOL030W/YMR215W/YMR307W,3,Downregulated,2. Alpechin
GO:0010383,cell wall polysaccharide metabolic process,3/37,17/5244,0.17647058823529413,25.01112877583466,8.358104363142468,2.0545685936847104e-4,0.012096272595318733,0.011489363846263185,YOL030W/YMR215W/YMR307W,3,Downregulated,2. Alpechin
GO:0070592,cell wall polysaccharide biosynthetic process,3/37,17/5244,0.17647058823529413,25.01112877583466,8.358104363142468,2.0545685936847104e-4,0.012096272595318733,0.011489363846263185,YOL030W/YMR215W/YMR307W,3,Downregulated,2. Alpechin
GO:0031505,fungal-type cell wall organization,6/37,142/5244,0.04225352112676056,5.988580129425199,5.079815040355163,4.1249301675925235e-4,0.021587134543734208,0.02050403884475816,YDR144C/YDR261C/YOL030W/YMR215W/YMR307W/YIL011W,6,Downregulated,2. Alpechin
GO:0051273,beta-glucan metabolic process,3/37,26/5244,0.11538461538461539,16.353430353430355,6.615109872636772,7.519388921855998e-4,0.03219665620176523,0.03058124681137607,YOL030W/YMR215W/YMR307W,3,Downregulated,2. Alpechin
GO:0051274,beta-glucan biosynthetic process,3/37,26/5244,0.11538461538461539,16.353430353430355,6.615109872636772,7.519388921855998e-4,0.03219665620176523,0.03058124681137607,YOL030W/YMR215W/YMR307W,3,Downregulated,2. Alpechin
GO:0071852,fungal-type cell wall organization or biogenesis,6/37,162/5244,0.037037037037037035,5.249249249249249,4.630729206957016,8.319322190905961e-4,0.0326533395993059,0.031015016939780995,YDR144C/YDR261C/YOL030W/YMR215W/YMR307W/YIL011W,6,Downregulated,2. Alpechin
GO:0044042,glucan metabolic process,4/37,67/5244,0.05970149253731343,8.46147640177491,5.181077524702478,0.0011707333662310457,0.04241657042267866,0.04028839519418579,YDR261C/YOL030W/YMR215W/YMR307W,4,Downregulated,2. Alpechin
GO:0006457,protein folding,6/10,133/5244,0.045112781954887216,23.657142857142855,11.567808559212375,4.596828679027671e-8,3.7234312300124135e-6,2.3226081746666126e-6,YDR171W/YGR142W/YLL026W/YBL075C/YNL077W/YER103W,6,Upregulated,24. Asian islands
GO:0042026,protein refolding,4/10,30/5244,0.13333333333333333,69.92,16.5460164750976,1.785429612223066e-7,7.230989929503417e-6,4.510559020353008e-6,YLL026W/YBL075C/YNL077W/YER103W,4,Upregulated,24. Asian islands
GO:0051604,protein maturation,6/10,229/5244,0.026200873362445413,13.739737991266376,8.616201332950977,1.1784333186008237e-6,3.181769960222224e-5,1.9847297997487558e-5,YDR171W/YGR142W/YLL026W/YBL075C/YNL077W/YER103W,6,Upregulated,24. Asian islands
GO:0051085,chaperone cofactor-dependent protein refolding,3/10,16/5244,0.1875,98.325,17.04078840930609,2.76133881005442e-6,5.5917110903602e-5,3.488006917963478e-5,YLL026W/YBL075C/YER103W,3,Upregulated,24. Asian islands
GO:0051084,'de novo' post-translational protein folding,3/10,24/5244,0.125,65.55,13.852867671107159,9.900455797684564e-6,1.6038738392248992e-4,1.0004671121870716e-4,YLL026W/YBL075C/YER103W,3,Upregulated,24. Asian islands
GO:0061077,chaperone-mediated protein folding,3/10,31/5244,0.0967741935483871,50.74838709677419,12.141967305307762,2.183339685246394e-5,2.9475085750826316e-4,1.8386018402074893e-4,YLL026W/YBL075C/YER103W,3,Upregulated,24. Asian islands
GO:0006458,'de novo' protein folding,3/10,33/5244,0.09090909090909091,47.67272727272727,11.755271992258784,2.644803035716901e-5,3.060414941329557e-4,1.9090307626227254e-4,YLL026W/YBL075C/YER103W,3,Upregulated,24. Asian islands
GO:0006616,"SRP-dependent cotranslational protein targeting to membrane, translocation",2/10,13/5244,0.15384615384615385,80.67692307692309,12.571437489465728,2.524824785100294e-4,0.0025563850949140475,0.0015946261800633434,YBL075C/YER103W,2,Upregulated,24. Asian islands
GO:0006614,SRP-dependent cotranslational protein targeting to membrane,2/10,19/5244,0.10526315789473684,55.2,10.344416761752568,5.501481887195073e-4,0.004951333698475566,0.003088551234916532,YBL075C/YER103W,2,Upregulated,24. Asian islands
GO:0006613,cotranslational protein targeting to membrane,2/10,22/5244,0.09090909090909091,47.67272727272727,9.588024951406418,7.409159375334601e-4,0.006001419094021027,0.0037435752633269564,YBL075C/YER103W,2,Upregulated,24. Asian islands
GO:0045047,protein targeting to ER,2/10,40/5244,0.05,26.22,6.998089680436526,0.002456352359677663,0.018087685557626427,0.01128276681957204,YBL075C/YER103W,2,Upregulated,24. Asian islands
GO:0072599,establishment of protein localization to endoplasmic reticulum,2/10,43/5244,0.046511627906976744,24.390697674418604,6.731425541981951,0.0028350244596251047,0.018486705253217453,0.011531667994209717,YBL075C/YER103W,2,Upregulated,24. Asian islands
GO:0065002,intracellular protein transmembrane transport,2/10,44/5244,0.045454545454545456,23.836363636363636,6.648515506937363,0.002967002077676875,0.018486705253217453,0.011531667994209717,YBL075C/YER103W,2,Upregulated,24. Asian islands
GO:0070972,protein localization to endoplasmic reticulum,2/10,57/5244,0.03508771929824561,18.4,5.773000855105513,0.004939791299892738,0.028580221092236555,0.0178278182251768,YBL075C/YER103W,2,Upregulated,24. Asian islands
GO:0006612,protein targeting to membrane,2/10,61/5244,0.03278688524590164,17.19344262295082,5.560150788692949,0.005641012775133262,0.03046146898571962,0.019001306189922566,YBL075C/YER103W,2,Upregulated,24. Asian islands
GO:0009408,response to heat,2/10,77/5244,0.025974025974025976,13.620779220779221,4.876243350266714,0.008873616081868107,0.044429258316857886,0.027714157234687183,YDR171W/YLL026W,2,Upregulated,24. Asian islands
GO:0009266,response to temperature stimulus,2/10,79/5244,0.02531645569620253,13.275949367088609,4.80514548067362,0.009324659152920791,0.044429258316857886,0.027714157234687183,YDR171W/YLL026W,2,Upregulated,24. Asian islands
GO:0071806,protein transmembrane transport,2/10,85/5244,0.023529411764705882,12.338823529411766,4.606464884831066,0.010738762533367726,0.048324431400154765,0.030143894830505898,YBL075C/YER103W,2,Upregulated,24. Asian islands
GO:0016072,rRNA metabolic process,27/136,344/5244,0.07848837209302326,3.0264192886456907,6.343726206603035,1.332191385715384e-7,1.0431058550151456e-4,9.914308523166069e-5,YDL111C/YDR449C/YOL077C/YOL010W/YOR006C/YOR340C/YGL043W/YGL029W/YLL011W/YLR051C/YLR175W/YPL146C/YPR143W/YPR186C/YMR131C/YMR265C/YNL182C/YNL113W/YNL002C/YKL021C/YKR081C/YER002W/YHR066W/YHR069C/YHR169W/YCL031C/YAL025C,27,Upregulated,25. Sake
GO:0042254,ribosome biogenesis,28/136,400/5244,0.07,2.6991176470588236,5.7687978098880555,8.217024498214286e-7,2.382793023193679e-4,2.2647505107184664e-4,YDL111C/YDR449C/YDR496C/YOL077C/YOL010W/YOR006C/YOR340C/YGL029W/YLL011W/YLR009W/YLR051C/YLR175W/YPL146C/YPR143W/YMR131C/YMR265C/YNL182C/YNL113W/YNL002C/YKL143W/YKL021C/YKR081C/YER002W/YHR066W/YHR069C/YHR169W/YCL031C/YAL025C,28,Upregulated,25. Sake
GO:0006364,rRNA processing,23/136,287/5244,0.08013937282229965,3.090079934412789,5.941940840453455,9.129475184650111e-7,2.382793023193679e-4,2.2647505107184664e-4,YDL111C/YDR449C/YOL077C/YOL010W/YOR006C/YGL029W/YLL011W/YLR051C/YLR175W/YPL146C/YPR143W/YMR131C/YMR265C/YNL182C/YNL002C/YKL021C/YKR081C/YER002W/YHR066W/YHR069C/YHR169W/YCL031C/YAL025C,23,Upregulated,25. Sake
GO:0000460,maturation of 5.8S rRNA,12/136,90/5244,0.13333333333333333,5.141176470588236,6.465568602493941,2.7692193194660917e-6,3.904463633822249e-4,3.7110382323214767e-4,YDL111C/YDR449C/YOL077C/YOL010W/YLR051C/YPR143W/YNL002C/YKL021C/YKR081C/YHR069C/YHR169W/YAL025C,12,Upregulated,25. Sake
GO:0000466,"maturation of 5.8S rRNA from tricistronic rRNA transcript (SSU-rRNA, 5.8S rRNA, LSU-rRNA)",12/136,90/5244,0.13333333333333333,5.141176470588236,6.465568602493941,2.7692193194660917e-6,3.904463633822249e-4,3.7110382323214767e-4,YDL111C/YDR449C/YOL077C/YOL010W/YLR051C/YPR143W/YNL002C/YKL021C/YKR081C/YHR069C/YHR169W/YAL025C,12,Upregulated,25. Sake
GO:0022613,ribonucleoprotein complex biogenesis,30/136,477/5244,0.06289308176100629,2.4250832408435072,5.326118013056068,2.991926156185631e-6,3.904463633822249e-4,3.7110382323214767e-4,YDL111C/YDR243C/YDR449C/YDR496C/YOL077C/YOL010W/YOR006C/YOR340C/YGL029W/YLL011W/YLR009W/YLR051C/YLR175W/YPL146C/YPR143W/YMR131C/YMR260C/YMR265C/YNL182C/YNL113W/YNL002C/YKL143W/YKL021C/YKR081C/YER002W/YHR066W/YHR069C/YHR169W/YCL031C/YAL025C,30,Upregulated,25. Sake
GO:0000463,"maturation of LSU-rRNA from tricistronic rRNA transcript (SSU-rRNA, 5.8S rRNA, LSU-rRNA)",8/136,53/5244,0.1509433962264151,5.820199778024417,5.754550392035317,5.516296219939276e-5,0.0061703713431606475,0.005864693875935441,YOL077C/YPL146C/YPR143W/YNL002C/YKL021C/YKR081C/YHR066W/YAL025C,8,Upregulated,25. Sake
GO:0042273,ribosomal large subunit biogenesis,12/136,125/5244,0.096,3.7016470588235295,4.9879833251028005,8.199617363775465e-5,0.008025375494795237,0.007627801942354283,YDR496C/YOL077C/YLR009W/YPL146C/YPR143W/YNL182C/YNL002C/YKL021C/YKR081C/YER002W/YHR066W/YAL025C,12,Upregulated,25. Sake
GO:0000027,ribosomal large subunit assembly,7/136,46/5244,0.15217391304347827,5.867647058823529,5.410205954853978,1.554693668306786e-4,0.01352583491426904,0.012855771035004654,YOL077C/YLR009W/YPL146C/YNL182C/YKL021C/YKR081C/YHR066W,7,Upregulated,25. Sake
GO:0000470,maturation of LSU-rRNA,8/136,64/5244,0.125,4.819852941176471,5.016556285700846,2.1670076322001638e-4,0.016967669760127282,0.016127098904900168,YOL077C/YPL146C/YPR143W/YNL002C/YKL021C/YKR081C/YHR066W/YAL025C,8,Upregulated,25. Sake
GO:0000967,rRNA 5'-end processing,6/136,37/5244,0.16216216216216217,6.252782193958665,5.231550298081086,3.267250553326624e-4,0.023256883484134058,0.02210474776269783,YDR449C/YOL077C/YOL010W/YLR051C/YNL002C/YHR169W,6,Upregulated,25. Sake
GO:0034308,primary alcohol metabolic process,5/136,26/5244,0.19230769230769232,7.415158371040725,5.3502731844423925,4.6223822989928403e-4,0.030161044500928283,0.028666879696385424,YOL055C/YLR134W/YPL214C/YPL103C/YCR020C,5,Upregulated,25. Sake
GO:0009451,RNA modification,5/24,110/5244,0.045454545454545456,9.931818181818182,6.419017837295534,1.1463551229876109e-4,0.03141013036986054,0.030046571118306855,YDR120C/YGL211W/YNL292W/YNL124W/YNL062C,5,Upregulated,26. Asian fermentation
GO:0006399,tRNA metabolic process,6/24,206/5244,0.02912621359223301,6.364077669902913,5.325493812952717,2.5394627932530677e-4,0.03479064026756703,0.033280328185263885,YDL150W/YDR120C/YGL211W/YNL292W/YNL232W/YNL062C,6,Upregulated,26. Asian fermentation
GO:0006400,tRNA modification,4/24,80/5244,0.05,10.924999999999999,6.06516598041395,4.231319634236317e-4,0.03864605265935836,0.03696837154122256,YDR120C/YGL211W/YNL292W/YNL062C,4,Upregulated,26. Asian fermentation
GO:0000041,transition metal ion transport,9/45,64/5244,0.140625,16.3875,11.522041896753036,2.111226518026068e-9,8.38156927656349e-7,7.644862338957552e-7,YDR270W/YOL158C/YOL122C/YGL255W/YLL051C/YPR124W/YMR058W/YMR243C/YER145C,9,Downregulated,26. Asian fermentation
GO:0030001,metal ion transport,9/45,100/5244,0.09,10.488,8.911698254460857,1.1641126852516666e-7,2.3107636802245583e-5,2.1076566511924912e-5,YDR270W/YOL158C/YOL122C/YGL255W/YLL051C/YPR124W/YMR058W/YMR243C/YER145C,9,Downregulated,26. Asian fermentation
GO:0006812,monoatomic cation transport,10/45,178/5244,0.056179775280898875,6.546816479400748,7.004182969904245,1.7942137956813176e-6,1.702839152184877e-4,1.553166295510003e-4,YDR270W/YOL158C/YOL122C/YGL255W/YLL051C/YLR136C/YPR124W/YMR058W/YMR243C/YER145C,10,Downregulated,26. Asian fermentation
GO:0098771,inorganic ion homeostasis,8/45,105/5244,0.0761904761904762,8.87873015873016,7.586611485149336,2.3058257003727437e-6,1.702839152184877e-4,1.553166295510003e-4,YDR270W/YOL158C/YOL122C/YLL051C/YLR136C/YLR205C/YMR058W/YMR243C,8,Downregulated,26. Asian fermentation
GO:0098662,inorganic cation transmembrane transport,9/45,142/5244,0.06338028169014084,7.3859154929577455,7.176842064772647,2.347458611788389e-6,1.702839152184877e-4,1.553166295510003e-4,YDR270W/YOL158C/YOL122C/YGL255W/YLR136C/YPR124W/YMR058W/YMR243C/YER145C,9,Downregulated,26. Asian fermentation
GO:0098655,monoatomic cation transmembrane transport,9/45,144/5244,0.0625,7.283333333333333,7.112504183465768,2.6386918426836764e-6,1.702839152184877e-4,1.553166295510003e-4,YDR270W/YOL158C/YOL122C/YGL255W/YLR136C/YPR124W/YMR058W/YMR243C/YER145C,9,Downregulated,26. Asian fermentation
GO:0006879,intracellular iron ion homeostasis,6/45,49/5244,0.12244897959183673,14.26938775510204,8.681453156708674,3.002487170099279e-6,1.702839152184877e-4,1.553166295510003e-4,YDR270W/YOL158C/YLL051C/YLR136C/YLR205C/YMR058W,6,Downregulated,26. Asian fermentation
GO:0006811,monoatomic ion transport,10/45,194/5244,0.05154639175257732,6.006872852233677,6.6108608468481425,3.924615172489888e-6,1.8252480983415662e-4,1.6648159772756165e-4,YDR270W/YOL158C/YOL122C/YGL255W/YLL051C/YLR136C/YPR124W/YMR058W/YMR243C/YER145C,10,Downregulated,26. Asian fermentation
GO:0034220,monoatomic ion transmembrane transport,9/45,152/5244,0.05921052631578947,6.9,6.866981622814589,4.137842036542593e-6,1.8252480983415662e-4,1.6648159772756165e-4,YDR270W/YOL158C/YOL122C/YGL255W/YLR136C/YPR124W/YMR058W/YMR243C/YER145C,9,Downregulated,26. Asian fermentation
GO:0006825,copper ion transport,4/45,15/5244,0.26666666666666666,31.075555555555557,10.85141177967667,6.030875817173689e-6,2.3942576994179547e-4,2.1838118748502622e-4,YDR270W/YOL122C/YLL051C/YPR124W,4,Downregulated,26. Asian fermentation
GO:0098660,inorganic ion transmembrane transport,9/45,161/5244,0.055900621118012424,6.514285714285715,6.611171523379701,6.651766957304172e-6,2.4006831654997785e-4,2.1896725677632875e-4,YDR270W/YOL158C/YOL122C/YGL255W/YLR136C/YPR124W/YMR058W/YMR243C/YER145C,9,Downregulated,26. Asian fermentation
GO:0034755,iron ion transmembrane transport,4/45,16/5244,0.25,29.133333333333333,10.484546998098462,7.990892553164444e-6,2.643653619671904e-4,2.411286875691727e-4,YOL158C/YOL122C/YMR058W/YER145C,4,Downregulated,26. Asian fermentation
GO:0006826,iron ion transport,5/45,39/5244,0.1282051282051282,14.940170940170939,8.128797652025561,1.7167526069287995e-5,5.242698345774873e-4,4.7818858039150373e-4,YOL158C/YOL122C/YLL051C/YMR058W/YER145C,5,Downregulated,26. Asian fermentation
GO:0030003,intracellular monoatomic cation homeostasis,8/45,144/5244,0.05555555555555555,6.474074074074074,6.196452215244565,2.4273414175400278e-5,6.883246734024222e-4,6.278236448374208e-4,YDR270W/YOL158C/YOL122C/YLL051C/YLR136C/YLR205C/YMR058W/YMR243C,8,Downregulated,26. Asian fermentation
GO:0055080,monoatomic cation homeostasis,8/45,148/5244,0.05405405405405406,6.2990990990991,6.083513364234217,2.9621911894761575e-5,7.83993268148023e-4,7.150833467928409e-4,YDR270W/YOL158C/YOL122C/YLL051C/YLR136C/YLR205C/YMR058W/YMR243C,8,Downregulated,26. Asian fermentation
GO:0055085,transmembrane transport,13/45,421/5244,0.030878859857482184,3.5984164687252576,5.171630095585786,3.2228859077583095e-5,7.996785658625305e-4,7.293899685979332e-4,YDR270W/YOL158C/YOL122C/YGL255W/YGL077C/YLR136C/YPR124W/YMR058W/YMR243C/YBL089W/YER145C/YHL035C/YHR162W,13,Downregulated,26. Asian fermentation
GO:0006873,intracellular monoatomic ion homeostasis,8/45,156/5244,0.05128205128205128,5.976068376068375,5.869638629082737,4.3322468595672535e-5,0.001011707060734235,9.22781993616802e-4,YDR270W/YOL158C/YOL122C/YLL051C/YLR136C/YLR205C/YMR058W/YMR243C,8,Downregulated,26. Asian fermentation
GO:0050801,monoatomic ion homeostasis,8/45,161/5244,0.049689440993788817,5.79047619047619,5.743383896822089,5.432082203658118e-5,0.0011980759082512629,0.0010927697532505222,YDR270W/YOL158C/YOL122C/YLL051C/YLR136C/YLR205C/YMR058W/YMR243C,8,Downregulated,26. Asian fermentation
GO:0055082,intracellular chemical homeostasis,8/45,199/5244,0.04020100502512563,4.6847571189279735,4.929933902078313,2.4018522721450382e-4,0.005018607116008317,0.004577491310902455,YDR270W/YOL158C/YOL122C/YLL051C/YLR136C/YLR205C/YMR058W/YMR243C,8,Downregulated,26. Asian fermentation
GO:0048878,chemical homeostasis,8/45,230/5244,0.034782608695652174,4.053333333333334,4.405368571689185,6.393303882927916e-4,0.012690708207611914,0.011575244924880018,YDR270W/YOL158C/YOL122C/YLL051C/YLR136C/YLR205C/YMR058W/YMR243C,8,Downregulated,26. Asian fermentation
GO:0019725,cellular homeostasis,8/45,233/5244,0.034334763948497854,4.001144492131616,4.35952268118831,6.967700789610278e-4,0.013172272445120384,0.012014481562034766,YDR270W/YOL158C/YOL122C/YLL051C/YLR136C/YLR205C/YMR058W/YMR243C,8,Downregulated,26. Asian fermentation
GO:0010038,response to metal ion,3/45,22/5244,0.13636363636363635,15.890909090909089,6.511040488096139,8.114938287473894e-4,0.014643775000577893,0.013356644836799138,YMR058W/YMR243C/YHL035C,3,Downregulated,26. Asian fermentation
GO:0009073,aromatic amino acid family biosynthetic process,3/45,24/5244,0.125,14.566666666666666,6.196975810154807,0.0010538170414760078,0.018189798498520655,0.01659098683147582,YDR127W/YER055C/YCL030C,3,Downregulated,26. Asian fermentation
GO:0042592,homeostatic process,8/45,263/5244,0.030418250950570342,3.5447401774397975,3.9391210510901375,0.0015357352553253133,0.02540362068183956,0.02317074244876789,YDR270W/YOL158C/YOL122C/YLL051C/YLR136C/YLR205C/YMR058W/YMR243C,8,Downregulated,26. Asian fermentation
GO:0006829,zinc ion transport,2/45,10/5244,0.2,23.306666666666665,6.56831686262235,0.0031018411782524173,0.04925723791064839,0.044927720645003444,YGL255W/YMR243C,2,Downregulated,26. Asian fermentation
GO:0002181,cytoplasmic translation,12/22,166/5244,0.07228915662650602,17.231106243154436,13.79236214206686,3.3499870534015075e-13,3.517486406071583e-11,2.5389375562621954e-11,YDL191W/YDL133C-A/YDL061C/YDR447C/YOL127W/YGL076C/YGR034W/YLR325C/YNL244C/YHR141C/YHR203C/YFR032C-A,12,Upregulated,3. Brazilian bioethanol
GO:0006412,translation,13/22,451/5244,0.028824833702882482,6.87079217899617,8.463774792532247,2.8842904107776058e-9,1.514252465658243e-7,1.0929942609262507e-7,YDL191W/YDL133C-A/YDL061C/YDR447C/YOL127W/YOL121C/YGL076C/YGR034W/YLR325C/YNL244C/YHR141C/YHR203C/YFR032C-A,13,Upregulated,3. Brazilian bioethanol
GO:0022613,ribonucleoprotein complex biogenesis,9/22,477/5244,0.018867924528301886,4.497427101200686,5.199578270136446,6.685105654675971e-5,0.00233978697913659,0.0016888687969707718,YDL191W/YDR447C/YOL127W/YOL121C/YGL076C/YGR034W/YLR325C/YNL244C/YHR143W-A,9,Upregulated,3. Brazilian bioethanol
GO:0007035,vacuolar acidification,3/22,27/5244,0.1111111111111111,26.484848484848484,8.616608384135382,1.756669070801063e-4,0.0036890050486822323,0.002662740486266875,YPL234C/YEL027W/YHR026W,3,Upregulated,3. Brazilian bioethanol
GO:0051452,intracellular pH reduction,3/22,27/5244,0.1111111111111111,26.484848484848484,8.616608384135382,1.756669070801063e-4,0.0036890050486822323,0.002662740486266875,YPL234C/YEL027W/YHR026W,3,Upregulated,3. Brazilian bioethanol
GO:0030641,regulation of cellular pH,3/22,33/5244,0.09090909090909091,21.669421487603305,7.730500103085335,3.2236645606924854e-4,0.004627911984272925,0.0033404477480466228,YPL234C/YEL027W/YHR026W,3,Upregulated,3. Brazilian bioethanol
GO:0051453,regulation of intracellular pH,3/22,33/5244,0.09090909090909091,21.669421487603305,7.730500103085335,3.2236645606924854e-4,0.004627911984272925,0.0033404477480466228,YPL234C/YEL027W/YHR026W,3,Upregulated,3. Brazilian bioethanol
GO:0006885,regulation of pH,3/22,34/5244,0.08823529411764706,21.03208556149733,7.60553201656083,3.526028178493657e-4,0.004627911984272925,0.0033404477480466228,YPL234C/YEL027W/YHR026W,3,Upregulated,3. Brazilian bioethanol
GO:0022618,protein-RNA complex assembly,5/22,165/5244,0.030303030303030304,7.223140495867768,5.271634688829465,4.948708562209369e-4,0.005773493322577598,0.004167333526071048,YDR447C/YOL127W/YOL121C/YLR325C/YNL244C,5,Upregulated,3. Brazilian bioethanol
GO:0071826,protein-RNA complex organization,5/22,172/5244,0.029069767441860465,6.929175475687103,5.131587518668216,5.990516558259716e-4,0.006290042386172702,0.004540180970470522,YDR447C/YOL127W/YOL121C/YLR325C/YNL244C,5,Upregulated,3. Brazilian bioethanol
GO:0042254,ribosome biogenesis,7/22,400/5244,0.0175,4.171363636363637,4.283086112777771,8.87625632644357e-4,0.008472790129787043,0.0061156981387936555,YDL191W/YDR447C/YOL127W/YOL121C/YGL076C/YGR034W/YHR143W-A,7,Upregulated,3. Brazilian bioethanol
GO:0042273,ribosomal large subunit biogenesis,4/22,125/5244,0.032,7.6276363636363635,4.8674774629892354,0.0016132565019932891,0.01411599439244128,0.010188988433641827,YDL191W/YOL127W/YGL076C/YGR034W,4,Upregulated,3. Brazilian bioethanol
GO:1902600,proton transmembrane transport,3/22,81/5244,0.037037037037037035,8.828282828282827,4.608300493134056,0.004424619493571466,0.03328352114530762,0.024024195713906252,YPL234C/YEL027W/YHR026W,3,Upregulated,3. Brazilian bioethanol
GO:0042255,ribosome assembly,3/22,82/5244,0.036585365853658534,8.720620842572062,4.573334700872529,0.004580192061415647,0.03328352114530762,0.024024195713906252,YDR447C/YOL127W/YOL121C,3,Upregulated,3. Brazilian bioethanol
GO:0000028,ribosomal small subunit assembly,2/22,25/5244,0.08,19.069090909090907,5.877538659100933,0.004754788735043945,0.03328352114530762,0.024024195713906252,YDR447C/YOL121C,2,Upregulated,3. Brazilian bioethanol
GO:0045229,external encapsulating structure organization,9/46,186/5244,0.04838709677419355,5.516129032258064,5.899077591679289,2.5898146771256927e-5,0.006332096885572318,0.006065618585899649,YOR247W/YLR342W/YLR413W/YMR215W/YMR305C/YBR078W/YEL040W/YIL123W/YFL039C,9,Upregulated,5. French dairy
GO:0071555,cell wall organization,9/46,186/5244,0.04838709677419355,5.516129032258064,5.899077591679289,2.5898146771256927e-5,0.006332096885572318,0.006065618585899649,YOR247W/YLR342W/YLR413W/YMR215W/YMR305C/YBR078W/YEL040W/YIL123W/YFL039C,9,Upregulated,5. French dairy
GO:0071852,fungal-type cell wall organization or biogenesis,8/46,162/5244,0.04938271604938271,5.629629629629629,5.63037255929349,6.694875430178302e-5,0.010912646951190631,0.010453401987471383,YOR247W/YLR342W/YLR413W/YMR215W/YBR078W/YEL040W/YIL123W/YFL039C,8,Upregulated,5. French dairy
GO:0071554,cell wall organization or biogenesis,9/46,222/5244,0.04054054054054054,4.621621621621622,5.186709380245964,1.0401827503526979e-4,0.012716234123061733,0.012181087471235544,YOR247W/YLR342W/YLR413W/YMR215W/YMR305C/YBR078W/YEL040W/YIL123W/YFL039C,9,Upregulated,5. French dairy
GO:0031505,fungal-type cell wall organization,7/46,142/5244,0.04929577464788732,5.619718309859154,5.249768433482614,2.0354432464498993e-4,0.019906634950280014,0.019068889361478006,YOR247W/YLR413W/YMR215W/YBR078W/YEL040W/YIL123W/YFL039C,7,Upregulated,5. French dairy
GO:0006614,SRP-dependent cotranslational protein targeting to membrane,3/46,19/5244,0.15789473684210525,18,6.982859142363658,5.54883982239444e-4,0.04522304455251469,0.04331988984150046,YOR254C/YLL024C/YLR378C,3,Upregulated,5. French dairy
GO:0002181,cytoplasmic translation,23/44,166/5244,0.13855421686746988,16.513143483023,18.681945482401343,7.907663975927561e-24,1.9531930020541076e-21,1.5232657974681512e-21,YDR418W/YDR450W/YDR471W/YOR293W/YGR034W/YLL045C/YLR075W/YLR441C/YPL237W/YPL079W/YPR102C/YML026C/YML024W/YBR084C-A/YNL096C/YJL191W/YJL190C/YJL177W/YKL056C/YEL054C/YER117W/YHR010W/YIL018W,23,Downregulated,5. French dairy
GO:0006412,translation,30/44,451/5244,0.06651884700665188,7.927837129610965,14.154574571452441,1.616974493709979e-22,1.996963499731824e-20,1.5574017492048746e-20,YDR418W/YDR450W/YDR471W/YOL121C/YOR276W/YOR293W/YGR034W/YLL045C/YLR075W/YLR441C/YPL237W/YPL079W/YPR102C/YPR132W/YML026C/YML024W/YBL072C/YBR048W/YBR084C-A/YNL302C/YNL096C/YJL191W/YJL190C/YJL177W/YKL056C/YEL054C/YER117W/YHR010W/YIL018W/YAL003W,30,Downregulated,5. French dairy
GO:0042254,ribosome biogenesis,19/44,400/5244,0.0475,5.661136363636364,8.921427125526016,9.134996779464743e-11,7.521147348425971e-9,5.86562951102473e-9,YDR418W/YDR450W/YOL121C/YOR293W/YGR034W/YLL045C/YLR075W/YLR441C/YPR102C/YPR132W/YML026C/YML024W/YBL072C/YBR048W/YNL302C/YNL096C/YJL191W/YJL177W/YEL054C,19,Downregulated,5. French dairy
GO:0022613,ribonucleoprotein complex biogenesis,20/44,477/5244,0.041928721174004195,4.997141223556318,8.421718125060114,2.2747657190038909e-10,1.4046678314849025e-8,1.0954792804676632e-8,YDR418W/YDR450W/YOL121C/YOR293W/YGR034W/YLL045C/YLR075W/YLR441C/YPL237W/YPR102C/YPR132W/YML026C/YML024W/YBL072C/YBR048W/YNL302C/YNL096C/YJL191W/YJL177W/YEL054C,20,Downregulated,5. French dairy
GO:0042274,ribosomal small subunit biogenesis,11/44,140/5244,0.07857142857142857,9.364285714285714,9.226821940409739,1.1961201561649927e-8,5.908833571455064e-7,4.608210285856708e-7,YDR450W/YOL121C/YLR441C/YPR132W/YML026C/YML024W/YBL072C/YBR048W/YNL302C/YNL096C/YJL191W,11,Downregulated,5. French dairy
GO:0042255,ribosome assembly,9/44,82/5244,0.10975609756097561,13.080931263858094,10.141750793786237,1.626374288944026e-8,6.695240822819574e-7,5.221517453978189e-7,YDR418W/YOL121C/YLR075W/YPR102C/YML024W/YBR048W/YNL302C/YJL191W/YEL054C,9,Downregulated,5. French dairy
GO:0022618,protein-RNA complex assembly,10/44,165/5244,0.06060606060606061,7.223140495867768,7.470971279437784,7.133554322839398e-7,2.5171255967733303e-5,1.9630683324505412e-5,YDR418W/YOL121C/YLR075W/YPL237W/YPR102C/YML024W/YBR048W/YNL302C/YJL191W/YEL054C,10,Downregulated,5. French dairy
GO:0140694,membraneless organelle assembly,10/44,168/5244,0.05952380952380952,7.094155844155844,7.384515145431812,8.431273255017739e-7,2.6031556174867268e-5,2.030161849563482e-5,YDR418W/YOL121C/YOR276W/YLR075W/YPR102C/YML024W/YBR048W/YNL302C/YJL191W/YEL054C,10,Downregulated,5. French dairy
GO:0071826,protein-RNA complex organization,10/44,172/5244,0.05813953488372093,6.929175475687103,7.27249614832555,1.0481029706604152e-6,2.876460375034695e-5,2.2433081126415905e-5,YDR418W/YOL121C/YLR075W/YPL237W/YPR102C/YML024W/YBR048W/YNL302C/YJL191W/YEL054C,10,Downregulated,5. French dairy
GO:0000028,ribosomal small subunit assembly,5/44,25/5244,0.2,23.836363636363636,10.527321858465854,1.5446399113381206e-6,3.8152605810051575e-5,2.9754642502618532e-5,YOL121C/YML024W/YBR048W/YNL302C/YJL191W,5,Downregulated,5. French dairy
GO:0070925,organelle assembly,10/44,212/5244,0.04716981132075472,5.621783876500857,6.318614251600018,7.006093452722598e-6,1.5731864389295289e-4,1.226904403682522e-4,YDR418W/YOL121C/YOR276W/YLR075W/YPR102C/YML024W/YBR048W/YNL302C/YJL191W/YEL054C,10,Downregulated,5. French dairy
GO:0000462,"maturation of SSU-rRNA from tricistronic rRNA transcript (SSU-rRNA, 5.8S rRNA, LSU-rRNA)",7/44,101/5244,0.06930693069306931,8.26012601260126,6.776589503339654,1.7042916523359123e-5,3.508000317724753e-4,2.735836599802386e-4,YDR450W/YLR441C/YPR132W/YML026C/YBL072C/YBR048W/YJL191W,7,Downregulated,5. French dairy
GO:0009152,purine ribonucleotide biosynthetic process,5/44,43/5244,0.11627906976744186,13.858350951374206,7.787367516693494,2.5021546901174666e-05,4.7540939112231866e-4,3.7076462209837763e-4,YDR399W/YPR020W/YMR217W/YNL220W/YKL016C,5,Downregulated,5. French dairy
GO:0030490,maturation of SSU-rRNA,7/44,115/5244,0.06086956521739131,7.254545454545454,6.237964789102943,3.978241608114043e-5,7.018754837172632e-4,5.473821160036615e-4,YDR450W/YLR441C/YPR132W/YML026C/YBL072C/YBR048W/YJL191W,7,Downregulated,5. French dairy
GO:0042273,ribosomal large subunit biogenesis,7/44,125/5244,0.056,6.674181818181818,5.905821068789169,6.802036965906959e-5,0.001120068753719346,8.735247472006833e-4,YDR418W/YGR034W/YLL045C/YLR075W/YPR102C/YJL177W/YEL054C,7,Downregulated,5. French dairy
GO:0006364,rRNA processing,10/44,287/5244,0.03484320557491289,4.152676591700982,5.052723190136634,9.708619327379439e-5,0.0014495502993327723,0.001130482440988269,YDR450W/YLL045C/YLR441C/YPR132W/YML026C/YBL072C/YBR048W/YNL096C/YJL191W/YJL177W,10,Downregulated,5. French dairy
GO:0009260,ribonucleotide biosynthetic process,5/44,57/5244,0.08771929824561403,10.454545454545455,6.60137726676652,9.976661979213413e-5,0.0014495502993327723,0.001130482440988269,YDR399W/YPR020W/YMR217W/YNL220W/YKL016C,5,Downregulated,5. French dairy
GO:0046390,ribose phosphate biosynthetic process,5/44,63/5244,0.07936507936507936,9.458874458874458,6.212846924428496,1.6134717858192559e-4,0.0022140418394297565,0.001726697876052186,YDR399W/YPR020W/YMR217W/YNL220W/YKL016C,5,Downregulated,5. French dairy
GO:0006164,purine nucleotide biosynthetic process,5/44,65/5244,0.07692307692307693,9.167832167832168,6.094739157205639,1.8726394693424587e-4,0.0024344313101451963,0.0018985763040978946,YDR399W/YPR020W/YMR217W/YNL220W/YKL016C,5,Downregulated,5. French dairy
GO:0000054,ribosomal subunit export from nucleus,5/44,69/5244,0.07246376811594203,8.636363636363637,5.873142854810104,2.4853952969105755e-4,0.0030694631916845607,0.0023938281017612385,YDR450W/YOL121C/YOR293W/YML026C/YNL302C,5,Downregulated,5. French dairy
GO:0033750,ribosome localization,5/44,70/5244,0.07142857142857142,8.512987012987013,5.820536824593625,2.660002544122242e-4,0.0031286696590390184,0.002440002333706117,YDR450W/YOL121C/YOR293W/YML026C/YNL302C,5,Downregulated,5. French dairy
GO:0009150,purine ribonucleotide metabolic process,5/44,73/5244,0.0684931506849315,8.16313823163138,5.668812446781123,3.2402192627849886e-4,0.003637882535944964,0.0028371297851179566,YDR399W/YPR020W/YMR217W/YNL220W/YKL016C,5,Downregulated,5. French dairy
GO:0016072,rRNA metabolic process,10/44,344/5244,0.029069767441860465,3.4645877378435515,4.349507258577864,4.3000944583795235e-4,0.0046179275270423585,0.00360145210930642,YDR450W/YLL045C/YLR441C/YPR132W/YML026C/YBL072C/YBR048W/YNL096C/YJL191W/YJL177W,10,Downregulated,5. French dairy
GO:0000027,ribosomal large subunit assembly,4/44,46/5244,0.08695652173913043,10.363636363636363,5.867051671436359,5.444856615965184e-4,0.005603664933930835,0.004370213862814162,YDR418W/YLR075W/YPR102C/YEL054C,4,Downregulated,5. French dairy
GO:0051168,nuclear export,6/44,131/5244,0.04580152671755725,5.458709229701596,4.7535875601250925,7.014584139689013e-4,0.006557782609083759,0.005114315863892299,YDL084W/YDR450W/YOL121C/YOR293W/YML026C/YNL302C,6,Downregulated,5. French dairy
GO:0072522,purine-containing compound biosynthetic process,5/44,87/5244,0.05747126436781609,6.8495297805642625,5.0605370897452016,7.307177062167126e-4,0.006557782609083759,0.005114315863892299,YDR399W/YPR020W/YMR217W/YNL220W/YKL016C,5,Downregulated,5. French dairy
GO:0009127,purine nucleoside monophosphate biosynthetic process,3/44,22/5244,0.13636363636363635,16.252066115702476,6.593806239700017,7.594563430037934e-4,0.006557782609083759,0.005114315863892299,YDR399W/YMR217W/YNL220W,3,Downregulated,5. French dairy
GO:0009168,purine ribonucleoside monophosphate biosynthetic process,3/44,22/5244,0.13636363636363635,16.252066115702476,6.593806239700017,7.594563430037934e-4,0.006557782609083759,0.005114315863892299,YDR399W/YMR217W/YNL220W,3,Downregulated,5. French dairy
GO:0009259,ribonucleotide metabolic process,5/44,88/5244,0.056818181818181816,6.771694214876033,5.0223016184116345,7.699420877061903e-4,0.006557782609083759,0.005114315863892299,YDR399W/YPR020W/YMR217W/YNL220W/YKL016C,5,Downregulated,5. French dairy
GO:0019693,ribose phosphate metabolic process,5/44,95/5244,0.05263157894736842,6.2727272727272725,4.770350176576486,0.0010903185787601848,0.008602572020487004,0.006709016321112813,YDR399W/YPR020W/YMR217W/YNL220W/YKL016C,5,Downregulated,5. French dairy
GO:0009126,purine nucleoside monophosphate metabolic process,3/44,25/5244,0.12,14.30181818181818,6.13199735004269,0.0011145032577149156,0.008602572020487004,0.006709016321112813,YDR399W/YMR217W/YNL220W,3,Downregulated,5. French dairy
GO:0009167,purine ribonucleoside monophosphate metabolic process,3/44,25/5244,0.12,14.30181818181818,6.13199735004269,0.0011145032577149156,0.008602572020487004,0.006709016321112813,YDR399W/YMR217W/YNL220W,3,Downregulated,5. French dairy
GO:0009165,nucleotide biosynthetic process,5/44,97/5244,0.05154639175257732,6.143392689784442,4.702979238779346,0.0011977796596442701,0.008965199270670748,0.00699182385055507,YDR399W/YPR020W/YMR217W/YNL220W/YKL016C,5,Downregulated,5. French dairy
GO:0031503,protein-containing complex localization,5/44,112/5244,0.044642857142857144,5.320616883116883,4.251341978831244,0.0022718185179869447,0.016504093351258096,0.01287129377063811,YDR450W/YOL121C/YOR293W/YML026C/YNL302C,5,Downregulated,5. French dairy
GO:1901293,nucleoside phosphate biosynthetic process,5/44,125/5244,0.04,4.767272727272727,3.921065513500115,0.0036641714909412797,0.0246142422594405,0.019196276724814026,YDR399W/YPR020W/YMR217W/YNL220W/YKL016C,5,Downregulated,5. French dairy
GO:0006913,nucleocytoplasmic transport,6/44,181/5244,0.03314917127071823,3.950778503264691,3.7160926209870673,0.003687153698782585,0.0246142422594405,0.019196276724814026,YDL084W/YDR450W/YOL121C/YOR293W/YML026C/YNL302C,6,Downregulated,5. French dairy
GO:0051169,nuclear transport,6/44,181/5244,0.03314917127071823,3.950778503264691,3.7160926209870673,0.003687153698782585,0.0246142422594405,0.019196276724814026,YDL084W/YDR450W/YOL121C/YOR293W/YML026C/YNL302C,6,Downregulated,5. French dairy
GO:0009156,ribonucleoside monophosphate biosynthetic process,3/44,38/5244,0.07894736842105263,9.409090909090908,4.785235977431624,0.003788804303412466,0.024627227972181028,0.019206404086550728,YDR399W/YMR217W/YNL220W,3,Downregulated,5. French dairy
GO:0006163,purine nucleotide metabolic process,5/44,130/5244,0.038461538461538464,4.583916083916084,3.805955813135284,0.004335688459435591,0.027459360243092076,0.02141514137858875,YDR399W/YPR020W/YMR217W/YNL220W/YKL016C,5,Downregulated,5. French dairy
GO:1902600,proton transmembrane transport,4/44,81/5244,0.04938271604938271,5.885521885521885,4.075838856805554,0.004486427673021604,0.027667771390583098,0.021577678092805055,YDR345C/YPR020W/YBR187W/YKL016C,4,Downregulated,5. French dairy
GO:0009124,nucleoside monophosphate biosynthetic process,3/44,41/5244,0.07317073170731707,8.720620842572062,4.564905964005292,0.004704641289087004,0.027667771390583098,0.021577678092805055,YDR399W/YMR217W/YNL220W,3,Downregulated,5. French dairy
GO:0009161,ribonucleoside monophosphate metabolic process,3/44,41/5244,0.07317073170731707,8.720620842572062,4.564905964005292,0.004704641289087004,0.027667771390583098,0.021577678092805055,YDR399W/YMR217W/YNL220W,3,Downregulated,5. French dairy
GO:0046040,IMP metabolic process,2/44,13/5244,0.15384615384615385,18.335664335664337,5.756180457781776,0.005061223789232901,0.02907261106838434,0.02267329139362597,YDR399W/YNL220W,2,Downregulated,5. French dairy
GO:0006754,ATP biosynthetic process,2/44,17/5244,0.11764705882352941,14.021390374331549,4.946182823342126,0.008638896827285856,0.046560514132876055,0.036311843538531084,YPR020W/YKL016C,2,Downregulated,5. French dairy
GO:0015986,proton motive force-driven ATP synthesis,2/44,17/5244,0.11764705882352941,14.021390374331549,4.946182823342126,0.008638896827285856,0.046560514132876055,0.036311843538531084,YPR020W/YKL016C,2,Downregulated,5. French dairy
GO:0009123,nucleoside monophosphate metabolic process,3/44,51/5244,0.058823529411764705,7.0106951871657746,3.9674843902243717,0.00867118886685141,0.046560514132876055,0.036311843538531084,YDR399W/YMR217W/YNL220W,3,Downregulated,5. French dairy
GO:0098754,detoxification,2/5,47/5244,0.0425531914893617,44.62978723404255,9.281248428433674,7.729290833215637e-4,0.015816845001695078,0.005907819864809707,YDR406W/YKL086W,2,Upregulated,7. Mosaic beer
GO:0009636,response to toxic substance,2/5,54/5244,0.037037037037037035,38.84444444444444,8.635074065260858,0.0010204416130125855,0.015816845001695078,0.005907819864809707,YDR406W/YKL086W,2,Upregulated,7. Mosaic beer
GO:0034599,cellular response to oxidative stress,2/5,103/5244,0.019417475728155338,20.36504854368932,6.131463287167859,0.0036760053740244767,0.030960825796287984,0.011564315238002304,YDL124W/YKL086W,2,Upregulated,7. Mosaic beer
GO:0006979,response to oxidative stress,2/5,114/5244,0.017543859649122806,18.4,5.802213740538624,0.004488285831551205,0.030960825796287984,0.011564315238002304,YDL124W/YKL086W,2,Upregulated,7. Mosaic beer
GO:0042221,response to chemical,3/5,435/5244,0.006896551724137931,7.2331034482758625,4.193458085417921,0.004993681580046449,0.030960825796287984,0.011564315238002304,YDL124W/YDR406W/YKL086W,3,Upregulated,7. Mosaic beer
GO:0062197,cellular response to chemical stress,2/5,148/5244,0.013513513513513514,14.172972972972975,5.021699034867513,0.007481213796710431,0.03865293794967056,0.014437430134002586,YDL124W/YKL086W,2,Upregulated,7. Mosaic beer
GO:0009313,oligosaccharide catabolic process,1/5,10/5244,0.1,104.88,10.157008446446563,0.009502022187169334,0.04208038397174991,0.01571763068554326,YGR287C,1,Upregulated,7. Mosaic beer
GO:0042908,xenobiotic transport,1/5,13/5244,0.07692307692307693,80.67692307692309,8.885105774478266,0.012338498130366471,0.047811680255170075,0.017858352557109367,YDR406W,1,Upregulated,7. Mosaic beer
GO:0170034,L-amino acid biosynthetic process,33/519,104/5244,0.3173076923076923,3.2060915962650065,7.530630722907772,4.5036932126813513e-10,4.33222901080618e-7,3.766004594223079e-7,YDL182W/YDL131W/YDR034C/YDR234W/YOL064C/YOR375C/YGL125W/YGL026C/YGL009C/YGR204W/YLR303W/YPR167C/YMR108W/YBR115C/YBR248C/YNL277W/YNR050C/YJL200C/YJL071W/YJR016C/YJR139C/YKL001C/YKR069W/YER090W/YER091C/YHR018C/YHR208W/YIL094C/YIL074C/YIR017C/YIR034C/YCL018W/YFR025C,33,Upregulated,8. Mixed origin
GO:0009067,aspartate family amino acid biosynthetic process,21/519,48/5244,0.4375,4.420520231213873,7.889526010672844,9.444673016543198e-10,4.33222901080618e-7,3.766004594223079e-7,YDL182W/YDL131W/YDR034C/YDR234W/YOL064C/YGL125W/YGR204W/YLR303W/YPR167C/YBR115C/YNL277W/YNR050C/YJL200C/YJR139C/YKL001C/YKR069W/YER091C/YHR208W/YIL094C/YIR017C/YIR034C,21,Upregulated,8. Mixed origin
GO:0000747,conjugation with cellular fusion,32/519,102/5244,0.3137254901960784,3.1698968604782953,7.334083370999845,1.1541144157784888e-9,4.33222901080618e-7,3.766004594223079e-7,YDR085C/YDR103W/YDR264C/YDR461W/YOR212W/YGL162W/YGR279C/YLL043W/YLR238W/YLR452C/YPL192C/YPR075C/YPR122W/YMR029C/YMR065W/YMR198W/YMR232W/YBR081C/YBR200W/YNL053W/YNR044W/YJR117W/YKL116C/YHR005C/YHR084W/YIL015W/YCL055W/YCL014W/YCR009C/YCR089W/YFL026W/YFR022W,32,Upregulated,8. Mixed origin
GO:0170038,proteinogenic amino acid biosynthetic process,33/519,108/5244,0.3055555555555556,3.0873474630700066,7.263849207995154,1.3555703767827093e-9,4.33222901080618e-7,3.766004594223079e-7,YDL182W/YDL131W/YDR034C/YDR234W/YOL064C/YOR375C/YGL125W/YGL026C/YGL009C/YGR204W/YLR303W/YPR167C/YMR108W/YBR115C/YBR248C/YNL277W/YNR050C/YJL200C/YJL071W/YJR016C/YJR139C/YKL001C/YKR069W/YER090W/YER091C/YHR018C/YHR208W/YIL094C/YIL074C/YIR017C/YIR034C/YCL018W/YFR025C,33,Upregulated,8. Mixed origin
GO:0009066,aspartate family amino acid metabolic process,23/519,58/5244,0.39655172413793105,4.006776958341638,7.630827838421538,1.571926346446364e-9,4.33222901080618e-7,3.766004594223079e-7,YDL182W/YDL131W/YDR034C/YDR234W/YOL064C/YGL125W/YGR204W/YLR303W/YPR167C/YBR115C/YNL277W/YNR050C/YJL200C/YJR139C/YKL106W/YKL001C/YKR069W/YER086W/YER091C/YHR208W/YIL094C/YIR017C/YIR034C,23,Upregulated,8. Mixed origin
GO:1901607,alpha-amino acid biosynthetic process,34/519,115/5244,0.2956521739130435,2.98728323699422,7.141098791250244,1.9935821093795345e-9,4.578593577874997e-7,3.980169193813878e-7,YDL182W/YDL131W/YDR034C/YDR234W/YOL064C/YOR375C/YGL125W/YGL026C/YGL009C/YGR204W/YLR303W/YPR167C/YMR108W/YBR115C/YBR248C/YNL277W/YNR050C/YJL200C/YJL071W/YJR016C/YJR139C/YKL001C/YKR069W/YER086W/YER090W/YER091C/YHR018C/YHR208W/YIL094C/YIL074C/YIR017C/YIR034C/YCL018W/YFR025C,34,Upregulated,8. Mixed origin
GO:0170033,L-amino acid metabolic process,38/519,141/5244,0.2695035460992908,2.7230762923789613,6.873437382716533,4.019837575547757e-9,7.913337398721156e-7,6.879060392441125e-7,YDL182W/YDL131W/YDR034C/YDR234W/YOL064C/YOR375C/YGL125W/YGL026C/YGL009C/YGR204W/YLR134W/YLR303W/YPR167C/YMR108W/YBR115C/YBR248C/YNL277W/YNR050C/YJL200C/YJL071W/YJL060W/YJR016C/YJR139C/YKL106W/YKL015W/YKL001C/YKR069W/YER086W/YER090W/YER091C/YHR018C/YHR208W/YIL094C/YIL074C/YIR017C/YIR034C/YCL018W/YFR025C,38,Upregulated,8. Mixed origin
GO:0008652,amino acid biosynthetic process,34/519,123/5244,0.2764227642276423,2.7929883923116687,6.668456878217253,1.354573296538716e-8,2.333252503287938e-6,2.0282952782382354e-6,YDL182W/YDL131W/YDR034C/YDR234W/YOL064C/YOR375C/YGL125W/YGL026C/YGL009C/YGR204W/YLR303W/YPR167C/YMR108W/YBR115C/YBR248C/YNL277W/YNR050C/YJL200C/YJL071W/YJR016C/YJR139C/YKL001C/YKR069W/YER086W/YER090W/YER091C/YHR018C/YHR208W/YIL094C/YIL074C/YIR017C/YIR034C/YCL018W/YFR025C,34,Upregulated,8. Mixed origin
GO:0170039,proteinogenic amino acid metabolic process,37/519,143/5244,0.25874125874125875,2.6143336432353776,6.486439265672625,2.153435004615263e-8,3.297148262622036e-6,2.8662093979557537e-6,YDL182W/YDL131W/YDR034C/YDR234W/YOL064C/YOR375C/YGL125W/YGL026C/YGL009C/YGR204W/YLR134W/YLR303W/YPR167C/YMR108W/YBR115C/YBR248C/YNL277W/YNR050C/YJL200C/YJL071W/YJR016C/YJR139C/YKL106W/YKL015W/YKL001C/YKR069W/YER086W/YER090W/YER091C/YHR018C/YHR208W/YIL094C/YIL074C/YIR017C/YIR034C/YCL018W/YFR025C,37,Upregulated,8. Mixed origin
GO:1901605,alpha-amino acid metabolic process,39/519,157/5244,0.2484076433121019,2.5099223150841277,6.365701389704221,3.007517734481148e-8,4.144359438115022e-6,3.60268966509426e-6,YDL182W/YDL131W/YDR034C/YDR234W/YOL064C/YOR375C/YGL125W/YGL026C/YGL009C/YGR204W/YLR134W/YLR303W/YPR167C/YMR108W/YBR115C/YBR248C/YNL277W/YNR050C/YJL200C/YJL071W/YJL060W/YJR016C/YJR139C/YKL106W/YKL015W/YKL001C/YKR069W/YER086W/YER090W/YER091C/YHR018C/YHR112C/YHR208W/YIL094C/YIL074C/YIR017C/YIR034C/YCL018W/YFR025C,39,Upregulated,8. Mixed origin
GO:0000103,sulfate assimilation,8/519,10/5244,0.8,8.083236994219654,7.429979492644109,3.290391362322056e-7,4.121962997527084e-5,3.583220450069378e-5,YOL064C/YPR167C/YBR213W/YJR010W/YJR137C/YKL001C/YKR069W/YFR030W,8,Upregulated,8. Mixed origin
GO:0019878,lysine biosynthetic process via aminoadipic acid,9/519,13/5244,0.6923076923076923,6.995108937305469,7.172145585063784,4.2396879802508815e-7,4.868575030654762e-5,4.232249931162723e-5,YDL182W/YDL131W/YDR034C/YDR234W/YBR115C/YNR050C/YJL200C/YIL094C/YIR034C,9,Upregulated,8. Mixed origin
GO:0016053,organic acid biosynthetic process,40/519,185/5244,0.21621621621621623,2.184658647086393,5.436500779603661,1.091819840191361e-6,1.0746626712740683e-4,9.342037429607287e-5,YDL182W/YDL131W/YDR034C/YDR234W/YOL064C/YOR375C/YGL125W/YGL026C/YGL009C/YGR204W/YLR303W/YLR380W/YPR167C/YMR108W/YMR207C/YBR115C/YBR248C/YNL277W/YNR050C/YJL200C/YJL071W/YJL060W/YJR016C/YJR137C/YJR139C/YKL001C/YKR069W/YER061C/YER086W/YER090W/YER091C/YHR018C/YHR063C/YHR208W/YIL094C/YIL074C/YIR017C/YIR034C/YCL018W/YFR025C,40,Upregulated,8. Mixed origin
GO:0046394,carboxylic acid biosynthetic process,40/519,185/5244,0.21621621621621623,2.184658647086393,5.436500779603661,1.091819840191361e-6,1.0746626712740683e-4,9.342037429607287e-5,YDL182W/YDL131W/YDR034C/YDR234W/YOL064C/YOR375C/YGL125W/YGL026C/YGL009C/YGR204W/YLR303W/YLR380W/YPR167C/YMR108W/YMR207C/YBR115C/YBR248C/YNL277W/YNR050C/YJL200C/YJL071W/YJL060W/YJR016C/YJR137C/YJR139C/YKL001C/YKR069W/YER061C/YER086W/YER090W/YER091C/YHR018C/YHR063C/YHR208W/YIL094C/YIL074C/YIR017C/YIR034C/YCL018W/YFR025C,40,Upregulated,8. Mixed origin
GO:0019236,response to pheromone,23/519,79/5244,0.2911392405063291,2.9416843491622156,5.762749133507952,1.1745126704449758e-6,1.078985639915451e-4,9.379616975202684e-5,YDR103W/YDR264C/YDR410C/YDR461W/YOR212W/YLR238W/YLR452C/YPL161C/YPL049C/YPR075C/YMR029C/YNL298W/YNL053W/YNR044W/YJR117W/YKL209C/YKL116C/YHR005C/YHR084W/YIL015W/YCR089W/YFL026W/YFR022W,23,Upregulated,8. Mixed origin
GO:0009085,lysine biosynthetic process,9/519,15/5244,0.6,6.06242774566474,6.506805838695369,2.471935443049818e-6,2.1289544003266558e-4,1.850699035651772e-4,YDL182W/YDL131W/YDR034C/YDR234W/YBR115C/YNR050C/YJL200C/YIL094C/YIR034C,9,Upregulated,8. Mixed origin
GO:0000096,sulfur amino acid metabolic process,16/519,45/5244,0.35555555555555557,3.5925497752087345,5.788234971299785,2.8532771396745614e-6,2.3128328814538504e-4,2.0105445108047377e-4,YDR253C/YOL064C/YGL125W/YGR204W/YLR303W/YPR167C/YNL277W/YJR010W/YJR137C/YJR139C/YKL001C/YKR069W/YER091C/YHR112C/YHR208W/YIR017C,16,Upregulated,8. Mixed origin
GO:0006553,lysine metabolic process,9/519,16/5244,0.5625,5.683526011560693,6.21781562374007,5.157224616627505e-6,3.9481419565070566e-4,3.432117902761463e-4,YDL182W/YDL131W/YDR034C/YDR234W/YBR115C/YNR050C/YJL200C/YIL094C/YIR034C,9,Upregulated,8. Mixed origin
GO:0000910,cytokinesis,26/519,104/5244,0.25,2.5260115606936417,5.20913526978121,5.667565154662292e-6,4.1104762016445467e-4,3.57323498393667e-4,YDR245W/YOR326W/YGR014W/YGR092W/YLR084C/YLR337C/YLR353W/YPL242C/YPL066W/YPR122W/YPR165W/YPR188C/YML064C/YMR232W/YBL047C/YNL116W/YNL078W/YJR092W/YKR042W/YHR023W/YIL140W/YIL135C/YIL106W/YCL014W/YCR038C/YAR014C,26,Upregulated,8. Mixed origin
GO:0016192,vesicle-mediated transport,71/519,439/5244,0.16173120728929385,1.6341395973507842,4.599844368806077,1.1541486566876784e-5,7.952084244578105e-4,6.91274300689778e-4,YDL231C/YDL161W/YDL137W/YDL126C/YDL099W/YDL091C/YDL072C/YDR003W/YDR100W/YDR126W/YDR264C/YOL129W/YOL062C/YOL018C/YOR036W/YOR070C/YOR109W/YOR164C/YOR223W/YOR256C/YOR311C/YOR326W/YGL223C/YGL198W/YGR284C/YLR268W/YLR337C/YLR380W/YLR417W/YPL232W/YPL204W/YPR095C/YPR165W/YML052W/YMR004W/YMR171C/YMR231W/YMR275C/YBL101C/YBL047C/YBL017C/YBR080C/YNL265C/YNL263C/YNL106C/YNL047C/YJL204C/YJR033C/YKL196C/YKL135C/YKL126W/YKR088C/YER122C/YHL002W/YHR108W/YHR142W/YIL105C/YIL048W/YCL008C/YCR009C/YCR028C/YCR030C/YCR032W/YCR067C/YCR094W/YFL048C/YFL027C/YFR022W/YAL029C/YAL026C/YAR014C,71,Upregulated,8. Mixed origin
GO:0000097,sulfur amino acid biosynthetic process,13/519,35/5244,0.37142857142857144,3.752931461601982,5.4153302128710195,1.4318236796445786e-5,9.395490621667759e-4,8.167495475867322e-4,YOL064C/YGL125W/YGR204W/YLR303W/YPR167C/YNL277W/YJR137C/YJR139C/YKL001C/YKR069W/YER091C/YHR208W/YIR017C,13,Upregulated,8. Mixed origin
GO:0009086,methionine biosynthetic process,12/519,31/5244,0.3870967741935484,3.911243706880477,5.38751197584686,1.8860930547401954e-5,0.0011813801042872677,0.001026973156121695,YOL064C/YGL125W/YGR204W/YLR303W/YPR167C/YNL277W/YJR139C/YKL001C/YKR069W/YER091C/YHR208W/YIR017C,12,Upregulated,8. Mixed origin
GO:0022414,reproductive process,67/519,415/5244,0.1614457831325301,1.6312556584720384,4.4409249222311145,2.2280482179129615e-5,0.001334891497514809,0.0011604205363775516,YDL160C-A/YDR075W/YDR085C/YDR103W/YDR146C/YDR264C/YDR461W/YOL069W/YOR035C/YOR212W/YOR229W/YGL250W/YGL194C/YGL162W/YGR279C/YLL043W/YLR035C/YLR084C/YLR189C/YLR238W/YLR337C/YLR452C/YPL232W/YPL204W/YPL192C/YPR075C/YPR122W/YPR165W/YML052W/YMR029C/YMR065W/YMR198W/YMR232W/YMR238W/YBR023C/YBR057C/YBR073W/YBR081C/YBR200W/YNL126W/YNL078W/YNL053W/YNR044W/YJR092W/YJR117W/YKL189W/YKL116C/YKR089C/YEL072W/YEL032W/YHR005C/YHR084W/YHR119W/YIL140W/YIL015W/YIR002C/YCL055W/YCL014W/YCR009C/YCR038C/YCR086W/YCR089W/YCR097W/YFL026W/YFR022W/YFR039C/YAL029C,67,Upregulated,8. Mixed origin
GO:0006520,amino acid metabolic process,42/519,225/5244,0.18666666666666668,1.8860886319845858,4.502280278101156,2.9748234567822797e-5,0.0017080444681024922,0.0014848022341308047,YDL182W/YDL170W/YDL131W/YDR034C/YDR234W/YOL064C/YOR375C/YGL125W/YGL026C/YGL009C/YGR019W/YGR204W/YLR134W/YLR303W/YPR167C/YML076C/YMR108W/YBR115C/YBR248C/YNL277W/YNR050C/YJL200C/YJL071W/YJL060W/YJR016C/YJR139C/YKL106W/YKL015W/YKL001C/YKR069W/YER086W/YER090W/YER091C/YHR018C/YHR112C/YHR208W/YIL094C/YIL074C/YIR017C/YIR034C/YCL018W/YFR025C,42,Upregulated,8. Mixed origin
GO:0006897,endocytosis,28/519,127/5244,0.2204724409448819,2.227663738564471,4.641370970742387,3.1969397242499784e-5,0.001762153176006588,0.0015318389078722004,YDL231C/YDL161W/YDL091C/YDR264C/YOL062C/YOL018C/YOR109W/YOR223W/YOR326W/YLR337C/YPL204W/YPR165W/YML052W/YMR275C/YBL101C/YBL047C/YNL106C/YJL204C/YKL126W/YIL048W/YCR009C/YCR028C/YCR030C/YCR032W/YCR094W/YFR022W/YAL029C/YAL026C,28,Upregulated,8. Mixed origin
GO:0098657,import into cell,31/519,151/5244,0.2052980132450331,2.0743406193775598,4.4393187897181505,5.3218840382721526e-5,0.002820598540284241,0.00245194495366547,YDL231C/YDL161W/YDL091C/YDR264C/YOL062C/YOL018C/YOR087W/YOR109W/YOR223W/YOR326W/YLR337C/YPL204W/YPR165W/YML052W/YMR275C/YBL101C/YBL047C/YBR041W/YNL106C/YJL204C/YKL126W/YHL036W/YIL048W/YCR009C/YCR028C/YCR030C/YCR032W/YCR094W/YFR022W/YAL029C/YAL026C,31,Upregulated,8. Mixed origin
GO:0006555,methionine metabolic process,12/519,34/5244,0.35294117647058826,3.566133968038083,4.974765613172403,5.5487200435902135e-5,0.002831902303728635,0.002461771309787783,YOL064C/YGL125W/YGR204W/YLR303W/YPR167C/YNL277W/YJR139C/YKL001C/YKR069W/YER091C/YHR208W/YIR017C,12,Upregulated,8. Mixed origin
GO:0019752,carboxylic acid metabolic process,55/519,333/5244,0.16516516516516516,1.6688364665243278,4.179552596522438,6.831948867936877e-5,0.003181740762142584,0.0027658857133284406,YDL182W/YDL170W/YDL131W/YDR034C/YDR234W/YDR253C/YOL064C/YOR375C/YGL125W/YGL062W/YGL026C/YGL009C/YGR019W/YGR204W/YLR134W/YLR303W/YLR380W/YPR167C/YML076C/YMR108W/YMR207C/YBR041W/YBR115C/YBR248C/YNL277W/YNR050C/YJL200C/YJL071W/YJL060W/YJR010W/YJR016C/YJR137C/YJR139C/YKL106W/YKL015W/YKL001C/YKR069W/YER061C/YER086W/YER090W/YER091C/YHR018C/YHR063C/YHR112C/YHR183W/YHR208W/YIL094C/YIL074C/YIR017C/YIR031C/YIR034C/YCL026C-A/YCL018W/YCR005C/YFR025C,55,Upregulated,8. Mixed origin
GO:0043436,oxoacid metabolic process,57/519,349/5244,0.16332378223495703,1.650231048246849,4.166551649389075,6.920552805749588e-5,0.003181740762142584,0.0027658857133284406,YDL182W/YDL170W/YDL131W/YDR034C/YDR234W/YDR253C/YOL064C/YOR270C/YOR375C/YGL125W/YGL062W/YGL026C/YGL009C/YGR019W/YGR204W/YLR134W/YLR303W/YLR380W/YPR167C/YML076C/YMR108W/YMR207C/YBR041W/YBR115C/YBR248C/YNL277W/YNR050C/YJL200C/YJL071W/YJL060W/YJR010W/YJR016C/YJR137C/YJR139C/YKL106W/YKL015W/YKL001C/YKR069W/YER061C/YER086W/YER090W/YER091C/YHR018C/YHR063C/YHR112C/YHR183W/YHR201C/YHR208W/YIL094C/YIL074C/YIR017C/YIR031C/YIR034C/YCL026C-A/YCL018W/YCR005C/YFR025C,57,Upregulated,8. Mixed origin
GO:0030036,actin cytoskeleton organization,31/519,153/5244,0.20261437908496732,2.0472250557255656,4.356692346718207,6.926866681007077e-5,0.003181740762142584,0.0027658857133284406,YDL161W/YDR085C/YDR126W/YDR309C/YDR389W/YOR035C/YOR326W/YLR337C/YPL242C/YPR115W/YPR165W/YPR188C/YML052W/YMR068W/YMR232W/YBL047C/YNL116W/YNL047C/YJR065C/YKL007W/YER155C/YHR023W/YIL135C/YIL105C/YIL062C/YIL034C/YCR009C/YCR030C/YCR088W/YAL029C/YAR014C,31,Upregulated,8. Mixed origin
GO:0007010,cytoskeleton organization,48/519,279/5244,0.17204301075268819,1.7383305363913233,4.200161669198633,7.22678150826921e-5,0.003212420941417733,0.002792555978407593,YDL161W/YDL126C/YDR085C/YDR126W/YDR309C/YDR389W/YOL069W/YOR035C/YOR326W/YGL061C/YGL060W/YGR113W/YLR210W/YLR337C/YPL242C/YPL155C/YPR115W/YPR165W/YPR188C/YML064C/YML052W/YMR068W/YMR198W/YMR232W/YMR276W/YBL047C/YNL298W/YNL126W/YNL116W/YNL047C/YJR065C/YJR092W/YKL007W/YKR054C/YKR088C/YER155C/YHR023W/YHR182W/YIL135C/YIL105C/YIL062C/YIL034C/YCR009C/YCR030C/YCR088W/YFL047W/YAL029C/YAR014C,48,Upregulated,8. Mixed origin
GO:0006082,organic acid metabolic process,57/519,351/5244,0.1623931623931624,1.6408280223309126,4.118889548785919,8.154647821960183e-5,0.0035115952183316034,0.0030526280333522003,YDL182W/YDL170W/YDL131W/YDR034C/YDR234W/YDR253C/YOL064C/YOR270C/YOR375C/YGL125W/YGL062W/YGL026C/YGL009C/YGR019W/YGR204W/YLR134W/YLR303W/YLR380W/YPR167C/YML076C/YMR108W/YMR207C/YBR041W/YBR115C/YBR248C/YNL277W/YNR050C/YJL200C/YJL071W/YJL060W/YJR010W/YJR016C/YJR137C/YJR139C/YKL106W/YKL015W/YKL001C/YKR069W/YER061C/YER086W/YER090W/YER091C/YHR018C/YHR063C/YHR112C/YHR183W/YHR201C/YHR208W/YIL094C/YIL074C/YIR017C/YIR031C/YIR034C/YCL026C-A/YCL018W/YCR005C/YFR025C,57,Upregulated,8. Mixed origin
GO:0030029,actin filament-based process,31/519,155/5244,0.2,2.0208092485549134,4.275303212365166,8.956804102707617e-5,0.0037401442586457866,0.003251305604108858,YDL161W/YDR085C/YDR126W/YDR309C/YDR389W/YOR035C/YOR326W/YLR337C/YPL242C/YPR115W/YPR165W/YPR188C/YML052W/YMR068W/YMR232W/YBL047C/YNL116W/YNL047C/YJR065C/YKL007W/YER155C/YHR023W/YIL135C/YIL105C/YIL062C/YIL034C/YCR009C/YCR030C/YCR088W/YAL029C/YAR014C,31,Upregulated,8. Mixed origin
GO:1990778,protein localization to cell periphery,12/519,37/5244,0.32432432432432434,3.2769879706295892,4.606175815868479,1.4199481632667723e-4,0.0057549663793576835,0.005002789504017297,YDL126C/YOR212W/YLR380W/YPR075C/YML052W/YBR080C/YBR086C/YNL265C/YNL047C/YHR023W/YIL105C/YCR088W,12,Upregulated,8. Mixed origin
GO:0007120,axial cellular bud site selection,7/519,15/5244,0.4666666666666667,4.715221579961464,4.775223802303574,2.831577925766388e-4,0.011148326804874521,0.009691235126382406,YLR084C/YPR122W/YNL078W/YJR092W/YIL140W/YCL014W/YCR038C,7,Upregulated,8. Mixed origin
GO:0042221,response to chemical,65/519,435/5244,0.14942528735632185,1.5098000132881537,3.67950827318691,3.2088120661018335e-4,0.011519237327387409,0.010013667465103408,YDL126C/YDL091C/YDL073W/YDR075W/YDR103W/YDR135C/YDR264C/YDR368W/YDR410C/YDR411C/YDR461W/YOL052C-A/YOR153W/YOR212W/YOR270C/YOR371C/YGL060W/YGR014W/YGR043C/YGR263C/YLR057W/YLR238W/YLR452C/YPL188W/YPL161C/YPL096W/YPL049C/YPR075C/YML013W/YMR029C/YMR038C/YMR275C/YMR276W/YMR291W/YBL101C/YBL022C/YBR014C/YNL298W/YNL053W/YNL036W/YNL008C/YNR044W/YJL101C/YJL055W/YJR117W/YKL209C/YKL176C/YKL126W/YKL116C/YKL032C/YEL047C/YHR005C/YHR048W/YHR084W/YHR183W/YHR186C/YIL015W/YCL043C/YCL035C/YCL026C-A/YCR089W/YFL026W/YFR022W/YAL058W/YAL023C,65,Upregulated,8. Mixed origin
GO:0007154,cell communication,61/519,402/5244,0.1517412935323383,1.5332010467891755,3.6869252164333357,3.260161507751153e-4,0.011519237327387409,0.010013667465103408,YDL073W/YDR075W/YDR103W/YDR264C/YDR283C/YDR309C/YDR389W/YDR411C/YDR461W/YOL138C/YOL105C/YOL081W/YOR212W/YOR371C/YGL194C/YGL073W/YGL021W/YGL008C/YGR014W/YGR092W/YLR019W/YLR238W/YLR260W/YLR452C/YPL204W/YPL161C/YPR075C/YPR095C/YPR165W/YML064C/YMR029C/YMR291W/YBL047C/YBR140C/YBR162W-A/YNL298W/YNL283C/YNL116W/YNL053W/YNL047C/YJL194W/YKL189W/YKL176C/YKL126W/YER155C/YHR005C/YHR079C/YHR154W/YHR182W/YHR186C/YIL106W/YIL105C/YIL031W/YCR033W/YCR038C/YCR073C/YCR079W/YFL047W/YFL026W/YFR003C/YAL023C,61,Upregulated,8. Mixed origin
GO:0007165,signal transduction,61/519,402/5244,0.1517412935323383,1.5332010467891755,3.6869252164333357,3.260161507751153e-4,0.011519237327387409,0.010013667465103408,YDL073W/YDR075W/YDR103W/YDR264C/YDR283C/YDR309C/YDR389W/YDR411C/YDR461W/YOL138C/YOL105C/YOL081W/YOR212W/YOR371C/YGL194C/YGL073W/YGL021W/YGL008C/YGR014W/YGR092W/YLR019W/YLR238W/YLR260W/YLR452C/YPL204W/YPL161C/YPR075C/YPR095C/YPR165W/YML064C/YMR029C/YMR291W/YBL047C/YBR140C/YBR162W-A/YNL298W/YNL283C/YNL116W/YNL053W/YNL047C/YJL194W/YKL189W/YKL176C/YKL126W/YER155C/YHR005C/YHR079C/YHR154W/YHR182W/YHR186C/YIL106W/YIL105C/YIL031W/YCR033W/YCR038C/YCR073C/YCR079W/YFL047W/YFL026W/YFR003C/YAL023C,61,Upregulated,8. Mixed origin
GO:0023052,signaling,61/519,402/5244,0.1517412935323383,1.5332010467891755,3.6869252164333357,3.260161507751153e-4,0.011519237327387409,0.010013667465103408,YDL073W/YDR075W/YDR103W/YDR264C/YDR283C/YDR309C/YDR389W/YDR411C/YDR461W/YOL138C/YOL105C/YOL081W/YOR212W/YOR371C/YGL194C/YGL073W/YGL021W/YGL008C/YGR014W/YGR092W/YLR019W/YLR238W/YLR260W/YLR452C/YPL204W/YPL161C/YPR075C/YPR095C/YPR165W/YML064C/YMR029C/YMR291W/YBL047C/YBR140C/YBR162W-A/YNL298W/YNL283C/YNL116W/YNL053W/YNL047C/YJL194W/YKL189W/YKL176C/YKL126W/YER155C/YHR005C/YHR079C/YHR154W/YHR182W/YHR186C/YIL106W/YIL105C/YIL031W/YCR033W/YCR038C/YCR073C/YCR079W/YFL047W/YFL026W/YFR003C/YAL023C,61,Upregulated,8. Mixed origin
GO:0061640,cytoskeleton-dependent cytokinesis,19/519,84/5244,0.2261904761904762,2.285439031103771,3.9358539666428167,4.2086857274165914e-4,0.014498922330950159,0.012603906204737057,YGR014W/YLR084C/YLR337C/YLR353W/YPL242C/YPR122W/YPR165W/YPR188C/YML064C/YMR232W/YNL116W/YNL078W/YJR092W/YHR023W/YIL140W/YIL135C/YIL106W/YCL014W/YCR038C,19,Upregulated,8. Mixed origin
GO:0006790,sulfur compound metabolic process,25/519,126/5244,0.1984126984126984,2.0047710799155882,3.7833364059623418,4.8410195507147126e-4,0.01619694692098382,0.014079998163684658,YDR135C/YDR253C/YOL064C/YOR311C/YGL125W/YGR204W/YLR303W/YLR450W/YPR167C/YMR207C/YBR213W/YNL277W/YJL101C/YJR010W/YJR137C/YJR139C/YKL215C/YKL001C/YKR069W/YER091C/YER163C/YHR112C/YHR208W/YIR017C/YFR030W,25,Upregulated,8. Mixed origin
GO:0030010,establishment of cell polarity,17/519,72/5244,0.2361111111111111,2.3856775850995504,3.923483976480835,4.936660164595939e-4,0.01619694692098382,0.014079998163684658,YDR126W/YDR309C/YOR326W/YGR014W/YLR084C/YLR337C/YLR353W/YPL161C/YPR122W/YNL116W/YNL078W/YJR092W/YKR054C/YHR182W/YIL140W/YCL014W/YCR038C,17,Upregulated,8. Mixed origin
GO:0000741,karyogamy,8/519,21/5244,0.38095238095238093,3.8491604734379297,4.335500558743327,5.527482241463972e-4,0.01771365239241245,0.01539846950008813,YGL173C/YPL192C/YMR065W/YMR198W/YMR232W/YKR054C/YHR005C/YCL055W,8,Upregulated,8. Mixed origin
GO:0071444,cellular response to pheromone,16/519,67/5244,0.23880597014925373,2.4129065654387025,3.857309291672418,6.28097493419203e-4,0.01967087149844686,0.01709987912705869,YDR103W/YDR264C/YDR461W/YOR212W/YLR238W/YLR452C/YPL049C/YPR075C/YMR029C/YNL053W/YNR044W/YHR005C/YHR084W/YIL015W/YFL026W/YFR022W,16,Upregulated,8. Mixed origin
GO:0007163,establishment or maintenance of cell polarity,22/519,108/5244,0.2037037037037037,2.0582316420466706,3.6825852959097483,7.187689989889955e-4,0.022010304013485242,0.019133546686537474,YDR126W/YDR309C/YOR326W/YGR014W/YLR084C/YLR337C/YLR353W/YPL161C/YPR122W/YMR068W/YNL116W/YNL078W/YNL047C/YJR092W/YKR054C/YHR182W/YIL140W/YIL135C/YIL105C/YCL014W/YCR038C/YAR014C,22,Upregulated,8. Mixed origin
GO:0007035,vacuolar acidification,9/519,27/5244,0.3333333333333333,3.368015414258189,4.0881675823895804,7.787507530819911e-4,0.02235663620306216,0.019434613092265483,YDL185W/YOR270C/YOR332W/YGR092W/YPR036W/YMR054W/YBR127C/YJR033C/YHR039C-A,9,Upregulated,8. Mixed origin
GO:0051452,intracellular pH reduction,9/519,27/5244,0.3333333333333333,3.368015414258189,4.0881675823895804,7.787507530819911e-4,0.02235663620306216,0.019434613092265483,YDL185W/YOR270C/YOR332W/YGR092W/YPR036W/YMR054W/YBR127C/YJR033C/YHR039C-A,9,Upregulated,8. Mixed origin
GO:0072659,protein localization to plasma membrane,9/519,27/5244,0.3333333333333333,3.368015414258189,4.0881675823895804,7.787507530819911e-4,0.02235663620306216,0.019434613092265483,YDL126C/YOR212W/YLR380W/YPR075C/YBR080C/YBR086C/YNL265C/YNL047C/YIL105C,9,Upregulated,8. Mixed origin
GO:0023051,regulation of signaling,24/519,123/5244,0.1951219512195122,1.9715212181023545,3.613267869981004,8.035466003788286e-4,0.02259769827187808,0.019644168232676843,YDR075W/YDR103W/YDR264C/YDR389W/YOL138C/YOL081W/YOR371C/YGL194C/YGL073W/YGL008C/YLR019W/YLR238W/YLR452C/YPR095C/YML064C/YMR029C/YBR140C/YNL298W/YNL053W/YKL176C/YER155C/YHR154W/YCR033W/YAL023C,24,Upregulated,8. Mixed origin
GO:0009082,branched-chain amino acid biosynthetic process,6/519,13/5244,0.46153846153846156,4.663405958203646,4.382652783159573,8.533767552461045e-4,0.02351906337458264,0.020445110473054043,YGL009C/YMR108W/YJR016C/YER086W/YHR208W/YCL018W,6,Upregulated,8. Mixed origin
GO:0030641,regulation of cellular pH,10/519,33/5244,0.30303030303030304,3.061832194780172,3.9375170867411176,9.341574995422264e-4,0.024755173737869,0.021519660616984897,YDL185W/YOR270C/YOR332W/YGL008C/YGR092W/YPR036W/YMR054W/YBR127C/YJR033C/YHR039C-A,10,Upregulated,8. Mixed origin
GO:0051453,regulation of intracellular pH,10/519,33/5244,0.30303030303030304,3.061832194780172,3.9375170867411176,9.341574995422264e-4,0.024755173737869,0.021519660616984897,YDL185W/YOR270C/YOR332W/YGL008C/YGR092W/YPR036W/YMR054W/YBR127C/YJR033C/YHR039C-A,10,Upregulated,8. Mixed origin
GO:0035556,intracellular signal transduction,50/519,327/5244,0.1529051987767584,1.544961199201004,3.3725784100804495,9.652647935789501e-4,0.025096884633052704,0.021816709733720862,YDL073W/YDR075W/YDR103W/YDR283C/YDR309C/YDR389W/YDR411C/YOL138C/YOL105C/YOL081W/YOR371C/YGL194C/YGL073W/YGL021W/YGL008C/YGR014W/YGR092W/YLR019W/YLR260W/YLR452C/YPL161C/YPR075C/YPR095C/YPR165W/YML064C/YBL047C/YBR140C/YBR162W-A/YNL298W/YNL283C/YNL116W/YNL053W/YNL047C/YJL194W/YKL189W/YKL176C/YKL126W/YER155C/YHR079C/YHR154W/YHR182W/YHR186C/YIL105C/YIL031W/YCR033W/YCR038C/YCR073C/YFL047W/YFR003C/YAL023C,50,Upregulated,8. Mixed origin
GO:0000281,mitotic cytokinesis,18/519,83/5244,0.21686746987951808,2.1912389442161713,3.6252979130732026,0.001006980036997181,0.025696638721891023,0.022338075674518364,YGR014W/YLR084C/YLR337C/YLR353W/YPL242C/YPR122W/YPR165W/YPR188C/YML064C/YNL116W/YNL078W/YJR092W/YHR023W/YIL140W/YIL135C/YIL106W/YCL014W/YCR038C,18,Upregulated,8. Mixed origin
GO:0006885,regulation of pH,10/519,34/5244,0.29411764705882354,2.9717783066984023,3.822534224299293,0.0012084820804512879,0.029756914787423244,0.025867671704291235,YDL185W/YOR270C/YOR332W/YGL008C/YGR092W/YPR036W/YMR054W/YBR127C/YJR033C/YHR039C-A,10,Upregulated,8. Mixed origin
GO:0048284,organelle fusion,21/519,105/5244,0.2,2.0208092485549134,3.501649219765086,0.0012092795559475338,0.029756914787423244,0.025867671704291235,YDL126C/YDR126W/YDR135C/YOL018C/YOR036W/YGL173C/YLR268W/YPL232W/YPL204W/YPL192C/YPR165W/YMR065W/YMR198W/YMR231W/YMR232W/YBR080C/YBR200W/YKL196C/YKR054C/YHR005C/YCL055W,21,Upregulated,8. Mixed origin
GO:0000742,karyogamy involved in conjugation with cellular fusion,6/519,14/5244,0.42857142857142855,4.330305532617671,4.134947060049904,0.0013696636456773988,0.033112219363920274,0.02878443635791099,YPL192C/YMR065W/YMR198W/YMR232W/YHR005C/YCL055W,6,Upregulated,8. Mixed origin
GO:0044272,sulfur compound biosynthetic process,17/519,79/5244,0.21518987341772153,2.174288431989464,3.485185244890874,0.0015105122709907876,0.035887688093539746,0.031197149988884152,YOL064C/YGL125W/YGR204W/YLR303W/YPR167C/YMR207C/YNL277W/YJL101C/YJR010W/YJR137C/YJR139C/YKL001C/YKR069W/YER091C/YHR208W/YIR017C/YFR030W,17,Upregulated,8. Mixed origin
GO:0009966,regulation of signal transduction,23/519,122/5244,0.1885245901639344,1.9048611769165165,3.3513114075380352,0.0016661235808193011,0.03826530490614995,0.03326401113986605,YDR075W/YDR103W/YDR264C/YDR389W/YOL138C/YOL081W/YOR371C/YGL194C/YGL073W/YGL008C/YLR019W/YLR238W/YLR452C/YPR095C/YMR029C/YBR140C/YNL298W/YNL053W/YKL176C/YER155C/YHR154W/YCR033W/YAL023C,23,Upregulated,8. Mixed origin
GO:0010646,regulation of cell communication,23/519,122/5244,0.1885245901639344,1.9048611769165165,3.3513114075380352,0.0016661235808193011,0.03826530490614995,0.03326401113986605,YDR075W/YDR103W/YDR264C/YDR389W/YOL138C/YOL081W/YOR371C/YGL194C/YGL073W/YGL008C/YLR019W/YLR238W/YLR452C/YPR095C/YMR029C/YBR140C/YNL298W/YNL053W/YKL176C/YER155C/YHR154W/YCR033W/YAL023C,23,Upregulated,8. Mixed origin
GO:0097435,supramolecular fiber organization,22/519,115/5244,0.19130434782608696,1.9329479768786129,3.352453010202994,0.001715772605065092,0.038759584422617975,0.03369368808566134,YDL161W/YDR309C/YOR326W/YGL061C/YGR113W/YLR337C/YPL242C/YPL155C/YPR165W/YNL126W/YNL116W/YNL047C/YJR065C/YKL007W/YKR054C/YIL105C/YIL062C/YIL034C/YCR009C/YCR088W/YAL029C/YAR014C,22,Upregulated,8. Mixed origin
GO:0019953,sexual reproduction,52/519,353/5244,0.14730878186968838,1.488414743978123,3.1488356110845737,0.0018071749880426123,0.040165921508430964,0.03491621623756355,YDL160C-A/YDR075W/YDR085C/YDR103W/YDR264C/YDR461W/YOL069W/YOR212W/YOR229W/YGL250W/YGL194C/YGL162W/YGR279C/YLL043W/YLR035C/YLR189C/YLR238W/YLR452C/YPL232W/YPL204W/YPL192C/YPR075C/YPR122W/YML052W/YMR029C/YMR065W/YMR198W/YMR232W/YBR023C/YBR057C/YBR073W/YBR081C/YBR200W/YNL126W/YNL053W/YNR044W/YJR117W/YKL116C/YEL072W/YEL032W/YHR005C/YHR084W/YHR119W/YIL015W/YCL055W/YCL014W/YCR009C/YCR086W/YCR089W/YFL026W/YFR022W/YFR039C,52,Upregulated,8. Mixed origin
GO:0040008,regulation of growth,13/519,54/5244,0.24074074074074073,2.432455576964247,3.506445272354332,0.0018444020180222,0.04022476952278549,0.03496737278812153,YGL162W/YLR228C/YPL049C/YPR075C/YMR068W/YBR057C/YBR083W/YNL142W/YNL068C/YNL047C/YHR084W/YHR186C/YIL105C,13,Upregulated,8. Mixed origin
GO:0009968,negative regulation of signal transduction,12/519,48/5244,0.25,2.5260115606936417,3.5197885370809137,0.0019384490646970809,0.04022476952278549,0.03496737278812153,YDR075W/YDR103W/YDR264C/YDR389W/YOL081W/YOR371C/YGL073W/YLR019W/YLR452C/YBR140C/YNL053W/YER155C,12,Upregulated,8. Mixed origin
GO:0010648,negative regulation of cell communication,12/519,48/5244,0.25,2.5260115606936417,3.5197885370809137,0.0019384490646970809,0.04022476952278549,0.03496737278812153,YDR075W/YDR103W/YDR264C/YDR389W/YOL081W/YOR371C/YGL073W/YLR019W/YLR452C/YBR140C/YNL053W/YER155C,12,Upregulated,8. Mixed origin
GO:0023057,negative regulation of signaling,12/519,48/5244,0.25,2.5260115606936417,3.5197885370809137,0.0019384490646970809,0.04022476952278549,0.03496737278812153,YDR075W/YDR103W/YDR264C/YDR389W/YOL081W/YOR371C/YGL073W/YLR019W/YLR452C/YBR140C/YNL053W/YER155C,12,Upregulated,8. Mixed origin
GO:0046488,phosphatidylinositol metabolic process,16/519,74/5244,0.21621621621621623,2.184658647086393,3.401234052255537,0.0019557761669278867,0.04022476952278549,0.03496737278812153,YDR182W/YDR302W/YOL064C/YOR109W/YLL031C/YLR088W/YLR380W/YLR459W/YPR113W/YML072C/YBR086C/YNL106C/YJL091C/YJR110W/YCR017C/YCR044C,16,Upregulated,8. Mixed origin
GO:0070201,regulation of establishment of protein localization,6/519,15/5244,0.4,4.041618497109827,3.909432784107677,0.00209400088107791,0.04243431197243176,0.03688812697626411,YDR411C/YGL073W/YPL204W/YML055W/YNL298W/YJR117W,6,Upregulated,8. Mixed origin
GO:0000917,division septum assembly,7/519,20/5244,0.35,3.536416184971098,3.7662281996713523,0.0021959468805616313,0.04322878287734183,0.03757876015156597,YDR245W/YPL066W/YPR165W/YML064C/YMR232W/YKR042W/YHR023W,7,Upregulated,8. Mixed origin
GO:0090529,cell septum assembly,7/519,20/5244,0.35,3.536416184971098,3.7662281996713523,0.0021959468805616313,0.04322878287734183,0.03757876015156597,YDR245W/YPL066W/YPR165W/YML064C/YMR232W/YKR042W/YHR023W,7,Upregulated,8. Mixed origin
GO:1902531,regulation of intracellular signal transduction,19/519,96/5244,0.19791666666666666,1.9997591522157996,3.2763058501627595,0.0023147990627583924,0.043615349419160336,0.03791480226033494,YDR075W/YDR103W/YDR389W/YOL138C/YOL081W/YOR371C/YGL194C/YGL073W/YGL008C/YLR019W/YPR095C/YBR140C/YNL298W/YNL053W/YKL176C/YER155C/YHR154W/YCR033W/YAL023C,19,Upregulated,8. Mixed origin
GO:0141124,intracellular signaling cassette,23/519,125/5244,0.184,1.85914450867052,3.2218206568044887,0.0023222939855312885,0.043615349419160336,0.03791480226033494,YDL073W/YDR103W/YDR283C/YDR309C/YDR389W/YOL105C/YOL081W/YOR371C/YGL194C/YLR260W/YPL161C/YPR095C/YPR165W/YBR140C/YNL298W/YNL283C/YNL053W/YER155C/YHR182W/YCR033W/YCR038C/YCR073C/YFL047W,23,Upregulated,8. Mixed origin
GO:0031137,regulation of conjugation with cellular fusion,9/519,31/5244,0.2903225806451613,2.933432780160358,3.5779870414113937,0.002337150767117932,0.043615349419160336,0.03791480226033494,YDR103W/YDR264C/YDR461W/YOR212W/YGL162W/YNL053W/YKL116C/YHR005C/YFL026W,9,Upregulated,8. Mixed origin
GO:0032506,cytokinetic process,12/519,49/5244,0.24489795918367346,2.474460304352955,3.4364580787228993,0.0023421885754846624,0.043615349419160336,0.03791480226033494,YDR245W/YOR326W/YPL242C/YPL066W/YPR165W/YPR188C/YML064C/YMR232W/YNL116W/YKR042W/YHR023W/YIL135C,12,Upregulated,8. Mixed origin
GO:0000282,cellular bud site selection,10/519,37/5244,0.2702702702702703,2.7308233088579907,3.5013256853521013,0.002445882763132767,0.04493901930129271,0.03906546785186091,YGR014W/YLR084C/YLR337C/YLR353W/YPR122W/YNL078W/YJR092W/YIL140W/YCL014W/YCR038C,10,Upregulated,8. Mixed origin
GO:0009079,pyruvate family amino acid biosynthetic process,5/519,11/5244,0.45454545454545453,4.592748292170257,3.9529422368990916,0.002592750917467767,0.046218259303148886,0.040177510569844505,YGL009C/YMR108W/YJR016C/YHR208W/YCL018W,5,Upregulated,8. Mixed origin
GO:0097271,protein localization to bud neck,5/519,11/5244,0.45454545454545453,4.592748292170257,3.9529422368990916,0.002592750917467767,0.046218259303148886,0.040177510569844505,YDR085C/YPL066W/YBR023C/YNL116W/YJR092W,5,Upregulated,8. Mixed origin
GO:0030866,cortical actin cytoskeleton organization,13/519,56/5244,0.23214285714285715,2.3455821635012386,3.35487970814701,0.002616127885083899,0.046218259303148886,0.040177510569844505,YDL161W/YDR126W/YPL242C/YPR165W/YPR188C/YML052W/YMR232W/YBL047C/YJR065C/YHR023W/YIL062C/YCR030C/YCR088W,13,Upregulated,8. Mixed origin
GO:1902600,proton transmembrane transport,31/149,81/5244,0.38271604938271603,13.469550086999751,19.33985438411353,3.317940568212258e-28,2.163297250474392e-25,1.833598735064669e-25,YDL067C/YDL004W/YDR298C/YDR322C-A/YDR377W/YDR529C/YOL077W-A/YOR065W/YGL191W/YGL187C/YGR183C/YLR038C/YLR295C/YLR395C/YPL271W/YPL078C/YPR020W/YPR191W/YML081C-A/YMR256C/YBL099W/YBL045C/YBR039W/YNL052W/YJL166W/YJR121W/YKL016C/YEL024W/YHR001W-A/YHR051W/YFR033C,31,Downregulated,8. Mixed origin
GO:0006119,oxidative phosphorylation,20/149,32/5244,0.625,21.996644295302012,20.371998964668087,5.446876423111223e-24,1.7756817139342587e-21,1.5050579590175748e-21,YDL067C/YDR298C/YDR529C/YOR065W/YGL191W/YGL187C/YGR183C/YLR038C/YLR395C/YPL271W/YPR191W/YMR256C/YNL052W/YJL166W/YJR048W/YJR121W/YEL024W/YHR001W-A/YHR051W/YFR033C,20,Downregulated,8. Mixed origin
GO:0045333,cellular respiration,29/149,97/5244,0.29896907216494845,10.522106137134159,16.186493227460826,7.818110130924799e-23,1.6991359351209897e-20,1.440178182012463e-20,YDL067C/YDR298C/YDR529C/YOR065W/YGL191W/YGL187C/YGR183C/YLL041C/YLR038C/YLR395C/YPL271W/YPR191W/YMR256C/YBL045C/YBL030C/YNL052W/YJL166W/YJR048W/YJR104C/YJR120W/YJR121W/YKL109W/YKL085W/YEL024W/YER156C/YHR001W-A/YHR051W/YIL070C/YFR033C,29,Downregulated,8. Mixed origin
GO:0098662,inorganic cation transmembrane transport,31/149,142/5244,0.21830985915492956,7.683334908781547,13.806326466215715,6.759224607475207e-20,7.162307603822752e-18,6.070732147250476e-18,YDL067C/YDL004W/YDR298C/YDR322C-A/YDR377W/YDR529C/YOL077W-A/YOR065W/YGL191W/YGL187C/YGR183C/YLR038C/YLR295C/YLR395C/YPL271W/YPL078C/YPR020W/YPR191W/YML081C-A/YMR256C/YBL099W/YBL045C/YBR039W/YNL052W/YJL166W/YJR121W/YKL016C/YEL024W/YHR001W-A/YHR051W/YFR033C,31,Downregulated,8. Mixed origin
GO:0006754,ATP biosynthetic process,14/149,17/5244,0.8235294117647058,28.98381365969206,19.761325865797854,7.655481185886467e-20,7.162307603822752e-18,6.070732147250476e-18,YDL004W/YDR298C/YDR322C-A/YDR377W/YOL077W-A/YLR295C/YPL271W/YPL078C/YPR020W/YML081C-A/YBL099W/YBR039W/YJR121W/YKL016C,14,Downregulated,8. Mixed origin
GO:0015986,proton motive force-driven ATP synthesis,14/149,17/5244,0.8235294117647058,28.98381365969206,19.761325865797854,7.655481185886467e-20,7.162307603822752e-18,6.070732147250476e-18,YDL004W/YDR298C/YDR322C-A/YDR377W/YOL077W-A/YLR295C/YPL271W/YPL078C/YPR020W/YML081C-A/YBL099W/YBR039W/YJR121W/YKL016C,14,Downregulated,8. Mixed origin
GO:0009060,aerobic respiration,25/149,83/5244,0.30120481927710846,10.600792431470852,15.076140145061677,7.689594053183936e-20,7.162307603822752e-18,6.070732147250476e-18,YDL067C/YDR298C/YDR529C/YOR065W/YGL191W/YGL187C/YGR183C/YLL041C/YLR038C/YLR395C/YPL271W/YPR191W/YMR256C/YBL045C/YBL030C/YNL052W/YJL166W/YJR048W/YJR121W/YKL085W/YEL024W/YHR001W-A/YHR051W/YIL070C/YFR033C,25,Downregulated,8. Mixed origin
GO:0098655,monoatomic cation transmembrane transport,31/149,144/5244,0.2152777777777778,7.576621923937361,13.683903498541413,1.0511931831245755e-19,8.567224442465291e-18,7.261531857110556e-18,YDL067C/YDL004W/YDR298C/YDR322C-A/YDR377W/YDR529C/YOL077W-A/YOR065W/YGL191W/YGL187C/YGR183C/YLR038C/YLR295C/YLR395C/YPL271W/YPL078C/YPR020W/YPR191W/YML081C-A/YMR256C/YBL099W/YBL045C/YBR039W/YNL052W/YJL166W/YJR121W/YKL016C/YEL024W/YHR001W-A/YHR051W/YFR033C,31,Downregulated,8. Mixed origin
GO:0022904,respiratory electron transport chain,17/149,30/5244,0.5666666666666667,19.943624161073824,17.79299888837677,1.7832408934060437e-19,1.2918589583341561e-17,1.0949724784072201e-17,YDL067C/YDR529C/YOR065W/YGL191W/YGL187C/YGR183C/YLL041C/YLR395C/YPR191W/YMR256C/YNL052W/YJL166W/YJR048W/YEL024W/YHR001W-A/YHR051W/YFR033C,17,Downregulated,8. Mixed origin
GO:0098660,inorganic ion transmembrane transport,32/149,161/5244,0.19875776397515527,6.995206136145733,13.211981968768114,3.2437911949540436e-19,1.9794874393930626e-17,1.6778025600280236e-17,YDL067C/YDL004W/YDR298C/YDR322C-A/YDR377W/YDR529C/YOL077W-A/YOR065W/YGL191W/YGL187C/YGR183C/YLR038C/YLR295C/YLR395C/YPL271W/YPL078C/YPR020W/YPR191W/YML081C-A/YMR256C/YBL099W/YBL045C/YBR039W/YNL052W/YJL166W/YJR077C/YJR121W/YKL016C/YEL024W/YHR001W-A/YHR051W/YFR033C,32,Downregulated,8. Mixed origin
GO:0019646,aerobic electron transport chain,16/149,26/5244,0.6153846153846154,21.6582343830666,18.05671760433228,3.3396260480557804e-19,1.9794874393930626e-17,1.6778025600280236e-17,YDL067C/YDR529C/YOR065W/YGL191W/YGL187C/YGR183C/YLR395C/YPR191W/YMR256C/YNL052W/YJL166W/YJR048W/YEL024W/YHR001W-A/YHR051W/YFR033C,16,Downregulated,8. Mixed origin
GO:0022900,electron transport chain,17/149,31/5244,0.5483870967741935,19.300281446200476,17.47453879666178,3.8543009507017493e-19,2.0941701832146173e-17,1.7750070167705424e-17,YDL067C/YDR529C/YOR065W/YGL191W/YGL187C/YGR183C/YLL041C/YLR395C/YPR191W/YMR256C/YNL052W/YJL166W/YJR048W/YEL024W/YHR001W-A/YHR051W/YFR033C,17,Downregulated,8. Mixed origin
GO:0034220,monoatomic ion transmembrane transport,31/149,152/5244,0.20394736842105263,7.177852348993288,13.216793049399078,5.713580907194122e-19,2.865580578069667e-17,2.4288501832201733e-17,YDL067C/YDL004W/YDR298C/YDR322C-A/YDR377W/YDR529C/YOL077W-A/YOR065W/YGL191W/YGL187C/YGR183C/YLR038C/YLR295C/YLR395C/YPL271W/YPL078C/YPR020W/YPR191W/YML081C-A/YMR256C/YBL099W/YBL045C/YBR039W/YNL052W/YJL166W/YJR121W/YKL016C/YEL024W/YHR001W-A/YHR051W/YFR033C,31,Downregulated,8. Mixed origin
GO:0042773,ATP synthesis coupled electron transport,16/149,27/5244,0.5925925925925926,20.85607755406413,17.687884473790863,8.000808118451614e-19,3.4776845954869684e-17,2.9476661489032266e-17,YDL067C/YDR529C/YOR065W/YGL191W/YGL187C/YGR183C/YLR395C/YPR191W/YMR256C/YNL052W/YJL166W/YJR048W/YEL024W/YHR001W-A/YHR051W/YFR033C,16,Downregulated,8. Mixed origin
GO:0042775,mitochondrial ATP synthesis coupled electron transport,16/149,27/5244,0.5925925925925926,20.85607755406413,17.687884473790863,8.000808118451614e-19,3.4776845954869684e-17,2.9476661489032266e-17,YDL067C/YDR529C/YOR065W/YGL191W/YGL187C/YGR183C/YLR395C/YPR191W/YMR256C/YNL052W/YJL166W/YJR048W/YEL024W/YHR001W-A/YHR051W/YFR033C,16,Downregulated,8. Mixed origin
GO:0015980,energy derivation by oxidation of organic compounds,30/149,149/5244,0.20134228187919462,7.086167289761721,12.88771414004484,3.3594553098138293e-18,1.3689780387491355e-16,1.1603381826659608e-16,YDL067C/YDR298C/YDR529C/YOR065W/YGL191W/YGL187C/YGR183C/YLL041C/YLR038C/YLR395C/YPL271W/YPR191W/YMR145C/YMR256C/YBL045C/YBL030C/YNL052W/YJL166W/YJR048W/YJR104C/YJR120W/YJR121W/YKL109W/YKL085W/YEL024W/YER156C/YHR001W-A/YHR051W/YIL070C/YFR033C,30,Downregulated,8. Mixed origin
GO:0006812,monoatomic cation transport,32/149,178/5244,0.1797752808988764,6.327124651232938,12.364633171466426,7.692816583713982e-18,2.902537253308101e-16,2.4601744559037026e-16,YDL067C/YDL004W/YDR298C/YDR322C-A/YDR377W/YDR529C/YOL077W-A/YOR065W/YGL191W/YGL187C/YGR183C/YLR038C/YLR295C/YLR395C/YPL271W/YPL078C/YPR020W/YPR191W/YML081C-A/YMR256C/YBL099W/YBL045C/YBL030C/YBR039W/YNL052W/YJL166W/YJR121W/YKL016C/YEL024W/YHR001W-A/YHR051W/YFR033C,32,Downregulated,8. Mixed origin
GO:0009201,ribonucleoside triphosphate biosynthetic process,15/149,25/5244,0.6,21.116778523489934,17.240337339636582,8.013139656372059e-18,2.902537253308101e-16,2.4601744559037026e-16,YDL004W/YDR298C/YDR322C-A/YDR377W/YOL077W-A/YLR295C/YPL271W/YPL078C/YPR020W/YML081C-A/YBL099W/YBL039C/YBR039W/YJR121W/YKL016C,15,Downregulated,8. Mixed origin
GO:0009145,purine nucleoside triphosphate biosynthetic process,14/149,21/5244,0.6666666666666666,23.463087248322147,17.63721655285618,1.1873844785291417e-17,3.870873400005002e-16,3.2809307959357867e-16,YDL004W/YDR298C/YDR322C-A/YDR377W/YOL077W-A/YLR295C/YPL271W/YPL078C/YPR020W/YML081C-A/YBL099W/YBR039W/YJR121W/YKL016C,14,Downregulated,8. Mixed origin
GO:0009206,purine ribonucleoside triphosphate biosynthetic process,14/149,21/5244,0.6666666666666666,23.463087248322147,17.63721655285618,1.1873844785291417e-17,3.870873400005002e-16,3.2809307959357867e-16,YDL004W/YDR298C/YDR322C-A/YDR377W/YOL077W-A/YLR295C/YPL271W/YPL078C/YPR020W/YML081C-A/YBL099W/YBR039W/YJR121W/YKL016C,14,Downregulated,8. Mixed origin
GO:0006811,monoatomic ion transport,32/149,194/5244,0.16494845360824742,5.805299937729191,11.662365428730219,1.0918659110406596e-16,3.389983685707191e-15,2.873331344843841e-15,YDL067C/YDL004W/YDR298C/YDR322C-A/YDR377W/YDR529C/YOL077W-A/YOR065W/YGL191W/YGL187C/YGR183C/YLR038C/YLR295C/YLR395C/YPL271W/YPL078C/YPR020W/YPR191W/YML081C-A/YMR256C/YBL099W/YBL045C/YBL030C/YBR039W/YNL052W/YJL166W/YJR121W/YKL016C/YEL024W/YHR001W-A/YHR051W/YFR033C,32,Downregulated,8. Mixed origin
GO:0009142,nucleoside triphosphate biosynthetic process,15/149,29/5244,0.5172413793103449,18.204119416801667,15.886025665695106,1.7249071608588569e-16,5.111997585818067e-15,4.332900762922966e-15,YDL004W/YDR298C/YDR322C-A/YDR377W/YOL077W-A/YLR295C/YPL271W/YPL078C/YPR020W/YML081C-A/YBL099W/YBL039C/YBR039W/YJR121W/YKL016C,15,Downregulated,8. Mixed origin
GO:0006412,translation,47/149,451/5244,0.10421286031042129,3.6677331507909345,10.132996927096757,3.836367561677686e-16,1.0875268044408049e-14,9.217816795793067e-15,YDL229W/YDL202W/YDL136W/YDL083C/YDR064W/YDR115W/YDR347W/YOR063W/YOR187W/YGL129C/YGL068W/YGR085C/YGR148C/YLR061W/YLR312W-A/YLR367W/YPL198W/YPL183W-A/YPR080W/YPR100W/YPR166C/YML091C/YML026C/YMR116C/YMR158W/YBL087C/YBR189W/YBR251W/YBR268W/YBR282W/YNL301C/YNL178W/YNL096C/YNL067W/YNR036C/YJL191W/YKL003C/YKR085C/YEL050C/YEL034W/YER102W/YHR010W/YIL133C/YCL037C/YFL034C-A/YFR031C-A/YAL003W,47,Downregulated,8. Mixed origin
GO:0006091,generation of precursor metabolites and energy,31/149,193/5244,0.16062176165803108,5.653023611642382,11.26253608581583,7.749525503138232e-16,2.1052877616858865e-14,1.7844302145384087e-14,YDL067C/YDR298C/YDR529C/YOR065W/YOR095C/YGL191W/YGL187C/YGR183C/YLL041C/YLR038C/YLR395C/YPL271W/YPR191W/YMR145C/YMR256C/YBL045C/YBL030C/YNL052W/YJL166W/YJR048W/YJR104C/YJR120W/YJR121W/YKL109W/YKL085W/YEL024W/YER156C/YHR001W-A/YHR051W/YIL070C/YFR033C,31,Downregulated,8. Mixed origin
GO:0009152,purine ribonucleotide biosynthetic process,16/149,43/5244,0.37209302325581395,13.095676603714686,13.618583456722552,1.1035114138011014e-14,2.8779577671932725e-13,2.439341019981382e-13,YDL004W/YDR298C/YDR322C-A/YDR377W/YDR399W/YOL077W-A/YLR295C/YPL271W/YPL078C/YPR020W/YML081C-A/YML022W/YBL099W/YBR039W/YJR121W/YKL016C,16,Downregulated,8. Mixed origin
GO:0009260,ribonucleotide biosynthetic process,17/149,57/5244,0.2982456140350877,10.496644295302014,12.327086520245722,1.081694570864115e-13,2.7125571546284732e-12,2.2991483793670466e-12,YDL004W/YDR298C/YDR322C-A/YDR377W/YDR399W/YOL077W-A/YLR295C/YPL271W/YPL078C/YPR020W/YML081C-A/YML022W/YBL099W/YBL039C/YBR039W/YJR121W/YKL016C,17,Downregulated,8. Mixed origin
GO:0006122,"mitochondrial electron transport, ubiquinol to cytochrome c",9/149,11/5244,0.8181818181818182,28.795607077486274,15.780040296503035,4.976373750757301e-13,1.2017021057384298e-11,1.0185560308567577e-11,YDR529C/YOR065W/YGR183C/YPR191W/YJL166W/YJR048W/YEL024W/YHR001W-A/YFR033C,9,Downregulated,8. Mixed origin
GO:0055085,transmembrane transport,41/149,421/5244,0.09738717339667459,3.4275056194104803,8.880831493840018,5.266012054708509e-13,1.2262285213106955e-11,1.0393444844819425e-11,YDL067C/YDL004W/YDR046C/YDR298C/YDR322C-A/YDR377W/YDR508C/YDR529C/YOL077W-A/YOL020W/YOR065W/YGL191W/YGL187C/YGR082W/YGR183C/YLL053C/YLR038C/YLR237W/YLR295C/YLR395C/YPL271W/YPL078C/YPR020W/YPR191W/YML081C-A/YMR256C/YBL099W/YBL045C/YBL030C/YBR039W/YNL052W/YJL166W/YJR077C/YJR121W/YKL016C/YKR103W/YEL024W/YER048C/YHR001W-A/YHR051W/YFR033C,41,Downregulated,8. Mixed origin
GO:0046390,ribose phosphate biosynthetic process,17/149,63/5244,0.2698412698412698,9.49696388622563,11.602143158054659,6.78418141146998e-13,1.525271131130492e-11,1.2928113397538077e-11,YDL004W/YDR298C/YDR322C-A/YDR377W/YDR399W/YOL077W-A/YLR295C/YPL271W/YPL078C/YPR020W/YML081C-A/YML022W/YBL099W/YBL039C/YBR039W/YJR121W/YKL016C,17,Downregulated,8. Mixed origin
GO:0046034,ATP metabolic process,14/149,46/5244,0.30434782608695654,10.711409395973154,11.312380639437526,1.3303597167981372e-11,2.891315117841285e-10,2.450662636207095e-10,YDL004W/YDR298C/YDR322C-A/YDR377W/YOL077W-A/YLR295C/YPL271W/YPL078C/YPR020W/YML081C-A/YBL099W/YBR039W/YJR121W/YKL016C,14,Downregulated,8. Mixed origin
GO:0006164,purine nucleotide biosynthetic process,16/149,65/5244,0.24615384615384617,8.66329375322664,10.630658453626753,1.579395690741285e-11,3.3218257753655413e-10,2.8155610785710513e-10,YDL004W/YDR298C/YDR322C-A/YDR377W/YDR399W/YOL077W-A/YLR295C/YPL271W/YPL078C/YPR020W/YML081C-A/YML022W/YBL099W/YBR039W/YJR121W/YKL016C,16,Downregulated,8. Mixed origin
GO:0009199,ribonucleoside triphosphate metabolic process,15/149,56/5244,0.26785714285714285,9.427133269415148,10.841387330264498,1.8720084974290133e-11,3.7029803598731387e-10,3.1386255875579563e-10,YDL004W/YDR298C/YDR322C-A/YDR377W/YOL077W-A/YLR295C/YPL271W/YPL078C/YPR020W/YML081C-A/YBL099W/YBL039C/YBR039W/YJR121W/YKL016C,15,Downregulated,8. Mixed origin
GO:0072522,purine-containing compound biosynthetic process,18/149,87/5244,0.20689655172413793,7.281647766720666,10.102889661559125,1.8742078508560365e-11,3.7029803598731387e-10,3.1386255875579563e-10,YDL004W/YDR298C/YDR322C-A/YDR377W/YDR399W/YOL077W-A/YLR017W/YLR295C/YPL271W/YPL078C/YPR020W/YML081C-A/YML022W/YBL099W/YBR039W/YNR016C/YJR121W/YKL016C,18,Downregulated,8. Mixed origin
GO:0006123,"mitochondrial electron transport, cytochrome c to oxygen",8/149,11/5244,0.7272727272727273,25.5960951799878,13.963622812584825,5.412695699343539e-11,1.0379639988152905e-9,8.797725207911326e-10,YDL067C/YGL191W/YGL187C/YLR395C/YMR256C/YNL052W/YJR048W/YHR051W,8,Downregulated,8. Mixed origin
GO:0009205,purine ribonucleoside triphosphate metabolic process,14/149,51/5244,0.27450980392156865,9.661271219897356,10.62841574265502,6.344681797309398e-11,1.1819235805273508e-9,1.0017918627330628e-9,YDL004W/YDR298C/YDR322C-A/YDR377W/YOL077W-A/YLR295C/YPL271W/YPL078C/YPR020W/YML081C-A/YBL099W/YBR039W/YJR121W/YKL016C,14,Downregulated,8. Mixed origin
GO:0009150,purine ribonucleotide metabolic process,16/149,73/5244,0.2191780821917808,7.7138916980785135,9.877782551619454,1.0574093347764361e-10,1.915085795206212e-9,1.6232160840866343e-9,YDL004W/YDR298C/YDR322C-A/YDR377W/YDR399W/YOL077W-A/YLR295C/YPL271W/YPL078C/YPR020W/YML081C-A/YML022W/YBL099W/YBR039W/YJR121W/YKL016C,16,Downregulated,8. Mixed origin
GO:0009144,purine nucleoside triphosphate metabolic process,14/149,53/5244,0.2641509433962264,9.296694947448398,10.380744728945903,1.1235926623452946e-10,1.9799524752679246e-9,1.6781967218528582e-9,YDL004W/YDR298C/YDR322C-A/YDR377W/YOL077W-A/YLR295C/YPL271W/YPL078C/YPR020W/YML081C-A/YBL099W/YBR039W/YJR121W/YKL016C,14,Downregulated,8. Mixed origin
GO:0009141,nucleoside triphosphate metabolic process,15/149,63/5244,0.23809523809523808,8.379674017257909,10.076544463935011,1.1858109293969595e-10,2.034601910438994e-9,1.724517279593916e-9,YDL004W/YDR298C/YDR322C-A/YDR377W/YOL077W-A/YLR295C/YPL271W/YPL078C/YPR020W/YML081C-A/YBL099W/YBL039C/YBR039W/YJR121W/YKL016C,15,Downregulated,8. Mixed origin
GO:0009259,ribonucleotide metabolic process,17/149,88/5244,0.19318181818181818,6.798962782184258,9.38093597863378,2.2379419099015247e-10,3.74137980834819e-9,3.171172746824023e-9,YDL004W/YDR298C/YDR322C-A/YDR377W/YDR399W/YOL077W-A/YLR295C/YPL271W/YPL078C/YPR020W/YML081C-A/YML022W/YBL099W/YBL039C/YBR039W/YJR121W/YKL016C,17,Downregulated,8. Mixed origin
GO:0072521,purine-containing compound metabolic process,23/149,180/5244,0.12777777777777777,4.497091722595078,8.164082715544621,7.630975123512591e-10,1.2438489451325524e-8,1.0542794578537131e-8,YDL004W/YDR298C/YDR322C-A/YDR377W/YDR399W/YOL077W-A/YOR095C/YLR017W/YLR295C/YPL273W/YPL271W/YPL078C/YPR020W/YML081C-A/YML022W/YMR145C/YMR220W/YBL099W/YBR039W/YNR016C/YNR043W/YJR121W/YKL016C,23,Downregulated,8. Mixed origin
GO:0019693,ribose phosphate metabolic process,17/149,95/5244,0.17894736842105263,6.297986577181208,8.910912502077386,7.895419344762553e-10,1.2555642470207767e-8,1.064209282670177e-8,YDL004W/YDR298C/YDR322C-A/YDR377W/YDR399W/YOL077W-A/YLR295C/YPL271W/YPL078C/YPR020W/YML081C-A/YML022W/YBL099W/YBL039C/YBR039W/YJR121W/YKL016C,17,Downregulated,8. Mixed origin
GO:0009165,nucleotide biosynthetic process,17/149,97/5244,0.17525773195876287,6.168131183837265,8.785232930725144,1.1080820986406474e-9,1.7201655436040527e-8,1.458002761369273e-8,YDL004W/YDR298C/YDR322C-A/YDR377W/YDR399W/YOL077W-A/YLR295C/YPL271W/YPL078C/YPR020W/YML081C-A/YML022W/YBL099W/YBL039C/YBR039W/YJR121W/YKL016C,17,Downregulated,8. Mixed origin
GO:1901293,nucleoside phosphate biosynthetic process,19/149,125/5244,0.152,5.349583892617449,8.416298348391372,1.3586293577224576e-9,2.060061258686145e-8,1.7460964817730483e-8,YDL004W/YDR298C/YDR322C-A/YDR377W/YDR399W/YOL077W-A/YLR295C/YPL271W/YPL078C/YPR020W/YML081C-A/YML022W/YBL099W/YBL039C/YBR039W/YNR016C/YJR121W/YKL016C/YFL045C,19,Downregulated,8. Mixed origin
GO:0006163,purine nucleotide metabolic process,18/149,130/5244,0.13846153846153847,4.873102736189985,7.646475480494815,1.7554107123093757e-8,2.59120619006482e-7,2.1962919757572338e-7,YDL004W/YDR298C/YDR322C-A/YDR377W/YDR399W/YOL077W-A/YOR095C/YLR295C/YPL271W/YPL078C/YPR020W/YML081C-A/YML022W/YMR145C/YBL099W/YBR039W/YJR121W/YKL016C,18,Downregulated,8. Mixed origin
GO:0055086,nucleobase-containing small molecule metabolic process,25/149,247/5244,0.10121457489878542,3.5622096024780583,7.053739637708176,1.7884091802594617e-8,2.59120619006482e-7,2.1962919757572338e-7,YDL004W/YDR298C/YDR322C-A/YDR377W/YDR399W/YOL077W-A/YOR095C/YLR017W/YLR295C/YPL273W/YPL271W/YPL078C/YPR020W/YML081C-A/YML022W/YMR145C/YMR220W/YBL099W/YBL039C/YBR039W/YNR016C/YNR043W/YJR121W/YKL016C/YFL045C,25,Downregulated,8. Mixed origin
GO:0032543,mitochondrial translation,18/149,133/5244,0.13533834586466165,4.763183125599233,7.516907422534044,2.5334336765159277e-8,3.5908668632356194e-7,3.0435988104596387e-7,YDL202W/YDR115W/YDR347W/YOR187W/YGL129C/YGL068W/YLR312W-A/YPL183W-A/YPR100W/YPR166C/YMR158W/YBR251W/YBR268W/YBR282W/YNR036C/YKL003C/YKR085C/YEL050C,18,Downregulated,8. Mixed origin
GO:0002181,cytoplasmic translation,20/149,166/5244,0.12048192771084337,4.2403169725883405,7.254477870673485,3.035997206816727e-8,4.2116386783925665e-7,3.5697615533679326e-7,YDL229W/YDL136W/YGR085C/YGR148C/YLR061W/YLR367W/YPL198W/YML091C/YML026C/YBL087C/YNL301C/YNL178W/YNL096C/YNL067W/YJL191W/YEL034W/YHR010W/YIL133C/YFL034C-A/YFR031C-A,20,Downregulated,8. Mixed origin
GO:0006753,nucleoside phosphate metabolic process,23/149,230/5244,0.1,3.519463087248322,6.68175768704566,8.989197794955624e-8,1.2210327004814724e-6,1.0349405356034436e-6,YDL004W/YDR298C/YDR322C-A/YDR377W/YDR399W/YOL077W-A/YOR095C/YLR295C/YPL271W/YPL078C/YPR020W/YML081C-A/YML022W/YMR145C/YMR220W/YBL099W/YBL039C/YBR039W/YNR016C/YNR043W/YJR121W/YKL016C/YFL045C,23,Downregulated,8. Mixed origin
GO:0140053,mitochondrial gene expression,19/149,164/5244,0.11585365853658537,4.077426747421837,6.8468176400177345,1.3118567985156195e-7,1.7455727196575181e-6,1.4795377426867888e-6,YDL202W/YDR115W/YDR347W/YOR187W/YGL129C/YGL068W/YLR312W-A/YPL183W-A/YPR100W/YPR166C/YML091C/YMR158W/YBR251W/YBR268W/YBR282W/YNR036C/YKL003C/YKR085C/YEL050C,19,Downregulated,8. Mixed origin
GO:0009117,nucleotide metabolic process,19/149,175/5244,0.10857142857142857,3.8211313518696066,6.490709243507426,3.6993863159556946e-7,4.823999756006225e-6,4.088795401845768e-6,YDL004W/YDR298C/YDR322C-A/YDR377W/YDR399W/YOL077W-A/YOR095C/YLR295C/YPL271W/YPL078C/YPR020W/YML081C-A/YML022W/YMR145C/YBL099W/YBL039C/YBR039W/YJR121W/YKL016C,19,Downregulated,8. Mixed origin
GO:1901137,carbohydrate derivative biosynthetic process,20/149,216/5244,0.09259259259259259,3.2587621178225206,5.797098844362517,2.3216440223631664e-6,2.9680625540799698e-5,2.5157133369260317e-5,YDL004W/YDR298C/YDR322C-A/YDR377W/YDR399W/YOL077W-A/YLR017W/YLR295C/YPL271W/YPL078C/YPR020W/YML081C-A/YML022W/YBL099W/YBL039C/YBR039W/YJR121W/YKL016C/YER001W/YFL045C,20,Downregulated,8. Mixed origin
GO:0090407,organophosphate biosynthetic process,22/149,263/5244,0.08365019011406843,2.944037563477684,5.531402027593169,3.816348048487271e-6,4.78511332233404e-5,4.055835476631209e-5,YDL004W/YDR298C/YDR322C-A/YDR377W/YDR399W/YOL077W-A/YLR168C/YLR295C/YPL271W/YPL078C/YPR020W/YML081C-A/YML022W/YMR220W/YBL099W/YBL039C/YBR039W/YNR016C/YNR043W/YJR121W/YKL016C/YFL045C,22,Downregulated,8. Mixed origin
GO:1990145,maintenance of translational fidelity,5/149,10/5244,0.5,17.59731543624161,8.983218385775485,3.891682008937282e-6,4.787503150617185e-5,4.0578610818114665e-5,YOR063W/YMR116C/YNL178W/YFR031C-A/YAL003W,5,Downregulated,8. Mixed origin
GO:0042407,cristae formation,5/149,11/5244,0.45454545454545453,15.997559487492373,8.514370360830194,6.971748118403015e-6,8.417740320738456e-5,7.13482994573408e-5,YDR322C-A/YLR168C/YLR295C/YPR020W/YCL057C-A,5,Downregulated,8. Mixed origin
GO:1901135,carbohydrate derivative metabolic process,22/149,298/5244,0.0738255033557047,2.5982613395792984,4.8578023353989765,2.8393267504656326e-5,3.3658928023701685e-4,2.8529120459224057e-4,YDL004W/YDR298C/YDR322C-A/YDR377W/YDR399W/YOL077W-A/YOR095C/YLR017W/YLR295C/YPL273W/YPL271W/YPL078C/YPR020W/YML081C-A/YML022W/YBL099W/YBL039C/YBR039W/YJR121W/YKL016C/YER001W/YFL045C,22,Downregulated,8. Mixed origin
GO:0006414,translational elongation,8/149,46/5244,0.17391304347826086,6.120805369127517,5.964994075943907,3.6755900350219946e-5,4.2794369693470365e-4,3.62722700824539e-4,YDL229W/YOR063W/YOR187W/YGR148C/YPR080W/YMR116C/YEL034W/YAL003W,8,Downregulated,8. Mixed origin
GO:0007005,mitochondrion organization,17/149,204/5244,0.08333333333333333,2.9328859060402683,4.815229641302197,5.5855248739891585e-5,6.38905652252795e-4,5.415328825197245e-4,YDR322C-A/YDR529C/YGL191W/YGR174C/YGR183C/YLR038C/YLR168C/YLR295C/YPR020W/YPR100W/YML091C/YML081C-A/YMR012W/YJR120W/YKL137W/YHR005C-A/YCL057C-A,17,Downregulated,8. Mixed origin
GO:0016126,sterol biosynthetic process,7/149,40/5244,0.175,6.159060402684563,5.600708032259334,1.1015665741339756e-4,0.0012383127695437105,0.0010495870261712109,YGL012W/YPL028W/YML008C/YMR220W/YNL111C/YNR043W/YHR190W,7,Downregulated,8. Mixed origin
GO:0046128,purine ribonucleoside metabolic process,4/149,10/5244,0.4,14.077852348993288,7.078325655690299,1.1507144764303169e-4,0.0012593415051167323,0.001067410865654318,YDR399W/YLR017W/YPL273W/YML022W,4,Downregulated,8. Mixed origin
GO:0019637,organophosphate metabolic process,25/149,398/5244,0.06281407035175879,2.210718019628343,4.29639108028787,1.1589032255675449e-4,0.0012593415051167323,0.001067410865654318,YDL004W/YDR298C/YDR322C-A/YDR377W/YDR399W/YOL077W-A/YOR095C/YLR168C/YLR295C/YPL271W/YPL078C/YPR020W/YML081C-A/YML022W/YMR145C/YMR220W/YBL099W/YBL039C/YBR039W/YNR016C/YNR043W/YJR121W/YKL016C/YHR190W/YFL045C,25,Downregulated,8. Mixed origin
GO:0006694,steroid biosynthetic process,7/149,41/5244,0.17073170731707318,6.008839417253233,5.505706964356988,1.2971024388251675e-4,0.0013864111313344413,0.001175114375122024,YGL012W/YPL028W/YML008C/YMR220W/YNL111C/YNR043W/YHR190W,7,Downregulated,8. Mixed origin
GO:0033108,mitochondrial respiratory chain complex assembly,8/149,59/5244,0.13559322033898305,4.772153338641793,4.982553067423263,2.285047271507137e-4,0.002402985195197828,0.0020367569058425245,YDR529C/YGL191W/YGR174C/YGR183C/YLR038C/YLR295C/YML081C-A/YKL137W,8,Downregulated,8. Mixed origin
GO:0042278,purine nucleoside metabolic process,4/149,12/5244,0.3333333333333333,11.731543624161073,6.363996316320715,2.59424724974984e-4,0.0026848400108522154,0.0022756554822367017,YDR399W/YLR017W/YPL273W/YML022W,4,Downregulated,8. Mixed origin
GO:0006696,ergosterol biosynthetic process,6/149,34/5244,0.17647058823529413,6.210817212791158,5.212396024001682,3.3133684322326254e-4,0.0033235634120241104,0.0028170338897524345,YGL012W/YPL028W/YML008C/YMR220W/YNR043W/YHR190W,6,Downregulated,8. Mixed origin
GO:0016129,phytosteroid biosynthetic process,6/149,34/5244,0.17647058823529413,6.210817212791158,5.212396024001682,3.3133684322326254e-4,0.0033235634120241104,0.0028170338897524345,YGL012W/YPL028W/YML008C/YMR220W/YNR043W/YHR190W,6,Downregulated,8. Mixed origin
GO:1902653,secondary alcohol biosynthetic process,6/149,36/5244,0.16666666666666666,5.865771812080537,5.009316469841992,4.5790313230332797e-4,0.004523527913057119,0.003834117136511119,YGL012W/YPL028W/YML008C/YMR220W/YNR043W/YHR190W,6,Downregulated,8. Mixed origin
GO:0007007,inner mitochondrial membrane organization,6/149,37/5244,0.16216216216216217,5.707237438781063,4.913422918885507,5.338833534577888e-4,0.005195402185887737,0.004403594038732745,YDR322C-A/YLR168C/YLR295C/YPR020W/YHR005C-A/YCL057C-A,6,Downregulated,8. Mixed origin
GO:0016125,sterol metabolic process,7/149,52/5244,0.1346153846153846,4.7377387712958186,4.631847416241077,5.942846835640945e-4,0.005698141377702788,0.0048297129856215105,YGL012W/YPL028W/YML008C/YMR220W/YNL111C/YNR043W/YHR190W,7,Downregulated,8. Mixed origin
GO:0008204,ergosterol metabolic process,6/149,38/5244,0.15789473684210525,5.557046979865772,4.82096736052443,6.193227984193113e-4,0.005768549493848443,0.004889390513836668,YGL012W/YPL028W/YML008C/YMR220W/YNR043W/YHR190W,6,Downregulated,8. Mixed origin
GO:0016128,phytosteroid metabolic process,6/149,38/5244,0.15789473684210525,5.557046979865772,4.82096736052443,6.193227984193113e-4,0.005768549493848443,0.004889390513836668,YGL012W/YPL028W/YML008C/YMR220W/YNR043W/YHR190W,6,Downregulated,8. Mixed origin
GO:0008202,steroid metabolic process,7/149,54/5244,0.12962962962962962,4.562266964951529,4.499358863018729,7.502469629706887e-4,0.006889591828970269,0.005839579771083937,YGL012W/YPL028W/YML008C/YMR220W/YNL111C/YNR043W/YHR190W,7,Downregulated,8. Mixed origin
GO:0009119,ribonucleoside metabolic process,4/149,16/5244,0.25,8.798657718120806,5.342235517716132,8.727518128906102e-4,0.007903252527842748,0.006698752949818281,YDR399W/YLR017W/YPL273W/YML022W,4,Downregulated,8. Mixed origin
GO:0006796,phosphate-containing compound metabolic process,25/149,461/5244,0.05422993492407809,1.9086025418917147,3.4928922502787247,0.001093927088647632,0.009770417284907617,0.008281351428118339,YDL004W/YDR298C/YDR322C-A/YDR377W/YDR399W/YOL077W-A/YOR095C/YLR168C/YLR295C/YPL271W/YPL078C/YPR020W/YML081C-A/YML022W/YMR145C/YMR220W/YBL099W/YBL039C/YBR039W/YNR016C/YNR043W/YJR121W/YKL016C/YHR190W/YFL045C,25,Downregulated,8. Mixed origin
GO:0006793,phosphorus metabolic process,25/149,474/5244,0.052742616033755275,1.856256902557132,3.342296973642578,0.0016248771014760579,0.014316484731924185,0.01213457294843429,YDL004W/YDR298C/YDR322C-A/YDR377W/YDR399W/YOL077W-A/YOR095C/YLR168C/YLR295C/YPL271W/YPL078C/YPR020W/YML081C-A/YML022W/YMR145C/YMR220W/YBL099W/YBL039C/YBR039W/YNR016C/YNR043W/YJR121W/YKL016C/YHR190W/YFL045C,25,Downregulated,8. Mixed origin
GO:0043094,metabolic compound salvage,5/149,33/5244,0.15151515151515152,5.332519829164125,4.269214357727149,0.00216107087890655,0.018522594032954295,0.015699647832258648,YDR399W/YLR017W/YPL273W/YML022W/YJR148W,5,Downregulated,8. Mixed origin
GO:1902652,secondary alcohol metabolic process,6/149,48/5244,0.125,4.399328859060403,4.045667602334191,0.0021797914748622966,0.018522594032954295,0.015699647832258648,YGL012W/YPL028W/YML008C/YMR220W/YNR043W/YHR190W,6,Downregulated,8. Mixed origin
GO:0009163,nucleoside biosynthetic process,3/149,10/5244,0.3,10.558389261744967,5.1734329256051135,0.0023295286973960922,0.018522594032954295,0.015699647832258648,YDR399W/YLR017W/YML022W,3,Downregulated,8. Mixed origin
GO:0017062,respiratory chain complex III assembly,3/149,10/5244,0.3,10.558389261744967,5.1734329256051135,0.0023295286973960922,0.018522594032954295,0.015699647832258648,YDR529C/YGR174C/YGR183C,3,Downregulated,8. Mixed origin
GO:0034404,nucleobase-containing small molecule biosynthetic process,3/149,10/5244,0.3,10.558389261744967,5.1734329256051135,0.0023295286973960922,0.018522594032954295,0.015699647832258648,YDR399W/YLR017W/YML022W,3,Downregulated,8. Mixed origin
GO:0034551,mitochondrial respiratory chain complex III assembly,3/149,10/5244,0.3,10.558389261744967,5.1734329256051135,0.0023295286973960922,0.018522594032954295,0.015699647832258648,YDR529C/YGR174C/YGR183C,3,Downregulated,8. Mixed origin
GO:0043102,amino acid salvage,3/149,10/5244,0.3,10.558389261744967,5.1734329256051135,0.0023295286973960922,0.018522594032954295,0.015699647832258648,YLR017W/YPL273W/YJR148W,3,Downregulated,8. Mixed origin
GO:0071267,L-methionine salvage,3/149,10/5244,0.3,10.558389261744967,5.1734329256051135,0.0023295286973960922,0.018522594032954295,0.015699647832258648,YLR017W/YPL273W/YJR148W,3,Downregulated,8. Mixed origin
GO:0009116,nucleoside metabolic process,4/149,23/5244,0.17391304347826086,6.120805369127517,4.208587004732314,0.003637496415683862,0.028574068229227447,0.024219221537527303,YDR399W/YLR017W/YPL273W/YML022W,4,Downregulated,8. Mixed origin
GO:0071265,L-methionine biosynthetic process,3/149,12/5244,0.25,8.798657718120806,4.624742788971027,0.0040959063513107035,0.03179203501255451,0.02694675231125463,YLR017W/YPL273W/YJR148W,3,Downregulated,8. Mixed origin
GO:0042254,ribosome biogenesis,21/149,400/5244,0.0525,1.8477181208053692,3.0164099455159854,0.004165747007406329,0.031953729986222666,0.02708380407292041,YDL229W/YDL136W/YDL083C/YDR064W/YOR063W/YGR081C/YGR085C/YPL198W/YPL183W-A/YPL082C/YML026C/YBR189W/YNL178W/YNL096C/YNR053C/YJL191W/YER036C/YER102W/YIL133C/YIL070C/YFR031C-A,21,Downregulated,8. Mixed origin
GO:0007006,mitochondrial membrane organization,6/149,56/5244,0.10714285714285714,3.770853307766059,3.5646634489407125,0.004788582463266044,0.03630413681452861,0.030771184739469683,YDR322C-A/YLR168C/YLR295C/YPR020W/YHR005C-A/YCL057C-A,6,Downregulated,8. Mixed origin
GO:0017004,cytochrome complex assembly,5/149,41/5244,0.12195121951219512,4.292028155180881,3.618591220634119,0.00568803407997271,0.042627565748761,0.03613088798530759,YDR529C/YGR174C/YGR183C/YLR038C/YKL137W,5,Downregulated,8. Mixed origin
GO:0034614,cellular response to reactive oxygen species,3/149,14/5244,0.21428571428571427,7.541706615532118,4.190976302394643,0.006500079066117397,0.04761855675402857,0.04036122424259767,YJR104C/YKL062W/YHR008C,3,Downregulated,8. Mixed origin
GO:1901659,glycosyl compound biosynthetic process,3/149,14/5244,0.21428571428571427,7.541706615532118,4.190976302394643,0.006500079066117397,0.04761855675402857,0.04036122424259767,YDR399W/YLR017W/YML022W,3,Downregulated,8. Mixed origin
GO:0046165,alcohol biosynthetic process,7/149,79/5244,0.08860759493670886,3.1185115962959817,3.2442939538685924,0.006805047106786798,0.04929878570694436,0.04178537697149788,YDR380W/YGL012W/YPL028W/YML008C/YMR220W/YNR043W/YHR190W,7,Downregulated,8. Mixed origin
GO:0006112,energy reserve metabolic process,5/24,40/5244,0.125,27.3125,11.326187922705651,7.625873321766122e-7,1.5251746643532243e-4,1.4127933732956184e-4,YPR184W/YMR105C/YEL011W/YER067W/YFR017C,5,Upregulated,M2. Mosaic region 2
GO:0005978,glycogen biosynthetic process,4/24,22/5244,0.18181818181818182,39.72727272727273,12.341561701938602,2.337379891218138e-6,2.3373798912181378e-4,2.1651518992336433e-4,YPR184W/YMR105C/YEL011W/YFR017C,4,Upregulated,M2. Mosaic region 2
GO:0005977,glycogen metabolic process,4/24,39/5244,0.10256410256410256,22.41025641025641,9.099218696263705,2.4949438547285015e-5,0.0014790835335754563,0.0013700984311014752,YPR184W/YMR105C/YEL011W/YFR017C,4,Upregulated,M2. Mosaic region 2
GO:0016051,carbohydrate biosynthetic process,5/24,85/5244,0.058823529411764705,12.852941176470587,7.469871418730678,3.315483833913323e-5,0.0014790835335754563,0.0013700984311014752,YPR184W/YML100W/YMR105C/YEL011W/YFR017C,5,Upregulated,M2. Mosaic region 2
GO:0015980,energy derivation by oxidation of organic compounds,6/24,149/5244,0.040268456375838924,8.798657718120806,6.547887330343487,4.193699074667182e-5,0.0014790835335754563,0.0013700984311014752,YPR184W/YMR081C/YMR105C/YEL011W/YER067W/YFR017C,6,Upregulated,M2. Mosaic region 2
GO:0009250,glucan biosynthetic process,4/24,45/5244,0.08888888888888889,19.42222222222222,8.414894261455094,4.4372506007263686e-5,0.0014790835335754563,0.0013700984311014752,YPR184W/YMR105C/YEL011W/YFR017C,4,Upregulated,M2. Mosaic region 2
GO:0000271,polysaccharide biosynthetic process,4/24,48/5244,0.08333333333333333,18.208333333333332,8.12054459434488,5.741843263705535e-5,0.0016405266467730102,0.0015196457359581566,YPR184W/YMR105C/YEL011W/YFR017C,4,Upregulated,M2. Mosaic region 2
GO:0006091,generation of precursor metabolites and energy,6/24,193/5244,0.031088082901554404,6.7927461139896375,5.559487562797005,1.7770281771626987e-4,0.004442570442906747,0.004115223147113618,YPR184W/YMR081C/YMR105C/YEL011W/YER067W/YFR017C,6,Upregulated,M2. Mosaic region 2
GO:0044042,glucan metabolic process,4/24,67/5244,0.05970149253731343,13.044776119402984,6.727556427321092,2.133942311616108e-4,0.004742094025813573,0.004392676571279942,YPR184W/YMR105C/YEL011W/YFR017C,4,Upregulated,M2. Mosaic region 2
GO:0005976,polysaccharide metabolic process,4/24,81/5244,0.04938271604938271,10.790123456790122,6.020601931122135,4.437510340838601e-4,0.008384802188297395,0.007766974658633376,YPR184W/YMR105C/YEL011W/YFR017C,4,Upregulated,M2. Mosaic region 2
GO:0005975,carbohydrate metabolic process,6/24,230/5244,0.02608695652173913,5.699999999999999,4.9423091677182045,4.6116412035635674e-4,0.008384802188297395,0.007766974658633376,YPR184W/YML100W/YMR105C/YEL011W/YER003C/YFR017C,6,Upregulated,M2. Mosaic region 2
GO:0005991,trehalose metabolic process,2/24,11/5244,0.18181818181818182,39.72727272727273,8.717625080793045,0.0010767552225873583,0.01794592037645597,0.016623589401348688,YML100W/YMR105C,2,Upregulated,M2. Mosaic region 2
GO:0005980,glycogen catabolic process,2/24,14/5244,0.14285714285714285,31.21428571428571,7.675131115123552,0.0017666596360835997,0.025237994801194284,0.023378353079001022,YPR184W/YFR017C,2,Upregulated,M2. Mosaic region 2
GO:0009225,nucleotide-sugar metabolic process,2/24,14/5244,0.14285714285714285,31.21428571428571,7.675131115123552,0.0017666596360835997,0.025237994801194284,0.023378353079001022,YMR105C/YER003C,2,Upregulated,M2. Mosaic region 2
GO:0005984,disaccharide metabolic process,2/24,19/5244,0.10526315789473684,23,6.5135332149708685,0.003273719330433984,0.0409214916304248,0.03790622382607771,YML100W/YMR105C,2,Upregulated,M2. Mosaic region 2
GO:0009251,glucan catabolic process,2/24,19/5244,0.10526315789473684,23,6.5135332149708685,0.003273719330433984,0.0409214916304248,0.03790622382607771,YPR184W/YFR017C,2,Upregulated,M2. Mosaic region 2
