ID,Description,GeneRatio,BgRatio,RichFactor,FoldEnrichment,zScore,pvalue,p.adjust,qvalue,geneID,Count,direction,clade
GO:0009065,glutamine family amino acid catabolic process,3/32,11/5298,0.2727272727272727,45.153409090909086,11.426296169120812,3.196924698652292e-5,0.009750620330889491,0.009018692834092783,YLR438W/YPL111W/YHR037W,3,Downregulated,1. Wine/European
GO:0044248,cellular catabolic process,5/32,100/5298,0.05,8.278125000000001,5.727313036158959,2.911564110052583e-4,0.04440135267830189,0.04106837797337328,YDR452W/YLR438W/YPL111W/YPL095C/YHR037W,5,Downregulated,1. Wine/European
GO:0009145,purine nucleoside triphosphate biosynthetic process,12/100,20/5298,0.6,31.787999999999997,19.131923324167104,1.1593569885627184e-16,3.188231718547476e-14,2.77025301477618e-14,YDL004W/YDR322C-A/YDR377W/YLR295C/YPL271W/YPL078C/YPR020W/YML081C-A/YBL099W/YJR121W/YKL067W/YKL016C,12,Upregulated,18. Far East Asia
GO:0009206,purine ribonucleoside triphosphate biosynthetic process,12/100,20/5298,0.6,31.787999999999997,19.131923324167104,1.1593569885627184e-16,3.188231718547476e-14,2.77025301477618e-14,YDL004W/YDR322C-A/YDR377W/YLR295C/YPL271W/YPL078C/YPR020W/YML081C-A/YBL099W/YJR121W/YKL067W/YKL016C,12,Upregulated,18. Far East Asia
GO:0006754,ATP biosynthetic process,11/100,16/5298,0.6875,36.42375,19.681227251023643,2.500918683342288e-16,3.4387631895956456e-14,2.9879396900984176e-14,YDL004W/YDR322C-A/YDR377W/YLR295C/YPL271W/YPL078C/YPR020W/YML081C-A/YBL099W/YJR121W/YKL016C,11,Upregulated,18. Far East Asia
GO:0015986,proton motive force-driven ATP synthesis,11/100,16/5298,0.6875,36.42375,19.681227251023643,2.500918683342288e-16,3.4387631895956456e-14,2.9879396900984176e-14,YDL004W/YDR322C-A/YDR377W/YLR295C/YPL271W/YPL078C/YPR020W/YML081C-A/YBL099W/YJR121W/YKL016C,11,Upregulated,18. Far East Asia
GO:0009201,ribonucleoside triphosphate biosynthetic process,12/100,24/5298,0.5,26.49,17.35810225712834,2.339149831092285e-15,2.5730648142015134e-13,2.235734785928205e-13,YDL004W/YDR322C-A/YDR377W/YLR295C/YPL271W/YPL078C/YPR020W/YML081C-A/YBL099W/YJR121W/YKL067W/YKL016C,12,Upregulated,18. Far East Asia
GO:0009142,nucleoside triphosphate biosynthetic process,12/100,28/5298,0.42857142857142855,22.705714285714283,15.971460767298659,2.4733074445915095e-14,2.2671984908755506e-12,1.9699676839377986e-12,YDL004W/YDR322C-A/YDR377W/YLR295C/YPL271W/YPL078C/YPR020W/YML081C-A/YBL099W/YJR121W/YKL067W/YKL016C,12,Upregulated,18. Far East Asia
GO:1902600,proton transmembrane transport,17/100,80/5298,0.2125,11.25825,12.822215859952268,4.6851611136751913e-14,3.6811980178876505e-12,3.1985911964038152e-12,YDL004W/YDR322C-A/YDR377W/YGL187C/YLR295C/YPL271W/YPL078C/YPR020W/YML120C/YML081C-A/YMR256C/YBL099W/YJL166W/YJR121W/YKL016C/YHR001W-A/YHR051W,17,Upregulated,18. Far East Asia
GO:0009205,purine ribonucleoside triphosphate metabolic process,13/100,51/5298,0.2549019607843137,13.504705882352939,12.44514285590542,4.595240195413975e-12,3.159227634347108e-10,2.7450513798920327e-10,YDL004W/YDR322C-A/YDR377W/YLR295C/YPL271W/YPL078C/YPR020W/YML081C-A/YBL099W/YJR009C/YJR121W/YKL067W/YKL016C,13,Upregulated,18. Far East Asia
GO:0009152,purine ribonucleotide biosynthetic process,12/100,41/5298,0.2926829268292683,15.506341463414634,12.93235699756651,5.2487699686630126e-12,3.2075816475162856e-10,2.7870661587988394e-10,YDL004W/YDR322C-A/YDR377W/YLR295C/YPL271W/YPL078C/YPR020W/YML081C-A/YBL099W/YJR121W/YKL067W/YKL016C,12,Upregulated,18. Far East Asia
GO:0009144,purine nucleoside triphosphate metabolic process,13/100,53/5298,0.24528301886792453,12.995094339622643,12.172105430239634,7.871084303598767e-12,4.329096366979322e-10,3.761549761930358e-10,YDL004W/YDR322C-A/YDR377W/YLR295C/YPL271W/YPL078C/YPR020W/YML081C-A/YBL099W/YJR009C/YJR121W/YKL067W/YKL016C,13,Upregulated,18. Far East Asia
GO:0009199,ribonucleoside triphosphate metabolic process,13/100,56/5298,0.23214285714285715,12.29892857142857,11.78907192274713,1.6878369230937876e-11,8.439184615468938e-10,7.332803474493585e-10,YDL004W/YDR322C-A/YDR377W/YLR295C/YPL271W/YPL078C/YPR020W/YML081C-A/YBL099W/YJR009C/YJR121W/YKL067W/YKL016C,13,Upregulated,18. Far East Asia
GO:0046034,ATP metabolic process,12/100,46/5298,0.2608695652173913,13.82086956521739,12.112419058177592,2.3925486318745994e-11,1.0965847896091915e-9,9.528219990097087e-10,YDL004W/YDR322C-A/YDR377W/YLR295C/YPL271W/YPL078C/YPR020W/YML081C-A/YBL099W/YJR009C/YJR121W/YKL016C,12,Upregulated,18. Far East Asia
GO:0098662,inorganic cation transmembrane transport,18/100,141/5298,0.1276595744680851,6.7634042553191485,9.620262498040749,7.254939448593509e-11,2.8759833658954448e-9,2.4989405705579564e-9,YDL004W/YDR322C-A/YDR377W/YGL187C/YLR295C/YPL271W/YPL078C/YPR020W/YML120C/YML081C-A/YMR256C/YBL099W/YJL166W/YJR121W/YKL016C/YHR001W-A/YHR051W/YFR040W,18,Upregulated,18. Far East Asia
GO:0098660,inorganic ion transmembrane transport,19/100,160/5298,0.11875,6.2913749999999995,9.426019445173745,7.320684931370223e-11,2.8759833658954448e-9,2.4989405705579564e-9,YDL004W/YDR322C-A/YDR377W/YGL187C/YLR295C/YPL271W/YPL078C/YPR020W/YML120C/YML081C-A/YMR256C/YBL099W/YJL166W/YJR077C/YJR121W/YKL016C/YHR001W-A/YHR051W/YFR040W,19,Upregulated,18. Far East Asia
GO:0009141,nucleoside triphosphate metabolic process,13/100,63/5298,0.20634920634920634,10.932380952380951,10.999226593873665,8.389572672165083e-11,3.07617664646053e-9,2.6728884162547e-9,YDL004W/YDR322C-A/YDR377W/YLR295C/YPL271W/YPL078C/YPR020W/YML081C-A/YBL099W/YJR009C/YJR121W/YKL067W/YKL016C,13,Upregulated,18. Far East Asia
GO:0098655,monoatomic cation transmembrane transport,18/100,143/5298,0.1258741258741259,6.66881118881119,9.531089000842847,9.222204393427149e-11,3.1701327602405826e-9,2.754526838563109e-9,YDL004W/YDR322C-A/YDR377W/YGL187C/YLR295C/YPL271W/YPL078C/YPR020W/YML120C/YML081C-A/YMR256C/YBL099W/YJL166W/YJR121W/YKL016C/YHR001W-A/YHR051W/YFR040W,18,Upregulated,18. Far East Asia
GO:0034220,monoatomic ion transmembrane transport,18/100,151/5298,0.11920529801324503,6.315496688741722,9.190774071206182,2.315987746633209e-10,7.167484251898901e-9,6.227823637056653e-9,YDL004W/YDR322C-A/YDR377W/YGL187C/YLR295C/YPL271W/YPL078C/YPR020W/YML120C/YML081C-A/YMR256C/YBL099W/YJL166W/YJR121W/YKL016C/YHR001W-A/YHR051W/YFR040W,18,Upregulated,18. Far East Asia
GO:0009260,ribonucleotide biosynthetic process,12/100,55/5298,0.21818181818181817,11.559272727272726,10.917476652962101,2.3457221188032765e-10,7.167484251898901e-9,6.227823637056653e-9,YDL004W/YDR322C-A/YDR377W/YLR295C/YPL271W/YPL078C/YPR020W/YML081C-A/YBL099W/YJR121W/YKL067W/YKL016C,12,Upregulated,18. Far East Asia
GO:0009060,aerobic respiration,14/100,84/5298,0.16666666666666666,8.83,10.032582519500874,3.0911608118269103e-10,8.948097086867371e-9,7.774997277392893e-9,YDL066W/YGL187C/YPL271W/YML120C/YMR002W/YMR256C/YBL030C/YNR001C/YJL166W/YJR121W/YKL148C/YKL085W/YHR001W-A/YHR051W,14,Upregulated,18. Far East Asia
GO:0009150,purine ribonucleotide metabolic process,13/100,72/5298,0.18055555555555555,9.565833333333334,10.149578675975865,4.943555065401401e-10,1.3594776429853852e-8,1.1812494735222294e-8,YDL004W/YDR322C-A/YDR377W/YLR295C/YPL271W/YPL078C/YPR020W/YML081C-A/YBL099W/YJR009C/YJR121W/YKL067W/YKL016C,13,Upregulated,18. Far East Asia
GO:0006812,monoatomic cation transport,19/100,179/5298,0.10614525139664804,5.623575418994413,8.727879583485633,5.247119358354282e-10,1.3742455462356452e-8,1.194081297590398e-8,YDL004W/YDR322C-A/YDR377W/YGL187C/YLR295C/YPL271W/YPL078C/YPR020W/YML120C/YML081C-A/YMR256C/YBL099W/YBL030C/YJL166W/YJR121W/YKL016C/YHR001W-A/YHR051W/YFR040W,19,Upregulated,18. Far East Asia
GO:0046390,ribose phosphate biosynthetic process,12/100,61/5298,0.19672131147540983,10.422295081967214,10.265430819073194,8.484856816694473e-10,2.1212142041736183e-8,1.8431220070714306e-8,YDL004W/YDR322C-A/YDR377W/YLR295C/YPL271W/YPL078C/YPR020W/YML081C-A/YBL099W/YJR121W/YKL067W/YKL016C,12,Upregulated,18. Far East Asia
GO:0006163,purine nucleotide metabolic process,16/100,129/5298,0.12403100775193798,6.571162790697674,8.884526494045975,1.4323214306975484e-9,3.425116464711529e-8,2.976082057376142e-8,YDL066W/YDL004W/YDR322C-A/YDR377W/YLR295C/YPL271W/YPL078C/YPR020W/YML120C/YML081C-A/YMR145C/YBL099W/YJR009C/YJR121W/YKL067W/YKL016C,16,Upregulated,18. Far East Asia
GO:0006164,purine nucleotide biosynthetic process,12/100,64/5298,0.1875,9.93375,9.972493727848047,1.526714101206069e-9,3.498719815263909e-8,3.040035973454191e-8,YDL004W/YDR322C-A/YDR377W/YLR295C/YPL271W/YPL078C/YPR020W/YML081C-A/YBL099W/YJR121W/YKL067W/YKL016C,12,Upregulated,18. Far East Asia
GO:0006811,monoatomic ion transport,19/100,195/5298,0.09743589743589744,5.1621538461538465,8.21333429169535,2.282387068968672e-9,5.021251551731078e-8,4.36296307078643e-8,YDL004W/YDR322C-A/YDR377W/YGL187C/YLR295C/YPL271W/YPL078C/YPR020W/YML120C/YML081C-A/YMR256C/YBL099W/YBL030C/YJL166W/YJR121W/YKL016C/YHR001W-A/YHR051W/YFR040W,19,Upregulated,18. Far East Asia
GO:0045333,cellular respiration,14/100,98/5298,0.14285714285714285,7.568571428571428,9.102886795547288,2.5604570377915884e-9,5.4163514260975905e-8,4.70626516258049e-8,YDL066W/YGL187C/YPL271W/YML120C/YMR002W/YMR256C/YBL030C/YNR001C/YJL166W/YJR121W/YKL148C/YKL085W/YHR001W-A/YHR051W,14,Upregulated,18. Far East Asia
GO:0006119,oxidative phosphorylation,9/100,31/5298,0.2903225806451613,15.381290322580647,11.137658315087547,3.022318403553391e-9,6.156574525756909e-8,5.3494446597007395e-8,YGL187C/YPL271W/YML120C/YMR256C/YJL166W/YJR121W/YKL148C/YHR001W-A/YHR051W,9,Upregulated,18. Far East Asia
GO:0072521,purine-containing compound metabolic process,18/100,179/5298,0.1005586592178771,5.327597765363128,8.169165366413704,3.844498804406812e-9,7.551694080084809e-8,6.561663372934934e-8,YDL066W/YDL004W/YDR322C-A/YDR377W/YLR295C/YPL271W/YPL078C/YPR020W/YML120C/YML081C-A/YMR145C/YBL099W/YNL141W/YNR001C/YJR009C/YJR121W/YKL067W/YKL016C,18,Upregulated,18. Far East Asia
GO:0072522,purine-containing compound biosynthetic process,13/100,86/5298,0.1511627906976744,8.00860465116279,9.088148892059637,4.884594530040477e-9,9.263886177662974e-8,8.049386267289934e-8,YDL004W/YDR322C-A/YDR377W/YLR295C/YPL271W/YPL078C/YPR020W/YML081C-A/YBL099W/YNL141W/YJR121W/YKL067W/YKL016C,13,Upregulated,18. Far East Asia
GO:0009259,ribonucleotide metabolic process,13/100,87/5298,0.14942528735632185,7.916551724137931,9.021641551563757,5.654337106353731e-9,1.036628469498184e-7,9.00725981152489e-8,YDL004W/YDR322C-A/YDR377W/YLR295C/YPL271W/YPL078C/YPR020W/YML081C-A/YBL099W/YJR009C/YJR121W/YKL067W/YKL016C,13,Upregulated,18. Far East Asia
GO:0140053,mitochondrial gene expression,17/100,164/5298,0.10365853658536585,5.491829268292682,8.104273357559176,6.913813855696025e-9,1.2266443937525206e-7,1.065830726820372e-7,YDL044C/YDL033C/YDR115W/YDR116C/YOR017W/YGR150C/YGR165W/YLR312W-A/YPL215W/YPR100W/YML091C/YMR098C/YMR158W/YBR185C/YKL194C/YKR006C/YFL036W,17,Upregulated,18. Far East Asia
GO:0019693,ribose phosphate metabolic process,13/100,94/5298,0.13829787234042554,7.327021276595745,8.584033950992353,1.4932017665678346e-8,2.5664405362884656e-7,2.2299789540190688e-7,YDL004W/YDR322C-A/YDR377W/YLR295C/YPL271W/YPL078C/YPR020W/YML081C-A/YBL099W/YJR009C/YJR121W/YKL067W/YKL016C,13,Upregulated,18. Far East Asia
GO:0009117,nucleotide metabolic process,17/100,174/5298,0.09770114942528736,5.176206896551724,7.768710158333046,1.7086329181018657e-8,2.8477215301697767e-7,2.4743838750183316e-7,YDL066W/YDL004W/YDR322C-A/YDR377W/YLR295C/YPL271W/YPL078C/YPR020W/YML120C/YML081C-A/YMR145C/YBL099W/YNL141W/YJR009C/YJR121W/YKL067W/YKL016C,17,Upregulated,18. Far East Asia
GO:0055085,transmembrane transport,26/100,422/5298,0.061611374407582936,3.2641706161137436,6.72404135482771,3.4917816500602225e-8,5.64847031627389e-7,4.907953155193006e-7,YDL004W/YDR322C-A/YDR377W/YGL187C/YLR188W/YLR295C/YPL271W/YPL078C/YPR011C/YPR020W/YML120C/YML081C-A/YMR256C/YBL099W/YBL030C/YNL121C/YJL166W/YJR077C/YJR121W/YKL188C/YKL016C/YEL063C/YHR001W-A/YHR051W/YCL025C/YFR040W,26,Upregulated,18. Far East Asia
GO:0015980,energy derivation by oxidation of organic compounds,15/100,151/5298,0.09933774834437085,5.262913907284768,7.370802937351015,1.0436062290376447e-7,1.6399526456305845e-6,1.4249540691220772e-6,YDL066W/YGL187C/YPL271W/YML120C/YMR002W/YMR145C/YMR256C/YBL030C/YNR001C/YJL166W/YJR121W/YKL148C/YKL085W/YHR001W-A/YHR051W,15,Upregulated,18. Far East Asia
GO:0009165,nucleotide biosynthetic process,12/100,96/5298,0.125,6.6225,7.710397277015767,1.7646465746763274e-7,2.6747794471633154e-6,2.324114581841426e-6,YDL004W/YDR322C-A/YDR377W/YLR295C/YPL271W/YPL078C/YPR020W/YML081C-A/YBL099W/YJR121W/YKL067W/YKL016C,12,Upregulated,18. Far East Asia
GO:0007005,mitochondrion organization,17/100,204/5298,0.08333333333333333,4.415,6.898793893913754,1.8237250204359296e-7,2.6747794471633154e-6,2.324114581841426e-6,YDR322C-A/YOL095C/YGR150C/YLR295C/YPL215W/YPR020W/YPR100W/YML091C/YML081C-A/YMR002W/YMR098C/YBR185C/YNL121C/YNL100W/YNR040W/YJR144W/YFL036W,17,Upregulated,18. Far East Asia
GO:0006753,nucleoside phosphate metabolic process,18/100,229/5298,0.07860262008733625,4.164366812227074,6.789538658188839,1.848029436221927e-7,2.6747794471633154e-6,2.324114581841426e-6,YDL066W/YDL004W/YDR322C-A/YDR377W/YLR295C/YPL271W/YPL078C/YPR020W/YML120C/YML081C-A/YMR145C/YBL099W/YNL141W/YNR001C/YJR009C/YJR121W/YKL067W/YKL016C,18,Upregulated,18. Far East Asia
GO:0019646,aerobic electron transport chain,7/100,26/5298,0.2692307692307692,14.263846153846153,9.40297535797312,3.388379458353676e-7,4.778483851524415e-6,4.152022332233654e-6,YGL187C/YML120C/YMR256C/YJL166W/YKL148C/YHR001W-A/YHR051W,7,Upregulated,18. Far East Asia
GO:1901293,nucleoside phosphate biosynthetic process,13/100,124/5298,0.10483870967741936,5.554354838709678,7.117399502046494,4.2675952844255134e-7,5.867943516085081e-6,5.09865331349785e-6,YDL004W/YDR322C-A/YDR377W/YLR295C/YPL271W/YPL078C/YPR020W/YML081C-A/YBL099W/YNL141W/YJR121W/YKL067W/YKL016C,13,Upregulated,18. Far East Asia
GO:0042773,ATP synthesis coupled electron transport,7/100,27/5298,0.25925925925925924,13.735555555555555,9.201319636581742,4.504077388511921e-7,5.898196580194182e-6,5.124940186427098e-6,YGL187C/YML120C/YMR256C/YJL166W/YKL148C/YHR001W-A/YHR051W,7,Upregulated,18. Far East Asia
GO:0042775,mitochondrial ATP synthesis coupled electron transport,7/100,27/5298,0.25925925925925924,13.735555555555555,9.201319636581742,4.504077388511921e-7,5.898196580194182e-6,5.124940186427098e-6,YGL187C/YML120C/YMR256C/YJL166W/YKL148C/YHR001W-A/YHR051W,7,Upregulated,18. Far East Asia
GO:0006091,generation of precursor metabolites and energy,16/100,195/5298,0.08205128205128205,4.347076923076923,6.6049124288505965,5.418891237989452e-7,6.790083097382436e-6,5.899899954472011e-6,YDL066W/YGL187C/YPL271W/YML120C/YMR002W/YMR145C/YMR256C/YBL030C/YNR001C/YJL166W/YJR009C/YJR121W/YKL148C/YKL085W/YHR001W-A/YHR051W,16,Upregulated,18. Far East Asia
GO:0055086,nucleobase-containing small molecule metabolic process,18/100,246/5298,0.07317073170731707,3.8765853658536584,6.407815493899164,5.432066477905948e-7,6.790083097382436e-6,5.899899954472011e-6,YDL066W/YDL004W/YDR322C-A/YDR377W/YLR295C/YPL271W/YPL078C/YPR020W/YML120C/YML081C-A/YMR145C/YBL099W/YNL141W/YNR001C/YJR009C/YJR121W/YKL067W/YKL016C,18,Upregulated,18. Far East Asia
GO:0022904,respiratory electron transport chain,7/100,30/5298,0.23333333333333334,12.362,8.655444541492791,9.85728650213233e-7,1.2047794613717292e-5,1.0468322975363927e-5,YGL187C/YML120C/YMR256C/YJL166W/YKL148C/YHR001W-A/YHR051W,7,Upregulated,18. Far East Asia
GO:0022900,electron transport chain,7/100,31/5298,0.22580645161290322,11.963225806451613,8.490522082826374,1.2536910501545588e-6,1.4989784295326248e-5,1.3024616402063382e-5,YGL187C/YML120C/YMR256C/YJL166W/YKL148C/YHR001W-A/YHR051W,7,Upregulated,18. Far East Asia
GO:0007007,inner mitochondrial membrane organization,7/100,37/5298,0.1891891891891892,10.023243243243243,7.638819094168447,4.473648760926271e-6,5.235120890445636e-5,4.5487940368656824e-5,YDR322C-A/YLR295C/YPR020W/YBR185C/YNL121C/YNL100W/YNR040W,7,Upregulated,18. Far East Asia
GO:0032543,mitochondrial translation,11/100,133/5298,0.08270676691729323,4.381804511278196,5.478176310992506,3.4807647196845724e-5,3.9883762413052393e-4,3.4654982077561314e-4,YDL044C/YDR115W/YDR116C/YGR165W/YLR312W-A/YPL215W/YPR100W/YMR158W/YBR185C/YKL194C/YKR006C,11,Upregulated,18. Far East Asia
GO:0042407,cristae formation,4/100,11/5298,0.36363636363636365,19.265454545454546,8.4104458809685,3.563097734953364e-5,3.9993954167843885e-4,3.475072764057631e-4,YDR322C-A/YLR295C/YPR020W/YNL100W,4,Upregulated,18. Far East Asia
GO:0007006,mitochondrial membrane organization,7/100,56/5298,0.125,6.6225,5.866401974896736,7.515241788504501e-5,8.266765967354951e-4,7.182988993644303e-4,YDR322C-A/YLR295C/YPR020W/YBR185C/YNL121C/YNL100W/YNR040W,7,Upregulated,18. Far East Asia
GO:0019637,organophosphate metabolic process,19/100,397/5298,0.047858942065491183,2.535566750629723,4.411826762732026,1.2328298759308292e-4,0.0013295224152195218,0.0011552213904491154,YDL066W/YDL004W/YDR322C-A/YDR377W/YGR157W/YLR295C/YPL271W/YPL078C/YPR020W/YML120C/YML081C-A/YMR145C/YBL099W/YNL141W/YNR001C/YJR009C/YJR121W/YKL067W/YKL016C,19,Upregulated,18. Far East Asia
GO:0090407,organophosphate biosynthetic process,14/100,263/5298,0.053231939163498096,2.8202281368821294,4.199531169908685,3.686964824898389e-4,0.003899674334027142,0.003388425162963297,YDL004W/YDR322C-A/YDR377W/YGR157W/YLR295C/YPL271W/YPL078C/YPR020W/YML081C-A/YBL099W/YNL141W/YJR121W/YKL067W/YKL016C,14,Upregulated,18. Far East Asia
GO:0006793,phosphorus metabolic process,20/100,473/5298,0.042283298097251586,2.240169133192389,3.9197618193105868,4.258957191309808e-4,0.004419672557019612,0.0038402513701184765,YDL066W/YDL004W/YDR322C-A/YDR377W/YGR157W/YLR295C/YPL271W/YPL078C/YPR020W/YML120C/YML081C-A/YMR145C/YBL099W/YNL217W/YNL141W/YNR001C/YJR009C/YJR121W/YKL067W/YKL016C,20,Upregulated,18. Far East Asia
GO:0006915,apoptotic process,5/100,37/5298,0.13513513513513514,7.159459459459459,5.21442182819442,5.84873219574411e-4,0.005957042051220853,0.005176070988046445,YML120C/YMR145C/YBL030C/YNL180C/YJR009C,5,Upregulated,18. Far East Asia
GO:1901137,carbohydrate derivative biosynthetic process,12/100,215/5298,0.05581395348837209,2.9570232558139535,4.0630485378784496,6.554096177487735e-4,0.006554096177487735,0.005694851032687908,YDL004W/YDR322C-A/YDR377W/YLR295C/YPL271W/YPL078C/YPR020W/YML081C-A/YBL099W/YJR121W/YKL067W/YKL016C,12,Upregulated,18. Far East Asia
GO:0000963,mitochondrial RNA processing,4/100,22/5298,0.18181818181818182,9.632727272727273,5.627348563932902,6.731538757871787e-4,0.006611332708624076,0.005744583827206375,YDL033C/YOR017W/YGR150C/YML091C,4,Upregulated,18. Far East Asia
GO:0006796,phosphate-containing compound metabolic process,19/100,460/5298,0.041304347826086954,2.1883043478260866,3.6988823575480296,8.111449755027301e-4,0.007826837482921081,0.006800735344011809,YDL066W/YDL004W/YDR322C-A/YDR377W/YGR157W/YLR295C/YPL271W/YPL078C/YPR020W/YML120C/YML081C-A/YMR145C/YBL099W/YNL141W/YNR001C/YJR009C/YJR121W/YKL067W/YKL016C,19,Upregulated,18. Far East Asia
GO:0006123,"mitochondrial electron transport, cytochrome c to oxygen",3/100,11/5298,0.2727272727272727,14.449090909090907,6.192720304750546,9.645436762552218e-4,0.008841650365672866,0.007682505772278433,YGL187C/YMR256C/YHR051W,3,Upregulated,18. Far East Asia
GO:0033615,mitochondrial proton-transporting ATP synthase complex assembly,3/100,11/5298,0.2727272727272727,14.449090909090907,6.192720304750546,9.645436762552218e-4,0.008841650365672866,0.007682505772278433,YLR295C/YML081C-A/YMR098C,3,Upregulated,18. Far East Asia
GO:0043461,proton-transporting ATP synthase complex assembly,3/100,11/5298,0.2727272727272727,14.449090909090907,6.192720304750546,9.645436762552218e-4,0.008841650365672866,0.007682505772278433,YLR295C/YML081C-A/YMR098C,3,Upregulated,18. Far East Asia
GO:0008219,cell death,5/100,42/5298,0.11904761904761904,6.307142857142857,4.789107590753425,0.0010593776753933188,0.00939770518494073,0.008165661538685342,YML120C/YMR145C/YBL030C/YNL180C/YJR009C,5,Upregulated,18. Far East Asia
GO:0012501,programmed cell death,5/100,42/5298,0.11904761904761904,6.307142857142857,4.789107590753425,0.0010593776753933188,0.00939770518494073,0.008165661538685342,YML120C/YMR145C/YBL030C/YNL180C/YJR009C,5,Upregulated,18. Far East Asia
GO:0000959,mitochondrial RNA metabolic process,5/100,45/5298,0.1111111111111111,5.886666666666667,4.56574992819971,0.0014550246865227506,0.01270259646964306,0.011037279994675504,YDL033C/YOR017W/YML091C/YKL194C/YFL036W,5,Upregulated,18. Far East Asia
GO:0006099,tricarboxylic acid cycle,4/100,28/5298,0.14285714285714285,7.568571428571428,4.833274753721155,0.0017275188970855213,0.014845865521828698,0.012899565448632017,YDL066W/YNR001C/YKL148C/YKL085W,4,Upregulated,18. Far East Asia
GO:0000002,mitochondrial genome maintenance,5/100,51/5298,0.09803921568627451,5.194117647058823,4.174140020820663,0.0025587507569389146,0.021650967943329276,0.018812515686644007,YOL095C/YGR150C/YPR100W/YJR144W/YFL036W,5,Upregulated,18. Far East Asia
GO:1901135,carbohydrate derivative metabolic process,13/100,296/5298,0.04391891891891892,2.3268243243243245,3.258249111078397,0.003480915258288837,0.029007627152406977,0.02520471335347898,YDL004W/YDR322C-A/YDR377W/YLR295C/YPL271W/YPL078C/YPR020W/YML081C-A/YBL099W/YJR009C/YJR121W/YKL067W/YKL016C,13,Upregulated,18. Far East Asia
GO:0070071,proton-transporting two-sector ATPase complex assembly,3/100,18/5298,0.16666666666666666,8.83,4.615065851034493,0.004333522278863538,0.03557369034887979,0.03090996252323718,YLR295C/YML081C-A/YMR098C,3,Upregulated,18. Far East Asia
GO:0170034,L-amino acid biosynthetic process,21/217,105/5298,0.2,4.882949308755761,8.30457602264563,8.419997473802251e-10,8.234757529378601e-7,7.985702867258767e-7,YDL182W/YDL131W/YDR034C/YDR354W/YOL058W/YLL062C/YLR303W/YMR062C/YBR115C/YBR248C/YNL277W/YNR050C/YJL088W/YKL001C/YER069W/YER090W/YER091C/YHR018C/YIL116W/YIL094C/YIR034C,21,Downregulated,18. Far East Asia
GO:0170038,proteinogenic amino acid biosynthetic process,21/217,109/5298,0.1926605504587156,4.703758508434448,8.073917951598602,1.736666363914241e-9,8.492298519540638e-7,8.235454704667007e-7,YDL182W/YDL131W/YDR034C/YDR354W/YOL058W/YLL062C/YLR303W/YMR062C/YBR115C/YBR248C/YNL277W/YNR050C/YJL088W/YKL001C/YER069W/YER090W/YER091C/YHR018C/YIL116W/YIL094C/YIR034C,21,Downregulated,18. Far East Asia
GO:1901607,alpha-amino acid biosynthetic process,21/217,116/5298,0.1810344827586207,4.419911012235818,7.696005189385927,5.679590115908755e-9,1.851546377786254e-6,1.795547612082031e-6,YDL182W/YDL131W/YDR034C/YDR354W/YOL058W/YLL062C/YLR303W/YMR062C/YBR115C/YBR248C/YNL277W/YNR050C/YJL088W/YKL001C/YER069W/YER090W/YER091C/YHR018C/YIL116W/YIL094C/YIR034C,21,Downregulated,18. Far East Asia
GO:0170033,L-amino acid metabolic process,23/217,143/5298,0.16083916083916083,3.926847346202185,7.332026258507676,1.1107147142628449e-8,2.715697476372656e-6,2.6335630461863774e-6,YDL182W/YDL131W/YDR034C/YDR354W/YOL058W/YLL062C/YLR283W/YLR303W/YMR062C/YBR006W/YBR115C/YBR248C/YNL277W/YNR050C/YJL088W/YKL001C/YER069W/YER090W/YER091C/YHR018C/YIL116W/YIL094C/YIR034C,23,Downregulated,18. Far East Asia
GO:0170039,proteinogenic amino acid metabolic process,23/217,145/5298,0.15862068965517243,3.872683934530431,7.247897308531359,1.4608993556033683e-8,2.7453891723420955e-6,2.662356736928456e-6,YDL182W/YDL131W/YDR034C/YDR354W/YOL058W/YLL062C/YLR283W/YLR303W/YMR062C/YBR006W/YBR115C/YBR248C/YNL277W/YNR050C/YJL088W/YKL001C/YER069W/YER090W/YER091C/YHR018C/YIL116W/YIL094C/YIR034C,23,Downregulated,18. Far East Asia
GO:1901605,alpha-amino acid metabolic process,24/217,159/5298,0.1509433962264151,3.685244761325102,7.104170684574328,1.9011808591693307e-8,2.7453891723420955e-6,2.662356736928456e-6,YDL182W/YDL131W/YDR034C/YDR354W/YOL058W/YLL062C/YLR283W/YLR303W/YMR062C/YBR006W/YBR115C/YBR248C/YNL277W/YNR050C/YJL088W/YKL001C/YER069W/YER090W/YER091C/YHR018C/YHR112C/YIL116W/YIL094C/YIR034C,24,Downregulated,18. Far East Asia
GO:0008652,amino acid biosynthetic process,21/217,124/5298,0.1693548387096774,4.134755463059313,7.299137657038787,1.9650024750914793e-8,2.7453891723420955e-6,2.662356736928456e-6,YDL182W/YDL131W/YDR034C/YDR354W/YOL058W/YLL062C/YLR303W/YMR062C/YBR115C/YBR248C/YNL277W/YNR050C/YJL088W/YKL001C/YER069W/YER090W/YER091C/YHR018C/YIL116W/YIL094C/YIR034C,21,Downregulated,18. Far East Asia
GO:0044283,small molecule biosynthetic process,36/217,328/5298,0.10975609756097561,2.6796673035854783,6.490112900374425,3.0050303352742326e-8,3.6736495848727494e-6,3.5625425422132682e-6,YDL182W/YDL168W/YDL131W/YDR034C/YDR287W/YDR354W/YDR533C/YOL058W/YLL062C/YLR228C/YLR303W/YPR067W/YMR062C/YMR278W/YMR303C/YBR105C/YBR115C/YBR248C/YNL277W/YNR050C/YNR057C/YJL088W/YKL001C/YER044C/YER062C/YER069W/YER090W/YER091C/YHR018C/YHR046C/YIL116W/YIL094C/YIL053W/YIL049W/YIR034C/YFL059W,36,Downregulated,18. Far East Asia
GO:0019878,lysine biosynthetic process via aminoadipic acid,7/217,13/5298,0.5384615384615384,13.14640198511166,9.060811307566071,2.4446204170261764e-7,2.6564875198351117e-5,2.576143854667351e-5,YDL182W/YDL131W/YDR034C/YBR115C/YNR050C/YIL094C/YIR034C,7,Downregulated,18. Far East Asia
GO:0006520,amino acid metabolic process,27/217,226/5298,0.11946902654867257,2.9168060030178213,6.085734671849116,3.576836966739528e-7,3.051753383418817e-5,2.9594551700143735e-5,YDL182W/YDL168W/YDL131W/YDR034C/YDR354W/YOL058W/YLL062C/YLR283W/YLR303W/YMR062C/YMR303C/YBR006W/YBR115C/YBR248C/YNL277W/YNR050C/YJL088W/YKL001C/YER069W/YER090W/YER091C/YHR018C/YHR112C/YIL116W/YIL094C/YIR034C/YFL059W,27,Downregulated,18. Far East Asia
GO:0009067,aspartate family amino acid biosynthetic process,12/217,49/5298,0.24489795918367346,5.979121602558074,7.235736492052795,3.97179757601667e-7,3.051753383418817e-5,2.9594551700143735e-5,YDL182W/YDL131W/YDR034C/YLL062C/YLR303W/YBR115C/YNL277W/YNR050C/YKL001C/YER091C/YIL094C/YIR034C,12,Downregulated,18. Far East Asia
GO:0016053,organic acid biosynthetic process,24/217,186/5298,0.12903225806451613,3.1502898766166196,6.169192412449136,4.0565229022949514e-7,3.051753383418817e-5,2.9594551700143735e-5,YDL182W/YDL131W/YDR034C/YDR354W/YDR533C/YOL058W/YLL062C/YLR303W/YPR067W/YMR062C/YBR115C/YBR248C/YNL277W/YNR050C/YNR057C/YJL088W/YKL001C/YER069W/YER090W/YER091C/YHR018C/YIL116W/YIL094C/YIR034C,24,Downregulated,18. Far East Asia
GO:0046394,carboxylic acid biosynthetic process,24/217,186/5298,0.12903225806451613,3.1502898766166196,6.169192412449136,4.0565229022949514e-7,3.051753383418817e-5,2.9594551700143735e-5,YDL182W/YDL131W/YDR034C/YDR354W/YDR533C/YOL058W/YLL062C/YLR303W/YPR067W/YMR062C/YBR115C/YBR248C/YNL277W/YNR050C/YNR057C/YJL088W/YKL001C/YER069W/YER090W/YER091C/YHR018C/YIL116W/YIL094C/YIR034C,24,Downregulated,18. Far East Asia
GO:0019752,carboxylic acid metabolic process,34/217,339/5298,0.10029498525073746,2.4486766445087884,5.696977567760817,6.85396170309413e-7,4.787981818304328e-5,4.643172552246475e-5,YDL182W/YDL131W/YDL078C/YDR034C/YDR253C/YDR354W/YDR533C/YOL136C/YOL058W/YGR254W/YLL062C/YLR283W/YLR303W/YPR067W/YMR062C/YMR246W/YBR006W/YBR115C/YBR248C/YNL277W/YNR050C/YNR057C/YJL088W/YJR010W/YKL001C/YER069W/YER090W/YER091C/YHR018C/YHR112C/YIL116W/YIL094C/YIR034C/YFR053C,34,Downregulated,18. Far East Asia
GO:0009085,lysine biosynthetic process,7/217,15/5298,0.4666666666666667,11.393548387096775,8.329892991787602,8.543301131051605e-7,5.570232337445647e-5,5.401764434440349e-5,YDL182W/YDL131W/YDR034C/YBR115C/YNR050C/YIL094C/YIR034C,7,Downregulated,18. Far East Asia
GO:0006553,lysine metabolic process,7/217,16/5298,0.4375,10.681451612903226,8.014409480015242,1.466239088113433e-6,8.962386426093359e-5,8.69132512098818e-5,YDL182W/YDL131W/YDR034C/YBR115C/YNR050C/YIL094C/YIR034C,7,Downregulated,18. Far East Asia
GO:0043436,oxoacid metabolic process,34/217,355/5298,0.09577464788732394,2.338313753488674,5.394448711621184,2.002746982895183e-6,1.1521685583949934e-4,1.1173220009836284e-4,YDL182W/YDL131W/YDL078C/YDR034C/YDR253C/YDR354W/YDR533C/YOL136C/YOL058W/YGR254W/YLL062C/YLR283W/YLR303W/YPR067W/YMR062C/YMR246W/YBR006W/YBR115C/YBR248C/YNL277W/YNR050C/YNR057C/YJL088W/YJR010W/YKL001C/YER069W/YER090W/YER091C/YHR018C/YHR112C/YIL116W/YIL094C/YIR034C/YFR053C,34,Downregulated,18. Far East Asia
GO:0006082,organic acid metabolic process,34/217,357/5298,0.09523809523809523,2.3252139565503622,5.357756083321081,2.277240629303476e-6,1.2373007419215555e-4,1.199879419299668e-4,YDL182W/YDL131W/YDL078C/YDR034C/YDR253C/YDR354W/YDR533C/YOL136C/YOL058W/YGR254W/YLL062C/YLR283W/YLR303W/YPR067W/YMR062C/YMR246W/YBR006W/YBR115C/YBR248C/YNL277W/YNR050C/YNR057C/YJL088W/YJR010W/YKL001C/YER069W/YER090W/YER091C/YHR018C/YHR112C/YIL116W/YIL094C/YIR034C/YFR053C,34,Downregulated,18. Far East Asia
GO:0009066,aspartate family amino acid metabolic process,12/217,59/5298,0.2033898305084746,4.965711161446536,6.329845971462121,3.350679829146776e-6,1.7247183541608141e-4,1.672555416100413e-4,YDL182W/YDL131W/YDR034C/YLL062C/YLR303W/YBR115C/YNL277W/YNR050C/YKL001C/YER091C/YIL094C/YIR034C,12,Downregulated,18. Far East Asia
GO:0006790,sulfur compound metabolic process,16/217,125/5298,0.128,3.1250875576036865,4.968563581364661,4.235399559284929e-5,0.0020711103844903303,0.0020084710541661693,YDR253C/YOR285W/YGR154C/YLL062C/YLR299W/YLR303W/YPR067W/YMR246W/YNL277W/YNR057C/YJR010W/YKL001C/YER091C/YHR112C/YFL059W/YFR030W,16,Downregulated,18. Far East Asia
GO:0006526,L-arginine biosynthetic process,5/217,12/5298,0.4166666666666667,10.172811059907835,6.573546624705216,6.889588225918307e-5,0.003208579659499097,0.003111538341630273,YOL058W/YMR062C/YJL088W/YER069W/YHR018C,5,Downregulated,18. Far East Asia
GO:0170041,non-proteinogenic amino acid metabolic process,8/217,36/5298,0.2222222222222222,5.425499231950845,5.505646891331261,7.805397117891826e-5,0.0034698538096810025,0.003364910432162936,YOL058W/YLR303W/YMR062C/YBR006W/YJL088W/YER069W/YHR018C/YHR112C,8,Downregulated,18. Far East Asia
GO:0006525,arginine metabolic process,5/217,17/5298,0.29411764705882354,7.180807806993766,5.2745069903718225,4.548639229385572e-4,0.01925956440942082,0.01867707193293312,YOL058W/YMR062C/YJL088W/YER069W/YHR018C,5,Downregulated,18. Far East Asia
GO:0000096,sulfur amino acid metabolic process,8/217,46/5298,0.17391304347826086,4.246042877178922,4.569209438341107,0.00047262734747044953,0.01925956440942082,0.01867707193293312,YDR253C/YLL062C/YLR303W/YNL277W/YJR010W/YKL001C/YER091C/YHR112C,8,Downregulated,18. Far East Asia
GO:0009064,glutamine family amino acid metabolic process,7/217,38/5298,0.18421052631578946,4.497453310696095,4.471169228867658,7.483899632474996e-4,0.02927701536224218,0.028391551868884094,YOL058W/YLR283W/YMR062C/YBR006W/YJL088W/YER069W/YHR018C,7,Downregulated,18. Far East Asia
GO:0009628,response to abiotic stimulus,17/217,180/5298,0.09444444444444444,2.3058371735791092,3.6833704134523164,0.0010147145339696334,0.038168877470088514,0.03701448563184777,YDL022W/YDR001C/YDR171W/YDR192C/YOR007C/YLL026W/YPL240C/YBR066C/YJR066W/YEL047C/YER062C/YER150W/YHL027W/YIL135C/YIL053W/YFL014W/YAL053W,17,Downregulated,18. Far East Asia
GO:0046165,alcohol biosynthetic process,10/217,77/5298,0.12987012987012986,3.170746304386857,3.9650424589477926,0.0010664350468930317,0.03862864725412537,0.03746034999027765,YDL168W/YDR287W/YLR228C/YMR303C/YER044C/YER062C/YHR046C/YIL053W/YIL049W/YFL059W,10,Downregulated,18. Far East Asia
GO:0044272,sulfur compound biosynthetic process,10/217,78/5298,0.1282051282051282,3.130095710740872,3.9163493357651946,0.0011803280910172567,0.04122717403624561,0.039980286090471745,YLL062C/YLR303W/YPR067W/YNL277W/YNR057C/YJR010W/YKL001C/YER091C/YFL059W/YFR030W,10,Downregulated,18. Far East Asia
GO:0019878,lysine biosynthetic process via aminoadipic acid,7/228,13/5298,0.5384615384615384,12.512145748987853,8.812190761722734,3.4332304279325933e-7,3.4744291930677843e-4,3.4657557688287964e-4,YDL182W/YDL131W/YDR234W/YGL202W/YJL200C/YIL094C/YIR034C,7,Downregulated,19. Malaysian
GO:0009085,lysine biosynthetic process,7/228,15/5298,0.4666666666666667,10.843859649122807,8.095602344795992,1.1953367207061602e-6,6.048403806773171e-4,6.033304816616882e-4,YDL182W/YDL131W/YDR234W/YGL202W/YJL200C/YIL094C/YIR034C,7,Downregulated,19. Malaysian
GO:0006553,lysine metabolic process,7/228,16/5298,0.4375,10.166118421052632,7.786184437445535,2.047657151103694e-6,6.907430123056461e-4,6.890186694415588e-4,YDL182W/YDL131W/YDR234W/YGL202W/YJL200C/YIL094C/YIR034C,7,Downregulated,19. Malaysian
GO:0006520,amino acid metabolic process,26/228,226/5298,0.11504424778761062,2.6732650209594784,5.45139635949082,3.2328342307136986e-6,8.179070603705657e-4,8.15865270330115e-4,YDL182W/YDL131W/YDR234W/YDR321W/YOL058W/YGL256W/YGL202W/YGL196W/YGR012W/YGR102C/YGR171C/YLR231C/YPL097W/YNL104C/YJL200C/YJL088W/YJR016C/YER069W/YHR208W/YIL094C/YIL051C/YIR023W/YIR034C/YCL064C/YCL030C/YCR024C,26,Downregulated,19. Malaysian
GO:0019752,carboxylic acid metabolic process,33/228,339/5298,0.09734513274336283,2.2619934792734044,5.092585582275104,6.108774183814355e-6,0.0012364158948040256,0.0012333293562690455,YDL182W/YDL131W/YDR234W/YDR321W/YOL058W/YOR025W/YOR236W/YGL202W/YGL196W/YGR012W/YLL027W/YLR153C/YLR231C/YPL262W/YML081W/YMR165C/YBR159W/YNL104C/YJL200C/YJL088W/YJR016C/YER069W/YER073W/YHR208W/YIL094C/YIL051C/YIL009W/YIR023W/YIR033W/YIR034C/YCL064C/YCL030C/YCL026C-A,33,Downregulated,19. Malaysian
GO:0044283,small molecule biosynthetic process,32/228,328/5298,0.0975609756097561,2.2670089858793325,5.023620832935016,8.204987227552789e-6,0.0012688540183189178,0.0012656865025669254,YDL182W/YDL131W/YDR234W/YDR487C/YOL058W/YGL256W/YGL202W/YGR012W/YGR175C/YLL027W/YLR231C/YPL252C/YPL133C/YPL028W/YML081W/YML008C/YMR134W/YBR159W/YBR239C/YNL104C/YJL200C/YJL088W/YJR016C/YER069W/YER073W/YHR007C/YHR208W/YIL094C/YIL051C/YIR033W/YIR034C/YCL030C,32,Downregulated,19. Malaysian
GO:0016053,organic acid biosynthetic process,22/228,186/5298,0.11827956989247312,2.748443689869836,5.147438065891001,1.2415679683148883e-5,0.0012688540183189178,0.0012656865025669254,YDL182W/YDL131W/YDR234W/YOL058W/YGL202W/YGR012W/YLL027W/YLR231C/YML081W/YBR159W/YNL104C/YJL200C/YJL088W/YJR016C/YER069W/YER073W/YHR208W/YIL094C/YIL051C/YIR033W/YIR034C/YCL030C,22,Downregulated,19. Malaysian
GO:0046394,carboxylic acid biosynthetic process,22/228,186/5298,0.11827956989247312,2.748443689869836,5.147438065891001,1.2415679683148883e-5,0.0012688540183189178,0.0012656865025669254,YDL182W/YDL131W/YDR234W/YOL058W/YGL202W/YGR012W/YLL027W/YLR231C/YML081W/YBR159W/YNL104C/YJL200C/YJL088W/YJR016C/YER069W/YER073W/YHR208W/YIL094C/YIL051C/YIR033W/YIR034C/YCL030C,22,Downregulated,19. Malaysian
GO:0032543,mitochondrial translation,18/228,133/5298,0.13533834586466165,3.144835773644638,5.312061965703247,1.2535546503540907e-5,0.0012688540183189178,0.0012656865025669254,YDR041W/YDR175C/YDR194C/YDR350C/YGR102C/YPL183W-A/YPL097W/YMR024W/YMR193W/YBR146W/YNL137C/YNR037C/YJL096W/YJR101W/YKL155C/YHL004W/YIL051C/YCR024C,18,Downregulated,19. Malaysian
GO:1901605,alpha-amino acid metabolic process,20/228,159/5298,0.12578616352201258,2.9228732207878187,5.220214333853164,1.2538083184969544e-5,0.0012688540183189178,0.0012656865025669254,YDL182W/YDL131W/YDR234W/YDR321W/YOL058W/YGL202W/YGL196W/YGR012W/YLR231C/YNL104C/YJL200C/YJL088W/YJR016C/YER069W/YHR208W/YIL094C/YIL051C/YIR034C/YCL064C/YCL030C,20,Downregulated,19. Malaysian
GO:0043436,oxoacid metabolic process,33/228,355/5298,0.09295774647887324,2.1600444773906595,4.798129248273472,1.6358916533634403e-5,0.001505020321094365,0.0015012632493545828,YDL182W/YDL131W/YDR234W/YDR321W/YOL058W/YOR025W/YOR236W/YGL202W/YGL196W/YGR012W/YLL027W/YLR153C/YLR231C/YPL262W/YML081W/YMR165C/YBR159W/YNL104C/YJL200C/YJL088W/YJR016C/YER069W/YER073W/YHR208W/YIL094C/YIL051C/YIL009W/YIR023W/YIR033W/YIR034C/YCL064C/YCL030C/YCL026C-A,33,Downregulated,19. Malaysian
GO:0006082,organic acid metabolic process,33/228,357/5298,0.09243697478991597,2.1479433878814684,4.762396849940538,1.8402728365440702e-5,0.0015519634254854992,0.0015480891668822486,YDL182W/YDL131W/YDR234W/YDR321W/YOL058W/YOR025W/YOR236W/YGL202W/YGL196W/YGR012W/YLL027W/YLR153C/YLR231C/YPL262W/YML081W/YMR165C/YBR159W/YNL104C/YJL200C/YJL088W/YJR016C/YER069W/YER073W/YHR208W/YIL094C/YIL051C/YIL009W/YIR023W/YIR033W/YIR034C/YCL064C/YCL030C/YCL026C-A,33,Downregulated,19. Malaysian
GO:0140053,mitochondrial gene expression,20/228,164/5298,0.12195121951219512,2.8337612323491657,5.058423765386388,1.9979137437529185e-5,0.0015552990066753486,0.0015514164212623877,YDR041W/YDR175C/YDR194C/YDR350C/YOR017W/YGR102C/YPL183W-A/YPL097W/YPR116W/YMR024W/YMR193W/YBR146W/YNL137C/YNR037C/YJL096W/YJR101W/YKL155C/YHL004W/YIL051C/YCR024C,20,Downregulated,19. Malaysian
GO:1901607,alpha-amino acid biosynthetic process,16/228,116/5298,0.13793103448275862,3.2050816696914697,5.091941431519377,3.0416136949518957e-5,0.0021986521852080847,0.00219316355899163,YDL182W/YDL131W/YDR234W/YOL058W/YGL202W/YGR012W/YNL104C/YJL200C/YJL088W/YJR016C/YER069W/YHR208W/YIL094C/YIL051C/YIR034C/YCL030C,16,Downregulated,19. Malaysian
GO:0170033,L-amino acid metabolic process,18/228,143/5298,0.1258741258741259,2.9249171880750833,4.948164904564118,3.4316456901383e-5,0.0023152169589466397,0.0023094373451527225,YDL182W/YDL131W/YDR234W/YDR321W/YOL058W/YGL202W/YGR012W/YLR231C/YNL104C/YJL200C/YJL088W/YJR016C/YER069W/YHR208W/YIL094C/YIR034C/YCL064C/YCL030C,18,Downregulated,19. Malaysian
GO:0170039,proteinogenic amino acid metabolic process,18/228,145/5298,0.12413793103448276,2.8845735027223234,4.87916427853097,4.145209160418831e-5,0.0026218447939649107,0.0026152997268695122,YDL182W/YDL131W/YDR234W/YDR321W/YOL058W/YGL202W/YGR012W/YLR231C/YNL104C/YJL200C/YJL088W/YJR016C/YER069W/YHR208W/YIL094C/YIR034C/YCL064C/YCL030C,18,Downregulated,19. Malaysian
GO:0008652,amino acid biosynthetic process,16/228,124/5298,0.12903225806451613,2.99830220713073,4.774602584037026,6.989478014061493e-5,0.0041607951471942534,0.0041504083068018395,YDL182W/YDL131W/YDR234W/YOL058W/YGL202W/YGR012W/YNL104C/YJL200C/YJL088W/YJR016C/YER069W/YHR208W/YIL094C/YIL051C/YIR034C/YCL030C,16,Downregulated,19. Malaysian
GO:0170034,L-amino acid biosynthetic process,14/228,105/5298,0.13333333333333333,3.0982456140350876,4.604900413752906,1.3991632428187224e-4,0.007866406676291928,0.00784676929744535,YDL182W/YDL131W/YDR234W/YOL058W/YGL202W/YNL104C/YJL200C/YJL088W/YJR016C/YER069W/YHR208W/YIL094C/YIR034C/YCL030C,14,Downregulated,19. Malaysian
GO:0009066,aspartate family amino acid metabolic process,10/228,59/5298,0.1694915254237288,3.9384478144513824,4.812804483306807,1.7537620316329997e-4,0.009341090400066292,0.009317771680532116,YDL182W/YDL131W/YDR234W/YDR321W/YGL202W/YJL200C/YHR208W/YIL094C/YIR034C/YCL064C,10,Downregulated,19. Malaysian
GO:0170038,proteinogenic amino acid biosynthetic process,14/228,109/5298,0.12844036697247707,2.9845485272815067,4.439270070895497,2.0972361440295436e-4,0.010612014888789491,0.010585523484864906,YDL182W/YDL131W/YDR234W/YOL058W/YGL202W/YNL104C/YJL200C/YJL088W/YJR016C/YER069W/YHR208W/YIL094C/YIR034C/YCL030C,14,Downregulated,19. Malaysian
GO:0009067,aspartate family amino acid biosynthetic process,8/228,49/5298,0.16326530612244897,3.793770139634801,4.1660919892902655,0.001016879116395106,0.04900388884723082,0.04888155752495772,YDL182W/YDL131W/YDR234W/YGL202W/YJL200C/YHR208W/YIL094C/YIR034C,8,Downregulated,19. Malaysian
GO:0006074,(1->3)-beta-D-glucan metabolic process,3/35,11/5298,0.2727272727272727,41.28311688311688,10.905537550574087,4.2041660727303476e-5,0.004231635384361776,0.004023602412892285,YOL030W/YMR215W/YMR307W,3,Downregulated,2. Alpechin
GO:0006075,(1->3)-beta-D-glucan biosynthetic process,3/35,11/5298,0.2727272727272727,41.28311688311688,10.905537550574087,4.2041660727303476e-5,0.004231635384361776,0.004023602412892285,YOL030W/YMR215W/YMR307W,3,Downregulated,2. Alpechin
GO:0034406,cell wall beta-glucan metabolic process,3/35,12/5298,0.25,37.84285714285714,10.418679282630372,5.580178528828716e-5,0.004231635384361776,0.004023602412892285,YOL030W/YMR215W/YMR307W,3,Downregulated,2. Alpechin
GO:0034410,cell wall beta-glucan biosynthetic process,3/35,12/5298,0.25,37.84285714285714,10.418679282630372,5.580178528828716e-5,0.004231635384361776,0.004023602412892285,YOL030W/YMR215W/YMR307W,3,Downregulated,2. Alpechin
GO:0051278,fungal-type cell wall polysaccharide biosynthetic process,3/35,12/5298,0.25,37.84285714285714,10.418679282630372,5.580178528828716e-5,0.004231635384361776,0.004023602412892285,YOL030W/YMR215W/YMR307W,3,Downregulated,2. Alpechin
GO:0071966,fungal-type cell wall polysaccharide metabolic process,3/35,12/5298,0.25,37.84285714285714,10.418679282630372,5.580178528828716e-5,0.004231635384361776,0.004023602412892285,YOL030W/YMR215W/YMR307W,3,Downregulated,2. Alpechin
GO:0010383,cell wall polysaccharide metabolic process,3/35,17/5298,0.17647058823529413,26.712605042016808,8.658542230433643,1.6861121558445381e-4,0.00958976288636581,0.009118317053317174,YOL030W/YMR215W/YMR307W,3,Downregulated,2. Alpechin
GO:0070592,cell wall polysaccharide biosynthetic process,3/35,17/5298,0.17647058823529413,26.712605042016808,8.658542230433643,1.6861121558445381e-4,0.00958976288636581,0.009118317053317174,YOL030W/YMR215W/YMR307W,3,Downregulated,2. Alpechin
GO:0031505,fungal-type cell wall organization,6/35,144/5298,0.041666666666666664,6.307142857142857,5.265045645349348,0.00030754520245093525,0.015548118568352838,0.014783751837115134,YDR144C/YDR261C/YOL030W/YMR215W/YMR307W/YIL011W,6,Downregulated,2. Alpechin
GO:0006368,transcription elongation by RNA polymerase II,5/35,96/5298,0.052083333333333336,7.883928571428571,5.550334042794,3.7133495630033077e-4,0.01689574051166505,0.016065122846256417,YOR344C/YGL043W/YLR455W/YKR048C/YER063W,5,Downregulated,2. Alpechin
GO:0051273,beta-glucan metabolic process,3/35,26/5298,0.11538461538461539,17.465934065934068,6.863057995657186,6.189344173646818e-4,0.022351150837988065,0.02125233775457049,YOL030W/YMR215W/YMR307W,3,Downregulated,2. Alpechin
GO:0051274,beta-glucan biosynthetic process,3/35,26/5298,0.11538461538461539,17.465934065934068,6.863057995657186,6.189344173646818e-4,0.022351150837988065,0.02125233775457049,YOL030W/YMR215W/YMR307W,3,Downregulated,2. Alpechin
GO:0071852,fungal-type cell wall organization or biogenesis,6/35,165/5298,0.03636363636363636,5.504415584415584,4.793217276350127,6.386043096568018e-4,0.022351150837988065,0.02125233775457049,YDR144C/YDR261C/YOL030W/YMR215W/YMR307W/YIL011W,6,Downregulated,2. Alpechin
GO:0006354,DNA-templated transcription elongation,5/35,110/5298,0.045454545454545456,6.880519480519481,5.082113681319411,6.957816108903937e-4,0.022612902353937796,0.021501221208718183,YOR344C/YGL043W/YLR455W/YKR048C/YER063W,5,Downregulated,2. Alpechin
GO:0044042,glucan metabolic process,4/35,69/5298,0.057971014492753624,8.775155279503105,5.300985536480382,0.0010177994119304262,0.03087324882855626,0.029355477775677558,YDR261C/YOL030W/YMR215W/YMR307W,4,Downregulated,2. Alpechin
GO:0045229,external encapsulating structure organization,6/35,189/5298,0.031746031746031744,4.805442176870748,4.34410587787157,0.001302203549924715,0.034853095012690904,0.03313966928910576,YDR144C/YDR261C/YOL030W/YMR215W/YMR307W/YIL011W,6,Downregulated,2. Alpechin
GO:0071555,cell wall organization,6/35,189/5298,0.031746031746031744,4.805442176870748,4.34410587787157,0.001302203549924715,0.034853095012690904,0.03313966928910576,YDR144C/YDR261C/YOL030W/YMR215W/YMR307W/YIL011W,6,Downregulated,2. Alpechin
GO:0044036,cell wall macromolecule metabolic process,3/35,36/5298,0.08333333333333333,12.614285714285714,5.701651357740785,0.0016245258542608946,0.041064403538261504,0.039045621409428515,YOL030W/YMR215W/YMR307W,3,Downregulated,2. Alpechin
GO:0005976,polysaccharide metabolic process,4/35,83/5298,0.04819277108433735,7.295008605851979,4.713467768044738,0.0020263073475892154,0.04852472858700489,0.046139186695798765,YDR261C/YOL030W/YMR215W/YMR307W,4,Downregulated,2. Alpechin
GO:0006163,purine nucleotide metabolic process,5/21,129/5298,0.03875968992248062,9.778516057585826,6.367130976262603,1.1779434863566749e-4,0.011143574038922736,0.009960736571104122,YOL059W/YGL067W/YNL241C/YNL129W/YHR216W,5,Downregulated,23. North American oak
GO:0019674,NAD metabolic process,3/21,31/5298,0.0967741935483871,24.414746543778804,8.247450839806813,2.2470277536167105e-4,0.011143574038922736,0.009960736571104122,YOL059W/YGL067W/YNL129W,3,Downregulated,23. North American oak
GO:0046496,nicotinamide nucleotide metabolic process,4/21,80/5298,0.05,12.614285714285716,6.60262373022036,2.3733305037389844e-4,0.011143574038922736,0.009960736571104122,YOL059W/YGL067W/YNL241C/YNL129W,4,Downregulated,23. North American oak
GO:0019362,pyridine nucleotide metabolic process,4/21,81/5298,0.04938271604938271,12.458553791887125,6.555306248188149,2.4901841427760305e-4,0.011143574038922736,0.009960736571104122,YOL059W/YGL067W/YNL241C/YNL129W,4,Downregulated,23. North American oak
GO:0072524,pyridine-containing compound metabolic process,4/21,91/5298,0.04395604395604396,11.089481946624804,6.123882675154556,3.898326789390652e-4,0.013941907296794585,0.012462040041827561,YOL059W/YGL067W/YNL241C/YNL129W,4,Downregulated,23. North American oak
GO:0009117,nucleotide metabolic process,5/21,174/5298,0.028735632183908046,7.249589490968801,5.287527531047266,4.785156204874123e-4,0.013941907296794585,0.012462040041827561,YOL059W/YGL067W/YNL241C/YNL129W/YHR216W,5,Downregulated,23. North American oak
GO:0072521,purine-containing compound metabolic process,5/21,179/5298,0.027932960893854747,7.047086991221069,5.191719900486131,5.452142518299558e-4,0.013941907296794585,0.012462040041827561,YOL059W/YGL067W/YNL241C/YNL129W/YHR216W,5,Downregulated,23. North American oak
GO:0006753,nucleoside phosphate metabolic process,5/21,229/5298,0.021834061135371178,5.508421709295071,4.399590085269228,0.0016640496901119402,0.03454257687460018,0.030876046368357706,YOL059W/YGL067W/YNL241C/YNL129W/YHR216W,5,Downregulated,23. North American oak
GO:0006734,NADH metabolic process,2/21,16/5298,0.125,31.535714285714285,7.716137587850494,0.0017367776082201209,0.03454257687460018,0.030876046368357706,YOL059W/YGL067W,2,Downregulated,23. North American oak
GO:0055086,nucleobase-containing small molecule metabolic process,5/21,246/5298,0.02032520325203252,5.1277584204413476,4.181973161860885,0.0022856416984656587,0.04091298640253529,0.03657026717545054,YOL059W/YGL067W/YNL241C/YNL129W/YHR216W,5,Downregulated,23. North American oak
GO:0006739,NADP metabolic process,2/21,21/5298,0.09523809523809523,24.027210884353742,6.669427029791153,0.0030032798867970782,0.04887155452151609,0.04368407108068477,YGL067W/YNL241C,2,Downregulated,23. North American oak
GO:0034308,primary alcohol metabolic process,5/69,24/5298,0.20833333333333334,15.996376811594203,8.45769682567885,1.1353105875555662e-5,0.006073911643422279,0.005736306126596546,YOL055C/YOR374W/YPL103C/YBR145W/YCR020C,5,Upregulated,25. Sake
GO:0009636,response to toxic substance,6/69,53/5298,0.11320754716981132,8.69237079573421,6.4648076823781615,5.5523877435553356e-5,0.01037889531542592,0.00980200639725419,YDL168W/YGR154C/YMR038C/YNL239W/YEL066W/YIR038C,6,Upregulated,25. Sake
GO:1990748,cellular detoxification,5/69,34/5298,0.14705882352941177,11.29156010230179,6.915012090610224,6.718785582912971e-5,0.01037889531542592,0.00980200639725419,YDL168W/YGR154C/YMR038C/YEL066W/YIR038C,5,Upregulated,25. Sake
GO:0097237,cellular response to toxic substance,5/69,35/5298,0.14285714285714285,10.96894409937888,6.7966782122152205,7.759921731159567e-5,0.01037889531542592,0.00980200639725419,YDL168W/YGR154C/YMR038C/YEL066W/YIR038C,5,Upregulated,25. Sake
GO:0006790,sulfur compound metabolic process,8/69,125/5298,0.064,4.914086956521739,5.086797487021273,1.9198982954457585e-4,0.020542911761269617,0.01940107751187293,YOL055C/YOR196C/YGR154C/YGR155W/YNL239W/YIR038C/YCR020C/YFR044C,8,Upregulated,25. Sake
GO:0044283,small molecule biosynthetic process,13/69,328/5298,0.039634146341463415,3.0432131495227996,4.3883636935434565,2.534209816847857e-4,0.02241527930506702,0.02116937347059945,YDL168W/YOL055C/YOR196C/YOR374W/YGR155W/YMR042W/YMR043W/YMR096W/YMR272C/YBL033C/YBR145W/YHR046C/YIL116W,13,Upregulated,25. Sake
GO:0098754,detoxification,5/69,46/5298,0.10869565217391304,8.345935727788278,5.747697354915957,2.9328402829059653e-4,0.02241527930506702,0.02116937347059945,YDL168W/YGR154C/YMR038C/YEL066W/YIR038C,5,Upregulated,25. Sake
GO:0009063,amino acid catabolic process,5/69,52/5298,0.09615384615384616,7.382943143812709,5.312986538893586,5.23489683946077e-4,0.0350083726138939,0.033062506354489075,YDL168W/YMR042W/YMR043W/YBR145W/YNL239W,5,Upregulated,25. Sake
GO:0006520,amino acid metabolic process,10/69,226/5298,0.04424778761061947,3.397460561754521,4.231031706044907,6.071560226979924e-4,0.036092052460380664,0.034085952151466245,YDL168W/YOL097C/YGR155W/YMR042W/YMR043W/YMR096W/YBR145W/YNL239W/YEL066W/YIL116W,10,Upregulated,25. Sake
GO:0006066,alcohol metabolic process,7/69,117/5298,0.05982905982905983,4.593831289483464,4.515169216744673,7.442990773083886e-4,0.03982000063599879,0.03760669022189753,YDL168W/YOL055C/YOR374W/YPL103C/YBR145W/YHR046C/YCR020C,7,Upregulated,25. Sake
GO:0044273,sulfur compound catabolic process,3/69,15/5298,0.2,15.356521739130438,6.395651162277073,8.600751812687295e-4,0.0418309292707973,0.03950584564679332,YOL055C/YNL239W/YFR044C,3,Upregulated,25. Sake
GO:0072671,mitochondria-associated ubiquitin-dependent protein catabolic process,7/190,13/5298,0.5384615384615384,15.014574898785424,9.756531519250268,9.77603322722656e-8,1.147706300876398e-4,1.0527244201529232e-4,YDL126C/YGR048W/YGR184C/YBR170C/YNL007C/YER125W/YFR010W,7,Upregulated,5. French dairy
GO:0051788,response to misfolded protein,7/190,17/5298,0.4117647058823529,11.48173374613003,8.347680976734521,9.80104955613664e-7,3.835477392968138e-4,3.5180609459395726e-4,YDL126C/YGR048W/YGR184C/YBR101C/YBR170C/YNL007C/YJL082W,7,Upregulated,5. French dairy
GO:0071218,cellular response to misfolded protein,7/190,17/5298,0.4117647058823529,11.48173374613003,8.347680976734521,9.80104955613664e-7,3.835477392968138e-4,3.5180609459395726e-4,YDL126C/YGR048W/YGR184C/YBR101C/YBR170C/YNL007C/YJL082W,7,Upregulated,5. French dairy
GO:0140455,cytoplasm protein quality control,5/190,10/5298,0.5,13.942105263157895,7.899971912313174,1.225443207718024e-5,0.0035966758146524004,0.0032990221091987854,YDL126C/YGR048W/YGR184C/YBR101C/YBR170C,5,Upregulated,5. French dairy
GO:0035967,cellular response to topologically incorrect protein,9/190,50/5298,0.18,5.019157894736842,5.5066756867022715,5.6883963881420694e-5,0.01335635471935758,0.0122510094843565,YDL126C/YGR048W/YGR184C/YML007W/YBR101C/YBR170C/YBR245C/YNL007C/YJL082W,9,Upregulated,5. French dairy
GO:0006515,protein quality control for misfolded or incompletely synthesized proteins,7/190,30/5298,0.23333333333333334,6.5063157894736845,5.832640398937287,6.896449874822902e-5,0.013494053588403478,0.012377312670076891,YDL126C/YGR048W/YGR184C/YBR101C/YBR170C/YNL007C/YER125W,7,Upregulated,5. French dairy
GO:0035966,response to topologically incorrect protein,9/190,59/5298,0.15254237288135594,4.253523639607494,4.846431913946051,2.1581831446529254e-4,0.036195814454607636,0.03320032115759312,YDL126C/YGR048W/YGR184C/YML007W/YBR101C/YBR170C/YBR245C/YNL007C/YJL082W,9,Upregulated,5. French dairy
GO:0006457,protein folding,14/190,133/5298,0.10526315789473684,2.935180055401662,4.358914792817785,2.584104067796893e-4,0.0379217271949194,0.034783400807318704,YDL100C/YDR171W/YDR214W/YOR027W/YOR265W/YGR142W/YLL026W/YLR216C/YPL240C/YPL106C/YPR158W/YMR186W/YBR269C/YNL007C,14,Upregulated,5. French dairy
GO:0002181,cytoplasmic translation,59/216,167/5298,0.3532934131736527,8.66550232867598,20.75020443602206,7.0153295911902506e-42,5.478972410719586e-39,5.353804161697823e-39,YDL191W/YDL184C/YDL136W/YDL133C-A/YDR382W/YDR447C/YDR450W/YDR471W/YOL127W/YOR096W/YOR182C/YOR234C/YOR293W/YGL147C/YGL135W/YGL103W/YGL031C/YGL030W/YGR027C/YGR034W/YGR148C/YGR169C-A/YGR214W/YLL045C/YLR029C/YLR061W/YLR075W/YLR264W/YLR287C-A/YLR325C/YLR344W/YLR441C/YPL220W/YPL143W/YPL079W/YPR102C/YML026C/YML024W/YBL087C/YBR191W/YNL301C/YNL178W/YNL162W/YNL067W/YJL191W/YJL190C/YJL189W/YJL177W/YJR094W-A/YKL056C/YEL054C/YER074W/YER117W/YHL001W/YHR010W/YHR141C/YIL069C/YIL018W/YFR032C-A,59,Downregulated,5. French dairy
GO:0006412,translation,86/216,454/5298,0.1894273127753304,4.646231032794909,16.749219492217684,2.9293177445438446e-38,1.1438985792443714e-35,1.1177659814706777e-35,YDL191W/YDL184C/YDL136W/YDL133C-A/YDR382W/YDR447C/YDR450W/YDR471W/YOL127W/YOL121C/YOR063W/YOR096W/YOR167C/YOR182C/YOR234C/YOR276W/YOR293W/YGL147C/YGL135W/YGL123W/YGL103W/YGL031C/YGL030W/YGR021W/YGR027C/YGR034W/YGR118W/YGR148C/YGR169C-A/YGR214W/YLL045C/YLR029C/YLR061W/YLR075W/YLR167W/YLR264W/YLR287C-A/YLR325C/YLR344W/YLR441C/YPL220W/YPL143W/YPL090C/YPL079W/YPR102C/YPR132W/YML026C/YML024W/YMR286W/YBL090W/YBL087C/YBL072C/YBL032W/YBR048W/YBR191W/YNL302C/YNL301C/YNL178W/YNL162W/YNL067W/YNR022C/YNR036C/YJL191W/YJL190C/YJL189W/YJL177W/YJL136C/YJL062W-A/YJR094W-A/YKL138C/YKL056C/YKR057W/YKR085C/YEL054C/YER074W/YER117W/YHL001W/YHR010W/YHR021C/YHR141C/YHR147C/YIL069C/YIL018W/YCL037C/YCR046C/YFR032C-A,86,Downregulated,5. French dairy
GO:0042254,ribosome biogenesis,55/216,401/5298,0.1371571072319202,3.364159046827376,10.150988972433119,1.1226721976571561e-16,2.922689954567463e-14,2.855920502812064e-14,YDL208W/YDL191W/YDL136W/YDR447C/YDR450W/YOL127W/YOL121C/YOR063W/YOR096W/YOR167C/YOR234C/YOR293W/YGL135W/YGL123W/YGL030W/YGR034W/YGR118W/YGR214W/YLL045C/YLR075W/YLR167W/YLR264W/YLR344W/YLR441C/YPL220W/YPL211W/YPL146C/YPL143W/YPL090C/YPR102C/YPR110C/YPR132W/YML026C/YML024W/YBL072C/YBL018C/YBR048W/YNL302C/YNL178W/YNL113W/YNL002C/YJL191W/YJL177W/YJL136C/YKR057W/YEL054C/YER006W/YER074W/YER146W/YHL001W/YHR021C/YHR072W-A/YIL069C/YAL059W/YAL033W,55,Downregulated,5. French dairy
GO:0022613,ribonucleoprotein complex biogenesis,56/216,480/5298,0.11666666666666667,2.861574074074074,8.816416009052473,8.362292710130488e-14,1.6327376516529777e-11,1.5954374249591063e-11,YDL208W/YDL191W/YDL136W/YDR447C/YDR450W/YOL127W/YOL121C/YOR063W/YOR096W/YOR167C/YOR234C/YOR293W/YGL135W/YGL123W/YGL030W/YGR034W/YGR118W/YGR214W/YLL045C/YLR075W/YLR167W/YLR264W/YLR325C/YLR344W/YLR441C/YPL220W/YPL211W/YPL146C/YPL143W/YPL090C/YPR102C/YPR110C/YPR132W/YML026C/YML024W/YBL072C/YBL018C/YBR048W/YNL302C/YNL178W/YNL113W/YNL002C/YJL191W/YJL177W/YJL136C/YKR057W/YEL054C/YER006W/YER074W/YER146W/YHL001W/YHR021C/YHR072W-A/YIL069C/YAL059W/YAL033W,56,Downregulated,5. French dairy
GO:0042255,ribosome assembly,20/216,82/5298,0.24390243902439024,5.982384823848239,9.373460089117343,4.4573748465664524e-11,6.962419510336798e-9,6.803361607917218e-9,YDR447C/YOL127W/YOL121C/YOR063W/YOR167C/YGR214W/YLR075W/YLR167W/YLR264W/YPL211W/YPL146C/YPL143W/YPR102C/YML024W/YBR048W/YNL302C/YJL191W/YEL054C/YHL001W/YHR021C,20,Downregulated,5. French dairy
GO:0006364,rRNA processing,37/216,287/5298,0.1289198606271777,3.1621176926054972,7.763947844850426,1.71012217528865e-10,2.226009031500726e-8,2.1751553983934586e-8,YDL208W/YDL191W/YDL136W/YDR450W/YOR063W/YOR096W/YOR167C/YGL123W/YGL030W/YGR118W/YGR214W/YLL045C/YLR167W/YLR264W/YLR441C/YPL211W/YPL146C/YPL143W/YPL090C/YPR132W/YML026C/YBL072C/YBL018C/YBR048W/YNL002C/YJL191W/YJL177W/YJL136C/YKR057W/YER006W/YER074W/YER146W/YHL001W/YHR021C/YHR072W-A/YIL069C/YAL033W,37,Downregulated,5. French dairy
GO:0000028,ribosomal small subunit assembly,11/216,25/5298,0.44,10.792222222222222,10.11688727594921,1.0839806251858226e-9,1.2094126689573248e-7,1.1817833883604832e-7,YDR447C/YOL121C/YOR167C/YGR214W/YLR167W/YLR264W/YML024W/YBR048W/YNL302C/YJL191W/YHR021C,11,Downregulated,5. French dairy
GO:0016072,rRNA metabolic process,39/216,344/5298,0.11337209302325581,2.7807655038759687,7.040969871710168,2.449077757552244e-9,2.390912160810378e-7,2.3362912818754955e-7,YDL208W/YDL191W/YDL136W/YDR450W/YOR063W/YOR096W/YOR167C/YGL123W/YGL030W/YGR118W/YGR214W/YLL045C/YLR167W/YLR264W/YLR441C/YPL211W/YPL146C/YPL143W/YPL090C/YPR132W/YML026C/YBL072C/YBL018C/YBR048W/YNL178W/YNL113W/YNL002C/YJL191W/YJL177W/YJL136C/YKR057W/YER006W/YER074W/YER146W/YHL001W/YHR021C/YHR072W-A/YIL069C/YAL033W,39,Downregulated,5. French dairy
GO:0042274,ribosomal small subunit biogenesis,23/216,140/5298,0.16428571428571428,4.029563492063492,7.489070850837186,6.6624752866848155e-09,5.781547998778712e-7,5.649467348358469e-7,YDR447C/YDR450W/YOL121C/YOR096W/YOR167C/YGR118W/YGR214W/YLR167W/YLR264W/YLR441C/YPL090C/YPR132W/YML026C/YML024W/YBL072C/YBR048W/YNL302C/YJL191W/YJL136C/YKR057W/YER074W/YHR021C/YIL069C,23,Downregulated,5. French dairy
GO:0000054,ribosomal subunit export from nucleus,15/216,69/5298,0.21739130434782608,5.332125603864734,7.466907924783959,7.062716875943045e-8,5.5159818801115175e-6,5.38996814216706e-6,YDR450W/YOL121C/YOR167C/YOR293W/YGL135W/YGL123W/YGR214W/YLR264W/YPL220W/YPL146C/YML026C/YNL302C/YNL178W/YER006W/YAL059W,15,Downregulated,5. French dairy
GO:0033750,ribosome localization,15/216,70/5298,0.21428571428571427,5.2559523809523805,7.389286786037913,8.668052533518825e-8,6.154317298798366e-6,6.0137206572259795e-6,YDR450W/YOL121C/YOR167C/YOR293W/YGL135W/YGL123W/YGR214W/YLR264W/YPL220W/YPL146C/YML026C/YNL302C/YNL178W/YER006W/YAL059W,15,Downregulated,5. French dairy
GO:0030490,maturation of SSU-rRNA,18/216,115/5298,0.1565217391304348,3.839130434782609,6.345534252125612,6.769070926628557e-7,4.405536994747419e-5,4.304891598075179e-5,YDR450W/YOR167C/YGR118W/YGR214W/YLR167W/YLR264W/YLR441C/YPL090C/YPR132W/YML026C/YBL072C/YBR048W/YJL191W/YJL136C/YKR057W/YER074W/YHR021C/YIL069C,18,Downregulated,5. French dairy
GO:0022618,protein-RNA complex assembly,22/216,167/5298,0.1317365269461078,3.2312042581503664,6.0397795878225,8.22512450893815e-7,4.9414017242159196e-5,4.8285143878381854e-5,YDL208W/YDR447C/YOL127W/YOL121C/YOR063W/YOR167C/YGR214W/YLR075W/YLR167W/YLR264W/YLR325C/YPL211W/YPL146C/YPL143W/YPR102C/YML024W/YBR048W/YNL302C/YJL191W/YEL054C/YHL001W/YHR021C,22,Downregulated,5. French dairy
GO:0071826,protein-RNA complex organization,22/216,174/5298,0.12643678160919541,3.1012132822477656,5.809847496792189,1.6730588475958312e-6,9.333278285516743e-5,9.120057627872012e-5,YDL208W/YDR447C/YOL127W/YOL121C/YOR063W/YOR167C/YGR214W/YLR075W/YLR167W/YLR264W/YLR325C/YPL211W/YPL146C/YPL143W/YPR102C/YML024W/YBR048W/YNL302C/YJL191W/YEL054C/YHL001W/YHR021C,22,Downregulated,5. French dairy
GO:0042273,ribosomal large subunit biogenesis,18/216,125/5298,0.144,3.5319999999999996,5.905708411936921,2.3750060290567867e-6,1.2365864724622337e-4,1.2083364007481897e-4,YDL191W/YDL136W/YOL127W/YOR063W/YOR234C/YGR034W/YLL045C/YLR075W/YLR344W/YPL211W/YPL146C/YPL143W/YPR102C/YNL002C/YJL177W/YEL054C/YER006W/YHL001W,18,Downregulated,5. French dairy
GO:0140694,membraneless organelle assembly,21/216,168/5298,0.125,3.0659722222222223,5.609768868097246,3.5221968541508067e-6,1.7192723394323625e-4,1.6799952100390362e-4,YDR447C/YOL127W/YOL121C/YOR063W/YOR167C/YOR276W/YGR214W/YLR075W/YLR167W/YLR264W/YPL211W/YPL146C/YPL143W/YPR102C/YML024W/YBR048W/YNL302C/YJL191W/YEL054C/YHL001W/YHR021C,21,Downregulated,5. French dairy
GO:0031503,protein-containing complex localization,16/216,113/5298,0.1415929203539823,3.472959685349066,5.477803000107519,1.1012461057452608e-5,5.027897504940227e-4,4.913034154702695e-4,YDR450W/YOL121C/YOR167C/YOR293W/YGL135W/YGL123W/YGR214W/YLR208W/YLR264W/YPL220W/YPL146C/YML026C/YNL302C/YNL178W/YER006W/YAL059W,16,Downregulated,5. French dairy
GO:0000462,"maturation of SSU-rRNA from tricistronic rRNA transcript (SSU-rRNA, 5.8S rRNA, LSU-rRNA)",15/216,101/5298,0.1485148514851485,3.6427392739273925,5.52793819788718,1.158798400626429e-5,5.027897504940227e-4,4.913034154702695e-4,YDR450W/YGR118W/YGR214W/YLR441C/YPL090C/YPR132W/YML026C/YBL072C/YBR048W/YJL191W/YJL136C/YKR057W/YER074W/YHR021C/YIL069C,15,Downregulated,5. French dairy
GO:0051168,nuclear export,17/216,131/5298,0.1297709923664122,3.1829940627650553,5.215470620138656,1.901157947037862e-5,7.814759771771423e-4,7.636229981177008e-4,YDL084W/YDR381W/YDR450W/YOL121C/YOR167C/YOR293W/YGL135W/YGL123W/YGR214W/YLR264W/YPL220W/YPL146C/YML026C/YNL302C/YNL178W/YER006W/YAL059W,17,Downregulated,5. French dairy
GO:0006913,nucleocytoplasmic transport,20/216,181/5298,0.11049723756906077,2.7102516881522405,4.826320275760165,3.879708389840443e-5,0.001442882024983517,0.00140991908903976,YDL084W/YDR381W/YDR450W/YOL121C/YOR167C/YOR293W/YGL135W/YGL123W/YGR214W/YLR208W/YLR264W/YPL220W/YPL146C/YML026C/YNL302C/YNL178W/YJR074W/YER006W/YER009W/YAL059W,20,Downregulated,5. French dairy
GO:0051169,nuclear transport,20/216,181/5298,0.11049723756906077,2.7102516881522405,4.826320275760165,3.879708389840443e-5,0.001442882024983517,0.00140991908903976,YDL084W/YDR381W/YDR450W/YOL121C/YOR167C/YOR293W/YGL135W/YGL123W/YGR214W/YLR208W/YLR264W/YPL220W/YPL146C/YML026C/YNL302C/YNL178W/YJR074W/YER006W/YER009W/YAL059W,20,Downregulated,5. French dairy
GO:0070925,organelle assembly,22/216,212/5298,0.10377358490566038,2.545335429769392,4.733986836467594,4.194721890069455e-5,0.0014891262709746565,0.0014551068757417966,YDR447C/YOL127W/YOL121C/YOR063W/YOR167C/YOR276W/YGR214W/YLL014W/YLR075W/YLR167W/YLR264W/YPL211W/YPL146C/YPL143W/YPR102C/YML024W/YBR048W/YNL302C/YJL191W/YEL054C/YHL001W/YHR021C,22,Downregulated,5. French dairy
GO:0000027,ribosomal large subunit assembly,9/216,46/5298,0.1956521739130435,4.798913043478262,5.3345825690059065,7.77878972614193e-5,0.0026414064243986297,0.002581062952610023,YOL127W/YOR063W/YLR075W/YPL211W/YPL146C/YPL143W/YPR102C/YEL054C/YHL001W,9,Downregulated,5. French dairy
GO:0051656,establishment of organelle localization,17/216,159/5298,0.1069182389937107,2.622466806429071,4.282127610727512,2.2542301542556538e-4,0.007335640626973606,0.0071680564115585484,YDR320C-A/YDR450W/YOL121C/YOR167C/YOR293W/YGL135W/YGL123W/YGR214W/YLR264W/YPL220W/YPL146C/YML124C/YML026C/YNL302C/YNL178W/YER006W/YAL059W,17,Downregulated,5. French dairy
GO:0042278,purine nucleoside metabolic process,4/216,12/5298,0.3333333333333333,8.175925925925926,5.1301436062673345,0.0010273263208553658,0.03086587279672161,0.03016073559892603,YDR399W/YDR400W/YML022W/YBR022W,4,Downregulated,5. French dairy
GO:0000470,maturation of LSU-rRNA,9/216,64/5298,0.140625,3.44921875,4.063733648829555,0.0010275450610944454,0.03086587279672161,0.03016073559892603,YDL191W/YDL136W/YLL045C/YPL211W/YPL146C/YNL002C/YJL177W/YER006W/YHL001W,9,Downregulated,5. French dairy
GO:0170038,proteinogenic amino acid biosynthetic process,44/553,109/5298,0.4036697247706422,3.867345753770095,10.325495983428652,1.3509717951061944e-16,1.123763088052167e-13,1.0225285215607197e-13,YDL182W/YDL131W/YDR034C/YDR158W/YDR234W/YOL064C/YOR202W/YOR375C/YGL125W/YGL026C/YGL009C/YGR204W/YLR058C/YLR303W/YPR167C/YMR062C/YMR108W/YBR115C/YBR248C/YNL277W/YNL104C/YNR050C/YJL200C/YJL071W/YJR016C/YJR109C/YJR139C/YKL001C/YKR069W/YER052C/YER055C/YER069W/YER090W/YER091C/YHR018C/YHR208W/YIL116W/YIL094C/YIL074C/YIR017C/YIR034C/YCL018W/YCL009C/YFR025C,44,Upregulated,8. Mixed origin
GO:0170034,L-amino acid biosynthetic process,43/553,105/5298,0.4095238095238095,3.923430638078016,10.32851123141718,1.6122856356559067e-16,1.123763088052167e-13,1.0225285215607197e-13,YDL182W/YDL131W/YDR034C/YDR158W/YDR234W/YOL064C/YOR202W/YOR375C/YGL125W/YGL026C/YGL009C/YGR204W/YLR303W/YPR167C/YMR062C/YMR108W/YBR115C/YBR248C/YNL277W/YNL104C/YNR050C/YJL200C/YJL071W/YJR016C/YJR109C/YJR139C/YKL001C/YKR069W/YER052C/YER055C/YER069W/YER090W/YER091C/YHR018C/YHR208W/YIL116W/YIL094C/YIL074C/YIR017C/YIR034C/YCL018W/YCL009C/YFR025C,43,Upregulated,8. Mixed origin
GO:1901607,alpha-amino acid biosynthetic process,44/553,116/5298,0.3793103448275862,3.633971441042589,9.791535342114338,2.1174146179079028e-15,9.83891992454539e-13,8.952577595014114e-13,YDL182W/YDL131W/YDR034C/YDR158W/YDR234W/YOL064C/YOR202W/YOR375C/YGL125W/YGL026C/YGL009C/YGR204W/YLR058C/YLR303W/YPR167C/YMR062C/YMR108W/YBR115C/YBR248C/YNL277W/YNL104C/YNR050C/YJL200C/YJL071W/YJR016C/YJR109C/YJR139C/YKL001C/YKR069W/YER052C/YER055C/YER069W/YER090W/YER091C/YHR018C/YHR208W/YIL116W/YIL094C/YIL074C/YIR017C/YIR034C/YCL018W/YCL009C/YFR025C,44,Upregulated,8. Mixed origin
GO:0008652,amino acid biosynthetic process,45/553,124/5298,0.3629032258064516,3.4767835268039433,9.526757808711109,6.920852564745923e-15,2.411917118813954e-12,2.1946387738207463e-12,YDL182W/YDL131W/YDR034C/YDR035W/YDR158W/YDR234W/YOL064C/YOR202W/YOR375C/YGL125W/YGL026C/YGL009C/YGR204W/YLR058C/YLR303W/YPR167C/YMR062C/YMR108W/YBR115C/YBR248C/YNL277W/YNL104C/YNR050C/YJL200C/YJL071W/YJR016C/YJR109C/YJR139C/YKL001C/YKR069W/YER052C/YER055C/YER069W/YER090W/YER091C/YHR018C/YHR208W/YIL116W/YIL094C/YIL074C/YIR017C/YIR034C/YCL018W/YCL009C/YFR025C,45,Upregulated,8. Mixed origin
GO:0170033,L-amino acid metabolic process,48/553,143/5298,0.3356643356643357,3.2158221525310133,9.169550096300563,2.760058514874984e-14,7.695043139471456e-12,7.001832653524958e-12,YDL182W/YDL131W/YDR034C/YDR158W/YDR234W/YOL064C/YOR202W/YOR375C/YGL125W/YGL026C/YGL009C/YGR204W/YLR058C/YLR134W/YLR303W/YPR167C/YMR062C/YMR108W/YBR115C/YBR248C/YNL277W/YNL104C/YNR050C/YJL200C/YJL071W/YJL060W/YJR016C/YJR109C/YJR139C/YKL015W/YKL001C/YKR069W/YER052C/YER055C/YER069W/YER090W/YER091C/YHR018C/YHR208W/YIL116W/YIL094C/YIL074C/YIR017C/YIR034C/YCL018W/YCL009C/YFL046W/YFR025C,48,Upregulated,8. Mixed origin
GO:0170039,proteinogenic amino acid metabolic process,47/553,145/5298,0.32413793103448274,3.1053937768909394,8.774991582600236,2.29903991824348e-13,5.341436076719019e-11,4.860251055234024e-11,YDL182W/YDL131W/YDR034C/YDR158W/YDR234W/YOL064C/YOR202W/YOR375C/YGL125W/YGL026C/YGL009C/YGR204W/YLR058C/YLR134W/YLR303W/YPR167C/YMR062C/YMR108W/YBR115C/YBR248C/YNL277W/YNL104C/YNR050C/YJL200C/YJL071W/YJR016C/YJR109C/YJR139C/YKL015W/YKL001C/YKR069W/YER052C/YER055C/YER069W/YER090W/YER091C/YHR018C/YHR208W/YIL116W/YIL094C/YIL074C/YIR017C/YIR034C/YCL018W/YCL009C/YFL046W/YFR025C,47,Upregulated,8. Mixed origin
GO:1901605,alpha-amino acid metabolic process,49/553,159/5298,0.3081761006289308,2.9524719369476955,8.533034420632278,6.064276362210184e-13,1.2076573212744282e-10,1.0988651152576348e-10,YDL182W/YDL131W/YDR034C/YDR158W/YDR234W/YOL064C/YOR202W/YOR375C/YGL125W/YGL026C/YGL009C/YGR204W/YLR058C/YLR134W/YLR303W/YPR167C/YMR062C/YMR108W/YBR115C/YBR248C/YNL277W/YNL104C/YNR050C/YJL200C/YJL071W/YJL060W/YJR016C/YJR109C/YJR139C/YKL015W/YKL001C/YKR069W/YER052C/YER055C/YER069W/YER090W/YER091C/YHR018C/YHR112C/YHR208W/YIL116W/YIL094C/YIL074C/YIR017C/YIR034C/YCL018W/YCL009C/YFL046W/YFR025C,49,Upregulated,8. Mixed origin
GO:0009067,aspartate family amino acid biosynthetic process,23/553,49/5298,0.46938775510204084,4.49695538251467,8.394779408506292,7.421207063056361e-11,1.2931453307375709e-8,1.1766519093398572e-8,YDL182W/YDL131W/YDR034C/YDR158W/YDR234W/YOL064C/YGL125W/YGR204W/YLR303W/YPR167C/YBR115C/YNL277W/YNR050C/YJL200C/YJR139C/YKL001C/YKR069W/YER052C/YER091C/YHR208W/YIL094C/YIR017C/YIR034C,23,Upregulated,8. Mixed origin
GO:0016053,organic acid biosynthetic process,50/553,186/5298,0.26881720430107525,2.575395205039958,7.466378677532381,9.812879736257801e-11,1.3679154352343375e-8,1.2446863244411211e-8,YDL182W/YDL131W/YDR034C/YDR035W/YDR158W/YDR234W/YOL064C/YOR202W/YOR375C/YGL125W/YGL026C/YGL009C/YGR204W/YLR058C/YLR303W/YLR380W/YPR167C/YMR020W/YMR062C/YMR108W/YBR115C/YBR248C/YNL277W/YNL104C/YNR050C/YJL200C/YJL071W/YJL060W/YJR016C/YJR109C/YJR137C/YJR139C/YKL001C/YKR069W/YER052C/YER055C/YER069W/YER090W/YER091C/YHR018C/YHR063C/YHR208W/YIL116W/YIL094C/YIL074C/YIR017C/YIR034C/YCL018W/YCL009C/YFR025C,50,Upregulated,8. Mixed origin
GO:0046394,carboxylic acid biosynthetic process,50/553,186/5298,0.26881720430107525,2.575395205039958,7.466378677532381,9.812879736257801e-11,1.3679154352343375e-8,1.2446863244411211e-8,YDL182W/YDL131W/YDR034C/YDR035W/YDR158W/YDR234W/YOL064C/YOR202W/YOR375C/YGL125W/YGL026C/YGL009C/YGR204W/YLR058C/YLR303W/YLR380W/YPR167C/YMR020W/YMR062C/YMR108W/YBR115C/YBR248C/YNL277W/YNL104C/YNR050C/YJL200C/YJL071W/YJL060W/YJR016C/YJR109C/YJR137C/YJR139C/YKL001C/YKR069W/YER052C/YER055C/YER069W/YER090W/YER091C/YHR018C/YHR063C/YHR208W/YIL116W/YIL094C/YIL074C/YIR017C/YIR034C/YCL018W/YCL009C/YFR025C,50,Upregulated,8. Mixed origin
GO:0009066,aspartate family amino acid metabolic process,23/553,59/5298,0.3898305084745763,3.7347595549698105,7.210749337355862,6.671349121547822e-9,8.454418795852422e-7,7.692799704751316e-7,YDL182W/YDL131W/YDR034C/YDR158W/YDR234W/YOL064C/YGL125W/YGR204W/YLR303W/YPR167C/YBR115C/YNL277W/YNR050C/YJL200C/YJR139C/YKL001C/YKR069W/YER052C/YER091C/YHR208W/YIL094C/YIR017C/YIR034C,23,Upregulated,8. Mixed origin
GO:0009085,lysine biosynthetic process,11/553,15/5298,0.7333333333333333,7.025678119349005,7.977571341368269,1.3478317016627133e-8,1.5657311600981854e-6,1.4246817548276924e-6,YDL182W/YDL131W/YDR034C/YDR158W/YDR234W/YBR115C/YNR050C/YJL200C/YER052C/YIL094C/YIR034C,11,Upregulated,8. Mixed origin
GO:0006520,amino acid metabolic process,52/553,226/5298,0.23008849557522124,2.2043559666501302,6.3165350368052335,1.628971100950421e-8,1.7467582420960665e-6,1.589400952749196e-6,YDL182W/YDL170W/YDL131W/YDR034C/YDR035W/YDR158W/YDR234W/YOL064C/YOR202W/YOR375C/YGL125W/YGL026C/YGL009C/YGR204W/YLR058C/YLR134W/YLR303W/YPR033C/YPR167C/YMR062C/YMR108W/YBR115C/YBR248C/YNL277W/YNL104C/YNR050C/YJL200C/YJL071W/YJL060W/YJR016C/YJR109C/YJR139C/YKL015W/YKL001C/YKR069W/YER052C/YER055C/YER069W/YER090W/YER091C/YHR018C/YHR112C/YHR208W/YIL116W/YIL094C/YIL074C/YIR017C/YIR034C/YCL018W/YCL009C/YFL046W/YFR025C,52,Upregulated,8. Mixed origin
GO:0006553,lysine metabolic process,11/553,16/5298,0.6875,6.586573236889692,7.639514035539313,3.908672605319828e-8,3.891921151297028e-6,3.5413161574514228e-6,YDL182W/YDL131W/YDR034C/YDR158W/YDR234W/YBR115C/YNR050C/YJL200C/YER052C/YIL094C/YIR034C,11,Upregulated,8. Mixed origin
GO:0043436,oxoacid metabolic process,69/553,355/5298,0.19436619718309858,1.8621195527595953,5.740448300745022,1.0906450945773104e-7,1.0135728412271805e-5,9.222647992741466e-6,YDL182W/YDL170W/YDL131W/YDR034C/YDR035W/YDR158W/YDR234W/YDR253C/YDR272W/YOL064C/YOR202W/YOR270C/YOR375C/YGL125W/YGL062W/YGL026C/YGL009C/YGR204W/YGR254W/YLR058C/YLR134W/YLR303W/YLR380W/YPR167C/YML042W/YMR020W/YMR062C/YMR108W/YBR115C/YBR248C/YNL277W/YNL229C/YNL104C/YNR050C/YJL200C/YJL071W/YJL060W/YJR010W/YJR016C/YJR109C/YJR137C/YJR139C/YKL015W/YKL001C/YKR069W/YER010C/YER040W/YER052C/YER055C/YER069W/YER090W/YER091C/YHR018C/YHR063C/YHR112C/YHR183W/YHR201C/YHR208W/YIL116W/YIL094C/YIL074C/YIR017C/YIR031C/YIR034C/YCL040W/YCL018W/YCL009C/YFL046W/YFR025C,69,Upregulated,8. Mixed origin
GO:0006082,organic acid metabolic process,69/553,357/5298,0.19327731092436976,1.851687510447217,5.688089266874548,1.372367714757986e-7,1.1956753714828953e-5,1.0879625633443244e-5,YDL182W/YDL170W/YDL131W/YDR034C/YDR035W/YDR158W/YDR234W/YDR253C/YDR272W/YOL064C/YOR202W/YOR270C/YOR375C/YGL125W/YGL062W/YGL026C/YGL009C/YGR204W/YGR254W/YLR058C/YLR134W/YLR303W/YLR380W/YPR167C/YML042W/YMR020W/YMR062C/YMR108W/YBR115C/YBR248C/YNL277W/YNL229C/YNL104C/YNR050C/YJL200C/YJL071W/YJL060W/YJR010W/YJR016C/YJR109C/YJR137C/YJR139C/YKL015W/YKL001C/YKR069W/YER010C/YER040W/YER052C/YER055C/YER069W/YER090W/YER091C/YHR018C/YHR063C/YHR112C/YHR183W/YHR201C/YHR208W/YIL116W/YIL094C/YIL074C/YIR017C/YIR031C/YIR034C/YCL040W/YCL018W/YCL009C/YFL046W/YFR025C,69,Upregulated,8. Mixed origin
GO:0000747,conjugation with cellular fusion,29/553,101/5298,0.2871287128712871,2.7508280665317884,6.064392083528302,2.1087422389166695e-7,1.729168635911669e-5,1.5733959120090322e-5,YDL100C/YDR085C/YDR103W/YOR208W/YOR212W/YGL162W/YGR279C/YLR330W/YLR452C/YPL192C/YPL179W/YPR075C/YPR122W/YMR065W/YMR232W/YNL053W/YNR044W/YJR090C/YJR117W/YKR031C/YER075C/YHR005C/YHR084W/YIL015W/YCL055W/YCL014W/YCR089W/YFL026W/YFR022W,29,Upregulated,8. Mixed origin
GO:0000096,sulfur amino acid metabolic process,18/553,46/5298,0.391304347826087,3.7488796289016437,6.391925783391513,2.828623594256102e-7,2.1906118279961146e-5,1.993269842736025e-5,YDR158W/YDR253C/YOL064C/YGL125W/YGR204W/YLR303W/YPR167C/YNL277W/YJR010W/YJR137C/YJR139C/YKL001C/YKR069W/YER052C/YER091C/YHR112C/YHR208W/YIR017C,18,Upregulated,8. Mixed origin
GO:0019752,carboxylic acid metabolic process,65/553,339/5298,0.19174041297935104,1.8369633055417756,5.437116724877017,4.4747773669847965e-7,3.283073499777266e-5,2.9873167463804315e-5,YDL182W/YDL170W/YDL131W/YDR034C/YDR035W/YDR158W/YDR234W/YDR253C/YDR272W/YOL064C/YOR202W/YOR375C/YGL125W/YGL062W/YGL026C/YGL009C/YGR204W/YGR254W/YLR058C/YLR134W/YLR303W/YLR380W/YPR167C/YML042W/YMR020W/YMR062C/YMR108W/YBR115C/YBR248C/YNL277W/YNL104C/YNR050C/YJL200C/YJL071W/YJL060W/YJR010W/YJR016C/YJR109C/YJR137C/YJR139C/YKL015W/YKL001C/YKR069W/YER010C/YER052C/YER055C/YER069W/YER090W/YER091C/YHR018C/YHR063C/YHR112C/YHR183W/YHR208W/YIL116W/YIL094C/YIL074C/YIR017C/YIR031C/YIR034C/YCL040W/YCL018W/YCL009C/YFL046W/YFR025C,65,Upregulated,8. Mixed origin
GO:0000103,sulfate assimilation,8/553,10/5298,0.8,7.664376130198916,7.200675183569338,4.999749645683087e-7,3.484825503041112e-5,3.170893854235852e-5,YOL064C/YPR167C/YBR213W/YJR010W/YJR137C/YKL001C/YKR069W/YFR030W,8,Upregulated,8. Mixed origin
GO:0019878,lysine biosynthetic process via aminoadipic acid,9/553,13/5298,0.6923076923076923,6.632633189595214,6.940968827335785,6.727350869540586e-7,4.465679577209322e-5,4.063387367316494e-5,YDL182W/YDL131W/YDR034C/YDR234W/YBR115C/YNR050C/YJL200C/YIL094C/YIR034C,9,Upregulated,8. Mixed origin
GO:0000097,sulfur amino acid biosynthetic process,15/553,36/5298,0.4166666666666667,3.991862567811935,6.148609509746411,1.0908909894216935e-6,6.912281996608367e-5,6.28958680503895e-5,YDR158W/YOL064C/YGL125W/YGR204W/YLR303W/YPR167C/YNL277W/YJR137C/YJR139C/YKL001C/YKR069W/YER052C/YER091C/YHR208W/YIR017C,15,Upregulated,8. Mixed origin
GO:0009086,methionine biosynthetic process,14/553,32/5298,0.4375,4.1914556962025316,6.1813427491258635,1.2291283821212895e-6,7.449586802943815e-5,6.778488331607111e-5,YDR158W/YOL064C/YGL125W/YGR204W/YLR303W/YPR167C/YNL277W/YJR139C/YKL001C/YKR069W/YER052C/YER091C/YHR208W/YIR017C,14,Upregulated,8. Mixed origin
GO:0006555,methionine metabolic process,14/553,35/5298,0.4,3.832188065099458,5.7385063854342135,4.489709250007742e-6,2.5993346456531407e-4,2.3651727312633348e-4,YDR158W/YOL064C/YGL125W/YGR204W/YLR303W/YPR167C/YNL277W/YJR139C/YKL001C/YKR069W/YER052C/YER091C/YHR208W/YIR017C,14,Upregulated,8. Mixed origin
GO:0071554,cell wall organization or biogenesis,46/553,226/5298,0.20353982300884957,1.9500072012674232,4.982541655615178,4.661647499377943e-6,2.5993346456531407e-4,2.3651727312633348e-4,YDR027C/YDR261C/YDR293C/YDR349C/YDR483W/YOL105C/YOL048C/YOL030W/YOR092W/YOR208W/YOR247W/YGR014W/YGR032W/YGR279C/YGR282C/YLR121C/YLR330W/YLR332W/YLR414C/YPL053C/YMR200W/YMR215W/YMR238W/YMR295C/YBR023C/YBR038W/YBR162C/YNL322C/YNL283C/YNL192W/YNL053W/YJL171C/YJL042W/YKL126W/YKR042W/YER075C/YER150W/YHL028W/YHL027W/YHR142W/YIL123W/YIL015W/YCR017C/YCR089W/YFL039C/YAL053W,46,Upregulated,8. Mixed origin
GO:0019236,response to pheromone,22/553,78/5298,0.28205128205128205,2.70218389205731,5.169850327561095,8.678424531198751e-6,4.6529706909580995e-4,4.2338062996333985e-4,YDL100C/YDR103W/YDR410C/YOR208W/YOR212W/YLR452C/YPL179W/YPL049C/YPR075C/YNL298W/YNL053W/YNR044W/YJR090C/YJR117W/YKL209C/YER075C/YHR005C/YHR084W/YIL015W/YCR089W/YFL026W/YFR022W,22,Upregulated,8. Mixed origin
GO:0042221,response to chemical,73/553,433/5298,0.16859122401847576,1.6151831914102794,4.560016670740272,1.3036267880304517e-5,6.730576824127591e-4,0.00061242506026381845,YDL138W/YDL126C/YDL100C/YDL095W/YDL073W/YDL020C/YDR103W/YDR135C/YDR171W/YDR368W/YDR410C/YDR411C/YOL082W/YOL016C/YOR052C/YOR153W/YOR208W/YOR212W/YOR270C/YOR380W/YGL248W/YGL060W/YGR014W/YGR097W/YLL029W/YLL021W/YLR104W/YLR256W/YLR452C/YPL203W/YPL189W/YPL179W/YPL096W/YPL049C/YPR075C/YML121W/YML013W/YMR214W/YMR276W/YBR014C/YNL298W/YNL264C/YNL229C/YNL159C/YNL155W/YNL053W/YNL036W/YNL008C/YNR044W/YJL144W/YJL101C/YJR090C/YJR117W/YKL209C/YKL126W/YEL047C/YER075C/YHL027W/YHR005C/YHR048W/YHR084W/YHR183W/YIL015W/YCL043C/YCL035C/YCL033C/YCR089W/YFL026W/YFR010W/YFR022W/YFR029W/YAL053W/YAL023C,73,Upregulated,8. Mixed origin
GO:0045229,external encapsulating structure organization,39/553,189/5298,0.20634920634920634,1.9769224145354343,4.668554882751924,1.8150148353224976e-5,8.724588553239868e-4,7.938631130902393e-4,YDR027C/YDR261C/YDR293C/YDR349C/YOL105C/YOL048C/YOL030W/YOR092W/YOR247W/YGR014W/YGR032W/YGR279C/YGR282C/YLR121C/YLR330W/YLR332W/YLR414C/YPL053C/YMR215W/YMR238W/YBR023C/YBR038W/YBR162C/YNL322C/YNL283C/YNL192W/YNL053W/YJL171C/YJL042W/YKL126W/YKR042W/YER150W/YHL028W/YHR142W/YIL123W/YIL015W/YCR017C/YCR089W/YFL039C,39,Upregulated,8. Mixed origin
GO:0071555,cell wall organization,39/553,189/5298,0.20634920634920634,1.9769224145354343,4.668554882751924,1.8150148353224976e-5,8.724588553239868e-4,7.938631130902393e-4,YDR027C/YDR261C/YDR293C/YDR349C/YOL105C/YOL048C/YOL030W/YOR092W/YOR247W/YGR014W/YGR032W/YGR279C/YGR282C/YLR121C/YLR330W/YLR332W/YLR414C/YPL053C/YMR215W/YMR238W/YBR023C/YBR038W/YBR162C/YNL322C/YNL283C/YNL192W/YNL053W/YJL171C/YJL042W/YKL126W/YKR042W/YER150W/YHL028W/YHR142W/YIL123W/YIL015W/YCR017C/YCR089W/YFL039C,39,Upregulated,8. Mixed origin
GO:0009079,pyruvate family amino acid biosynthetic process,7/553,11/5298,0.6363636363636364,6.096662830840046,5.776131009021998,2.9508230085062435e-5,0.0013711490912859013,0.001247628675526324,YGL009C/YMR108W/YNL104C/YJR016C/YHR208W/YCL018W/YCL009C,7,Upregulated,8. Mixed origin
GO:0007120,axial cellular bud site selection,8/553,15/5298,0.5333333333333333,5.109584086799276,5.44079846059466,4.43315405300997e-5,0.001993489274159967,0.0018139051388376955,YLR084C/YPR122W/YNL078W/YJR092W/YIL140W/YIR006C/YCL014W/YCR038C,8,Upregulated,8. Mixed origin
GO:0044283,small molecule biosynthetic process,57/553,328/5298,0.17378048780487804,1.6648987782825386,4.243983689853727,5.264950656866817e-5,0.0022935441298976072,0.0020869294544488535,YDL182W/YDL131W/YDR034C/YDR035W/YDR158W/YDR234W/YDR487C/YOL064C/YOR202W/YOR375C/YGL125W/YGL062W/YGL026C/YGL009C/YGR204W/YLR058C/YLR134W/YLR228C/YLR303W/YLR380W/YPR167C/YML125C/YMR020W/YMR062C/YMR108W/YBR035C/YBR115C/YBR248C/YNL277W/YNL104C/YNR050C/YJL200C/YJL071W/YJL060W/YJR016C/YJR109C/YJR137C/YJR139C/YKL001C/YKR069W/YER052C/YER055C/YER069W/YER090W/YER091C/YHR018C/YHR042W/YHR063C/YHR208W/YIL116W/YIL094C/YIL074C/YIR017C/YIR034C/YCL018W/YCL009C/YFR025C,57,Upregulated,8. Mixed origin
GO:0071852,fungal-type cell wall organization or biogenesis,34/553,165/5298,0.20606060606060606,1.9741574880815387,4.339552600459463,6.477530334557734e-5,0.0027362658443556,0.0024897684380038496,YDR027C/YDR261C/YDR293C/YDR349C/YOL048C/YOL030W/YOR208W/YOR247W/YGR014W/YGR032W/YGR282C/YLR121C/YLR330W/YLR332W/YLR414C/YPL053C/YMR200W/YMR215W/YMR238W/YBR023C/YNL322C/YNL283C/YNL053W/YJL042W/YKL126W/YKR042W/YER075C/YER150W/YHL027W/YIL123W/YIL015W/YCR017C/YFL039C/YAL053W,34,Upregulated,8. Mixed origin
GO:0006508,proteolysis,58/553,340/5298,0.17058823529411765,1.6343154983512391,4.1271567501301964,7.781544212839683e-5,0.0031904331272642698,0.002903021912220377,YDL185W/YDL126C/YDL097C/YDL095W/YDL013W/YDR349C/YDR394W/YDR411C/YOL133W/YOL082W/YOR057W/YOR117W/YOR157C/YOR197W/YGR098C/YLL039C/YLL029W/YLR024C/YLR104W/YLR121C/YLR178C/YLR417W/YPL246C/YPL096W/YPR103W/YPR122W/YML055W/YML013W/YMR171C/YMR214W/YMR276W/YMR297W/YBL041W/YBR139W/YBR173C/YBR280C/YNL238W/YNL159C/YNL155W/YNL008C/YJL144W/YJR090C/YJR117W/YKL157W/YKL145W/YKL103C/YKL059C/YHL002W/YHR027C/YHR028C/YHR200W/YIL075C/YIL031W/YIL015W/YCL043C/YFR010W/YFR050C/YAL023C,58,Upregulated,8. Mixed origin
GO:0022414,reproductive process,69/553,426/5298,0.1619718309859155,1.5517662939663297,4.053832222883754,8.726995723968576e-5,0.0034758377254891985,0.0031627157435735738,YDL160C-A/YDL100C/YDR027C/YDR085C/YDR103W/YDR146C/YDR155C/YOL069W/YOL048C/YOR073W/YOR208W/YOR212W/YOR229W/YGL163C/YGL162W/YGL036W/YGR032W/YGR098C/YGR279C/YLL040C/YLL021W/YLR084C/YLR212C/YLR330W/YLR452C/YPL192C/YPL179W/YPL138C/YPL130W/YPR036W-A/YPR075C/YPR122W/YML085C/YMR065W/YMR144W/YMR200W/YMR232W/YMR238W/YBR023C/YBR073W/YNL272C/YNL078W/YNL053W/YNR044W/YJL092W/YJR090C/YJR092W/YJR117W/YKR031C/YEL072W/YER075C/YHL027W/YHR005C/YHR084W/YHR152W/YHR164C/YIL140W/YIL015W/YIR002C/YIR006C/YCL055W/YCL014W/YCR038C/YCR086W/YCR089W/YCR097W/YFL039C/YFL026W/YFR022W,69,Upregulated,8. Mixed origin
GO:0000910,cytokinesis,24/553,104/5298,0.23076923076923078,2.210877729865072,4.257213518778889,1.2658851075025875e-4,0.004790436745541639,0.004358888679587462,YOR326W/YGR014W/YGR092W/YLL021W/YLR084C/YLR330W/YPL242C/YPR122W/YML064C/YMR232W/YBL047C/YBR038W/YNL078W/YJR092W/YKR042W/YHL027W/YHR023W/YIL140W/YIL135C/YIR006C/YCL014W/YCR038C/YCR063W/YFL039C,24,Upregulated,8. Mixed origin
GO:0009082,branched-chain amino acid biosynthetic process,7/553,13/5298,0.5384615384615384,5.1587147030185,5.124691799344528,1.2714932538381683e-4,0.004790436745541639,0.004358888679587462,YGL009C/YMR108W/YNL104C/YJR016C/YHR208W/YCL018W/YCL009C,7,Upregulated,8. Mixed origin
GO:0031139,positive regulation of conjugation with cellular fusion,10/553,27/5298,0.37037037037037035,3.5483222824994978,4.5315749710347495,2.298744677841346e-4,0.00843276337081799,0.00767309511578621,YDL100C/YDR103W/YOR208W/YOR212W/YGL162W/YPL179W/YNL053W/YER075C/YHR005C/YFL026W,10,Upregulated,8. Mixed origin
GO:0000282,cellular bud site selection,12/553,37/5298,0.32432432432432434,3.1071795122428036,4.390638587749317,2.365369906783512e-4,0.008454681153990297,0.007693038428270261,YGR014W/YLL021W/YLR084C/YLR330W/YPR122W/YNL078W/YJR092W/YIL140W/YIR006C/YCL014W/YCR038C/YCR063W,12,Upregulated,8. Mixed origin
GO:0044396,actin cortical patch organization,9/553,23/5298,0.391304347826087,3.7488796289016437,4.5099097660970715,2.93431907599148e-4,0.010226101979830308,0.009304880227815086,YDL161W/YLR370C/YBL047C/YBR059C/YNL243W/YJR065C/YIL062C/YIR006C/YCR088W,9,Upregulated,8. Mixed origin
GO:0071444,cellular response to pheromone,17/553,66/5298,0.25757575757575757,2.467696860101923,4.0957544235691055,3.0739374603090815e-4,0.010451387365050878,0.00950987070519241,YDL100C/YDR103W/YOR208W/YOR212W/YLR452C/YPL179W/YPL049C/YPR075C/YNL053W/YNR044W/YJR090C/YER075C/YHR005C/YHR084W/YIL015W/YFL026W/YFR022W,17,Upregulated,8. Mixed origin
GO:0035269,protein O-linked mannosylation,6/553,11/5298,0.5454545454545454,5.225710997862896,4.78906710921235,3.673543389363543e-4,0.012192665439935189,0.01109428517339115,YDL095W/YDL093W/YOR085W/YMR200W/YJR143C/YAL023C,6,Upregulated,8. Mixed origin
GO:0009078,pyruvate family amino acid metabolic process,7/553,15/5298,0.4666666666666667,4.470886075949367,4.595207500336791,3.953489528364976e-4,0.01281666140125762,0.011662068253806111,YGL009C/YMR108W/YNL104C/YJR016C/YHR208W/YCL018W/YCL009C,7,Upregulated,8. Mixed origin
GO:2000243,positive regulation of reproductive process,12/553,39/5298,0.3076923076923077,2.947836973153429,4.167664657054628,4.106925841402437e-4,0.012928544611564369,0.01176387242840373,YDL100C/YDR103W/YDR146C/YDR155C/YOR208W/YOR212W/YGL162W/YPL179W/YNL053W/YER075C/YHR005C/YFL026W,12,Upregulated,8. Mixed origin
GO:0009070,serine family amino acid biosynthetic process,9/553,24/5298,0.375,3.5926763110307416,4.3455354931227435,4.2662342333713124e-4,0.012928544611564369,0.01176387242840373,YDR158W/YLR058C/YLR303W/YPR167C/YJR139C/YKL001C/YER052C/YIL074C/YIR017C,9,Upregulated,8. Mixed origin
GO:0009073,aromatic amino acid family biosynthetic process,9/553,24/5298,0.375,3.5926763110307416,4.3455354931227435,4.2662342333713124e-4,0.012928544611564369,0.01176387242840373,YDR035W/YOR202W/YGL026C/YGR204W/YBR248C/YER055C/YER090W/YIL116W/YFR025C,9,Upregulated,8. Mixed origin
GO:0030866,cortical actin cytoskeleton organization,15/553,56/5298,0.26785714285714285,2.5661973650219583,4.022086791747322,4.370635224346768e-4,0.012963118090934882,0.01179533134454167,YDL161W/YOR329C/YLR370C/YPL242C/YMR232W/YBL047C/YBR038W/YBR059C/YNL243W/YJR065C/YHR023W/YIL062C/YIR006C/YCR088W/YFL039C,15,Upregulated,8. Mixed origin
GO:0031137,regulation of conjugation with cellular fusion,10/553,29/5298,0.3448275862068966,3.3036104009478087,4.24622862923665,4.499410517961662e-4,0.01306703804591366,0.011889889636280269,YDL100C/YDR103W/YOR208W/YOR212W/YGL162W/YPL179W/YNL053W/YER075C/YHR005C/YFL026W,10,Upregulated,8. Mixed origin
GO:0030865,cortical cytoskeleton organization,15/553,57/5298,0.2631578947368421,2.5211763586180638,3.941571044954578,5.373561983385773e-4,0.01504847781998585,0.01369283075819901,YDL161W/YOR329C/YLR370C/YPL242C/YMR232W/YBL047C/YBR038W/YBR059C/YNL243W/YJR065C/YHR023W/YIL062C/YIR006C/YCR088W/YFL039C,15,Upregulated,8. Mixed origin
GO:0034314,Arp2/3 complex-mediated actin nucleation,8/553,20/5298,0.4,3.832188065099458,4.331734568785216,5.397588888086747e-4,0.01504847781998585,0.01369283075819901,YOR181W/YLR370C/YPR154W/YNL243W/YJR065C/YIL062C/YIR006C/YCR088W,8,Upregulated,8. Mixed origin
GO:0009069,serine family amino acid metabolic process,11/553,35/5298,0.3142857142857143,3.011004908292431,4.074646260106461,5.82700217709248e-4,0.015638695768003728,0.01422987872872045,YDR158W/YLR058C/YLR303W/YPR167C/YNL277W/YJR139C/YKL001C/YER052C/YHR112C/YIL074C/YIR017C,11,Upregulated,8. Mixed origin
GO:0070887,cellular response to chemical stimulus,49/553,296/5298,0.16554054054054054,1.5859562093739308,3.5415927212779854,5.871628744319472e-4,0.015638695768003728,0.01422987872872045,YDL138W/YDL126C/YDL100C/YDL073W/YDL020C/YDR103W/YDR368W/YOL016C/YOR052C/YOR208W/YOR212W/YOR270C/YGL248W/YGL060W/YGR014W/YGR097W/YLL029W/YLL021W/YLR256W/YLR452C/YPL203W/YPL189W/YPL179W/YPL049C/YPR075C/YML121W/YBR014C/YNL229C/YNL159C/YNL155W/YNL053W/YNL036W/YNL008C/YNR044W/YJL144W/YJR090C/YKL126W/YEL047C/YER075C/YHL027W/YHR005C/YHR084W/YHR183W/YIL015W/YCL035C/YCL033C/YFL026W/YFR022W/YAL053W,49,Upregulated,8. Mixed origin
GO:0000750,pheromone-dependent signal transduction involved in conjugation with cellular fusion,9/553,25/5298,0.36,3.4489692585895115,4.189709349779101,6.058031359198001e-4,0.015638695768003728,0.01422987872872045,YDL100C/YDR103W/YOR208W/YOR212W/YPL179W/YNL053W/YER075C/YHR005C/YFL026W,9,Upregulated,8. Mixed origin
GO:0032005,signal transduction involved in positive regulation of conjugation with cellular fusion,9/553,25/5298,0.36,3.4489692585895115,4.189709349779101,6.058031359198001e-4,0.015638695768003728,0.01422987872872045,YDL100C/YDR103W/YOR208W/YOR212W/YPL179W/YNL053W/YER075C/YHR005C/YFL026W,9,Upregulated,8. Mixed origin
GO:0010498,proteasomal protein catabolic process,31/553,165/5298,0.18787878787878787,1.7999671214861088,3.563591559680691,7.480252929043897e-4,0.01895904106015853,0.017251109625833292,YDL126C/YDL095W/YDR394W/YDR411C/YOL133W/YOL082W/YOR117W/YOR157C/YLR024C/YLR104W/YPL096W/YPR103W/YML013W/YMR214W/YMR276W/YBL041W/YBR280C/YNL159C/YNL155W/YNL008C/YJL144W/YJR090C/YJR117W/YKL145W/YHR027C/YHR200W/YIL075C/YCL043C/YFR010W/YFR050C/YAL023C,31,Upregulated,8. Mixed origin
GO:0031505,fungal-type cell wall organization,28/553,144/5298,0.19444444444444445,1.8628691983122365,3.5835498399840584,7.635343542148562e-4,0.019006551603134098,0.0172943401659568,YDR027C/YDR261C/YDR293C/YDR349C/YOL048C/YOL030W/YOR247W/YGR014W/YGR032W/YGR282C/YLR121C/YLR330W/YLR332W/YLR414C/YPL053C/YMR215W/YBR023C/YNL322C/YNL283C/YNL053W/YJL042W/YKL126W/YKR042W/YER150W/YIL123W/YIL015W/YCR017C/YFL039C,28,Upregulated,8. Mixed origin
GO:0061640,cytoskeleton-dependent cytokinesis,19/553,84/5298,0.2261904761904762,2.167011108240765,3.6803452660466385,8.198806090803412e-4,0.0200511152466315,0.018244803950910642,YGR014W/YLL021W/YLR084C/YLR330W/YPL242C/YPR122W/YML064C/YMR232W/YBR038W/YNL078W/YJR092W/YHR023W/YIL140W/YIL135C/YIR006C/YCL014W/YCR038C/YCR063W/YFL039C,19,Upregulated,8. Mixed origin
GO:0044272,sulfur compound biosynthetic process,18/553,78/5298,0.23076923076923078,2.210877729865072,3.677661771792051,8.696912479897076e-4,0.020902579305131938,0.019019563590337525,YDR158W/YOL064C/YGL125W/YGR204W/YLR303W/YPR167C/YNL277W/YJL101C/YJR010W/YJR137C/YJR139C/YKL001C/YKR069W/YER052C/YER091C/YHR208W/YIR017C/YFR030W,18,Upregulated,8. Mixed origin
GO:0009081,branched-chain amino acid metabolic process,8/553,22/5298,0.36363636363636365,3.4838073319085976,3.9850731292024757,0.0011341801072615293,0.026387450210964017,0.024010328101043296,YGL009C/YLR134W/YMR108W/YNL104C/YJR016C/YHR208W/YCL018W/YCL009C,8,Upregulated,8. Mixed origin
GO:0035268,protein mannosylation,6/553,13/5298,0.46153846153846156,4.421755459730144,4.2165532853488985,0.0011357582587215502,0.026387450210964017,0.024010328101043296,YDL095W/YDL093W/YOR085W/YMR200W/YJR143C/YAL023C,6,Upregulated,8. Mixed origin
GO:0022413,reproductive process in single-celled organism,30/553,162/5298,0.18518518518518517,1.7741611412497489,3.4161411888758133,0.0011565336266186404,0.026429637303383356,0.024048714755400546,YDR027C/YDR146C/YDR155C/YOL048C/YGR032W/YLL040C/YLL021W/YLR084C/YLR330W/YPL130W/YPR036W-A/YPR122W/YMR144W/YMR200W/YMR232W/YMR238W/YBR023C/YNL272C/YNL078W/YJR092W/YKR031C/YHL027W/YIL140W/YIR002C/YIR006C/YCL014W/YCR038C/YCR089W/YFL039C/YFL026W,30,Upregulated,8. Mixed origin
GO:0051603,proteolysis involved in protein catabolic process,41/553,244/5298,0.1680327868852459,1.6098331011176,3.329260145262963,0.0012174976472870463,0.02737406000513133,0.024908058828198486,YDL126C/YDL097C/YDL095W/YDL013W/YDR394W/YDR411C/YOL133W/YOL082W/YOR057W/YOR117W/YOR157C/YOR197W/YLL039C/YLR024C/YLR104W/YLR417W/YPL096W/YPR103W/YML013W/YMR171C/YMR214W/YMR276W/YBL041W/YBR173C/YBR280C/YNL159C/YNL155W/YNL008C/YJL144W/YJR090C/YJR117W/YKL145W/YKL059C/YHL002W/YHR027C/YHR200W/YIL075C/YCL043C/YFR010W/YFR050C/YAL023C,41,Upregulated,8. Mixed origin
GO:0019953,sexual reproduction,56/553,364/5298,0.15384615384615385,1.4739184865767145,3.1982632879479125,0.0015151603985867125,0.03352593008936313,0.030505735677476834,YDL160C-A/YDL100C/YDR027C/YDR085C/YDR103W/YDR155C/YOL069W/YOL048C/YOR073W/YOR208W/YOR212W/YOR229W/YGL163C/YGL162W/YGL036W/YGR032W/YGR098C/YGR279C/YLL040C/YLR212C/YLR330W/YLR452C/YPL192C/YPL179W/YPL138C/YPL130W/YPR036W-A/YPR075C/YPR122W/YML085C/YMR065W/YMR232W/YBR023C/YBR073W/YNL272C/YNL053W/YNR044W/YJL092W/YJR090C/YJR117W/YKR031C/YEL072W/YER075C/YHL027W/YHR005C/YHR084W/YHR152W/YHR164C/YIL015W/YCL055W/YCL014W/YCR086W/YCR089W/YFL039C/YFL026W/YFR022W,56,Upregulated,8. Mixed origin
GO:0006493,protein O-linked glycosylation,8/553,23/5298,0.34782608695652173,3.3323374479125714,3.826515837064028,0.0015825791470814687,0.03447055204736824,0.03136526105646661,YDL095W/YDL093W/YDR483W/YOR085W/YPL053C/YMR200W/YJR143C/YAL023C,8,Upregulated,8. Mixed origin
GO:0000749,response to pheromone triggering conjugation with cellular fusion,12/553,45/5298,0.26666666666666666,2.554792043399638,3.575479642781114,0.0016832880285534587,0.03610005402774648,0.03284796881630636,YDL100C/YDR103W/YOR208W/YOR212W/YPL179W/YPR075C/YNL053W/YNR044W/YJR090C/YER075C/YHR005C/YFL026W,12,Upregulated,8. Mixed origin
GO:0097502,mannosylation,6/553,14/5298,0.42857142857142855,4.105915784035133,3.972205723994552,0.0018139213324425748,0.03831221723371135,0.03486084857405586,YDL095W/YDL093W/YOR085W/YMR200W/YJR143C/YAL023C,6,Upregulated,8. Mixed origin
GO:0000281,mitotic cytokinesis,18/553,83/5298,0.21686746987951808,2.077692324451513,3.3780503874516112,0.0018604334621434096,0.03870812307802855,0.035221089110491884,YGR014W/YLL021W/YLR084C/YLR330W/YPL242C/YPR122W/YML064C/YBR038W/YNL078W/YJR092W/YHR023W/YIL140W/YIL135C/YIR006C/YCL014W/YCR038C/YCR063W/YFL039C,18,Upregulated,8. Mixed origin
GO:1903828,negative regulation of protein localization,5/553,10/5298,0.5,4.7902350813743215,4.095244799685606,0.0019613064516985895,0.040206782259821085,0.03658474108818576,YGR098C/YML064C/YML055W/YJR117W/YHR152W,5,Upregulated,8. Mixed origin
GO:0009272,fungal-type cell wall biogenesis,13/553,52/5298,0.25,2.3951175406871608,3.4511018103283995,0.002072918306498099,0.041878958250121015,0.03810627855576215,YDR027C/YOL048C/YOL030W/YGR032W/YLR330W/YMR200W/YMR215W/YMR238W/YBR023C/YKR042W/YHL027W/YFL039C/YAL053W,13,Upregulated,8. Mixed origin
GO:0030036,actin cytoskeleton organization,28/553,154/5298,0.18181818181818182,1.7419036659542988,3.1894576598788045,0.0022208271185072564,0.044226185759987366,0.04024205530528186,YDL161W/YDR085C/YDR309C/YOL112W/YOR181W/YOR326W/YOR329C/YGR097W/YLL021W/YLR370C/YPL242C/YPR154W/YMR200W/YMR232W/YBL047C/YBR038W/YBR059C/YNL243W/YJR065C/YKL007W/YER155C/YHR023W/YIL135C/YIL062C/YIL034C/YIR006C/YCR088W/YFL039C,28,Upregulated,8. Mixed origin
GO:0032543,mitochondrial translation,72/323,133/5298,0.5413533834586466,8.879536302055449,23.44828172317988,2.5197825226954026e-54,2.3005614432209026e-51,2.0635692659547613e-51,YDL202W/YDR116C/YDR175C/YDR194C/YDR237W/YDR337W/YDR347W/YDR405W/YDR462W/YDR494W/YOR150W/YOR158W/YOR187W/YOR354C/YGL068W/YGR021W/YGR076C/YGR165W/YGR215W/YGR220C/YLR069C/YLR204W/YLR312W-A/YLR439W/YPL215W/YPL183W-A/YPL173W/YPL118W/YPL104W/YPL013C/YPR100W/YPR166C/YML025C/YMR024W/YMR158W/YMR193W/YMR286W/YBL090W/YBL038W/YBR120C/YBR122C/YBR146W/YBR185C/YBR251W/YBR268W/YBR282W/YNL306W/YNL284C/YNL252C/YNL185C/YNL177C/YNL137C/YNL081C/YNR022C/YNR036C/YJL096W/YJL063C/YJR101W/YJR113C/YKL170W/YKL167C/YKL138C/YKL003C/YKR006C/YKR085C/YEL050C/YHL004W/YHR059W/YHR147C/YIL093C/YCR003W/YCR071C,72,Downregulated,8. Mixed origin
GO:0006412,translation,123/323,454/5298,0.2709251101321586,4.443842828112,19.551896381902004,3.213011165975654e-53,1.466739597267886e-50,1.31564351954161e-50,YDL229W/YDL202W/YDL136W/YDL083C/YDR064W/YDR116C/YDR172W/YDR175C/YDR194C/YDR237W/YDR337W/YDR347W/YDR382W/YDR405W/YDR462W/YDR471W/YDR494W/YOR063W/YOR096W/YOR150W/YOR158W/YOR187W/YOR354C/YGL135W/YGL123W/YGL107C/YGL068W/YGL030W/YGR021W/YGR076C/YGR085C/YGR148C/YGR165W/YGR215W/YGR220C/YLR061W/YLR069C/YLR167W/YLR204W/YLR312W-A/YLR340W/YLR367W/YLR439W/YLR441C/YPL215W/YPL198W/YPL183W-A/YPL173W/YPL118W/YPL104W/YPL090C/YPL079W/YPL013C/YPR080W/YPR100W/YPR166C/YML091C/YML073C/YML026C/YML025C/YML024W/YMR024W/YMR116C/YMR158W/YMR193W/YMR194W/YMR286W/YBL090W/YBL087C/YBL038W/YBR120C/YBR122C/YBR146W/YBR185C/YBR189W/YBR251W/YBR268W/YBR282W/YNL306W/YNL302C/YNL301C/YNL284C/YNL252C/YNL185C/YNL178W/YNL177C/YNL137C/YNL096C/YNL081C/YNL069C/YNL067W/YNL005C/YNR022C/YNR036C/YJL191W/YJL190C/YJL138C/YJL096W/YJL063C/YJR101W/YJR113C/YKL170W/YKL167C/YKL138C/YKL003C/YKR006C/YKR085C/YEL050C/YEL034W/YHL004W/YHR010W/YHR059W/YHR064C/YHR147C/YIL133C/YIL093C/YIL018W/YCR003W/YCR071C/YFL034C-A/YFR001W/YFR031C-A/YAL003W,123,Downregulated,8. Mixed origin
GO:0140053,mitochondrial gene expression,76/323,164/5298,0.4634146341463415,7.6011477761836455,21.879286343473115,7.267487637018177e-51,2.211738737532532e-48,1.983896625122857e-48,YDL202W/YDR116C/YDR175C/YDR194C/YDR237W/YDR337W/YDR347W/YDR405W/YDR462W/YDR494W/YOR150W/YOR158W/YOR187W/YOR354C/YGL236C/YGL107C/YGL068W/YGR021W/YGR076C/YGR165W/YGR215W/YGR220C/YLR069C/YLR204W/YLR312W-A/YLR439W/YPL215W/YPL183W-A/YPL173W/YPL118W/YPL104W/YPL013C/YPR100W/YPR166C/YML091C/YML025C/YMR024W/YMR158W/YMR193W/YMR286W/YBL090W/YBL038W/YBR120C/YBR122C/YBR146W/YBR185C/YBR251W/YBR268W/YBR282W/YNL306W/YNL284C/YNL252C/YNL185C/YNL177C/YNL137C/YNL081C/YNR022C/YNR036C/YJL096W/YJL063C/YJR101W/YJR113C/YKL170W/YKL167C/YKL138C/YKL003C/YKR006C/YKR079C/YKR085C/YEL050C/YHL004W/YHR059W/YHR147C/YIL093C/YCR003W/YCR071C,76,Downregulated,8. Mixed origin
GO:1902600,proton transmembrane transport,35/323,80/5298,0.4375,7.1760835913312695,14.181619426750471,2.4424373603473884e-22,5.574863274992914e-20,5.00056912197439e-20,YDL067C/YDL004W/YDR298C/YDR322C-A/YDR377W/YDR529C/YOL077W-A/YOR065W/YGL191W/YGL187C/YGR183C/YLR038C/YLR295C/YLR395C/YPL271W/YPL078C/YPR020W/YPR125W/YPR191W/YML123C/YML120C/YML081C-A/YML030W/YMR256C/YBL099W/YBL045C/YBR039W/YNL052W/YJL166W/YJR121W/YKL016C/YEL024W/YHR001W-A/YHR051W/YFR033C,35,Downregulated,8. Mixed origin
GO:0006119,oxidative phosphorylation,22/323,31/5298,0.7096774193548387,11.640467392389894,15.138386811209301,1.1437227079769484e-20,2.0884376647659077e-18,1.8732974038022444e-18,YDL067C/YDR298C/YDR529C/YOR065W/YGL191W/YGL187C/YGR183C/YLR038C/YLR395C/YPL271W/YPR191W/YML120C/YMR256C/YNL052W/YJL166W/YJR048W/YJR121W/YKL141W/YEL024W/YHR001W-A/YHR051W/YFR033C,22,Downregulated,8. Mixed origin
GO:0019646,aerobic electron transport chain,18/323,26/5298,0.6923076923076923,11.35556084782091,13.486284066772628,8.567614352001083e-17,1.303705317229498e-14,1.1694042045362881e-14,YDL067C/YDR529C/YOR065W/YGL191W/YGL187C/YGR183C/YLR395C/YPR191W/YML120C/YMR256C/YNL052W/YJL166W/YJR048W/YKL141W/YEL024W/YHR001W-A/YHR051W/YFR033C,18,Downregulated,8. Mixed origin
GO:0042773,ATP synthesis coupled electron transport,18/323,27/5298,0.6666666666666666,10.93498452012384,13.186279405833453,2.4296086825426506e-16,2.7727909089518e-14,2.4871520460765558e-14,YDL067C/YDR529C/YOR065W/YGL191W/YGL187C/YGR183C/YLR395C/YPR191W/YML120C/YMR256C/YNL052W/YJL166W/YJR048W/YKL141W/YEL024W/YHR001W-A/YHR051W/YFR033C,18,Downregulated,8. Mixed origin
GO:0042775,mitochondrial ATP synthesis coupled electron transport,18/323,27/5298,0.6666666666666666,10.93498452012384,13.186279405833453,2.4296086825426506e-16,2.7727909089518e-14,2.4871520460765558e-14,YDL067C/YDR529C/YOR065W/YGL191W/YGL187C/YGR183C/YLR395C/YPR191W/YML120C/YMR256C/YNL052W/YJL166W/YJR048W/YKL141W/YEL024W/YHR001W-A/YHR051W/YFR033C,18,Downregulated,8. Mixed origin
GO:0006754,ATP biosynthetic process,14/323,16/5298,0.875,14.352167182662539,13.628004223741328,8.036562003290939e-16,7.337381109004627e-14,6.581521303747738e-14,YDL004W/YDR298C/YDR322C-A/YDR377W/YOL077W-A/YLR295C/YPL271W/YPL078C/YPR020W/YML081C-A/YBL099W/YBR039W/YJR121W/YKL016C,14,Downregulated,8. Mixed origin
GO:0015986,proton motive force-driven ATP synthesis,14/323,16/5298,0.875,14.352167182662539,13.628004223741328,8.036562003290939e-16,7.337381109004627e-14,6.581521303747738e-14,YDL004W/YDR298C/YDR322C-A/YDR377W/YOL077W-A/YLR295C/YPL271W/YPL078C/YPR020W/YML081C-A/YBL099W/YBR039W/YJR121W/YKL016C,14,Downregulated,8. Mixed origin
GO:0098662,inorganic cation transmembrane transport,38/323,141/5298,0.2695035460992908,4.420525657071339,10.488745507779479,1.0628224857470112e-15,8.821426631700192e-14,7.912687980011241e-14,YDL067C/YDL004W/YDR298C/YDR322C-A/YDR377W/YDR529C/YOL077W-A/YOR065W/YGL191W/YGL187C/YGR183C/YLR038C/YLR220W/YLR295C/YLR395C/YLR411W/YPL271W/YPL078C/YPR020W/YPR124W/YPR125W/YPR191W/YML123C/YML120C/YML081C-A/YML030W/YMR256C/YBL099W/YBL045C/YBR039W/YNL052W/YJL166W/YJR121W/YKL016C/YEL024W/YHR001W-A/YHR051W/YFR033C,38,Downregulated,8. Mixed origin
GO:0098655,monoatomic cation transmembrane transport,38/323,143/5298,0.26573426573426573,4.358700123406005,10.373961197691026,1.7702384762450154e-15,1.3468564406764159e-13,1.2081101179987913e-13,YDL067C/YDL004W/YDR298C/YDR322C-A/YDR377W/YDR529C/YOL077W-A/YOR065W/YGL191W/YGL187C/YGR183C/YLR038C/YLR220W/YLR295C/YLR395C/YLR411W/YPL271W/YPL078C/YPR020W/YPR124W/YPR125W/YPR191W/YML123C/YML120C/YML081C-A/YML030W/YMR256C/YBL099W/YBL045C/YBR039W/YNL052W/YJL166W/YJR121W/YKL016C/YEL024W/YHR001W-A/YHR051W/YFR033C,38,Downregulated,8. Mixed origin
GO:0022904,respiratory electron transport chain,18/323,30/5298,0.6,9.841486068111454,12.373219468385756,3.787072792674738e-15,2.659690353624643e-13,2.385702536599957e-13,YDL067C/YDR529C/YOR065W/YGL191W/YGL187C/YGR183C/YLR395C/YPR191W/YML120C/YMR256C/YNL052W/YJL166W/YJR048W/YKL141W/YEL024W/YHR001W-A/YHR051W/YFR033C,18,Downregulated,8. Mixed origin
GO:0045333,cellular respiration,31/323,98/5298,0.3163265306122449,5.188538573324067,10.663348190081967,4.1158539563414194e-15,2.6841247586712255e-13,2.407619833107989e-13,YDL067C/YDR298C/YDR529C/YOR065W/YGL191W/YGL187C/YGL107C/YGR183C/YLR038C/YLR395C/YPL271W/YPR191W/YML120C/YMR256C/YBL045C/YBL030C/YNL052W/YNR001C/YJL166W/YJR048W/YJR104C/YJR120W/YJR121W/YKL141W/YKL085W/YEL024W/YER156C/YHR001W-A/YHR051W/YIL070C/YFR033C,31,Downregulated,8. Mixed origin
GO:0009145,purine nucleoside triphosphate biosynthetic process,15/323,20/5298,0.75,12.301857585139318,12.901786189776542,5.129060740398615e-15,2.9267702849899597e-13,2.6252692473882387e-13,YDL004W/YDR298C/YDR322C-A/YDR377W/YOL077W-A/YLR295C/YPL271W/YPL078C/YPR020W/YML081C-A/YML056C/YBL099W/YBR039W/YJR121W/YKL016C,15,Downregulated,8. Mixed origin
GO:0009206,purine ribonucleoside triphosphate biosynthetic process,15/323,20/5298,0.75,12.301857585139318,12.901786189776542,5.129060740398615e-15,2.9267702849899597e-13,2.6252692473882387e-13,YDL004W/YDR298C/YDR322C-A/YDR377W/YOL077W-A/YLR295C/YPL271W/YPL078C/YPR020W/YML081C-A/YML056C/YBL099W/YBR039W/YJR121W/YKL016C,15,Downregulated,8. Mixed origin
GO:0022900,electron transport chain,18/323,31/5298,0.5806451612903226,9.524018775591731,12.127276805829807,8.536428864457435e-15,4.584564443088022e-13,4.1122858554476066e-13,YDL067C/YDR529C/YOR065W/YGL191W/YGL187C/YGR183C/YLR395C/YPR191W/YML120C/YMR256C/YNL052W/YJL166W/YJR048W/YKL141W/YEL024W/YHR001W-A/YHR051W/YFR033C,18,Downregulated,8. Mixed origin
GO:0009201,ribonucleoside triphosphate biosynthetic process,16/323,24/5298,0.6666666666666666,10.93498452012384,12.428607068701139,1.1979336950223733e-14,5.938246534706139e-13,5.326518480430479e-13,YDL004W/YDR298C/YDR322C-A/YDR377W/YOL077W-A/YLR295C/YPL271W/YPL078C/YPR020W/YML081C-A/YML056C/YBL099W/YBL039C/YBR039W/YJR121W/YKL016C,16,Downregulated,8. Mixed origin
GO:0034220,monoatomic ion transmembrane transport,38/323,151/5298,0.25165562913907286,4.127775613556681,9.934972832562003,1.2357796731589993e-14,5.938246534706139e-13,5.326518480430479e-13,YDL067C/YDL004W/YDR298C/YDR322C-A/YDR377W/YDR529C/YOL077W-A/YOR065W/YGL191W/YGL187C/YGR183C/YLR038C/YLR220W/YLR295C/YLR395C/YLR411W/YPL271W/YPL078C/YPR020W/YPR124W/YPR125W/YPR191W/YML123C/YML120C/YML081C-A/YML030W/YMR256C/YBL099W/YBL045C/YBR039W/YNL052W/YJL166W/YJR121W/YKL016C/YEL024W/YHR001W-A/YHR051W/YFR033C,38,Downregulated,8. Mixed origin
GO:0098660,inorganic ion transmembrane transport,39/323,160/5298,0.24375,3.998103715170279,9.811361984078246,1.692163143487343e-14,7.724724750019721e-13,6.928962766490279e-13,YDL067C/YDL004W/YDR298C/YDR322C-A/YDR377W/YDR529C/YOL077W-A/YOR065W/YGL191W/YGL187C/YGR183C/YLR038C/YLR220W/YLR295C/YLR395C/YLR411W/YPL271W/YPL078C/YPR020W/YPR124W/YPR125W/YPR191W/YML123C/YML120C/YML081C-A/YML030W/YMR256C/YBL099W/YBL045C/YBR039W/YNL052W/YJL166W/YJR077C/YJR121W/YKL016C/YEL024W/YHR001W-A/YHR051W/YFR033C,39,Downregulated,8. Mixed origin
GO:0009060,aerobic respiration,28/323,84/5298,0.3333333333333333,5.46749226006192,10.515686821839079,2.0850690382405817e-14,9.065085866255482e-13,8.131246675444474e-13,YDL067C/YDR298C/YDR529C/YOR065W/YGL191W/YGL187C/YGL107C/YGR183C/YLR038C/YLR395C/YPL271W/YPR191W/YML120C/YMR256C/YBL045C/YBL030C/YNL052W/YNR001C/YJL166W/YJR048W/YJR121W/YKL141W/YKL085W/YEL024W/YHR001W-A/YHR051W/YIL070C/YFR033C,28,Downregulated,8. Mixed origin
GO:0006812,monoatomic cation transport,40/323,179/5298,0.22346368715083798,3.6653579397063147,9.242920038501158,1.7213667733214982e-13,7.143672109284218e-12,6.407767223177635e-12,YDL067C/YDL004W/YDR298C/YDR322C-A/YDR377W/YDR529C/YOL077W-A/YOR065W/YGL191W/YGL187C/YGR183C/YLR038C/YLR214W/YLR220W/YLR295C/YLR395C/YLR411W/YPL271W/YPL078C/YPR020W/YPR124W/YPR125W/YPR191W/YML123C/YML120C/YML081C-A/YML030W/YMR256C/YBL099W/YBL045C/YBL030C/YBR039W/YNL052W/YJL166W/YJR121W/YKL016C/YEL024W/YHR001W-A/YHR051W/YFR033C,40,Downregulated,8. Mixed origin
GO:0009142,nucleoside triphosphate biosynthetic process,16/323,28/5298,0.5714285714285714,9.372843874391862,11.317914435323862,3.9568701071643507e-13,1.5707053947135012e-11,1.408899287585293e-11,YDL004W/YDR298C/YDR322C-A/YDR377W/YOL077W-A/YLR295C/YPL271W/YPL078C/YPR020W/YML081C-A/YML056C/YBL099W/YBL039C/YBR039W/YJR121W/YKL016C,16,Downregulated,8. Mixed origin
GO:0006811,monoatomic ion transport,40/323,195/5298,0.20512820512820512,3.3646106215765657,8.572033560090334,3.322276305016015e-12,1.2638492776998422e-10,1.1336539321502017e-10,YDL067C/YDL004W/YDR298C/YDR322C-A/YDR377W/YDR529C/YOL077W-A/YOR065W/YGL191W/YGL187C/YGR183C/YLR038C/YLR214W/YLR220W/YLR295C/YLR395C/YLR411W/YPL271W/YPL078C/YPR020W/YPR124W/YPR125W/YPR191W/YML123C/YML120C/YML081C-A/YML030W/YMR256C/YBL099W/YBL045C/YBL030C/YBR039W/YNL052W/YJL166W/YJR121W/YKL016C/YEL024W/YHR001W-A/YHR051W/YFR033C,40,Downregulated,8. Mixed origin
GO:0002181,cytoplasmic translation,36/323,167/5298,0.2155688622754491,3.535863258004116,8.484041116940684,9.610246538264811e-12,3.5096620357743094e-10,3.1481144449558e-10,YDL229W/YDL136W/YDR382W/YDR471W/YOR096W/YGL135W/YGL030W/YGR085C/YGR148C/YLR061W/YLR340W/YLR367W/YLR441C/YPL198W/YPL079W/YML091C/YML073C/YML026C/YML024W/YMR194W/YBL087C/YNL301C/YNL178W/YNL096C/YNL069C/YNL067W/YJL191W/YJL190C/YJL138C/YEL034W/YHR010W/YHR064C/YIL133C/YIL018W/YFL034C-A/YFR031C-A,36,Downregulated,8. Mixed origin
GO:0007005,mitochondrion organization,40/323,204/5298,0.19607843137254902,3.2161719176834818,8.224486004112993,1.5064489732443185e-11,5.289953509892549e-10,4.745009316534736e-10,YDR296W/YDR322W/YDR322C-A/YDR375C/YDR493W/YDR529C/YGL191W/YGR174C/YGR183C/YLR038C/YLR168C/YLR295C/YPL215W/YPR020W/YPR100W/YPR125W/YML091C/YML081C-A/YML030W/YMR012W/YMR134W/YBR120C/YBR185C/YBR262C/YNL315C/YNL100W/YNL005C/YNR018W/YNR020C/YJR120W/YJR144W/YKL141W/YKL137W/YKR016W/YEL020W-A/YHR005C-A/YHR083W/YIL098C/YCL057C-A/YFR011C,40,Downregulated,8. Mixed origin
GO:0009152,purine ribonucleotide biosynthetic process,17/323,41/5298,0.4146341463414634,6.801026957637997,9.50052332631896,5.831241217618935e-11,1.9718234191429957e-9,1.7686961665916304e-9,YDL004W/YDR298C/YDR322C-A/YDR377W/YDR399W/YOL077W-A/YLR295C/YPL271W/YPL078C/YPR020W/YML081C-A/YML056C/YML022W/YBL099W/YBR039W/YJR121W/YKL016C,17,Downregulated,8. Mixed origin
GO:0055085,transmembrane transport,60/323,422/5298,0.14218009478672985,2.332105703343947,7.267462003343386,1.4861472867910746e-10,4.845901688715182e-9,4.346701462870136e-9,YDL067C/YDL004W/YDR046C/YDR298C/YDR322C-A/YDR375C/YDR377W/YDR508C/YDR529C/YOL077W-A/YOL020W/YOR065W/YOR232W/YGL191W/YGL187C/YGR082W/YGR183C/YLL053C/YLR008C/YLR038C/YLR220W/YLR237W/YLR295C/YLR395C/YLR411W/YPL274W/YPL271W/YPL078C/YPR020W/YPR124W/YPR125W/YPR191W/YML123C/YML120C/YML081C-A/YML030W/YMR256C/YBL099W/YBL045C/YBL042C/YBL030C/YBR039W/YBR068C/YNL052W/YNR017W/YJL166W/YJL104W/YJR045C/YJR077C/YJR121W/YKL188C/YKL016C/YKR016W/YKR093W/YKR103W/YEL024W/YER048C/YHR001W-A/YHR051W/YFR033C,60,Downregulated,8. Mixed origin
GO:0015980,energy derivation by oxidation of organic compounds,32/323,151/5298,0.2119205298013245,3.476021569310889,7.864760795921923,2.374578771698339e-10,7.475829029519252e-9,6.7057070213477605e-9,YDL067C/YDR298C/YDR529C/YOR065W/YGL191W/YGL187C/YGL107C/YGR183C/YLR038C/YLR395C/YPL271W/YPR191W/YML120C/YMR145C/YMR256C/YBL045C/YBL030C/YNL052W/YNR001C/YJL166W/YJR048W/YJR104C/YJR120W/YJR121W/YKL141W/YKL085W/YEL024W/YER156C/YHR001W-A/YHR051W/YIL070C/YFR033C,32,Downregulated,8. Mixed origin
GO:0006122,"mitochondrial electron transport, ubiquinol to cytochrome c",9/323,11/5298,0.8181818181818182,13.420208274697439,10.506069539454392,5.159523268681239e-10,1.5195628207438617e-8,1.3630251623205446e-8,YDR529C/YOR065W/YGR183C/YPR191W/YJL166W/YJR048W/YEL024W/YHR001W-A/YFR033C,9,Downregulated,8. Mixed origin
GO:0042407,cristae formation,9/323,11/5298,0.8181818181818182,13.420208274697439,10.506069539454392,5.159523268681239e-10,1.5195628207438617e-8,1.3630251623205446e-8,YDR322C-A/YLR168C/YLR295C/YPR020W/YBR262C/YNL100W/YKR016W/YCL057C-A/YFR011C,9,Downregulated,8. Mixed origin
GO:0033108,mitochondrial respiratory chain complex assembly,19/323,59/5298,0.3220338983050847,5.282153539381854,8.427208650908065,7.30775103017786e-10,2.0849927157976205e-8,1.8702073360126233e-8,YDR322W/YDR375C/YDR493W/YDR529C/YGL191W/YGR174C/YGR183C/YLR038C/YLR295C/YPL215W/YML081C-A/YML030W/YBR120C/YNL315C/YNL005C/YNR018W/YNR020C/YKL137W/YIL098C,19,Downregulated,8. Mixed origin
GO:0007007,inner mitochondrial membrane organization,15/323,37/5298,0.40540540540540543,6.649652748723956,8.786343366726953,1.1924042916506462e-9,3.2989852069001215e-8,2.9591404749735335e-8,YDR322C-A/YDR375C/YLR168C/YLR295C/YPR020W/YPR125W/YBR185C/YBR262C/YNL100W/YKL141W/YKR016W/YEL020W-A/YHR005C-A/YCL057C-A/YFR011C,15,Downregulated,8. Mixed origin
GO:0046390,ribose phosphate biosynthetic process,19/323,61/5298,0.3114754098360656,5.1089681774349085,8.223867669435068,1.3878084855483748e-9,3.7266739626637236e-8,3.3427709032713177e-8,YDL004W/YDR298C/YDR322C-A/YDR377W/YDR399W/YOL077W-A/YLR295C/YPL271W/YPL078C/YPR020W/YML081C-A/YML056C/YML022W/YBL099W/YBL068W/YBL039C/YBR039W/YJR121W/YKL016C,19,Downregulated,8. Mixed origin
GO:0009260,ribonucleotide biosynthetic process,18/323,55/5298,0.32727272727272727,5.368083309878976,8.29663594616666,1.5445147392670817e-9,4.028977019859559e-8,3.6139322320294425e-8,YDL004W/YDR298C/YDR322C-A/YDR377W/YDR399W/YOL077W-A/YLR295C/YPL271W/YPL078C/YPR020W/YML081C-A/YML056C/YML022W/YBL099W/YBL039C/YBR039W/YJR121W/YKL016C,18,Downregulated,8. Mixed origin
GO:0006164,purine nucleotide biosynthetic process,19/323,64/5298,0.296875,4.869485294117647,7.934983598405295,3.441563422527042e-9,8.728187235464414e-8,7.82905363370187e-8,YDL004W/YDR298C/YDR322C-A/YDR377W/YDR399W/YOL077W-A/YLR295C/YPL271W/YPL078C/YPR020W/YML081C-A/YML056C/YML022W/YBL099W/YBL098W/YBL068W/YBR039W/YJR121W/YKL016C,19,Downregulated,8. Mixed origin
GO:0006091,generation of precursor metabolites and energy,34/323,195/5298,0.17435897435897435,2.8599190283400806,6.742458223143669,1.4040546517724046e-8,3.464599721805961e-7,3.107694222130671e-7,YDL067C/YDR298C/YDR529C/YOR065W/YOR095C/YGL191W/YGL187C/YGL115W/YGL107C/YGR183C/YLR038C/YLR395C/YPL271W/YPR191W/YML120C/YMR145C/YMR256C/YBL045C/YBL030C/YNL052W/YNR001C/YJL166W/YJR048W/YJR104C/YJR120W/YJR121W/YKL141W/YKL085W/YEL024W/YER156C/YHR001W-A/YHR051W/YIL070C/YFR033C,34,Downregulated,8. Mixed origin
GO:0009199,ribonucleoside triphosphate metabolic process,17/323,56/5298,0.30357142857142855,4.9793233082706765,7.627363356069258,1.6214988440179974e-8,3.895864327864294e-7,3.4945321347534685e-7,YDL004W/YDR298C/YDR322C-A/YDR377W/YOL077W-A/YGL115W/YLR295C/YPL271W/YPL078C/YPR020W/YML081C-A/YML056C/YBL099W/YBL039C/YBR039W/YJR121W/YKL016C,17,Downregulated,8. Mixed origin
GO:0006123,"mitochondrial electron transport, cytochrome c to oxygen",8/323,11/5298,0.7272727272727273,11.929074021953278,9.244741242415499,2.4646036717785155e-8,5.769700390599447e-7,5.175335105650972e-7,YDL067C/YGL191W/YGL187C/YLR395C/YMR256C/YNL052W/YJR048W/YHR051W,8,Downregulated,8. Mixed origin
GO:0009205,purine ribonucleoside triphosphate metabolic process,16/323,51/5298,0.3137254901960784,5.145875068293571,7.57993483457882,2.5618498345364246e-8,5.847422247329389e-7,5.245050450708786e-7,YDL004W/YDR298C/YDR322C-A/YDR377W/YOL077W-A/YGL115W/YLR295C/YPL271W/YPL078C/YPR020W/YML081C-A/YML056C/YBL099W/YBR039W/YJR121W/YKL016C,16,Downregulated,8. Mixed origin
GO:0006696,ergosterol biosynthetic process,13/323,34/5298,0.38235294117647056,6.271535239482789,7.856666839760791,3.6624990740437804e-8,7.961575368099932e-7,7.141414234601658e-7,YGL012W/YGL001C/YGR060W/YPL117C/YPL028W/YML126C/YML008C/YMR134W/YMR208W/YMR220W/YNR043W/YKL150W/YHR190W,13,Downregulated,8. Mixed origin
GO:0016129,phytosteroid biosynthetic process,13/323,34/5298,0.38235294117647056,6.271535239482789,7.856666839760791,3.6624990740437804e-8,7.961575368099932e-7,7.141414234601658e-7,YGL012W/YGL001C/YGR060W/YPL117C/YPL028W/YML126C/YML008C/YMR134W/YMR208W/YMR220W/YNR043W/YKL150W/YHR190W,13,Downregulated,8. Mixed origin
GO:0046034,ATP metabolic process,15/323,46/5298,0.32608695652173914,5.34863373266927,7.54725619586408,3.9329586961811254e-8,8.350677417705506e-7,7.490432963595877e-7,YDL004W/YDR298C/YDR322C-A/YDR377W/YOL077W-A/YGL115W/YLR295C/YPL271W/YPL078C/YPR020W/YML081C-A/YBL099W/YBR039W/YJR121W/YKL016C,15,Downregulated,8. Mixed origin
GO:0016126,sterol biosynthetic process,14/323,40/5298,0.35,5.740866873065015,7.668266010711661,4.048427259189058e-8,8.400486562817295e-7,7.53511102308394e-7,YGL012W/YGL001C/YGR060W/YPL117C/YPL028W/YML126C/YML008C/YMR134W/YMR208W/YMR220W/YNL111C/YNR043W/YKL150W/YHR190W,14,Downregulated,8. Mixed origin
GO:0009144,purine nucleoside triphosphate metabolic process,16/323,53/5298,0.3018867924528302,4.951691103452305,7.366613470990452,4.737504521495886e-8,9.351962246974353e-7,8.388570505731304e-7,YDL004W/YDR298C/YDR322C-A/YDR377W/YOL077W-A/YGL115W/YLR295C/YPL271W/YPL078C/YPR020W/YML081C-A/YML056C/YBL099W/YBR039W/YJR121W/YKL016C,16,Downregulated,8. Mixed origin
GO:0070585,protein localization to mitochondrion,19/323,74/5298,0.25675675675675674,4.211446740858506,7.088179464075594,4.814263150140138e-8,9.351962246974353e-7,8.388570505731304e-7,YDR375C/YOR232W/YGR028W/YGR082W/YLR008C/YLR163C/YPR125W/YMR150C/YBL045C/YBR185C/YBR230C/YNR017W/YJL104W/YJR045C/YKL141W/YKR016W/YEL020W-A/YHR005C-A/YHR083W,19,Downregulated,8. Mixed origin
GO:0072655,establishment of protein localization to mitochondrion,19/323,74/5298,0.25675675675675674,4.211446740858506,7.088179464075594,4.814263150140138e-8,9.351962246974353e-7,8.388570505731304e-7,YDR375C/YOR232W/YGR028W/YGR082W/YLR008C/YLR163C/YPR125W/YMR150C/YBL045C/YBR185C/YBR230C/YNR017W/YJL104W/YJR045C/YKL141W/YKR016W/YEL020W-A/YHR005C-A/YHR083W,19,Downregulated,8. Mixed origin
GO:0006694,steroid biosynthetic process,14/323,41/5298,0.34146341463414637,5.600845729819528,7.534948983368105,5.812996578820642e-8,1.105680390929843e-6,9.917788022636974e-7,YGL012W/YGL001C/YGR060W/YPL117C/YPL028W/YML126C/YML008C/YMR134W/YMR208W/YMR220W/YNL111C/YNR043W/YKL150W/YHR190W,14,Downregulated,8. Mixed origin
GO:1902653,secondary alcohol biosynthetic process,13/323,36/5298,0.3611111111111111,5.923116615067079,7.551542252966171,8.156530306487045e-8,1.5197779938413614e-6,1.3632181693763525e-6,YGL012W/YGL001C/YGR060W/YPL117C/YPL028W/YML126C/YML008C/YMR134W/YMR208W/YMR220W/YNR043W/YKL150W/YHR190W,13,Downregulated,8. Mixed origin
GO:0007006,mitochondrial membrane organization,16/323,56/5298,0.2857142857142857,4.686421937195931,7.065944991284812,1.1231350989804731e-7,2.0244172317093863e-6,1.8158720312098951e-6,YDR322C-A/YDR375C/YLR168C/YLR295C/YPR020W/YPR125W/YBR185C/YBR262C/YNL100W/YKL141W/YKR016W/YEL020W-A/YHR005C-A/YHR083W/YCL057C-A/YFR011C,16,Downregulated,8. Mixed origin
GO:0009141,nucleoside triphosphate metabolic process,17/323,63/5298,0.2698412698412698,4.426065162907268,6.969911371384148,1.1308354744488357e-7,2.0244172317093863e-6,1.8158720312098951e-6,YDL004W/YDR298C/YDR322C-A/YDR377W/YOL077W-A/YGL115W/YLR295C/YPL271W/YPL078C/YPR020W/YML081C-A/YML056C/YBL099W/YBL039C/YBR039W/YJR121W/YKL016C,17,Downregulated,8. Mixed origin
GO:0072522,purine-containing compound biosynthetic process,20/323,86/5298,0.23255813953488372,3.81452948376413,6.704594704332164,1.275246696442326e-7,2.2390389112535452e-6,2.008384473344392e-6,YDL004W/YDR298C/YDR322C-A/YDR377W/YDR399W/YOL077W-A/YLR295C/YPL271W/YPL078C/YPR020W/YML081C-A/YML056C/YML022W/YBL099W/YBL098W/YBL068W/YBR039W/YNR016C/YJR121W/YKL016C,20,Downregulated,8. Mixed origin
GO:0009150,purine ribonucleotide metabolic process,18/323,72/5298,0.25,4.1006191950464395,6.749159346965271,1.7065343903521584e-7,2.8377413836334737e-6,2.545411652120646e-6,YDL004W/YDR298C/YDR322C-A/YDR377W/YDR399W/YOL077W-A/YGL115W/YLR295C/YPL271W/YPL078C/YPR020W/YML081C-A/YML056C/YML022W/YBL099W/YBR039W/YJR121W/YKL016C,18,Downregulated,8. Mixed origin
GO:0008204,ergosterol metabolic process,13/323,38/5298,0.34210526315789475,5.611373635326707,7.2685694358945785,1.709482761224984e-7,2.8377413836334737e-6,2.545411652120646e-6,YGL012W/YGL001C/YGR060W/YPL117C/YPL028W/YML126C/YML008C/YMR134W/YMR208W/YMR220W/YNR043W/YKL150W/YHR190W,13,Downregulated,8. Mixed origin
GO:0016128,phytosteroid metabolic process,13/323,38/5298,0.34210526315789475,5.611373635326707,7.2685694358945785,1.709482761224984e-7,2.8377413836334737e-6,2.545411652120646e-6,YGL012W/YGL001C/YGR060W/YPL117C/YPL028W/YML126C/YML008C/YMR134W/YMR208W/YMR220W/YNR043W/YKL150W/YHR190W,13,Downregulated,8. Mixed origin
GO:0072521,purine-containing compound metabolic process,30/323,179/5298,0.16759776536312848,2.7490184547797356,6.06524080033064,2.6149529501879226e-7,4.263307220574237e-6,3.82412292339512e-6,YDL004W/YDR298C/YDR322C-A/YDR377W/YDR399W/YOL077W-A/YOR095C/YGL115W/YLR295C/YPL273W/YPL271W/YPL078C/YPR020W/YML126C/YML120C/YML081C-A/YML056C/YML022W/YMR145C/YMR208W/YMR220W/YBL099W/YBL098W/YBL068W/YBR039W/YNR001C/YNR016C/YNR043W/YJR121W/YKL016C,30,Downregulated,8. Mixed origin
GO:0017062,respiratory chain complex III assembly,7/323,10/5298,0.7,11.48173374613003,8.452926749772224,3.0076750873536804e-7,4.734495439230879e-6,4.246771720437683e-6,YDR375C/YDR493W/YDR529C/YGR174C/YGR183C/YPL215W/YBR120C,7,Downregulated,8. Mixed origin
GO:0034551,mitochondrial respiratory chain complex III assembly,7/323,10/5298,0.7,11.48173374613003,8.452926749772224,3.0076750873536804e-7,4.734495439230879e-6,4.246771720437683e-6,YDR375C/YDR493W/YDR529C/YGR174C/YGR183C/YPL215W/YBR120C,7,Downregulated,8. Mixed origin
GO:0017004,cytochrome complex assembly,13/323,41/5298,0.3170731707317073,5.2007853205467045,6.87975753571782,4.705431555750968e-7,7.281455949831583e-6,6.531357270962094e-6,YDR322W/YDR375C/YDR493W/YDR529C/YGR174C/YGR183C/YLR038C/YPL215W/YML030W/YBR120C/YNL005C/YNR018W/YKL137W,13,Downregulated,8. Mixed origin
GO:0042254,ribosome biogenesis,50/323,401/5298,0.12468827930174564,2.0451966060081994,5.546574238370832,4.918458314719858e-7,7.4842540688987175e-6,6.713264155880789e-6,YDL229W/YDL136W/YDL083C/YDR064W/YDR280W/YDR449C/YOR063W/YOR096W/YGL135W/YGL123W/YGL030W/YGL029W/YGR081C/YGR085C/YGR159C/YGR271C-A/YLR167W/YLR204W/YLR340W/YLR441C/YPL198W/YPL183W-A/YPL146C/YPL090C/YPL082C/YPR169W/YML073C/YML026C/YML024W/YMR014W/YBR189W/YBR247C/YNL302C/YNL178W/YNL137C/YNL096C/YNL069C/YNR053C/YJL191W/YJR113C/YKL143W/YEL026W/YER002W/YER036C/YER127W/YHR064C/YIL133C/YIL070C/YFR001W/YFR031C-A,50,Downregulated,8. Mixed origin
GO:0019693,ribose phosphate metabolic process,20/323,94/5298,0.2127659574468085,3.489888676635268,6.205759175744053,6.002954380839319e-7,8.984749753616883e-6,8.059186381868835e-6,YDL004W/YDR298C/YDR322C-A/YDR377W/YDR399W/YOL077W-A/YGL115W/YLR295C/YPL271W/YPL078C/YPR020W/YML081C-A/YML056C/YML022W/YBL099W/YBL068W/YBL039C/YBR039W/YJR121W/YKL016C,20,Downregulated,8. Mixed origin
GO:0009259,ribonucleotide metabolic process,19/323,87/5298,0.21839080459770116,3.582150101419878,6.18728725315155,7.555513930061645e-7,1.1126103577655294e-5,9.979948790471918e-6,YDL004W/YDR298C/YDR322C-A/YDR377W/YDR399W/YOL077W-A/YGL115W/YLR295C/YPL271W/YPL078C/YPR020W/YML081C-A/YML056C/YML022W/YBL099W/YBL039C/YBR039W/YJR121W/YKL016C,19,Downregulated,8. Mixed origin
GO:0009165,nucleotide biosynthetic process,20/323,96/5298,0.20833333333333334,3.4171826625387,6.08947172476561,8.581883187277606e-7,1.2436919603149929e-5,1.1155731194155351e-5,YDL004W/YDR298C/YDR322C-A/YDR377W/YDR399W/YOL077W-A/YLR295C/YPL271W/YPL078C/YPR020W/YML081C-A/YML056C/YML022W/YBL099W/YBL098W/YBL068W/YBL039C/YBR039W/YJR121W/YKL016C,20,Downregulated,8. Mixed origin
GO:0006626,protein targeting to mitochondrion,16/323,66/5298,0.24242424242424243,3.97635800731776,6.199304571825505,1.3161416142095796e-6,1.8775582715208533e-5,1.6841417366037056e-5,YOR232W/YGR028W/YGR082W/YLR008C/YLR163C/YMR150C/YBL045C/YBR230C/YNR017W/YJL104W/YJR045C/YKL141W/YKR016W/YEL020W-A/YHR005C-A/YHR083W,16,Downregulated,8. Mixed origin
GO:0016125,sterol metabolic process,14/323,52/5298,0.2692307692307692,4.416051440819242,6.307127866789249,1.5774180434581509e-6,2.215665651811218e-5,1.987419008599905e-5,YGL012W/YGL001C/YGR060W/YPL117C/YPL028W/YML126C/YML008C/YMR134W/YMR208W/YMR220W/YNL111C/YNR043W/YKL150W/YHR190W,14,Downregulated,8. Mixed origin
GO:0006163,purine nucleotide metabolic process,23/323,129/5298,0.17829457364341086,2.9244726042191664,5.637973461131308,2.3221808801314486e-6,3.2123502175151706e-5,2.8814301830020208e-5,YDL004W/YDR298C/YDR322C-A/YDR377W/YDR399W/YOL077W-A/YOR095C/YGL115W/YLR295C/YPL271W/YPL078C/YPR020W/YML120C/YML081C-A/YML056C/YML022W/YMR145C/YBL099W/YBL098W/YBL068W/YBR039W/YJR121W/YKL016C,23,Downregulated,8. Mixed origin
GO:0008202,steroid metabolic process,14/323,54/5298,0.25925925925925924,4.252493980048159,6.120709180401087,2.588044770628856e-6,3.526693844155441e-5,3.1633917227796543e-5,YGL012W/YGL001C/YGR060W/YPL117C/YPL028W/YML126C/YML008C/YMR134W/YMR208W/YMR220W/YNL111C/YNR043W/YKL150W/YHR190W,14,Downregulated,8. Mixed origin
GO:0042274,ribosomal small subunit biogenesis,24/323,140/5298,0.17142857142857143,2.8118531623175587,5.535617228974,2.8786781192183744e-6,3.8650487100682e-5,3.466890985684048e-5,YDL083C/YDR064W/YDR449C/YOR096W/YGR081C/YGR159C/YGR271C-A/YLR167W/YLR441C/YPL090C/YML026C/YML024W/YMR014W/YBR189W/YBR247C/YNL302C/YNL137C/YNL096C/YJL191W/YJR113C/YKL143W/YEL026W/YER127W/YFR001W,24,Downregulated,8. Mixed origin
GO:1902652,secondary alcohol metabolic process,13/323,48/5298,0.2708333333333333,4.442337461300309,6.103994240656794,3.4879548925050177e-6,4.615221473705914e-5,4.139784754185971e-5,YGL012W/YGL001C/YGR060W/YPL117C/YPL028W/YML126C/YML008C/YMR134W/YMR208W/YMR220W/YNR043W/YKL150W/YHR190W,13,Downregulated,8. Mixed origin
GO:1901293,nucleoside phosphate biosynthetic process,22/323,124/5298,0.1774193548387097,2.9101168480974735,5.483745244056321,4.217938313838761e-6,5.50139668647827e-5,4.934670688972265e-5,YDL004W/YDR298C/YDR322C-A/YDR377W/YDR399W/YOL077W-A/YLR295C/YPL271W/YPL078C/YPR020W/YML081C-A/YML056C/YML022W/YBL099W/YBL098W/YBL068W/YBL039C/YBR039W/YNR016C/YJR121W/YKL016C/YFL045C,22,Downregulated,8. Mixed origin
GO:1990145,maintenance of translational fidelity,6/323,10/5298,0.6,9.841486068111454,7.1301595616728255,8.361423982081475e-6,1.0752084641747024e-4,9.644459389265217e-5,YOR063W/YLR167W/YMR116C/YNL178W/YFR031C-A/YAL003W,6,Downregulated,8. Mixed origin
GO:0006414,translational elongation,12/323,46/5298,0.2608695652173913,4.278906986135415,5.690695650190464,1.2734966299625238e-5,1.6148644766052558e-4,1.4485093247234554e-4,YDL229W/YDR194C/YDR382W/YOR063W/YOR187W/YGR148C/YLR069C/YPR080W/YMR116C/YEL034W/YHR064C/YAL003W,12,Downregulated,8. Mixed origin
GO:0006753,nucleoside phosphate metabolic process,31/323,229/5298,0.13537117903930132,2.2204226208985087,4.810459354527511,1.7597291064370906e-5,2.2008666769548818e-4,1.9741445491103915e-4,YDL004W/YDR298C/YDR322C-A/YDR377W/YDR399W/YOL077W-A/YOR095C/YGL115W/YLR295C/YPL271W/YPL078C/YPR020W/YML126C/YML120C/YML081C-A/YML056C/YML022W/YMR145C/YMR208W/YMR220W/YBL099W/YBL098W/YBL068W/YBL039C/YBR039W/YNR001C/YNR016C/YNR043W/YJR121W/YKL016C/YFL045C,31,Downregulated,8. Mixed origin
GO:0022613,ribonucleoprotein complex biogenesis,52/323,480/5298,0.10833333333333334,1.7769349845201239,4.547697863387108,2.0027847415234152e-5,2.4710033365011864e-4,2.216453099438431e-4,YDL229W/YDL136W/YDL083C/YDR064W/YDR280W/YDR449C/YOR063W/YOR096W/YOR159C/YGL135W/YGL123W/YGL030W/YGL029W/YGR081C/YGR085C/YGR159C/YGR271C-A/YLR167W/YLR204W/YLR340W/YLR441C/YPL198W/YPL183W-A/YPL146C/YPL090C/YPL082C/YPR169W/YML073C/YML026C/YML024W/YMR014W/YBR189W/YBR247C/YNL302C/YNL178W/YNL137C/YNL096C/YNL069C/YNR053C/YJL191W/YJL138C/YJR113C/YKL143W/YEL026W/YER002W/YER036C/YER127W/YHR064C/YIL133C/YIL070C/YFR001W/YFR031C-A,52,Downregulated,8. Mixed origin
GO:0055086,nucleobase-containing small molecule metabolic process,32/323,246/5298,0.13008130081300814,2.133655516121725,4.639131608134907,2.915166437871952e-5,3.548729277036123e-4,3.1831571770728125e-4,YDL004W/YDR298C/YDR322C-A/YDR377W/YDR399W/YOL077W-A/YOR095C/YGL115W/YLR295C/YPL273W/YPL271W/YPL078C/YPR020W/YML126C/YML120C/YML081C-A/YML056C/YML022W/YMR145C/YMR208W/YMR220W/YBL099W/YBL098W/YBL068W/YBL039C/YBR039W/YNR001C/YNR016C/YNR043W/YJR121W/YKL016C/YFL045C,32,Downregulated,8. Mixed origin
GO:0070124,mitochondrial translational initiation,6/323,12/5298,0.5,8.201238390092879,6.362882988715556,3.3125204317881155e-5,3.9793830976612494e-4,3.569447224281377e-4,YDR194C/YDR494W/YOR354C/YLR204W/YPL118W/YBL090W,6,Downregulated,8. Mixed origin
GO:0009117,nucleotide metabolic process,24/323,174/5298,0.13793103448275862,2.2624105903704494,4.314101888695389,1.201129308691643e-4,0.0014241961803058052,0.0012774827097226224,YDL004W/YDR298C/YDR322C-A/YDR377W/YDR399W/YOL077W-A/YOR095C/YGL115W/YLR295C/YPL271W/YPL078C/YPR020W/YML120C/YML081C-A/YML056C/YML022W/YMR145C/YBL099W/YBL098W/YBL068W/YBL039C/YBR039W/YJR121W/YKL016C,24,Downregulated,8. Mixed origin
GO:0033750,ribosome localization,13/323,70/5298,0.18571428571428572,3.0461742591773553,4.390798959270237,2.528607824892748e-4,0.002931001474050709,0.0026290645608018125,YDL229W/YGL135W/YGL123W/YGR081C/YPL146C/YML026C/YBR230C/YNL302C/YNL178W/YNR053C/YKL143W/YER036C/YFR001W,13,Downregulated,8. Mixed origin
GO:0006364,rRNA processing,33/323,287/5298,0.11498257839721254,1.8859990722861673,3.9321648731743726,2.5361349008762985e-4,0.002931001474050709,0.0026290645608018125,YDL229W/YDL136W/YDL083C/YDR064W/YDR280W/YDR449C/YOR063W/YOR096W/YGL123W/YGL030W/YGL029W/YGR081C/YGR159C/YGR271C-A/YLR167W/YLR441C/YPL198W/YPL146C/YPL090C/YPL082C/YML026C/YMR014W/YBR189W/YBR247C/YNL096C/YNL069C/YJL191W/YEL026W/YER002W/YER127W/YHR064C/YIL133C/YFR001W,33,Downregulated,8. Mixed origin
GO:0033615,mitochondrial proton-transporting ATP synthase complex assembly,5/323,11/5298,0.45454545454545453,7.455671263720799,5.460756351298815,2.7799451883887756e-4,0.003133444391356731,0.0028106528350441426,YLR295C/YML081C-A/YNL315C/YNR020C/YIL098C,5,Downregulated,8. Mixed origin
GO:0043461,proton-transporting ATP synthase complex assembly,5/323,11/5298,0.45454545454545453,7.455671263720799,5.460756351298815,2.7799451883887756e-4,0.003133444391356731,0.0028106528350441426,YLR295C/YML081C-A/YNL315C/YNR020C/YIL098C,5,Downregulated,8. Mixed origin
GO:0008299,isoprenoid biosynthetic process,6/323,18/5298,0.3333333333333333,5.46749226006192,4.837297580888216,4.864331314418863e-4,0.005416017670810271,0.004858086986672497,YPL117C/YML126C/YMR208W/YMR220W/YNR043W/YHR190W,6,Downregulated,8. Mixed origin
GO:0046165,alcohol biosynthetic process,13/323,77/5298,0.16883116883116883,2.7692493265248683,3.9845314588319263,6.645611262981404e-4,0.0073101723892795446,0.006557115488395096,YGL012W/YGL001C/YGR060W/YPL117C/YPL028W/YML126C/YML008C/YMR134W/YMR208W/YMR220W/YNR043W/YKL150W/YHR190W,13,Downregulated,8. Mixed origin
GO:0006720,isoprenoid metabolic process,6/323,19/5298,0.3157894736842105,5.179729509532344,4.65017023479882,6.748903052793277e-4,0.007335414865714597,0.006579757612873646,YPL117C/YML126C/YMR208W/YMR220W/YNR043W/YHR190W,6,Downregulated,8. Mixed origin
GO:0034982,mitochondrial protein processing,5/323,13/5298,0.38461538461538464,6.308644915456061,4.882615918048115,6.994778614106936e-4,0.00751321514668192,0.006739241810247922,YDR430C/YLR163C/YMR150C/YBL045C/YNR020C,5,Downregulated,8. Mixed origin
GO:0000054,ribosomal subunit export from nucleus,12/323,69/5298,0.17391304347826086,2.85260465742361,3.9465506514946567,8.100256570648633e-4,0.008599458429072327,0.007713585816358184,YDL229W/YGL135W/YGL123W/YGR081C/YPL146C/YML026C/YNL302C/YNL178W/YNR053C/YKL143W/YER036C/YFR001W,12,Downregulated,8. Mixed origin
GO:0016072,rRNA metabolic process,36/323,344/5298,0.10465116279069768,1.7165382676938585,3.501549858908866,8.275380110922487e-4,0.00868439315088762,0.007789770993705621,YDL229W/YDL136W/YDL083C/YDR064W/YDR280W/YDR449C/YOL006C/YOR063W/YOR096W/YGL123W/YGL030W/YGL029W/YGR081C/YGR159C/YGR271C-A/YLR167W/YLR441C/YPL198W/YPL146C/YPL090C/YPL082C/YML026C/YMR014W/YMR116C/YBR189W/YBR247C/YNL178W/YNL096C/YNL069C/YJL191W/YEL026W/YER002W/YER127W/YHR064C/YIL133C/YFR001W,36,Downregulated,8. Mixed origin
GO:0042255,ribosome assembly,13/323,82/5298,0.15853658536585366,2.6003926602733523,3.7212118122673634,0.0012241986142668528,0.012701060623018597,0.011392661745210664,YOR063W/YGR085C/YGR159C/YLR167W/YLR204W/YLR340W/YPL146C/YML073C/YML024W/YNL302C/YJL191W/YJR113C/YIL070C,13,Downregulated,8. Mixed origin
GO:0006839,mitochondrial transport,13/323,83/5298,0.1566265060240964,2.569062628221866,3.6708942481594504,0.0013736475889575125,0.01409146346874392,0.012639832338367176,YOR232W/YGR082W/YLR008C/YBL030C/YNR017W/YJL104W/YJR045C/YJR077C/YKL141W/YKR016W/YEL020W-A/YHR005C-A/YHR083W,13,Downregulated,8. Mixed origin
GO:0006084,acetyl-CoA metabolic process,5/323,15/5298,0.3333333333333333,5.46749226006192,4.414574375009656,0.0014746405937264796,0.014949344969558373,0.013409339235967504,YML126C/YMR208W/YMR220W/YNR001C/YNR043W,5,Downregulated,8. Mixed origin
GO:0030490,maturation of SSU-rRNA,16/323,115/5298,0.1391304347826087,2.282083725938888,3.541558405741927,0.0014900223354105278,0.014949344969558373,0.013409339235967504,YDL083C/YDR064W/YDR449C/YGR081C/YGR271C-A/YLR167W/YLR441C/YPL090C/YML026C/YMR014W/YBR189W/YBR247C/YJL191W/YEL026W/YER127W/YFR001W,16,Downregulated,8. Mixed origin
GO:0006417,regulation of translation,17/323,131/5298,0.1297709923664122,2.1285656890317397,3.332444803293707,0.00231930900928881,0.023016620929137865,0.020645565322959886,YDR172W/YDR194C/YOR150W/YOR187W/YGL123W/YPL215W/YPR080W/YMR116C/YBR120C/YBR185C/YBR189W/YNL069C/YJL138C/YEL034W/YIL133C/YFR001W/YAL003W,17,Downregulated,8. Mixed origin
GO:0090407,organophosphate biosynthetic process,28/323,263/5298,0.10646387832699619,1.7462712921870769,3.1629663912093715,0.0024525539306428728,0.024077222996526267,0.02159690954205043,YDL004W/YDR298C/YDR322C-A/YDR377W/YDR399W/YOL077W-A/YLR168C/YLR295C/YPL271W/YPL117C/YPL078C/YPR020W/YML126C/YML081C-A/YML056C/YML022W/YMR208W/YMR220W/YBL099W/YBL098W/YBL068W/YBL039C/YBR039W/YNR016C/YNR043W/YJR121W/YKL016C/YFL045C,28,Downregulated,8. Mixed origin
GO:0000462,"maturation of SSU-rRNA from tricistronic rRNA transcript (SSU-rRNA, 5.8S rRNA, LSU-rRNA)",14/323,101/5298,0.13861386138613863,2.273610642798026,3.2926131862744623,0.0030034228967241693,0.029171543667118795,0.0261664391226361,YDL083C/YDR064W/YDR449C/YGR081C/YGR271C-A/YLR441C/YPL090C/YML026C/YBR189W/YBR247C/YJL191W/YEL026W/YER127W/YFR001W,14,Downregulated,8. Mixed origin
GO:0090151,establishment of protein localization to mitochondrial membrane,7/323,33/5298,0.21212121212121213,3.4793132564030396,3.6400629123983737,0.003159409424516002,0.029769174629807608,0.02670250517321764,YDR375C/YPR125W/YBR185C/YKL141W/YEL020W-A/YHR005C-A/YHR083W,7,Downregulated,8. Mixed origin
GO:0000028,ribosomal small subunit assembly,6/323,25/5298,0.24,3.936594427244582,3.7497714149510126,0.0032279827911839577,0.029769174629807608,0.02670250517321764,YGR159C/YLR167W/YML024W/YNL302C/YJL191W/YJR113C,6,Downregulated,8. Mixed origin
GO:0006637,acyl-CoA metabolic process,6/323,25/5298,0.24,3.936594427244582,3.7497714149510126,0.0032279827911839577,0.029769174629807608,0.02670250517321764,YML126C/YMR208W/YMR220W/YNR001C/YNR016C/YNR043W,6,Downregulated,8. Mixed origin
GO:0030150,protein import into mitochondrial matrix,6/323,25/5298,0.24,3.936594427244582,3.7497714149510126,0.0032279827911839577,0.029769174629807608,0.02670250517321764,YOR232W/YGR082W/YLR008C/YNR017W/YJL104W/YJR045C,6,Downregulated,8. Mixed origin
GO:0035383,thioester metabolic process,6/323,25/5298,0.24,3.936594427244582,3.7497714149510126,0.0032279827911839577,0.029769174629807608,0.02670250517321764,YML126C/YMR208W/YMR220W/YNR001C/YNR016C/YNR043W,6,Downregulated,8. Mixed origin
GO:0006413,translational initiation,11/323,71/5298,0.15492957746478872,2.541228796930188,3.3311159070960827,0.003452279737545353,0.03151931400378907,0.028272354061160892,YDL083C/YDR194C/YDR494W/YOR354C/YGL107C/YGR148C/YLR204W/YPL118W/YBL090W/YJL138C/YEL034W,11,Downregulated,8. Mixed origin
GO:0070071,proton-transporting two-sector ATPase complex assembly,5/323,18/5298,0.2777777777777778,4.5562435500516,3.850618494742618,0.003615533376289946,0.03268298982725466,0.02931615390050629,YLR295C/YML081C-A/YNL315C/YNR020C/YIL098C,5,Downregulated,8. Mixed origin
GO:0006621,protein retention in ER lumen,2/13,10/5298,0.2,81.50769230769232,12.637344410738276,2.4738962123563654e-4,0.02869719606333384,0.02265568110263198,YAL007C/YAR002C-A,2,Upregulated,M1. Mosaic region 1
GO:0035437,maintenance of protein localization in endoplasmic reticulum,2/13,10/5298,0.2,81.50769230769232,12.637344410738276,2.4738962123563654e-4,0.02869719606333384,0.02265568110263198,YAL007C/YAR002C-A,2,Upregulated,M1. Mosaic region 1
GO:0072595,maintenance of protein localization in organelle,2/13,14/5298,0.14285714285714285,58.21978021978021,10.63146137071495,4.975124679345165e-4,0.03847429752026928,0.030374445410738905,YAL007C/YAR002C-A,2,Upregulated,M1. Mosaic region 1
GO:0030042,actin filament depolymerization,2/12,10/5298,0.2,88.30000000000001,13.164687383839341,2.0954072955333154e-4,0.022211317332653142,0.016322119986259508,YGR080W/YLL050C,2,Downregulated,M1. Mosaic region 1
GO:0008154,actin polymerization or depolymerization,2/12,21/5298,0.09523809523809523,42.047619047619044,8.97937484196702,9.644042243639255e-4,0.03743600844218597,0.027510075717197234,YGR080W/YLL050C,2,Downregulated,M1. Mosaic region 1
GO:0051261,protein depolymerization,2/12,22/5298,0.09090909090909091,40.13636363636363,8.763577823582171,0.0010595096728920556,0.03743600844218597,0.027510075717197234,YGR080W/YLL050C,2,Downregulated,M1. Mosaic region 1
GO:0034755,iron ion transmembrane transport,5/76,16/5298,0.3125,21.78453947368421,10.043950136428837,2.054220471531631e-6,0.0012838877947072692,0.0012563179936419763,YMR058W/YJL133W/YKR052C/YER145C/YER185W,5,Upregulated,M3. Mosaic region 3
