"gene","name","n_strains_fit","mean_r2","median_r2","sd_r2","mean_amp","sd_amp","cv_amp","amp_range","mean_peak","sd_peak","n_strains_total","n_not_detected","pct_strains_detected","mean_pct_expressed","sd_r2_null_mean","sd_r2_z","sd_r2_p","cv_amp_null_mean","cv_amp_z","cv_amp_p","sd_peak_null_mean","sd_peak_z","sd_peak_p","sd_r2_p_fdr","cv_amp_p_fdr","sd_peak_p_fdr"
"YHR126C","ANS1",12,0.00469376343902514,0.000977266436613833,0.0171082378972641,0.010918958115849,0.0276144794674055,2.52903978332171,0.0966108119997197,76.7113008641421,16.1184473131767,74,62,0.162162162162162,0.000751644221735045,0.00839618571074771,1.07729332865456,0.0678642714570858,1.39170725382496,3.02867585024535,0.0179640718562874,16.2925871917223,-0.106976725775278,0.674650698602794,0.247626883637306,0.0487887860642352,0.802948558328887
"YDL179W","PCL9",74,0.296748296145692,0.309140400434586,0.12080552274569,0.342955283420624,0.146648650710154,0.427602832787661,0.671129836201864,6.71564820715033,1.64758463517104,74,0,1,0.123645474475415,0.094699937559278,2.77384643897434,0.00598802395209581,0.303283406883119,3.44108030349886,0.00598802395209581,1.48028929455321,0.196832270526991,0.209580838323353,0.0561230480216039,0.0216839049174379,0.369666570917206
"YEL032W","MCM3",74,0.186278732822216,0.192126048766726,0.0849481010447684,0.293741298125464,0.119260936881703,0.406006706046365,0.558535529130376,7.22425002678831,4.16353703216826,74,0,1,0.235703100532415,0.0820306542012675,0.294743679105027,0.363273453093812,0.294449453910584,3.38016965380632,0.00199600798403194,3.45842589380252,1.21779003137751,0.131736526946108,0.540949254139696,0.0100430717512344,0.28622754491018
"YNL160W","YGP1",70,0.0557471928991313,0.0266292785430809,0.0792309196519541,0.10157285002547,0.15149278841719,1.49146930876904,0.756344991646308,87.0082665280603,13.2226019542359,74,4,0.945945945945946,0.0531161916692765,0.046703001668286,3.28831154067071,0.00598802395209581,0.805247597913807,6.56447067925383,0.00199600798403194,9.73141221053494,3.23121734515911,0.00199600798403194,0.0561230480216039,0.0100430717512344,0.0164498589028839
"YJL044C","GYP6",74,0.0641264797799588,0.0594020235012802,0.0622149381359806,0.155475418092102,0.100296014491843,0.645092425044509,0.523212370791385,2.76127070807427,11.1770021130536,74,0,1,0.342060757907924,0.0545942247208243,0.968560610855835,0.157684630738523,0.669109610540504,-0.406318370345574,0.63872255489022,10.1659459247555,1.10465135634576,0.137724550898204,0.37052109373486,0.71333967578861,0.293894354148845
"YKR103W","NFT1",57,0.00428256065656844,-0.00238980273265055,0.0271398907698721,0.00979598280009162,0.0191520996425149,1.9550973121692,0.0896848282956904,12.9093685677857,25.8514951302055,74,17,0.77027027027027,0.0224866896335734,0.0249354007763549,0.315624237858992,0.271457085828343,1.88057812745948,0.198585381607008,0.323353293413174,27.041612689713,-0.451876560669817,0.656686626746507,0.475311195790238,0.429341317365269,0.79067054807262
"YJL194W","CDC6",74,0.165716138918648,0.160971711787457,0.101122962956935,0.179064085039097,0.104947726411604,0.586090317266523,0.380675176561879,6.06165339152615,2.15967541424129,74,0,1,0.133103664265581,0.0843905074268657,1.90591322670889,0.0479041916167665,0.446668448486676,3.14557783298766,0.00199600798403194,3.24133624670754,-0.786629567654617,0.662674650698603,0.21202040363717,0.0100430717512344,0.793880909859479
"YHR022C","YHR022C",52,-0.00149210374312814,-0.00258390215122006,0.0270007161529276,0.0103432422140801,0.0246446243747704,2.38267884138129,0.130845445958986,84.2112128283644,21.7549941921588,74,22,0.702702702702703,0.00820544942060758,0.0200680920404051,0.815706277552645,0.153692614770459,1.95632558344479,0.868382049025088,0.141716566866267,25.8930756460425,-1.59992336459651,0.962075848303393,0.37052109373486,0.240214606248496,1
"YMR246W","FAA4",74,0.0846964084821668,0.0770891030067824,0.0781023689173154,0.197090350219758,0.167124864543694,0.847960665539166,0.648974953766147,4.32407291854266,13.9219741160188,74,0,1,0.776072658941434,0.0596226015854627,2.24777723141818,0.0219560878243513,0.869297784163581,-0.285203038859467,0.598802395209581,10.0787514483644,3.05280510456559,0.00399201596806387,0.139933466400532,0.675064964410801,0.0265025504546463
"YBR157C","ICS2",35,-0.00362621969070761,-0.00370249407047174,0.0141782262814697,0.00067398892261341,0.00181119202320043,2.68727268717931,0.00942090892815017,23.5904887709067,22.7546483914633,74,39,0.472972972972973,0.00325712496085186,0.0176204150384974,-0.371826767484148,0.550898203592814,1.8814948897849,1.53993145733687,0.0658682634730539,23.2345182163971,-0.285493881156523,0.56686626746507,0.692971950835172,0.136298830909609,0.707472782893742
"YNL134C","YNL134C",73,0.0206263583928087,0.00681604742609709,0.0499527679870267,0.0531001038836996,0.0778069059131702,1.465287263535,0.382486989907438,10.3934779940202,19.9890275553373,74,1,0.986486486486487,0.166363921077357,0.0404862313186129,1.05236457043573,0.153692614770459,1.40120304487782,0.436176497837419,0.30938123752495,18.7775042121109,0.810758130815739,0.201596806387226,0.37052109373486,0.416575300104017,0.365012399443537
"YOL101C","IZH4",73,0.0122370813686785,0.00652447243705956,0.0446520625821323,0.0254814733722865,0.0348036858021055,1.36584275538626,0.163001687407165,6.17638563633176,18.8404983365598,74,1,0.986486486486487,0.0618227372377075,0.0363184386175708,0.890156056063821,0.163672654690619,1.38940871470409,-0.135311810813122,0.502994011976048,17.7738865131928,0.701056603392831,0.227544910179641,0.37433267436419,0.590739896129118,0.387069277814478
"YDR342C","HXT7",70,0.0140872496845888,0.00575208328429755,0.0438331712981606,0.0572184649754117,0.117589716741977,2.05510086285097,0.539629092510825,75.6269639838749,39.343269464732,74,4,0.945945945945946,0.0686501722518008,0.0370049352793009,0.67329334958679,0.189620758483034,1.76328914492843,1.03114490537066,0.12375249500998,27.2276667995471,4.12234002011307,0.00798403193612774,0.395802281899084,0.214324973241922,0.0410362071555813
"YDR191W","HST4",71,0.0152119151576473,0.0113535172975752,0.0342949355169799,0.0223334152075614,0.0242323670972431,1.08502738484165,0.0979698412050572,4.11856393936952,12.3283871744239,74,3,0.959459459459459,0.0249921703726903,0.0324984891477966,0.213581046251126,0.295409181636727,1.05405463017777,0.171124933514457,0.327345309381238,10.9116927323479,1.35102747195276,0.0918163672654691,0.488600653364551,0.432240491392905,0.226227956458218
"YOR264W","DSE3",74,0.390552631011987,0.393660774072265,0.135295411586296,0.506733095345267,0.193306233028166,0.381475444970602,1.06552160668203,8.18161982362476,1.73837046045958,74,0,1,0.188412151581585,0.0986805521072883,3.74264541405878,0.00199600798403194,0.211784398442971,6.60587800769866,0.00199600798403194,1.20680567307071,1.16064848723846,0.0518962075848303,0.029815369261477,0.0100430717512344,0.14854124087155
"YDL117W","CYK3",74,0.244611913991565,0.234169083275987,0.104429026954042,0.382521849234335,0.172728491528273,0.451551961996447,0.793114526242478,5.89154766965847,3.49834542591638,74,0,1,0.282618227372377,0.0920610181343333,1.28778276070109,0.101796407185629,0.306168900562435,4.0395441606017,0.00199600798403194,2.03684242784376,1.67547852093131,0.12375249500998,0.302227842451743,0.0100430717512344,0.273859688031345
"YKL151C","NNR2",73,0.00898419918692151,0.000485938234426553,0.0506967613892486,0.0336281037174929,0.057571593921737,1.71200833699669,0.28480611571668,1.84206998154017,22.1281316849716,74,1,0.986486486486487,0.133166301284059,0.0399776038394059,1.14291748424665,0.131736526946108,1.61727652821972,0.441921604658913,0.269461077844311,22.9889889983457,-0.400547406954642,0.634730538922156,0.351788044023685,0.376615190671289,0.768104297733647
"YLR040C","AFB1",58,0.0023476185020924,0.000295568375203337,0.0226802314591879,0.00890580810345161,0.0178371319144328,2.00286506370148,0.122736608515307,86.0328811569546,18.5900621988475,74,16,0.783783783783784,0.0131537738803633,0.0263853789901793,-0.436565388421098,0.624750499001996,1.74289534320911,0.758589695323409,0.177644710578842,24.3588629555045,-2.3984422962841,1,0.750328488751141,0.280244790946161,1
"YKL185W","ASH1",74,0.36635819357493,0.356452903905307,0.110807294671907,0.569704827813888,0.216596249457782,0.380190300104918,1.03869107610847,5.83751555530933,1.33472178120891,74,0,1,0.166050735984967,0.0954840816175378,1.54205803205191,0.06187624750499,0.24431363557306,4.8224322978471,0.00199600798403194,1.22736408654573,0.16992098754377,0.145708582834331,0.238522954091816,0.0100430717512344,0.300209924977631
"YPL158C","AIM44",74,0.411690180710566,0.406245798015372,0.138358759272209,0.640197453159338,0.237420423012763,0.370854994566296,1.22913543741783,6.28469563765961,1.21333267593567,74,0,1,0.173441904165362,0.0964305584329746,4.2602037967348,0.00199600798403194,0.218676023979266,5.87567839743942,0.00199600798403194,1.05920494793124,0.317726183233462,0.109780439121756,0.029815369261477,0.0100430717512344,0.253502656522703
"YNL046W","YNL046W",74,0.103336294106929,0.106405948117943,0.0764259367251609,0.132303451617024,0.0938949012951132,0.709693512508718,0.397782987370085,8.00921909543272,6.80641135249793,74,0,1,0.149514563106796,0.0718012889230164,0.472360722813394,0.289421157684631,0.581686760156605,2.2462891393449,0.00798403193612774,5.31076512412872,1.18006806821093,0.119760479041916,0.487053864299373,0.0265025504546463,0.268758258131624
"YOR052C","YOR052C",74,0.0258643317272757,0.0176357871488086,0.0786498630659524,0.0496538790387653,0.0663606983509164,1.33646554177787,0.271231556758135,54.1242569702313,19.7115123339625,74,0,1,0.337738803632947,0.041292734668097,4.62860947962262,0.00399201596806387,1.58311189285923,-1.2521917619962,0.922155688622755,22.6750943372012,-1.40676446226624,0.926147704590818,0.0454329436365365,0.954091816367265,0.979421687598255
"YBR053C","YBR053C",74,0.0111046581850515,0.00831427918693167,0.0385108008958869,0.0423113070836197,0.0604306384402827,1.42823851602726,0.313971711927521,5.94140808339232,18.4020108676575,74,0,1,0.149326652051362,0.0413302953969634,-0.31049411060943,0.562874251497006,1.42210761628577,0.0346744067896234,0.395209580838323,18.7136467937348,-0.201948011248239,0.550898203592814,0.700661177644711,0.495827243151492,0.694800372869038
"YDL089W","NUR1",74,0.00430005616675235,0.00358596186112697,0.032342035023476,0.0284447954191777,0.0484146887439438,1.70205789953765,0.284164936215133,6.05135989917297,19.9412939286655,74,0,1,0.106169746320075,0.0382516904481242,-0.730000526431575,0.768463073852295,1.49950322235804,1.11751675708302,0.119760479041916,20.5354799689236,-0.366381985687965,0.604790419161677,0.840561440048964,0.208165487207403,0.745076856596086
"YFL011W","HXT10",4,-0.0168093976769927,-0.0050974486951223,0.0297771540746414,0.000740987956431201,0.0014819759128624,2,0.0029639518257248,59,17.9755278332709,74,70,0.0540540540540541,0.000250548073911682,0.0253820538349455,0.21450674369997,0.225548902195609,1.60833001808467,0.97315058611369,0.44040404040404,17.6264056119664,0.123980215746443,0.660678642714571,0.434727319554439,0.532944636235775,0.793478369893379
"YOR342C","YOR342C",74,0.152305303022271,0.162553044925873,0.0676410561750746,0.407426636802931,0.18947099968559,0.465043231273157,1.18192597093812,12.7307272626257,6.33465011092602,74,0,1,0.508299404948324,0.0725900598032417,-0.642333928630338,0.736526946107784,0.328659083971795,3.65768611024304,0.00199600798403194,5.498770601941,1.2151891785056,0.13373253493014,0.814953426480373,0.0100430717512344,0.289249555188266
"YIL009W","FAA3",74,0.0840253099514689,0.0848039382170919,0.0644439664725791,0.193155118296796,0.122138291597072,0.632332669587342,0.507973352401828,9.17949302444227,10.4550595662349,74,0,1,0.337613529595991,0.0604966692307749,0.484136191317341,0.273453093812375,0.572832527805702,1.15818876496823,0.111776447105788,6.61789019953884,3.57051372468495,0.00199600798403194,0.475311195790238,0.199362469091667,0.0164498589028839
"YKL104C","GFA1",74,0.209738640479885,0.215510849674138,0.093451942120312,0.530347133428275,0.208319987385932,0.392799308708069,0.984389152311844,0.730063540171086,5.40248775945186,74,0,1,0.599624177889132,0.0795788177920497,1.65462363434853,0.0678642714570858,0.281459150394325,3.22487798360289,0.00199600798403194,4.53747276542117,1.37184186697029,0.0778443113772455,0.247626883637306,0.0100430717512344,0.202225982816975
"YOR242C","SSP2",67,0.00143114009388136,-0.00354746143033391,0.0381287677948901,0.0107606234462341,0.0305332459711954,2.83749785723437,0.219326957773307,30.1084592855554,22.7653228402382,74,7,0.905405405405405,0.0184152834325086,0.0250671348025578,1.41391796340865,0.0818363273453094,1.75108671666139,3.41713359944133,0.0139720558882236,24.2899270596122,-0.705353407247908,0.764471057884232,0.271651142160124,0.0409732681875513,0.861832937897789
"YFL065C","YFL065C",2,0.00576264694175427,0.00576264694175427,0.0260345718722912,0.0250797853276099,0.0354681725517117,1.4142135623731,0.0501595706552199,11.5,7.69179302247595,74,72,0.027027027027027,0.000375822110867523,0.00669015686093806,1.84475525387905,0.0179640718562874,0.947578049229439,1.45579895607926,0.093812375249501,9.83104591523868,-3.12484879176539,0.99001996007984,0.120941216159231,0.175852217134359,1
"YLR452C","SST2",72,0.00397365703304389,-0.00295819712806,0.032304519750663,0.0152267322359178,0.02772304095185,1.8206822397819,0.114412790203572,63.4261212639728,25.3184584353815,74,2,0.972972972972973,0.0501096147823364,0.0337229047608339,-0.162385914637591,0.489021956087824,1.6811226619981,0.499510908825101,0.231536926147705,23.692901346901,0.784193456344234,0.199600798403194,0.651121156016658,0.336397114585419,0.362772553751812
"YMR011W","HXT2",74,0.126111637550709,0.111887353770911,0.0789795607567838,0.279364835006701,0.24570453345722,0.879511315199447,0.84988246189461,8.4842939339966,12.0923064287401,74,0,1,0.720263075477607,0.0621112409557977,2.13982346266255,0.0339321357285429,0.881966534783077,-0.0340721964878268,0.489021956087824,9.38761946937486,1.88742937056088,0.0239520958083832,0.172548519981314,0.57716665434563,0.0829645057710666
"YJL196C","ELO1",74,0.0466024311341093,0.0449575727942055,0.0663431496555613,0.111378975836136,0.128257807703257,1.15154414682313,0.592822532824369,15.9497448363304,21.0572157595196,74,0,1,0.531099279674287,0.0499874666589607,2.09726227388186,0.0339321357285429,1.56874525399182,-2.43542112879747,0.998003992015968,19.2563203370531,1.03818514733834,0.153692614770459,0.172548519981314,1,0.304834314772944
"YDR085C","AFR1",73,0.0100806571902704,0.00716660843063455,0.0260299779532246,0.0277964388722318,0.0391353668809417,1.40792736295574,0.213076548739507,82.5848475229513,20.3093342108335,74,1,0.986486486486487,0.0541810209834012,0.0348042809461261,-0.939974805691197,0.872255489021956,1.57507911206057,-0.710068288242818,0.7624750499002,21.1520266320485,-0.521205631722743,0.678642714570858,0.906387225548902,0.819018143488304,0.802948558328887
"YCR018C","SRD1",50,0.00089231994739924,-0.00245417087798117,0.017686329169437,0.00699525993979328,0.0160737516864036,2.29780620373609,0.101977049750117,45.2865150479301,33.3751168354487,74,24,0.675675675675676,0.0103977450673348,0.0171726371869272,0.0747749083737129,0.341317365269461,1.97573767449028,0.635152332023469,0.177644710578842,32.5013969230586,0.235039987249678,0.353293413173653,0.521245049836429,0.280244790946161,0.507129884375393
"YER150W","SPI1",71,0.0184891263983462,0.0066895635492874,0.0662289781417228,0.0405082019154019,0.0955735184533554,2.35936215221186,0.611531045497191,6.71479766878783,18.5359683720907,74,3,0.959459459459459,0.0417788913247729,0.0414732762695462,2.31339446488548,0.0399201596806387,1.47921752549809,3.32523630782106,0.00998003992015968,16.6661389128963,1.29360934803576,0.093812375249501,0.18707682673868,0.0315924442505717,0.227625966341429
"YOL011W","PLB3",74,0.047548134131154,0.0381441358893501,0.0530946275564314,0.0998760060949152,0.0961210783105155,0.962404105538308,0.515731495567313,6.32785161764379,11.3941253533775,74,0,1,0.234888819292202,0.0530570555455562,0.00432922211587711,0.455089820359281,0.799683060522635,2.16020997733307,0.0219560878243513,8.9441247609366,1.95202057707963,0.0199600798403194,0.632363180615513,0.0579834805527067,0.0751253398714382
"YFL066C","YFL066C",4,-0.00570794634080207,-0.00553170120606383,0.00456627923681028,0.00645025128808627,0.0129005025761725,2,0.0258010051523451,16.3366850274822,31.8624544642047,74,70,0.0540540540540541,0.000438459129345443,0.00699648127859407,-0.365331039632488,0.524950099800399,1.61741619189921,0.891286676432042,0.200803212851406,26.660431604574,1.77651864529517,0.0658682634730539,0.672724256580672,0.306657941670837,0.17688219067483
"YOR126C","IAH1",74,0.0786044120473982,0.0757021933963497,0.0647204877576555,0.194802649320502,0.124225883701694,0.637701202396426,0.468326396947572,10.099831927978,8.56507650486453,74,0,1,0.348261822737238,0.0597036664601752,0.599004596437795,0.253493013972056,0.537395622807716,1.99176656579554,0.029940119760479,7.91054043669937,0.702479517553793,0.233532934131737,0.464444695514631,0.0745384231536926,0.390912619206032
"YPL014W","CIP1",74,0.083327748486792,0.0719078106174408,0.0806121447873853,0.144728804268908,0.125251518102852,0.865422185552866,0.662415889333342,16.9967512792409,7.38240492134588,74,0,1,0.137300344503602,0.0633413986858383,1.95077514778311,0.0439121756487026,0.498972517163194,6.95559512017794,0.00199600798403194,5.66628039783251,1.70198683846682,0.0518962075848303,0.198019056227168,0.0100430717512344,0.14854124087155
"YGR086C","PIL1",74,0.314175744278692,0.302293556569914,0.125434644557798,0.799299751184182,0.283731399629756,0.354974963034082,1.40880754435892,12.4446593011315,4.8245893072777,74,0,1,0.921265267773254,0.0812684810188589,5.46769551563131,0.00199600798403194,0.20144883148729,5.64413459958015,0.00199600798403194,2.20351896532041,4.67862640335678,0.00598802395209581,0.029815369261477,0.0100430717512344,0.0336738288129623
"YGL037C","PNC1",74,0.0367703009353209,0.0196283228360981,0.0591005764186142,0.132596515934147,0.164937492360455,1.24390517502263,0.669101172782111,6.23961216485734,17.8360605392395,74,0,1,0.42380206702161,0.0445288358291558,1.7483901917594,0.0598802395209581,1.36550574948279,-0.931635933055831,0.818363273453094,15.8661575999952,1.24843543754197,0.115768463073852,0.238522954091816,0.865437267058803,0.263511073091911
"YNL327W","EGT2",74,0.46838191660623,0.485917437856285,0.128007863607187,0.739194710213133,0.252036253709836,0.340960575376907,1.27390503373899,9.35687942896638,1.94401372660183,74,0,1,0.196930786094582,0.0948467075831202,3.34987733704662,0.00199600798403194,0.182531576816078,7.13521562968073,0.00199600798403194,1.09040194320343,2.6171226804924,0.0219560878243513,0.029815369261477,0.0100430717512344,0.0801145800003047
"YFR015C","GSY1",70,0.0126100026664078,0.000295743221712941,0.0403518467610505,0.0169655738518904,0.0319153936664932,1.88118562596909,0.160252903542819,37.6856850865949,28.799615263089,74,4,0.945945945945946,0.0260569996868149,0.0337311884045265,0.602851161765878,0.205588822355289,1.83469413318895,0.130668368174384,0.385229540918164,25.890282570436,1.11347413459615,0.127744510978044,0.416404479177239,0.487142117880641,0.281391134781129
"YKL116C","PRR1",74,0.0356602865499274,0.0263741628393578,0.0436753357556039,0.0443850412456699,0.0486939606187932,1.09708044089164,0.209424461087225,11.0747792255722,13.3421878090654,74,0,1,0.0788600062637018,0.0473684881681201,-0.426616206675832,0.616766467065868,0.961422767231289,1.32141399512089,0.0918163672654691,10.8282936324672,1.83701977717483,0.0339321357285429,0.748259825526612,0.17415961727339,0.108130405854957
"YOR317W","FAA1",74,0.0145915128764023,0.0108440599275094,0.0305352110972622,0.0581690726303534,0.0600490017605692,1.03231836172053,0.232725835608954,46.8240653284381,15.5655842443572,74,0,1,0.209082367679298,0.0390537179575028,-0.976779097730284,0.868263473053892,1.16705643017299,-1.22642977756558,0.900199600798403,15.8599704084894,-0.243037228180254,0.592814371257485,0.904204662570284,0.935424802568775,0.732209998607436
"YNL173C","MDG1",74,0.0451667989156388,0.0388754895148947,0.055021097820805,0.0997603613277093,0.0838852592247956,0.840867636287277,0.275143813894066,15.8041487451674,13.8233567749137,74,0,1,0.211337300344504,0.0522103137792597,0.324537995843238,0.325349301397206,0.728112907418203,1.55306242064201,0.0718562874251497,8.85480845937705,4.46720875199077,0.00199600798403194,0.509891692025785,0.143712574850299,0.0164498589028839
"YCL055W","KAR4",74,0.00912238683762714,0.00391233894413684,0.0290802124461391,0.0266638062350924,0.0455206997175057,1.70720936524042,0.227727525891785,10.5515088974156,24.0998991068856,74,0,1,0.124459755715628,0.0381394774855252,-1.09226789534157,0.898203592814371,1.65582492766438,0.245611482521487,0.347305389221557,22.7301376629097,0.678693369422518,0.2375249500998,0.92331466100058,0.449896954059361,0.391506641888637
"YLR273C","PIG1",69,0.0164717155940721,0.0117002702762057,0.0355039430212176,0.0229193506633497,0.032309324725197,1.40969633912285,0.181713481793205,11.3028071746381,10.0024407854483,74,5,0.932432432432432,0.0274350140933292,0.0363900167551847,-0.116117537217391,0.471057884231537,0.961185119792744,3.61718624220433,0.00598802395209581,10.0341034467038,-0.0266889813906466,0.500998003992016,0.636957071771949,0.0216839049174379,0.645490689779471
"YIR036C","IRC24",74,0.0346318944177315,0.0240255590393474,0.0504154554036901,0.0849183852886584,0.0909213257333349,1.07069070407158,0.431080331759244,11.0130375899047,18.1392411624661,74,0,1,0.312057626057,0.0458348471083825,0.630058748529802,0.223552894211577,1.06140361250349,0.0978414556316809,0.421157684630739,14.4711052503212,2.97900707202197,0.00798403193612774,0.432624629283942,0.512247769092858,0.0410362071555813
"YOR230W","WTM1",74,0.061610633449549,0.0561643430663166,0.0630087479996271,0.178408253956495,0.165292414224182,0.926484120317038,0.669018052727247,12.2004398038709,14.7274622985875,74,0,1,0.548073911681804,0.0493063013206459,1.69663660287,0.063872255489022,0.863046205422997,0.82464281305474,0.199600798403194,11.2935702269977,2.95128043428627,0.00598802395209581,0.238522954091816,0.305798659092072,0.0336738288129623
"YFL067W","YFL067W",4,0.00279859638176255,-0.00388862387149136,0.0164810813082317,0,0,NA,0,11.1895440980149,12.9268961246013,74,70,0.0540540540540541,0.000250548073911682,0.00545329164888013,1.40325316345896,0.063872255489022,1.53203858992398,NA,0.00203252032520325,13.5490563461771,-0.703513005095771,0.924151696606786,0.238522954091816,0.0101202574525745,0.979421687598255
"YBR067C","TIP1",74,0.178476268586498,0.12395502080914,0.172469198845996,0.621167143154853,0.651483653964056,1.04880572184683,2.32043878860251,5.73376008283038,11.2254462815697,74,0,1,0.31055433761353,0.0716003068347057,11.2007879341253,0.00199600798403194,0.376016080995938,17.6780896174272,0.00199600798403194,4.02776063133669,8.13824872683934,0.00199600798403194,0.029815369261477,0.0100430717512344,0.0164498589028839
"YLR194C","NCW2",74,0.432499813741676,0.46491737651989,0.143905170937879,0.772786888466694,0.247998747822865,0.320914797499898,1.37165368198044,6.78612114735568,1.29513124232385,74,0,1,0.255308487316004,0.0971013068341923,4.6217459466063,0.00199600798403194,0.194480468878475,5.13361414678742,0.00199600798403194,1.0736659479678,0.48732348865631,0.0898203592814371,0.029815369261477,0.0100430717512344,0.222456641121901
"YBL064C","PRX1",74,0.0517346110278063,0.038131878070566,0.0667230578864542,0.131494151854717,0.169183236635752,1.28662175655291,1.03678361373372,79.1865486212393,15.3771914196907,74,0,1,0.359974945192609,0.0455428223441544,2.60081973472953,0.0239520958083832,0.941556043117828,3.66662042642278,0.00598802395209581,16.3465795510926,-0.968294345767041,0.832335329341317,0.148689633719574,0.0216839049174379,0.918836691513048
"YNL326C","PFA3",73,0.00868058499150976,0.00534261442468476,0.0333807160334557,0.0265895771136758,0.0390732124082892,1.46949356288155,0.198386998379095,31.1982485906399,20.6081348145131,74,1,0.986486486486487,0.117882868775446,0.0364604294200094,-0.432566236282569,0.620758483033932,1.64000974196285,-0.797866032168721,0.786427145708583,21.7237217602961,-0.573822607734227,0.714570858283433,0.749299381035908,0.839089677787283,0.82904094723175
"YNL328C","MDJ2",72,0.070658079488621,0.0664174330740366,0.060285027798514,0.0620168479195254,0.0435560476536087,0.70232604711107,0.170668247358369,7.47115548873871,8.44663114216324,74,2,0.972972972972973,0.0598809896648919,0.0606150179638533,-0.0384635658360205,0.447105788423154,0.661922952099879,0.538456648087539,0.24750499001996,6.12215130543297,1.81770409261912,0.0339321357285429,0.624902242299028,0.353156373819525,0.108130405854957
"YDL169C","UGX2",61,0.000304554841415042,-0.000727817697012911,0.0317690216565891,0.0150120839774698,0.0356718220121161,2.37620719852437,0.200095292914416,84.5426491572779,20.5167527100752,74,13,0.824324324324324,0.012590040714062,0.0269902989904807,0.488193541707708,0.211576846307385,1.87372758093302,1.23126167114001,0.119760479041916,24.4396176617181,-1.7750539355213,0.984031936127745,0.421390552228876,0.208165487207403,1
"YGL090W","LIF1",74,0.0107906512487825,0.00976037686491893,0.0449561985572828,0.0360534924486861,0.0499582235208104,1.38566946300458,0.206089550355038,6.6940099053617,25.0373031964555,74,0,1,0.151706858753523,0.0391409074145824,0.649582513206678,0.179640718562874,1.45941462634693,-0.416243152022294,0.636726546906188,21.2519010484714,2.33179319823507,0.0179640718562874,0.386793979608351,0.71333967578861,0.0686946107784431
"YBR204C","LDH1",73,0.00999448787077618,0.00183243767096808,0.0432025303276951,0.0278167878134701,0.0414677960026194,1.49074710856942,0.188721243544843,17.7126995295068,16.9101144199448,74,1,0.986486486486487,0.0867522705919198,0.0366227244782956,0.807738514095992,0.159680638722555,1.41818549331011,0.406880870281868,0.273453093812375,18.6178032183866,-1.23715822992514,0.900199600798403,0.37052109373486,0.381080404788091,0.971321465421302
"YKL182W","FAS1",74,0.0966019854825881,0.099322271642959,0.0623331020461058,0.275614091890045,0.235944154564056,0.856067093471348,1.32267766087144,21.6812767069191,12.8923121288362,74,0,1,0.927466332602568,0.0699265160812807,-0.862350685947252,0.80439121756487,0.617657540051447,4.46587929954185,0.00199600798403194,9.79449175514467,3.24547458461965,0.00399201596806387,0.8718798231202,0.0100430717512344,0.0265025504546463
"YJL225C","YJL225C",1,0.000742279291541248,0.000742279291541248,NA,0,NA,NA,0,10,0,74,73,0.0135135135135135,6.26370184779205e-05,NA,NA,1,NA,NA,1,3.00528323480561e-08,-0.409741199377473,1,1,1,1
"YCL027W","FUS1",29,-0.00458538956021685,-0.00348774212667458,0.0217445786588811,0.00685984075552617,0.0241886694118635,3.52612695744832,0.130626042201348,22.228762435106,23.3461055220834,74,45,0.391891891891892,0.00607579079235828,0.0308608129403513,-0.820665297552877,0.82435129740519,1.73860077906504,3.8155763065508,0.00998003992015968,22.7896834590374,0.328923997026231,0.375249500998004,0.885482966650968,0.0315924442505717,0.530678288393627
"YPR204W","YPR204W",2,0.00666075996021015,0.00666075996021015,0.00260761474647532,0.00234069449721407,0.00331024190333221,1.4142135623731,0.00468138899442813,17.5,4.53963814241697,74,72,0.027027027027027,0.000187911055433761,0.00447311413442384,-0.296880918714236,0.472,1.44645942733258,-0.0826109322451874,0.644808743169399,4.56594663039801,-0.0357328093625626,0.499001996007984,0.636957071771949,0.716787393569704,0.644656632680585
"YOR270C","VPH1",74,0.0406029017742515,0.0252373785004242,0.0806504103687012,0.0664632461802017,0.138209196089195,2.07948308324377,0.781375763332199,69.3427509122919,28.7944735513457,74,0,1,0.776761666144692,0.0515660828289843,3.51478703867808,0.00199600798403194,1.84348913321966,0.932096569987416,0.159680638722555,29.0990686899149,-0.0866040200190433,0.477045908183633,0.029815369261477,0.262293282850107,0.626450395911474
"YER189W","YER189W",8,-0.00744816877100146,-0.00594750951389644,0.00978990175872989,0.00291274694972342,0.00414547310024078,1.4232177294476,0.00964031802931312,15.4411476237339,15.4591398445484,74,66,0.108108108108108,0.000563733166301284,0.0159095636810412,-0.40338395775504,0.62874251497006,1.20661480918635,0.601975468775228,0.211576846307385,13.8550776274615,0.9646250489599,0.0538922155688623,0.753230381342578,0.318030605455755,0.153336184773311
"YEL076C","YEL076C",2,0.00231984508130351,0.00231984508130351,0.00558548536730459,0.000453711170500541,0.000641644490722037,1.4142135623731,0.000907422341001082,18,2.00341430593272,74,72,0.027027027027027,0.000250548073911682,0.00735665358827916,-0.197809475687052,0.407185628742515,1.76743968897427,-1.04152095944276,0.793413173652695,8.32214056064655,-7.72817272447736,1,0.586249188370247,0.844220880840599,1
"YDR309C","GIC2",74,0.138321101086736,0.143852501924062,0.0878547741284549,0.255168578169346,0.131348286498933,0.514751022407476,0.664291955402482,18.907783210995,3.90672225673767,74,0,1,0.204885687441278,0.0742809784332571,1.45478679599081,0.0838323353293413,0.369822308422739,3.44972133631024,0.00199600798403194,4.0877110688104,-0.207283135786981,0.558882235528942,0.272597661819219,0.0100430717512344,0.701831938217805
"YHL050C","YHL050C",35,-0.00384764164130106,-0.00248835240417278,0.0190959604504355,0.00489044768627181,0.0091456840160918,1.87011181854885,0.0395019188248589,15.6179128532054,16.4102334758281,74,39,0.472972972972973,0.00576260569996868,0.0176874974645391,0.191793132670924,0.303393213572854,1.793080614454,0.190878009786437,0.31936127744511,18.3276853669038,-1.38500213801939,0.918163672654691,0.494834060692175,0.426409750331739,0.979421687598255
"YOR308C","SNU66",74,0.0253606345195176,0.0167861778239843,0.0561827267111589,0.0706789001413121,0.101816988741961,1.44055706212736,0.579895416683769,2.09088237793726,24.4844437966102,74,0,1,0.285687441277795,0.0421523865584492,1.7899792426002,0.0698602794411178,1.39986695929995,0.279492487888376,0.341317365269461,20.3333478712676,2.9644662157075,0.00399201596806387,0.252978890703442,0.445764209286345,0.0265025504546463
"YBL113C","YBL113C",48,0.0135381951811192,-0.000370202128558483,0.0523924978077025,0.0218459363868656,0.0478291346597545,2.1893835911978,0.282296668315498,11.8471589860898,21.7533416047152,74,26,0.648648648648649,0.0183526464140307,0.0278655747588339,2.61146771194132,0.0339321357285429,1.47212755822273,2.39358507613847,0.031936127744511,17.2803731288345,3.15395417763254,0.00399201596806387,0.172548519981314,0.0782844567275705,0.0265025504546463
"YLR049C","MLO50",74,0.205130171067005,0.208388671584043,0.107614542679052,0.292068468225488,0.121921747899467,0.417442350556441,0.5939170879194,12.9210849213881,6.04461180114738,74,0,1,0.168243031631694,0.0801748869353989,3.14048989114576,0.00798403193612774,0.268903320302743,4.49605111406418,0.00199600798403194,3.43580886074552,4.40327348005143,0.00199600798403194,0.0669538116748958,0.0100430717512344,0.0164498589028839
"YHL049C","YHL049C",2,-0.0152959237867445,-0.0152959237867445,0.00258831868447638,0,0,NA,0,21,3.01159029179019,74,72,0.027027027027027,0.000125274036955841,0.00383461127544119,-0.186171420412229,0.365111561866126,1.28177627064433,NA,0.00386100386100386,4.27836736012375,-1.53478319476791,0.974051896207585,0.541432472478356,0.0160351565776011,1
"YEL077C","YEL077C",60,0.0334085170499476,0.0134306688378604,0.0594836716996472,0.081688839587948,0.117771160916087,1.44170441776557,0.509965481136776,17.230729724073,18.5138491520557,74,14,0.810810810810811,0.0796742875039148,0.0364529673755226,2.96123620228324,0.0199600798403194,1.07492983419785,3.04394469484744,0.0139720558882236,14.3438298398868,3.53887030724768,0.00199600798403194,0.130697509091406,0.0409732681875513,0.0164498589028839
"YOL094C","RFC4",74,0.0388627501714429,0.0415507460565424,0.0451270116921796,0.104488500282116,0.0831028379138344,0.795329990280838,0.341846889274363,17.295197901128,12.9522041206027,74,0,1,0.288819292201691,0.0478607800841825,-0.348203549526711,0.6187624750499,0.828125551334462,-0.44108635811104,0.676646706586826,11.9461554295819,1.00405570256469,0.135728542914172,0.74878091917431,0.745246833521896,0.292244340148532
"YLL066C","YLL066C",3,0.000260745410480157,0.00135340316416466,0.00457156180210927,0.00722005619259562,0.00628924004456311,0.87107909921988,0.0115065691519594,7.67487500122172,15.588569058789,74,71,0.0405405405405406,0.000313185092389602,0.00521422039297587,-0.106324232184269,0.337325349301397,1.21122648741204,-0.824660819384611,0.79476861167002,20.5600156848512,-3.15889273173492,0.974051896207585,0.520133925696993,0.844220880840599,1
"YPR203W","YPR203W",2,0.00163367531143854,0.00163367531143854,0.00109051254839382,0,0,NA,0,82,16.9871091203674,74,72,0.027027027027027,0.000125274036955841,0.00400829478732689,-0.196695683982663,0.676113360323887,1.19268649004798,NA,0.00244498777506112,19.302588858219,-0.930102338809771,0.980039920159681,0.775628598917273,0.0120484964585486,1
"YLR462W","YLR462W",1,-0.0015141519815236,-0.0015141519815236,NA,0,NA,NA,0,20,2.08700224639279e-07,74,73,0.0135135135135135,6.26370184779205e-05,NA,NA,1,NA,NA,1,1.42750953653267e-07,0.679017177607003,0.684630738522954,1,1,0.80604308624131
"YHR113W","APE4",74,0.0273246475644211,0.0240648308265971,0.0487232814699514,0.0920697719147449,0.0946125386383486,1.02761782364312,0.376036113007262,16.9015974221492,14.5720658776739,74,0,1,0.371186971500157,0.0467931024772923,0.230747945899451,0.367265469061876,0.98589476076788,0.491383718115962,0.269461077844311,14.8190755169598,-0.219571461822641,0.560878243512974,0.541432472478356,0.376615190671289,0.701831938217805
"YML100W","TSL1",72,0.00344873187942791,-0.00278695039742682,0.0344729522936959,0.0155642392901688,0.0351590330768619,2.25896251152283,0.194989045185042,18.2357205918688,27.7267413832521,74,2,0.972972972972973,0.0408393360476041,0.0324501622647996,0.217829559309903,0.29940119760479,1.78806227418286,1.444549142146,0.0678642714570858,26.1084140350068,0.613630462094508,0.249500998003992,0.490115659092773,0.138628725455073,0.40427619337596
"YOR307C","SLY41",74,0.0076431074093461,0.00217279719523977,0.048820888310408,0.0300414021053856,0.0453079538109825,1.50818372764499,0.194794751322892,44.4379383896954,23.1411241948608,74,0,1,0.165111180707798,0.0366716786083781,1.41350607754573,0.0818363273453094,1.59722153654693,-0.433731603921335,0.642714570858283,21.4541422123087,1.02267587288375,0.141716566866267,0.271651142160124,0.716124859837435,0.295810126471947
"YGL028C","SCW11",74,0.251543343506267,0.258741921180642,0.100301198594819,0.384203898424505,0.174656931975554,0.454594377339129,0.766553704750018,12.6232291928537,6.43840550865761,74,0,1,0.158095834638271,0.0879707411419114,1.29828429786136,0.11377245508982,0.290788176520241,4.92922387844767,0.00199600798403194,2.19687030066812,5.78902632960831,0.00199600798403194,0.327609840559844,0.0100430717512344,0.0164498589028839
"YML133C","YML133C",4,0.0184866406935241,0.0118919263185523,0.0214717491202618,0.016928041633502,0.0221234137522495,1.30690922383281,0.0478279510456634,18,2.55607659594886,74,70,0.0540540540540541,0.000563733166301284,0.00732139887874143,2.14027648854106,0.0439121756487026,1.67571196100177,-0.77599316382369,0.761523046092184,5.05675509373584,-4.83978324264305,1,0.198019056227168,0.819018143488304,1
"YDR368W","YPR1",74,0.0298011435946818,0.0195555648901428,0.0449755597820422,0.0525361048763623,0.102931615021546,1.95925478799359,0.488708567094097,74.623383136772,29.3367697320254,74,0,1,0.508362041966802,0.0456553727074306,-0.0873263842207241,0.512974051896208,1.79446700526699,0.713125242914014,0.211576846307385,29.0537885673855,0.0826134898396549,0.413173652694611,0.66092074610886,0.318030605455755,0.57080059534111
"YDR001C","NTH1",74,0.0193783578885726,0.0099652325447438,0.0458813316332638,0.0375435997410456,0.0601643952866791,1.602520687991,0.244158498097845,83.2616228909786,21.9448476939352,74,0,1,0.18584403382399,0.0398397599363678,0.719549934658102,0.189620758483034,1.50777090486526,0.528820257519011,0.24750499001996,19.8535310700952,1.19847997396523,0.111776447105788,0.395802281899084,0.353156373819525,0.256870873637341
"YKR077W","MSA2",74,0.209031622571215,0.215724127314161,0.115568438089869,0.239639391630709,0.106583249476623,0.444765147963948,0.445860015108078,14.0909688432681,5.58194508663099,74,0,1,0.130786094581898,0.0858145533846079,3.40103268988178,0.00199600798403194,0.295863281521727,4.28436141600026,0.00199600798403194,2.78586931283055,4.45752067866777,0.00199600798403194,0.029815369261477,0.0100430717512344,0.0164498589028839
"YGL089C","MF(ALPHA)2",16,-0.00857492057630021,-0.00337648411303659,0.0213765325138838,0.00273317484963088,0.00584190359545805,2.13740573393869,0.0182099940859747,51.8941894513377,17.6193571833391,74,58,0.216216216216216,0.00219229564672722,0.0284722026482014,-0.555712498129938,0.676646706586826,1.98985411189251,0.324670582327296,0.303393213572854,22.5057895653882,-1.80084543692832,0.988023952095808,0.775628598917273,0.413167966062178,1
"YPR202W","YPR202W",11,-0.00402687654025799,-0.0091628300167188,0.011785578694806,0.00325247671532165,0.00470426293840635,1.44636329485333,0.0117966054706586,20.6733343610431,23.2649546700594,74,63,0.148648648648649,0.00112746633260257,0.0102121636283973,0.203552920724689,0.285429141716567,1.92947848748567,-0.94510530827595,0.854291417165669,23.9456493826502,-0.282594675025892,0.622754491017964,0.485474281119739,0.897475378912505,0.759379200782109
"YHR149C","SKG6",74,0.0958438196638548,0.085710093241941,0.0673420523320243,0.196013551922352,0.0935738427988841,0.477384557757272,0.456636202912949,19.163556046333,8.0178693621067,74,0,1,0.261071093015972,0.0631323591030343,0.478805835348716,0.287425149700599,0.46263326480233,0.313160719233763,0.37125748502994,6.08390502437948,2.29108288771514,0.0139720558882236,0.485474281119739,0.475766964730057,0.060714933768826
"YDL156W","CMR1",73,0.0420770828905901,0.0383075939794812,0.0456021769969618,0.0592335729903646,0.0406765435359712,0.68671433247135,0.152752415084414,19.2692847294146,9.17577640486647,74,1,0.986486486486487,0.0632633886626996,0.0492365985278139,-0.454064042374044,0.656686626746507,0.625382748760543,0.80312593667412,0.159680638722555,7.23281094836358,1.97406519654983,0.0239520958083832,0.766059122630651,0.262293282850107,0.0829645057710666
"YJR155W","AAD10",69,0.00383804289269215,0.00413587786676683,0.0322324964217974,0.0200152978243112,0.0276469914091075,1.38129303154943,0.120666233828309,16.4546992879709,15.2724304862528,74,5,0.932432432432432,0.0445349201378014,0.0312337320551264,0.11622755927171,0.349301397205589,1.53442658841918,-0.6981366930841,0.744510978043912,19.9246585504373,-2.82489512665122,1,0.526706838688554,0.806975617925147,1
"YNL082W","PMS1",74,0.122024447321402,0.111843630207306,0.0844411215271965,0.186253773484141,0.0596000453328528,0.319993760222676,0.378659663194263,21.0163248861468,4.73187641488414,74,0,1,0.133855308487316,0.0704691106515505,1.60374016654624,0.0738522954091816,0.345211362275459,-0.635405124881841,0.724550898203593,4.5101280148779,0.313636514415114,0.349301397205589,0.26149183115251,0.788918745652204,0.507129884375393
"YGR041W","BUD9",74,0.169087051517282,0.166709577776321,0.0888379882644799,0.199276793868734,0.100068257562333,0.502157103291464,0.411751152608484,14.2847087278472,6.95366354528034,74,0,1,0.126526777325399,0.07973475460831,1.03001378063172,0.149700598802395,0.332998257154391,4.34584064984608,0.00399201596806387,3.14896212439307,5.56632747183214,0.00199600798403194,0.37052109373486,0.0160351565776011,0.0164498589028839
"YGR042W","MTE1",74,0.0241588711991941,0.019268403472474,0.0380835956131322,0.052537289959307,0.0697060092353074,1.32679110950143,0.423372773891892,8.51221343176239,17.8951624614221,74,0,1,0.149013466958973,0.0411247441466397,-0.407167101430815,0.624750499001996,1.24062305664165,0.630148152229264,0.223552894211577,15.9116347645004,1.45721739170768,0.0958083832335329,0.750328488751141,0.328794718255796,0.228982035928144
"YGL185C","YGL185C",74,0.0233503995440677,0.0199668246823271,0.0384679071749994,0.0624880073149949,0.0554888468765722,0.887991940547236,0.261236344223946,16.2793322245091,13.0693859919913,74,0,1,0.145756341998121,0.0431595762499531,-0.583902324423552,0.70059880239521,0.913555040681434,-0.286894141618668,0.588822355289421,12.9554411538205,0.110135089359322,0.451097804391218,0.789826008360637,0.66695991902451,0.600626045958223
"YBR071W","YBR071W",74,0.282971151085139,0.284741540565711,0.112918133949829,0.43192628311061,0.160333889955743,0.371206606833612,0.73329858480882,14.021902082623,3.39790387008207,74,0,1,0.188913247729408,0.0880793406820964,2.60411176925792,0.0179640718562874,0.22050598608246,5.29295743928858,0.00199600798403194,2.5253582866483,1.87545496382678,0.06187624750499,0.120941216159231,0.0100430717512344,0.170964429522458
"YPL232W","SSO1",74,0.152272840537075,0.159146670794295,0.0856747951890853,0.391702364131937,0.210131493710971,0.536457047372308,0.919864211195896,15.7073825124774,8.95984232255378,74,0,1,0.649796429689947,0.0708968689271848,1.85909975500293,0.0399201596806387,0.318806596640192,6.05089133585972,0.00199600798403194,5.49231570352717,4.87450427961756,0.00199600798403194,0.18707682673868,0.0100430717512344,0.0164498589028839
"YNL304W","YPT11",74,0.054038680480509,0.0515000710443981,0.0463562252194311,0.106448878831926,0.0857199306371404,0.805268515533028,0.635008632440316,24.1911244364365,9.10622408784557,74,0,1,0.168806764797996,0.0550094714808749,-0.905083321862114,0.854291417165669,0.633747353990911,2.82259230904507,0.00798403193612774,7.49769883199603,1.51606875460382,0.063872255489022,0.89945219692773,0.0265025504546463,0.173471239339503
"YNL233W","BNI4",74,0.143874287698709,0.135241653424771,0.067907571068369,0.272483935786154,0.110580357808215,0.405823401989463,0.625079069542375,21.7985953557246,6.59068694843802,74,0,1,0.260444722831193,0.07401923496179,-0.679075567731247,0.756487025948104,0.328263355472031,2.03032131258937,0.0279441117764471,4.32857227923066,3.31420862284633,0.00399201596806387,0.829359629365123,0.071049390580541,0.0265025504546463
"YMR179W","SPT21",74,0.207353438087325,0.209966919610651,0.0874368594065858,0.263462467259777,0.102971471850372,0.390839245230482,0.517624559955438,19.3002013497644,5.92433662881309,74,0,1,0.158534293767617,0.0835327002520224,0.454789117550907,0.315369261477046,0.274129484978703,3.57635378907472,0.00399201596806387,2.93298885567975,5.21642107169261,0.00199600798403194,0.500818960086472,0.0160351565776011,0.0164498589028839
"YGR109C","CLB6",74,0.221704772736269,0.229690219853596,0.103998464513484,0.255358651109468,0.121273867442052,0.474915836667949,0.578412778470697,21.1646989923329,4.00647046119637,74,0,1,0.109552145317883,0.0817479575376601,2.7646890748629,0.00798403193612774,0.289441335618726,5.08609050967838,0.00399201596806387,2.20073819849348,3.60659582808768,0.00598802395209581,0.0669538116748958,0.0160351565776011,0.0336738288129623
"YCL042W","YCL042W",13,0.00010255760756586,-0.00297590454760521,0.0166863057373737,0.000836533199029042,0.00301616334272713,3.60555127546399,0.0108749315873775,20.8276179594899,24.8561809885215,74,61,0.175675675675676,0.00112746633260257,0.0267426106064371,-0.567501883337205,0.736526946107784,1.77776740959049,4.12592631962433,0.00199600798403194,24.9801729186268,-0.0435620664112853,0.481037924151697,0.814953426480373,0.0100430717512344,0.629961993820578
"YDR528W","HLR1",74,0.0859540982010233,0.0836506338538567,0.0576308143038679,0.129289890473808,0.0781362145802083,0.604348988879664,0.38300190361554,18.8021134322793,7.76874569198253,74,0,1,0.128217976824303,0.0622392570181837,-0.530680648603367,0.656686626746507,0.531409831995791,1.26426082390185,0.103792415169661,6.11038468979355,1.66762992256681,0.0479041916167665,0.766059122630651,0.187927175951128,0.144013859074304
"YJR054W","KCH1",74,0.0394368988543025,0.0337905623013314,0.0443106301356197,0.0928978207914785,0.0724702973420581,0.780107614200416,0.284317398740696,25.8830300139703,10.9059223870395,74,0,1,0.176761666144692,0.0500246160215317,-0.647807487772481,0.75249500998004,0.700667485172978,1.23978465135165,0.0998003992015968,8.92496610516415,1.9555233493436,0.0279441117764471,0.826879574184963,0.183479195455243,0.0947325207740547
"YNL273W","TOF1",74,0.169741622546945,0.172767559734659,0.0977375236937113,0.2848502478528,0.0932783475740215,0.327464512589171,0.502143935473616,21.5776263948925,5.8985603061249,74,0,1,0.207203257124961,0.0787768838148926,2.1337399203863,0.0259481037924152,0.266038746150274,1.78552175855931,0.0439121756487026,3.53114274641277,4.37607892711767,0.00199600798403194,0.149436067623789,0.0994787675833168,0.0164498589028839
"YJL217W","REE1",62,0.0258245008426531,0.00414248523804478,0.07539502177851,0.0538605846003256,0.0958139592273632,1.77892534844087,0.385769451631497,20.9063494421333,20.1490681388709,74,12,0.837837837837838,0.103726902599436,0.0388355775601031,4.32970580076534,0.00399201596806387,1.240513039968,3.89482521069388,0.00598802395209581,14.5283149844398,4.69483712993261,0.00199600798403194,0.0454329436365365,0.0216839049174379,0.0164498589028839
"YJL078C","PRY3",74,0.305121633614035,0.322805703685995,0.114991373634689,0.652344405209757,0.259904460302566,0.398416018021945,1.10595443894115,13.0285781763269,7.26686147481316,74,0,1,0.352145317882869,0.0889939222293032,2.77406076400593,0.00598802395209581,0.210599657479695,6.79833410121415,0.00199600798403194,2.2481428623464,11.990752138043,0.00199600798403194,0.0561230480216039,0.0100430717512344,0.0164498589028839
"YML102W","CAC2",74,0.0886193594907467,0.0884338758769234,0.0586476941962881,0.236517840024768,0.128688345376267,0.544095723869247,0.734558999851543,21.9432195470863,8.74253779094821,74,0,1,0.302975258377701,0.0640038756668279,-0.622365377401406,0.724550898203593,0.392805837290156,3.74169472249499,0.00199600798403194,6.05825452887174,3.62443827042357,0.00199600798403194,0.807308460003071,0.0100430717512344,0.0164498589028839
"YDL197C","ASF2",74,0.0778192546018685,0.0764058782018469,0.0660105557150734,0.171548750539766,0.0795793707872768,0.463887790128962,0.422389918048893,27.4401401940498,8.02494408559356,74,0,1,0.169683683056686,0.0592217445567235,0.792417236034943,0.19560878243513,0.434058467175875,0.643406773127356,0.259481037924152,5.87744049621805,2.54484533960678,0.00598802395209581,0.401291836927004,0.366958390910487,0.0336738288129623
"YJL181W","RBH1",73,0.0428966267023222,0.042156766161369,0.0407744106096182,0.0685540866003209,0.0510611703939956,0.744830438653333,0.203562289599013,20.7497630716917,10.5471486335998,74,1,0.986486486486487,0.0797369245223927,0.0503031217230273,-1.18721952938702,0.912175648702595,0.607513325907608,2.16306189911763,0.029940119760479,7.51952442203697,3.29146570074134,0.00199600798403194,0.93166658136718,0.0745384231536926,0.0164498589028839
"YJR030C","RBH2",73,0.0562236785832303,0.0569668322289864,0.0606336996014877,0.0510762198396131,0.036857794484193,0.721623381681962,0.179233349271137,20.2648833333008,7.14957908424023,74,1,0.986486486486487,0.0439711869715002,0.0488920619161173,1.53709570142604,0.06187624750499,0.563839065164333,2.11507576917313,0.031936127744511,5.28307422277166,2.31046830589583,0.0179640718562874,0.238522954091816,0.0782844567275705,0.0686946107784431
"YCL024W","KCC4",73,0.185994411698057,0.188963015546708,0.0967879533222289,0.216060908437142,0.0979066395564828,0.45314370037913,0.495668950752017,18.1836412838544,4.73231071146382,74,1,0.986486486486487,0.112308174130911,0.0772673505916314,2.32585342003818,0.0239520958083832,0.316684229328307,3.53960601406896,0.00798403193612774,3.13961672453686,2.59904336675033,0.0159680638722555,0.148689633719574,0.0265025504546463,0.0652370472729754
"YNL309W","STB1",74,0.065685952821583,0.0692512745535127,0.0553359755899887,0.131082926046449,0.0733022258299411,0.559204986040413,0.351605059151487,19.9002761436045,6.67558345593106,74,0,1,0.142060757907924,0.0581562608406033,-0.330435084306373,0.562874251497006,0.469233196772172,1.84784812390932,0.029940119760479,6.78072272431307,-0.139233328796357,0.516966067864271,0.700661177644711,0.0745384231536926,0.662492708952069
"YLR457C","NBP1",74,0.022198580986791,0.01805143179552,0.0370697824158916,0.0518967937237451,0.0468921671669998,0.903565785135289,0.274617621581742,23.6844334713405,11.8892506929347,74,0,1,0.0739743188224241,0.0418831170677911,-0.587634694056913,0.720558882235529,0.84669393663659,0.509326505967055,0.221556886227545,10.8825834512855,0.935878877249653,0.183632734530938,0.804736321749025,0.326864788940637,0.34422136119917
"YGR238C","KEL2",74,0.0102489370421849,0.0139154727694821,0.0361167586859367,0.043317591819072,0.0434462582688615,1.00297030477426,0.172170878996676,19.1638539597762,12.5295992461476,74,0,1,0.1168806764798,0.0414918187988563,-0.638460725080682,0.708582834331337,1.11551787669287,-0.975327839107382,0.848303393213573,14.2312994993544,-1.42807500287528,0.926147704590818,0.793214507752644,0.893147625453938,0.979421687598255
"YPR175W","DPB2",74,0.108517856039293,0.107265005195764,0.0702267571679536,0.14575989151449,0.0735020936265728,0.504268306341777,0.321712772120528,22.1100276541105,7.14728647818714,74,0,1,0.106482931412465,0.0673174509763053,0.340232919522935,0.31936127744511,0.374797336895428,3.11649201505704,0.00399201596806387,4.36681583490042,4.16767362193793,0.00399201596806387,0.505479108009147,0.0160351565776011,0.0265025504546463
"YPR160W","GPH1",63,0.0145446226659807,-0.00129552751912421,0.0762609440387859,0.0156539742674628,0.0428014910900782,2.73422521072122,0.22283111873991,81.9906537764835,25.8374664581425,74,11,0.851351351351351,0.0143438772314438,0.0343629643067071,3.72450140821952,0.00598802395209581,1.91809874098161,2.04356438554388,0.0459081836327345,25.1920450541829,0.24638729702809,0.37125748502994,0.0561230480216039,0.103509961209656,0.52659073544306
"YPL267W","ACM1",74,0.316355146861549,0.331953223537978,0.109413701062584,0.484706930123659,0.135782175376559,0.280132523258782,0.904300725342808,22.9213280219066,2.76481975716214,74,0,1,0.184779204509865,0.0883044867040509,2.42146678695071,0.0139720558882236,0.202492074626236,3.07109023162552,0.00598802395209581,1.85283279762698,2.5620160010099,0.0359281437125748,0.107720043783401,0.0216839049174379,0.112984557201387
"YKL045W","PRI2",74,0.194672923608137,0.204848764136168,0.0958508780567015,0.310249162906817,0.115056918207687,0.370853275250398,0.56665291553465,21.5477063828259,3.82140629531246,74,0,1,0.214594425305355,0.0827830373898182,1.40526430714835,0.0778443113772455,0.250463660517676,3.99920799369875,0.00199600798403194,2.96381284332789,1.61723558948374,0.0798403193612774,0.265782720273738,0.0100430717512344,0.205181035777907
"YPR120C","CLB5",74,0.16591426219162,0.169817399293413,0.0786612442485603,0.307800402806918,0.112337245281882,0.364967830637801,0.662832061857164,21.6511582010593,6.5643112858352,74,0,1,0.234387723144378,0.0798232702495968,-0.12282070806088,0.518962075848303,0.289769006130085,2.13520417851657,0.0239520958083832,3.4212015602924,4.70499794582262,0.00199600798403194,0.666838366278196,0.0625633977945748,0.0164498589028839
"YDL010W","GRX6",74,0.106558897245865,0.0996025837933929,0.0809567277029405,0.250436901051751,0.119034826046541,0.475308652784934,0.687913711226904,24.5212492451224,6.26285888802666,74,0,1,0.270591919824616,0.0653031202217185,1.75142665424831,0.0538922155688623,0.385824711425038,2.20382571130502,0.0159680638722555,5.43000699719582,1.03707073132775,0.151696606786427,0.227968841078904,0.0454329436365365,0.304834314772944
"YBL035C","POL12",74,0.23374445131283,0.238407924311636,0.111506444235246,0.356219149974199,0.126275695271032,0.354488789499884,0.544522611532984,20.7612739777567,5.02998141448645,74,0,1,0.207140620106483,0.0874122303175607,2.59213677161122,0.00798403193612774,0.218413374244383,4.93340537594939,0.00199600798403194,2.68890331748707,5.19279614645875,0.00199600798403194,0.0669538116748958,0.0100430717512344,0.0164498589028839
"YOR355W","GDS1",74,0.0539389994274359,0.0499668205274002,0.0592364866276299,0.12422913937395,0.153600360018188,1.23642778813613,0.795744034660395,68.2465617621742,18.2548770237359,74,0,1,0.745756341998121,0.0566626037162028,0.337435616874243,0.337325349301397,1.24824004442395,-0.0994087816496995,0.497005988023952,17.9489320021178,0.206416165753294,0.397205588822355,0.520133925696993,0.585144980974013,0.555158688471011
"YDL227C","HO",17,0.00930379647277515,-0.00155414843669277,0.0652546144970481,0.0228197377178956,0.0863920902135701,3.78584939413305,0.357722077626999,10.0574309808777,32.8088372817277,74,57,0.22972972972973,0.0027560288130285,0.0326239947114934,2.55230875165249,0.031936127744511,1.68647881434087,5.65028756809368,0.00199600798403194,22.7431137053018,5.65891982557099,0.00199600798403194,0.171522124290744,0.0100430717512344,0.0164498589028839
"YPR174C","CSA1",74,0.172054729780089,0.164004487931478,0.0831823346873414,0.329589363232792,0.129161028361349,0.391884698870337,0.647677847114192,20.7820433721131,5.53343100757491,74,0,1,0.278233636078923,0.0773495250270419,0.66378525425244,0.241516966067864,0.278688072530882,3.21228070210234,0.00399201596806387,3.8334214636278,2.75728718438309,0.0159680638722555,0.45095746007984,0.0160351565776011,0.0652370472729754
"YBR108W","AIM3",73,0.0130128276119056,0.00112286044890708,0.0523335712673598,0.0252451792766342,0.058087156759781,2.30092074701738,0.451982431533038,15.7744187349982,25.492212308047,74,1,0.986486486486487,0.0775446288756655,0.0362643487127201,1.7952130419605,0.0598802395209581,1.68606158712543,2.60404942996023,0.0239520958083832,24.092799927671,0.644869907994485,0.2375249500998,0.238522954091816,0.0625633977945748,0.391506641888637
"YEL064C","AVT2",74,0.00760455985940845,0.00676540762758643,0.0354304817652504,0.0284963106506979,0.0281092918305577,0.986418634156393,0.106635998655667,25.6631740508639,11.7694239299651,74,0,1,0.059066708424679,0.0367244305053141,-0.173894427845328,0.487025948103792,1.02306069760329,-0.32986917956085,0.596806387225549,12.4571497337616,-0.608869574253755,0.738522954091816,0.650274869255902,0.674405326462914,0.836526000132436
"YJL074C","SMC3",74,0.266815003081686,0.276332768436705,0.0945653530235725,0.44003352905878,0.115529121752045,0.262546179149482,0.789642736796111,23.8739848710711,3.46707065076309,74,0,1,0.256122768556217,0.0872621653452883,0.78363822005233,0.215568862275449,0.196726661581922,2.55138780926881,0.00798403193612774,2.58134582008507,1.94857572174212,0.0479041916167665,0.425793042015143,0.0265025504546463,0.144013859074304
"YHR123W","EPT1",74,0.0306627847570038,0.0222469753340803,0.0373287250916868,0.0759628618426478,0.0728048147954505,0.958426434041691,0.294085463453838,24.8379217698953,11.6137700646768,74,0,1,0.192045098653304,0.0447097116555547,-0.929974863689232,0.840319361277445,0.888158697094708,0.927949760446909,0.167664670658683,12.3949162048586,-0.765585775678686,0.768463073852295,0.894593885725209,0.268938632801511,0.864294939532699
"YMR048W","CSM3",74,0.0953368369023914,0.0943432812801048,0.0576240342554462,0.179287703031678,0.0859576611583012,0.479439803761185,0.462413894120044,24.6055299113545,6.48385461153338,74,0,1,0.17350454118384,0.0664229690772459,-1.01125197127871,0.874251497005988,0.385496691125156,2.16813673603212,0.0159680638722555,4.84276233941415,2.09304338506343,0.0219560878243513,0.906490706223129,0.0454329436365365,0.0801145800003047
"YNL225C","CNM67",74,0.0234572567748354,0.0192380522296406,0.0405310648431679,0.0779900656931594,0.0654563327163386,0.839290647271245,0.245613527572838,23.159594450339,10.7957290704275,74,0,1,0.18283745693705,0.0447405289429762,-0.521139948470424,0.668662674650699,0.825177748372639,0.172041534084189,0.413173652694611,11.6248535059004,-0.809450898610165,0.818363273453094,0.770170502368757,0.506402579456472,0.905503807200414
"YLR233C","EST1",74,0.0124980996454787,0.00634307864224443,0.0337163935415229,0.0214171307424808,0.0303145318462925,1.4154338510977,0.143881150331998,18.9115898724434,16.781053128801,74,0,1,0.0459129345443157,0.0343606115953187,-0.0762663681360679,0.427145708582834,1.26861111859957,0.895259117483826,0.163672654690619,15.8391611033455,0.693759712278256,0.231536926147705,0.604069966575724,0.267015457140327,0.390912619206032
"YLR286C","CTS1",74,0.406068492156146,0.419995592930409,0.112985650538179,1.00280252502251,0.31685501034169,0.315969497917428,1.68084423739134,18.5570412565734,4.06906572457035,74,0,1,0.279235828374569,0.0921754576110049,2.25383038519146,0.0179640718562874,0.161442088075772,7.56578741808561,0.00199600798403194,1.77350487762006,8.24695640137156,0.00199600798403194,0.120941216159231,0.0100430717512344,0.0164498589028839
"YDR307W","PMT7",74,0.0176927558185876,0.0156809142830416,0.0431988024253222,0.0465641594260958,0.049059958172681,1.05359913670398,0.210078399444377,26.183027739346,11.3770198641348,74,0,1,0.125274036955841,0.0419647933666777,0.14399631809327,0.385229540918164,0.970270736690732,0.852580098957155,0.157684630738523,12.5208349245631,-1.06212344809726,0.858283433133733,0.561401587069763,0.260807105512159,0.934531847466798
"YBR070C","ALG14",74,0.273379934927286,0.27629155286742,0.0927743375012379,0.524437965570388,0.141686844714535,0.270168931344308,0.835143316969356,25.0703841566572,3.03914698932167,74,0,1,0.291700595051676,0.0810142251408076,1.36979146257874,0.0978043912175649,0.181191205829473,3.6936886318336,0.00199600798403194,3.03526279503288,0.00838792517817107,0.449101796407186,0.297773878993605,0.0100430717512344,0.600626045958223
"YHR106W","TRR2",73,0.0140808043683421,0.0055928806361758,0.0396638885970894,0.0225464780766439,0.0648958618811404,2.87831481531329,0.409909695076966,2.52128248001958,23.5296175726521,74,1,0.986486486486487,0.0940808017538365,0.0364496604953309,0.369009339808769,0.251497005988024,1.69163653218937,4.79632945200745,0.00598802395209581,25.2091850524692,-0.731346215324304,0.778443113772455,0.464152775530021,0.0216839049174379,0.871418754995863
"YIL104C","SHQ1",74,0.0248517359037331,0.0174277962169689,0.0364918639539129,0.0566435905964974,0.0789645256605717,1.3940593247889,0.402670192638385,87.8724089024608,22.3908451884373,74,0,1,0.271218290009396,0.0435440733022464,-0.847663891323138,0.820359281437126,1.42243775953068,-0.179708112709037,0.548902195608782,21.219167200151,0.795495049978398,0.209580838323353,0.883179586772401,0.627691984452148,0.369666570917206
"YOL034W","SMC5",74,0.0347851700942275,0.0261933403996863,0.050609486339691,0.0814716315874174,0.0989203584896642,1.21416935640383,0.635570767983457,20.4985109245267,13.4829409495878,74,0,1,0.194174757281553,0.0471810086599302,0.405724708623876,0.293413173652695,0.893029740310077,3.67005281871339,0.00798403193612774,10.6387509455078,2.4207113476631,0.00798403193612774,0.488600653364551,0.0265025504546463,0.0410362071555813
"YDR503C","LPP1",74,0.0573906298840456,0.0650752089005855,0.0544775144949189,0.122701221160016,0.0825136854691142,0.672476481399541,0.311693056619945,24.1414628135339,9.33708013592355,74,0,1,0.163482618227372,0.0562702476005073,-0.199037346739352,0.532934131736527,0.482418967732551,3.7013000802174,0.00199600798403194,6.9084764668446,2.77995187535546,0.00399201596806387,0.677506688750159,0.0100430717512344,0.0265025504546463
"YPL163C","SVS1",74,0.484825366963107,0.507442072245794,0.127347130945216,1.02265459551986,0.23966566329007,0.234356413533972,1.6013990269948,27.3389887952902,1.48011872667503,74,0,1,0.320012527403696,0.088759667442833,4.10192540098387,0.00199600798403194,0.128034923565393,6.22293940845637,0.00199600798403194,1.24667743121325,1.25054115800212,0.0818363273453094,0.029815369261477,0.0100430717512344,0.208073215271584
"YPL255W","BBP1",74,0.0385861130383951,0.0250986411654041,0.0528960755129774,0.0745824405226185,0.127090326454348,1.70402477531968,1.02124722908845,25.9026800962683,11.1693228424787,74,0,1,0.128217976824303,0.0456360443981811,0.894726134391825,0.167664670658683,0.893574232160035,9.83249110467226,0.00199600798403194,10.3664735547672,0.66205221675667,0.253493013972056,0.376261561384274,0.0100430717512344,0.405249701266364
"YOR321W","PMT3",74,0.0356369736799257,0.0208142179350729,0.0567148868991964,0.087121317502247,0.0839216932629948,0.963273922720812,0.419890143883977,29.119174336485,11.1624371075954,74,0,1,0.104666457876605,0.0431264765794844,1.69397210619392,0.06187624750499,0.760279936873287,2.93711071438825,0.0119760479041916,10.2978396780511,0.909016373006717,0.163672654690619,0.238522954091816,0.0369325864400232,0.320574850299401
"YMR076C","PDS5",74,0.186674773186016,0.18401782624177,0.109568212323012,0.273024999620539,0.0929870576654696,0.340580744601068,0.510455461283892,25.0850378606683,2.38984565429151,74,0,1,0.169683683056686,0.0811257559710733,3.13065505559376,0.00598802395209581,0.260902276045763,2.49782839526009,0.00998003992015968,2.98034037429295,-1.05397184472233,0.860279441117764,0.0561230480216039,0.0315924442505717,0.934576301941571
"YKL042W","SPC42",74,0.0940493349364594,0.0890923547735972,0.0575679650634606,0.192527139505692,0.0730560380275681,0.379458388127187,0.381713681919293,25.5479259364207,6.0506054675714,74,0,1,0.16868149076104,0.0645850016568947,-0.807788595774332,0.784431137724551,0.369912447294506,0.219545458824076,0.397205588822355,5.0826492035616,1.22926599754524,0.117764471057884,0.854118641987096,0.497026888631115,0.265525552668248
"YCR065W","HCM1",74,0.076247043103443,0.0774044285893434,0.052517708111859,0.145361247652399,0.0748527876433628,0.514943211153206,0.315611981776801,23.5515957026621,7.63627559465752,74,0,1,0.155590353899154,0.0626123440234349,-1.16122307484088,0.898203592814371,0.447489159733747,1.42080529908082,0.0978043912175649,5.49914678396161,2.30465239586255,0.0159680638722555,0.92331466100058,0.180503857150564,0.0652370472729754
"YML060W","OGG1",74,0.100823530576458,0.104274024930412,0.075916813055208,0.191856149193707,0.0906970548105259,0.472734677474182,0.459125192513421,24.9462330109452,7.34145852107361,74,0,1,0.213654870028187,0.0668326716141176,0.995880218536558,0.141716566866267,0.408581754875752,1.48516834578109,0.0778443113772455,5.03529074922385,2.82606660172707,0.00399201596806387,0.366164967362572,0.153758598505468,0.0265025504546463
"YGR221C","TOS2",74,0.104617519692913,0.104486980465358,0.0722224065143617,0.12637093754838,0.0581895380652011,0.460466141931752,0.249933967573939,25.7636319103546,6.3767040789033,74,0,1,0.0876291888506107,0.0658557284752858,0.794727335643921,0.207584830339321,0.407213766225682,1.12935066394378,0.107784431137725,3.7552132951934,3.15481149773556,0.00798403193612774,0.418673202118969,0.193687812345234,0.0410362071555813
"YML020W","YML020W",74,0.0108069145609934,0.00859583358946703,0.0441804424699949,0.0327421003816798,0.037965690432511,1.15953741482492,0.157614455511891,23.9130168717601,14.306383862118,74,0,1,0.0934544315690573,0.0403186391883085,0.456133650100084,0.233532934131737,1.1422647319322,0.138384798935529,0.3812375249501,13.9222925591412,0.304983043215335,0.363273453093812,0.44297120045623,0.484658342888691,0.518342419638335
"YOL017W","ESC8",74,0.127828888882585,0.130852399907758,0.0734951374766537,0.174100357453131,0.0746218253395442,0.428613854854565,0.359239369070996,22.0984327663685,3.80757721458947,74,0,1,0.115314751017852,0.0735009464903541,-0.000659698624210539,0.467065868263473,0.343111195096546,2.00353255203792,0.0279441117764471,3.62024209065622,0.268028885161956,0.333333333333333,0.636957071771949,0.071049390580541,0.49025641025641
"YGR189C","CRH1",74,0.381798136305155,0.391624449138807,0.14583783856209,0.884077833200315,0.27757250704558,0.31396840484144,1.3833205123744,17.8449286717534,3.39311547057516,74,0,1,0.446727215784529,0.0836493948604319,7.08753232111501,0.00199600798403194,0.137330490454117,9.40342629267788,0.00199600798403194,2.52716103012282,1.88194082385526,0.0678642714570858,0.029815369261477,0.0100430717512344,0.180217343091595
"YER124C","DSE1",74,0.219489861505061,0.230999168529509,0.096745343555835,0.351226514591895,0.142686591285959,0.406252333915488,0.73293065734242,15.8847449426352,6.24391698708176,74,0,1,0.128468524898215,0.0829817381272218,1.59342203733806,0.06187624750499,0.302774636723706,2.90433773069989,0.00798403193612774,2.47747364325946,5.71912761478833,0.00199600798403194,0.238522954091816,0.0265025504546463,0.0164498589028839
"YLR212C","TUB4",74,0.0940139797201028,0.098102032398675,0.069431586389189,0.187713096543313,0.092589844427896,0.493251915465215,0.378391808254376,23.8887100440781,5.77919236336736,74,0,1,0.211024115252114,0.0635623443214785,0.629320883998195,0.241516966067864,0.421850034035193,1.57320717151302,0.0499001996007984,5.55516071311031,0.266788514584427,0.391217564870259,0.45095746007984,0.109414199124686,0.550005870611718
"YBR087W","RFC5",74,0.053532261502927,0.0457933752989302,0.0538034038888749,0.164373862209881,0.121921226925673,0.741731229567371,0.488691305021326,24.7527397901558,10.861368096474,74,0,1,0.486063263388663,0.0530532938583334,0.0911228826642365,0.409181636726547,0.677478293534385,1.08471470918601,0.125748502994012,9.2659988679437,1.66494886383784,0.0558882235528942,0.587353820886755,0.216995611664757,0.158074383776825
"YML027W","YOX1",74,0.203758541715365,0.209072374037779,0.10054532693242,0.333875624106906,0.154669752497215,0.463255599778947,0.933361909080652,21.2574704181259,3.37244579372553,74,0,1,0.155966176010022,0.0842697968248672,1.87127535262837,0.0339321357285429,0.281274057924826,5.44167098152249,0.00199600798403194,2.54963325689892,1.21005242963644,0.147704590818363,0.172548519981314,0.0100430717512344,0.303016285026514
"YHR153C","SPO16",73,0.078630963793042,0.0780357545375326,0.0531933585274536,0.0827609654800843,0.0460266109550374,0.556139125347846,0.195144928831079,25.7151486216901,5.88129262042914,74,1,0.986486486486487,0.0523019104290636,0.0539924180620143,-0.104119994811295,0.473053892215569,0.50457019548928,0.946933311036528,0.161676646706587,4.56970470602091,1.53625132421373,0.0798403193612774,0.636957071771949,0.264662455910098,0.205181035777907
"YHR159W","TDA11",72,0.0149221230159161,0.0100908113251551,0.0412608119956634,0.0266311199883773,0.0376613548445807,1.41418591711567,0.219326957773307,19.9942627095374,13.9109682221043,74,2,0.972972972972973,0.0578139680551206,0.0375324387443335,0.45423415742119,0.275449101796407,1.09607893386285,2.23888472815699,0.029940119760479,13.7606473241107,0.128424050889553,0.455089820359281,0.477045908183633,0.0745384231536926,0.602584305074062
"YGR153W","YGR153W",70,0.0237275945689785,0.0170931072238771,0.0412559121573389,0.0332782397562884,0.0344259370755958,1.03448792146798,0.129435913098882,29.0207192192314,10.4511373472606,74,4,0.945945945945946,0.0394613216410899,0.0348658567765564,0.777650474865349,0.161676646706587,0.906174106270426,0.979934849713633,0.0958083832335329,10.5460162293802,-0.0813752600498411,0.524950099800399,0.3733402759698,0.177505454207863,0.670925528621901
"YOR115C","TRS33",74,0.0693051400347102,0.0642631903314986,0.0638228717029623,0.2097187661859,0.152161813753498,0.725551730638249,0.832458116675247,28.8959322987453,8.21455067697394,74,0,1,0.452928280613843,0.0533969392920683,1.34121087113051,0.0998003992015968,0.562680651344723,3.23422495564401,0.00199600798403194,8.34624713868969,-0.155521358074451,0.540918163672655,0.301927789989641,0.0100430717512344,0.687656601690236
"YNL181W","PBR1",74,0.0587692278022958,0.0531867159072395,0.0479240401153088,0.142358461921118,0.0883532050826461,0.620638941235565,0.321022782457613,25.1185645022115,11.4340030319635,74,0,1,0.284246789852803,0.0521578834502725,-0.533705372724015,0.682634730538922,0.613238869619287,0.132009565626401,0.435129740518962,9.5921896575955,2.15067546307732,0.0239520958083832,0.780620577027763,0.527898517685441,0.0829645057710666
"YHR143W","DSE2",74,0.303066064410617,0.314222484470789,0.109562539756751,0.521133473711076,0.19407516541801,0.372409709236234,0.932083499786148,18.595805234478,5.16294719424212,74,0,1,0.18133416849358,0.0891085087780975,2.202179803871,0.0279441117764471,0.216361493364751,6.02457824835377,0.00199600798403194,2.01996619725094,8.75895773448803,0.00199600798403194,0.157144534460491,0.0100430717512344,0.0164498589028839
"YHR127W","YHR127W",74,0.0539844619117138,0.0417041654999096,0.0595752224252209,0.136862934765968,0.0946857608893261,0.691829099319232,0.37578437695166,24.2538112916451,13.1718727106302,74,0,1,0.373817726276229,0.052893905037119,0.843650102483158,0.179640718562874,0.72392382712106,-0.517200823299167,0.69061876247505,9.11221233915397,3.81459424973507,0.00199600798403194,0.386793979608351,0.758886824053043,0.0164498589028839
"YLR183C","TOS4",74,0.312157615466836,0.3153975366591,0.108472632361793,0.458441021051565,0.120119719895025,0.262017826457799,0.822583021881725,26.1549636707786,4.41730170279698,74,0,1,0.214657062323833,0.0901348082428031,2.00146387240253,0.0259481037924152,0.182438337339479,3.37003136001738,0.00399201596806387,1.84971002140363,6.77348481546893,0.00199600798403194,0.149436067623789,0.0160351565776011,0.0164498589028839
"YOR320C","GNT1",74,0.0066482898025135,0.00955900623368461,0.0338021511167805,0.0417377733143865,0.0675521955791247,1.61849064324283,0.333437238691503,20.6318555911627,21.02840463801,74,0,1,0.309238960225493,0.0430004387243737,-1.14702790214956,0.906187624750499,1.54027082499568,0.432794218757868,0.301397205588822,20.3742787902052,0.358951852449575,0.327345309381238,0.927532515269247,0.413167966062178,0.488972055888224
"YPL256C","CLN2",74,0.351646918763715,0.361820809151659,0.119575339904041,0.550514764263159,0.154496793801829,0.280640600091109,0.892539963727512,23.913051445104,2.52047600150875,74,0,1,0.200438459129345,0.0919357205142142,3.15088003606581,0.00399201596806387,0.186482077962011,3.86819468849401,0.00199600798403194,1.49480128535977,3.69218486647896,0.00598802395209581,0.0454329436365365,0.0100430717512344,0.0336738288129623
"YFL060C","SNO3",23,0.000524263575330603,-0.000673818476802701,0.0265507996444025,0.00980248137250679,0.0234329521965222,2.39051229031101,0.0992598651946345,17.4073445310412,19.6413413026768,74,51,0.310810810810811,0.00394613216410899,0.0141000014193146,1.88745324589928,0.0439121756487026,1.71630951933192,1.68919023306553,0.0678642714570858,18.6154963697751,0.710040074886443,0.245508982035928,0.198019056227168,0.138628725455073,0.40327592238204
"YLR343W","GAS2",60,-0.00263458624519099,-0.0049857782670929,0.0176191933929349,0.0082684353715266,0.0146054115469051,1.76640572135336,0.0807343770309988,43.3722325182182,22.7064699042154,74,14,0.810810810810811,0.0172251800814281,0.0240863259313039,-0.78332854373935,0.812375249500998,1.81645087964256,-0.147010167664207,0.483033932135729,26.9015689404878,-1.43059747570699,0.974051896207585,0.878541559415106,0.571510444457619,1
"YDL018C","ERP3",74,0.218715593135265,0.228474474213437,0.094087667475473,0.422233416631844,0.156670530788519,0.371051945718271,0.713854957506248,24.2913822944988,3.81636537292401,74,0,1,0.297776385844034,0.0804002643882032,1.58644908667229,0.0558882235528942,0.209182390406053,5.98621598349085,0.00199600798403194,3.36018721216361,0.875763262050636,0.187624750499002,0.234338340862135,0.0100430717512344,0.347614847823732
"YKL089W","MIF2",73,0.0753749675309122,0.0768249761193932,0.0548305859873103,0.136771403963724,0.073642506006398,0.538434964270237,0.277073675727985,24.2823102900126,8.49099696132199,74,1,0.986486486486487,0.153523332289383,0.0590929599493566,-0.484507066608485,0.652694610778443,0.465531507743215,1.52118196165909,0.0818363273453094,6.07850319123626,2.67666242674474,0.00598802395209581,0.766059122630651,0.160318706848598,0.0336738288129623
"YMR199W","CLN1",74,0.146387085044857,0.147480118018129,0.0785900286601103,0.20704817379489,0.0968924551298563,0.467970585559676,0.400662162467419,23.2564669385719,3.47710890450162,74,0,1,0.145255245850298,0.0748049861882144,0.433122645189974,0.30938123752495,0.354203326071009,2.97710211821086,0.0139720558882236,3.33810132530692,0.160088569222855,0.403193612774451,0.496255810526598,0.0409732681875513,0.560251589843569
"YHR110W","ERP5",74,0.306677958341065,0.308128144290938,0.108973715471785,0.706022042562405,0.203918816201959,0.288827832431216,1.09473967101289,26.3181426963425,3.62439550245736,74,0,1,0.48374569370498,0.082938175729377,2.96658870478482,0.00199600798403194,0.153042223632916,6.50108156958839,0.00199600798403194,2.57182125115904,2.7667739419562,0.00798403193612774,0.029815369261477,0.0100430717512344,0.0410362071555813
"YJR043C","POL32",74,0.0678553781025085,0.0646229120540073,0.0588088208916086,0.157965976018015,0.106904689929942,0.676757695706261,0.539929079468925,23.8605057476873,9.18699375665834,74,0,1,0.232633886626997,0.056092877865157,0.336761189190638,0.323353293413174,0.548339951304227,2.43418267424671,0.0179640718562874,7.33687394828669,1.96418986549469,0.0239520958083832,0.509891692025785,0.0487887860642352,0.0829645057710666
"YOL007C","CSI2",74,0.370783400731813,0.366868075845986,0.107440238721772,0.543506445242211,0.146387073351524,0.26933824728847,1.11779575700889,25.5446894747599,3.03836332704844,74,0,1,0.220732853116192,0.0928886162624512,1.57309560297677,0.0598802395209581,0.175273821740729,4.13908760897815,0.00199600798403194,1.52460750401216,4.7331487246611,0.00598802395209581,0.238522954091816,0.0100430717512344,0.0336738288129623
"YLL022C","HIF1",74,0.142594476299192,0.143803981451965,0.0690137488821083,0.325172024722766,0.143838649604478,0.442346323387172,0.681134122176988,25.8162895537143,6.0453470373346,74,0,1,0.358158471656749,0.0726487573721847,-0.413695918729867,0.654690618762475,0.301368185358315,3.79201891939288,0.00399201596806387,3.98394373357737,2.87728117353559,0.00998003992015968,0.766059122630651,0.0160351565776011,0.0472322681369933
"YOL019W","YOL019W",74,0.0883772481442934,0.0852042739444832,0.0679785961340374,0.167349179082439,0.0914277688379186,0.54632935362581,0.40866509745547,18.6873323295458,12.8435657996295,74,0,1,0.172251800814281,0.0575071257580938,1.19632106121535,0.117764471057884,0.416236061860862,2.84055968612677,0.00998003992015968,7.74207238930782,5.65179385707176,0.00199600798403194,0.329189574068238,0.0315924442505717,0.0164498589028839
"YJR154W","YJR154W",35,-0.000817101442409474,0.00131634986482165,0.0149140264410754,0.00367599469738913,0.00529093751228997,1.43932131241861,0.0200714981941171,22.2582235589099,22.5261790925933,74,39,0.472972972972973,0.00400876918258691,0.0174145248258909,-0.289454215423984,0.499001996007984,1.74472940949478,-0.715868436526143,0.758483033932136,19.0498233307828,2.51204781664647,0.0119760479041916,0.657088027801147,0.818408330066729,0.0535004756841457
"YLR231C","BNA5",74,0.00361749793135144,-0.000562087206720685,0.0407548266140242,0.0246521313164681,0.0431044872383494,1.74850955826099,0.214743719751143,48.210072723375,22.7352431125413,74,0,1,0.101284058878797,0.034315367060006,0.780931402543194,0.18562874251497,1.81528310807249,-0.248006483580978,0.546906187624751,29.8950059960125,-1.98530382908085,1,0.394357950765136,0.627691984452148,1
"YIL132C","CSM2",69,0.00624760262926089,0.00618463286960746,0.0258307650316565,0.0208365353145322,0.0268247765278577,1.2873914075892,0.145591863000417,25.5129629056035,14.9396616006808,74,5,0.932432432432432,0.041716254306295,0.0323152286999158,-0.891639092177991,0.854291417165669,1.17342736102375,0.846558887270058,0.181636726546906,13.9842664778937,0.760510798688351,0.235528942115768,0.89945219692773,0.282808974884108,0.390912619206032
"YLR135W","SLX4",74,0.0156239725852464,0.0095880720124219,0.032698738817963,0.028471948751043,0.0422259708485474,1.48307273301763,0.234142471258945,27.8258604732537,17.5193785990517,74,0,1,0.0721578452865644,0.0360579336850011,-0.409885610179864,0.586826347305389,1.21552128190947,1.86183296788921,0.0399201596806387,16.1060457077594,1.08075993950152,0.139720558882236,0.726691694331544,0.0926302734337151,0.29421333544365
"YNL300W","TOS6",74,0.717365573481775,0.735165916972346,0.117115568675524,2.75118838010821,0.368040345436317,0.133775043576566,2.5920771989028,29.013550939537,1.19094718168915,74,0,1,0.463012840588788,0.0638873917961413,6.60331335857298,0.00199600798403194,0.0648621460710963,8.13383869214718,0.00199600798403194,0.853003835223826,3.16508246239062,0.00598802395209581,0.029815369261477,0.0100430717512344,0.0336738288129623
"YDL101C","DUN1",74,0.147530629125056,0.141199007688525,0.0854579804104622,0.257245758007082,0.128684049401556,0.500237789724849,0.938021592280127,26.9098723692311,5.71382128932453,74,0,1,0.226683369871594,0.077887977894245,0.80970812615245,0.197604790419162,0.314182747446893,5.20058922255058,0.00199600798403194,3.37336139818138,2.8763703563549,0.0119760479041916,0.403654230001535,0.0100430717512344,0.0535004756841457
"YKR091W","SRL3",74,0.0172032903243443,0.00901993300266557,0.045375329476682,0.0592316707258165,0.0686490771036292,1.15899275273537,0.292515348062516,28.5366262802984,20.7183866872486,74,0,1,0.119824616348262,0.0397915212253121,0.594084115267948,0.19560878243513,1.32761992252602,-0.959787957172529,0.874251497005988,20.4834783561025,0.186699513046324,0.405189620758483,0.401291836927004,0.914424979362937,0.56139315571755
"YDL095W","PMT1",74,0.075301193062629,0.0646183771174773,0.0761289482632125,0.293953785769548,0.152051885569456,0.517264593723111,0.674148087042202,31.1141047081564,9.20742485759028,74,0,1,0.630316316943313,0.055214009632498,2.68367397486926,0.0199600798403194,0.461853395244842,1.19169004062708,0.107784431137725,8.73985621075777,0.655119536297481,0.253493013972056,0.130697509091406,0.193687812345234,0.405249701266364
"YDL093W","PMT5",74,0.0259214183183835,0.019061955405493,0.0379545231219276,0.0671866042244044,0.0552538429049007,0.822393742662629,0.202386396873158,28.3223753379169,9.07220061831727,74,0,1,0.116692765424366,0.0430798055585147,-0.602165690760374,0.694610778443114,0.76375648953007,0.782723004179991,0.187624750499002,10.8449260795326,-1.83926988408718,0.964071856287425,0.788655468161065,0.290241523425641,1
"YKR090W","PXL1",74,0.0408243071199325,0.0317017312197084,0.0494333431276528,0.0954252392150445,0.0728710932922961,0.763645906384141,0.322364379810636,24.7189134444647,10.107666025622,74,0,1,0.180645161290323,0.0504913474926615,-0.125077196343814,0.508982035928144,0.677310216544354,1.3608147204767,0.0918163672654691,8.55304636249613,1.35169911097711,0.093812375249501,0.657549765334196,0.17415961727339,0.227625966341429
"YLR050C","EMA19",74,0.23744055346414,0.237466291054558,0.0876346775312989,0.687607974306307,0.20737014237567,0.301581933491791,1.25526899631142,27.9050911780379,3.66776287008887,74,0,1,0.520889445662386,0.0765052791167904,1.31282899784568,0.0978043912175649,0.188253009528531,4.02484662366361,0.00199600798403194,3.40347678266664,0.563416022122364,0.289421157684631,0.297773878993605,0.0100430717512344,0.450629685254897
"YDR461W","MFA1",37,-0.00225241139559352,-0.00283065205081301,0.0142567762796668,0.019219650890734,0.0766045921152521,3.9857431620771,0.454817574948169,62.6398587943931,24.5065313887439,74,37,0.5,0.00770435327278422,0.0303460861598963,-1.37823714117989,0.992015968063872,1.77628919195954,4.87341426607206,0.00399201596806387,24.4815104725183,0.0104139136227732,0.461077844311377,0.998188496955668,0.0160351565776011,0.608826545803421
"YDR400W","URH1",74,0.0573740986314051,0.05378874565732,0.0631845337122989,0.153496096313851,0.103840680366201,0.676503721331651,0.392138459786806,28.9849671135993,10.6385657186954,74,0,1,0.276730347635453,0.0526163208368066,1.25885706410633,0.111776447105788,0.545685683511027,2.59303830238813,0.00598802395209581,7.9917600879326,2.92128231541717,0.00598802395209581,0.323812980100405,0.0216839049174379,0.0336738288129623
"YNL169C","PSD1",74,0.0337363820729438,0.0164894027242339,0.0479518921222532,0.0822529523134461,0.0886581494369965,1.07787194189872,0.315769392794974,27.8759160528311,18.6145674170182,74,0,1,0.327341058565612,0.0432702628002005,0.56954101733823,0.231536926147705,1.140251546746,-0.591300579965169,0.718562874251497,15.3722793273189,2.67000807898111,0.00998003992015968,0.440934863341047,0.785979528357473,0.0472322681369933
"YER152C","YER152C",74,0.0289511258683026,0.0238470493981345,0.0390086151673067,0.103974229877359,0.0959417771051402,0.92274573438348,0.414354263860981,24.7609192597046,12.3121704902926,74,0,1,0.298653304102725,0.0455342041796182,-0.832238276893127,0.818363273453094,0.841448554885788,1.10814267094492,0.143712574850299,11.8560725644094,0.443308984933451,0.321357285429142,0.883019514019365,0.241882432318462,0.484570291593469
"YMR305C","SCW10",74,0.389430624112043,0.394583833973466,0.120345465537608,0.981726466502244,0.25411120511921,0.258841147498623,1.43666349873814,29.6666976309243,3.58027321405696,74,0,1,0.477795176949577,0.0810851609132814,4.58727647782652,0.00199600798403194,0.124463600692296,7.77753544967426,0.00199600798403194,1.9235081654528,5.08674880320476,0.00399201596806387,0.029815369261477,0.0100430717512344,0.0265025504546463
"YPL208W","RKM1",74,0.0541241582851686,0.0542829024017108,0.0542326429425216,0.154152533167122,0.0877351616007585,0.569145117489843,0.331346179993711,27.7966903303956,9.51203993258005,74,0,1,0.266645787660507,0.0543864474834813,-0.0181872422005648,0.467065868263473,0.532642968529578,0.715691372699409,0.225548902195609,7.18369959287874,2.60618921558123,0.00598802395209581,0.636957071771949,0.329701453362388,0.0336738288129623
"YDR501W","PLM2",73,0.0463777150662517,0.0403749953802578,0.0563441623339358,0.0707757970687588,0.0439142308557406,0.620469605069624,0.189723904447459,30.9999432869028,7.7042517076772,74,1,0.986486486486487,0.0533667397431882,0.0464319683143204,1.39273129312398,0.0758483033932136,0.593504267911412,0.421962201403598,0.313373253493014,6.26067023427539,1.5185210236576,0.0738522954091816,0.265782720273738,0.419586597113895,0.192903809866606
"YML021C","UNG1",74,0.104809688292286,0.0989233353534425,0.0815293418458488,0.240325806192053,0.128293592846164,0.53383194621904,0.8399608747593,28.5821102626828,6.2880578187087,74,0,1,0.257876605073598,0.0645334969034094,1.97323061849617,0.0399201596806387,0.373547036819574,3.91829927517174,0.00199600798403194,5.0878563937092,1.6133224843728,0.0658682634730539,0.18707682673868,0.0100430717512344,0.17688219067483
"YLR151C","PCD1",74,0.00813060803831888,0.0018080573973332,0.065179484355612,0.0199137291154425,0.0269828135002165,1.35498546474111,0.124731171072907,29.0871726327883,13.7850813176006,74,0,1,0.0384591293454432,0.0301813810543915,4.9722923105455,0.00199600798403194,1.28140764391305,0.48451006880667,0.249500998003992,15.7127170983697,-1.42952841618058,0.922155688622755,0.029815369261477,0.354944872160441,0.979421687598255
"YGR014W","MSB2",74,0.0416161658069114,0.0389227257629813,0.0428056578474328,0.180806077028919,0.114661329413966,0.634167453318656,0.490589453474226,40.0492193501435,14.532085847575,74,0,1,0.327341058565612,0.0454256438386967,-0.285270584322273,0.554890219560878,0.640360930118514,-0.107318768612011,0.516966067864271,13.7782203419498,0.981365197375058,0.151696606786427,0.696161482808661,0.605661226566475,0.304834314772944
"YDR353W","TRR1",74,0.0937884756121212,0.0776658944343009,0.0764188611633779,0.221799824192823,0.184217824218525,0.830558928028609,1.12242890565211,25.8229901089794,10.3273112648496,74,0,1,0.932414657062324,0.0784524746164644,-0.213463165123289,0.536926147704591,0.722072208036472,1.7965423628736,0.0439121756487026,9.04529222099988,1.22015611088074,0.0958083832335329,0.680771083827041,0.0994787675833168,0.228982035928144
"YPL241C","CIN2",74,0.139638792662286,0.140981048212893,0.0832729834802655,0.257647825376179,0.130227220675666,0.505446612970738,0.465509160451009,27.3985403373664,5.97155348838047,74,0,1,0.239022862511744,0.0701614044978711,1.54695209397974,0.06187624750499,0.297781048148853,5.96860403172135,0.00199600798403194,4.27981399804382,2.72094082014018,0.0159680638722555,0.238522954091816,0.0100430717512344,0.0652370472729754
"YGL061C","DUO1",74,0.0297055501278733,0.0251358731293972,0.0471412818742671,0.0738997343364081,0.0695148199382096,0.940664003225811,0.280719017077494,30.8026585754621,12.8932491635586,74,0,1,0.180331976197933,0.045300664071993,0.225755743308577,0.329341317365269,0.79456493024354,2.08147800416452,0.0339321357285429,10.5191247157612,2.23047443300769,0.0179640718562874,0.511120615911035,0.0823327963362615,0.0686946107784431
"YBR007C","DSF2",74,0.0118616840981249,0.000333759445118043,0.0431155276006991,0.0376395836960935,0.0646620736547861,1.71792743981643,0.34345578055939,32.3977188487803,17.4441278089288,74,0,1,0.144065142499217,0.0383448454771263,0.578817018610008,0.235528942115768,1.40187753413946,1.93112662871611,0.0439121756487026,17.555431993974,-0.0758264756943551,0.491017964071856,0.444991440044812,0.0994787675833168,0.639527484540456
"YOR176W","HEM15",74,0.0280898825179387,0.0220919294703452,0.0338582295780128,0.0870766970994965,0.0758670353761897,0.871266801604816,0.332959173137783,29.6672383719454,13.9297558380149,74,0,1,0.230378953961791,0.0446469179998253,-1.19320713621901,0.956087824351297,0.830076104431305,0.540539036371299,0.263473053892216,11.3851712894833,2.44972420157775,0.00998003992015968,0.970297197536985,0.37150477805451,0.0472322681369933
"YOR114W","CIM1",70,0.0168828682389254,0.0165912207258596,0.0370999330702235,0.0285782276211229,0.0243085646376576,0.850597348440548,0.106581881355982,28.2438842090921,8.75399456931199,74,4,0.945945945945946,0.0276229251487629,0.0345562416982657,0.383500667996811,0.291417165668663,0.838993264650438,0.114149562009138,0.387225548902196,8.28249016808857,0.470563771060758,0.30938123752495,0.487053864299373,0.488374175132584,0.475511998511017
"YOR247W","SRL1",74,0.423915810258285,0.451555437377604,0.100826972263993,1.34557492784721,0.324817059212025,0.24139648598514,1.98860959082944,36.0312170225747,6.99984149000616,74,0,1,0.78703413717507,0.0767489600478753,2.80568679788347,0.00598802395209581,0.128492799683298,6.12082398083962,0.00199600798403194,3.18889417960302,3.92323562011106,0.00199600798403194,0.0561230480216039,0.0100430717512344,0.0164498589028839
"YNL165W","YNL165W",74,0.033929153076322,0.0290168813593412,0.0413109730580736,0.0996581627945419,0.0776434589988435,0.77909783625969,0.265254808595229,25.5903701237833,9.98757161148114,74,0,1,0.2048230504228,0.0493615715786517,-0.936321395318235,0.858283433133733,0.665161574507914,1.82343761676713,0.0419161676646707,9.12613967213987,0.902820154932721,0.177644710578842,0.899691844381413,0.0967919233995777,0.336960998637645
"YER001W","MNN1",74,0.209190136833395,0.210854242833377,0.103672267907482,0.433145715522836,0.221123729858026,0.510506561495397,1.13334450824826,27.9064657900813,5.81088970759616,74,0,1,0.287942373943,0.0749208225469256,3.2296686251841,0.00598802395209581,0.249405987007978,7.71998212558568,0.00199600798403194,3.26644948143763,4.29553160158589,0.00199600798403194,0.0561230480216039,0.0100430717512344,0.0164498589028839
"YOR283W","YOR283W",74,0.0298585179445164,0.0185379374629398,0.0510162831538341,0.0689831603425574,0.108127850490056,1.56745283853498,0.542033940168658,21.4150816890647,20.5338860166293,74,0,1,0.472471030378954,0.0482727002320006,0.341041480455788,0.327345309381238,1.34687570634477,1.59940352001638,0.0678642714570858,17.2381566780573,2.28478800693404,0.0159680638722555,0.511120615911035,0.138628725455073,0.0652370472729754
"YDL211C","YDL211C",73,0.0188336642102256,0.0126487926887424,0.0387632818259859,0.0384629295607109,0.0350792029666191,0.912026290437633,0.198272741266541,26.6358518874032,11.7185891967595,74,1,0.986486486486487,0.0487942373943,0.0377214638284591,0.13238988970296,0.36127744510978,0.883105734313413,0.276311698685783,0.305389221556886,10.8594594885343,0.774899230846276,0.203592814371257,0.539658183632735,0.413529880748418,0.366684541365031
"YBR161W","CSH1",74,0.0134563918973404,0.01485288669977,0.0317868279432906,0.0481741320880532,0.0367049880584786,0.761923182993497,0.180147476426659,30.043208347237,12.9187010242752,74,0,1,0.0746633260256812,0.0382018942478603,-0.832901366142164,0.836327345309381,0.862302962980586,-1.15371078174182,0.894211576846307,12.2089740306986,0.751967454918263,0.217564870259481,0.892331408611349,0.931226870876982,0.376797130376927
"YOR083W","WHI5",71,0.0195568078396061,0.0118571629509128,0.0429812800926545,0.0340945509642449,0.039031901622839,1.14481348247619,0.19603963615984,35.3976277142278,16.4996000567043,74,3,0.959459459459459,0.0418415283432509,0.03196341424623,1.38514461647358,0.0798403193612774,1.02948577712771,0.872032544571761,0.157684630738523,14.6392263973402,1.9373663881642,0.029940119760479,0.268758258131624,0.260807105512159,0.100079561157405
"YGR188C","BUB1",73,0.0288330255376606,0.0312650887424013,0.0420668429008847,0.0737882348774358,0.0516828547515514,0.700421345454299,0.298561769157054,30.9984644029858,11.5487062259352,74,1,0.986486486486487,0.0875665518321328,0.0417597073370801,0.0389960195601823,0.419161676646707,0.679390203160783,0.282610633113952,0.335329341317365,10.4195309456205,1.24878669441452,0.105788423153693,0.596307385229541,0.441563154682371,0.246667640329098
"YEL047C","YEL047C",74,0.0326420247546497,0.0201661440452852,0.0569904872535302,0.0774910696824296,0.104304165825202,1.34601530541076,0.680422968339249,30.0342302201233,12.4488286333679,74,0,1,0.112809270278735,0.042505650905656,1.89377958585711,0.0538922155688623,0.791492480417746,7.46398784046362,0.00199600798403194,11.5659767808273,0.862682884336321,0.205588822355289,0.227968841078904,0.0100430717512344,0.366684541365031
"YDL157C","DMO2",74,0.0834270117620168,0.0807711175897825,0.0740957068107125,0.295324867746183,0.152062407844631,0.514898758797791,0.597882879259497,31.6475796523053,6.69740320506112,74,0,1,0.596304415909803,0.0600253319861879,1.76813574677713,0.0518962075848303,0.447574023642353,1.63236274445311,0.0479041916167665,6.81048095506651,-0.136016305017284,0.550898203592814,0.225512611141354,0.106010201818585,0.694800372869038
"YHR173C","YHR173C",7,-0.00715502109070736,-0.00163255653462335,0.0152974469027838,0.00340254813464515,0.00288376891590859,0.84753214408511,0.00659429851308054,66.633125869491,20.0500151288547,74,67,0.0945945945945946,0.000438459129345443,0.00601880076475125,1.30746798453607,0.063872255489022,1.47373376484177,-1.49881976849773,0.967806841046278,19.0886927377679,0.616685237531904,0.167664670658683,0.238522954091816,0.990866233272214,0.320574850299401
"YOR195W","SLK19",74,0.176028925794208,0.176037598980338,0.0716943482641986,0.317156201129644,0.116963726584402,0.368789026252053,0.510312410983483,28.1916669179254,4.58014998997914,74,0,1,0.278484184152834,0.0750301441410949,-0.380353777500889,0.654690618762475,0.265484781996813,2.92569081355826,0.00399201596806387,3.50852243276357,1.61033727438879,0.0698602794411178,0.766059122630651,0.0160351565776011,0.184492892667703
"YJL091C","GWT1",74,0.0418311901582593,0.0312802475352258,0.0500303811086844,0.101717763448379,0.105617868970633,1.03834242309342,0.580170754095411,26.7282000126346,11.549188905162,74,0,1,0.203570310053241,0.0460089304175139,0.489020447829312,0.263473053892216,0.766434742999484,4.01922397029106,0.00399201596806387,10.5718935026731,0.98586956221081,0.165668662674651,0.471685841799547,0.0160351565776011,0.320574850299401
"YNL263C","YIF1",74,0.0879395550014525,0.080740006664356,0.0811053908121259,0.263980833256339,0.155700295811025,0.589816669227011,0.668556841985072,26.5021691952466,7.62813545956677,74,0,1,0.507860945818979,0.0599488513276593,2.64814958768752,0.0119760479041916,0.471663796887514,2.58234114791945,0.00798403193612774,7.24487605900677,0.474184009323881,0.321357285429142,0.0970262864102304,0.0265025504546463,0.484570291593469
"YOL016C","CMK2",74,0.0149408653381789,0.00578483226420262,0.057438785082274,0.0610134879058309,0.0965928959416914,1.58314004422718,0.570483285578981,3.31541077418601,25.7106500055102,74,0,1,0.151393673661134,0.0394744606092729,2.08092049288701,0.0339321357285429,1.58352973379158,-0.00202595843732365,0.473053892215569,21.8143885101031,2.09102190961478,0.0439121756487026,0.172548519981314,0.562486966365776,0.135419483613418
"YHR172W","SPC97",74,0.0249252640873268,0.0202008016077501,0.0455288861300314,0.0533356051123658,0.0529152628994562,0.992118919209335,0.322181865145046,30.8691088111226,11.9726444046246,74,0,1,0.0630754776072659,0.039728113121593,0.732651727534528,0.169660678642715,0.805597354453657,2.20433984788722,0.0379241516966068,10.421858743104,1.37643062420634,0.0858283433133733,0.37719909019171,0.0892992340442268,0.213676813040586
"YDR488C","PAC11",73,0.0105007622786698,0.00878446100572094,0.0573435140492491,0.0292599076312987,0.0338756986091115,1.15775138582035,0.213037654961876,35.1774744242655,14.4129433601565,74,1,0.986486486486487,0.0414030692139054,0.0312236660172434,3.66636845394019,0.0139720558882236,1.0188855447634,1.19073458853896,0.0958083832335329,13.4355360751408,0.903045115803461,0.19560878243513,0.107720043783401,0.177505454207863,0.358241371662805
"YPR106W","ISR1",74,0.0478410638311242,0.0434589804312476,0.0601028955098272,0.100875471809771,0.0716234191426039,0.710018182394919,0.367456003870022,24.3954698666771,12.7856549289649,74,0,1,0.140306921390542,0.0486422326274057,1.29651581652135,0.105788423153693,0.593579979551088,1.92898009703129,0.0359281437125748,10.3936287676236,2.32213734766572,0.0119760479041916,0.312141149799167,0.0862997622844763,0.0535004756841457
"YGL093W","SPC105",74,0.0353850341018047,0.0350264407455552,0.0467536862759504,0.100623682108218,0.0656148250598291,0.652081335974789,0.280633955519822,35.2327890902081,10.5619289817604,74,0,1,0.127090510491701,0.0449108112041994,0.224425978219031,0.349301397205589,0.560222223585359,1.63037394343181,0.0479041916167665,9.33257156900938,1.41510357633052,0.0818363273453094,0.526706838688554,0.106010201818585,0.208073215271584
"YOR084W","LPX1",74,0.0531466429893077,0.0526149734002902,0.0538027017975446,0.150888292998683,0.0805019588056877,0.53352024339218,0.298967792059785,31.6188401049577,7.73929578513343,74,0,1,0.19066708424679,0.0518283437263983,0.226883964455446,0.347305389221557,0.458438994073985,1.60722803710923,0.0578842315369262,7.6310769155189,0.128207409251001,0.441117764471058,0.526706838688554,0.124074720514129,0.595633591573914
"YLR326W","YLR326W",74,0.0508170706499055,0.0450369455681812,0.0683015345529207,0.122638702997216,0.0699600099096991,0.570456211619323,0.338095743735948,31.808506041367,8.19972590657907,74,0,1,0.155465079862199,0.0506653431897469,2.24757980537756,0.0279441117764471,0.557648443804079,0.235689194120136,0.367265469061876,7.78583891070384,0.471175016621166,0.305389221556886,0.157144534460491,0.471916382289185,0.470890477110296
"YNL126W","SPC98",74,0.0457722507673919,0.0490576293155492,0.0439882073986812,0.122278715677678,0.0783757595609449,0.640959950606127,0.368628148932118,36.5768217098756,9.87348768299698,74,0,1,0.125399310992797,0.0469030938763553,-0.384363879932168,0.594810379241517,0.51793513121243,2.41642902912043,0.0119760479041916,8.03206295795468,2.20704393058586,0.0119760479041916,0.730898100970296,0.0369325864400232,0.0535004756841457
"YNL166C","BNI5",74,0.0563728175277925,0.0516464303351241,0.0506033985329785,0.15670426210138,0.0888129559424799,0.566755203409989,0.335176141834049,33.4665922942839,12.7481796726386,74,0,1,0.215533980582524,0.0501870745179214,0.0521308305893916,0.411177644710579,0.486332422512121,1.76399038626519,0.0379241516966068,8.55311027842236,4.97200587116105,0.00199600798403194,0.588451838837295,0.0892992340442268,0.0164498589028839
"YNL208W","YNL208W",74,0.03734600128881,0.0321356288687348,0.0486647413662428,0.13859566513865,0.174901612235205,1.26195586319554,0.926459902924396,15.2843034440707,17.5733782641309,74,0,1,0.858878797369245,0.0555922670152372,-0.770813866540106,0.778443113772455,1.26135740163114,0.0049547895726543,0.467065868263473,16.0851650168435,1.00528782199627,0.161676646706587,0.849533809094141,0.55814371257485,0.318030605455755
"YDR113C","PDS1",74,0.10398609703311,0.0941672322482887,0.0651672935284459,0.18747720656868,0.0796175914400263,0.424678780408751,0.348063228896721,32.7498408269889,5.74255492938917,74,0,1,0.13886626996555,0.0593920962384848,0.670166461710606,0.221556886227545,0.36092477667836,1.5463755532633,0.06187624750499,5.12098103500643,0.830675585370618,0.205588822355289,0.430504843970595,0.129723010120111,0.366684541365031
"YPR075C","OPY2",74,0.0397140444624105,0.0377143922997166,0.0509986107556755,0.0966306566501753,0.0899525657237351,0.93089055628985,0.547806129907485,26.7024003504668,10.1323940035772,74,0,1,0.178828687754463,0.0475892554646909,0.406509525201476,0.29940119760479,0.665148660163158,4.10819034862493,0.00199600798403194,9.94302492739954,0.212785312640875,0.397205588822355,0.490115659092773,0.0100430717512344,0.555158688471011
"YBL009W","ALK2",74,0.0414409896572012,0.0374088972447562,0.0434302176933207,0.131912714458729,0.0816590681928906,0.619038646334878,0.378393620059473,32.53214186425,8.97199223439872,74,0,1,0.2048230504228,0.0487290776258716,-0.611127909706154,0.706586826347305,0.607285485300691,0.204343147520979,0.391217564870259,9.14509312420039,-0.192874716118328,0.560878243512974,0.793214507752644,0.492110515810484,0.701831938217805
"YKL127W","PGM1",74,0.061133620069581,0.0462852774977833,0.0521891262471855,0.214477624689044,0.14419114204251,0.672289905539387,0.740687977274792,33.0915528666575,10.2580143316582,74,0,1,0.470278734732227,0.0488797957305436,0.444963382751458,0.273453093812375,0.648837107671254,0.42579897025203,0.313373253493014,9.4873836004522,0.765070220359472,0.213572854291417,0.475311195790238,0.419586597113895,0.37258330055218
"YER019W","ISC1",74,0.0311894195145491,0.0318531657648652,0.0466171926899271,0.158635643498703,0.125678749929566,0.792247865345551,0.785519597464158,41.6486489704414,13.6802990333333,74,0,1,0.302912621359223,0.0453598530974314,0.154021045684668,0.387225548902196,0.596493466379552,3.62012629950519,0.00598802395209581,12.1049482045195,2.05076656118763,0.029940119760479,0.562595174392856,0.0216839049174379,0.100079561157405
"YLL012W","YEH1",74,0.0221432228210636,0.01470794767446,0.0406512162366838,0.0588511582657909,0.099887411295011,1.69728879156273,0.592681750080862,40.03469458857,25.3770983731032,74,0,1,0.297651111807078,0.0409632256448991,-0.0385399383506839,0.461077844311377,1.69320772361313,0.0197886466620502,0.44311377245509,22.933009913601,1.0928390377034,0.139720558882236,0.636957071771949,0.534869654630134,0.29421333544365
"YPL032C","SVL3",74,0.10402716016989,0.0945921167990114,0.0810437503088538,0.379188092056256,0.158589017121569,0.418233115553747,0.693776892437985,39.9822335280025,9.02890358298701,74,0,1,0.48643908549953,0.0564559426595133,3.14182785647895,0.00798403193612774,0.365733190764752,1.32639231633685,0.101796407185629,8.21042842233049,1.11430771476709,0.131736526946108,0.0669538116748958,0.185720162727979,0.28622754491018
"YGR055W","MUP1",74,0.0763356834545714,0.0491609042827459,0.0920855169910862,0.188431737716281,0.158471888623508,0.841004230731645,0.784361535493335,87.2757174637702,14.8208998733978,74,0,1,0.576699029126214,0.0479467544158157,5.74790312305577,0.00199600798403194,0.994470017395525,-1.93133757976615,0.988023952095808,10.820917118984,3.03227659998543,0.00199600798403194,0.029815369261477,1,0.0164498589028839
"YOR372C","NDD1",74,0.0203966293569273,0.0135745115424941,0.0574612757025098,0.0580027420942992,0.0651462420169492,1.12315796917043,0.371226741920169,39.5453929248013,14.1829168088542,74,0,1,0.121327904791732,0.0385434141898136,2.45582461733963,0.031936127744511,0.900400053282216,2.67701131727955,0.00598802395209581,13.8034071483159,0.343458891874964,0.353293413173653,0.171522124290744,0.0216839049174379,0.507129884375393
"YIL117C","PRM5",69,0.0132723096509606,0.0013948062918171,0.0517976093040138,0.0328793152963786,0.0758444861259142,2.30675381899659,0.518463592948609,66.0765918636276,23.657496443765,74,5,0.932432432432432,0.0321327904791732,0.0379168892240838,1.24745760396767,0.115768463073852,1.8057089975613,1.38133005913892,0.0778443113772455,25.0282070425853,-0.586889057407091,0.718562874251497,0.329189574068238,0.153758598505468,0.829645057710666
"YMR295C","GSR1",74,0.191573035016647,0.192950406674255,0.0879982119167412,0.628215592529569,0.24991673521113,0.397820013038544,1.54670639216362,41.2658293930335,9.09081256209243,74,0,1,0.641340432195427,0.0681183412149663,2.56906259323583,0.0139720558882236,0.229062719210313,5.65443838994931,0.00199600798403194,6.68460611559393,3.01155305939887,0.00399201596806387,0.107720043783401,0.0100430717512344,0.0265025504546463
"YBR009C","HHF1",74,0.590205255871974,0.61371579277462,0.121698984912982,3.06470700808755,0.592814620031655,0.193432722432277,3.2599416200767,35.9289756029432,4.35349826745823,74,0,1,0.771437519574068,0.069595649053869,7.05165069031067,0.00199600798403194,0.0745057776169431,12.0502522077839,0.00199600798403194,1.43102136737676,15.5965139937478,0.00199600798403194,0.029815369261477,0.0100430717512344,0.0164498589028839
"YNL030W","HHF2",74,0.625010067364738,0.642710753468815,0.105070041398961,3.0427191702892,0.522418231371703,0.171694527866024,2.94379198954857,35.8756161565821,3.39195323614458,74,0,1,0.860006263701848,0.062989425518099,5.56479630282872,0.00199600798403194,0.0665077629723684,11.646284182097,0.00199600798403194,1.54901503474565,7.85827804259285,0.00199600798403194,0.029815369261477,0.0100430717512344,0.0164498589028839
"YOR250C","CLP1",74,0.0132431959173088,0.0094872327451318,0.0345521248070461,0.0433112558536473,0.0445234737479717,1.02798851869871,0.155617327233609,4.26923721802882,21.0233197055369,74,0,1,0.159536486063263,0.0384855917384331,-0.496733718511072,0.660678642714571,1.52239940897027,-2.70289812407967,1,20.8401691695494,0.105194384180877,0.431137724550898,0.766515512663992,1,0.587133425456779
"YPL054W","LEE1",33,-0.000449518219101256,-0.000119666494897919,0.0160769173627966,0.00375433338200971,0.00772380496174065,2.05730396739729,0.0342109731717606,80.0010534052817,33.4359407429388,74,41,0.445945945945946,0.00588787973692452,0.0190312034346254,-0.346769138303732,0.568862275449102,1.79897468803534,0.618583704963083,0.197604790419162,28.0779966636833,1.7366823237003,0.0499001996007984,0.706275760167976,0.303714115178004,0.146333100669826
"YJL201W","ECM25",74,0.0187537619886693,0.0161122561767749,0.0411638187363309,0.0474784842805839,0.0600828501306588,1.26547532089666,0.297982628605568,32.422216308171,14.929839825049,74,0,1,0.187785781396806,0.0408789438365821,0.0349213100873665,0.437125748502994,1.1130407217908,1.30808832505891,0.0878243512974052,14.3437396722072,0.446967141710773,0.313373253493014,0.616360199954074,0.169274354516773,0.480103894774554
"YBL002W","HTB2",74,0.624667829061349,0.640391210617217,0.10708469751072,2.98484172500727,0.487667590710681,0.163381390250933,2.91301309153582,35.765264568739,3.73839844892004,74,0,1,0.831819605386784,0.0652707892472904,5.49268308542928,0.00199600798403194,0.0700574221911411,9.76964640795011,0.00199600798403194,1.46260209590252,9.24170735110499,0.00199600798403194,0.029815369261477,0.0100430717512344,0.0164498589028839
"YML117W","NAB6",74,0.0164167351499702,0.0126583050817129,0.0471019641956356,0.0654928093245883,0.0791595618464627,1.20867561893918,0.346339595408231,46.1519992267593,16.0356486090465,74,0,1,0.24215471343564,0.0389131965313914,1.099970404812,0.135728542914172,1.19246139524959,0.140283769878216,0.407185628742515,15.0080688391965,0.829082647570354,0.191616766467066,0.360434686183189,0.504235053209643,0.353640209927635
"YML012W","ERV25",74,0.169159753577531,0.174279169128128,0.0824179920804062,0.493015928496232,0.206410557798833,0.41866914610328,1.28804976319899,31.5323100251563,6.55151227688328,74,0,1,0.91988725336674,0.073355269666704,1.04700693286169,0.153692614770459,0.291617325214804,3.53619431386431,0.00399201596806387,4.95286346565865,2.51330641832969,0.0119760479041916,0.37052109373486,0.0160351565776011,0.0535004756841457
"YNL031C","HHT2",74,0.624037672326318,0.638459397774208,0.10878543043307,3.13959328439762,0.523958538429664,0.166887393037023,2.94596883335123,36.627776566821,5.18482712148573,74,0,1,0.948637644848105,0.0642418106819047,6.0142968606441,0.00199600798403194,0.0685862226973767,11.5029449918434,0.00199600798403194,1.6313183463696,13.4979523360814,0.00199600798403194,0.029815369261477,0.0100430717512344,0.0164498589028839
"YIR017C","MET28",66,-0.00169926016084719,-0.0051183501372315,0.0353920853557716,0.011056126913096,0.0266527001319243,2.4106724119053,0.13059249211901,26.7165889745123,32.1810542579453,74,8,0.891891891891892,0.0246789852803007,0.0263810853658095,1.06357564723788,0.141716566866267,1.69756113619645,2.62970653339813,0.0259481037924152,24.2262530435749,3.8807660918879,0.00399201596806387,0.366164967362572,0.0670442897987808,0.0265025504546463
"YMR144W","FDO1",74,0.0720721146520692,0.0666431229524039,0.0646820449703884,0.149447783101122,0.079893389558754,0.534590663714933,0.385522918338955,29.0922225782964,7.98112666401132,74,0,1,0.159160663952396,0.0589519925604276,0.688178027287148,0.221556886227545,0.463096112480466,1.48142071462115,0.0698602794411178,5.83942037032635,2.20594917268155,0.00998003992015968,0.430504843970595,0.140899635328499,0.0472322681369933
"YIL074C","SER33",74,0.0283860542215675,0.0172894549714194,0.0624165932256056,0.0714419576152062,0.114776961991768,1.60657638484612,0.693089065890374,8.54663574650958,19.061216435645,74,0,1,0.406138427810836,0.0450970973713082,2.03568983200252,0.031936127744511,1.37543893512,1.6663687452996,0.06187624750499,17.28022183889,1.2517640989549,0.101796407185629,0.171522124290744,0.129723010120111,0.238522954091816
"YNR066C","YNR066C",72,0.00436960797314934,-0.00227612334252825,0.0462169314194481,0.0216058238277329,0.0434224212307612,2.00975540562471,0.230645276638121,0.10674132049599,25.4299759517227,74,2,0.972972972972973,0.0583150642029439,0.0330190358412413,1.58457137829302,0.0918163672654691,1.72567046811311,0.969054643433208,0.143712574850299,24.9052517944341,0.201527260692378,0.389221556886228,0.288738312847988,0.241882432318462,0.548813876671436
"YPL269W","KAR9",74,0.0319605115259953,0.0284871844686837,0.0492543339978323,0.0713928996538663,0.055650742384844,0.779499679305015,0.276275988231108,36.4293743774542,10.2222459824402,74,0,1,0.0888192922016912,0.0420218089357598,0.908880927185721,0.159680638722555,0.704273064936854,1.15227503815096,0.117764471057884,9.46331419787999,0.770320474109167,0.235528942115768,0.37052109373486,0.206195667273512,0.390912619206032
"YGL184C","STR3",50,0.00372725977688401,-0.000619022639100852,0.0323130337974066,0.0101482503549035,0.018195352291135,1.79295461333817,0.0824862629258857,5.72442805994408,27.005627951364,74,24,0.675675675675676,0.00927027873473223,0.0211036364561402,1.38625518388075,0.0878243512974052,1.74747988507175,0.124009271629642,0.353293413173653,26.5185657779492,0.199325409329804,0.37125748502994,0.281745234363488,0.456416895937854,0.52659073544306
"YLL062C","MHT1",74,0.041585681717313,0.0339571404347137,0.0585382753642421,0.0734391822465581,0.082908117855506,1.12893574409854,0.441282205925735,8.20163618688196,16.4966281632593,74,0,1,0.134732226746007,0.0464211615823982,1.4044391434428,0.0838323353293413,1.05841916468502,0.686384702048652,0.225548902195609,13.0477209757341,2.55494245136053,0.00399201596806387,0.272597661819219,0.329701453362388,0.0265025504546463
"YPR107C","YTH1",73,0.011551437570212,0.00572933040933032,0.0412711914876546,0.0336075487544444,0.0670782801703598,1.99592897002014,0.40536461661245,84.0902354960535,26.6756525209821,74,1,0.986486486486487,0.182962730974006,0.0383063612966024,0.359668400031996,0.271457085828343,1.76085123658849,1.01305918167848,0.147704590818363,27.1062208943827,-0.140321855692861,0.506986027944112,0.475311195790238,0.2468629175216,0.651449788594853
"YKL001C","MET14",74,0.0477524853696324,0.0260604921888118,0.0787637200077336,0.139983135223743,0.195568638450939,1.39708714295012,0.988478015745748,10.4823308562827,14.4780085202729,74,0,1,0.267585342937676,0.0426695911510931,4.54282109732409,0.00199600798403194,1.15037211174406,1.94481087659372,0.0279441117764471,16.3974965029448,-1.34682466611028,0.910179640718563,0.029815369261477,0.071049390580541,0.977623228878566
"YAL067C","SEO1",38,-0.00414556801003113,-0.00145391354430524,0.0245583038344829,0.00801441848291849,0.0152348631378152,1.90093182309932,0.079564279758314,25.7671184065257,26.5298538218277,74,36,0.513513513513513,0.00751644221735045,0.0195264819343496,0.599149379636039,0.179640718562874,1.89054058497636,0.0239834885840706,0.375249500998004,27.7978100676827,-0.411748849764229,0.640718562874252,0.386793979608351,0.479596955820978,0.77339260872195
"YEL068C","YEL068C",72,0.0182522048399085,0.0115611233451709,0.034161171296197,0.0528068606058242,0.0888631001999684,1.68279460624038,0.539792291701675,6.22709529581215,21.567241666749,74,2,0.972972972972973,0.25480739116818,0.042880686736179,-0.999083819193738,0.878243512974052,1.54608473146495,0.770982398196973,0.209580838323353,22.2827929699149,-0.398152564822001,0.614770459081836,0.908658872730729,0.317024179489123,0.755424882882051
"YPL127C","HHO1",74,0.272839893989777,0.270502820173302,0.0891163271761062,0.790498652569971,0.189151672955128,0.239281461568823,1.11685780846594,36.9044890057018,6.50523298401583,74,0,1,0.553648606326339,0.068892195538055,2.63381388480507,0.00998003992015968,0.174822541117735,2.61263602622401,0.0139720558882236,4.455082004106,2.36819139704288,0.0139720558882236,0.0822492945144194,0.0409732681875513,0.060714933768826
"YLR045C","STU2",74,0.13415586156333,0.129146210827916,0.068225792769104,0.365020891847579,0.138311959582199,0.378915187243455,0.850852549668402,40.4630963299891,7.59949379504436,74,0,1,0.270216097713749,0.0560692800497661,1.57146011665013,0.0738522954091816,0.274230734627636,2.93872771165138,0.00399201596806387,6.96885399257124,0.949240307237343,0.165668662674651,0.26149183115251,0.0160351565776011,0.320574850299401
"YKR037C","SPC34",74,0.0317319553822796,0.030447441218008,0.0467591820636526,0.130083873378146,0.102409973738966,0.787261103774689,0.60592410495796,38.2678969985374,10.440199894354,74,0,1,0.259317256498591,0.0448618158996533,0.266200081183806,0.325349301397206,0.623314858579557,2.98245102810775,0.00598802395209581,10.376525287429,0.0745595834570888,0.453093812375249,0.509891692025785,0.0216839049174379,0.60160789532047
"YGR113W","DAM1",74,0.0270991937146323,0.0284869477048298,0.042718441626456,0.125481669937787,0.143076189929968,1.14021585782931,1.08096980760181,39.9598881792149,13.4978879477034,74,0,1,0.273473222674601,0.0433106969772448,-0.0844535469872244,0.483033932135729,0.734616297542059,6.61968291484085,0.00199600798403194,12.3485377207371,1.11367238415836,0.141716566866267,0.646751315296578,0.0100430717512344,0.295810126471947
"YHR061C","GIC1",73,0.0131273438910349,0.00700759740606949,0.0337605134752928,0.029802319098522,0.0326771507304386,1.0964633531509,0.164012940938763,39.0241162005207,17.5972761462861,74,1,0.986486486486487,0.0516755402442844,0.0308000381925598,0.458601936598446,0.25748502994012,1.13194687783166,-0.264640443524556,0.548902195608782,17.0289032673613,0.572058274669185,0.275449101796407,0.464444695514631,0.627691984452148,0.433107469271982
"YDR261C","EXG2",74,0.0281308475236116,0.0228088694105081,0.0494326099602068,0.110143907411467,0.186775595979539,1.69574151098341,1.54609905765641,44.4041143724025,15.0811288714116,74,0,1,0.253867835891012,0.0411178518712539,1.05495013137756,0.129740518962076,0.829611422604391,12.356223035335,0.00199600798403194,12.8730802093315,2.34082245155933,0.0179640718562874,0.351788044023685,0.0100430717512344,0.0686946107784431
"YER091C","MET6",74,0.0619064335223088,0.0386049514563319,0.0794452348092763,0.177816973988983,0.158721854619938,0.892613629955105,0.682641181483662,16.2301627399551,14.5279074375893,74,0,1,0.2439711869715,0.0464336015392146,3.80953568193273,0.00399201596806387,0.764350513418698,1.62838799401357,0.06187624750499,15.7526826320708,-1.11920891681527,0.854291417165669,0.0454329436365365,0.129723010120111,0.932308898185364
"YPL250C","ATG41",73,0.0130085333391845,0.00534160223883462,0.0379980433706796,0.0321202979658918,0.0589322631493905,1.83473587984676,0.358967506335019,29.9923173117394,23.0454159111908,74,1,0.986486486486487,0.0797995615408707,0.0350459427452191,0.3426314729445,0.267465069860279,1.60460283599929,0.926292713315267,0.131736526946108,22.8616425501609,0.09587816551702,0.439121756487026,0.475272503320497,0.226511006763452,0.594618129180732
"YPL274W","SAM3",74,0.0605140229479926,0.051897697473383,0.0482083313068884,0.159960275284165,0.14191539611073,0.887191497130279,0.533333038107621,3.72815109907712,15.5167323664761,74,0,1,0.530347635452552,0.0513721892927271,-0.427776182381695,0.640718562874252,1.11414940975978,-2.20729207983653,0.996007984031936,14.7262750991906,0.608617329518486,0.273453093812375,0.761849435457443,1,0.432816486232832
"YGR099W","TEL2",74,0.0402488592961061,0.0342985957658477,0.0428427074268627,0.0999052416479389,0.0664219444619527,0.664849444997293,0.348431950910348,40.2562553754603,14.5228557502814,74,0,1,0.11625430629502,0.0424833379194174,0.0428160835689618,0.393213572854291,0.675336721595328,-0.166663527713209,0.560878243512974,11.6085916822912,3.1312519668485,0.00199600798403194,0.569563902498034,0.639856325535087,0.0164498589028839
"YKR010C","TOF2",74,0.0399343838858343,0.034116070003628,0.0407919844671886,0.135808579510389,0.0816092542852453,0.600913834600579,0.335198611971267,42.0421915348071,9.38998206276073,74,0,1,0.192734105856561,0.0443480807588342,-0.477343582974381,0.666666666666667,0.574380076498169,0.503786695810163,0.281437125748503,10.2256080412128,-1.07090146586696,0.842315369261477,0.769726247987118,0.389933177124013,0.925578727602267
"YMR238W","DFG5",74,0.029744266685381,0.01920912683642,0.0544289897862691,0.100022943367914,0.108098814866185,1.08074019046376,0.566622161606917,39.5504688162413,13.3817442607056,74,0,1,0.310616974632007,0.0421742415732025,1.31098841259136,0.111776447105788,1.01893248973399,0.621137904132887,0.24750499001996,13.2144727730446,0.146837290542568,0.401197604790419,0.323812980100405,0.353156373819525,0.559103367608806
"YDR247W","VHS1",55,-0.00505215288737489,-0.00378851953196402,0.0162152023869633,0.00510727624318817,0.0092231944657586,1.80589300961741,0.0340817012368061,34.9581106584137,29.6370162736258,74,19,0.743243243243243,0.0122142186031945,0.0194294671651923,-0.454900215618114,0.636726546906188,1.83954577078777,-0.0892644951419406,0.457085828343313,26.6446506302967,1.13554946930013,0.121756487025948,0.760888223552894,0.547586531198255,0.270695817666992
"YDR451C","YHP1",74,0.0745966860586093,0.0729034056360419,0.071640564309804,0.205893549397961,0.110536541694016,0.536862577857479,0.595380769549758,52.2285080239692,10.2361399089622,74,0,1,0.154838709677419,0.0466656574469782,3.45600506343018,0.00399201596806387,0.429515744976236,2.35218292416477,0.00798403193612774,9.19234271415979,1.64951043348781,0.0459081836327345,0.0454329436365365,0.0265025504546463,0.140667383182353
"YPL253C","VIK1",74,0.0218378837449908,0.0264577074616881,0.0444663099102251,0.0625311289503432,0.0534924232258615,0.855452702098831,0.183520821918992,43.4077065119929,10.9869433250682,74,0,1,0.093704979642969,0.038224133542321,0.899696311546187,0.167664670658683,0.735754694612911,1.60674577310199,0.0538922155688623,11.4490394085973,-0.460863387337912,0.664670658682635,0.376261561384274,0.116563253583331,0.794281437125749
"YJL118W","YJL118W",74,0.0855815343638182,0.086351893614709,0.0531522506741344,0.261966975268939,0.114005573087248,0.435190630308299,0.534684302694082,39.1470334393529,7.56937973365326,74,0,1,0.261008455997495,0.0553465386848381,-0.278799365779973,0.562874251497006,0.361402049336056,1.86376627152365,0.0379241516966068,6.51752112074253,1.40536878887698,0.0978043912175649,0.700661177644711,0.0892992340442268,0.231438113871267
"YBR008C","FLR1",73,0.0120040123457823,0.0087608580973767,0.0379445742109866,0.0535785716555736,0.0558849773737178,1.04304716693403,0.196140993111386,46.5671523534274,16.4930618211478,74,1,0.986486486486487,0.139680551205763,0.0349394037752218,0.452431537102219,0.307385229540918,1.19946757636414,-1.29886706483054,0.92814371257485,15.7212802051444,0.626085544879419,0.275449101796407,0.496255810526598,0.958213163306217,0.433107469271982
"YNR009W","NRM1",74,0.190797470394709,0.180217062316166,0.0832899415967347,0.487510620016328,0.163107641707749,0.334572489317846,0.869754721271337,43.8897596297105,9.06275278719533,74,0,1,0.304290635765738,0.0584826871715454,3.24147104334655,0.00199600798403194,0.217639926958601,3.93128485438389,0.00199600798403194,6.26730081631329,4.6724288941826,0.00199600798403194,0.029815369261477,0.0100430717512344,0.0164498589028839
"YLR455W","PDP3",74,0.0808462810781913,0.0666394644508778,0.0711462164339855,0.240365541197889,0.141788944720869,0.589888816900491,0.555150867694396,37.2843682733258,8.8038360145527,74,0,1,0.378452865643595,0.0543902315707954,2.2851394061051,0.031936127744511,0.437971664779547,3.37676331364209,0.00199600798403194,6.98988822942774,1.9779990337592,0.031936127744511,0.171522124290744,0.0100430717512344,0.104558007273125
"YFR030W","MET10",74,0.0189630015775893,0.0071639759684583,0.0437988410066195,0.0476427963464666,0.0804574540322752,1.68876430860974,0.363523981788521,12.1610502138365,24.8319304265853,74,0,1,0.11024115252114,0.0373759885416683,0.719265447557049,0.177644710578842,1.59651480096552,0.436177113199724,0.277445109780439,23.4594857939345,0.656449590590105,0.235528942115768,0.386793979608351,0.385519658357703,0.390912619206032
"YEL042W","GDA1",74,0.0359725275970224,0.0259657497864357,0.0547682915226274,0.134685179709088,0.120641820811538,0.895731965997425,0.577638092762359,41.1158593894612,15.755867411021,74,0,1,0.459567804572502,0.043786882183337,1.3637368946901,0.0958083832335329,0.793903136094719,1.5294023010158,0.06187624750499,13.9099759239426,2.04091089185215,0.0259481037924152,0.297773878993605,0.129723010120111,0.089231608724996
"YLL061W","MMP1",74,0.0435393727832541,0.0212361119821864,0.067027423199979,0.0919546030419616,0.132138569418556,1.43699787772731,0.768849660728251,3.07890000618336,15.6621321267448,74,0,1,0.145881616035077,0.0472965554798891,2.14493837142683,0.0499001996007984,0.878603814642723,6.59658236545321,0.00199600798403194,10.8065712227703,4.07896156726077,0.00199600798403194,0.218828398249373,0.0100430717512344,0.0164498589028839
"YOR188W","MSB1",74,0.0380269650675498,0.0275614956013421,0.0483570346923903,0.129677927715177,0.0972836708168009,0.750194520616286,0.518627516730931,40.1174200377371,13.2970631243585,74,0,1,0.233260256811776,0.0431770213704676,0.760398981574397,0.191616766467066,0.616920542448046,2.43991085008787,0.0179640718562874,11.3012329286113,2.28777243331971,0.0159680638722555,0.396505689918864,0.0487887860642352,0.0652370472729754
"YKL065C","YET1",74,0.0339158502049122,0.0300379198240872,0.0533700273580383,0.114494584917692,0.140115183257462,1.22377126707073,0.575413486630612,2.26069145864201,20.5911995156098,74,0,1,0.61716254306295,0.0495989721292018,0.48280001640436,0.267465069860279,1.4528072910847,-1.46728712689955,0.934131736526946,21.6380900670255,-0.59527846555417,0.696606786427146,0.475272503320497,0.962316745818707,0.816122656647489
"YJR001W","AVT1",74,0.024408708453726,0.0227582581284337,0.0609884456715007,0.0913750845135765,0.0932262635954458,1.02025912306099,0.331273112997009,40.5787165737895,17.5458871659581,74,0,1,0.398872533667397,0.0430866168387861,2.27654424199856,0.0259481037924152,0.885816329187798,1.79856706007782,0.0479041916167665,14.7349995588895,2.96659658826241,0.00598802395209581,0.149436067623789,0.106010201818585,0.0336738288129623
"YLR210W","CLB4",74,0.00884643646601116,0.0124627681113928,0.039567928260197,0.0410080540544734,0.0390770050510674,0.95291049409853,0.133716584828916,41.8992767443378,15.5970662723528,74,0,1,0.0583150642029439,0.0328794885229963,0.967394439250667,0.155688622754491,0.874561723009817,0.809764719420363,0.157684630738523,14.0923719175487,1.64188325047101,0.063872255489022,0.37052109373486,0.260807105512159,0.173471239339503
"YLR373C","VID22",74,0.0252112858842381,0.012974872365397,0.0494455078473992,0.072570679227634,0.0710606567533657,0.979192388849886,0.285775937032863,42.3462833263781,15.0386269984909,74,0,1,0.184716567491387,0.0404992380399289,1.07838882581098,0.111776447105788,0.916560668055842,0.742492442347571,0.207584830339321,14.2052130452289,0.793732845420395,0.209580838323353,0.323812980100405,0.315001742546653,0.369666570917206
"YOL112W","MSB4",74,0.0212859297401322,0.0105414745010016,0.0438457046770938,0.0510886506772805,0.0522954389351335,1.02362145489956,0.220874047891935,37.4427103125179,15.8493252811234,74,0,1,0.188412151581585,0.0401399164134607,0.441514645062881,0.255489021956088,1.10552203580186,-0.800035300976107,0.786427145708583,16.5972951951183,-0.589287315812566,0.716566866267465,0.464444695514631,0.839089677787283,0.829343733839826
"YER018C","SPC25",74,0.0747759740611565,0.06985688017557,0.0546940538370215,0.23429009128962,0.105958213786933,0.452252219475864,0.613090597046182,42.7467870450684,10.0489483932225,74,0,1,0.227873473222675,0.0507936927672362,0.486073069027664,0.295409181636727,0.395161290838392,1.38859708650154,0.0838323353293413,8.39993711072353,2.66068074975507,0.00998003992015968,0.488600653364551,0.162234235981478,0.0472322681369933
"YGL216W","KIP3",74,0.0158260382134307,0.0138919336066205,0.0395206891159793,0.070828899038603,0.109603439997414,1.54743955483027,0.858434639235715,43.131063894409,15.8384646910726,74,0,1,0.168618853742562,0.0385527517292491,0.124640520417309,0.369261477045908,0.953757053218155,6.25603210977437,0.00399201596806387,14.6654964879248,1.02116915086311,0.153692614770459,0.541432472478356,0.0160351565776011,0.304834314772944
"YOL088C","MPD2",74,0.0107435448612892,0.0100555304275385,0.0355841540464839,0.0545921811582587,0.0602399220194324,1.10345329205296,0.26432891086682,58.2947579411822,19.6670023862654,74,0,1,0.303977450673348,0.0397924117518208,-0.506917703440051,0.654690618762475,1.32477440375162,-1.58958527600952,0.966067864271457,19.8954215379981,-0.175582122541339,0.542914171656687,0.766059122630651,0.990866233272214,0.688363326397603
"YNL197C","WHI3",74,0.0291670713911248,0.0215938217895117,0.0583805702378347,0.133411937044467,0.138322822540809,1.03680994073795,0.878694679710911,39.2847298663563,13.4511597646827,74,0,1,0.383213279047917,0.0444064515532655,1.75221384162579,0.0538922155688623,0.765850480574982,4.03783910915501,0.00598802395209581,12.7881316568979,0.619811529522585,0.253493013972056,0.227968841078904,0.0216839049174379,0.405249701266364
"YKL035W","UGP1",74,0.101698164786099,0.108827878809054,0.0771370430965994,0.385980506417866,0.188783339960008,0.489100710582595,0.802557457086696,49.2642682739611,11.529756151558,74,0,1,0.536987159411212,0.0595614665645363,2.45482013696297,0.0179640718562874,0.34078968438098,4.03321606818373,0.00199600798403194,9.99462197538205,2.70410926559043,0.00998003992015968,0.120941216159231,0.0100430717512344,0.0472322681369933
"YGR124W","ASN2",74,0.0542292999197343,0.0366055126169064,0.0670096704267247,0.077061791312044,0.131953699224666,1.71231030291458,0.667176244352167,17.0421537859942,16.8904214637377,74,0,1,0.834512997181334,0.0580118295001326,1.08451530210308,0.155688622754491,1.44277607871,1.89209014401649,0.0499001996007984,18.8668901369622,-1.31015222856268,0.912175648702595,0.37052109373486,0.109414199124686,0.977623228878566
"YJR010W","MET3",73,0.0166822004265904,0.000568059905566631,0.071320819360523,0.0280668609886925,0.0571010845006354,2.03446635958471,0.275190145700682,36.1455485728422,32.9611446345074,74,1,0.986486486486487,0.0813028499843407,0.0367753799653878,3.50938246213872,0.00798403193612774,1.7149260568884,1.30876731323683,0.111776447105788,28.2177062950622,1.3736711051203,0.0958083832335329,0.0669538116748958,0.199362469091667,0.228982035928144
"YIL135C","VHS2",74,0.00857802472314445,0.00471487469043214,0.0369282805407328,0.0526022910676779,0.0825551640240529,1.56942145196371,0.519455285551606,56.192583948457,21.4734059067645,74,0,1,0.204760413404322,0.0379789300084989,-0.116365599172606,0.469061876247505,1.46895407086016,0.614784575666566,0.227544910179641,21.0387452713422,0.279140539828319,0.327345309381238,0.636957071771949,0.331605082517891,0.488972055888224
"YIR010W","DSN1",74,0.0440462022645726,0.0249506658045954,0.0723455910382851,0.12476715092375,0.114806982063295,0.920169942274776,0.61364383700653,39.6813604867724,11.3793455515344,74,0,1,0.184591293454432,0.0422054935453036,4.05364404949909,0.00598802395209581,0.739300408578759,2.88427762307239,0.0119760479041916,11.8279621755555,-0.472951183369288,0.68063872255489,0.0561230480216039,0.0369325864400232,0.803321751558611
"YJL060W","BNA3",74,0.0103112341998709,-0.00136298906051602,0.0446969721460726,0.0277120334850106,0.0844050954940767,3.0457922021396,0.65294934984844,84.145240961315,25.9150724161529,74,0,1,0.153084873160038,0.0373874628556553,0.865266160007732,0.157684630738523,1.8242331165886,4.85821551971987,0.00199600798403194,31.3031882581957,-1.43301821748736,0.962075848303393,0.37052109373486,0.0100430717512344,1
"YPL116W","HOS3",74,0.0456101010446571,0.0386574265875683,0.0445669534284154,0.125277471275072,0.072157133077812,0.575978524657292,0.299603612215721,46.6591432933523,10.328719310136,74,0,1,0.129783902286251,0.0411018646479133,0.496277056479708,0.249500998003992,0.545207776347881,0.555674899145476,0.285429141716567,10.7257407152161,-0.528392628464894,0.696606786427146,0.462253786999644,0.394321184221153,0.816122656647489
"YBR256C","RIB5",74,0.0451141931931829,0.0422934325090926,0.0546764825918521,0.121652416215147,0.114423790215913,0.940579675898504,0.523636813101869,0.242935623207504,17.0231774753095,74,0,1,0.553272784215471,0.0507002253999086,0.497923277439585,0.273453093812375,1.20475374566855,-2.37040206635763,0.998003992015968,13.8070962731167,2.16415857252445,0.0179640718562874,0.475311195790238,1,0.0686946107784431
"YMR163C","INP2",74,0.0180923676500246,0.0142462271117874,0.0436196037089749,0.0573988245393165,0.0486256612352263,0.84715430368995,0.188290670342948,43.7368152714924,12.7395968971734,74,0,1,0.0837456937049796,0.0368381438959933,0.917115827271512,0.145708582834331,0.848445106783658,-0.0147753587766823,0.445109780439122,13.5715756248185,-0.848929098324279,0.810379241516966,0.368511653940796,0.535925629848615,0.902940040664592
"YMR215W","GAS3",74,0.185765266017321,0.190654104166205,0.079084771943444,0.548909338906218,0.182403369591273,0.332301450645272,0.995684501364156,48.5998063230097,9.20546984991784,74,0,1,0.390416536172878,0.0633305590864531,1.96518706015629,0.0459081836327345,0.217507847961498,3.75401105364739,0.00199600798403194,6.58224482892391,5.04564026744609,0.00199600798403194,0.205085156789225,0.0100430717512344,0.0164498589028839
"YKL052C","ASK1",74,0.0378754226153191,0.0278546182590704,0.0511089591310185,0.12825186605258,0.10257913671276,0.799825685738605,0.467882432604316,44.7289450711617,13.6496523375442,74,0,1,0.264704040087692,0.0431738068863466,0.9923573773476,0.139720558882236,0.701608016872557,1.60057156657433,0.0698602794411178,12.6479737872262,1.20080439393783,0.117764471057884,0.364953153801686,0.140899635328499,0.265525552668248
"YDR302W","GPI11",74,0.0358014852305612,0.0259898774080048,0.050317463590741,0.135593009036454,0.12350028824763,0.910816045202056,0.707304640669476,44.7684117963236,14.8300835735865,74,0,1,0.32439711869715,0.0414567734496466,1.17388312388658,0.131736526946108,0.880508863202775,0.376823750502613,0.305389221556886,13.9898855368808,0.838194211994302,0.187624750499002,0.351788044023685,0.413529880748418,0.347614847823732
"YLR209C","PNP1",74,0.0333290553208818,0.0370563282635214,0.0444108705761252,0.152114979575677,0.102888897535474,0.676388990896763,0.376606280639674,48.3248053013417,15.3969906208868,74,0,1,0.324772940808018,0.045838964651257,-0.194004871937022,0.508982035928144,0.582737234802083,1.73450755526764,0.0538922155688623,14.1709715446179,1.64955083388205,0.0499001996007984,0.657549765334196,0.116563253583331,0.146333100669826
"YHR178W","STB5",74,0.00639095575267954,-0.00166643435590486,0.0451656893589883,0.0217903114697197,0.0396016679660661,1.81739797621055,0.206957476667851,45.5121720860482,21.1584902583161,74,0,1,0.0573128719072972,0.0311138365431931,1.87800136178192,0.0678642714570858,1.62107423454388,0.863529943884717,0.173652694610778,22.5899514770381,-0.800390288577232,0.786427145708583,0.247626883637306,0.276686626746507,0.878299475814726
"YIL123W","SIM1",74,0.254064012667106,0.245426353880311,0.0700715723777914,0.78555285093123,0.169901994264522,0.21628333989637,1.02249732110681,39.0000605510838,8.73537630144299,74,0,1,0.541622298778578,0.0670119817526165,0.375730666411792,0.305389221556886,0.18391629813026,1.24550671809872,0.117764471057884,5.01811347716183,4.34173531053035,0.00199600798403194,0.494834060692175,0.206195667273512,0.0164498589028839
"YMR003W","AIM34",74,0.0927591014160957,0.0943142081142206,0.0608787615185791,0.254576043812969,0.111686038662911,0.438713859285849,0.497912238729769,48.8867516013428,7.14450685050117,74,0,1,0.201127466332603,0.053230441757836,0.941402795062063,0.137724550898204,0.322847217680339,2.94637728936186,0.00399201596806387,6.45240459638352,1.12043858765007,0.145708582834331,0.363714559830615,0.0160351565776011,0.300209924977631
"YMR198W","CIK1",74,0.0151878465235047,0.00713247906167452,0.050870443478008,0.0438231113681876,0.0687496716247048,1.56879941835011,0.505048366615342,48.6392507263097,16.6008585869695,74,0,1,0.0740995928593799,0.0330935926222322,2.50245356904721,0.0259481037924152,1.03414572097723,5.12037227786697,0.00199600798403194,17.1262880261933,-0.529450301431549,0.708582834331337,0.149436067623789,0.0100430717512344,0.828123703692859
"YEL017W","GTT3",74,0.028188765221312,0.0268682455214419,0.041829443341562,0.130227674836132,0.104423876903318,0.801856264689641,0.41727598983342,51.9170094369851,11.7807849333856,74,0,1,0.309990604447228,0.0461398555016979,-0.530860836248662,0.658682634730539,0.614314846908871,3.5576593822938,0.00199600798403194,10.9302935490412,1.0658643731986,0.153692614770459,0.766059122630651,0.0100430717512344,0.304834314772944
"YHR006W","STP2",74,0.00419979855532459,-2.50553717977553e-05,0.0332464434972549,0.0206695360351638,0.0352212067683621,1.70401535421222,0.185786875590405,63.9774502905024,27.1197813807345,74,0,1,0.105104917005951,0.0346074499929288,-0.178642718751811,0.500998003992016,1.7418771988848,-0.158064001492671,0.534930139720559,26.8890333696801,0.0864125914926322,0.429141716566866,0.657549765334196,0.620622832005891,0.58608497291132
"YPR167C","MET16",73,0.0194215774056269,0.00432115978753911,0.0752545923739352,0.0473760870705952,0.123019311822014,2.59665412296931,0.953675016366922,0.563517813745877,32.8453560187827,74,1,0.986486486486487,0.21114938928907,0.03821734901674,4.50169630286737,0.00399201596806387,1.72922018869304,3.6611493809026,0.00798403193612774,31.4125895304465,0.372669150543082,0.303393213572854,0.0454329436365365,0.0265025504546463,0.469326718730823
"YPR155C","NCA2",73,-0.00509894529889038,-0.00198032958365268,0.027044586748075,0.0161963895795367,0.023981473151401,1.4806678385719,0.0839916899184301,62.180051147759,19.0501920489418,74,1,0.986486486486487,0.0784215471343564,0.0343674707652819,-0.85069375764859,0.832335329341317,1.54535215158909,-0.308541026243582,0.568862275449102,21.3110587560984,-1.32178714241006,0.918163672654691,0.890058808557382,0.647419446820644,0.979421687598255
"YPL264C","YPL264C",56,-0.00192906517802423,-0.00244811174407911,0.0291502744636661,0.00628357141293685,0.0118241854019381,1.88176191927955,0.0568548319769153,42.5081777120909,24.9538629126087,74,18,0.756756756756757,0.00970873786407767,0.0211193057856523,0.865991397901773,0.151696606786427,1.85523228750228,0.0716444214792669,0.401197604790419,25.802546242392,-0.314431110238905,0.588822355289421,0.37052109373486,0.499407435129741,0.731057365787905
"YOR323C","PRO2",74,0.0648053273477804,0.0533966243972601,0.0674001884457228,0.108135778828992,0.130686286093787,1.20853881582021,0.636161197013002,16.8420399076422,15.9842595744768,74,0,1,0.736673974318822,0.0580807691291256,1.14293895629398,0.139720558882236,1.2660781684146,-0.446284764744042,0.67065868263473,19.1190653934013,-2.38495779524525,1,0.364953153801686,0.742071412730095,1
"YLR225C","YLR225C",74,0.00553004413977443,0.00193202333924192,0.0414240517935101,0.035346242766851,0.0578077792387179,1.63547168563365,0.256621414390905,53.4227011722387,22.2078042303238,74,0,1,0.172752896962105,0.036508172621564,0.641619982123619,0.209580838323353,1.55823528972184,0.391850410950651,0.303393213572854,22.378912471351,-0.099235648367256,0.499001996007984,0.419161676646707,0.413167966062178,0.644656632680585
"YHR108W","GGA2",74,0.0357795014840109,0.0307267961703814,0.0517668020838575,0.107840930937412,0.130665109655911,1.21164671447195,0.704841025465832,48.2837885204771,17.7226800272281,74,0,1,0.624866896335734,0.048758799769628,0.397110412922861,0.279441117764471,1.17363646761049,0.356389519665878,0.321357285429142,17.2533960977082,0.398321218433168,0.331337325349301,0.478755750148449,0.427879616810946,0.49025641025641
"YHR146W","CRP1",74,0.0605061210414833,0.0550350819340133,0.0574721983015922,0.280309107632679,0.214625749955101,0.76567526388172,1.58785294716497,56.3881348948456,11.0794951193214,74,0,1,0.60632633886627,0.0547606769239821,0.353680193456829,0.345309381237525,0.558454734143534,4.32229065390067,0.00199600798403194,11.494427308723,-0.627705162011027,0.734530938123752,0.525662051692793,0.0100430717512344,0.835966162912271
"YPL133C","RDS2",73,0.011669309634572,0.00507808589832692,0.0496350277714793,0.028071417737456,0.0583871219464272,2.07994916724568,0.360513708626762,45.0095325035653,21.9737787948301,74,1,0.986486486486487,0.0980895709364234,0.033901872510024,2.17757674500599,0.0259481037924152,1.50282889534042,3.00013531388573,0.0159680638722555,20.9280364580596,0.652306659847568,0.253493013972056,0.149436067623789,0.0454329436365365,0.405249701266364
"YNL176C","TDA7",74,0.0292459296856929,0.0194257288480029,0.0425547145475778,0.0962886340774273,0.117078356396301,1.21591045005537,0.635754456019541,50.9934705139651,16.3615192391008,74,0,1,0.176010021922956,0.0386474001053331,0.500197525805746,0.261477045908184,0.977394940447854,2.77232948894006,0.00998003992015968,16.1663916043087,0.187056841440046,0.425149700598802,0.46987228550418,0.0315924442505717,0.583969991052378
"YIL131C","FKH1",74,0.0989593248876774,0.0912782384395688,0.0667686510958546,0.261503292635355,0.10680299454366,0.408419310775519,0.612042505058334,48.7556939118216,8.98506502165148,74,0,1,0.23344816786721,0.0506289696215387,2.1795912069575,0.0379241516966068,0.359452555380296,1.26515398198359,0.117764471057884,8.39442989639194,0.983698909781589,0.155688622754491,0.186883964030702,0.206195667273512,0.307517197010937
"YGL101W","YGK1",74,0.0622738015918992,0.0554728539561722,0.057332385923123,0.239701943288955,0.141627312540435,0.590847577608943,0.507104310799873,48.9369157530287,12.7531678806967,74,0,1,0.514876291888506,0.0505815527222372,0.85699921108914,0.189620758483034,0.496769982250899,2.03604012920035,0.0199600798403194,11.2330063140632,2.16692065114556,0.0199600798403194,0.395802281899084,0.053903492450128,0.0751253398714382
"YDR130C","FIN1",74,0.0184938976298125,0.0137199822047736,0.0415762465340089,0.0540530888928178,0.052416745986267,0.969727115691843,0.214108386619806,39.9840106630153,14.2169279648299,74,0,1,0.0934544315690573,0.0371990022355701,0.615705290934581,0.219560878243513,0.770586166614147,2.61524601353831,0.0179640718562874,12.0204396803859,2.22116473180618,0.0159680638722555,0.430504843970595,0.0487887860642352,0.0652370472729754
"YKR041W","YKR041W",73,0.0175684234594143,0.0132951186504932,0.0325214240851711,0.0414786284780897,0.0425073329950846,1.0248008324947,0.183638958397837,66.6681285745416,15.0308516389435,74,1,0.986486486486487,0.0907610397745067,0.0364252303336611,-0.523317830749338,0.696606786427146,1.04566111894604,-0.176675019517907,0.522954091816367,14.8595068899077,0.161902145767102,0.44311377245509,0.789047497422217,0.609687941190789,0.596643333052205
"YMR278W","PRM15",74,0.00442096138496539,0.0014144784246371,0.0394258791548078,0.0228998592293739,0.0401527322675426,1.75340520067645,0.203690048216379,6.03635605096909,27.7075827184391,74,0,1,0.0786720952082681,0.0347452833683525,0.543456994536402,0.231536926147705,1.74231091097682,0.0425845527970837,0.407185628742515,26.9821485639588,0.270053966857626,0.345309381237525,0.440934863341047,0.504235053209643,0.503225256803466
"YKL069W","YKL069W",74,0.0295909368383447,0.0212754996468328,0.0455717778549718,0.103918070949724,0.0878013933929766,0.844909769692083,0.459534605898327,50.8218178757256,12.921921038117,74,0,1,0.193423113059818,0.0406401593762184,0.669994914504454,0.227544910179641,0.773930143330403,1.04640906215607,0.139720558882236,13.0366410851843,-0.12919149321774,0.530938123752495,0.436813120746459,0.237674117956258,0.676769128409847
"YIL050W","PCL7",74,0.0117904487999707,0.00813871670539373,0.0333593211183091,0.0486603627305694,0.0559472056868942,1.14974904722087,0.232390691551139,47.9408245635087,20.1518938806532,74,0,1,0.155903538991544,0.0360974753675115,-0.357418742597564,0.600798403193613,1.17734529551793,-0.227856335808825,0.536926147704591,17.6066146705865,2.31247869595829,0.00998003992015968,0.73636317109371,0.621430262960761,0.0472322681369933
"YJL137C","GLG2",73,0.0207599773187209,0.0146107379116511,0.039418017859399,0.0617547447724987,0.0559114681467179,0.905379308953389,0.259793047866817,53.7861968049852,14.3782860875578,74,1,0.986486486486487,0.096836830566865,0.0381478459167492,0.161780486621115,0.359281437125749,0.832732503564697,0.815483336536589,0.179640718562874,13.1055054118464,1.32830573108623,0.101796407185629,0.538359018639836,0.281535290075587,0.238522954091816
"YOL114C","PTH4",71,-0.00309735288571197,-0.00132017505829407,0.0276920765200463,0.0128471517701682,0.0221083264568368,1.720873766602,0.140175871682212,63.1263710844391,23.8772076724048,74,3,0.959459459459459,0.033886626996555,0.026479324806145,0.159699810868817,0.313373253493014,1.71175775018489,0.0332569543576431,0.401197604790419,23.1549979438831,0.404640938194204,0.31936127744511,0.500818960086472,0.499407435129741,0.484570291593469
"YIL072W","HOP1",37,-0.000281060553239287,-0.00184356121134943,0.0130901881175267,0.00424805305398886,0.00653276288708194,1.53782516462401,0.0229971184102146,45.0327761418053,30.8560652666001,74,37,0.5,0.0048856874412778,0.0158469325487668,-0.373338522417826,0.592814371257485,1.96922143787118,-0.928123682262164,0.868263473053892,26.3862133940649,1.66356749511115,0.06187624750499,0.730322859435768,0.910153377455615,0.170964429522458
"YOR332W","VMA4",74,0.104321620232515,0.0620799428205062,0.119871964640356,0.128492034837281,0.144411807259869,1.12389695939323,0.62542361552988,41.1715421797114,17.0966121126376,74,0,1,0.969370497964297,0.0905908494954829,2.47542867092857,0.00798403193612774,1.39125020861173,-1.78789258667488,0.978043912175649,15.5148509593922,1.10061488609226,0.139720558882236,0.0669538116748958,0.998942286367436,0.29421333544365
"YLR142W","PUT1",66,-0.000828659839885753,-0.0031913303370309,0.0344304436351843,0.017630651833879,0.046345902383997,2.62871179243293,0.282972513839821,32.6105283727976,25.9989740262501,74,8,0.891891891891892,0.018916379580332,0.0308435019362688,0.351468243485715,0.269461077844311,1.94387130438835,1.45987788828484,0.0838323353293413,30.9254307326438,-1.39529359635734,0.960079840319361,0.475311195790238,0.162234235981478,1
"YML065W","ORC1",74,0.0216996533953222,0.0117056042767942,0.0463808308431083,0.0812495918497365,0.114998689292028,1.41537559357476,0.712775174804628,53.7368599959667,19.9058535847805,74,0,1,0.231255872220482,0.0387682459464211,0.988998564047335,0.153692614770459,1.13273077667796,2.563060017896,0.0159680638722555,17.72374002184,1.93007746795271,0.0439121756487026,0.37052109373486,0.0454329436365365,0.135419483613418
"YJR110W","YMR1",70,0.00995640945938242,0.00198430566955898,0.0415077593254951,0.0207234475498784,0.0364112137757798,1.75700561830473,0.239824981745265,53.3459823058013,24.6464721358928,74,4,0.945945945945946,0.0341371750704666,0.0280460397591503,1.53458116754856,0.0798403193612774,1.75622721601811,0.0027498354665218,0.417165668662675,24.6473583548307,-0.000375711032277225,0.465069860279441,0.268758258131624,0.508686708216221,0.612406041910669
"YOR337W","TEA1",74,0.00915600428358108,0.0018860975565797,0.0332471381414501,0.022025196025874,0.0368976898647305,1.67524910204591,0.196150529532675,82.4349341888505,19.8640703161815,74,0,1,0.106608205449421,0.0378644367756078,-0.574319036713164,0.688622754491018,1.51617633289905,0.849556115062275,0.167664670658683,20.5089588250636,-0.363109488985283,0.6187624750499,0.785588727080445,0.268938632801511,0.758380674548339
"YBR133C","HSL7",74,0.0118673248932208,0.0104251408532512,0.0383918075300318,0.0622621198951644,0.075146162448701,1.20693228202365,0.298093711511052,53.6122285860338,15.6973652090754,74,0,1,0.199874725963044,0.0383057599113465,0.0105923326598911,0.42315369261477,1.18464922013165,0.206001196820848,0.415169660678643,16.448068458607,-0.604869127813775,0.732534930139721,0.600200193085639,0.507547564717113,0.835966162912271
"YDR089W","VTC5",74,0.0221659394487782,0.0170564426469471,0.0505711640469963,0.0827443836263898,0.0765667975660497,0.925341324817485,0.285072808429289,51.436312101858,14.977398844221,74,0,1,0.152959599123082,0.0402004956353586,1.43213170420634,0.0778443113772455,0.747301182837042,2.80220983747344,0.00998003992015968,14.1435984625821,0.973744265749625,0.173652694610778,0.265782720273738,0.0315924442505717,0.330701147505785
"YMR183C","SSO2",74,0.0881781541236003,0.0929185878650711,0.0690365141925492,0.307636547974632,0.177501571353807,0.576984667531907,0.90635366722117,67.9711174651317,10.8112959383651,74,0,1,0.700720325712496,0.0618967804058213,0.891918355103727,0.181636726546906,0.430357190862875,3.3950009919965,0.00399201596806387,9.85832822058962,1.07270260763249,0.143712574850299,0.389337916096059,0.0160351565776011,0.29867222077584
"YLR437C","DIF1",74,0.159914850735084,0.157714701390184,0.0820919803585534,0.55147509984364,0.196689064169197,0.356659918507589,0.95612320429224,56.5958999248999,7.41625181437826,74,0,1,0.672157845286564,0.0632165284157567,2.51364581155508,0.0159680638722555,0.296714263905719,1.61561424706047,0.0538922155688623,10.3220716918721,-5.37568164180021,1,0.117426685091356,0.116563253583331,1
"YDR011W","SNQ2",74,0.0747021268456702,0.0534658436928753,0.0988901238573584,0.248185748603658,0.188640909943215,0.760079541249028,0.75154850283361,68.3263425610895,12.6114434283359,74,0,1,0.622799874725963,0.0566320774262067,5.33793008105149,0.00199600798403194,0.574550737828272,3.65845076460336,0.00199600798403194,10.6180209068265,2.42955957982249,0.0119760479041916,0.029815369261477,0.0100430717512344,0.0535004756841457
"YMR002W","MIX17",74,0.169485484465762,0.157055270595748,0.107224886051213,0.462056606775007,0.213486950628781,0.46203635549948,0.879250787908906,64.8203701610395,12.0229621312969,74,0,1,0.939931099279674,0.0744720619894686,3.48392042725998,0.00199600798403194,0.366143186806712,2.48836818181411,0.0139720558882236,10.0227197855577,2.15262499977516,0.0179640718562874,0.029815369261477,0.0409732681875513,0.0686946107784431
"YLR099C","ICT1",74,0.0106289697546813,0.00162388771456601,0.041107814329067,0.0283673762439009,0.0497594370859345,1.75410784057384,0.246214459745949,53.7581042503138,26.2913748022717,74,0,1,0.143313498277482,0.036740247544035,0.54620973698425,0.239520958083832,1.71888517396216,0.147873986505387,0.385229540918164,27.1870198038333,-0.313513136326251,0.57684630738523,0.450752039228629,0.487142117880641,0.718053476380572
"YML072C","TCB3",74,0.0503329205580844,0.0407542952230813,0.0569979900732955,0.276547614134815,0.17011951616831,0.615154524838454,0.67403594665431,57.1565196181265,10.750757327853,74,0,1,0.626432821797682,0.0541230650156242,0.317381290718015,0.339321357285429,0.513065118274364,2.05234631004381,0.0219560878243513,9.23958262697293,1.95819773083467,0.0359281437125748,0.521245049836429,0.0579834805527067,0.112984557201387
"YOL030W","GAS5",74,0.0380831882283712,0.0329460055919157,0.0450157184463158,0.11416247719461,0.112745925365264,0.987591791417322,0.507695713830322,64.2633891683677,14.0693408836249,74,0,1,0.301847792045099,0.0443922120872535,0.0860202493940673,0.419161676646707,0.766082336948499,3.41222522044917,0.00598802395209581,15.7046751779797,-2.07328294840253,0.988023952095808,0.596307385229541,0.0216839049174379,1
"YOR152C","ATG40",73,0.0101000070589531,0.00101958954451808,0.0420229426481802,0.0285026298951252,0.0372420539860776,1.30661816552048,0.165905236996496,60.5394477357857,16.1723556252041,74,1,0.986486486486487,0.0686501722518008,0.0334951974174349,1.14277225870935,0.115768463073852,1.25257340695412,0.363955626455155,0.301397205588822,16.6269099709201,-0.387930825029721,0.62874251497006,0.329189574068238,0.413167966062178,0.762789142527128
"YLL032C","YLL032C",74,0.0222193562129966,0.015434779292762,0.0368871618193666,0.0594009493736863,0.0581064879393808,0.978208068255573,0.291137806758749,57.4542239451651,13.5346932074817,74,0,1,0.0942060757907924,0.0360601982394477,0.114389866286677,0.37125748502994,0.855326264541808,1.38270045379105,0.0798403193612774,14.0440318793291,-0.570598716988448,0.712574850299401,0.542694427658445,0.157052150842348,0.828736687209522
"YGR138C","TPO2",74,0.0195470053625069,0.012007049704899,0.0479396862816183,0.0548717476299194,0.0601029322504901,1.09533475507017,0.233138868072651,47.2766941538289,24.1578816120841,74,0,1,0.120889445662386,0.0366864332816105,1.54600102745374,0.0778443113772455,1.07949987212171,0.152463847122483,0.409181636726547,17.0146766241877,6.74873734244451,0.00199600798403194,0.265782720273738,0.505397473786278,0.0164498589028839
"YPL155C","KIP2",74,0.0199347354335418,0.0146195021294852,0.0363631982109122,0.0520186434884604,0.0476287702245293,0.915609616677049,0.217413225733364,66.7480418986216,14.9725583609646,74,0,1,0.118822424052615,0.0389326440304518,-0.333875669110283,0.588822355289421,0.955350204243046,-0.445232982530658,0.650698602794411,14.7536338761442,0.199631455720887,0.421157684630739,0.727279291546107,0.721656455071296,0.580153813410643
"YPL141C","FRK1",74,0.0847976047984391,0.0721286800898773,0.0636266404367467,0.15881588580044,0.0879815039321226,0.553984278642475,0.588825736016366,70.1772564855788,6.89185520105695,74,0,1,0.121954274976511,0.0537276727167232,1.16816884310454,0.125748502994012,0.405282199678035,3.24254865261947,0.00998003992015968,7.80343901534873,-1.1710344240825,0.882235528942116,0.349463862971731,0.0315924442505717,0.954091816367265
"YML058W","SML1",74,0.534662085978347,0.551960163279345,0.122036818423389,1.76070576385006,0.467435013661157,0.265481617234577,2.60457662053167,67.1494243022579,3.91560021891297,74,0,1,0.720388349514563,0.0701474255461158,6.69276778619735,0.00199600798403194,0.0871573122212177,15.4841686414294,0.00199600798403194,3.0755020076471,1.74150121894206,0.0479041916167665,0.029815369261477,0.0100430717512344,0.144013859074304
"YKL004W","AUR1",74,0.0279890597462537,0.0199993780366721,0.0500469680174736,0.105969919228659,0.126158347139504,1.19051093043944,0.632721881892424,62.1712458118462,16.1828682468367,74,0,1,0.536047604134043,0.0470390317134716,0.378729412068033,0.315369261477046,1.07142829002465,1.21601456053975,0.103792415169661,15.7757579530766,0.363439540323247,0.353293413173653,0.500818960086472,0.187927175951128,0.507129884375393
"YKL183W","LOT5",74,0.0662743613438846,0.0651698602158445,0.0603566537402576,0.185757808422786,0.110953355030982,0.597301163127696,0.429354463541226,69.9751318878698,15.7677895597581,74,0,1,0.374005637331663,0.0533312426119365,0.865410847204482,0.179640718562874,0.493476489361161,2.08125120432229,0.0219560878243513,14.3655584214929,2.21205297565502,0.0239520958083832,0.386793979608351,0.0579834805527067,0.0829645057710666
"YCR002C","CDC10",74,0.0313223926258178,0.0206391062878389,0.0508245687460953,0.07504370392413,0.0827988490350956,1.10334171563288,0.333511082912993,65.7648983357809,21.3477799589222,74,0,1,0.54487942373943,0.0473936999526523,0.419422075623656,0.283433133732535,1.30623783037659,-1.63159518485444,0.968063872255489,20.3086740834411,0.820277020753699,0.18562874251497,0.483860849729113,0.990866233272214,0.346603667664671
"YKR039W","GAP1",48,-0.000741930978171298,-0.00254292929914379,0.0242660262279911,0.00376709317420693,0.00678533929893767,1.80121355781601,0.0353374160051279,7.04833189217272,33.406861137058,74,26,0.648648648648649,0.0103977450673348,0.0217344557191723,0.288891295944682,0.287425149700599,1.92294422934519,-0.300526720751875,0.538922155688623,29.9354454526869,1.04590064320007,0.137724550898204,0.485474281119739,0.622233793282999,0.293894354148845
"YPR111W","DBF20",74,0.0119962536357365,0.00405970852748949,0.0410604252141476,0.0385261638256688,0.0499076820821536,1.2954230872294,0.208486480436634,58.4391886356201,23.5750911379931,74,0,1,0.119198246163483,0.0355944337277329,0.721975322728301,0.18562874251497,1.39134240156443,-0.613937215580285,0.712574850299401,20.5615723334276,2.20317716957147,0.0219560878243513,0.394357950765136,0.781217381750261,0.0801145800003047
"YNL037C","IDH1",74,0.0602466483411408,0.05382105866217,0.0612068735334187,0.293781123212017,0.220668296266051,0.751131637912617,1.236485727203,51.1936717340228,14.6107992444235,74,0,1,0.633886626996555,0.0551966301794186,0.813413308941659,0.199600798403194,0.510324748051683,5.27841019020658,0.00199600798403194,11.2551436046844,4.99909227580311,0.00199600798403194,0.405996517603092,0.0100430717512344,0.0164498589028839
"YIL158W","AIM20",74,0.312488510768205,0.337020670244727,0.116284844180413,0.661668920280419,0.218388688466003,0.33005734706936,1.13878114869143,73.0656235696677,5.12219672385093,74,0,1,0.393485750078296,0.0807659959507014,4.07389635228872,0.00199600798403194,0.156789769271446,7.52026396437989,0.00199600798403194,2.74850317907876,4.07542643767624,0.00199600798403194,0.029815369261477,0.0100430717512344,0.0164498589028839
"YOR105W","YOR105W",42,-0.00295388562767751,-0.00486034432772842,0.008782329289172,0.00387774476195583,0.00707902837820868,1.82555294707902,0.0343438632320835,73.9514108362597,21.1327943331844,74,32,0.567567567567568,0.00450986533041027,0.0140044837844867,-0.743515154264845,0.852295409181637,1.82034253659864,0.0122490741033513,0.379241516966068,22.9118574331866,-0.87801575864991,0.818363273453094,0.89945219692773,0.483406520292748,0.905503807200414
"YBR242W","YBR242W",74,0.0606422784482224,0.0494799454575937,0.0589373768445083,0.199449232419911,0.145409089693625,0.729053142643777,0.674925801589425,71.780983216531,9.80584386465829,74,0,1,0.511493892890698,0.0533560865569377,0.749637406685352,0.213572854291417,0.594479939411948,2.65898592487633,0.0139720558882236,11.4692520181204,-1.73435066256012,0.962075848303393,0.423600930918247,0.0409732681875513,1
"YKR046C","PLN1",74,0.0737999034058811,0.0661266487556564,0.0750598039058302,0.28585151867059,0.183923788434946,0.643424212998135,0.679932488068925,71.5159625404373,14.8148492547797,74,0,1,0.640400876918259,0.05267002286967,2.60945375778704,0.0179640718562874,0.530366621325701,2.26932261694884,0.0139720558882236,13.407058719322,1.63944847200952,0.0518962075848303,0.120941216159231,0.0409732681875513,0.14854124087155
"YOL069W","NUF2",74,0.015110427899035,0.0115522908056411,0.0329298478745867,0.0497220315669672,0.0542739553681802,1.09154742189249,0.334880329139058,67.9184164548815,14.3825711081435,74,0,1,0.0640776699029126,0.0371955169396626,-0.556069089394747,0.692614770459082,0.874267041124844,2.35780198526755,0.0339321357285429,13.7461171811029,0.647854360275479,0.24750499001996,0.788261572093907,0.0823327963362615,0.40427619337596
"YGL021W","ALK1",74,0.114813065656762,0.106022085919136,0.0697877014102914,0.236259617792889,0.0870172304762936,0.368311907422855,0.503002514290232,68.0581142636884,6.75552006260461,74,0,1,0.178578139680551,0.0589576076152962,1.31555929627951,0.0978043912175649,0.319454054537993,1.30192166825037,0.0918163672654691,6.38219776633141,0.506700686840809,0.291417165668663,0.297773878993605,0.17415961727339,0.452264302563704
"YOR129C","AFI1",74,0.0169506804037313,0.00409215921821843,0.075977268198034,0.0354575542305568,0.0640965253126011,1.80769730748557,0.468448541198279,60.7483972053412,19.2481986093961,74,0,1,0.105167554024428,0.03707647630579,4.41417790297709,0.00598802395209581,1.42220486461437,2.29757963088111,0.031936127744511,20.6270925475546,-0.964300789074355,0.834331337325349,0.0561230480216039,0.0782844567275705,0.918917924519624
"YOL014W","YOL014W",74,0.105602683173951,0.0973841377267527,0.080343503024804,0.303661679947018,0.188923864993088,0.622152472534734,0.643363158349633,78.660379339073,11.2671339150056,74,0,1,0.726714688380833,0.0696133905683006,1.35518748617433,0.0898203592814371,0.544442511652585,1.6442612463423,0.0479041916167665,7.98952317282687,3.59279938694254,0.00199600798403194,0.284331998255145,0.106010201818585,0.0164498589028839
"YJR092W","BUD4",74,0.134696308294955,0.135715090423912,0.0579246879901484,0.297289111881233,0.0935679390463756,0.314737187831339,0.688327381303777,69.7461977975595,7.7124977353022,74,0,1,0.239210773567178,0.0611588535085587,-0.372119511823542,0.610778443113772,0.271779129504024,1.34147038486595,0.093812375249501,7.45212770132218,0.454071847768122,0.341317365269461,0.744775754613223,0.175852217134359,0.49892874800857
"YML120C","NDI1",73,0.018901759238099,0.0110081344732783,0.0433633405583641,0.0505482169295834,0.0842712920072909,1.66714667947013,0.438358116362557,58.5482360287642,23.039665685259,74,1,0.986486486486487,0.257438145944253,0.0384034109754843,0.629066800940259,0.221556886227545,1.44157880522002,1.4261131161063,0.0838323353293413,19.7631022492253,2.13933237936306,0.0219560878243513,0.430504843970595,0.162234235981478,0.0801145800003047
"YBR086C","IST2",74,0.064622264682127,0.0699902369458344,0.0521820996436687,0.298296326485063,0.148176470382516,0.49674252488636,0.895041338639015,57.3608955504411,12.1339304481144,74,0,1,0.465518321327905,0.0525836386019138,-0.0476095219451911,0.447105788423154,0.439258514769988,1.24126132622505,0.101796407185629,9.63393950702098,3.65185760368741,0.00399201596806387,0.624902242299028,0.185720162727979,0.0265025504546463
"YOR298W","MUM3",58,0.00154728662536073,-0.00375435241102895,0.0451459483591444,0.011112462636545,0.0225406174949967,2.02840884439678,0.12801425422746,46.1747795442186,16.5871959044225,74,16,0.783783783783784,0.0124021296586282,0.021546609355045,2.91134711125737,0.0179640718562874,1.4968083130239,2.12825646218431,0.0379241516966068,17.2951147496599,-0.569634796562821,0.728542914171657,0.120941216159231,0.0892992340442268,0.835116338067271
"YGR035C","YGR035C",74,0.0515718847696704,0.0334931856390551,0.0843686187485605,0.153088437174978,0.129719393424584,0.847349387180147,0.650517131754704,71.8913652985855,13.3719338306618,74,0,1,0.297839022862512,0.0504560153303267,4.09090672981491,0.00199600798403194,0.693101284539856,2.37558501646567,0.0179640718562874,10.4948547520549,2.81595393828123,0.00399201596806387,0.029815369261477,0.0487887860642352,0.0265025504546463
"YNL172W","APC1",74,-0.0012975269453921,-0.00183693420583153,0.0253912151702445,0.0190087109264483,0.0394870404786066,2.07731290308936,0.270512210856888,67.975685872511,24.1413595107941,74,0,1,0.0510491700595052,0.0294623051381466,-0.526733813987512,0.70059880239521,1.57506624798159,2.07569639040948,0.0359281437125748,21.7256754037649,1.47361255520632,0.0678642714570858,0.789826008360637,0.0862997622844763,0.180217343091595
"YHR137W","ARO9",73,0.0148734726578644,0.00720883915713832,0.0298413675561579,0.0710648156779708,0.130063017764571,1.83020270331734,0.551142389415028,73.0175842910209,19.1935046458459,74,1,0.986486486486487,0.158471656749139,0.0369143452827801,-0.896304214645043,0.86626746506986,1.22942835911827,4.6754428794597,0.00199600798403194,20.0008963028102,-0.648054775397593,0.712574850299401,0.904095738653697,0.0100430717512344,0.828736687209522
"YFR039C","OSW7",74,0.0191345627699553,0.0137880255144845,0.0431553388086971,0.0467937915743774,0.058750471667144,1.25551851411232,0.236840701492518,68.9618879639028,19.3935269182972,74,0,1,0.186971500156593,0.0395132155303059,0.46482847616892,0.25748502994012,1.35590924191305,-0.705679502477067,0.746506986027944,18.8766668265354,0.353840413636304,0.341317365269461,0.464444695514631,0.807308460003071,0.49892874800857
"YOR315W","SFG1",74,0.20278726959591,0.22008617672499,0.0968603375732709,0.463385545658658,0.129897973584246,0.280323749416069,0.647671124893877,66.4510762733989,6.6609548389284,74,0,1,0.321954274976511,0.0700088457230025,3.26242049243535,0.00199600798403194,0.197839397595372,2.9993858313436,0.00399201596806387,5.15332767183661,2.97252825954977,0.00798403193612774,0.029815369261477,0.0160351565776011,0.0410362071555813
"YJL051W","IRC8",73,0.102879578592774,0.0907772851118075,0.0775584310189294,0.163605118614823,0.0864081207366223,0.52815047272484,0.422001403762507,73.6216444379134,6.84755479979274,74,1,0.986486486486487,0.108362041966802,0.0573355095657329,2.23557766032121,0.0399201596806387,0.397674643253899,2.99504805470986,0.00399201596806387,6.21268991952716,0.848434398401651,0.193612774451098,0.18707682673868,0.0160351565776011,0.355949639183172
"YML052W","SUR7",74,0.421692534499492,0.44597987254141,0.110730780321354,1.04242818104377,0.219818906844956,0.210871991799814,1.43904938794136,69.3878037868377,3.92815655942602,74,0,1,0.504729094895083,0.0742251287137856,4.54547693134702,0.00199600798403194,0.107221269767101,7.06709638361628,0.00199600798403194,3.14407315038864,1.53690610231454,0.0838323353293413,0.029815369261477,0.0100430717512344,0.210904506775922
"YLR353W","BUD8",74,0.030948627845244,0.0247043477653828,0.0407901366205369,0.0833417007785695,0.0666529272017688,0.799754823564963,0.355101125676314,63.7365971039237,16.1386417214373,74,0,1,0.14036955840902,0.041026114044091,-0.0295146637756309,0.449101796407186,0.782125947412064,0.25628267730838,0.345309381237525,15.4523775471258,0.843532903858174,0.199600798403194,0.625861978666574,0.448526859324829,0.362772553751812
"YGR279C","SCW4",74,0.322610046597473,0.317784654016639,0.137611218020952,0.941754498945253,0.328446195600815,0.348759890150425,1.47551324817645,71.6794229609109,6.04686708971612,74,0,1,0.818540557469464,0.0791921139257289,7.15068219932226,0.00199600798403194,0.160871780541692,8.3466639998611,0.00199600798403194,3.18565297508989,3.22553742582009,0.00199600798403194,0.029815369261477,0.0100430717512344,0.0164498589028839
"YPL265W","DIP5",73,0.0158169374011056,0.011460246634469,0.0380897758337158,0.0440258765898323,0.0862410496971635,1.9588718357758,0.599848980569505,0.625161203773907,21.2534245590348,74,1,0.986486486486487,0.177951769495772,0.0399355428353909,-0.212291519313821,0.502994011976048,1.47459318345968,2.86782139418277,0.0139720558882236,20.0789820612312,0.726377025189486,0.235528942115768,0.657549765334196,0.0409732681875513,0.390912619206032
"YPR013C","CMR3",73,0.0197474130853002,0.0128299278405253,0.0446493967422615,0.0667986971775065,0.0852930702262429,1.27686727182105,0.451811737661478,56.4350303878181,19.632324307268,74,1,0.986486486486487,0.130974005637332,0.0367173995676057,1.03437403912562,0.129740518962076,1.11475226818348,1.45416745195331,0.0718562874251497,18.4317566189248,1.12008411052488,0.121756487025948,0.351788044023685,0.143712574850299,0.270695817666992
"YGR240C","PFK1",74,0.0708825720198601,0.053165133374509,0.092399365539267,0.190992052725725,0.165992009862924,0.86910427682191,0.720785965624755,62.6006674723159,12.9302310319021,74,0,1,0.856749138740996,0.0627640062386341,3.45556471592826,0.00399201596806387,0.792397693886745,1.1666376511176,0.115768463073852,13.3515595286349,-0.436403666792635,0.676646706586826,0.0454329436365365,0.204953056849264,0.802948558328887
"YIL056W","VHR1",74,0.0321776508061109,0.0303901944562343,0.0533702085818191,0.10757703242592,0.146994811249133,1.36641444678591,0.996229926250547,66.3577738620836,13.2591802379152,74,0,1,0.239899780770435,0.0422615308028383,1.33955201808636,0.0878243512974052,0.908724171291867,5.49374703632799,0.00199600798403194,14.3917905618658,-1.11454332469816,0.872255489021956,0.281745234363488,0.0100430717512344,0.945437922341258
"YLR131C","ACE2",74,0.0660477240666776,0.060516825213402,0.055974641898042,0.127104590706877,0.0726811757726725,0.571821799420972,0.398135284608655,71.7420994841732,8.74035458956967,74,0,1,0.115753210147197,0.0495747804814174,0.817441717948996,0.191616766467066,0.459315961359837,2.26480759326864,0.0179640718562874,8.51627970699563,0.310382091646444,0.363273453093812,0.396505689918864,0.0487887860642352,0.518342419638335
"YOR025W","HST3",74,0.200023399676332,0.206521490235326,0.0801747454685215,0.386376158162572,0.119553748277845,0.309423202628205,0.82614735058057,70.9629410681361,5.0592127746305,74,0,1,0.259442530535547,0.0726474784791909,0.86622378099064,0.17564870259481,0.224900048621164,2.87972168899911,0.0119760479041916,4.15903473699004,1.62344937880102,0.0518962075848303,0.386793979608351,0.0369325864400232,0.14854124087155
"YHR023W","MYO1",74,0.141782564966599,0.138879965238255,0.0754621284106553,0.346704616291707,0.123718776438388,0.356842022358001,0.653405672097931,73.4905229989371,6.65629335525331,74,0,1,0.28343250861259,0.0662819675585983,1.10151332986615,0.147704590818363,0.269725748735519,2.49829585350972,0.00798403193612774,6.33799324331109,0.498987052181961,0.321357285429142,0.37052109373486,0.0265025504546463,0.484570291593469
"YPR128C","ANT1",74,0.0199600037701589,0.0172165911511815,0.0321258859417948,0.0645622081234485,0.0890661456893469,1.37953995500037,0.425911632286726,73.3540430169446,15.9656090503339,74,0,1,0.390980269339179,0.0441100995292037,-1.68961945333728,0.982035928143713,1.35525902549022,0.166857389336131,0.413173652694611,18.1770521448006,-1.61046816916801,0.950099800399202,0.99241685761669,0.506402579456472,1
"YOR258W","HNT3",74,0.00892336398261783,0.00478263218673519,0.0340693118043413,0.0265429727538887,0.037779774932953,1.42334377099558,0.170760073551889,31.7715257510148,27.5885397552753,74,0,1,0.0997807704353273,0.0348203860091132,-0.0933780954091933,0.473053892215569,1.69423003283623,-1.23646671303333,0.906187624750499,25.8135760407252,0.740476720493282,0.211576846307385,0.636957071771949,0.939604521975572,0.370453232728682
"YKL172W","EBP2",74,0.0923383011057327,0.0811250083277535,0.072815916158568,0.156032137013149,0.141303327698259,0.905604001862462,0.488670328481954,1.45501685359257,18.861680384641,74,0,1,0.852051362355152,0.0733851950762691,-0.0631565178454835,0.49500998003992,0.890363366115948,0.211983718165682,0.411177644710579,17.8235941533765,1.0217429286448,0.131736526946108,0.657088027801147,0.506402579456472,0.28622754491018
"YJR003C","MRX12",74,0.0532540572754681,0.0535733629828931,0.0488937549877581,0.147429652079223,0.119515781912271,0.810663121202018,0.633347094101841,78.2225540185546,13.4300992590784,74,0,1,0.421233949264015,0.0530169141891573,-0.504315236559593,0.658682634730539,0.701231887019093,1.83778064100744,0.0439121756487026,12.2798041811632,0.960239735400257,0.167664670658683,0.766059122630651,0.0994787675833168,0.320574850299401
"YPR156C","TPO3",74,0.138454552561864,0.133422915313349,0.0636753001868746,0.265700718185563,0.101548895066689,0.382192775993056,0.492571078132245,75.3489672830669,7.37422806394757,74,0,1,0.222048230504228,0.0678269589267449,-0.435720349227253,0.640718562874252,0.291180785126148,2.67453789486982,0.00399201596806387,5.81983420992969,2.0205863850373,0.0279441117764471,0.761849435457443,0.0160351565776011,0.0947325207740547
"YPR119W","CLB2",74,0.0540921562002997,0.0467658180179666,0.047984740695278,0.0909985166513813,0.0486055463316909,0.534135589461315,0.227171921445105,70.6356596879672,8.45181188340658,74,0,1,0.0823050422799875,0.0455499384078418,0.337136699840239,0.329341317365269,0.488349192755696,0.832249537668352,0.181636726546906,8.67813180994579,-0.345948559898398,0.62874251497006,0.511120615911035,0.282808974884108,0.762789142527128
"YIL122W","POG1",74,0.0594693916288869,0.052171316136108,0.0454222438377578,0.0975979493277079,0.0853397496610821,0.874401052982516,0.614619102506739,80.6078433137189,9.39269277436722,74,0,1,0.112057626057,0.0524419751800141,-0.787141273074618,0.790419161676647,0.606516206206018,4.26362258947708,0.00199600798403194,8.8920202123531,0.476903439617141,0.321357285429142,0.858682634730539,0.0100430717512344,0.484570291593469
"YIL106W","MOB1",74,0.128471490170284,0.128073704569667,0.0779836063270178,0.298973037027108,0.127409438396337,0.426156952691303,0.658723196864033,73.0005401215876,8.89593138378569,74,0,1,0.26595678045725,0.0671028458325865,1.26158881057745,0.101796407185629,0.278486417430185,4.25185206456246,0.00199600798403194,5.45773797600877,4.98784486670538,0.00199600798403194,0.302227842451743,0.0100430717512344,0.0164498589028839
"YGL255W","ZRT1",72,0.00783270365625693,0.00132277194829344,0.0314483519414852,0.0431463190171975,0.0916891962526149,2.12507575017162,0.46449091133455,60.8176150669442,23.2994705805695,74,2,0.972972972972973,0.0852489821484497,0.0337673964098259,-0.266630077330734,0.530938123752495,1.74155823931735,1.44518557414167,0.093812375249501,29.7929190870159,-1.85063605945149,0.998003992015968,0.677506688750159,0.175852217134359,1
"YKL130C","SHE2",74,0.0450603104470624,0.0371956731250839,0.0567348492272153,0.155642502065364,0.117616978652588,0.755686763524227,0.503073405727665,68.8520048055234,13.464137815657,74,0,1,0.379267146883808,0.0503746490451148,0.836431572629816,0.189620758483034,0.586752052467849,3.17041505930458,0.00199600798403194,12.0280059687254,1.69183377496589,0.0499001996007984,0.395802281899084,0.0100430717512344,0.146333100669826
"YDR146C","SWI5",73,0.0658904430079426,0.0580940218110894,0.0448894704208075,0.118680319522014,0.0566366960916158,0.477220623602302,0.310913616681086,70.6358992936143,8.64246924364681,74,1,0.986486486486487,0.0859379893517069,0.047891675337695,-0.395271747622066,0.642714570858283,0.438582291307858,0.790814844673921,0.197604790419162,7.72107451690517,1.46543519942966,0.0718562874251497,0.762326463697914,0.303714115178004,0.188721458182536
"YBR138C","YBR138C",74,0.0412922160136834,0.0307566575074689,0.0579581393426306,0.064578019415134,0.0456008906291607,0.706136407436399,0.219889340545416,73.4527279569634,10.4187374104588,74,0,1,0.0636392107735672,0.044263776853766,1.66075016673073,0.0738522954091816,0.663075885880719,0.561810191518382,0.219560878243513,9.13575206290464,1.20253195024536,0.109780439121756,0.26149183115251,0.325931986957761,0.253502656522703
"YPR157W","TDA6",70,0.0122899268290087,0.00776187616279617,0.0320011653787525,0.0223649208373042,0.0330087871398297,1.47591790643729,0.225588899049253,80.8299128478364,12.2824240665479,74,4,0.945945945945946,0.0225493266520514,0.031417170391672,0.086297461711246,0.369261477045908,1.02111018511729,2.95085703331597,0.0179640718562874,11.2620083357109,0.924367607186969,0.183632734530938,0.541432472478356,0.0487887860642352,0.34422136119917
"YLR214W","FRE1",74,0.0528620025957644,0.0448021603748675,0.0574418913452105,0.156739036877416,0.142830394149854,0.911262420615483,0.5558917638874,75.3296274632174,14.1985963163298,74,0,1,0.489257751331037,0.0497589756779528,1.0027257872757,0.167664670658683,0.842327430569682,0.958113608235577,0.165668662674651,12.8551522102517,1.38293704415677,0.093812375249501,0.376261561384274,0.267532502562443,0.227625966341429
"YLR084C","RAX2",74,0.0240553941827725,0.01361862981329,0.0506092813849364,0.0649932530103356,0.0868595070229146,1.33643883018291,0.485137902381852,70.0549661764411,15.8209873595906,74,0,1,0.149577200125274,0.0399170734260831,1.29120517668566,0.101796407185629,1.18720926573803,1.26466492247783,0.11377245508982,15.0168699162176,0.586042687968444,0.267465069860279,0.302227842451743,0.202168154397525,0.424745193997387
"YHR029C","YHI9",74,0.0141207899047139,0.00179434502567216,0.0468097657233452,0.0343307596354885,0.0664277403060501,1.93493359923741,0.358928117091058,0.814647028606008,26.0541683394983,74,0,1,0.0979642968994676,0.03727890249494,1.07087137006569,0.131736526946108,1.76342195235314,0.601071666540664,0.215568862275449,28.6213369639707,-0.751776117537636,0.746506986027944,0.351788044023685,0.321002854104874,0.843570542130868
"YIL162W","SUC2",74,0.0270276421653431,0.0174891516670199,0.0622724883045814,0.0647614612878271,0.097756550791361,1.50948648852888,0.533670857366899,78.6233401898808,23.4532035552583,74,0,1,0.166238647040401,0.0410567586063436,2.51287341435193,0.0259481037924152,1.30603621025456,1.43009286146701,0.0698602794411178,23.0087097629583,0.294139135919868,0.353293413173653,0.149436067623789,0.140899635328499,0.507129884375393
"YPR138C","MEP3",74,0.0243739767350642,0.0188544501879409,0.044930037149531,0.0690774864872357,0.0747611203079576,1.08227910582375,0.421966571198164,7.58446803458892,13.2924722179684,74,0,1,0.202254932665205,0.0464942705559449,-0.168338219589821,0.50499001996008,1.05122220766831,0.314292241342337,0.341317365269461,12.3137013110869,0.750329478783115,0.223552894211577,0.657549765334196,0.445764209286345,0.384382314507675
"YOR104W","PIN2",74,0.025382416864901,0.0169868215897066,0.0493627607146197,0.079495682666722,0.0862070007348406,1.08442367991549,0.483888508850753,70.1366730185526,16.065585877631,74,0,1,0.192671468838083,0.0414117272224831,0.990454915082754,0.145708582834331,0.994925855563574,0.937526660993665,0.165668662674651,16.4066721035131,-0.324582760853325,0.620758483033932,0.368511653940796,0.267532502562443,0.758881214552991
"YDL048C","STP4",72,0.0124135749867251,0.00504779463424304,0.0450508576158185,0.0373034471999189,0.0610954196798573,1.63779554614433,0.364191282710549,59.3046785588716,26.3670995510943,74,2,0.972972972972973,0.165612276855622,0.0364989324755767,1.15253192618849,0.117764471057884,1.63000134713573,0.0384460955225194,0.449101796407186,23.9091304741181,1.23321175740172,0.11377245508982,0.329189574068238,0.539373514277977,0.260206859009254
"YOL132W","GAS4",31,-0.00291890929807218,-0.00388969989436028,0.00968016446850665,0.00325423241566254,0.00713261211853434,2.1917955473018,0.0270736849031712,59.1662171749323,25.0583001234545,74,43,0.418918918918919,0.00313185092389602,0.0133380237634097,-0.502979736640024,0.662674650698603,2.00498268041302,0.375084340449604,0.243512974051896,27.3320350393391,-0.766980381869834,0.770459081836327,0.766969692576107,0.350600004809658,0.864505730323391
"YOR256C","TRE2",74,0.0105194596667388,0.00751839425180911,0.0369290723121601,0.0342343987624194,0.0478520520613421,1.3977769083496,0.223598965440973,11.8547965642953,23.6815683512136,74,0,1,0.13253993109928,0.0378001513413389,-0.115115799202953,0.471057884231537,1.47937962012013,-0.502727225973979,0.674650698602794,20.5628163288919,1.95343911670867,0.0339321357285429,0.636957071771949,0.744764512545348,0.108130405854957
"YNL111C","CYB5",74,0.0954383692607114,0.0717029351741426,0.0942796398250887,0.19272243771105,0.211022984847398,1.0949580513494,0.825985768396522,51.8230995464183,27.2550716573164,74,0,1,0.953272784215471,0.0684686304470226,2.59775660651899,0.0159680638722555,1.74056285719289,-3.10329264241528,1,27.0516069677521,0.0749045485866085,0.435129740518962,0.117426685091356,1,0.590886409000181
"YLR034C","SMF3",74,0.034461101213756,0.0169976060578163,0.0486909610697709,0.081691056973799,0.0923979975353247,1.13106625080099,0.377886566358513,76.647890658666,17.3035358357774,74,0,1,0.277607265894143,0.0429054765149194,0.648944920810277,0.209580838323353,1.16070600062227,-0.262300264515643,0.582834331337325,17.5671170149912,-0.205172959816178,0.590818363273453,0.419161676646707,0.661745392824802,0.731635175245364
"YLR190W","MMR1",74,0.412944291023139,0.434704080429693,0.108909216041802,1.01567788030525,0.250652064696638,0.246783029892615,1.63528143139704,74.6468587251667,5.38810343897125,74,0,1,0.44760413404322,0.0775714006691794,3.51946806310403,0.00399201596806387,0.114975078257018,8.32666726913267,0.00199600798403194,2.88414317987853,5.9333899771952,0.00199600798403194,0.0454329436365365,0.0100430717512344,0.0164498589028839
"YBR139W","ATG42",74,0.0690054831561733,0.0484573661450274,0.0733777568661669,0.123873541777975,0.0855400463091656,0.690543316041482,0.3632795377171,81.3936396736653,8.23123126800598,74,0,1,0.129783902286251,0.0526070759414984,2.20808720495876,0.0359281437125748,0.607721408287941,1.28204799609405,0.0898203592814371,9.12794161543227,-0.932391955284598,0.81437125748503,0.178892215568862,0.172426231873602,0.905277816460103
"YGR177C","ATF2",74,0.0567089357702473,0.0512542650669484,0.066041642481718,0.131015389041444,0.0984130181882509,0.751156172631902,0.361410466522171,82.3462675054509,12.1950860748968,74,0,1,0.269213905418102,0.051649009693712,1.80198620494351,0.0419161676646707,0.642760213211489,1.93723333633308,0.0399201596806387,10.86122995633,1.61608528785811,0.0499001996007984,0.194523574210802,0.0926302734337151,0.146333100669826
"YPL058C","PDR12",73,0.00507378117834399,0.00116437237744771,0.0250191000204619,0.0202096333009804,0.0360520818999502,1.78390579200669,0.215189649873275,30.92815643259,27.4266688778741,74,1,0.986486486486487,0.0990917632320702,0.0354253495434078,-1.28864234704855,0.952095808383233,1.80601755918164,-0.0879397003002529,0.479041916167665,29.8373176941028,-0.650880690603912,0.724550898203593,0.970297197536985,0.568193637538818,0.832536849378167
"YDL180W","AIT1",73,0.0053293871735954,0.00219357411351973,0.0236321731379114,0.0173242687445133,0.0310637355905731,1.79307629364796,0.118924004481181,85.8924008346108,20.6233995112195,74,1,0.986486486486487,0.118947698089571,0.0360881275090811,-1.52220411119213,0.994011976047904,1.61043281737538,0.916014540224286,0.165668662674651,22.7902739853046,-1.21319183133035,0.904191616766467,0.998188496955668,0.267532502562443,0.973431515347683
"YLL028W","TPO1",74,0.0488135622897031,0.0367093390724225,0.0502450554530018,0.160646019203405,0.181795729554528,1.13165412038218,1.49405798339718,76.4147047461779,12.7297073475986,74,0,1,0.256561227685562,0.0455190619956339,0.558540546632773,0.255489021956088,0.732442669904727,6.01235212593657,0.00199600798403194,13.8302388441341,-1.05743958426708,0.848303393213573,0.464444695514631,0.0100430717512344,0.92789249875535
"YLR095C","IOC2",74,0.0114969752203881,0.0105385099085947,0.0391398138906721,0.0365007256309172,0.057299830844219,1.56982717065998,0.235153416689005,28.4370064345828,30.0379264040741,74,0,1,0.294832445975572,0.0404431955728432,-0.164994220797734,0.50499001996008,1.76687100347197,-0.83094666486758,0.808383233532934,29.9208850531154,0.0320070101739902,0.445109780439122,0.657549765334196,0.856778682103642,0.597647401825562
"YML066C","SMA2",25,-0.00238368804977171,-0.00361173849005336,0.0123852684535015,0.0019700492227357,0.00307967348648536,1.5632469742095,0.0101091011568486,50.8469022760125,19.376379663451,74,49,0.337837837837838,0.00225493266520514,0.012192211534386,0.0316864316570141,0.359281437125749,1.85163663114733,-0.622524251848892,0.724550898203593,21.4545092365,-1.08193281084378,0.848303393213573,0.538359018639836,0.788918745652204,0.92789249875535
"YIL119C","RPI1",67,0.00223125371656489,-0.000135471049042657,0.0328310691409738,0.0185115003995369,0.0379460407472478,2.04986305422315,0.219800416292774,76.5715527589372,22.9134340479469,74,7,0.905405405405405,0.050360162856248,0.0317100453677744,0.14767519677654,0.341317365269461,1.51987246099157,2.59487481896095,0.0219560878243513,20.4265987912699,1.56155877220862,0.0598802395209581,0.521245049836429,0.0579834805527067,0.16738452918724
"YBL098W","BNA4",73,0.0102135302321313,0.00473463692933385,0.0364343991956888,0.0350926625707744,0.050218537703369,1.43102671682689,0.214982474933717,58.1452717438213,20.8294882771499,74,1,0.986486486486487,0.0793611024115252,0.0333830056714953,0.395792506280094,0.277445109780439,1.37250898786721,0.351900391193566,0.303393213572854,19.1206701732921,1.28027785766839,0.0978043912175649,0.477045908183633,0.413167966062178,0.231438113871267
"YML119W","YML119W",74,0.240649939544219,0.246745854880949,0.0962026389690779,0.382635499799817,0.134321453571958,0.351042842711225,0.707450373547244,76.8038411697974,5.57496675841329,74,0,1,0.200250548073912,0.0863878972865104,1.02136762135329,0.143712574850299,0.231337775056949,3.97380522817455,0.00199600798403194,2.81783843482838,4.88853576449714,0.00199600798403194,0.368511653940796,0.0100430717512344,0.0164498589028839
"YBR038W","CHS2",74,0.251239274402125,0.253364672872066,0.0745830211488576,0.448230533656213,0.126240973950376,0.281642959306297,0.75095738546987,76.4007929385858,5.22321672211505,74,0,1,0.247103037895396,0.0792645733362005,-0.531677636376361,0.708582834331337,0.197082732041804,3.33238158954543,0.00399201596806387,3.48122698345928,3.06931225126856,0.00598802395209581,0.793214507752644,0.0160351565776011,0.0336738288129623
"YMR058W","FET3",74,0.0206081694825724,0.0206886681863442,0.0410259626122605,0.10002997396642,0.133734059409963,1.33693986019487,0.669911599038468,81.1710777779278,27.9854859303451,74,0,1,0.586595678045725,0.0420554332527012,-0.125278508569647,0.508982035928144,1.74724063243815,-1.92437546202411,0.99001996007984,26.7566133405346,0.461555522568013,0.283433133732535,0.657549765334196,1,0.442748489948208
"YCR024C-A","PMP1",74,0.300475512442473,0.308840505749007,0.109301824205113,0.690707560173104,0.184919974530337,0.267725424178059,1.13731694278064,74.9503843826408,3.77488851308403,74,0,1,0.463513936736611,0.0797287828240799,3.45009797171753,0.00399201596806387,0.157481122142456,5.02876494153879,0.00199600798403194,3.11080480795132,1.16236091041451,0.151696606786427,0.0454329436365365,0.0100430717512344,0.304834314772944
"YML064C","TEM1",74,0.0323651298026086,0.027700956177339,0.0461397635761951,0.0899213855508231,0.0648416860102533,0.72109304825608,0.260408760001479,68.9222755923196,11.6888171867314,74,0,1,0.212214218603194,0.0455846383502509,0.0679204414469718,0.401197604790419,0.655066332458631,1.03564958741344,0.139720558882236,11.4686745415053,0.24714106095805,0.427145708582834,0.579372976102176,0.237674117956258,0.585030512041819
"YKL043W","PHD1",74,0.0219707165631967,0.00882881042102696,0.0661383649418566,0.0514000759105219,0.104538147641881,2.03381309832816,0.714057457969971,45.1555689251169,23.390460856194,74,0,1,0.150516755402443,0.0361700766638101,4.17435312737222,0.00399201596806387,1.55820662429679,2.4744417399412,0.0179640718562874,21.7931241580162,0.88713025974719,0.181636726546906,0.0454329436365365,0.0487887860642352,0.343171364780321
"YPL036W","PMA2",58,-0.000377786688544986,-0.00320536304007146,0.0252092272589407,0.00841057998578918,0.020616021810219,2.45120096890495,0.124619487417405,15.4641667045089,33.7428655173794,74,16,0.783783783783784,0.0108362041966802,0.0221360104433627,0.354392217088904,0.243512974051896,1.88062566549356,1.37423138891906,0.063872255489022,30.6151016860652,0.848838376653571,0.205588822355289,0.452915181310531,0.132743209233706,0.366684541365031
"YOR023C","AHC1",74,0.0215658821315756,0.0144247985499698,0.0381773729431273,0.0591131423955756,0.0622530910134711,1.0531176061811,0.287880012443712,74.1399429016091,16.0829013911578,74,0,1,0.165612276855622,0.0412370770867824,-0.369476950925914,0.610778443113772,1.01265783675884,0.424778874655227,0.307385229540918,14.3959666000728,1.6490130461686,0.0578842315369262,0.744775754613223,0.415056891865986,0.162756839262651
"YOR383C","FIT3",73,0.0168131445471906,0.00522533711145778,0.0415238153342535,0.0952333216624321,0.174794446040305,1.83543368002944,1.16218006928845,61.6098032141694,24.6991963417831,74,1,0.986486486486487,0.249671155652991,0.038744129497857,0.320366200494721,0.305389221556886,1.53288050865128,1.48012024199425,0.063872255489022,23.0042550893403,0.926309158131799,0.167664670658683,0.494834060692175,0.132743209233706,0.320574850299401
"YOR313C","SPS4",70,0.0127936959772586,0.010879927152708,0.0443102231605938,0.0391790617402123,0.0428481242062882,1.09364855366891,0.258150352976125,67.6148018751417,12.8344365300725,74,4,0.945945945945946,0.0462261196367053,0.0353458910617958,1.32257709867681,0.0898203592814371,0.748561296505503,3.71716044720773,0.00798403193612774,11.0489681211769,2.15791979041836,0.0179640718562874,0.284331998255145,0.0265025504546463,0.0686946107784431
"YGL162W","SUT1",74,0.0355894343822966,0.0225746297547197,0.0532586843598657,0.0931907980792218,0.0863510918141758,0.926605347244353,0.370782117665401,80.7342884476965,14.5915315790891,74,0,1,0.216285624804259,0.0454919737178803,0.877024737455202,0.159680638722555,0.936801230692236,-0.123467798659823,0.546906187624751,13.3527401247599,0.981905018310231,0.165668662674651,0.37052109373486,0.627691984452148,0.320574850299401
"YOR273C","TPO4",73,0.0409292870993357,0.0292651597544349,0.0616698042979799,0.118831441579561,0.0935404429548452,0.787169133955322,0.390038456142535,67.1691075616353,13.292964601541,74,1,0.986486486486487,0.163921077356718,0.045966673101369,1.8484340111782,0.0578842315369262,0.610432925144286,3.02616268393239,0.00199600798403194,11.6270360474874,2.2109706770304,0.0239520958083832,0.238522954091816,0.0100430717512344,0.0829645057710666
"YGR260W","TNA1",74,0.0204161126864381,0.0113997176807263,0.0426546617840505,0.0434818057888944,0.0684836868027416,1.57499638205534,0.302780065083,30.355346636617,24.6261778700064,74,0,1,0.511493892890698,0.0431294652098151,-0.0556463400965917,0.467065868263473,1.53113764016703,0.267796113072595,0.36127744510978,21.9865655068278,1.63602640680638,0.063872255489022,0.636957071771949,0.46547336593659,0.173471239339503
"YBR094W","PBY1",74,0.00908396571979786,0.00355177799797268,0.0255293338800978,0.0225992403807448,0.0389844603372947,1.72503410205374,0.172456960269908,68.1637996936307,20.605611913262,74,0,1,0.208831819605387,0.0392770622834322,-1.92142415342254,0.994011976047904,1.53265487520133,1.05035182601082,0.145708582834331,21.699302074403,-0.678482549056759,0.738522954091816,0.998188496955668,0.24438141261337,0.836526000132436
"YHR152W","SPO12",74,0.281182675837271,0.283016723532808,0.101943640421499,0.50687673032214,0.180941014977718,0.356972423773966,1.00516722128369,81.3555554004647,4.76649325852742,74,0,1,0.299592859379893,0.0908443070298744,1.13237761395093,0.129740518962076,0.207149968519591,5.26634823137012,0.00199600798403194,2.75991059387116,4.15150700745247,0.00798403193612774,0.351788044023685,0.0100430717512344,0.0410362071555813
"YKL044W","MMO1",59,-0.0016484175396822,-0.00505259115030876,0.0252052870561901,0.00795975983702969,0.0171435630102921,2.15377892817046,0.0900171274152913,29.7392684632679,31.5478288145617,74,15,0.797297297297297,0.0115878484184153,0.0199796239197829,0.718710435288362,0.163672654690619,1.8621271475778,0.776592622173439,0.18562874251497,32.0165688310567,-0.12621672544678,0.49500998003992,0.37433267436419,0.288086165331674,0.642974919725766
"YOL119C","MCH4",74,0.007507850374738,0.00653122422038366,0.0361789135362063,0.0367566369497084,0.0591784918109687,1.61000833378578,0.263901791246483,79.9630688861783,21.6473194980439,74,0,1,0.114124647666771,0.0384445147747191,-0.255226338225152,0.550898203592814,1.43007562486039,0.992177461076876,0.137724550898204,19.8864778151459,1.06397505634858,0.151696606786427,0.692971950835172,0.235958191144593,0.304834314772944
"YLR057W","MNL2",74,0.0324916149523435,0.027522282275789,0.049011237023226,0.0807751141403344,0.0793054540262017,0.981805533427296,0.379095136453333,79.8050264841321,16.1576219052215,74,0,1,0.175634199812089,0.0454927111767697,0.407159025933521,0.291417165668663,0.922986754824362,0.667301959221907,0.221556886227545,12.6718005192768,3.23612191346721,0.00199600798403194,0.487053864299373,0.326864788940637,0.0164498589028839
"YMR253C","YMR253C",68,-0.000719575727199846,0.00114125108924445,0.0306090806985653,0.0183206913484623,0.0633672282629918,3.45877931447769,0.511616166085236,80.6016479241421,16.1721634136593,74,6,0.918918918918919,0.0242405261509552,0.0287832277403024,0.207862370907826,0.29940119760479,1.53341556018805,6.64728928803096,0.00199600798403194,18.8968888925767,-1.89582416586895,0.982035928143713,0.490115659092773,0.0100430717512344,1
"YHL040C","ARN1",73,0.0194803407615616,0.0145123609791878,0.044161118932945,0.0457042708980744,0.0732343590686635,1.6023526385966,0.505884946832783,4.83321033668996,19.2705650946549,74,1,0.986486486486487,0.105606013153774,0.0403600166105905,0.412929417560429,0.25748502994012,1.33588636765622,1.55372444274964,0.0578842315369262,16.7063168401285,1.8027633898135,0.0379241516966068,0.464444695514631,0.124074720514129,0.11848199026783
"YOR049C","RSB1",68,0.0380429348857549,0.0194674433703846,0.0552548756290007,0.10602132587867,0.121956616530309,1.15030269164786,0.555177937379652,68.8456319871247,16.3767491184378,74,6,0.918918918918919,0.121578452865644,0.0455511479911953,1.27560962556808,0.0978043912175649,0.554894146325423,9.5972796736964,0.00199600798403194,10.8861605237973,7.47757769211019,0.00199600798403194,0.297773878993605,0.0100430717512344,0.0164498589028839
"YNL058C","YNL058C",74,0.353728484266423,0.363178709089675,0.108057787253296,0.710070438711408,0.246301829757328,0.346869572833227,1.4279122219357,80.2450851920779,5.00267871166152,74,0,1,0.302536799248356,0.0897471233060635,1.86456749348654,0.0399201596806387,0.163206252616019,8.69779638605162,0.00199600798403194,2.46081762693039,6.18387320004767,0.00199600798403194,0.18707682673868,0.0100430717512344,0.0164498589028839
"YGR143W","SKN1",72,0.0144179747305677,0.0116665762844303,0.0273048753671714,0.0266914724428707,0.027448368421885,1.02835722085525,0.125887254747524,76.2840980090158,12.0059968176758,74,2,0.972972972972973,0.0303163169433135,0.0334299747499423,-0.7788865385166,0.842315369261477,0.930543215217269,0.775500596547883,0.179640718562874,11.2169400230482,0.807705871980458,0.225548902195609,0.894726103348858,0.281535290075587,0.385044197319646
"YOL070C","NBA1",74,0.0745555785672938,0.0757201133997557,0.0428581663078763,0.164379244346183,0.0693844362301621,0.422099739575627,0.366588056467109,81.3633218622143,9.08954471647248,74,0,1,0.219668023802067,0.0572021589432488,-1.64880113638562,0.978043912175649,0.465411363392582,-0.803185167380736,0.784431137724551,8.63705976824908,0.594075579201258,0.277445109780439,0.990476673771102,0.839089677787283,0.434815614672295
"YEL025C","YEL025C",73,1.96265128110632e-05,-0.00116050575530147,0.0231239640195314,0.0158863198347925,0.0325914030619668,2.05153889641506,0.200957651219343,64.1826184757267,27.1402103609335,74,1,0.986486486486487,0.0783589101158785,0.0324979722704041,-1.31580653488932,0.954091816367265,1.65035633068105,1.798671810132,0.0598802395209581,24.9760728173621,0.965600254997577,0.153692614770459,0.970297197536985,0.127780153977759,0.304834314772944
"YHR151C","MTC6",74,0.0188083422725267,0.0124973471524462,0.0387901231835639,0.0392022201355972,0.0490325795603361,1.25076027303394,0.271294097392916,83.0353405312903,14.1496642074536,74,0,1,0.108362041966802,0.0403667176992955,-0.188438144320582,0.499001996007984,1.16072672905071,0.743791733165291,0.17564870259481,14.949988251243,-0.662305277242654,0.734530938123752,0.657088027801147,0.278937142326642,0.835966162912271
"YGR284C","ERV29",74,0.0388311904662714,0.0254546644144493,0.0709935151642828,0.143554539609065,0.125914400570511,0.87711890486645,0.567086826845497,83.1543458930781,14.8619121244763,74,0,1,0.585468211713122,0.051759821371372,2.35771218122037,0.0219560878243513,0.927556030019649,-0.622206797224212,0.734530938123752,13.8552027047721,0.789892587155446,0.211576846307385,0.139933466400532,0.797967700961713,0.370453232728682
"YPL095C","EEB1",74,0.0134433315989619,0.0082062986105757,0.0398278467557516,0.0368452803099517,0.0655015672391039,1.77774647629461,0.349051933831585,17.0760739774807,22.1743589287976,74,0,1,0.231756968368306,0.0400272875271603,-0.0249710951921033,0.469061876247505,1.53323271231194,1.27202902697834,0.0958083832335329,20.9264905228668,0.742503918170966,0.225548902195609,0.636957071771949,0.177505454207863,0.385044197319646
"YLR100W","ERG27",74,0.0440646094056809,0.0354651519460424,0.0455562016568092,0.0829784636388338,0.113899801281989,1.37264292790165,0.413322131572763,86.0893883998946,26.3505973806968,74,0,1,0.698214844973379,0.0553596674738431,-1.27449208653512,0.898203592814371,1.55739071097697,-1.09118530630922,0.878243512974052,21.4371297269314,2.79176181440535,0.00998003992015968,0.92331466100058,0.916594758082089,0.0472322681369933
"YNL056W","OCA2",74,0.074039807946413,0.0674778069589481,0.0567203500569148,0.215774981767709,0.132138653542795,0.612390984627902,0.866652420259418,76.3166106432518,10.1654657102095,74,0,1,0.456874412777952,0.0565106326038682,0.027241892064506,0.44311377245509,0.609561217023044,0.051267741007616,0.469061876247505,8.2166895322584,1.89393994230733,0.031936127744511,0.622965833039803,0.559131114329944,0.104558007273125
"YMR031C","EIS1",74,0.119568764849566,0.12126119260319,0.0722575473731873,0.200347063092828,0.105616006198094,0.527165233009473,0.612584885118881,79.5332747582728,7.57149098747933,74,0,1,0.157031005324147,0.0636638854090905,0.895517491609265,0.165668662674651,0.387082290311528,3.25979134814037,0.00399201596806387,6.16183765212021,1.88633430456051,0.0339321357285429,0.376261561384274,0.0160351565776011,0.108130405854957
"YDL037C","BSC1",70,0.00550458494397336,0.00454305722287801,0.0265011598071992,0.0235876079297582,0.0297567514038246,1.26154171683867,0.110272498304898,77.4834195699097,16.9870334832831,74,4,0.945945945945946,0.0544942060757908,0.0332834010815468,-0.764205728435116,0.826347305389222,1.22115811026488,0.267009087648019,0.325349301397206,16.1189530413338,0.719932937640542,0.233532934131737,0.885636798152574,0.43079491985558,0.390912619206032
"YDR033W","MRH1",74,0.214639227048674,0.234677529896015,0.15914540698148,0.65255035828312,0.48671178987365,0.745860888275663,1.7005648360289,79.2122323600428,12.458402658879,74,0,1,0.388975884747886,0.0712633646718018,9.56347093299894,0.00199600798403194,0.233852157790755,16.7650679485133,0.00199600798403194,4.98895429268427,11.0222426259133,0.00199600798403194,0.029815369261477,0.0100430717512344,0.0164498589028839
"YER145C","FTR1",74,0.0658985798573114,0.058966618193973,0.0606520219249249,0.15506854693753,0.155638015058342,1.00367236381625,0.501767092965718,6.79207899098734,19.2311417799328,74,0,1,0.757720012527404,0.051657749794141,1.08965285207147,0.131736526946108,1.36870527208411,-2.76536016974109,1,18.2192824814401,0.682786018817294,0.249500998003992,0.351788044023685,1,0.40427619337596
"YHL026C","YHL026C",74,0.0913449748995941,0.0854534137433531,0.0655413586840393,0.177906814799206,0.0937851777086179,0.527158995086658,0.408594647458925,79.6234901628974,9.81407091762606,74,0,1,0.189476980895709,0.066796874515874,-0.136217999222248,0.497005988023952,0.434824642215441,2.01512450401421,0.0259481037924152,5.43208441422883,4.8679039326244,0.00199600798403194,0.657088027801147,0.0670442897987808,0.0164498589028839
"YGR065C","VHT1",74,0.0173380194084133,0.012637869731812,0.0340616706507375,0.0568590743853914,0.070714088614802,1.24367287683055,0.330617528425878,0.128593340117374,15.6527777343761,74,0,1,0.132727842154713,0.0428366877896572,-0.914673012997766,0.856287425149701,1.1687483013619,0.598132870189011,0.239520958083832,14.6992294366586,0.748214760282976,0.217564870259481,0.899572284003422,0.346942478679006,0.376797130376927
"YGR146C","ECL1",73,0.0237800071326267,0.021777831957805,0.0380029653380448,0.0762618441863705,0.0744926648550456,0.976801251658676,0.271985490512916,79.6194378837267,15.3957563006885,74,1,0.986486486486487,0.196742875039148,0.0459074006658743,-0.955027967826308,0.854291417165669,1.01524942352432,-0.382807980038353,0.63872255489022,12.809710847055,2.01052118057015,0.031936127744511,0.89945219692773,0.71333967578861,0.104558007273125
"YGR092W","DBF2",74,0.0926200084944503,0.0779748406046754,0.0830866736919999,0.13285325453657,0.0818254976224014,0.615908868080291,0.434670147899451,81.6536387238156,8.73009791423636,74,0,1,0.113185092389602,0.0652021748083522,2.00603463550303,0.0359281437125748,0.451121376572426,3.39982537425951,0.00798403193612774,5.71356116758338,3.82297147937763,0.00199600798403194,0.178892215568862,0.0265025504546463,0.0164498589028839
"YML050W","AIM32",72,0.00288138869265432,-3.31795604086027e-06,0.0305287373874304,0.0187079776795779,0.0321588255403689,1.71898994595628,0.174997029711323,75.5106124234985,29.6868273208101,74,2,0.972972972972973,0.0735984967115565,0.0336724215232626,-0.389411720293027,0.612774451097804,1.58243731300581,0.594755448554928,0.213572854291417,22.2155912479553,4.34614315096847,0.00199600798403194,0.74530836545738,0.319024451097804,0.0164498589028839
"YBR287W","YBR287W",74,0.0402387610388672,0.0357763214810473,0.0442142048352079,0.0853715797900385,0.109900014026706,1.28731381446838,0.462588318461664,2.98578398658455,15.975296618067,74,0,1,0.421296586282493,0.049493582150314,-0.717149105595206,0.740518962075848,1.20439241210609,0.713703473038376,0.207584830339321,15.3337052952837,0.454669054081365,0.323353293413174,0.817478207557172,0.315001742546653,0.486046774375777
"YLR254C","NDL1",74,0.18763167119159,0.184944008893843,0.0918299720567096,0.307105324470513,0.13053873291488,0.425061770387553,0.524773257780553,82.8414701443364,5.82121266093124,74,0,1,0.217350454118384,0.0823224076802311,0.96698392402857,0.177644710578842,0.285780464728453,3.96236314438348,0.00199600798403194,3.85745085993599,3.01777449433631,0.00598802395209581,0.386793979608351,0.0100430717512344,0.0336738288129623
"YKR042W","UTH1",74,0.342566989065211,0.360247331170242,0.123402685500378,1.05642980156199,0.347574060963577,0.329008193871159,1.92484271473025,82.7067862576266,7.18046214643805,74,0,1,0.702160977137488,0.0773622534856351,5.65653928495696,0.00199600798403194,0.155681986452999,7.99381465472819,0.00199600798403194,3.08406260665529,8.17364916623583,0.00199600798403194,0.029815369261477,0.0100430717512344,0.0164498589028839
"YLR297W","YLR297W",74,0.0448082805323728,0.031840744834736,0.0636968881640871,0.0792372050294087,0.0661023308153459,0.834233499160049,0.278097979493995,82.0126386418294,11.0390589969339,74,0,1,0.119949890385218,0.0505843289056541,1.37453693344578,0.0778443113772455,0.866223898755911,-0.356097145577383,0.608782435129741,10.2647115695911,0.644413535348778,0.263473053892216,0.265782720273738,0.684701185863567,0.419800399201597
"YKR079C","TRZ1",74,0.0221290078188414,0.0159378103835413,0.052946981083755,0.0659469885411895,0.0745394963667553,1.13029416529307,0.29865709338614,3.13708496311413,20.8948267740264,74,0,1,0.244910742248669,0.0427721693252448,1.12723641812544,0.117764471057884,1.23752824608083,-0.823993153239108,0.822355289421158,17.3412546041032,2.914726426424,0.00798403193612774,0.329189574068238,0.867739135415703,0.0410362071555813
"YOR229W","WTM2",74,0.0314358269591106,0.0252549980900235,0.0533604876042489,0.0836071424394735,0.0674680315851229,0.806964926877697,0.249823018377131,82.1498086542222,12.7580510230739,74,0,1,0.159223300970874,0.0455253485622993,0.860420939719563,0.153692614770459,0.815533524083953,-0.108164481157833,0.518962075848303,12.2445848956444,0.454504926051881,0.331337325349301,0.37052109373486,0.606513135098995,0.49025641025641
"YDR380W","ARO10",59,0.000285057590835013,-0.00144275946794425,0.0248713780689863,0.0178652939481317,0.0427800883807489,2.39459191127514,0.215276539033875,87.4417479538678,23.4198531837059,74,15,0.797297297297297,0.0542436580018791,0.0316013562054301,-0.900925632554416,0.860279441117764,1.63907775824853,3.30390884207813,0.0159680638722555,22.5618498854436,0.440754630371391,0.333333333333333,0.899810881519237,0.0454329436365365,0.49025641025641
"YLR413W","INA1",74,0.0757266074989766,0.0701547372968144,0.0658487673174737,0.258113180712314,0.175154190462858,0.678594521905024,0.567180207694454,87.8774775077388,9.41225370685815,74,0,1,0.660006263701848,0.0574395481304916,1.0351911874614,0.157684630738523,0.603027474670023,1.47963128106419,0.0758483033932136,8.06865887768164,1.32970041113588,0.0858283433133733,0.37052109373486,0.151064537591484,0.213676813040586
"YIL121W","QDR2",51,0.000959806908165759,-0.00226828734017426,0.0266232478600367,0.0170626303198242,0.0627196080287374,3.67584638787296,0.354995434447986,74.5708342809859,22.9457013254937,74,23,0.689189189189189,0.0181647353585969,0.0246787904704889,0.237506924375137,0.30938123752495,1.84443768202417,5.63589135395628,0.00199600798403194,30.5571272886516,-2.18969338717344,1,0.496255810526598,0.0100430717512344,1
"YAL022C","FUN26",74,0.0418101837012908,0.029116427168234,0.0648101939706534,0.0869964591753781,0.0671076824001678,0.771384065929442,0.267879560630079,87.7219451461931,9.77436754667936,74,0,1,0.192671468838083,0.0498669512522435,1.69557143349118,0.0578842315369262,0.779128397693056,-0.108532643313734,0.534930139720559,10.3747504247272,-0.604579699551443,0.724550898203593,0.238522954091816,0.620622832005891,0.832536849378167
"YAR071W","PHO11",63,0.00148161598073239,-0.00320874090732892,0.0274972329797127,0.0144036028821827,0.0264502304340874,1.83636209984701,0.127119900433868,62.000659260313,36.8517491246748,74,11,0.851351351351351,0.0477920450986533,0.0293174355736087,-0.255890299446417,0.538922155688623,1.77517988519351,0.203320004270577,0.341317365269461,27.5024039259456,2.96706289778072,0.0179640718562874,0.681494154548047,0.445764209286345,0.0686946107784431
"YCR041W","YCR041W",69,0.0042545078577621,-0.000806564745760019,0.0390721295601361,0.0245610773839621,0.043156920913921,1.75712653965667,0.202856221013893,42.6846336389999,27.7316275290006,74,5,0.932432432432432,0.0715314751017852,0.0325740561016226,0.845014186408141,0.149700598802395,1.62868839548775,0.600492705987036,0.241516966067864,21.1907046765452,3.76355470673666,0.00199600798403194,0.37052109373486,0.348776766708275,0.0164498589028839
"YNL145W","MFA2",48,0.00570594566028279,-0.00293752668871272,0.0524700406496949,0.0305493021896551,0.179346287391282,5.87071633511858,1.2454553280133,16.2928982108704,24.9085262202387,74,26,0.648648648648649,0.0115878484184153,0.0354107737315666,1.44067890554924,0.0838323353293413,1.71537150882563,11.3515552202589,0.00199600798403194,25.0392515951439,-0.0552087293347116,0.489021956087824,0.272597661819219,0.0100430717512344,0.638668019152951
"YBR054W","YRO2",17,0.00676575923564357,0.00130346958048078,0.0168419219659341,0.00505793640572097,0.0130593404834398,2.5819503125165,0.0537534053075806,6.47787766439159,18.0466650701344,74,57,0.22972972972973,0.00162856248042593,0.0252293437680849,-0.616387856095319,0.748502994011976,2.24842040576367,0.624983048399751,0.255489021956088,16.925064901338,0.6602121726081,0.249500998003992,0.824388090179089,0.362385022240386,0.40427619337596
"YKL209C","STE6",70,0.00335971376202781,0.000751540645574922,0.0278209852158599,0.0147302020046022,0.0300093882127375,2.03726929225828,0.194697653585315,82.9890881985109,31.2811882642001,74,4,0.945945945945946,0.0277481991857188,0.0304823886687792,-0.299313519095909,0.532934131736527,1.77275921978149,0.82875721662342,0.169660678642715,30.1735672447384,0.323851037039388,0.331337325349301,0.677506688750159,0.271230115020795,0.49025641025641
"YDL138W","RGT2",73,0.0277555422963466,0.0249762709625221,0.044503966583445,0.0463145013661325,0.0417900898133221,0.902311124607748,0.189227468689125,1.68043460082914,13.7177069036145,74,1,0.986486486486487,0.0874412777951769,0.0456608307881055,-0.125784679333847,0.479041916167665,0.885257747853273,0.17247541863862,0.343313373253493,11.3343461881102,2.0224102009265,0.0239520958083832,0.643207966090291,0.447149298133977,0.0829645057710666
"YFL026W","STE2",71,0.00520530494768113,-0.00265388448104753,0.0549374493170246,0.0215447377071605,0.10308107404461,4.78451283305018,0.86682034949125,3.41759398814804,22.3851769180998,74,3,0.959459459459459,0.0308174130911369,0.0373978057651673,1.6875015594673,0.063872255489022,1.7765256221236,8.31077913180426,0.00199600798403194,32.6595707577378,-2.80510928449737,1,0.238522954091816,0.0100430717512344,1
"YDR337W","MRPS28",74,0.0388677746041325,0.0350159750436574,0.0442053791544849,0.0907378239564856,0.0862469502601119,0.950507147950481,0.283217698366661,0.878729305927379,15.0752775194027,74,0,1,0.366238647040401,0.0496080251914408,-0.673205926715805,0.726546906187625,0.908996356629753,0.538522122230107,0.269461077844311,14.0049853056763,0.810431952264937,0.219560878243513,0.807649816645778,0.376615190671289,0.378881226716243
"YBL023C","MCM2",74,0.0988242939663955,0.0887373362941575,0.0879966142331354,0.194885110760422,0.111126990932258,0.570217963284376,0.681060290282031,5.06020735515811,8.85463732617344,74,0,1,0.199624177889132,0.0621097307818994,2.96881803153715,0.0159680638722555,0.44368708036782,2.91371799362158,0.00399201596806387,7.32387744713214,2.28133807406911,0.0139720558882236,0.117426685091356,0.0160351565776011,0.060714933768826
"YJL079C","PRY1",74,0.0529660771104424,0.0505366850342122,0.0545529332641971,0.134807743450526,0.116999771766793,0.867900973431333,0.582537827261755,0.591379183673003,13.8781201195342,74,0,1,0.153084873160038,0.0498905758333871,0.507133583991531,0.277445109780439,0.7362577876001,1.87802041701966,0.0399201596806387,10.0764252407042,3.86863141518638,0.00199600798403194,0.477045908183633,0.0926302734337151,0.0164498589028839
"YJL157C","FAR1",35,0.00734000007581454,-0.00208875875438275,0.0479377279328784,0.0113608769469559,0.0417341536180854,3.67349754890776,0.244620654008096,79.8290475770494,24.1363309277107,74,39,0.472972972972973,0.00895709364234262,0.036016167064643,0.993854390145538,0.145708582834331,1.67665086762096,5.28642908919701,0.00598802395209581,25.7388495366553,-0.530219423965674,0.678642714570858,0.368511653940796,0.0216839049174379,0.802948558328887
"YGL201C","MCM6",74,0.0850593498387585,0.0803190476818566,0.0689016403368228,0.184754799754433,0.0940363227966889,0.508979051811792,0.376727062928014,7.52859390567194,10.077491549141,74,0,1,0.248418415283433,0.0603696868229315,0.970336071531602,0.169660678642715,0.474230733898795,0.725392570065122,0.213572854291417,7.36222710869538,3.37430144315306,0.00199600798403194,0.37719909019171,0.319024451097804,0.0164498589028839
"YFR002W","NIC96",74,0.0307789507181804,0.0315315906651313,0.0396281487634382,0.0612897349013934,0.104605085751303,1.70673092190067,0.679350860397943,84.8802307164848,18.8020517804825,74,0,1,0.501346695897275,0.0495075590031448,-1.23669162191736,0.906187624750499,1.29469195913202,3.24635851122135,0.00199600798403194,18.6638261906362,0.101106196429893,0.451097804391218,0.927532515269247,0.0100430717512344,0.600626045958223
"YGR230W","BNS1",74,0.0478558654404232,0.0387547338601927,0.0530505407002723,0.111899645128884,0.107177813200864,0.957802976742404,0.49268035790716,83.0831653735111,11.2934365275164,74,0,1,0.185656122768556,0.0514300892924488,0.184672918729219,0.367265469061876,0.682845899930973,4.37441448657108,0.00199600798403194,9.85035856302115,1.30321296456777,0.0838323353293413,0.541432472478356,0.0100430717512344,0.210904506775922
"YDR077W","SED1",74,0.338745109681914,0.356171737877145,0.141228286804756,1.36195064326982,0.549201539501972,0.403246286652083,2.40876577078359,0.345915905553397,7.85670589504469,74,0,1,0.761728781709991,0.0733620268987883,8.46060019632471,0.00199600798403194,0.192876282054614,7.83851954772425,0.00199600798403194,2.94916189475128,5.24875909599177,0.00199600798403194,0.029815369261477,0.0100430717512344,0.0164498589028839
