"gene","n_strains_fit","mean_r2","sd_r2","median_r2","mean_amp","sd_amp","cv_amp","mean_peak","sd_peak","n_strains_total","n_not_detected","n_too_few_cells","pct_strains_detected","mean_pct_expressed","sd_r2_null_mean","sd_r2_null_sd","cv_amp_null_mean","cv_amp_null_sd","sd_peak_null_mean","sd_peak_null_sd","sd_z","cv_amp_z","sd_peak_z"
"YML058W",79,0.593158992640821,0.140456992532721,0.607835283827061,2.02089039812532,0.684322004584918,0.338624007130584,70.4629273207677,8.58073806103393,84,0,5,1,0.724326247932103,0.107992465182639,0.008350119982853,0.253775399550429,0.0822122947284671,7.70005106966835,0.815705613032037,3.88791148112225,1.03206713619168,1.07966278188525
"YNL300W",79,0.775658153343679,0.0948124732106675,0.781603140181849,3.37431657444184,0.401858765335596,0.119093379791157,27.3210547313095,2.64454672803967,84,0,5,1,0.485128733522382,0.0731930828815959,0.00565948123399029,0.129015844874036,0.0543691863326465,2.47638735003653,0.404773612861074,3.82003039416893,-0.182501629179646,0.415440563960028
"YBL002W",79,0.669696269874607,0.117505904642949,0.664968008264075,3.42425751652802,0.683032648918646,0.199468832475893,37.1033949681706,6.22805072457246,84,0,5,1,0.833967645364044,0.0902792430563939,0.00756953988425441,0.174497316359478,0.0814713552360389,4.50822971401422,0.781337012751902,3.59687140868236,0.306506698508552,2.20112574022438
"YBR009C",79,0.65203655089636,0.117474129105299,0.650179492066486,3.62565421871227,0.852564310638397,0.235147716579879,34.6826102828079,5.67092605418459,84,0,5,1,0.776547564631482,0.0915641306296916,0.00726706974254306,0.173032707575072,0.0744651363310453,4.41100633803055,0.629906844406052,3.56539835085443,0.83414886570094,2.0001683222573
"YNL031C",79,0.679000714282505,0.113362257512392,0.677991063904462,3.53145567113407,1.1181054524431,0.316613191999672,38.814548332285,6.68277395931551,84,0,5,1,0.9515133063214,0.0888533675653818,0.00759334217220429,0.191678959682132,0.0776027055282721,5.2051733856864,0.703493228870609,3.22768148612158,1.60992109059941,2.10037639736953
"YAL022C",79,0.185160487207548,0.214202139012823,0.0969567248789376,0.487954556992613,0.595073311947836,1.21952608787061,0.374529123143972,11.7731465368107,84,0,5,1,0.205017736141299,0.169953650399911,0.0144275779919951,0.655891454121081,0.171787936073743,11.3757583495315,1.04484250846627,3.06693809851263,3.28099077636962,0.380333097150201
"YPL158C",79,0.617646809291957,0.166432614877264,0.621094585087672,1.54445163333794,0.446635635791246,0.289187195086166,3.16983350087111,4.26454254342037,84,0,5,1,0.197806395346365,0.134985698744639,0.0103062863361505,0.25581140618126,0.0290097878687785,3.45133665383539,0.989018984285018,3.05123641115245,1.15050096387732,0.82223486354295
"YOR188W",79,0.176142346527182,0.214337308594046,0.0833919279171018,0.508835048552215,0.683387577543912,1.34304344696449,40.4560196809295,15.1205175595684,84,0,5,1,0.254592039285837,0.169851459766723,0.0149727802401308,0.757421363964383,0.288962871591038,16.5107588280059,1.55836592778779,2.97111479056445,2.02663435539541,-0.8921147746159
"YDR033W",79,0.33019936459702,0.198645196546906,0.328355828686942,1.09879371635984,0.581262632121627,0.529000688179466,81.4508273371003,13.9089544514589,84,0,5,1,0.394069051916851,0.151319601073086,0.0160568752244092,0.403563187014661,0.107106351454375,7.55384452548271,0.846950585426012,2.94737268692707,1.17114904449189,7.50351913716381
"YNL197C",79,0.16044070185504,0.208680820308656,0.0773045733771948,0.582975426286615,0.607044999547499,1.04128745771361,36.3878587679917,16.6306348386352,84,0,5,1,0.40427322230674,0.163002967141223,0.0157962263856729,0.685833453067745,0.154214342683244,17.4034945727866,1.53540581967919,2.89169400666878,2.30493479699206,-0.503358606725134
"YML012W",79,0.250639659161577,0.19788412443202,0.187729302890409,1.02366882003404,0.633238656449398,0.618597190865243,29.4394283947746,9.76234593266101,84,0,5,1,0.91955956376052,0.159178388787075,0.0133919047686075,0.516253919485245,0.105107459329603,9.3541987655951,1.09052801294031,2.89023378777875,0.973701315137522,0.374265642168568
"YGR279C",79,0.414617354633887,0.169440599815814,0.387416078565566,1.55509150413542,0.834864900385249,0.536859019655827,75.2778090287179,9.65315441330841,84,0,5,1,0.82273915399763,0.136752334696351,0.0113765542621803,0.301168060586961,0.0751240414796618,7.74191145219484,1.15202781730151,2.8733010335239,3.13735728838117,1.65902500999536
"YHR172W",78,0.160178130110492,0.212885602447456,0.0871627531151642,0.236873412942263,0.322978374915533,1.36350623273308,31.524703059511,13.7165592865933,84,1,5,0.988095238095238,0.0752938086987901,0.145684963249846,0.0241016240999058,0.829394776288841,0.183574555250829,14.3408045617582,1.2807124140327,2.78822036718566,2.90950701590671,-0.487420335998248
"YGR189C",79,0.470535743541768,0.162385521811761,0.455994104176359,1.2296361996014,0.47279873439313,0.384502940419609,17.9134827637702,9.42585941650377,84,0,5,1,0.472554017484792,0.131125532763997,0.0113974514282232,0.316514343195444,0.155024694543005,8.43399537623345,0.808522484382561,2.74271746141039,0.438566238911723,1.22676123352063
"YNL111C",79,0.194417851860505,0.212740720611018,0.0994669948026374,1.14429082033732,1.09482796622406,0.956774227989808,79.7608925663913,25.6578671084899,84,0,5,1,0.942361611038822,0.170055922156812,0.0157270858039653,0.733665991817766,0.15848390376416,19.9334430958431,1.81151365219665,2.7140945872784,1.40776590475743,3.16002256218458
"YOR315W",79,0.312068369497929,0.178602155201916,0.263681824184313,0.720267799510612,0.34048744261715,0.472723399336323,68.752825263607,9.71252417698513,84,0,5,1,0.331409277038471,0.144635089092885,0.0125497540271128,0.498926008583146,0.182068428857183,9.22842830419655,0.620825384646285,2.70659217986646,-0.143916270444539,0.779761724892085
"YDL157C",79,0.203746933459156,0.197874608147119,0.129797203988425,0.916261939411854,0.82471597752629,0.900087564540411,28.191081374639,13.2373363454748,84,0,5,1,0.619491905940066,0.163199694127873,0.0133673952774372,0.573318026090896,0.171678725998838,12.7733845651227,1.3518630999946,2.59399182111223,1.9033781649319,0.343194351820045
"YDL197C",79,0.209694279206227,0.204975774483017,0.140795807016261,0.43318094334647,0.599804632791238,1.38465147648819,27.2549227746202,11.0944798270356,84,0,5,1,0.184538930704296,0.156922263280366,0.0199695321064558,0.632847863392585,0.226041857060624,9.65185839997701,0.803891558052085,2.40634136776376,3.32594866663998,1.79454730256682
"YDL179W",79,0.513478104188651,0.189250094395804,0.504693426513347,0.955737271352212,0.328847128638718,0.34407691161134,3.69691740157837,3.15779974231731,84,0,5,1,0.12666431068112,0.155481202839867,0.0142967078493992,0.331422065832165,0.0461419243185521,4.08207862624157,1.01430089147708,2.36200472945636,0.274259168122435,-0.911247236092121
"YKL185W",79,0.595051109841536,0.162546543532481,0.590623043196048,1.5728048210858,0.506466491409203,0.322014839107346,2.49840205856046,5.19937834565377,84,0,5,1,0.18350957649609,0.138876387448262,0.0101557824005016,0.271361777530725,0.039403241490847,3.56815870619349,1.03645947341577,2.33070729075976,1.2855049396986,1.57383832296348
"YLR457C",78,0.154424988783156,0.213775498532267,0.0781661169525518,0.235600555622829,0.246143626125734,1.04474976926533,17.7631414773584,14.5415705024343,84,1,5,0.988095238095238,0.0931358231736756,0.159107484006943,0.0236665487661874,0.902887950892636,0.259950213150449,14.9138885027653,1.11771577260699,2.30992761409426,0.545726878441098,-0.333106152257804
"YLL062C",79,0.18344023518314,0.214757550468581,0.0908738239297795,0.380173791601083,0.325871890686998,0.857165585546034,5.38446330176487,14.136566532483,84,0,5,1,0.174857137339067,0.166901752851654,0.0210813640737632,0.706954682263862,0.167859044039891,13.5767398713023,1.21502851220921,2.2700522342615,0.894863330965208,0.460751871709403
"YKL182W",79,0.192344574540381,0.197948297766234,0.114559191601881,1.07484366786349,1.05863927313895,0.984923952004342,13.4384276319629,15.128196824013,84,0,5,1,0.926440216067683,0.170668847107862,0.0122446090559076,0.633879163147594,0.138604376012329,14.2063845967234,0.895502890534074,2.22787436771697,2.53271071921656,1.02937939903218
"YGR113W",79,0.165773925472442,0.212398567444241,0.0796664566458363,0.567166924398429,0.921749665870918,1.62518233384039,38.5981009123807,18.6261089220403,84,0,5,1,0.286848451845828,0.172126205386335,0.0183833591906484,0.724709641782512,0.240544990248635,19.1097928607838,1.41714792222817,2.19069657728238,3.74346890836149,-0.341308011081139
"YOR129C",79,0.158104836038642,0.216652599544473,0.0656893643237757,0.31441358928425,0.458346825968535,1.45778312894154,71.1945398854951,24.366535636885,84,0,5,1,0.122632895488568,0.158615727283278,0.0271995984619285,0.835006848989781,0.180364716895377,24.6384013236132,2.1275120775525,2.13374003820056,3.45287199554117,-0.127785731322831
"YPL141C",78,0.206378011413903,0.19315063547248,0.138414546152951,0.317094559262913,0.160659989619094,0.506662712827836,73.7326453827259,10.3680867831843,84,1,5,0.988095238095238,0.136379679602855,0.155977470572455,0.0176256964516688,0.731330387652512,0.241846664682986,11.1724551878901,0.952610468391924,2.10903240061784,-0.928967431157968,-0.844383335471444
"YBR067C",78,0.286239886742276,0.196045185752979,0.264092458336817,1.13734457613264,0.937625516968885,0.824398811622358,4.08014074603769,11.7710897808565,84,1,5,0.988095238095238,0.320303521579057,0.167123903704928,0.0138650329638682,0.503009610603277,0.174894958275851,8.12230441534519,0.872057092615276,2.08591513077672,1.837612725875,4.18411293986349
"YJL091C",79,0.169977428768723,0.1980006757006,0.0914822860935198,0.455356128447135,0.637792962801421,1.40064648954311,24.7818177219277,15.7745287615098,84,0,5,1,0.239306012722355,0.164213327045163,0.0162277300813505,0.657718951375352,0.16526042416603,17.0063335393791,1.22649636887082,2.08207484879647,4.49549577230523,-1.00432810820575
"YNL030W",79,0.676903045995118,0.104801656219645,0.660444879257568,3.36774183799472,0.895033253834755,0.265766586897198,37.7676192618276,6.2284784977422,84,0,5,1,0.867217951693214,0.0880508964694734,0.00817674397463497,0.174075570877296,0.0645780889800542,5.09597769707696,0.589683442972424,2.04858557417648,1.41984715664507,1.92052331494442
"YOR126C",79,0.208198692403032,0.202971361927532,0.128492256067101,0.622196523115193,0.443623851469447,0.712996352419852,7.02299707577541,13.3613249508815,84,0,5,1,0.370120517593785,0.170563240002583,0.0163164333170608,0.554588501567941,0.128324368963475,11.0288259014469,1.18302615258843,1.98622586782259,1.23443311766449,1.97163777346016
"YJL196C",79,0.166378387401583,0.193570686666921,0.0967479698750254,0.810134027114431,0.892899606692951,1.10216282344456,11.5315640278883,20.5498031560538,84,0,5,1,0.542245343903077,0.170403484986078,0.0117785277596918,0.667314672680969,0.17410739416807,19.9767107556402,2.16934560549483,1.96690131003681,2.4975857736623,0.264177546888785
"YNL046W",79,0.247936634336254,0.200008261290492,0.188359234758522,0.519332233240748,0.679485846609957,1.3083837341846,5.47855053685528,9.30158338104906,84,0,5,1,0.163266224884013,0.169027639893183,0.015958839774762,0.586714119100652,0.140981640169418,7.88027834410136,1.15828153694772,1.94128281470082,5.11889075922733,1.22708080169619
"YNL165W",79,0.173339205272585,0.209618146262267,0.0975665385814647,0.412087472899563,0.294095138852272,0.71367163088685,26.3984614199012,14.925453392046,84,0,5,1,0.2093815602911,0.177570043106621,0.0165162180764654,0.791418407660504,0.333414077963566,14.244346707406,1.02281356668073,1.94040203436845,-0.233183845290868,0.665914793103889
"YHR178W",77,0.12164360583373,0.191292416561903,0.0462611102294731,0.17606868969424,0.174194554157025,0.989355656928724,44.7385405921453,27.0753173847825,84,2,5,0.976190476190476,0.0647430856672275,0.146178891629176,0.0240228506752648,0.856593666218466,0.203965943679878,28.0197697656876,3.35582055800072,1.87794219522739,0.650902735598968,-0.281437092532675
"YMR215W",79,0.292140791560338,0.176508534366452,0.22415585740411,0.835343783698394,0.476404229469501,0.570309181401066,50.0629696397423,12.0669846898464,84,0,5,1,0.407743222009652,0.153015559204462,0.0125324014548926,0.51953898832705,0.160796949112186,10.0840401692063,0.857650867594517,1.87457888630098,0.315741022166997,2.31206496205349
"YJR043C",79,0.195509299131341,0.198635068051372,0.110810215587591,0.539437292935534,0.913436546711384,1.69331367829726,21.4668917433943,13.8722904111159,84,0,5,1,0.258134257473595,0.168743909734698,0.0160411420183639,0.648719335401576,0.292647659193109,11.9996172668421,0.882342153568032,1.86340587736547,3.56946078357792,2.12238884507672
"YBR094W",79,0.151921476952791,0.211029562105855,0.0639137614708624,0.383441279682607,0.372961701788911,0.972669666911265,76.4387748749502,21.2313376424019,84,0,5,1,0.219991296102139,0.171763884345935,0.0212871340781785,0.793160695660094,0.287300043394632,20.5241653354887,1.99216976290799,1.84457323450468,0.624813589062355,0.354975926288955
"YOR264W",79,0.539664760390062,0.1623780041731,0.521569323786528,0.925814173237264,0.2438780704278,0.263420108999887,5.90601527515836,6.11903702691088,84,0,5,1,0.200624485755752,0.142388199075057,0.010954470558262,0.292811414717918,0.0816400404906941,4.16902842325735,0.789870303219237,1.82480796234979,-0.360010915494114,2.46877062690669
"YLR455W",79,0.194411616090382,0.194877231195893,0.118240637762147,0.708915330646162,1.03255963267372,1.45653449436982,37.2087959424933,12.7119975705405,84,0,5,1,0.397810197167881,0.169892616587278,0.0137835509626123,0.598453598873028,0.14952696035084,11.3757850230104,1.13414071267339,1.81263991234086,5.73863665444312,1.17817174941228
"YJL194W",79,0.355090827824536,0.192011199428495,0.331313858386199,0.681557804690091,0.269514968385337,0.395439633338052,2.79823420017189,5.03023709009265,84,0,5,1,0.150287469623672,0.161919231344742,0.0168465681501136,0.403346629935487,0.059621417642721,5.43048941991266,1.07837421010543,1.78623728082864,-0.132620070271012,-0.371162743015593
"YER145C",79,0.172766290172863,0.194013317080203,0.0925432066096258,1.07712209939971,1.50505862104874,1.39729620429061,87.5099149061032,18.2681525098606,84,0,5,1,0.75885896902125,0.168407034131141,0.0144025494716624,0.676639372639446,0.142721321923096,18.2988099638152,1.80246738052855,1.7778993225778,5.04939851972137,-0.0170086040312039
"YNL327W",79,0.611020504976218,0.145576660849642,0.609782810311125,1.24658488555986,0.249652433652092,0.200269100439132,9.26600862105294,3.01207398327647,84,0,5,1,0.214053355144845,0.129327194894049,0.00926730638594666,0.270767387020677,0.101539914105756,3.48274119683765,0.879369186438788,1.75341844532453,-0.694291374996822,-0.535232779155312
"YLR049C",79,0.345144298450701,0.180661177502845,0.28699825539229,0.583755585027261,0.565829673056311,0.96929209341935,8.58223818763906,8.24688814326744,84,0,5,1,0.191624532720678,0.160314862577675,0.0118870795714403,0.481663405448905,0.105561061904834,8.01692995459806,0.792375853426299,1.71163276925082,4.61939922895108,0.290213523891495
"YOR104W",79,0.160634210483889,0.199735541963441,0.0780591413916228,0.455832211823779,0.730034366910483,1.60154185679337,74.8811672698211,18.5559836698743,84,0,5,1,0.218968595078399,0.17437363016965,0.014867145457696,0.742484474995006,0.141573726518564,17.6662892926153,1.20424995057587,1.70590325264237,6.06791530408516,0.738795444279217
"YMR198W",78,0.140758530307042,0.199387401756851,0.0622712647098141,0.218672795439725,0.221881204138858,1.01467218952719,47.9746086034603,23.1842850503425,84,1,5,0.988095238095238,0.0817227123907516,0.160621386566344,0.0229559068247779,0.987365844383749,0.32275172542039,22.251820846556,1.64375061001308,1.68871635028001,0.0846047998903032,0.567278392541001
"YOR323C",79,0.167806021230055,0.194536798459045,0.0869869787964398,0.848135852377158,0.75262787923201,0.887390713554369,7.98270789843228,17.7351236428135,84,0,5,1,0.743414003289694,0.16971122613302,0.0148957655204114,0.665002674656003,0.167817765444119,18.7017675149498,1.40736060121658,1.66661943570518,1.32517578404068,-0.686848751699271
"YKL069W",79,0.158512136780535,0.202353237822838,0.0765244568329885,0.38365255028395,0.241113097353436,0.628467338937229,53.4746754935383,17.7561478460416,84,0,5,1,0.214297955781731,0.171062383719724,0.0188453773204788,0.83524229201908,0.224700923868668,17.3673997702792,1.35068966781294,1.66039944815064,-0.920222976932239,0.287814503232178
"YLR413W",79,0.198852074327091,0.184870636457294,0.13942222725908,0.976874674160096,0.628383088926273,0.643258654920651,86.8836438375882,9.83179480416716,84,0,5,1,0.687843430659128,0.165099868672523,0.0120493139550172,0.575986749290488,0.143377885288604,10.2052864357133,1.12330017162534,1.64082103417506,0.469193038345849,-0.332494947459832
"YGR055W",79,0.189597640963404,0.191089729306136,0.10122741776369,0.899534946304222,0.595565740343658,0.662081826604476,86.8326969794388,12.6877851440285,84,0,5,1,0.577379606014909,0.174349748997218,0.0102784025018417,0.607085886794392,0.136362835406565,11.5730037658058,0.952383152131507,1.62865584471112,0.403305927499339,1.17051774354441
"YPR075C",79,0.166562417580046,0.191994156372315,0.0930750378938073,0.462436298510756,0.658156296845421,1.42323666841242,25.4612805957199,15.0297215997248,84,0,5,1,0.204749444877094,0.165622668284138,0.0162939039497287,0.772164359170975,0.275062555080501,15.5719005041028,1.17249889450169,1.61848800444263,2.36699724195794,-0.462413147611862
"YNL169C",79,0.166293015898357,0.201241543162732,0.0804708569678121,0.506959301424731,0.407215716040565,0.80325129629962,18.4508027661717,20.0930030262222,84,0,5,1,0.350076723621388,0.174067058853061,0.0167950767945912,0.752295001637073,0.182772953900037,20.1193949921731,1.83307653736816,1.61800298039857,0.278795596258821,-0.0143976344756155
"YGL093W",79,0.170039093077593,0.192037018053039,0.0973502307124768,0.353645433478466,0.344407245408907,0.973877258985952,33.6108711253615,13.3240994605766,84,0,5,1,0.155188796651468,0.163677913049625,0.0179201632357373,0.769038864392233,0.200860725470134,13.210488709808,0.994387894200112,1.58252492627186,1.01980312036748,0.114251944770501
"YOR308C",79,0.156224281524312,0.200076029122495,0.0698274162072891,0.488448167893922,0.732575766655562,1.49980246586708,1.96608077390534,19.6633238338752,84,0,5,1,0.303426265674765,0.172428154426066,0.0176492480891109,0.721161263981787,0.169218156522087,18.6504708309714,1.37737759084398,1.5665185597049,4.60140458854168,0.735348832184236
"YLR214W",79,0.172323671574987,0.191700971149082,0.100460802423544,0.822070221145683,0.813280082479582,0.989307314095565,78.5564350584485,15.1958449518772,84,0,5,1,0.511893638226166,0.16623231457393,0.0165003840448352,0.664137654857223,0.153416522284834,13.8365181800818,1.0867221520007,1.54351901785725,2.11952177246353,1.25085033860108
"YNR009W",79,0.294258292196301,0.171608672848858,0.237337935888574,0.725332351997097,0.636866075421166,0.878033461030172,43.9536698712195,10.3563154625777,84,0,5,1,0.319545229426936,0.152021010267836,0.0129882882655548,0.504498120807582,0.165707109481601,9.4584761032258,0.799064760565861,1.50810192848648,2.25419018768212,1.12361275788977
"YKL130C",79,0.16957602185272,0.189276296901023,0.0986791943538401,0.582576864629909,0.454592723638836,0.780313725516072,72.1901937647057,15.403773451073,84,0,5,1,0.391084750722362,0.167513297921483,0.0144396117352313,0.682578422875128,0.271571547611493,14.8427295258079,0.887962628421539,1.5071734184127,0.359887858284635,0.631832812899315
"YGR284C",79,0.165226683611458,0.193970897710603,0.0921004112646999,0.816256045472861,0.797854926685622,0.977456682998802,84.2752410324996,14.7607746321873,84,0,5,1,0.611202410045709,0.173281330775343,0.0140322919688791,0.681415734069441,0.192635450105075,14.3048824066043,1.49068814197739,1.47442534556335,1.53679371459346,0.305826693555305
"YGL037C",79,0.162883262145859,0.189622458375013,0.0880897080690605,0.696541564640119,0.475531884134386,0.68270424663039,3.60302087830129,16.8361726420715,84,0,5,1,0.451061046042084,0.170823711926476,0.0129782138796855,0.769351920443443,0.341522129827892,16.3690129440773,1.57523378809274,1.44848487032275,-0.25371027598334,0.296565310829079
"YBR139W",79,0.198291013268574,0.193059162707367,0.120644510378099,0.416119126799537,0.493979855483084,1.18711163142726,81.9708218325706,11.7929061780164,84,0,5,1,0.147481886445994,0.162219586318767,0.0217248534272635,0.695886245825206,0.193379085524487,10.8924785230638,1.0602741921275,1.41955279430785,2.54021981885859,0.849240377289428
"YPL163C",79,0.583077456859339,0.131717138079782,0.584600555158425,1.58802700652748,0.716770072341853,0.451358868202882,26.3956412618941,4.12626962593145,84,0,5,1,0.346548926063055,0.117621268157459,0.00998536322803204,0.223845797826415,0.087765653748717,3.23786494012693,0.857882669469744,1.41165319682624,2.59227910530768,1.03557831090543
"YHR153C",78,0.201936685891499,0.182643459074933,0.14654938322918,0.245711349048131,0.253253728261151,1.03069609622119,25.2710439203895,7.7811148111501,84,1,5,0.988095238095238,0.0697339207773588,0.143464065991842,0.0277906841737262,0.753097062319124,0.310928707576007,6.43034391203327,0.940752921019185,1.40980311381223,0.892806058553496,1.43584023917081
"YLR373C",79,0.154610079341757,0.194805003556573,0.0727728931764009,0.395857912448917,0.417415284306256,1.05445734739512,41.3524055518646,22.7402906985354,84,0,5,1,0.199732253907901,0.170023402134058,0.0176459416308775,0.841792150571578,0.290112388050826,21.025079682045,1.79732009258885,1.40437965515824,0.733044177300989,0.954315830309245
"YJL137C",77,0.144626766016625,0.184519566075742,0.0699390354024094,0.255624178852887,0.208110845231364,0.814128171150559,56.2255019444947,18.4783785585278,84,2,5,0.976190476190476,0.105251526786469,0.156432592650033,0.0201224960399971,0.864393884802945,0.292148122996117,18.6211555505214,1.28243456116934,1.39579967464679,-0.17205557624977,-0.111332769964822
"YOR332W",79,0.160974594012413,0.191785389909374,0.0901602261254195,0.77965303941153,0.652964358638184,0.837506333754604,87.3469638932145,29.4820397899649,84,0,5,1,0.968573116587591,0.175154503656198,0.0119357326184581,0.775453873747676,0.154956350099404,27.3740492863978,4.21131219490858,1.393369538746,0.40045122363247,0.500554317990414
"YOR230W",79,0.186239820281499,0.189968327120579,0.113023282248182,0.849878848222563,0.599709018616139,0.705640597916245,10.0194313866319,14.0297809671935,84,0,5,1,0.571378241217602,0.172852102497513,0.0125456010241688,0.668555788503073,0.135773166098865,14.5581472249879,1.29001560123466,1.36432081572592,0.273137988003964,-0.409581292884087
"YOR176W",79,0.163063772593335,0.191796334928326,0.0956709652348826,0.415453518108756,0.260049882376486,0.625942183761726,26.2095903487714,20.1260219096354,84,0,5,1,0.256580382132761,0.172511205175043,0.0143249136431893,0.722946118919869,0.151158639145953,18.89697271939,1.63989832487985,1.34626499214199,-0.641735964984976,0.749466702660072
"YLR095C",79,0.143896662695708,0.193419565474357,0.0655437326663424,0.494462105712455,0.664142401351858,1.34316137410554,86.7153409492072,24.377271708757,84,0,5,1,0.312896479083763,0.168906285140768,0.018215817196927,0.745124964916185,0.1389033325231,24.454206773965,2.15841682744011,1.34571400605206,4.30541440818128,-0.0356442111782394
"YJL074C",79,0.377471331238545,0.16625292111797,0.337565609335507,0.772369855631014,0.691823455652985,0.895715246535322,23.8402752330722,6.64897340248098,84,0,5,1,0.27984167763922,0.145345808164078,0.0159185869305984,0.380455759490224,0.192427094192787,5.32305690923094,0.788475217616414,1.31337744016118,2.67768678421592,1.68162101182879
"YBR070C",79,0.379115560099323,0.161282791717732,0.34258412397374,0.917271536401697,0.898384416899741,0.979409456466896,24.9872742278619,7.06049661067987,84,0,5,1,0.330176270535079,0.143139612171313,0.0138997060871046,0.353377589713733,0.173509734049806,6.03468347234875,0.62114071774979,1.30529231573112,3.60805040813134,1.65149878122197
"YIR010W",79,0.159702513256762,0.196815603902511,0.0790950609342999,0.370891494936237,0.265770343111365,0.716571684009783,38.7383625964358,18.5751453715826,84,0,5,1,0.194799672268702,0.165144861737129,0.0244935543239296,0.799593685862079,0.270411133531425,17.0102745897722,1.24411949221008,1.29302353372373,-0.307021389127264,1.25781389296502
"YDL211C",77,0.14770773106675,0.185341600544167,0.0736325271400873,0.176680872906765,0.169756178685187,0.960806769246422,23.7381291123201,15.4761790391434,84,2,5,0.976190476190476,0.0545136571202358,0.14202933968519,0.0336189505818837,0.933129825743537,0.420065272919617,14.0095252504019,1.30798019931942,1.28832875831397,0.0658872448810634,1.12131192009222
"YMR002W",79,0.23117977614667,0.179162876481796,0.176101950094053,1.0724448764199,0.778815818829302,0.726205920652249,72.302309006683,13.0659790701713,84,0,5,1,0.925386442027764,0.165757492780698,0.010411401824785,0.568654454850976,0.162668090259203,14.7848802741485,0.823051450963137,1.28756760393071,0.968545616723128,-2.08844927247962
"YML052W",79,0.501706383135101,0.131377279397554,0.484007781553173,1.32939316529135,0.384307822934113,0.289085150253414,71.80441714067,7.40287529237402,84,0,5,1,0.513559454520042,0.118875982667384,0.00974396476489484,0.289765169969375,0.0811581448039904,7.08726992652025,0.607621178531369,1.28297844171287,-0.0083789460392814,0.519411398096086
"YBL023C",79,0.228664112872022,0.193723830230163,0.166185682944542,0.470973799158221,0.326986838275024,0.69427819309578,4.15713202021267,11.6265554187347,84,0,5,1,0.226659307358459,0.167525271634902,0.0206252083673865,0.579311728151336,0.158681206821886,10.0771732571011,1.20381816731475,1.27022031140726,0.724512166544644,1.28705663670926
"YNL173C",79,0.187002813163312,0.195220657008851,0.111082945273774,0.412285085332686,0.270743651301755,0.656690384720764,9.90501162216597,16.0962469152596,84,0,5,1,0.216568736354784,0.170700869914498,0.0193489860881765,0.669672583112853,0.237122754489045,12.8398187366102,1.10384288613265,1.26723886112756,-0.0547488511596578,2.95008304130882
"YOR083W",74,0.130393865000497,0.173843223597246,0.0690061356095496,0.177233460020294,0.260401394452202,1.46925639448885,34.7480267728932,22.3806450689294,84,5,5,0.94047619047619,0.0447497475348866,0.135323092949205,0.0304619409678886,1.06888483977346,0.362848630610444,18.4529883642449,1.39321106513655,1.26453303447231,1.10341205929817,2.81913975776495
"YHL040C",77,0.158161372157291,0.198848265212147,0.0752008226752976,0.358989486838848,0.453112933866302,1.2621899818189,4.46075510178764,17.2495982083904,84,2,5,0.976190476190476,0.121178314429474,0.167589099925829,0.0247310949397966,0.782089284717715,0.160113798353096,18.8075430471222,1.6815987961,1.26396204302365,2.99849670696355,-0.926466433221194
"YLR194C",79,0.594064133901344,0.142087675466403,0.594643555401273,1.66252961605114,0.42630675203955,0.256420546090552,4.34654191955599,4.64008319085482,84,0,5,1,0.286193305234095,0.130278780332985,0.0093462486490117,0.240168376218242,0.0455732941611887,4.04963783453817,0.867392966254352,1.26349036676513,0.35661608780852,0.680712640392233
"YML065W",79,0.155716366015625,0.195799939950919,0.0710979246337708,0.42042941132058,0.364306431511582,0.866510338482947,65.729480743455,28.7503186472678,84,0,5,1,0.257676601501264,0.168605501461147,0.0216290525095254,0.753601212095984,0.192927686909863,24.8094487848734,2.06044934314075,1.25731066942464,0.585240657758545,1.91262642564522
"YDL037C",75,0.141503955508848,0.187471911047482,0.0728542407416003,0.204566266205453,0.193741735963397,0.947085458209494,81.0377896643981,19.1411976506866,84,4,5,0.952380952380952,0.0708026771405866,0.153431800124656,0.0270806149112655,0.885049592251979,0.293379967787187,16.8972685135006,1.30828084461342,1.25699180149213,0.211452289757272,1.7151738836695
"YOR317W",78,0.141657396709759,0.202135607220815,0.063893433513218,0.420275635138934,0.511251987880813,1.21646830112291,58.7209007780138,24.2356793716272,84,1,5,0.988095238095238,0.215624005489863,0.173404903718742,0.0230270307779331,0.810640935441127,0.23345364514404,23.6723963133544,2.34214336508121,1.24769466715635,1.73836379993722,0.240498966318928
"YNL166C",79,0.182855112500004,0.193527002376129,0.109418092263826,0.440157786136558,0.453689615643327,1.03074313333303,31.7570705299855,15.4212711517092,84,0,5,1,0.243653796900468,0.166817291587049,0.0214325295585353,0.703807784527963,0.226397763362389,13.0494603938404,1.2834969083024,1.24622297690675,1.44407499415864,1.84792868804476
"YKL172W",79,0.194503517136809,0.184201961274563,0.119012794073377,0.978585445763466,0.732332493978576,0.748358252362143,1.64568859446242,19.2591178186515,84,0,5,1,0.850300352374604,0.169910409479346,0.0116289515784828,0.647442054384921,0.231815172102734,17.5651898872037,1.01833266564474,1.22896304957197,0.435330427520502,1.66343277456916
"YLR437C",79,0.252302517361135,0.176999654629203,0.189502018308641,1.0232182885776,0.711266474601233,0.69512681950787,60.5542157113638,10.925593633156,84,0,5,1,0.696101436883715,0.159171226535362,0.0145469447330049,0.539908207861565,0.146012947901418,13.4202681724378,1.00739009056001,1.22557887041332,1.06304690013589,-2.4763739118131
"YML117W",79,0.145740584448141,0.193558072099234,0.0666394765353222,0.433210130075209,0.607855531021705,1.40314246787391,60.9057179428687,31.4800383107744,84,0,5,1,0.262213137706575,0.17133253489349,0.0182589588784961,0.795116560310833,0.236029650935486,26.9838675605444,2.97144169718572,1.21724011503855,2.57605730955076,1.51312770312417
"YBR138C",79,0.164519297781934,0.191793743592758,0.0982674955319813,0.207090722218336,0.13542120652228,0.653922131670898,76.9472347593373,13.6316518780929,84,0,5,1,0.0775234295035546,0.1523427389631,0.0327060743838527,0.835083437881562,0.267598221210959,12.7052325821451,1.15160949154472,1.2062286707553,-0.676989949301072,0.804456113595531
"YKR090W",79,0.171597441292096,0.186178490909787,0.0945567810292397,0.348919671111759,0.19000664077812,0.544556975457142,24.2190370732294,15.3023283836796,84,0,5,1,0.187799392072245,0.168663868967043,0.0147607904187168,0.756676630761883,0.218395456240123,13.7953793876425,1.41375334206352,1.18656396073043,-0.971264049887181,1.06592073114926
"YPL032C",79,0.215467226478527,0.180189380677004,0.142921671600621,0.776503155191608,0.436848966156548,0.562584920918643,39.8405484922349,13.3892878261166,84,0,5,1,0.495132042142181,0.160743720685738,0.0164336808981229,0.620564904412421,0.205935937349879,11.9001943795617,1.18683398214207,1.18328085544654,-0.281543786091457,1.2546771233052
"YDR001C",79,0.149918964024416,0.190758111111133,0.0700618838108366,0.389015784681906,0.353874924798124,0.909667264755036,86.0871647382082,17.522874135309,84,0,5,1,0.204511374579509,0.172257325993273,0.0156479879785955,0.736269935791002,0.154842455024849,18.1357795488936,1.88818264838016,1.18231079568608,1.11983066230903,-0.324600702220385
"YDR113C",79,0.223954668466437,0.177025900836868,0.167118017146574,0.420282447988847,0.60005522262468,1.42774276084116,32.8494108519974,7.53044469237899,84,0,5,1,0.154557923941461,0.154215852947539,0.0194271568853395,0.655470159678337,0.235981651774444,8.42994648261994,0.814387760378223,1.17413206800949,3.272595963948,-1.10451290405347
"YBR204C",78,0.150265822739382,0.190150714663435,0.0688132944723692,0.250928362681203,0.242969117360816,0.968280806380987,12.3483625150275,23.0638205268093,84,1,5,0.988095238095238,0.108171260092471,0.162275777824708,0.023762548708686,1.02040098137644,0.456622585918766,21.2993245171099,1.87696469765437,1.17306174436321,-0.114142787945068,0.940079486792974
"YDR077W",79,0.431925372335032,0.155313719998121,0.42176441751767,2.108174668651,0.566666454527813,0.268794831355419,0.184641713845785,8.49094822934977,84,0,5,1,0.738881968267524,0.141774254284669,0.0116928591009061,0.315138256129397,0.104050799495129,6.97940918443139,1.46853693773431,1.15792601250135,-0.445392298750647,1.02928227821795
"YGR188C",76,0.147692062658078,0.18480957619795,0.0826956130095726,0.258956485506848,0.358764889939554,1.38542539005098,30.2924995846406,12.29249572778,84,3,5,0.964285714285714,0.100429864301341,0.159625197594678,0.0223721633711253,0.807179271281754,0.225969152755837,13.5978828836756,1.02790767150911,1.12570153299415,2.55896042321327,-1.26994592226271
"YLR034C",79,0.161060957000029,0.192496297004185,0.0738692474000329,0.504447205803962,0.36969279791535,0.732867173535342,79.8570396484168,17.6916020545523,84,0,5,1,0.31070968281356,0.174376068584446,0.0161805018535598,0.730479140791438,0.22728625674866,17.9192430094485,1.55758234019989,1.11988049466788,0.0105067186114325,-0.146150189958528
"YLR190W",79,0.513414937522804,0.136445661647159,0.50374848064325,1.31663855330217,0.389726020361855,0.296000766029834,77.1762886257551,9.05025438575106,84,0,5,1,0.454076696501732,0.121998502147525,0.0129141010086558,0.31085251131231,0.137464189286641,6.54609304479089,0.857239070093882,1.11871197925051,-0.108040831285207,2.92119366501334
"YJL044C",79,0.185524611828672,0.188501061305376,0.110475233705305,0.6250525952704,0.539147699039029,0.862563731626123,0.805798678455691,13.8803421247329,84,0,5,1,0.370280854081026,0.171068011717669,0.0156546822077625,0.619631459926071,0.166720498748783,12.3846966193847,1.01819045823836,1.11359971134148,1.45712299041347,1.46892508493541
"YGR238C",79,0.145602804951973,0.183654043275606,0.0782360001026881,0.25167505882452,0.163650668534788,0.6502458737832,14.1490432901593,16.614253615108,84,0,5,1,0.12568961684304,0.165044272324542,0.0170449834836651,0.826806044557047,0.331352039539535,17.2754626325982,1.28067186862291,1.09180340179848,-0.532847695819843,-0.516298541172156
"YHR159W",75,0.141275604837021,0.180345906869962,0.0640502055192589,0.194450723530987,0.196298556718891,1.00950283523943,17.2747462040987,18.8954426513984,84,4,5,0.952380952380952,0.0689095192959645,0.15402443097159,0.0242519599881674,0.848635811600316,0.305583139976901,17.6589140570591,1.40275933282988,1.08533396522239,0.526426371727437,0.881497321315106
"YDL117W",79,0.408057342764388,0.166246008608277,0.386051378885011,1.08292705630123,0.60828008422759,0.561699960018721,3.51081224690246,5.88288122287375,84,0,5,1,0.289202199181982,0.153551734612851,0.0119101327507856,0.327961210413265,0.0654512596676866,4.82853410585859,1.02477469037024,1.06583816159301,3.57118794645374,1.02885749123473
"YLR326W",79,0.177487518454395,0.19252006945113,0.106981962096328,0.354884612655788,0.251467830076506,0.708590401242363,30.7596258853475,12.8510985214947,84,0,5,1,0.180153986017605,0.167101470455668,0.0240790305106719,0.78042746758762,0.318340655916831,12.2744252220547,1.33368635713658,1.05563216028139,-0.2256609861482,0.432390491478166
"YPR156C",79,0.263420094151956,0.178077826519264,0.197623039917139,0.561610760083551,0.503401101781331,0.89635230939386,79.1487312110501,9.29246304138779,84,0,5,1,0.239849699622659,0.161344097933294,0.015917306296963,0.528301046726572,0.136503109806276,9.58164201798872,1.06003976346835,1.05129148574357,2.69628481863616,-0.272800121813133
"YNL134C",78,0.145075827776367,0.191338981788848,0.0709368901946371,0.342892011052282,0.239379667565434,0.698119699058649,8.97840205155948,18.3388005465747,84,1,5,0.988095238095238,0.184544087117233,0.176195093931401,0.0144986052372794,0.776291918009689,0.236741798512606,18.3859535730573,1.55826084920814,1.0445065307736,-0.330200325595978,-0.0302600341313968
"YPL265W",78,0.150958242672535,0.197723778152036,0.0701166784155632,0.386691254085347,0.432273374964625,1.11787729977782,2.84130747368628,18.7349092600645,84,1,5,0.988095238095238,0.185170725466866,0.174123547779514,0.0226462649615051,0.771315401701423,0.18140040731456,18.5284682625445,1.69531798730448,1.04212462464068,1.91048026411226,0.121771254163473
"YDR261C",78,0.143271955984992,0.186035524321852,0.0680008710396665,0.410527573734746,0.390078053051106,0.950187217638996,46.3639736088594,21.6210005464419,84,1,5,0.988095238095238,0.270740573810432,0.16772047829917,0.0178980078048335,0.761979617653655,0.233504934677713,18.8008110344948,1.99078817801794,1.0233008177444,0.806011231604627,1.41661957966563
"YIL131C",79,0.208478528716235,0.174376353922501,0.137056981348594,0.541688118358817,0.61812273724104,1.14110447745061,51.4062544347656,12.4658178906126,84,0,5,1,0.249873503979831,0.160017632596181,0.0140700701282961,0.630033323722831,0.182075540661572,13.4370383173707,0.724935504588381,1.02051526363351,2.80691822674696,-1.33973356334577
"YGR124W",79,0.159503581944411,0.184266161120944,0.0868120452427963,0.930289189415205,0.939934636410266,1.01036822431649,7.26488182070756,17.4413445967311,84,0,5,1,0.834914956818457,0.167655630196767,0.0164683623761524,0.720060736400952,0.168460482959174,18.0878939320382,1.64371724270639,1.00863282849727,1.72329725533253,-0.393345837415778
"YKR046C",79,0.197284790782076,0.183270774458352,0.127275972523144,0.921814417215101,0.695724012040632,0.754733272823492,80.1426002655768,16.793201202071,84,0,5,1,0.653569085180056,0.166708682405736,0.0165256993977536,0.608235154437648,0.118887751674397,15.2778099224857,1.00812567743355,1.00220218545591,1.23223895079675,1.50317694857565
"YDR302W",79,0.149776847104867,0.18485855589416,0.0781709651111815,0.529817924797412,0.461443589863236,0.870947486421264,46.820256851195,21.9777445208041,84,0,5,1,0.348892265163804,0.169368941807096,0.0155454267756932,0.727231527636064,0.143434463965348,21.2105305009838,1.79044627088396,0.9964097036746,1.00196253265826,0.428504352404557
"YNL181W",79,0.184228780897462,0.189025154665515,0.115683293600974,0.510362494501692,0.381539077242705,0.747584474472861,20.5217720663033,17.5104039484259,84,0,5,1,0.308647929866848,0.167952162066707,0.0211655683182456,0.657059924809076,0.206544901868344,15.3831790066888,0.937552179257125,0.9956261170007,0.438280242431193,2.26891365494204
"YKR091W",77,0.140264196377743,0.190022515316623,0.0722310603139149,0.376177733019234,0.442061975812504,1.17514126172349,15.0151864310349,26.3789007097064,84,2,5,0.976190476190476,0.149174289550194,0.170589916636078,0.0195416915914858,0.880732248048613,0.317517623030916,25.2535692255058,1.9674001961924,0.994417427456044,0.927221018047899,0.571989108458212
"YDR400W",79,0.187191072147822,0.185766100490102,0.126650740079837,0.443378077704854,0.271174884555223,0.611610943777283,28.2756169384323,14.2331022165526,84,0,5,1,0.284412038283952,0.163363932390697,0.0225311910303136,0.665955708868092,0.207506797825232,13.3092057732672,0.861911640659805,0.994273585859914,-0.261893902563035,1.07191549539589
"YOL016C",78,0.148990941850181,0.193156295491514,0.0813820984662432,0.381033200511426,0.337443975283589,0.885602553348814,5.0008515685652,20.8494785253763,84,1,5,0.988095238095238,0.175634519432394,0.175946077969697,0.0177103598664549,0.838035333861028,0.261376367198486,18.0269082383226,1.59688784891469,0.9717598993804,0.18198745356218,1.76754447030954
"YKL116C",78,0.162722726766586,0.188153552525136,0.110610082621805,0.240567634689636,0.186360060105507,0.774668048534195,7.38091942712679,13.7765232699655,84,1,5,0.988095238095238,0.0942644321551858,0.158545561570514,0.0307740549391941,0.768135636368347,0.192527958513228,13.1980633600823,1.1478855030287,0.962108861283444,0.0339296807398475,0.503935199422731
"YGR014W",79,0.174040370319431,0.188248259924747,0.100900363808908,0.704802471053206,0.973179837695205,1.38078380491623,42.6658012207219,17.1671916615664,84,0,5,1,0.355624058511912,0.172784378190308,0.0161377353706358,0.730747037870905,0.248528946520576,17.1927658573724,1.43211046792332,0.958243606012826,2.61553745004712,-0.0178576976977977
"YOL101C",75,0.132582921469341,0.180737306169982,0.0651262409854951,0.222371532379209,0.211362080063116,0.950490729643765,3.17235117909276,18.2714277674956,84,4,5,0.952380952380952,0.079336701493186,0.154560339617111,0.0275926806710463,0.856673507105329,0.278050940596581,19.5844246408382,1.95070162068408,0.948692403791677,0.337410196624917,-0.67308954861182
"YKL183W",79,0.183168919646014,0.184443048713188,0.121241793382711,0.574325873897527,0.326216226053608,0.567998484623057,79.1343444712968,15.9641371527985,84,0,5,1,0.397364985509129,0.169319184407761,0.0159804122195799,0.638051958200937,0.188103041409605,15.5800025270884,1.12007018702324,0.946400136468081,-0.372420738404404,0.342955852374805
"YPR167C",78,0.138490376171122,0.195323187277477,0.0658115113022497,0.391961097954151,0.305689071653302,0.779896457196523,87.3191810191506,21.8096211560037,84,1,5,0.988095238095238,0.247011362709571,0.177510664353971,0.018966107908834,0.747624954873163,0.11006634544092,22.7198306303796,1.64164149865985,0.939176504168747,0.293200452818544,-0.554450819572341
"YNL160W",73,0.179996762363011,0.192762721613556,0.104851345903038,0.378619341411464,0.407796141863697,1.07706104063111,85.2587590888891,15.9937750863092,84,6,5,0.928571428571429,0.0643886434201412,0.162939014794412,0.0318530105498275,0.79034806415027,0.189458206536165,10.612414092575,1.39155727491936,0.936291619044626,1.51333099643857,3.86715019979761
"YBR071W",79,0.399263865932612,0.159440012290421,0.373665975629176,0.771404799147414,0.39458048873637,0.511508988759826,13.018821357835,7.75154239297257,84,0,5,1,0.215987698739542,0.144587957620392,0.015872403558603,0.399312420020114,0.171107492212267,6.94721147060525,0.735275983576582,0.935715540194895,0.655708100733115,1.09391703296881
"YPL127C",79,0.347326261539411,0.156295403916375,0.298366654476467,1.20407693087725,0.947334428425928,0.786772343305118,36.9002434862344,8.26225902012025,84,0,5,1,0.580023019971567,0.141670339311961,0.015964096189638,0.423087867911156,0.166437608328663,8.56119422952601,1.10669762586114,0.916122305370883,2.18510995829618,-0.270114620669902
"YKL151C",78,0.128154854446452,0.191707093221925,0.0591356553677424,0.32021761923013,0.365533854319517,1.14151699459367,6.79952892459896,17.4450385654251,84,1,5,0.988095238095238,0.14601429647051,0.171819320749369,0.0219772177312506,0.865968046762721,0.295827117081681,21.7956830889686,1.73594649167076,0.904926761692679,0.931452635408213,-2.50620888628671
"YLR209C",79,0.165504743450641,0.18098788554936,0.0984207914056801,0.582421553183751,0.733772972585894,1.25986575973158,52.1803734590975,20.5429286538209,84,0,5,1,0.354146982981114,0.168317190078188,0.0140906759133338,0.66875088841242,0.173603518500279,18.8976716948961,1.41531620426244,0.899225526802594,3.40497056986901,1.16246599450346
"YDR130C",78,0.139310307282697,0.181095786661667,0.0761471631950756,0.247516209892587,0.257313881927511,1.0395839611441,43.7243958990168,19.966170724398,84,1,5,0.988095238095238,0.111771243551038,0.1593994384001,0.02421522347943,0.840457097638159,0.223136099355711,15.8891643867894,1.24354008220514,0.895979683193837,0.892400934142476,3.27854839256881
"YHR149C",79,0.215222094652983,0.183442641141848,0.142775420322738,0.554465997810352,0.44241514674641,0.797912132562785,17.1561084224352,10.8414480899518,84,0,5,1,0.293156158242144,0.170400818675869,0.0147345234800958,0.542311518369461,0.11785905415873,10.2763459769145,0.994467535004125,0.885120070804885,2.16869731407387,0.568245913663733
"YML064C",79,0.160425580461597,0.180596026500694,0.0807723232450202,0.435454082873632,0.452113814990217,1.03825829811181,73.0485648515991,15.2354220102314,84,0,5,1,0.232060201774821,0.164775994186232,0.0178760267287891,0.773607531341611,0.275023824984764,15.1474069203156,0.896238897911735,0.884985939799702,0.962283055967467,0.098204943035709
"YOR383C",78,0.141127141446631,0.187818038524984,0.0580744625329147,0.667868760231126,0.782998174780835,1.17238329055826,62.084639227118,30.2191540982515,84,1,5,0.988095238095238,0.278151604415347,0.173305583251791,0.0164328787121824,0.881496408905237,0.315372538261271,24.9949331406672,3.13984824725635,0.883135300112343,0.922359579108438,1.66384504797305
"YHR023W",79,0.274391338007684,0.176934530191438,0.223678130097439,0.640128273540445,0.435131014455396,0.679755968360463,78.051905025986,11.3614297540999,84,0,5,1,0.305069730821861,0.162875355546165,0.0159450911337287,0.626448131865478,0.192793126182766,10.7375248765322,0.695773892785025,0.881724320504718,0.276502785915975,0.896706364003405
"YJL118W",79,0.199816755878056,0.178332013054924,0.130991539709022,0.576403375307723,0.63523289126049,1.10206310107285,37.6905096518008,9.51906307602995,84,0,5,1,0.290313665707708,0.164534095031352,0.0160910093502474,0.5939746391502,0.142184297906515,10.2253536678462,1.09986882586527,0.857492387409451,3.57344987740291,-0.642158933144225
"YJL060W",78,0.134159138334553,0.186709127065633,0.0527682717452965,0.378265814678498,0.630565451926571,1.6669903212441,4.82600378896243,24.8919937848028,84,1,5,0.988095238095238,0.171615082474409,0.164953008191633,0.0256112378598786,0.910000433820072,0.259806986077175,24.0443745874264,2.22404936782091,0.849475491697427,2.91366255716914,0.381115279921573
"YOR049C",72,0.173990180185706,0.183344092694721,0.118936082151525,0.317003152122183,0.328382804797038,1.03589760101334,71.5722963356842,17.67902943321,84,7,5,0.916666666666667,0.116869307744742,0.166096470758066,0.0204764752246392,0.82494599563304,0.307104651133084,15.9445304107502,0.759064973911457,0.842314009000016,0.686904625514411,2.28504684325239
"YOR247W",79,0.497268352592556,0.131781820710195,0.474205434011157,2.00254170134657,1.3905007512058,0.694367937641838,37.4122989532527,10.2939774552595,84,0,5,1,0.803482398684104,0.124246624165605,0.00896166168013954,0.266539351424606,0.0833689280984629,8.53099752518112,0.688931141997294,0.840825821542683,5.13175107291706,2.55900745750483
"YGL090W",79,0.146543806670608,0.189675532289528,0.0812961591699392,0.296185316596797,0.183499134315266,0.619541631650385,5.37889715416996,20.2751544440287,84,0,5,1,0.175524291607787,0.168982144525867,0.0246770030320644,0.785872995559742,0.228787661640102,19.7598574241148,1.8749044817974,0.83856972975093,-0.727011949494928,0.274839078425977
"YBR108W",78,0.141792897837624,0.183734594548264,0.0715587990005759,0.249952702850593,0.268850156943744,1.07560411981001,10.276349818341,22.3385523120093,84,1,5,0.988095238095238,0.0834432112103354,0.159870592287522,0.0284790232530395,0.86798928172276,0.182225343562013,21.0667955014422,2.19808196107503,0.837950165941679,1.13933020527736,0.578575700582662
"YBR287W",79,0.159414104253166,0.182381849235079,0.0908735505797621,0.618844503981035,0.627104123856445,1.01334684209406,3.7885368509712,16.8996330145984,84,0,5,1,0.44572297374191,0.170250510187084,0.0145958763901586,0.665400177988176,0.127187028309241,14.6995679805294,1.30880147934172,0.831148382167317,2.73570873328284,1.68097688518468
"YGR230W",79,0.183568766050022,0.185735034081276,0.11213001610345,0.444076603449244,0.381536401931293,0.859167988062899,84.7900163821902,12.8091042852041,84,0,5,1,0.203368100619808,0.169784914690546,0.0197510955470131,0.598821650529569,0.186640292053125,11.1221391598142,0.898206880282931,0.807556186074024,1.39490961286765,1.87814763215638
"YOL030W",79,0.161428094696069,0.184684294882129,0.0936292085802142,0.470918623173387,0.291593418668827,0.619201289394464,67.6811417060266,17.7104272131802,84,0,5,1,0.328238019330817,0.172685828840595,0.014919291490384,0.729654901427529,0.159095217386816,17.6185682009317,1.10951995972863,0.80422492242798,-0.69426104597798,0.0827916716982285
"YBL009W",79,0.164058068238485,0.174784324674591,0.10234812764292,0.384152211319247,0.225281152297437,0.586437213321723,31.9255245221698,16.8814606871345,84,0,5,1,0.212065111176807,0.160485643945129,0.0183841352152333,0.700929042595257,0.143304945968505,14.3677189777245,1.04926552617677,0.777772822167541,-0.798938435095579,2.39571552357137
"YMR278W",75,0.123179362901125,0.18079966623977,0.0602191093273862,0.190668692784691,0.128271869769137,0.67274741278048,2.09436084327643,25.7239700071906,84,4,5,0.952380952380952,0.0914398037067438,0.159898370029096,0.026932167404787,0.885639548926008,0.243026580861721,22.6141936963085,2.36282900549192,0.77607182134771,-0.876003502952878,1.31612414764426
"YNL176C",78,0.143181240603067,0.186110283392725,0.0725157164192349,0.348857989960964,0.346816595765463,0.994148351896055,55.1391236047917,21.4894992720118,84,1,5,0.988095238095238,0.193735496163591,0.171228509573467,0.0195747414512785,0.863760855089576,0.251507888235592,23.5141015971178,2.07340249679799,0.760253914785976,0.518423090906568,-0.976463724835214
"YLR084C",79,0.149145831491365,0.184942850325031,0.0653190126838713,0.345038342158265,0.277427757302776,0.804049067612096,75.6377812259314,18.121592702534,84,0,5,1,0.173024150352281,0.166707847204756,0.0244434572799964,0.804823786130223,0.199440435298942,18.5500735287276,1.87035951568489,0.746007527142963,-0.00388446062588137,-0.229090088082197
"YER091C",79,0.184126629713255,0.190282204963881,0.109794220719602,0.668954221975968,0.523319992603017,0.782295671977711,8.40467480705465,15.5496455559647,84,0,5,1,0.305874152020448,0.176947839601595,0.0181488431769336,0.689579031445574,0.367148932232729,16.1334917457565,1.42838453343805,0.734722606410194,0.252531418158573,-0.40874580767585
"YML120C",78,0.144519551884629,0.180209291414233,0.0697274624075974,0.428837419286063,0.435414771483512,1.01533763590034,78.2973547844035,21.7592129656173,84,1,5,0.988095238095238,0.24741492516689,0.169788072872539,0.0145043720087335,0.78748130040836,0.242289246086406,25.3180828216362,2.14974140274422,0.718488090033759,0.940431072251211,-1.65548742349934
"YMR031C",79,0.243429251646289,0.180439057186772,0.182398064545246,0.467767180710079,0.617512654586325,1.32012821773629,79.9031655642543,10.4839333384816,84,0,5,1,0.160160972737,0.165396755599173,0.02141273085154,0.608411450504375,0.215208781062773,8.8593186952501,0.830687541566944,0.702493376108411,3.30709910495853,1.9557469709573
"YGR099W",79,0.158981586992911,0.181213710278536,0.103599827840252,0.27586568728795,0.212538057170284,0.77044035182395,42.1028680075759,17.2059340599553,84,0,5,1,0.130394563755331,0.164252324639932,0.0243066841642935,0.872200678797072,0.26682957776401,14.7700410729968,1.16453211046862,0.697807464150938,-0.381368241953752,2.09173535453501
"YNR066C",74,0.127463791234903,0.184463392856332,0.0630809750414557,0.180717791060844,0.164760904198718,0.911702734033783,0.643070730495109,18.7029694421756,84,5,5,0.94047619047619,0.0695528434701928,0.162795344718398,0.0311310357153234,0.898618549698157,0.270282707788469,20.3280829042505,1.46296947699916,0.696027216571814,0.0484092543051844,-1.11083210389892
"YMR076C",79,0.304150044619973,0.165459361474826,0.267991558459267,0.565850868253343,0.634459311622525,1.12124827797996,24.4670841461704,6.6249723163929,84,0,5,1,0.187053721611816,0.154086530338982,0.016738439149369,0.508447015754233,0.174043850593967,5.70942140090536,0.953561223517474,0.679443945421401,3.52095900047253,0.960138576220915
"YPL155C",77,0.140335532435433,0.177508901161823,0.0763537263026058,0.299183693441372,0.355638177475064,1.18869505682051,71.1267584981826,19.1787052374316,84,2,5,0.976190476190476,0.133398719898186,0.165140398681029,0.0185205621305667,0.871233011262848,0.205173044096449,18.9972667399276,1.13449036000299,0.667825436053092,1.54728925018255,0.159929518928265
"YKL209C",72,0.11905018476962,0.157911914517301,0.055895722998496,0.181768065265439,0.384078127481627,2.11301213401129,6.52346067979221,26.2476095462693,84,7,5,0.916666666666667,0.0396232660737752,0.136439824699948,0.0328436387263512,1.0263735028281,0.352152823525564,27.821441593077,4.28366942185782,0.653767080933279,3.08570188449532,-0.367402778276283
"YIL104C",79,0.149639171769786,0.185873492753442,0.0766907892536605,0.459370023644623,0.547251851459202,1.19130945270945,0.808441824579225,17.5993230982049,84,0,5,1,0.280675010755189,0.17230214692436,0.0208611494940311,0.809636193611684,0.219903054420802,18.2687809600332,1.81943626460733,0.650555993233522,1.73564328200463,-0.36794795995383
"YJR001W",79,0.151997685660326,0.181853273939262,0.0787326761883564,0.615981418999353,0.517428161709446,0.84000611990861,40.525037575417,21.9217149511787,84,0,5,1,0.432666621241715,0.172036818397574,0.0151633350019431,0.784101963069816,0.25268976504158,21.7999896815903,2.10605529066848,0.647381037247431,0.221236332344502,0.0577977558935861
"YBR008C",78,0.142855521326983,0.176642441651516,0.0682552028518714,0.305822335860849,0.290103030330564,0.948599877487569,45.4910977864013,20.9704912356881,84,1,5,0.988095238095238,0.154555771922882,0.166707635272641,0.0154556933643726,0.87063102374604,0.264229583870697,23.6209894723083,2.03445855263824,0.642792668349375,0.295079955088161,-1.30280276940666
"YGR221C",79,0.234016254098952,0.160694273367729,0.185883837184143,0.378244432529068,0.483495146717895,1.27826110614526,23.9213727931911,7.29058981834826,84,0,5,1,0.0959095632263252,0.149229928609661,0.0179859860307253,0.602468727894801,0.210695909450688,6.32840512328974,1.05323592833269,0.637404295682397,3.2074299876649,0.913550961541623
"YPL232W",79,0.259312829017749,0.167980838652293,0.196656030992469,0.941286493980245,0.479504835713441,0.509414337483849,15.892023610249,12.9079983002312,84,0,5,1,0.659840391626826,0.160069869961026,0.0127173211176862,0.507950718996617,0.129558900108352,10.1972251833004,0.78014634406718,0.622062509710831,0.0112969351083367,3.47469822494915
"YIL122W",78,0.185568949890807,0.18074821951382,0.11181765405854,0.300831120090728,0.187193296118292,0.622253761717992,82.1596644384716,12.945235345917,84,1,5,0.988095238095238,0.1254006194275,0.165533705383594,0.0252199100048597,0.728726080874115,0.30253428357093,11.2536529108738,1.0358135650171,0.603273926326233,-0.351934722568924,1.63309546444813
"YFR002W",79,0.153697183275771,0.177675606303216,0.0761273601802108,0.605580512531658,0.466358394622227,0.770101390271945,87.526125546567,16.953082698099,84,0,5,1,0.520501335561099,0.167820876986755,0.0163593437597516,0.712253742823686,0.196544684198068,16.8584018537427,1.23319935533131,0.602391481051097,0.294323134122326,0.0767765924843857
"YJR030C",76,0.171422959356844,0.149293127400817,0.127602480827607,0.17940820834555,0.173170054917412,0.965229275261907,18.7904261042096,8.62055453168325,84,3,5,0.964285714285714,0.0552601542275832,0.137335392802858,0.0198863784842296,0.74619361489283,0.280585147876936,7.24243349217801,0.812549303136314,0.601302776543381,0.780638825776856,1.6960460542959
"YEL042W",79,0.153652330882784,0.185339733716793,0.0672234475737503,0.613220751248563,0.548705854441372,0.894793356754751,46.038962761924,20.6971612025233,84,0,5,1,0.478562902085695,0.174611437710695,0.0178967268116449,0.710606306191108,0.189814846452307,19.7472651117605,1.82691413632204,0.599455761883635,0.970351129040488,0.519945667876392
"YIL056W",79,0.152851515442955,0.181025310228365,0.0860964186331434,0.47774733301017,0.432233135178981,0.904731654817589,75.9523588494153,17.4121246483053,84,0,5,1,0.2711251357957,0.171914730925355,0.0157617778722044,0.706983623015639,0.172520167716981,17.2854278501648,1.31339760028083,0.57801723745119,1.14623139090819,0.0964649228180483
"YOR152C",76,0.129421080838946,0.173933817499992,0.0718640375385657,0.210471224417613,0.197709148563087,0.93936427229024,69.3435195116757,21.3356842660357,84,3,5,0.964285714285714,0.0751650003331104,0.158237127496464,0.027275702160337,0.889853070229118,0.266335994553937,20.7858268769858,1.20363643028944,0.575482526948569,0.185897524456069,0.456830131768067
"YLR100W",79,0.156101999036138,0.180853061669761,0.0854522652265143,0.819800618415585,0.913341567544235,1.11410207192748,83.5143475610989,19.2679774289605,84,0,5,1,0.715767434666349,0.171265956726377,0.016805319760723,0.750637579325948,0.222815124712053,19.074429069107,1.1689315139653,0.570480364544544,1.63123797395372,0.165577159603645
"YEL047C",79,0.151087709137988,0.173764462690556,0.0829635742072163,0.319807583045769,0.343674731106837,1.07462971275966,24.01622019928,16.041085602846,84,0,5,1,0.142229436092058,0.15791054775838,0.0277933830281448,0.845795189845405,0.285606361129327,16.7478184024605,1.43899513575767,0.570420481598868,0.801223481190739,-0.491129387482168
"YMR183C",79,0.189134850325028,0.174601621448094,0.128368646501496,0.831343240685068,0.50735127991022,0.610278949874106,71.4805942306798,14.4837223649735,84,0,5,1,0.711163538290236,0.166733113510613,0.0138007873234456,0.609409792918986,0.141967806189016,13.1651837900084,1.03870846255517,0.57014920620601,0.00612221163693613,1.26940197610554
"YBR161W",77,0.133847168438661,0.159801497937562,0.0782537015103961,0.213850424101702,0.168089749682046,0.786015507746229,29.5376758512577,15.6432544998042,84,2,5,0.976190476190476,0.103251296155137,0.145832842227911,0.0248826063458811,0.84627257769724,0.226210766317325,16.9229034334122,1.20943023526595,0.561382337343567,-0.266375782779868,-1.05805932107087
"YKL035W",79,0.207631128915636,0.168757833387779,0.156919941808226,0.826868924497223,0.624983405381166,0.755843383231734,52.3090277600855,16.5468779445616,84,0,5,1,0.546966766405481,0.162324291817164,0.0116277717251846,0.504444929723462,0.138897851489939,13.871537796169,1.0905023927081,0.553291010751417,1.80995206773578,2.45330974629849
"YBL098W",77,0.138815496057438,0.177969576469923,0.0597300059182051,0.219437416317897,0.171702350163263,0.782466149321223,72.4649638316329,24.7472474192912,84,2,5,0.976190476190476,0.086334612617188,0.163355953107364,0.0264951479102767,0.83624300139429,0.229484872330191,21.0487208596609,1.9100824465396,0.551558474481723,-0.234337242045703,1.93631775755587
"YBR256C",79,0.163955321384687,0.18450431309314,0.0873718766624034,0.730300296291633,0.611137470968489,0.836830375219295,86.7130913165593,12.502885633045,84,0,5,1,0.582746922681455,0.174545902787748,0.0183724169595533,0.703810908657302,0.200656584777846,14.8727480008785,1.33936908224704,0.542030497528762,0.662921013577816,-1.76938709370361
"YLL061W",79,0.171005502494372,0.182648457299703,0.0932586011952425,0.386144659435857,0.330204085311872,0.855130524902993,2.94661282603927,14.2208538449903,84,0,5,1,0.200680372175527,0.17119270959464,0.0213185834994451,0.725047096905786,0.167617869930574,12.3553139335909,1.21380430251864,0.537359703348072,0.776071358328842,1.53693631463356
"YBR038W",79,0.373628745577254,0.158818169020956,0.341594498278065,0.734410751498402,0.449606955077607,0.612200943627641,79.6121826399,6.75310142288603,84,0,5,1,0.252054573683813,0.151537420976189,0.0135672646657524,0.421814831020595,0.121375274383974,7.0815886024069,0.704194966771062,0.536640820691448,1.56857410682142,-0.466471921869983
"YJR003C",79,0.167632500025933,0.177609102393124,0.113728014026535,0.621883539771763,0.656894490196502,1.05629824265422,83.0219019503936,12.9436513756274,84,0,5,1,0.434227833415675,0.168193900156087,0.0178733276854999,0.643388852988086,0.143832475447446,13.5829536469776,1.23685385918625,0.526773883560336,2.87076606574159,-0.516877775496267
"YOL011W",79,0.170564709964711,0.179473103282672,0.10472845449922,0.521163885230306,0.458216233866841,0.879217165372754,2.1433849454356,11.1651007749334,84,0,5,1,0.240067254349232,0.168613778959566,0.0206635408749999,0.602885604905012,0.156075657201098,10.822564026512,1.36165309285729,0.525530662377624,1.770497497324,0.251559483262045
"YLR131C",79,0.191897766899842,0.175738595318787,0.126496532801192,0.321611195810447,0.191845424460549,0.596513513707464,73.1628885599965,12.1386706857067,84,0,5,1,0.135934924908705,0.163417267869577,0.0236803790762583,0.754540638970966,0.19777059571321,12.3419683484151,0.911755386110759,0.520317998691292,-0.799042570982898,-0.222973909236285
"YOR273C",78,0.162640970299061,0.175228938646784,0.095292087144431,0.391259658024145,0.50510826477453,1.29097967146758,74.5121014132115,15.9900601654606,84,1,5,0.988095238095238,0.174089125357194,0.165729510935816,0.0183231212588394,0.733388662673429,0.216183672930109,15.0695903794775,0.979862040403806,0.518439384686436,2.57924662504194,0.939387125971077
"YPL241C",79,0.255140322960749,0.168373028932217,0.199762560190346,0.549689922027661,0.399703095896354,0.727142848866421,27.3227766830213,11.4870550417029,84,0,5,1,0.2649645200564,0.159144096938015,0.017975115856996,0.516690714926653,0.160822516065785,8.26608534673884,0.64835666604561,0.513428234211355,1.30859869058187,4.9678978618498
"YMR058W",79,0.146239347921947,0.174188028216156,0.0797841803586136,0.766490710303629,0.527779356549283,0.688565887954747,83.5163159974721,23.7069586849481,84,0,5,1,0.607081774519713,0.167590347468125,0.0130418072866421,0.660929374075275,0.112971769585474,23.193466354664,1.98859517493829,0.505886998866201,0.244632034895778,0.258218634318054
"YML050W",77,0.131062219196057,0.167195903863592,0.0649802191064823,0.194496289114186,0.128354500727048,0.659932903150111,81.6596846034051,22.8562267912656,84,2,5,0.976190476190476,0.0757730696463848,0.154056933360321,0.0261787025955957,0.917970481903543,0.407761915403043,22.3299185793745,2.10835987998215,0.501895403536236,-0.632814318861484,0.249629210310893
"YHR113W",79,0.155705896571896,0.176105706531374,0.0839084359226444,0.58788372207899,0.57633510726387,0.980355613905622,9.69060722982446,17.8770855533571,84,0,5,1,0.397780857357536,0.167875203985605,0.0167595664114395,0.664327793817044,0.246718925200772,17.1927805402577,1.13017647200004,0.491092808949414,1.28092249036593,0.605485099055712
"YMR048W",79,0.224722227644901,0.177429720830448,0.168401349890231,0.435039663256976,0.28710156503884,0.659943424214289,21.5803354587277,9.63252298632087,84,0,5,1,0.190418168590506,0.167295735504571,0.0206400774189079,0.607038630203302,0.246535464124505,9.13971247211133,1.19747781677253,0.49098581949088,0.214593037147263,0.411540412111994
"YDL101C",79,0.271139567696192,0.163248306397606,0.224041049417121,0.599098000187453,0.40104674259342,0.669417595231391,24.5929591282292,7.27669077388931,84,0,5,1,0.251624288061413,0.155973047804214,0.0148870401703574,0.469522249850919,0.177953363840538,7.48149619863543,0.96091677456452,0.488697451618243,1.12330186441205,-0.213135445407268
"YMR238W",79,0.147405777927971,0.183146981140818,0.070663764074874,0.534061068346523,0.455698647402178,0.853270673357715,35.597099401736,18.040786358253,84,0,5,1,0.337713750150098,0.173941869518602,0.0192046034636343,0.741687927051123,0.230096268140171,20.6511101707816,1.74008130445251,0.479317973924659,0.484939400401824,-1.50011600368859
"YOR270C",79,0.143972870813603,0.1760782880884,0.0648507352208072,0.796539755326784,0.62797972024295,0.788384655057573,0.976725385702747,19.7983092853547,84,0,5,1,0.776659504682762,0.169574545103997,0.0138598743387193,0.746935789199207,0.150180962386569,20.4249515809401,2.04059273620062,0.469249780009479,0.275992810271624,-0.307088369211839
"YPL058C",78,0.125178895761095,0.174352557418872,0.0590561493721412,0.231162549496459,0.212253273818171,0.918199225093002,48.1914980158749,42.7740634405686,84,1,5,0.988095238095238,0.122619538119619,0.162945046188487,0.0250649715969004,0.850619833052685,0.251901027322122,32.2043718454245,3.66703792438796,0.455117660368531,0.268277556303487,2.88235131817137
"YEL032W",79,0.306309152363025,0.162438640359301,0.253842815830216,0.610383729327631,0.255203735015533,0.418103764490337,6.10476036627389,9.17599043940504,84,0,5,1,0.256922335155021,0.155681877386211,0.015428341127632,0.441488370979127,0.117267578115683,8.25776690511771,0.825009023274422,0.437944878013401,-0.199412376929297,1.11298605031367
"YER001W",79,0.328949802936469,0.158898428502654,0.30075137118741,0.791574563120349,0.565412230615711,0.714288024095775,26.6324999130122,7.38546906808795,84,0,5,1,0.310521769531156,0.153161719247214,0.0132525672937029,0.440089101591972,0.108617908414704,6.74993163275214,1.05417274551393,0.432875316027715,2.52443567092922,0.602877885090812
"YDR146C",77,0.174035758984571,0.166739894593125,0.118814246204162,0.274737583043851,0.264502921511798,0.962747501020203,71.5799064335743,12.9064060491653,84,2,5,0.976190476190476,0.0985563781569745,0.156858367771331,0.0229771001068756,0.782382653245041,0.190423643846755,11.8853384447184,0.833584492675662,0.430059788912918,0.947176748284014,1.2249119476413
"YDR451C",78,0.180298253339206,0.165321047442553,0.127031023771789,0.448129302549889,0.54058317896727,1.20631071409817,50.4978709295157,13.6075194621248,84,1,5,0.988095238095238,0.184064094791898,0.156696927887101,0.0201881451173608,0.716811540679625,0.249115485004734,12.7302917100797,0.717519137385519,0.427187317374474,1.96494880038967,1.22258446686384
"YNL233W",79,0.268351567240552,0.170034906920947,0.207780798371768,0.687471536521871,0.82665413263222,1.20245579448208,19.2137639589271,10.4603939439,84,0,5,1,0.291519900631904,0.162598198231354,0.0179851606503612,0.497431159415857,0.222417925802847,8.57301540839557,0.950064658817294,0.41349136847683,3.16981930535203,1.9865790375299
"YLL032C",77,0.136189906655746,0.164428897962135,0.0721180741169504,0.274196944718754,0.378880019191058,1.38178060145666,63.5330128787403,20.2584594889008,84,2,5,0.976190476190476,0.114283896367093,0.153512952996461,0.026571945533434,0.842595625850032,0.281273151591408,19.5691169378993,1.25134276842365,0.41080714063406,1.91694433882504,0.550882274942012
"YKR042W",79,0.442046347069105,0.136872527474031,0.411828634726782,1.7354052990002,0.72826914563489,0.419653637138518,85.7515095416949,7.16346554562629,84,0,5,1,0.711331197145219,0.132581545471362,0.0105247565100832,0.284864953347905,0.130977110189953,5.71569708664105,0.904972926496783,0.407703684028955,1.02910106655378,1.59979201210986
"YNL263C",79,0.198757928084435,0.171531541053217,0.132537105165194,0.769597654619474,0.715275373773154,0.92941470062928,19.9258684779509,14.488613873679,84,0,5,1,0.523430761317889,0.166290749954569,0.0129091808317076,0.638156878000691,0.265711827286665,12.5452452214819,1.26669392297933,0.405973947299198,1.0961417322021,1.53420539638032
"YKR077W",78,0.345213859909827,0.165738968407892,0.304032934044377,0.573021331046352,0.303346876238803,0.529381472911111,15.2426450457103,7.22383270469474,84,1,5,0.988095238095238,0.14476053638074,0.158373518829981,0.0183082097845618,0.41585262948968,0.132144618965894,4.70208275581636,0.99966530284048,0.402303101427288,0.859125738980955,2.52259425400982
"YGR035C",79,0.171391223264432,0.176788248607847,0.114667086310467,0.586207231121705,0.4888085573364,0.833849416018063,75.2451260304035,14.9364459206465,84,0,5,1,0.346324321128091,0.171228061441017,0.0139426319454481,0.662724565848939,0.134877287873189,13.1905395505369,1.11687889522706,0.398790356697653,1.26874474470464,1.56320114702734
"YOR025W",79,0.306444501911406,0.160483809665829,0.269037890451588,0.623600197502902,0.307289840727829,0.492767388397754,74.417193549521,8.45783446759357,84,0,5,1,0.276693815845287,0.154503875575516,0.0151746219931834,0.528926081408628,0.181292167442516,7.62826823968214,0.677642805221569,0.394074665780767,-0.199449835704229,1.22419395811366
"YPL116W",78,0.160518157836652,0.169921560464194,0.0921404860895364,0.347473790104283,0.403773388848737,1.16202545443084,45.3457614394243,14.9162298745511,84,1,5,0.988095238095238,0.135611743206902,0.162201077200711,0.0201259941883485,0.738377573444331,0.232271720738052,15.0881221461413,1.16904225802592,0.383607547097131,1.82393224470183,-0.147036833279643
"YGR138C",79,0.139608921639357,0.168812746483687,0.0785842665764074,0.256403858837594,0.191558523216345,0.747096881009415,59.1047795597646,24.3980715651691,84,0,5,1,0.131654259072699,0.160970448171698,0.020480312935211,0.782099601319639,0.192998084263683,23.3129688298824,2.0064953767959,0.382918871249573,-0.181363045357495,0.540795033886125
"YMR179W",79,0.331503680500405,0.161697432909781,0.299020747435719,0.534312628440731,0.287776032711307,0.538591112007057,19.3893189541034,6.80120289679343,84,0,5,1,0.17187783596817,0.155981182704459,0.0149792463092372,0.452156725342943,0.213143278424255,5.26666145106031,0.909148143749884,0.381611336599534,0.405522460305175,1.68788932395961
"YKL104C",79,0.314129826653231,0.159047013724032,0.278549510223788,1.20571683174741,1.02972128123334,0.854032434581666,0.102480501536631,9.66718853720088,84,0,5,1,0.633983538783897,0.153773657415894,0.0140717193756551,0.454560151904518,0.1835575793336,7.46758984463635,0.878525977771613,0.374748541195422,2.17627778775151,2.50373779286963
"YBR242W",79,0.174300648293982,0.178303041382228,0.106434210065822,0.709609581154429,0.59784599153591,0.842499886435163,76.4817926857278,16.1303582074432,84,0,5,1,0.536257702843783,0.171982871724098,0.0169226305063385,0.693182855833627,0.215292731248398,14.1820918783757,1.01349424456873,0.373474422653309,0.693553515419239,1.92232599199071
"YGR146C",78,0.157066438870571,0.181304199120735,0.0892411678071968,0.492512953533948,0.520809714645331,1.05745384138294,83.058053298038,17.289325880158,84,1,5,0.988095238095238,0.235826264992647,0.175006283860424,0.0173119695410701,0.661896793571595,0.154976149253306,13.7460664532947,1.61165333689334,0.363789645387861,2.55237370212893,2.19852454976044
"YNL037C",79,0.16653381264585,0.174570153980985,0.103913996158743,0.792633279993811,0.537634749932118,0.678289397508412,52.6990279309804,19.2117619806569,84,0,5,1,0.644447855462575,0.168815455616339,0.0158498279734574,0.658641525866733,0.178791550758165,16.5728135096108,1.04304695449112,0.363076392644947,0.109892618294108,2.53003803873197
"YHR146W",79,0.160903167849926,0.172057427629414,0.0891520823346966,0.827250530405409,0.890263915959704,1.07617207029582,61.6944680299141,17.8750140140144,84,0,5,1,0.622639606400349,0.166974386770001,0.0142899182723187,0.687260501072064,0.151984818874199,16.0552352850867,1.13348458362614,0.355708182688473,2.55888431558197,1.60547285354865
"YKL001C",79,0.163699124330905,0.183506526163905,0.0809037672824474,0.633890264139573,0.732438659140795,1.15546601766315,8.21388352800846,16.3619104651841,84,0,5,1,0.338026208705394,0.178030195226029,0.0154934371969423,0.753671799451019,0.195390648445334,17.0588704055425,1.60183650245865,0.353461331289122,2.05636360495802,-0.435100548207404
"YFR039C",79,0.143360085475913,0.175932990388797,0.0698859028910255,0.345786770473927,0.267184429472403,0.772685516875637,78.8916218432355,19.1462007820135,84,0,5,1,0.211148791849566,0.169254939767934,0.0192636912083208,0.842637634570277,0.329026429001094,19.0678247121623,1.78057176038509,0.346665161346554,-0.212603339819875,0.0440173609370776
"YPR157W",72,0.12023219969773,0.134289003215894,0.0763838691507774,0.127878808211582,0.154858601724102,1.21097939439567,80.7673319680309,13.9613278436223,84,7,5,0.916666666666667,0.0302058578867107,0.120622943953585,0.039561497310478,0.930152875867562,0.223359773512355,12.1732342384436,1.30963050457456,0.345438372947762,1.25728332417285,1.36534205558962
"YPL255W",79,0.162518414106,0.175158398631318,0.086343803053799,0.367768108553723,0.589982146210288,1.60422323874259,18.6739512205744,16.6617580340709,84,0,5,1,0.14013070526968,0.166655497946437,0.0246471124158767,0.781642144413526,0.326903044654252,14.5901811338522,1.25035195573563,0.344985673835091,2.5162845919623,1.65679502536537
"YJR092W",79,0.248310743956472,0.164831925812975,0.205907940016499,0.533943840744252,0.430812477295052,0.806849792844416,71.7923582287067,11.7084826480933,84,0,5,1,0.254325955095887,0.160312631930647,0.0133332256006347,0.622463797183697,0.271973062241648,12.0923914224525,0.70268097138565,0.338949779872668,0.677956831978058,-0.546348613371735
"YLR099C",78,0.133677707415244,0.174073061939861,0.054804738504003,0.385800195088163,0.641939443716633,1.66391684579096,86.1985421665521,23.103552997769,84,1,5,0.988095238095238,0.178703069306194,0.165446964283365,0.0255611673022346,0.860125550691154,0.303676219050684,28.9149636394901,3.19274988137436,0.337468846962299,2.64686941115283,-1.82018976043918
"YNL225C",79,0.157327815244218,0.178168387960717,0.0920552307530579,0.345333232915509,0.244635003501387,0.708402725784694,17.5098529724887,18.1170090787729,84,0,5,1,0.206130975570398,0.172070228287597,0.0189397027144468,0.801528063644023,0.242481552624704,16.7017470599407,1.21624662570054,0.321977581436287,-0.384051227201853,1.16363078747872
"YLR212C",79,0.219909869432009,0.172226434483474,0.158994539417074,0.55480753961815,0.61900003906032,1.1157022838701,23.4915506089751,9.12133321225816,84,0,5,1,0.24160721222249,0.166707885148787,0.0178566037139756,0.565263838655252,0.133991826033574,9.89631891264583,0.929585651849645,0.309048093527834,4.10800017813716,-0.833689395749215
"YOR283W",79,0.15067205837084,0.176469109744701,0.0695108053866236,0.66101778260566,0.699378828189003,1.05803330347956,10.8747021926745,20.7962422535905,84,0,5,1,0.50497854810987,0.171485037824376,0.0163448295329692,0.704588543040568,0.182477774066325,20.0729566078861,1.87421397526972,0.304932633911632,1.93691950840287,0.385914124666762
"YOR372C",79,0.139031576060276,0.1763788035436,0.0773688946076982,0.260711657426568,0.183137046952305,0.702450549239009,36.7425617963014,21.5518555587135,84,0,5,1,0.140938905810545,0.169485337838181,0.022749153563906,0.828504345668351,0.19829960785515,21.7329770172162,1.35031826627775,0.303020755741724,-0.63567345287651,-0.134132421241653
"YKL065C",79,0.149177172862912,0.17551062861377,0.0709930921834585,0.743226885932072,0.604216618017056,0.812963886874618,1.93006579239366,14.5051452986843,84,0,5,1,0.632141412976809,0.170320076454871,0.0174479017722516,0.743360585349179,0.226547034346736,18.707434713056,1.27840241523137,0.297488616491096,0.307235544822492,-3.28714132913393
"YNL172W",77,0.112858927116573,0.160135922928311,0.0578520886015137,0.162468688914354,0.168239983061151,1.03552250089147,80.8238845466089,20.7802932425721,84,2,5,0.976190476190476,0.0503863007805269,0.151421716394969,0.0296944033344071,0.908018816880699,0.27946135759524,21.9201723801306,1.74842063769985,0.293462927515538,0.456247994742252,-0.651947885411637
"YDL095W",79,0.187736710172955,0.171392721396066,0.122234972106823,0.896598526416362,0.92232556946242,1.02869405011057,31.6976345179071,15.6333740098597,84,0,5,1,0.65017740292809,0.166617852353258,0.0163236463136082,0.670532085052998,0.226808037191254,13.4021970716864,1.16747081006017,0.292512405076292,1.5791414162081,1.91112010591363
"YOR023C",79,0.150666038226503,0.170580219694934,0.0796349769203983,0.381938635504031,0.426141192116613,1.11573209019362,79.4608172629283,16.5344103958598,84,0,5,1,0.187716553988883,0.164643197732531,0.0210224800883224,0.745064696093313,0.165531422891535,16.537814467649,1.04532598765283,0.282413013947896,2.23925697988587,-0.0032564691105276
"YPR155C",77,0.117945079861938,0.16622317397461,0.0523099825527537,0.183181615318191,0.109109068689365,0.59563329267427,79.5165013172907,22.6385161464013,84,2,5,0.976190476190476,0.0795405223411373,0.160488689088224,0.0212276029990999,0.874039001571203,0.262855219585563,23.9445447145345,2.41639778052355,0.270142836505305,-1.05915990306713,-0.540485750591207
"YGR109C",79,0.382589896176123,0.15502679365572,0.362800850437343,0.667664792989396,0.380227839879868,0.569489126688019,19.6048632957838,4.55264857808764,84,0,5,1,0.123974316780485,0.151210915628841,0.0141575057377696,0.397655625678744,0.214871478843707,2.93080695776864,0.830172684653027,0.269530388866365,0.799703627182007,1.95361959059983
"YOR114W",72,0.124040470407982,0.140718565134843,0.0686008548771127,0.137504615480382,0.159526718568331,1.16015537377428,29.5077537121772,10.6061343313665,84,7,5,0.916666666666667,0.0304018518589614,0.132160380861777,0.032565245936511,1.06406979419113,0.553467783833945,11.3078645802289,0.993650918303073,0.262801155862635,0.17360645441285,-0.706214059622434
"YIL158W",79,0.406227357593286,0.136386615012596,0.393152535921493,0.97971372111162,0.250690762894135,0.255881649396205,74.605619427815,7.13344734450897,84,0,5,1,0.410540982478707,0.133783453090759,0.0103161351358996,0.372342983889158,0.149331007344525,5.53939415882354,0.894891501125243,0.252338873768525,-0.77988715514563,1.78128095269767
"YNL328C",75,0.19378030938325,0.163447467918707,0.141554366220557,0.220826954551866,0.125476084014032,0.568210000761302,5.2692969873846,7.10714600352489,84,4,5,0.952380952380952,0.0580956173054411,0.158399217038909,0.0214143863340421,0.712313501048371,0.166170503571108,7.93941537727211,1.00227502741617,0.235741094843942,-0.867202645416578,-0.830380235944598
"YOR355W",79,0.157464527040281,0.176072670613578,0.085196128637098,0.801246599567722,0.502388043896259,0.62700801996202,74.9371456542239,17.1938516207254,84,0,5,1,0.738553762699804,0.172782337967216,0.0143042698306512,0.709526446134686,0.165545677727241,20.0686831763289,1.52860806902188,0.230024509137222,-0.498463187354405,-1.88068584345692
"YLR050C",79,0.340119903588068,0.149668832682418,0.304802104398897,1.07740326062515,0.657867231958075,0.610604456103422,28.8614605218815,8.04978403242447,84,0,5,1,0.547725267237468,0.146712539427454,0.0129379263719706,0.443916333486682,0.176590681635646,7.37283607773528,0.918765573799917,0.228498228384486,0.943923660483188,0.736801610762803
"YJR054W",79,0.16890030549753,0.172344208575199,0.104231529077767,0.383338433119279,0.287871864352544,0.750960090304773,21.3882423844022,16.8230678444919,84,0,5,1,0.212336501866079,0.167887738066813,0.0202453990942545,0.753348081433592,0.227293160287012,14.1626744115664,1.24744128472807,0.220122630709273,-0.0105062164026555,2.13268028362989
"YER152C",79,0.162582781384082,0.173059308115852,0.0902039331933532,0.551981652712706,0.496268819989688,0.899067600437047,20.4182949058095,16.6918489574767,84,0,5,1,0.307179600199743,0.169801380344352,0.0166716271071231,0.756735877214404,0.20162197056375,16.8191514426577,1.20315363836773,0.195417504876218,0.705933598529335,-0.105807339246962
"YMR305C",79,0.48035537008852,0.128256710534369,0.451821894694671,1.40339086558563,0.487070135462993,0.347066627984457,28.8305205496369,9.26454053287582,84,0,5,1,0.532527618461749,0.126158670981189,0.0107927231731127,0.297565429818071,0.121578010420083,5.9585271572562,0.651869144773691,0.194393900364948,0.407155849938217,5.0715905210813
"YGL255W",75,0.130908909789441,0.161649714063922,0.0701649758405566,0.274937437143861,0.312279602067007,1.13582058998974,72.7251978588158,24.6337745067909,84,4,5,0.952380952380952,0.107349406286104,0.156921506945384,0.0244894538624092,0.901079166077693,0.268324370333509,25.6285307528365,3.12499770507572,0.193071154020128,0.874841981815805,-0.31832223250272
"YOL114C",72,0.107551590113416,0.143623187866919,0.0590550425168604,0.1430698186379,0.135620247627563,0.947930520348308,78.6241667897531,26.216624498439,84,7,5,0.916666666666667,0.0335958547998272,0.138334134806489,0.0278339382871177,1.00124763749885,0.376386807266118,24.0704362664143,1.9769819491121,0.190021728361682,-0.141655116814032,1.08558817797428
"YDR353W",79,0.174939784951316,0.170100498198917,0.114358380332742,0.926058945208219,0.822629993891426,0.888312777656355,21.6061262147328,17.2365513734788,84,0,5,1,0.927061772649651,0.166675770743769,0.0182121548306946,0.655739348677892,0.208624775660972,14.4545335739222,1.62742075853517,0.188046251911711,1.11479294940697,1.70946436867416
"YDR337W",79,0.158237321821615,0.171722422652924,0.0951530056232713,0.542160756355607,0.646897939319237,1.19318473669631,87.7182111883264,14.5078108403808,84,0,5,1,0.369197062692219,0.169364501475801,0.0126583586063848,0.614979438016064,0.139390809811356,14.3112860615953,1.17469659928495,0.186273848801689,4.14808766419218,0.167298329547491
"YML020W",79,0.136675081145717,0.16805517514419,0.0782183731891147,0.240141567867041,0.359961085377677,1.49895367376371,17.7394721605661,17.563832754385,84,0,5,1,0.113228458000739,0.165028973646637,0.0220263044456636,0.861193493142232,0.347210772595455,18.1258117882491,1.59772552566637,0.137390341853261,1.83680988885834,-0.35173690651886
"YNL208W",79,0.166061920505692,0.175914676949232,0.088101885902266,0.96452550623078,0.695145685907894,0.720712600566074,5.98785406919196,19.6099145220954,84,0,5,1,0.862287096620227,0.174241071966531,0.0126998056084127,0.738883269855022,0.227885858933393,16.7937090224653,1.90623859459408,0.131781937007953,-0.0797358351851868,1.47736254402603
"YLR231C",77,0.117654884366562,0.166872104763198,0.0637595975251369,0.227220173623965,0.210092567181696,0.924621101334892,2.4688863306614,27.1590844197005,84,2,5,0.976190476190476,0.0975142857221299,0.163363331647088,0.0274711239481041,0.873273215705063,0.30429561902324,28.7314623102701,3.09748845684588,0.127725866722418,0.16874342717996,-0.507629943573919
"YDR307W",78,0.136158324830908,0.171178357105151,0.0818848788151527,0.291914841853369,0.25669891134807,0.87936231579829,21.2975860986486,17.778165544543,84,1,5,0.988095238095238,0.143423366868387,0.168339286608937,0.0223819116213721,0.780700255298081,0.177807849328973,18.0679101039825,1.39805922647836,0.126846649394457,0.554880230949017,-0.207247700206084
"YPL256C",79,0.491404638171783,0.139410700192936,0.473735109628125,1.05432637824065,0.477328904819503,0.452733531732384,22.1360652815325,3.67141182232962,84,0,5,1,0.236976067103174,0.138025646341815,0.0112594775485174,0.306011230487052,0.172331088811442,3.23581923830986,1.0144428953384,0.123012266346556,0.851397749862007,0.429390935676526
"YHR152W",79,0.388388091738342,0.148491707701661,0.376903058980767,0.852254460453924,0.295215243336626,0.346393309786129,82.7007950588229,6.83931256350126,84,0,5,1,0.331441974137762,0.147455790290601,0.00845990163498286,0.37159025136933,0.124572653578561,5.39239581628577,0.793872014547662,0.122450290293719,-0.202267037422552,1.82260707104019
"YHL026C",79,0.231449820524734,0.169312204071042,0.179209779807959,0.46202854506826,0.273610545297507,0.592194028308541,81.2097581459619,11.0855843704224,84,0,5,1,0.207711589725317,0.167147328995956,0.0183157272452612,0.617259699211216,0.23197566932764,8.14397256827559,1.08843534653966,0.118197603955163,-0.10805301683287,2.70260591177854
"YEL064C",78,0.13179157352483,0.152207962749842,0.0720924623715133,0.190804869362923,0.181216955193297,0.949750159932299,23.3261329666089,15.7628996828815,84,1,5,0.988095238095238,0.0739794403233066,0.14935224978581,0.0249024788381027,0.98771720571491,0.345299703303427,17.2131036085865,1.19184930826004,0.114675851452289,-0.109953890546057,-1.21676785450513
"YLR353W",78,0.147911484244363,0.169220940618484,0.0800442238043989,0.332104193912279,0.352466115829772,1.06131184818121,74.1034013959444,18.912368443013,84,1,5,0.988095238095238,0.157580086560322,0.166778990811767,0.0220928793738674,0.785816556511724,0.230831944501547,19.4409956579478,1.42667184963299,0.11053107951177,1.19348858869766,-0.370531748468111
"YIR036C",79,0.154807018569767,0.173422839087644,0.0760659111721755,0.489021745378873,0.425565644997777,0.870238693921612,5.87513790893508,16.8583374457151,84,0,5,1,0.329836279928269,0.17147966297345,0.0181611815496678,0.713139819707315,0.147531575784794,16.3482387699744,1.15812982276831,0.106996128466663,1.06484915773867,0.44045034132823
"YHR110W",79,0.400191367441046,0.140899105177398,0.390180568037091,1.10702460800925,0.608568019862237,0.54973305512749,25.5624190825324,6.4901948805191,84,0,5,1,0.506552802951131,0.139393467950978,0.0145198333666129,0.350924031930878,0.12618386402527,5.92545823075348,0.932053107116793,0.103695213877743,1.57555028713337,0.605906085665626
"YML119W",79,0.362787093893328,0.156288414702829,0.343534239383677,0.654732095713038,0.194049918789786,0.296380641884458,78.5071540619422,7.28960613059678,84,0,5,1,0.214215185431539,0.154530224011317,0.0171009443247081,0.459376479360186,0.219059907993586,5.71536891786067,0.941352147594445,0.102812491411459,-0.744069688372645,1.6723148895543
"YOR320C",79,0.133441835970291,0.178598063270984,0.0808303955945294,0.522815946261837,0.731341533412048,1.39885085495418,12.1412819468383,23.2705625875109,84,0,5,1,0.324431927445536,0.176876265606548,0.0169466307850708,0.77781755885068,0.188077185785764,22.8490669775992,1.79733543920998,0.10160117879908,3.30201291299046,0.234511377629635
"YOR307C",79,0.139448582539088,0.168970962585794,0.0644498102694442,0.348403960090315,0.41179676217023,1.18195201358642,37.0938604282563,32.1183601745125,84,0,5,1,0.172425697821104,0.166348476535244,0.027114929203881,0.845701624791412,0.323878169468452,29.5913773514702,3.27864927700298,0.0967174220087824,1.03820022617412,0.770738987169805
"YBR053C",79,0.141393486364766,0.172620843498254,0.0739699090771451,0.335567069866649,0.353163051505122,1.05243655655922,6.25775692610718,17.9531213498975,84,0,5,1,0.174770357935819,0.170797332659854,0.0190588052749498,0.747118231143322,0.176844204091969,18.4198152698076,1.96435742022929,0.0956781294574026,1.72648194484854,-0.237580959098375
"YLR233C",76,0.121077945065933,0.148683295538273,0.0663811475005752,0.163172893073787,0.155887723208807,0.955353063074727,17.3488975299021,18.760185484646,84,3,5,0.964285714285714,0.0560129492565914,0.146232005084424,0.0312652110232833,0.988235847961019,0.41022558623674,18.3720760782382,1.12288816092421,0.0784031315836305,-0.0801578107010493,0.34563496162289
"YHR127W",79,0.176387379565729,0.174928666680003,0.101182790321153,0.557721793097121,0.290012557257334,0.519995024126359,21.618604921755,16.5958471370801,84,0,5,1,0.400143368369353,0.17379897459629,0.0152612185950121,0.704465323775952,0.281861657763574,15.083913798341,1.13169033650851,0.0740237142060562,-0.654471066101252,1.33599562527307
"YPL274W",79,0.177361433946606,0.171012764958198,0.107002367600744,0.763338855034197,0.53209529883457,0.697063034752414,3.06045159265952,12.3919765488457,84,0,5,1,0.541766548888106,0.169708186933692,0.0180319249908189,0.689910981696044,0.23001524380982,14.000031410191,1.58310230548833,0.0723482393127834,0.0310938220350454,-1.01576180880446
"YFL026W",73,0.110669093507488,0.143764410905948,0.053175307671124,0.194379466514903,0.473798399368622,2.43749202456163,2.32099367205043,22.1399377514824,84,6,5,0.928571428571429,0.0506685735148462,0.141028937693077,0.0402329930625714,1.01051635849777,0.335804328888542,30.9679713803122,4.63441809711476,0.0679907957287115,4.24942605947613,-1.90488502414702
"YHR061C",74,0.114547078665787,0.142644980613867,0.0628507061022183,0.1576883829666,0.14091393681932,0.893622815887245,38.9827257635623,21.0120981865643,84,5,5,0.94047619047619,0.0571978621568159,0.140928884504758,0.0291348892782182,1.01449677448103,0.362368419074823,22.0134110710158,1.627934603374,0.0589017549619667,-0.333566481600118,-0.615081762115166
"YGL216W",79,0.136905883982728,0.175396707512324,0.0614732700229692,0.343617132761416,0.312019748599916,0.908044794194126,42.6517930682138,20.3129155157779,84,0,5,1,0.174455402267269,0.174215429563795,0.0247017939874437,0.796231081773403,0.19078846951993,21.7942552120881,2.20616916330968,0.0478215448290643,0.586061163455385,-0.671453359491206
"YCR041W",71,0.122968949016703,0.157227768753331,0.0584833888022872,0.242700349896642,0.596741442476925,2.4587580641357,18.3244371844043,32.4052701613771,84,8,5,0.904761904761905,0.0715473070090356,0.15608814717643,0.0256928426654557,1.01129571861475,0.377651324244796,28.593556941491,3.63295478066691,0.0443556048561798,3.83280092666295,1.04920469700601
"YCR065W",78,0.203018002592365,0.162471347981864,0.150877752602075,0.450790830440794,0.665011963744424,1.47521182516991,24.326956076943,10.0849684117532,84,1,5,0.988095238095238,0.170548790925195,0.161752912562592,0.0209984883331552,0.595385459256207,0.177410514259317,9.37749800764395,0.896160960162626,0.0342136732832609,4.95926844914999,0.789445686164267
"YKR079C",79,0.15148241567323,0.174029636412062,0.0849011779481365,0.438641971683806,0.347954124916867,0.793253148076966,87.6556806716185,18.490111742731,84,0,5,1,0.256119576705866,0.173514266694351,0.0166108422455367,0.724146733867556,0.161593476369637,17.1916967948482,1.33541457255714,0.0310261039201066,0.427655965834493,0.972293529339381
"YOR115C",79,0.174778812834528,0.167497410712609,0.108880979041686,0.617552067479808,0.339933966917036,0.550453937113813,22.9107582621785,15.457854190777,84,0,5,1,0.473976540150925,0.167196139058887,0.0141180071173862,0.659368702156365,0.251646465315785,14.4500360777254,1.20735255462571,0.0213395312254309,-0.432808642497232,0.834733905345476
"YER018C",78,0.177256112686655,0.159224891030315,0.128601219989652,0.478271589939849,0.491438786271724,1.02753079340032,41.7682762022379,12.6162584879682,84,1,5,0.988095238095238,0.242801672451798,0.159060698491369,0.0156677106912325,0.648640996346378,0.18541023691159,11.8223571998875,1.08076027245378,0.0104796764620606,2.04352145472209,0.734576675619452
"YLR135W",76,0.124292879027267,0.156886865171479,0.0645047880863593,0.202531133641634,0.210749338457561,1.0405774888441,21.1374594165581,20.7190668005971,84,3,5,0.964285714285714,0.0779839527846551,0.156710162032748,0.0221673655849376,0.903539713871557,0.350630916215715,21.6371192942266,1.63544136959523,0.00797131883146927,0.390831979254902,-0.561348459625095
"YGR092W",77,0.214091430684452,0.16923549496503,0.174093983886643,0.331695127899056,0.206910260815185,0.623796502908398,82.1716534115987,10.8615077688658,84,2,5,0.976190476190476,0.127745641409311,0.169103752306034,0.0228504998893708,0.660913886850693,0.195622075400338,8.05872224230814,1.04021522361081,0.00576541693324993,-0.189740262525763,2.69442848262557
"YBR087W",79,0.167639200850788,0.170260541442581,0.0985443492633649,0.688683729892866,0.668531932148353,0.970738676013665,20.2299881488272,15.0755054570192,84,0,5,1,0.510865720399312,0.170248246945718,0.0157774294854673,0.671424794259779,0.184155514637357,15.1229873360354,1.30089319577486,0.000779245876148183,1.62533216745261,-0.0364994445128151
"YPR111W",78,0.13063391665359,0.166120778104654,0.0590855138067268,0.250417113161408,0.151432689982606,0.604721810226282,75.3321972310102,28.9148811218273,84,1,5,0.988095238095238,0.134623081088968,0.16611745930686,0.0214993282040163,0.87343470707367,0.239944708365342,24.2880870409167,1.83087281323755,0.000154367511532363,-1.11989507365273,2.52709748457568
"YMR163C",76,0.127087759714617,0.162221928355709,0.0654500542116712,0.22505675381365,0.215832013953442,0.95901149508339,43.7472566212029,16.8705936751368,84,3,5,0.964285714285714,0.095542266170326,0.162406956011675,0.0193078240711185,0.893096017758716,0.190415726296297,18.1795484417803,1.21995742152169,-0.00958304028898562,0.346166141876883,-1.07295118956762
"YBR086C",79,0.19561191795304,0.164241817896105,0.130748573373233,0.768854749978542,0.441337417171026,0.574019237292016,59.4328939065375,15.5794474238301,84,0,5,1,0.469479486012792,0.164394310976348,0.0130421765251292,0.632167441205441,0.22764189150172,13.8441847208802,1.1091554531815,-0.0116923030407666,-0.255437184824948,1.5644900793414
"YJL079C",78,0.188592523391456,0.170858209751327,0.140130053935193,0.429033706521624,0.314931329945989,0.734047990073516,0.325887596274366,13.5879726257727,84,1,5,0.988095238095238,0.170576833173676,0.171123733778261,0.0180119014763146,0.667958227667766,0.118343170352483,11.2002055616926,0.845222216706859,-0.0147415877931072,0.558458609896142,2.82501692085581
"YDR528W",79,0.220004564101362,0.161420959367238,0.158991852081788,0.387326457500973,0.210356492638789,0.543098692498331,17.9825919871832,9.12563636999645,84,0,5,1,0.147607587239814,0.162152807416927,0.0211869135153057,0.590592438021782,0.332568436948848,8.45041276065396,1.05296123807562,-0.0345424570294409,-0.142808938692988,0.641261601022017
"YKL089W",78,0.193369525220921,0.158359967623742,0.140404044353673,0.362361421873371,0.219057187291498,0.604526790294053,23.1553675002686,13.8105971231043,84,1,5,0.988095238095238,0.17535249069527,0.159117400160722,0.0157961218845162,0.633099132182982,0.219475648362509,9.97019140403066,0.931149176199475,-0.047950537639453,-0.13018456535887,4.12437213846705
"YBR007C",79,0.128230797831134,0.161573045364551,0.0571156773951099,0.332563763227224,0.326878108579618,0.98290356534208,29.5522482783475,23.8745633964113,84,0,5,1,0.165723655611953,0.162778743734506,0.0193023824664986,0.829513430695888,0.338437485180274,25.1099370487897,2.22554145115645,-0.0624637073712489,0.453230334590409,-0.55508903315932
"YDL089W",76,0.121812474148087,0.158402260428119,0.0632722978264826,0.283452415029898,0.339227099041328,1.19676912615314,86.8036525549716,15.2070066881485,84,3,5,0.964285714285714,0.123433923701555,0.159878254177309,0.0231540948212153,0.835680131801713,0.210230514607151,19.1855478901794,1.41722166116805,-0.0637465537127,1.71758602706262,-2.80728224175733
"YLR286C",79,0.545705546343762,0.127259020058492,0.538974283813538,1.86650621608987,0.465487291908772,0.249389628545636,17.6409333526417,6.11349085999934,84,0,5,1,0.305888219411867,0.127979654912478,0.0112591302489094,0.238156736776948,0.0786484649659411,3.32715511127056,1.15808707752409,-0.0640044868524209,0.14282404333705,2.40598121057163
"YOR229W",77,0.153007910479116,0.171186062337892,0.0873924985356229,0.352819040366304,0.259390994350191,0.735195566772376,85.4848047695048,13.1653908057719,84,2,5,0.976190476190476,0.169308122776556,0.172664085084368,0.023076016922776,0.739402218060681,0.22160220209435,13.192225920732,1.13712106399337,-0.0640501673846683,-0.0189828947932319,-0.0235991714601711
"YHR029C",78,0.130197919885598,0.166375575819279,0.0638183264954044,0.265913725123474,0.292581186825383,1.10028614239271,2.1654892079769,25.7128936985946,84,1,5,0.988095238095238,0.119668716685244,0.167951817960232,0.0223395902510367,0.780644256680284,0.216226548392502,25.1839116773394,2.52770874942686,-0.0705582386803137,1.47827308019643,0.209273327623335
"YOL007C",78,0.482248809287379,0.136848858602386,0.462175614769954,0.898065567835261,0.268103016175509,0.298533899726004,25.138642722736,4.79194528403817,84,1,5,0.988095238095238,0.231422771743844,0.137771885409585,0.0114998781049302,0.305971937787541,0.124496081363225,3.55749621661667,0.763174058558362,-0.0802640513904883,-0.0597451580812083,1.61751969105629
"YLR254C",79,0.314840738646991,0.159171749103558,0.293432793266791,0.596718915773713,0.40577883873587,0.680016718105428,83.5238415538934,9.53051372533353,84,0,5,1,0.234539660058299,0.160270806723985,0.013677285919092,0.485205752949486,0.210064677413147,6.01220092023352,0.745378998240351,-0.0803564118589416,0.927385639294301,4.72016626897973
"YOR313C",72,0.120199372890189,0.144612745009981,0.0786580665387968,0.198644693059879,0.308373347999716,1.5523865412642,69.037154613613,16.1824386774922,84,7,5,0.916666666666667,0.05308043610921,0.146591639796303,0.0244966394455342,0.917837267264927,0.226051778579123,14.2562458224254,0.955011361156249,-0.0807822963113935,2.80709701992976,2.01693187475252
"YOL014W",79,0.205740011356689,0.162161916985904,0.167138450627602,0.9548491818828,0.619255612634849,0.648537616604313,80.0278066490083,12.8270438722535,84,0,5,1,0.759477225995588,0.163596597325723,0.0136015376983001,0.580446573311786,0.162651807477293,9.9056072762827,1.16240213598356,-0.105479275332087,0.418630720116853,2.5132753162905
"YLR183C",79,0.418674764633209,0.140808374419143,0.395541376496668,0.710238665675669,0.188539953933658,0.265459996822752,26.0824203346293,5.16818678363923,84,0,5,1,0.241840052485101,0.142150667387319,0.0119843123372728,0.359275597764709,0.166869355908072,4.05068486241336,0.643419870995375,-0.112004170986185,-0.56220988228444,1.73681599155011
"YDR368W",79,0.140244513281789,0.173680539781736,0.0710055932706259,0.569680554984438,0.361219788987006,0.634074282203424,82.9941004012931,22.8546512345947,84,0,5,1,0.523853252651808,0.175477480253875,0.014866950872361,0.727257036839027,0.198790103117972,22.2837460541508,2.68749337830653,-0.120868124712731,-0.46874946576341,0.212430357987965
"YOL034W",79,0.15587889373812,0.163344337817992,0.0941867049764665,0.401530138041171,0.421081432833306,1.04869197337842,17.2283243555365,14.4762363870615,84,0,5,1,0.215368421628909,0.16580472942733,0.0189563816132292,0.736123718964107,0.250340275563012,14.7909246258135,1.53223218842938,-0.129792259912181,1.24857358134385,-0.205378950480471
"YPL267W",79,0.443505319659253,0.13802565529562,0.416798535492262,0.933710225058594,0.517688386060994,0.554442237181784,21.0878623239986,5.04856721923799,84,0,5,1,0.215897480755599,0.139669793830936,0.0126642588406964,0.339510261580221,0.1891246450315,3.65900543120737,1.02164392393675,-0.12982508933191,1.13645672971793,1.36012338102708
"YER124C",78,0.421789907795431,0.15670461031193,0.396359763008663,1.03382420488043,0.342058108550166,0.33086680204951,16.1617724107915,5.27230312012559,84,1,5,0.988095238095238,0.134851857444224,0.158609451646341,0.0126729986109856,0.352039212058817,0.122047111250705,3.97965288237355,1.34174869574907,-0.1503070735572,-0.173477354706207,0.963407113304763
"YDL180W",77,0.124007968688104,0.171249443676609,0.0598997935741826,0.265734009902377,0.230566540947266,0.867659134154372,0.458096961308851,20.0191292233749,84,2,5,0.976190476190476,0.128342714534896,0.17446056042858,0.0196020510987282,0.89397257896556,0.307158942073813,21.5143296726641,2.03560362955534,-0.163815344414582,-0.0856671944288193,-0.734524358072472
"YKL052C",79,0.153320770290653,0.166136629278065,0.0838243003078387,0.476432825277541,0.423083286716015,0.888022957842068,43.9794055774333,17.0130555144802,84,0,5,1,0.280334811717816,0.168999320491301,0.016471296671587,0.715742248127052,0.138267835507976,18.2091256252569,1.61614666093672,-0.173798776763875,1.24599267126792,-0.740075229362853
"YLL028W",79,0.162563412266739,0.167229957290808,0.0997289543357888,0.534692944883955,0.501325692451325,0.937595487743211,80.6860127704441,14.0784078754953,84,0,5,1,0.269144173900246,0.170485981629449,0.0186532113189395,0.713624423917367,0.158461320848773,15.1992005815874,1.18452506432502,-0.174555698907165,1.41341156710153,-0.946195855071038
"YMR295C",79,0.266753548338164,0.150063537343104,0.227495101437791,1.02161106934557,0.443670141675115,0.434284783111566,42.566104205472,13.153051881334,84,0,5,1,0.659061812746492,0.153229618335716,0.0153353339716103,0.408427322676089,0.0960583527476763,10.9403567451611,0.964151449396912,-0.206456605279884,0.269184924536426,2.29496635363357
"YJL201W",79,0.140034917547052,0.167671250874369,0.0680645328367517,0.337448455146976,0.222072664932873,0.658093588948715,27.330274659596,22.6228063568788,84,0,5,1,0.19977078786428,0.172297441424901,0.0220414753365758,0.856560488578824,0.347549528430446,20.5614052049635,1.83156400041991,-0.209885703197691,-0.571046378702907,1.12548682516291
"YHR143W",79,0.466047557170948,0.140977914998979,0.462982380927767,1.20823349909278,0.461103056462011,0.381634060641621,17.8540376823275,5.33843297498978,84,0,5,1,0.181409196630559,0.143750908896146,0.0125724792964397,0.294363077109146,0.12515447858039,3.35996173107721,1.13108196751875,-0.2205606254569,0.697306117386911,1.74918467514139
"YGL028C",79,0.416024358032219,0.149746908787644,0.413926681117198,0.964381001475525,0.346672594572982,0.359476798114609,14.2858669182549,7.68713990931368,84,0,5,1,0.164621350930066,0.152464377927579,0.012168062671773,0.364022231642213,0.12598828483227,3.92360341437586,1.21880783181591,-0.223328003252224,-0.0360782237305276,3.08788341910348
"YOL094C",79,0.158549464346595,0.160649717580078,0.105976820677282,0.463656177320219,0.382527742682085,0.825024579404872,12.5790629540834,19.3464092058764,84,0,5,1,0.29548152805504,0.165751376917584,0.0209368726944692,0.673443363638596,0.264036739385645,16.0023813954062,0.972661364931382,-0.243668642015208,0.574091378794377,3.43801854482636
"YOL019W",79,0.215167731786714,0.163321443404855,0.163433637044714,0.458410987834241,0.320184311466207,0.698465612656703,14.0058496228196,14.7429037302347,84,0,5,1,0.202722734338957,0.168696330917215,0.0213367525878462,0.601902109720444,0.131525431259484,13.0520663515979,0.905525329620887,-0.251907477027315,0.73418123028808,1.86724470683185
"YDR342C",74,0.127374959031207,0.147940322680152,0.0700837570863826,0.378039722583622,0.535296249292973,1.41597884379614,62.4294650555454,30.2329209003955,84,5,5,0.94047619047619,0.100358559621297,0.15683185634087,0.0348534437572998,0.887305566566646,0.260285309199363,28.2575074321366,4.54024895547528,-0.255112054999041,2.03112991223245,0.435089240178482
"YJR155W",71,0.124836480927381,0.142679268120099,0.0630656626051804,0.151977314977493,0.128482626570452,0.845406609463261,14.8323710072843,18.7356759460738,84,8,5,0.904761904761905,0.0569643691897057,0.150869437511723,0.0315975417587331,0.94850651235683,0.284594688137299,20.5520078557519,1.85351319962489,-0.25920273969921,-0.362269245319961,-0.979940099722865
"YDR501W",75,0.15466478025762,0.135464205647763,0.111205328945621,0.223378061431093,0.214163888769002,0.95875077166012,30.2042668256195,10.6343990403954,84,4,5,0.952380952380952,0.0523777907090429,0.141509392725378,0.022943595621096,0.922481161997616,0.485737606720184,9.12602387468609,0.959931651906305,-0.263480370620585,0.0746691406238965,1.57133600367679
"YPL253C",77,0.124981139478852,0.143451696244081,0.0716663503865614,0.219762759094752,0.16277010210703,0.740662807372432,44.0369982096346,16.5416896951442,84,2,5,0.976190476190476,0.10688248830221,0.150833135398402,0.0271724574568314,0.885502999438312,0.260087891957944,15.8718670273993,1.34985950307963,-0.271651512052145,-0.556889407559584,0.496216581219615
"YNL126W",79,0.163687703793831,0.153208656163643,0.106442732737995,0.337781137746993,0.292517028670265,0.865995746895044,35.2324107793059,10.9750584862953,84,0,5,1,0.146169307012019,0.158980835231475,0.0208114399252473,0.686398302589915,0.154297218470142,11.3335329689884,1.16961125898962,-0.277356064191842,1.16397071888813,-0.3064902803713
"YNL056W",79,0.188123224846135,0.162053333366377,0.13000054987727,0.671195293951122,0.417486035190818,0.622003817597118,78.3659999256513,11.3502412523162,84,0,5,1,0.474253233135665,0.166761957656448,0.0165443450713049,0.639349058263048,0.187143347177893,11.4019093399575,1.19152108511633,-0.284606266961762,-0.0926842494135926,-0.0433631332980637
"YIL074C",79,0.144051656236163,0.170893734799304,0.0787042944755845,0.584606019770832,0.482184323252805,0.824802186337088,6.32749349348468,20.1440620977753,84,0,5,1,0.434918649990155,0.175374043258787,0.0156971052279076,0.726165873064645,0.150507769031353,16.5496849140089,1.86874438884882,-0.28542259190039,0.655356955373485,1.92341831510762
"YNL058C",79,0.452776431007587,0.141399521844685,0.42655659707864,1.01332413761751,0.449376892300778,0.44346806280302,81.9357941798154,5.99347564423803,84,0,5,1,0.317493871489415,0.144256814369823,0.00947184349694697,0.338084538044714,0.153601552733367,5.28360891933042,0.893967168106613,-0.30166171200553,0.686083720398575,0.794063529660797
"YIL050W",78,0.137396534428083,0.167433122069246,0.0716137866759118,0.392417510989753,0.750462739859918,1.91240889828567,43.2480273020984,23.0492354871666,84,1,5,0.988095238095238,0.152453425643634,0.173011071673553,0.0179606503945367,0.842231486342044,0.206326630797478,23.9162128145391,2.64709161905756,-0.310565011944296,5.18681184201602,-0.327520710326275
"YJR010W",77,0.126730051153371,0.151047827857494,0.0665890860005686,0.265150036547691,0.26512915696995,0.999921253724825,1.01561799898326,27.0103125535951,84,2,5,0.976190476190476,0.116329730139817,0.158555396318368,0.0233932561820579,0.90772247426034,0.272150427501023,30.6460550235052,4.21519336611617,-0.32092874982628,0.338778742003404,-0.862532784174509
"YLR225C",78,0.125285910842405,0.159663167465157,0.0617377628715923,0.34843924249634,0.335997119501362,0.96429184351958,78.5570389276162,31.2276668962471,84,1,5,0.988095238095238,0.199649541156429,0.166373999444421,0.0205996089244212,0.872650518284218,0.264076734578736,23.3926714957071,2.76955643730953,-0.325774727272068,0.347025365114239,2.82897120094483
"YGR240C",79,0.151836779558485,0.166740724631865,0.0828767120527196,0.895241034594752,0.892816860978173,0.99729215538285,72.8403249223292,21.6998534129402,84,0,5,1,0.860350159807111,0.172313955100447,0.016707846572487,0.674558944575719,0.133587003602459,18.1431572115011,1.37820943631264,-0.333569646118174,2.41590276077718,2.58066452581759
"YOR052C",79,0.140344747350585,0.169097613459656,0.0624233041978519,0.542005500279065,0.432107553256054,0.79723831775429,87.9471063948658,19.2647009603957,84,0,5,1,0.373258028272721,0.1744602191307,0.0158217930014243,0.733320150740214,0.145381604650927,23.6739111437558,2.82454418662151,-0.338937923821986,0.439657872586762,-1.56103423846028
"YGL021W",78,0.227967566123266,0.156473746361408,0.164193835247403,0.461600100361395,0.390108566162404,0.845122359932289,69.230014211476,11.3869579014543,84,1,5,0.988095238095238,0.188242509707929,0.163131396101199,0.0194589495279765,0.654881650168002,0.222990244621861,10.3350426066539,0.80900408294564,-0.342138188406276,0.8531346745096,1.30025956231306
"YOR258W",78,0.124559103069185,0.157222125185321,0.0655982316295312,0.279614054943138,0.411355143591424,1.47115331407456,1.19248935993534,32.8054393915354,84,1,5,0.988095238095238,0.119971961146864,0.164354749506543,0.0206201097964014,0.832711743724599,0.202974484437247,24.6601356804261,2.87693295715508,-0.34590622414955,3.1454277227015,2.83124557729144
"YEL017W",79,0.14816724664143,0.157691771632232,0.0942581267436744,0.51643912024321,0.445188803217218,0.862035399269447,52.7601251343432,17.7786885644847,84,0,5,1,0.331927654228009,0.163897702789251,0.0179190487268811,0.716880474935334,0.227990684586211,16.1681549181985,1.37683473022913,-0.346331507414763,0.636670417467101,1.16973636045492
"YEL025C",77,0.113702286039517,0.148831954834962,0.0577850749849934,0.189128664511579,0.161317445339515,0.852950798104105,71.9317765142112,23.2468796384087,84,2,5,0.976190476190476,0.0830376049527476,0.157597842195568,0.0248054641462181,0.899869612870636,0.246142719667014,22.0187898057635,1.87853328473334,-0.353385339171042,-0.190616301103701,0.653749306773387
"YPL208W",79,0.175008942324007,0.166831907780036,0.110734010373034,0.457366611401454,0.272792778186683,0.596442266196032,26.3025197673035,14.0694514703823,84,0,5,1,0.29561513440596,0.173245462766881,0.0179534837527544,0.665772575952125,0.175915277515829,12.6075935366168,1.02903220569886,-0.357231781595691,-0.394111931238346,1.42061436529354
"YOR250C",78,0.135321090135014,0.160915219632165,0.0607511735944016,0.356453390629959,0.339270009958989,0.951793471116653,0.951416755829342,19.0425607080742,84,1,5,0.988095238095238,0.184220981095455,0.167438012581771,0.0182381324467421,0.81242295130082,0.242915676762928,19.2835718884332,2.09190290718913,-0.357645881158817,0.57374032698536,-0.115211456292101
"YGR260W",79,0.136653672582448,0.165230861954107,0.0697195062557203,0.629201166315863,0.590992255258001,0.93927393478689,10.3313409773617,25.4164376911679,84,0,5,1,0.529847620346169,0.172080267268858,0.0190358894945344,0.707117163836521,0.173929499318272,23.0213070478191,2.31074682461599,-0.359815353872381,1.33477513509969,1.03651798536897
"YGR042W",78,0.143048552840306,0.163595361293909,0.0733669058817176,0.315022935737339,0.246656150145253,0.782978387170231,5.30730112725732,16.8528137931444,84,1,5,0.988095238095238,0.173190642153976,0.171371840967623,0.0207058996326704,0.75634394837556,0.219283461475026,17.009430750179,1.49883582250338,-0.375568307181573,0.121461229294323,-0.104492403159298
"YJR110W",72,0.108163506160868,0.130309763629388,0.0543737988038053,0.150709641174576,0.226648317904962,1.50387404640173,67.7206419157506,29.541858262419,84,7,5,0.916666666666667,0.0483895438552584,0.139728238257373,0.0248981571507579,1.03961448477196,0.414188336452231,27.5970141795093,2.93793636194083,-0.378279989597507,1.12088999320074,0.66197624567502
"YLR057W",79,0.155783455930501,0.165406658249993,0.0901879645666738,0.374358667192079,0.34582247383894,0.923773119593631,82.6242493952955,14.547129707659,84,0,5,1,0.192909902682944,0.173160897154964,0.0203339609092459,0.837388518060566,0.336007008752591,13.9397519568479,1.54244654080666,-0.381344241762802,0.257091665598771,0.393775560281995
"YDR011W",79,0.172043384868325,0.165417494513412,0.0998881447878568,0.808240992229709,0.68236517033034,0.844259542500916,73.3019603295348,15.1489991017381,84,0,5,1,0.631288704310435,0.17111137202239,0.0146945055355665,0.682381152775155,0.192679304278758,16.1384342942829,0.978063323363015,-0.387483436934783,0.840144146937357,-1.01162692528195
"YNL273W",79,0.286051923592346,0.154595243653926,0.238880537806609,0.528953558817409,0.297813082001132,0.563023118072895,21.9049898343365,6.75789388104446,84,0,5,1,0.229172689115287,0.161111686037008,0.0166136638316153,0.549874957622742,0.335913053814322,6.89810510806114,0.776184473518127,-0.392233913550174,0.0391415585100187,-0.18064162811858
"YKL043W",78,0.129975663791172,0.164465237739875,0.0654481909123281,0.327663990186705,0.313818113559282,0.957743673268662,60.4048392975903,43.60594457077,84,1,5,0.988095238095238,0.185669236790102,0.173722186482249,0.0226747419199788,0.830109554513067,0.212322251818189,29.1633253144985,2.89185149339577,-0.408249354062892,0.6011339728296,4.99424651966212
"YJL051W",76,0.21122592028835,0.151583817635078,0.167166410836223,0.343673211380081,0.257782691841373,0.750080842222763,75.6775727674587,9.61834792262068,84,3,5,0.964285714285714,0.113029722476925,0.161570261143278,0.0235797569293802,0.755238170042869,0.266946769724481,10.5492261331135,1.16111619813071,-0.423517661276533,-0.0193196861884831,-0.801709778910563
"YPR120C",79,0.288256428080942,0.149427185736738,0.251780513242317,0.725633075728707,0.772500404242426,1.06458819213368,21.2675371251285,8.33782315582644,84,0,5,1,0.25492360754005,0.15768622196415,0.0190428440504954,0.452065812619427,0.272907068639518,6.01388440457078,1.10658106417646,-0.433708127079758,2.24443574352166,2.1001071014939
"YMR199W",79,0.284953097320085,0.145810066300727,0.246092950692674,0.514326297242578,0.248287364027899,0.48274289173823,21.6095766679326,5.51567766151567,84,0,5,1,0.152023906281723,0.154135185395287,0.0182953264468275,0.525821877808511,0.252865650802716,5.77384218890627,1.02922769320928,-0.455040751459451,-0.170363139214551,-0.250833250109712
"YKL045W",79,0.310970936333842,0.145703656481943,0.267640909109688,0.638173099583552,0.535084832999836,0.838463472291471,21.0261290107983,7.0676888664691,84,0,5,1,0.227430249245241,0.152998096530766,0.0156088116690242,0.431328015960865,0.159669658106315,6.08747502747814,1.04111992426186,-0.46732834013874,2.54986113929998,0.941499452799271
"YML021C",79,0.216969552556567,0.152673184315733,0.162527273413802,0.569388701131825,0.513972601655225,0.902674395599273,26.7988476377659,10.3106972557822,84,0,5,1,0.280131118916249,0.159737274450951,0.0149807467670454,0.533578618581708,0.224366119697855,9.69371973737257,0.997044867533412,-0.471544592874227,1.64506021459306,0.618806172620867
"YHR123W",78,0.145076023942555,0.161571562296227,0.0738476736209452,0.369003071413639,0.272570827955775,0.738668182114487,20.9850260978945,17.7976352352101,84,1,5,0.988095238095238,0.212695789221081,0.172516700446704,0.0227978881698128,0.744220846991633,0.209637756823449,17.3354739001498,1.45054181583229,-0.480094387205993,-0.0264869504486392,0.318612900376909
"YOR195W",78,0.272076702172132,0.146709510306861,0.232892335004295,0.642568354077952,0.376095465037361,0.58530032276027,26.6363182444771,6.39533923087426,84,1,5,0.988095238095238,0.299644344601025,0.154472089744454,0.0160637682650497,0.472865118968268,0.182324422996546,7.05205360988892,0.787675806967107,-0.483235272665266,0.616676591890993,-0.833736891759182
"YGR041W",77,0.289725433641214,0.147930570633101,0.259189865627404,0.480251772611382,0.231754074923422,0.482567869897185,14.9481168586902,6.62605415675011,84,2,5,0.976190476190476,0.131896962742913,0.157972333894097,0.0207027862015644,0.482645115790201,0.211103027900952,5.65827843567624,0.953905077834668,-0.485044049782882,-0.000365915608995474,1.01454090512935
"YCL055W",78,0.133902021072558,0.155551200547276,0.0614160373220549,0.285574604738727,0.25019876234152,0.87612399068337,3.06804825657394,20.6829629016331,84,1,5,0.988095238095238,0.151763048781296,0.166500480155842,0.0222702049302976,0.804420860306484,0.147088439392817,21.6199993279989,1.77850783736053,-0.49165598802686,0.487483113376396,-0.526866627563771
"YJL078C",79,0.420811204676001,0.139588350917764,0.396377564523809,1.07636109390099,0.427905452602763,0.397548234535246,14.322839616832,7.16888667864439,84,0,5,1,0.353612383587086,0.144772307969726,0.0104882109945262,0.367064317882496,0.228802707721899,5.6727106163574,0.74276368408403,-0.494265137750069,0.133232324723196,2.01433658422875
"YKR037C",79,0.1539890524362,0.166533588450834,0.09128247750524,0.512633416267882,0.647284275155669,1.26266500507923,37.5192945480404,19.6135702632056,84,0,5,1,0.279049965886716,0.172370401818577,0.0116806948937619,0.664808334410808,0.124450299868628,16.8497096951795,1.39805285504806,-0.499697442731796,4.80397934998576,1.97693567739331
"YIL009W",79,0.195251671709252,0.159433471391417,0.13879439239813,0.579125868539746,0.342671391682942,0.591704515888715,9.37360919961396,11.3768083243593,84,0,5,1,0.343203903378134,0.168521365475474,0.0180041809944881,0.612883215922347,0.319736501971631,10.8182601626213,1.09582412116605,-0.50476575895561,-0.0662379800336685,0.509706029416133
"YPL250C",75,0.120747480345343,0.158193646912247,0.0639751064068259,0.240257483466156,0.198425820739008,0.825888200760078,25.2386538553239,28.379834636119,84,4,5,0.952380952380952,0.0872938925800574,0.169930006429141,0.0227909120889182,0.968473863935566,0.233892514496582,30.1406425316535,3.31782214827027,-0.514957868781454,-0.609620463837338,-0.530711960088776
"YOL069W",75,0.119694499509572,0.135370883925493,0.0674735479759256,0.212415023234348,0.266342727207365,1.25387895428433,74.3896273716392,16.9262355679903,84,4,5,0.952380952380952,0.0750950842955078,0.150010839096502,0.0279028380677393,0.875985203162031,0.301617878392094,16.3559588094458,1.47405078213723,-0.524676204458761,1.25288909641836,0.386877280928971
"YOL119C",77,0.132512019351183,0.15411148540037,0.0675464839198172,0.307963213162734,0.232176816756933,0.753910879070629,84.5079557333541,17.8274706937769,84,2,5,0.976190476190476,0.128612609841827,0.168363433457243,0.0271584947892442,0.836266981972685,0.275395386737161,17.5333088972522,1.57486386730825,-0.524769438345932,-0.299046777354542,0.186785539138335
"YPL269W",76,0.129004630937924,0.13760781913496,0.0815094795070945,0.220581764731528,0.162237370830079,0.735497655608748,36.5002423617821,12.8964183221961,84,3,5,0.964285714285714,0.0966445445630641,0.15199034485684,0.0262454978548565,0.834533810698898,0.296643106305842,13.126121398906,1.1147310282499,-0.547999729379064,-0.333856250102921,-0.206061436246651
"YPR119W",77,0.158976815851726,0.13829696870977,0.110861198790004,0.237449291384127,0.151337596853491,0.637347014056443,73.7932686658033,10.8042542479254,84,2,5,0.976190476190476,0.0831705233853999,0.152903634932482,0.0261443637613918,0.872230288957639,0.380408269058235,12.3308667682871,0.672356270129876,-0.558692739896839,-0.617450497284639,-2.27054106309862
"YDL010W",79,0.206974551235401,0.152401625326948,0.15573921958527,0.53683890564428,0.251268137135413,0.468051280362881,23.5654192765597,10.2839459434681,84,0,5,1,0.288834877211931,0.163697146820174,0.020023449412263,0.586205957056594,0.192032578204039,9.9500819105919,1.1007902890701,-0.564114666792016,-0.615284540772926,0.303294856605448
"YKR041W",77,0.129615083352014,0.14134853325249,0.0691786619746811,0.22336661615974,0.153833348950279,0.688703404273559,74.9478577530515,17.0082896193136,84,2,5,0.976190476190476,0.100224149445227,0.15482162565959,0.0238747544661023,0.796508461983689,0.257322451007625,16.4563233004552,1.04182348520475,-0.564323810166462,-0.418949288287854,0.529807905750872
"YIL162W",78,0.140956835741441,0.163084599562156,0.0776660093947414,0.373851556297698,0.373377887067928,0.998733001851161,0.512635343792599,22.306574181252,84,1,5,0.988095238095238,0.177927581031616,0.173688658784369,0.0186586846454755,0.822493794664001,0.299721827069896,19.7982307099849,1.78282173598895,-0.568317618508219,0.588009251478572,1.40695136290545
"YCR002C",79,0.142966603302739,0.160500804028239,0.0701767259450757,0.630704275634131,0.561463584903701,0.890216868022952,79.9631246213116,19.2395001531714,84,0,5,1,0.564683515725379,0.171065498857032,0.0183379407796663,0.732730623973164,0.161641520694461,19.5574738831212,1.91208271317603,-0.576111296013508,0.974293259387687,-0.16629705805021
"YDR503C",79,0.183989898495551,0.154444939592463,0.121788684727487,0.410745003819031,0.409722662522622,0.997511007347861,23.1179773573194,11.4442756786871,84,0,5,1,0.197392841725258,0.167879074135048,0.0226337422869136,0.683337203617921,0.276442233218463,11.3854461633139,1.36360663463242,-0.593544557161107,1.13648989183812,0.0431425851701052
"YGL101W",79,0.166034324603775,0.155360914852289,0.0999385311925982,0.786884767284192,0.863893391915445,1.09786518666137,46.0706676920632,16.6559108618069,84,0,5,1,0.528421455596844,0.166830639193703,0.0189601745484951,0.618833299974651,0.171637821346185,15.7141572590478,1.31896033632841,-0.604937697808504,2.79094597524942,0.714012072099683
"YDL156W",75,0.15008246968081,0.136401087594136,0.103887056201956,0.18693118217561,0.112179021889901,0.600108663435916,17.7717299332197,10.9260472597008,84,4,5,0.952380952380952,0.0726886845420011,0.153128208999845,0.0275826998032839,0.751757274007635,0.226187397103571,10.0684076649668,1.07281378869003,-0.606435248362364,-0.670455615625122,0.799430063050622
"YLL022C",79,0.255480394943808,0.150397113007518,0.217522367715367,0.753899397251347,0.667350190738221,0.88519793645057,25.661038389044,8.1410169480054,84,0,5,1,0.383539913731357,0.160038902862046,0.0156051519948236,0.533031041093699,0.274192433629752,7.88262138826633,0.855291015958371,-0.617859400390759,1.28437860481741,0.302114198463229
"YGL201C",78,0.194860894371509,0.156301863252708,0.139714625907954,0.479228791805716,0.298214884006268,0.622280816815296,5.81727826420528,10.2550952508679,84,1,5,0.988095238095238,0.262785748976266,0.167176191410046,0.0172997038779899,0.559384965277618,0.155984385380799,10.6320580823102,0.942681192935841,-0.6285846413344,0.403218895174233,-0.399883687366624
"YFR015C",71,0.101418313175917,0.115202716632865,0.0575802667478569,0.225713110167437,0.528091922328209,2.33965994237757,40.5730427305679,28.5019002276051,84,8,5,0.904761904761905,0.032597445369287,0.133515380667699,0.0290426022734454,1.25111991128677,0.511047736674072,29.7802244449917,4.00107163122848,-0.630544875504426,2.13001634284711,-0.319495459018836
"YJL181W",77,0.156859943165394,0.14253671402478,0.124604995912328,0.247060007067331,0.185983440559542,0.752786510318751,18.6669360866046,11.2665406519668,84,2,5,0.976190476190476,0.0895082155106815,0.15742383891586,0.023151131898369,0.7728804695091,0.235669834245205,10.6712943663576,1.04374007537097,-0.643040908601482,-0.0852631786953347,0.570301265281633
"YLR297W",77,0.157289965783972,0.154014070841332,0.106338911363691,0.359859755984046,0.262581920417697,0.729678481828732,83.5584009728975,11.1779949080625,84,2,5,0.976190476190476,0.143156502450511,0.165147812072746,0.01707987405218,0.751417432990633,0.290678099195961,11.8572913373306,1.20784736448281,-0.651863192749501,-0.0747870280631117,-0.562402542939684
"YNL082W",78,0.231224252999363,0.146232900397827,0.189095614397086,0.369320015138713,0.208698441646204,0.56508835993581,20.0801173467759,8.22836015816758,84,1,5,0.988095238095238,0.156357165473834,0.157920707996956,0.0174687018052905,0.578486851934305,0.21495202401793,7.96571093781117,1.06628316435965,-0.669071332798716,-0.0623324765594109,0.246322205147208
"YDR089W",77,0.137526206576515,0.148490290936857,0.0804367778865259,0.363234055421336,0.355647695118109,0.979114402435566,55.6209874584616,22.3941749407992,84,2,5,0.976190476190476,0.148966684218845,0.159703130705208,0.0165662721671167,0.939898621301156,0.330302665689699,17.9466978968784,1.14183548897657,-0.676847492015009,0.11872680788853,3.89502435933833
"YML072C",79,0.177733543807913,0.152607095553387,0.116014099689186,0.855482000476424,0.610970094270638,0.714182290136303,58.8953333719872,19.8057308586705,84,0,5,1,0.622374556718265,0.164101971258434,0.016688395607838,0.669821701807046,0.175802135719897,17.0609546127721,1.13522010857321,-0.688794535745986,0.252332476779094,2.41783617570709
"YBL035C",79,0.344355467772913,0.134811014435214,0.324727139986332,0.628575881135342,0.28484957087611,0.453166561786639,20.8364205387487,7.71557610520318,84,0,5,1,0.23715642578777,0.146433109706098,0.016802335501842,0.394496814069585,0.17712820700052,5.03513617137048,0.769874085246482,-0.691695227107538,0.331227582046724,3.48166016391439
"YPL095C",79,0.133292101036494,0.161077190302649,0.0647476904298748,0.386741560307062,0.27567947920166,0.712826102741009,4.17674926890471,21.5961945449091,84,0,5,1,0.24355678616923,0.173218286796721,0.0174511239829446,0.763294275891047,0.189942337584036,21.4036993280635,2.06799645248409,-0.695720029606014,-0.26570260107339,0.0930829531232164
"YOL088C",79,0.130416709871841,0.163266356534394,0.062120611425741,0.475028296963856,0.436923072654502,0.919783253854763,70.3950435720981,27.4622159724,84,0,5,1,0.325452995361981,0.17438762877504,0.0159427941644554,0.798152391945733,0.244668059502973,26.5592399366897,2.77619646934827,-0.69757359506283,0.497126033353578,0.325256531978185
"YGR086C",79,0.390966715706279,0.1324812654585,0.356077626493873,1.48766868167554,0.659849727641527,0.443546157668887,8.98953101727522,7.81059411216523,84,0,5,1,0.91425492317707,0.142309889992519,0.0140045875567902,0.370086415732456,0.0938933192864275,6.96848134960438,0.824364505213644,-0.701814637108235,0.782374534149106,1.02152962340683
"YGL185C",78,0.13822667480667,0.157438877551116,0.0848526178771873,0.282536276753351,0.14245444245213,0.504198767284282,10.7613169553474,17.6347969809916,84,1,5,0.988095238095238,0.159510167243274,0.170708497308719,0.0187162152411061,0.696779380208108,0.153435680868714,16.3797827198523,1.43304576207444,-0.708990551062849,-1.25512274481061,0.875767051097226
"YOR321W",77,0.142147334351644,0.144410739359521,0.0843480734153459,0.286821306976241,0.272905747624262,0.951483522968774,27.7619529122368,14.5892214465061,84,2,5,0.976190476190476,0.123345980061823,0.160442376024575,0.0224800158152603,0.838802739887628,0.2686278950229,16.0538762514332,1.12175857514773,-0.71315059548006,0.419467915167711,-1.30567738671772
"YBR133C",79,0.135536883914336,0.159137540636523,0.074942138648761,0.389063364276228,0.408633053398212,1.05029949082559,66.2927846138835,21.6832846000532,84,0,5,1,0.214216506459684,0.174208192686631,0.020883214426581,0.757543215771842,0.145171701280466,23.6305508797054,1.86811639296495,-0.721663425096387,2.01662081846208,-1.04236881972955
"YOR337W",78,0.125316691440372,0.151983078356473,0.0539876298648994,0.255432686097634,0.200345357337336,0.784337198179709,83.8703784760802,21.4398767897279,84,1,5,0.988095238095238,0.125260111111627,0.168660296088254,0.0229923692934072,0.826560213608368,0.240642720433156,20.6245812257507,1.73535869709285,-0.725337068092558,-0.175459350495444,0.469813857701586
"YLR151C",75,0.106985104681055,0.118989433351049,0.0703000759881569,0.149675877672281,0.181950588761932,1.21563067871442,27.1774311871941,19.4490614227859,84,4,5,0.952380952380952,0.0406752863757145,0.139177046226332,0.0274938150731234,1.01626921350339,0.355234879771825,21.6955394033649,1.77413542519451,-0.734260153477853,0.561210276814834,-1.26623816236166
"YGL162W",79,0.151319434582347,0.159808788388554,0.0824262949491823,0.452563604137475,0.289560805500288,0.639823447694501,85.2098404044835,15.0382873262889,84,0,5,1,0.248210276413367,0.175659706920324,0.0206672924517574,0.657642921484741,0.0926777251721682,14.0012982693682,1.17107272887749,-0.766956705566074,-0.192273534521233,0.885503548455693
"YCR024C-A",79,0.383348762041041,0.134022428525307,0.349210835488313,0.964751992563754,0.27466508010494,0.284700194684272,78.9226186398055,8.44477792568531,84,0,5,1,0.482846829475823,0.141681933509808,0.00998160461715541,0.421346222943109,0.189855992057826,6.99044075052368,0.742846013518042,-0.76736209039334,-0.719735135971996,1.95779091318541
"YLR452C",73,0.101207829522508,0.120291873726426,0.055244725225633,0.194932131885713,0.266325844573561,1.36624907344524,81.1710018461071,24.114414868729,84,6,5,0.928571428571429,0.0668199867940732,0.138787862952381,0.0238704898590126,0.897355485780562,0.412089428536493,30.9336377838542,3.64192005865782,-0.774847493084496,1.13784425222923,-1.87242520574116
"YMR011W",79,0.21287793774137,0.153938629462447,0.177194375026393,1.1905206272276,0.774268414719164,0.650361192415644,7.53582673374334,12.2649343507743,84,0,5,1,0.729464147949063,0.165470026667774,0.0147707195174862,0.629985295598102,0.154293291109553,10.5607876045829,1.31681922993479,-0.780692991406141,0.132059512575143,1.29413871505798
"YMR003W",79,0.200292789440885,0.140760143577192,0.160479958046886,0.51220523769646,0.668434909822144,1.30501381209668,48.9240786868112,11.0413528312064,84,0,5,1,0.219008652585883,0.154802588834751,0.0178401629316028,0.631862596592722,0.184434588227943,10.3890826461524,0.607179886284336,-0.7871253929348,3.64981005987885,1.0742618452756
"YHR006W",76,0.116550240731151,0.147502410257874,0.0547529932994586,0.234078072366248,0.171360437836946,0.73206531523734,75.3201461431037,24.2351965934482,84,3,5,0.964285714285714,0.130886131695587,0.164916599447622,0.0220660424146484,0.800544764188139,0.172038667372308,28.5176114978263,3.03602415094147,-0.789184977646354,-0.398046846076777,-1.41053387307548
"YPR107C",77,0.131479553882812,0.160048923381954,0.0700626714997818,0.433189032804245,0.755892230043178,1.74494775444779,87.0928786936363,20.9167649760466,84,2,5,0.976190476190476,0.191267152907605,0.175173757528706,0.018835416552297,0.896352626562318,0.33440991147856,24.7587132414527,2.45541614520985,-0.802999716239707,2.53758964300278,-1.56468314867978
"YHR108W",79,0.138201519808691,0.164132859837228,0.0695059463184448,0.736492948944171,0.736244575340567,0.999662761735928,57.2955514004481,28.0247268769931,84,0,5,1,0.631184622927306,0.173596581358535,0.0116125634091131,0.745696898767993,0.18698513870899,28.5998057285109,3.5895188868813,-0.814955422665792,1.35821415927171,-0.160210565716652
"YKL127W",79,0.161971487750499,0.157866525293659,0.105122795625514,0.663951813111681,0.435756885208079,0.656307997964277,31.0193597039052,17.0121110784685,84,0,5,1,0.487469827831232,0.172228188576419,0.0175323917980268,0.659527376638177,0.161287466030177,16.126729775429,1.3876343063991,-0.819150259029512,-0.0199605012908909,0.638050889169108
"YNL326C",77,0.124965411249495,0.144864501212434,0.073127588045774,0.254352222457514,0.305403060596811,1.20070922772387,22.9168405017637,26.0587504239245,84,2,5,0.976190476190476,0.11729031782661,0.163417977246263,0.0223232551221273,0.816366512987371,0.27308873102979,25.150742271461,2.0835751856376,-0.831127715574021,1.40739133865824,0.435793322325295
"YEL068C",77,0.131202494283317,0.155919214783033,0.0709715203837451,0.453757767357041,0.387844542648172,0.854739181451841,2.91285999965268,19.1465776809838,84,2,5,0.976190476190476,0.281099082814685,0.172188153792342,0.0192666908886172,0.73396852673253,0.219027382091791,19.9250313168769,1.71473492149412,-0.844407537514456,0.551395234540573,-0.453978994732782
"YCL024W",77,0.309367524524987,0.146736478806651,0.273155239135113,0.522223381926301,0.427807271033097,0.819203593403008,18.0750427377641,6.3023232944216,84,2,5,0.976190476190476,0.129253346313338,0.160228969294828,0.0158331003095668,0.606242003452432,0.430288562180288,5.35917777333573,0.829297050036991,-0.852169835621158,0.494927378202878,1.13728310144573
"YDR309C",79,0.276371375489903,0.146151030069421,0.236255367379922,0.737027523669472,0.53269003999664,0.72275460941338,18.4499931239734,5.40727218985787,84,0,5,1,0.242830583032016,0.159238894722653,0.0147935999126952,0.468876006147376,0.243688724413305,5.78630738301069,1.06215341000637,-0.884697756494078,1.04181514297484,-0.356855412393343
"YLR045C",79,0.229327119781707,0.148065729737509,0.180881713265423,0.575923433995663,0.312113391278203,0.541935564442674,41.0089474870304,11.2646099962458,84,0,5,1,0.294474291885199,0.159893618144371,0.0133624859894724,0.59350747558183,0.187604125301191,10.0835891183092,0.877164300407667,-0.885156281262396,-0.274897532537517,1.34640782506509
"YML060W",79,0.206344913610791,0.147052009062307,0.153078330586225,0.463556756630002,0.310358731108439,0.669516141593335,24.1908448153816,10.2789160003395,84,0,5,1,0.224207802918767,0.164455086909773,0.0196545787619597,0.676250882521863,0.321968153583594,8.6633669633951,1.0644318540129,-0.885446493574777,-0.0209174132707506,1.51775713104961
"YOR342C",79,0.252204775968154,0.146780252049193,0.212902088654624,0.934641810087707,0.833547678408797,0.891836497588929,8.62594923462174,10.5453135279956,84,0,5,1,0.53416934490729,0.160785593001229,0.0156211316126264,0.510724056804084,0.19019895562123,10.2225746789436,0.774505379728915,-0.896563789317017,2.0037567479803,0.416703172759069
"YGR177C",79,0.171690620910724,0.14949687554523,0.112078766594558,0.468611963167335,0.379037604690428,0.80885174618361,85.3518996053433,14.3391390727476,84,0,5,1,0.283456708329947,0.165018075976303,0.0173006255779218,0.640844060550527,0.121610372613448,12.3319259883477,1.31896986154903,-0.89714677432709,1.38152430604842,1.52180360060889
"YOL112W",79,0.130462564331736,0.151082586100104,0.0694683954447604,0.387744695852103,0.593068405091013,1.52953325070687,43.6078687523664,24.2220255350102,84,0,5,1,0.224528210183221,0.167511457636242,0.0180172810054163,0.814933357776383,0.232426040050648,25.1902639439542,3.05697723558295,-0.911839668327264,3.0745259557611,-0.31673065722369
"YER019W",79,0.152240521964717,0.153238690623206,0.0916955601136792,0.530300520914775,0.462721951441847,0.872565523118185,40.3471839270214,19.1284082232987,84,0,5,1,0.32698626636087,0.167928574288554,0.0155829110221959,0.75320022933657,0.247565173779288,16.1146607535797,1.11307391075382,-0.942691878585737,0.482157049634265,2.70758971223924
"YLR210W",77,0.114238571484973,0.121969101635233,0.0641115256801807,0.185305593535305,0.194539802919535,1.04983232944056,42.6447269241046,17.8293524618904,84,2,5,0.976190476190476,0.0795934462417533,0.147667192689154,0.027026828432706,0.947518123735702,0.372532011719372,17.7680689057025,1.16918924488938,-0.950836355731013,0.274645406263576,0.0524154292863863
"YHR137W",76,0.131223978931979,0.152266986817379,0.0712009948964531,0.301391402842834,0.28488884991944,0.945245442412305,81.2567539798078,20.4097084843291,84,3,5,0.964285714285714,0.153081417760833,0.167784936444547,0.0162946873259501,0.819260519030739,0.210290035817077,20.7227801251466,1.61958771791814,-0.952331843916685,0.599100774756421,-0.193303294013566
"YIL123W",79,0.33069314245478,0.134546212984046,0.298319895143779,1.15798677885427,0.67340015894307,0.581526638507346,38.4872488643269,11.1585881478895,84,0,5,1,0.556104321490706,0.146596355942712,0.0125522715969671,0.459001971371499,0.147671958856917,8.98918657399786,0.79852809269775,-0.959996990630569,0.829708416440551,2.71675047343987
"YML100W",72,0.0976971973467669,0.110060427472294,0.0580719120125822,0.164133915339166,0.148224967468689,0.903073366417888,11.8416518764194,27.6952726418063,84,7,5,0.916666666666667,0.0523382737873694,0.14476373592271,0.0354933907384475,1.05468839788951,0.416640685348107,28.1768863399313,3.73641827588906,-0.977740016617378,-0.36389876649935,-0.128897158338195
"YKL004W",79,0.141139080632356,0.158228834501691,0.0827185470469429,0.61593377424071,0.360579484052147,0.585419243321491,64.9624958927359,22.7403632636711,84,0,5,1,0.549413374670242,0.172689765235894,0.0138838437515261,0.742664764482217,0.213878533343747,19.3241101338298,2.03868411925269,-1.04156536136565,-0.73520946072694,1.67571478954457
"YLL012W",79,0.137592055005593,0.161129224291538,0.0628976667515322,0.51121962671126,0.58400383855341,1.14237366493611,4.27606250898094,30.8920155683519,84,0,5,1,0.317392334584195,0.176043837816715,0.0142343658880131,0.827570252700366,0.318288015433299,27.1738192119639,2.61658606818382,-1.04778910718719,0.989052043970882,1.4210105303239
"YGR065C",78,0.136583565761471,0.145975668570255,0.083400896160689,0.309978652102401,0.244006202276662,0.787170989426894,0.875373987125448,16.1154308420389,84,1,5,0.988095238095238,0.160646297517187,0.169463186776476,0.0222461565765051,0.709380732914124,0.181163616817967,15.0167299134257,1.56333910379768,-1.05580117291033,0.429392269149348,0.702791176875334
"YDL048C",76,0.118578092374349,0.141695397434967,0.0530584320391077,0.339554302578792,0.266988754131304,0.786291771606548,1.27672345770289,21.3262082373311,84,3,5,0.964285714285714,0.1801537320768,0.164848725888735,0.0213029430250229,0.827702781957767,0.400438354309381,21.2179686842759,1.87835314365032,-1.08686055380104,-0.103414195732173,0.0576247088685627
"YGR153W",72,0.114161089016695,0.101903593656725,0.0787500717517502,0.136482652275523,0.0987757252843476,0.723723664784483,27.1032171654443,13.6892357569163,84,7,5,0.916666666666667,0.046457158442199,0.13686115715719,0.0317800113171015,0.921882572936385,0.328003608508171,14.4521334970492,1.25827915728442,-1.09998587324774,-0.604136366222218,-0.606302453407361
"YPR013C",77,0.130584542232045,0.146405496355571,0.0671744724872282,0.314463080879191,0.264992619388011,0.842682767869385,65.795521628783,21.7057473345252,84,2,5,0.976190476190476,0.143597638154326,0.167532610098407,0.0191528001893876,0.84463610072701,0.290344408193218,23.1286393150294,2.0931242637461,-1.1030822403996,-0.00672764070016037,-0.679793362080471
"YIL135C",79,0.12785182407343,0.151194429101034,0.0803492996343782,0.356076465833342,0.214694855301364,0.602945928478884,73.1705053890902,20.0238658074799,84,0,5,1,0.227012108959884,0.173541237396732,0.0199694732406558,0.751552075670736,0.194460511709707,27.0141741864066,2.10519940233292,-1.11904846093798,-0.764197038695924,-3.32049703756342
"YDL018C",79,0.322589695296713,0.135308539386469,0.287318259123037,0.8123568566556,0.625062774284021,0.769443587707683,23.5205024518767,8.47666066068752,84,0,5,1,0.328502359188484,0.15132493910071,0.0142377426736397,0.405131026881333,0.113775496688533,6.81524019471641,0.91113444178781,-1.12492549425653,3.20203006297286,1.82346357438877
"YFR030W",77,0.122360510450469,0.133860557522381,0.0652163424382063,0.31210565746568,0.380370769637737,1.21872436637764,2.26937395843721,17.681950814211,84,2,5,0.976190476190476,0.155092693643769,0.162492856691973,0.0243882476440238,0.77713022607234,0.150949945573312,21.9189173228265,1.98353128522196,-1.17402035552184,2.92543424661808,-2.13607243817253
"YNL304W",79,0.176789710591127,0.151512858092638,0.125349448562399,0.381109899777857,0.252705151906076,0.66307685015103,20.8612812444082,12.771905383089,84,0,5,1,0.183758901240385,0.172770855681032,0.0180705716249576,0.721685708700764,0.328484490073186,12.2589251858284,1.08523414215339,-1.17638766662114,-0.178421996535289,0.472690802228815
"YBL064C",79,0.155807117965968,0.151320066460678,0.086300859364691,0.594429034592817,0.392704641655498,0.660641756714492,78.0941891496109,15.3000655618141,84,0,5,1,0.383376031766957,0.170503989984592,0.0159664400739662,0.731632296902951,0.215722784898386,16.2575371614049,1.22081216470661,-1.20151539322744,-0.329082253512991,-0.784290677363049
"YPR138C",79,0.154235847806813,0.156837368018587,0.0954638405909343,0.412277011951186,0.321409910707965,0.779596973371923,2.87779846002503,15.1017758152439,84,0,5,1,0.212635102430601,0.178641734112126,0.017986157557823,0.67767112988761,0.145305463847822,13.6780480269501,1.15571995153982,-1.21228594953874,0.701459124696506,1.23189686774622
"YPR128C",79,0.137033933577779,0.152856814568036,0.0759791702611768,0.60084223814611,0.765891522013061,1.27469653993735,79.6567596096672,17.0365720329618,84,0,5,1,0.409612911533671,0.173367939203416,0.0164646265300401,0.812091058989678,0.28805793941323,18.2415228643185,1.45209871818391,-1.24576920089603,1.60594594924201,-0.82979952827432
"YOL070C",78,0.182854065455592,0.142267710523182,0.128182544680925,0.437053502863731,0.302926972583773,0.693111874401847,83.2219821737128,12.1155392317379,84,1,5,0.988095238095238,0.226411452743043,0.166879460778829,0.0190368258914257,0.632219774310813,0.202013685491187,10.6830674766829,0.982834985444094,-1.29284946955008,0.301425618482124,1.45748958499653
"YOR256C",77,0.119425483163589,0.136626227813149,0.06575389129207,0.30464940514939,0.238737475798821,0.783646617270604,9.23915885018882,19.725131512357,84,2,5,0.976190476190476,0.156752521127244,0.167184945032786,0.0228533996202539,0.876653402629965,0.323295642577086,20.2598415206092,1.45509486272837,-1.3371628609931,-0.287683386692059,-0.367474328958631
"YHR106W",76,0.113901793018544,0.136533842661363,0.0570575595795416,0.222086013127565,0.219962201624856,0.990436986675566,1.1109592380748,21.4147855158803,84,3,5,0.964285714285714,0.106296546898407,0.16582323213128,0.0217202896789768,0.955484220710239,0.448730793428647,21.655759072207,1.72224077840821,-1.34848060973453,0.0778925058792183,-0.139918621918484
"YDR488C",73,0.09557227309289,0.0979276195363932,0.0621568707830719,0.130899307856014,0.0971363456145601,0.742069207282652,33.4675047591487,14.6398620273718,84,6,5,0.928571428571429,0.0471089556004707,0.136232187763785,0.0281576231243694,1.02640847959904,0.427338898579759,17.2533242316592,1.35548757954789,-1.36036227412395,-0.665371847171822,-1.92806060617621
"YPR174C",79,0.276646454085681,0.138000102716007,0.236173941525402,0.658205660081068,0.415407424348422,0.6311210151205,20.8895588692188,6.74482194946294,84,0,5,1,0.308434466980426,0.156947751969745,0.0138952114019165,0.473679719392647,0.229850108262675,7.57106955035271,0.846197524218235,-1.36361000244478,0.684973772333086,-0.976424034864804
"YGR143W",73,0.112359485264709,0.102687165753048,0.082344135975164,0.135874347163944,0.10672059054516,0.785435902896317,78.400203166776,13.739323221017,84,6,5,0.928571428571429,0.0374378204905398,0.141685641812605,0.0285975325554169,1.01087182321278,0.51045657261311,12.9513583987463,1.34078717253055,-1.36370073131256,-0.441635846047437,0.587688216604543
"YNL309W",78,0.181418217662963,0.140834082048202,0.127402321931789,0.306385210180127,0.131376313001411,0.428794565260422,15.9202110749137,11.2702626057386,84,1,5,0.988095238095238,0.157263420567122,0.16935028222811,0.0199642319462799,0.702173601449434,0.372099800611581,12.0656588951828,0.903177536267751,-1.42836449990364,-0.734692777958192,-0.880664384912689
"YDL093W",79,0.130965138273054,0.127071472082603,0.0774459408206407,0.260061561871096,0.220915132778294,0.849472452556426,25.0349431533226,14.3811604753271,84,0,5,1,0.127112236079057,0.161626108061671,0.0235602705114074,0.810080634375443,0.253875576106016,15.5416990778546,1.10626612610557,-1.46664852435958,0.155161905627872,-1.0490591505436
"YIL106W",79,0.251743899957778,0.14288617546828,0.214076388463673,0.553588348552026,0.243170357206939,0.439262057886477,74.3997065457297,10.6830421179216,84,0,5,1,0.273407588429538,0.162997923620755,0.0135971682865439,0.479660144544035,0.104761150200864,8.97483853631337,0.928674877525189,-1.47911298357454,-0.385620877396827,1.83939893599835
"YMR144W",79,0.193991846931368,0.139566537375457,0.148224874784692,0.410797645804527,0.293342040374179,0.714079166154138,28.0570054421403,11.9900632795562,84,0,5,1,0.186341439676854,0.1675203461989,0.0181010387835614,0.643074446946406,0.227315499997113,9.46337683396454,1.0486576260033,-1.5443206966017,0.312361977993729,2.40944840617002
"YHR151C",76,0.128717073381551,0.128993499938059,0.0793048568182556,0.251835346080968,0.155096900585512,0.615866291206185,85.7304173469656,15.2089911484539,84,3,5,0.964285714285714,0.126969783533639,0.162677650618909,0.0212349508972293,0.747359121617293,0.224339744518728,16.0719991584699,1.57929518881097,-1.58625988088555,-0.586132567339759,-0.546451363956703
"YML102W",79,0.201424763978379,0.141003821628124,0.152049130871434,0.610477815187999,0.496877433679868,0.813915626936997,19.4267215084104,12.1057083000236,84,0,5,1,0.329069763857741,0.169212435444232,0.0176836568124306,0.582662125084208,0.251040432440317,11.5151275080877,0.913991085173818,-1.59517989493433,0.921180303924814,0.646155965321724
"YOL017W",78,0.234725651532483,0.121902816984958,0.210124097666748,0.388398208845149,0.203850878819837,0.524850203161238,22.4775723066588,6.09645667059178,84,1,5,0.988095238095238,0.124464874501721,0.159221506780897,0.0228632271791236,0.614905917447203,0.335288361273699,6.20862019605984,0.834322333687714,-1.63225818925575,-0.268591829265591,-0.13443668105144
"YGL061C",78,0.14241138009199,0.13687680548305,0.093950750523781,0.331714902710336,0.253169162422522,0.76321310967327,28.2869281784462,19.4521580288411,84,1,5,0.988095238095238,0.186794129981354,0.169430542705609,0.0199406466091901,0.806328045744751,0.262944340385172,16.1033421963712,1.66660443744802,-1.63253167565567,-0.163969819652039,2.00936452419248
"YMR246W",79,0.177357433387494,0.151031138367273,0.114575998645129,0.897151642664206,0.537289639189583,0.598883860474282,2.97715020222004,12.988107238963,84,0,5,1,0.791273925983537,0.171914803313475,0.012163839282561,0.686249745302343,0.208086973931668,11.936334329631,1.15522406654309,-1.71686459028959,-0.419852733582212,0.910449271091881
"YOR084W",77,0.159173143402952,0.134610031567428,0.119622546906812,0.418552524146515,0.374988314761618,0.895916983241875,33.0090905286874,14.1312541375742,84,2,5,0.976190476190476,0.210869195344004,0.164724553044154,0.0174771010172877,0.81055604071601,0.296672584120815,12.3119665584652,0.955211491103887,-1.72308447762232,0.287727774977355,1.90459138740736
"YDR191W",71,0.100225518382128,0.0905796963562118,0.0694641991052353,0.115045778283982,0.128387898998425,1.11597227567542,5.25731467643889,13.8838670757226,84,8,5,0.904761904761905,0.0323247764087177,0.14323342424506,0.0298418022305336,0.993952463019861,0.286623781241232,12.3920508738576,1.25808200962607,-1.76442855167017,0.425714196244104,1.18578613353543
"YER150W",72,0.102862113689025,0.0980614018328259,0.0607116248896675,0.206607696109917,0.268247333361475,1.29834143844654,1.89429761895567,16.440417132634,84,7,5,0.916666666666667,0.0514980299332877,0.14831319529548,0.0275300081652792,1.02610190528157,0.34224569341173,17.8806145575482,1.11589331871985,-1.82534611544475,0.795450573683214,-1.29062285861379
"YKR010C",79,0.144352457390798,0.132863834168327,0.094993980882531,0.359426577254772,0.218796147980206,0.608736698469341,42.0593217112333,13.4843173902951,84,0,5,1,0.208839760786659,0.166181660644405,0.0182460693226658,0.840811378032652,0.39285257106337,14.7345621535372,1.18691655951878,-1.82602761651739,-0.59074242262214,-1.05335522806164
"YKL042W",78,0.202908371236842,0.125093340423811,0.154788094202869,0.406363812859267,0.1937790187086,0.476860912749901,24.7309961073001,9.4448434128108,84,1,5,0.988095238095238,0.196548988643733,0.159638216849914,0.0181374363455104,0.602851697006503,0.224678541590069,8.12986528102926,0.986426532397134,-1.90461737635012,-0.56076020150814,1.33307254883542
"YDL138W",76,0.129934639812487,0.108576079507572,0.0868856913354797,0.240499128716835,0.157656709740089,0.655539629524873,1.99652236445688,12.9792073288889,84,3,5,0.964285714285714,0.0963164926440863,0.155982362868781,0.0246718304593154,0.701183412143061,0.142602455830451,13.0336707784848,1.22317542359297,-1.92147410543309,-0.320077114747987,-0.0445262785250354
"YDR085C",74,0.0963824136706186,0.0908997055085921,0.0633681713358849,0.185809113563929,0.195480054431324,1.05204772081358,85.4415555904625,19.5514124097397,84,5,5,0.94047619047619,0.0690099929454195,0.149892954710085,0.0295214249497849,0.884648772643535,0.241964078234702,19.4286702450694,1.8511842467257,-1.99831984065264,0.691833884563951,0.0663046722050783
"YML027W",79,0.360106273129389,0.125012234841079,0.332423676438706,0.793265031269974,0.245042755391992,0.308904017866125,20.2835101943892,5.28084602181131,84,0,5,1,0.176290880764411,0.150804823616158,0.0128553898953282,0.374984518418419,0.161792678699702,3.89380578868467,0.929870427780056,-2.00636378865898,-0.408427013406111,1.49164893482849
"YPR175W",77,0.21386440502842,0.11730636882763,0.188924697989436,0.348862723198203,0.29569680147082,0.847602170733567,22.2456564584605,9.05720491488623,84,2,5,0.976190476190476,0.115600201494784,0.157638128905761,0.0192637100519077,0.656745555140035,0.35914260563098,7.14834508546346,1.02481446854417,-2.09366523735321,0.531422929502377,1.86263942207458
"YPL014W",77,0.198278519630408,0.122660408951176,0.156452291489779,0.442172551976997,0.302580746436291,0.684304679436619,16.477108358213,8.70599979061624,84,2,5,0.976190476190476,0.152786224800252,0.164253395044063,0.0190126439579,0.547899682724444,0.184933564925953,8.80764149570017,0.811643716587428,-2.18764871340286,0.737589181102908,-0.125229460915783
"YPL133C",77,0.117029522467564,0.119852083029665,0.0650892276062118,0.237909014608383,0.201870548608406,0.848519964410349,44.7697772214673,27.0627330918067,84,2,5,0.976190476190476,0.118267817111462,0.162008928377055,0.0189264805140814,0.826981470887795,0.178515922339126,27.600241436204,3.39700477967925,-2.22740014003264,0.120653066910398,-0.158230081868797
"YPR106W",78,0.161763937506438,0.120018057468844,0.122061178812148,0.355385102609081,0.191521327894426,0.538912088571976,20.0305060503233,12.7910689534336,84,1,5,0.988095238095238,0.152700822069211,0.166830720973235,0.0207405498573317,0.669371355788782,0.248139825845835,12.2957006273446,0.829236637749875,-2.25705990566316,-0.525749007730257,0.597378725852151
