ID,Description,GeneRatio,BgRatio,RichFactor,FoldEnrichment,zScore,pvalue,p.adjust,qvalue,geneID,Count,direction,clade
GO:0019646,aerobic electron transport chain,6/16,26/4976,0.23076923076923078,71.76923076923077,20.546802441211803,8.472918047648707e-11,7.648687656261238e-9,6.2196861460243546e-9,YGL191W/YNL052W/YJR048W/YHR001W-A/YHR051W/YFR033C,6,Downregulated,1. Wine/European
GO:0042773,ATP synthesis coupled electron transport,6/16,27/4976,0.2222222222222222,69.11111111111111,20.15379403371753,1.0874911359613136e-10,7.648687656261238e-9,6.2196861460243546e-9,YGL191W/YNL052W/YJR048W/YHR001W-A/YHR051W/YFR033C,6,Downregulated,1. Wine/European
GO:0042775,mitochondrial ATP synthesis coupled electron transport,6/16,27/4976,0.2222222222222222,69.11111111111111,20.15379403371753,1.0874911359613136e-10,7.648687656261238e-9,6.2196861460243546e-9,YGL191W/YNL052W/YJR048W/YHR001W-A/YHR051W/YFR033C,6,Downregulated,1. Wine/European
GO:0022904,respiratory electron transport chain,6/16,30/4976,0.2,62.2,19.09416578990412,2.170128100586562e-10,9.446829774695955e-9,7.681882031805641e-9,YGL191W/YNL052W/YJR048W/YHR001W-A/YHR051W/YFR033C,6,Downregulated,1. Wine/European
GO:0006119,oxidative phosphorylation,6/16,31/4976,0.1935483870967742,60.193548387096776,18.775338227616682,2.6863023056007456e-10,9.446829774695955e-9,7.681882031805641e-9,YGL191W/YNL052W/YJR048W/YHR001W-A/YHR051W/YFR033C,6,Downregulated,1. Wine/European
GO:0022900,electron transport chain,6/16,31/4976,0.1935483870967742,60.193548387096776,18.775338227616682,2.6863023056007456e-10,9.446829774695955e-9,7.681882031805641e-9,YGL191W/YNL052W/YJR048W/YHR001W-A/YHR051W/YFR033C,6,Downregulated,1. Wine/European
GO:0006123,"mitochondrial electron transport, cytochrome c to oxygen",4/16,11/4976,0.36363636363636365,113.0909090909091,21.13600014377349,2.3223190096166033e-8,7.000133014701476e-7,5.692300730338441e-7,YGL191W/YNL052W/YJR048W/YHR051W,4,Downregulated,1. Wine/European
GO:1902600,proton transmembrane transport,6/16,73/4976,0.0821917808219178,25.561643835616437,12.0061456748734,5.7738040380537794e-8,1.5228408150366843e-6,1.238329023951008e-6,YGL191W/YBR039W/YNL052W/YHR001W-A/YHR051W/YFR033C,6,Downregulated,1. Wine/European
GO:0009060,aerobic respiration,6/16,79/4976,0.0759493670886076,23.620253164556964,11.509637629442128,9.32973722124488e-8,2.1873050596474106e-6,1.7786516573835269e-6,YGL191W/YNL052W/YJR048W/YHR001W-A/YHR051W/YFR033C,6,Downregulated,1. Wine/European
GO:0045333,cellular respiration,6/16,93/4976,0.06451612903225806,20.064516129032256,10.539975340753239,2.4966934656071527e-7,5.2680232124310925e-6,4.283800367304904e-6,YGL191W/YNL052W/YJR048W/YHR001W-A/YHR051W/YFR033C,6,Downregulated,1. Wine/European
GO:0098662,inorganic cation transmembrane transport,6/16,131/4976,0.04580152671755725,14.244274809160306,8.724341083096824,1.915208230129544e-6,3.6737176050666704e-5,2.9873582919723985e-5,YGL191W/YBR039W/YNL052W/YHR001W-A/YHR051W/YFR033C,6,Downregulated,1. Wine/European
GO:0098655,monoatomic cation transmembrane transport,6/16,135/4976,0.044444444444444446,13.822222222222223,8.577847835771946,2.285883237701859e-6,4.019344692959102e-5,3.2684119977666935e-5,YGL191W/YBR039W/YNL052W/YHR001W-A/YHR051W/YFR033C,6,Downregulated,1. Wine/European
GO:0015980,energy derivation by oxidation of organic compounds,6/16,142/4976,0.04225352112676056,13.140845070422534,8.335956926640794,3.075245809303143e-6,4.82931656518041e-5,3.927057122097315e-5,YGL191W/YNL052W/YJR048W/YHR001W-A/YHR051W/YFR033C,6,Downregulated,1. Wine/European
GO:0034220,monoatomic ion transmembrane transport,6/16,143/4976,0.04195804195804196,13.04895104895105,8.302799619910743,3.204285872631552e-6,4.82931656518041e-5,3.927057122097315e-5,YGL191W/YBR039W/YNL052W/YHR001W-A/YHR051W/YFR033C,6,Downregulated,1. Wine/European
GO:0098660,inorganic ion transmembrane transport,6/16,149/4976,0.040268456375838924,12.523489932885905,8.110622855890805,4.075003270339044e-6,5.732171266943588e-5,4.66123181098431e-5,YGL191W/YBR039W/YNL052W/YHR001W-A/YHR051W/YFR033C,6,Downregulated,1. Wine/European
GO:0006122,"mitochondrial electron transport, ubiquinol to cytochrome c",3/16,11/4976,0.2727272727272727,84.81818181818181,15.80485979931805,4.432255755636891e-6,5.8450372777461505e-5,4.7530111063737716e-5,YJR048W/YHR001W-A/YFR033C,3,Downregulated,1. Wine/European
GO:0006812,monoatomic cation transport,6/16,166/4976,0.03614457831325301,11.240963855421686,7.621457545719526,7.642361430300938e-6,9.485519187020576e-5,7.713343115412092e-5,YGL191W/YBR039W/YNL052W/YHR001W-A/YHR051W/YFR033C,6,Downregulated,1. Wine/European
GO:0006091,generation of precursor metabolites and energy,6/16,181/4976,0.03314917127071823,10.30939226519337,7.245727679269198,1.260267643266011e-5,1.399560382784886e-4,1.1380810296529629e-4,YGL191W/YNL052W/YJR048W/YHR001W-A/YHR051W/YFR033C,6,Downregulated,1. Wine/European
GO:0006811,monoatomic ion transport,6/16,181/4976,0.03314917127071823,10.30939226519337,7.245727679269198,1.260267643266011e-5,1.399560382784886e-4,1.1380810296529629e-4,YGL191W/YBR039W/YNL052W/YHR001W-A/YHR051W/YFR033C,6,Downregulated,1. Wine/European
GO:0009065,glutamine family amino acid catabolic process,2/16,10/4976,0.2,62.2,11.001800365952445,4.297607479223452e-4,0.004533975890580742,0.003686894837439067,YLR438W/YPL111W,2,Downregulated,1. Wine/European
GO:0055085,transmembrane transport,6/16,389/4976,0.015424164524421594,4.796915167095116,4.429523603142526,8.94366381639911e-4,0.008986252691715296,0.007307354396356165,YGL191W/YBR039W/YNL052W/YHR001W-A/YHR051W/YFR033C,6,Downregulated,1. Wine/European
GO:0006525,arginine metabolic process,2/16,17/4976,0.11764705882352941,36.588235294117645,8.347367910031844,0.0012818839440749395,0.012294432372718739,0.009997468080584458,YLR438W/YPL111W,2,Downregulated,1. Wine/European
GO:0045833,negative regulation of lipid metabolic process,2/16,18/4976,0.1111111111111111,34.55555555555556,8.099591584543768,0.0014394168919123992,0.012654873508063175,0.010290568130777241,YGR038W/YLR168C,2,Downregulated,1. Wine/European
GO:0051055,negative regulation of lipid biosynthetic process,2/16,18/4976,0.1111111111111111,34.55555555555556,8.099591584543768,0.0014394168919123992,0.012654873508063175,0.010290568130777241,YGR038W/YLR168C,2,Downregulated,1. Wine/European
GO:0170035,L-amino acid catabolic process,2/16,29/4976,0.06896551724137931,21.448275862068964,6.271918912340449,0.0037416655053969477,0.03036505467841369,0.024691962646951518,YLR438W/YPL111W,2,Downregulated,1. Wine/European
GO:0170040,proteinogenic amino acid catabolic process,2/16,29/4976,0.06896551724137931,21.448275862068964,6.271918912340449,0.0037416655053969477,0.03036505467841369,0.024691962646951518,YLR438W/YPL111W,2,Downregulated,1. Wine/European
GO:0170041,non-proteinogenic amino acid metabolic process,2/16,34/4976,0.058823529411764705,18.294117647058822,5.746483878483173,0.005121930607251772,0.040026939190004586,0.03254872081801321,YLR438W/YPL111W,2,Downregulated,1. Wine/European
GO:0009064,glutamine family amino acid metabolic process,2/16,35/4976,0.05714285714285714,17.771428571428572,5.65473617862781,0.005422185823148045,0.0408600431672942,0.03322617628470419,YLR438W/YPL111W,2,Downregulated,1. Wine/European
GO:1901606,alpha-amino acid catabolic process,2/16,36/4976,0.05555555555555555,17.27777777777778,5.566709867285656,0.0057303962991485735,0.041693573073115484,0.033903978103855446,YLR438W/YPL111W,2,Downregulated,1. Wine/European
GO:0031505,fungal-type cell wall organization,3/6,127/4976,0.023622047244094488,19.590551181102363,7.37330175476032,3.0702006054236997e-4,0.01591387139602648,0.013365513490503763,YKL096W-A/YKL096W/YER011W,3,Downregulated,13. African palm wine
GO:0071852,fungal-type cell wall organization or biogenesis,3/6,147/4976,0.02040816326530612,16.92517006802721,6.809388563464307,4.7328241924136217e-4,0.01591387139602648,0.013365513490503763,YKL096W-A/YKL096W/YER011W,3,Downregulated,13. African palm wine
GO:0045229,external encapsulating structure organization,3/6,166/4976,0.018072289156626505,14.987951807228916,6.368389337746979,6.771860168521905e-4,0.01591387139602648,0.013365513490503763,YKL096W-A/YKL096W/YER011W,3,Downregulated,13. African palm wine
GO:0071555,cell wall organization,3/6,166/4976,0.018072289156626505,14.987951807228916,6.368389337746979,6.771860168521905e-4,0.01591387139602648,0.013365513490503763,YKL096W-A/YKL096W/YER011W,3,Downregulated,13. African palm wine
GO:0071554,cell wall organization or biogenesis,3/6,202/4976,0.01485148514851485,12.316831683168317,5.704969243034542,0.0012039379809273881,0.022634034041434898,0.019009547067274552,YKL096W-A/YKL096W/YER011W,3,Downregulated,13. African palm wine
GO:1902600,proton transmembrane transport,12/27,73/4976,0.1643835616438356,30.295281582952814,18.622923441978187,5.672598609645254e-16,9.13288376152886e-14,5.135194530836757e-14,YDR322C-A/YGL191W/YLR038C/YLR295C/YPL271W/YPR020W/YML081C-A/YBL099W/YJR121W/YKL016C/YHR001W-A/YHR051W,12,Upregulated,18. Far East Asia
GO:0006754,ATP biosynthetic process,8/27,16/4976,0.5,92.14814814814815,26.97035732299013,2.9993813820838636e-15,1.6096680083850067e-13,9.050764872253062e-14,YDR322C-A/YLR295C/YPL271W/YPR020W/YML081C-A/YBL099W/YJR121W/YKL016C,8,Upregulated,18. Far East Asia
GO:0015986,proton motive force-driven ATP synthesis,8/27,16/4976,0.5,92.14814814814815,26.97035732299013,2.9993813820838636e-15,1.6096680083850067e-13,9.050764872253062e-14,YDR322C-A/YLR295C/YPL271W/YPR020W/YML081C-A/YBL099W/YJR121W/YKL016C,8,Upregulated,18. Far East Asia
GO:0009145,purine nucleoside triphosphate biosynthetic process,8/27,20/4976,0.4,73.71851851851852,24.066562837237107,2.895988415153793e-14,9.325082696795214e-13,5.243263235857394e-13,YDR322C-A/YLR295C/YPL271W/YPR020W/YML081C-A/YBL099W/YJR121W/YKL016C,8,Upregulated,18. Far East Asia
GO:0009206,purine ribonucleoside triphosphate biosynthetic process,8/27,20/4976,0.4,73.71851851851852,24.066562837237107,2.895988415153793e-14,9.325082696795214e-13,5.243263235857394e-13,YDR322C-A/YLR295C/YPL271W/YPR020W/YML081C-A/YBL099W/YJR121W/YKL016C,8,Upregulated,18. Far East Asia
GO:0098660,inorganic ion transmembrane transport,13/27,149/4976,0.087248322147651,16.0795426298782,13.802646070217378,1.2892287804760653e-13,3.4594305609441083e-12,1.9451521951042388e-12,YDR322C-A/YGL191W/YLR038C/YLR295C/YPL271W/YPR020W/YML081C-A/YBL099W/YJR077C/YJR121W/YKL016C/YHR001W-A/YHR051W,13,Upregulated,18. Far East Asia
GO:0009201,ribonucleoside triphosphate biosynthetic process,8/27,24/4976,0.3333333333333333,61.432098765432094,21.918088583207176,1.6678942353464678e-13,3.836156741296876e-12,2.1569760036059582e-12,YDR322C-A/YLR295C/YPL271W/YPR020W/YML081C-A/YBL099W/YJR121W/YKL016C,8,Upregulated,18. Far East Asia
GO:0009142,nucleoside triphosphate biosynthetic process,8/27,27/4976,0.2962962962962963,54.60631001371741,20.628078075981048,4.983372998583124e-13,9.4979849875853e-12,5.3404819152163175e-12,YDR322C-A/YLR295C/YPL271W/YPR020W/YML081C-A/YBL099W/YJR121W/YKL016C,8,Upregulated,18. Far East Asia
GO:0006812,monoatomic cation transport,13/27,166/4976,0.0783132530120482,14.432842481035253,13.000771510921828,5.309432601755758e-13,9.4979849875853e-12,5.3404819152163175e-12,YDR322C-A/YGL191W/YLR038C/YLR295C/YPL271W/YPR020W/YML081C-A/YBL099W/YBL030C/YJR121W/YKL016C/YHR001W-A/YHR051W,13,Upregulated,18. Far East Asia
GO:0098662,inorganic cation transmembrane transport,12/27,131/4976,0.0916030534351145,16.882103477523327,13.605561699102049,8.303728704036579e-13,1.3369003213498894e-11,7.517059668917324e-12,YDR322C-A/YGL191W/YLR038C/YLR295C/YPL271W/YPR020W/YML081C-A/YBL099W/YJR121W/YKL016C/YHR001W-A/YHR051W,12,Upregulated,18. Far East Asia
GO:0098655,monoatomic cation transmembrane transport,12/27,135/4976,0.08888888888888889,16.381893004115227,13.382240381779967,1.1966082371746855e-12,1.7513993289556762e-11,9.84768501406918e-12,YDR322C-A/YGL191W/YLR038C/YLR295C/YPL271W/YPR020W/YML081C-A/YBL099W/YJR121W/YKL016C/YHR001W-A/YHR051W,12,Upregulated,18. Far East Asia
GO:0006811,monoatomic ion transport,13/27,181/4976,0.0718232044198895,13.236750562717415,12.385991759815177,1.6355385056449863e-12,2.19434749507369e-11,1.2338272937321826e-11,YDR322C-A/YGL191W/YLR038C/YLR295C/YPL271W/YPR020W/YML081C-A/YBL099W/YBL030C/YJR121W/YKL016C/YHR001W-A/YHR051W,13,Upregulated,18. Far East Asia
GO:0034220,monoatomic ion transmembrane transport,12/27,143/4976,0.08391608391608392,15.465423465423466,12.963147741291632,2.4023640540686193e-12,2.975235482346521e-11,1.6729012846145853e-11,YDR322C-A/YGL191W/YLR038C/YLR295C/YPL271W/YPR020W/YML081C-A/YBL099W/YJR121W/YKL016C/YHR001W-A/YHR051W,12,Upregulated,18. Far East Asia
GO:0055085,transmembrane transport,16/27,389/4976,0.04113110539845758,7.58031038750833,9.98335484263185,8.481528137126864e-12,9.753757357695894e-11,5.484296389420378e-11,YDR322C-A/YGL191W/YLR038C/YLR295C/YPL271W/YPR020W/YML081C-A/YBL099W/YBL030C/YNL121C/YNL070W/YJR077C/YJR121W/YKL016C/YHR001W-A/YHR051W,16,Upregulated,18. Far East Asia
GO:0009152,purine ribonucleotide biosynthetic process,8/27,40/4976,0.2,36.85925925925926,16.81757727945854,1.6512619832280872e-11,1.7723545286648134e-10,9.965510916323896e-11,YDR322C-A/YLR295C/YPL271W/YPR020W/YML081C-A/YBL099W/YJR121W/YKL016C,8,Upregulated,18. Far East Asia
GO:0046034,ATP metabolic process,8/27,43/4976,0.18604651162790697,34.28768303186908,16.19130803491332,3.0817657908663145e-11,3.101026827059229e-10,1.743630644832257e-10,YDR322C-A/YLR295C/YPL271W/YPR020W/YML081C-A/YBL099W/YJR121W/YKL016C,8,Upregulated,18. Far East Asia
GO:0009205,purine ribonucleoside triphosphate metabolic process,8/27,47/4976,0.1702127659574468,31.36958234830575,15.449984107064576,6.592080026868622e-11,6.24308755485793e-10,3.5103336365987706e-10,YDR322C-A/YLR295C/YPL271W/YPR020W/YML081C-A/YBL099W/YJR121W/YKL016C,8,Upregulated,18. Far East Asia
GO:0009144,purine nucleoside triphosphate metabolic process,8/27,49/4976,0.16326530612244897,30.08919123204837,15.11325824364999,9.389487850544367e-11,8.398375244098018e-10,4.722198568110032e-10,YDR322C-A/YLR295C/YPL271W/YPR020W/YML081C-A/YBL099W/YJR121W/YKL016C,8,Upregulated,18. Far East Asia
GO:0009199,ribonucleoside triphosphate metabolic process,8/27,52/4976,0.15384615384615385,28.353276353276353,14.644403974002326,1.550787934421222e-10,1.3140887233779827e-9,7.388795698627429e-10,YDR322C-A/YLR295C/YPL271W/YPR020W/YML081C-A/YBL099W/YJR121W/YKL016C,8,Upregulated,18. Far East Asia
GO:0009260,ribonucleotide biosynthetic process,8/27,54/4976,0.14814814814814814,27.303155006858706,14.35336130926887,2.1294900249199005e-10,1.71423947006052e-9,9.638744323321654e-10,YDR322C-A/YLR295C/YPL271W/YPR020W/YML081C-A/YBL099W/YJR121W/YKL016C,8,Upregulated,18. Far East Asia
GO:0009141,nucleoside triphosphate metabolic process,8/27,59/4976,0.13559322033898305,24.98932831136221,13.690322773428345,4.461306117308213e-10,3.420334689936297e-9,1.9231695543283528e-9,YDR322C-A/YLR295C/YPL271W/YPR020W/YML081C-A/YBL099W/YJR121W/YKL016C,8,Upregulated,18. Far East Asia
GO:0046390,ribose phosphate biosynthetic process,8/27,60/4976,0.13333333333333333,24.57283950617284,13.567545451563749,5.130037664612499e-10,3.754254836375511e-9,2.110924589266387e-9,YDR322C-A/YLR295C/YPL271W/YPR020W/YML081C-A/YBL099W/YJR121W/YKL016C,8,Upregulated,18. Far East Asia
GO:0006164,purine nucleotide biosynthetic process,8/27,62/4976,0.12903225806451613,23.78016726403823,13.330758934346967,6.732759164119987e-10,4.712931414883991e-9,2.6499647053286905e-9,YDR322C-A/YLR295C/YPL271W/YPR020W/YML081C-A/YBL099W/YJR121W/YKL016C,8,Upregulated,18. Far East Asia
GO:0009150,purine ribonucleotide metabolic process,8/27,68/4976,0.11764705882352941,21.681917211328976,12.682727822331085,1.4419651143801123e-9,9.673182642299919e-9,5.43899122090744e-9,YDR322C-A/YLR295C/YPL271W/YPR020W/YML081C-A/YBL099W/YJR121W/YKL016C,8,Upregulated,18. Far East Asia
GO:0009060,aerobic respiration,8/27,79/4976,0.10126582278481013,18.6629160806376,11.687741479258175,4.9003976379853325e-9,3.155856078862554e-8,1.7744597762810048e-8,YGL191W/YLR038C/YPL271W/YBL030C/YJR121W/YKL085W/YHR001W-A/YHR051W,8,Upregulated,18. Far East Asia
GO:0006163,purine nucleotide metabolic process,9/27,121/4976,0.0743801652892562,13.707988980716253,10.451884342913765,7.154619383892046e-9,4.357495046144676e-8,2.4501116310457152e-8,YDR322C-A/YLR295C/YPL271W/YPR020W/YML081C-A/YMR145C/YBL099W/YJR121W/YKL016C,9,Upregulated,18. Far East Asia
GO:0009259,ribonucleotide metabolic process,8/27,83/4976,0.0963855421686747,17.763498438197235,11.374591125844034,7.307600387944489e-9,4.357495046144676e-8,2.4501116310457152e-8,YDR322C-A/YLR295C/YPL271W/YPR020W/YML081C-A/YBL099W/YJR121W/YKL016C,8,Upregulated,18. Far East Asia
GO:0072522,purine-containing compound biosynthetic process,8/27,84/4976,0.09523809523809523,17.552028218694883,11.299710960039093,8.049078923546906e-9,4.628220381039471e-8,2.6023337873121574e-8,YDR322C-A/YLR295C/YPL271W/YPR020W/YML081C-A/YBL099W/YJR121W/YKL016C,8,Upregulated,18. Far East Asia
GO:0006119,oxidative phosphorylation,6/27,31/4976,0.1935483870967742,35.67025089605735,14.301262597474695,9.468230287443107e-9,5.2565002630287594e-8,2.9556000171328755e-8,YGL191W/YLR038C/YPL271W/YJR121W/YHR001W-A/YHR051W,6,Upregulated,18. Far East Asia
GO:0019693,ribose phosphate metabolic process,8/27,90/4976,0.08888888888888889,16.381893004115227,10.876120414347211,1.4019309790491168e-8,7.52369625423026e-8,4.230388217481546e-8,YDR322C-A/YLR295C/YPL271W/YPR020W/YML081C-A/YBL099W/YJR121W/YKL016C,8,Upregulated,18. Far East Asia
GO:0009165,nucleotide biosynthetic process,8/27,93/4976,0.08602150537634409,15.853444842692156,10.67935436675492,1.8229496894387032e-8,9.171715624988476e-8,5.1570287267015947e-8,YDR322C-A/YLR295C/YPL271W/YPR020W/YML081C-A/YBL099W/YJR121W/YKL016C,8,Upregulated,18. Far East Asia
GO:0045333,cellular respiration,8/27,93/4976,0.08602150537634409,15.853444842692156,10.67935436675492,1.8229496894387032e-8,9.171715624988476e-8,5.1570287267015947e-8,YGL191W/YLR038C/YPL271W/YBL030C/YJR121W/YKL085W/YHR001W-A/YHR051W,8,Upregulated,18. Far East Asia
GO:0015980,energy derivation by oxidation of organic compounds,9/27,142/4976,0.06338028169014084,11.68075117370892,9.53701233678826,2.9495070449042473e-8,1.4390019219078297e-7,8.091151702129675e-8,YGL191W/YLR038C/YPL271W/YMR145C/YBL030C/YJR121W/YKL085W/YHR001W-A/YHR051W,9,Upregulated,18. Far East Asia
GO:0009117,nucleotide metabolic process,9/27,165/4976,0.05454545454545454,10.052525252525252,8.734011036090369,1.0942309340889852e-7,5.033462296809332e-7,2.830191288170007e-7,YDR322C-A/YLR295C/YPL271W/YPR020W/YML081C-A/YMR145C/YBL099W/YJR121W/YKL016C,9,Upregulated,18. Far East Asia
GO:0072521,purine-containing compound metabolic process,9/27,165/4976,0.05454545454545454,10.052525252525252,8.734011036090369,1.0942309340889852e-7,5.033462296809332e-7,2.830191288170007e-7,YDR322C-A/YLR295C/YPL271W/YPR020W/YML081C-A/YMR145C/YBL099W/YJR121W/YKL016C,9,Upregulated,18. Far East Asia
GO:1901293,nucleoside phosphate biosynthetic process,8/27,120/4976,0.06666666666666667,12.28641975308642,9.243302789801426,1.3702238631252852e-7,6.127945610088081e-7,3.445592170432004e-7,YDR322C-A/YLR295C/YPL271W/YPR020W/YML081C-A/YBL099W/YJR121W/YKL016C,8,Upregulated,18. Far East Asia
GO:0006091,generation of precursor metabolites and energy,9/27,181/4976,0.049723756906077346,9.16390423572744,8.26347240416291,2.4336579987970544e-7,1.058970102179259e-6,5.954326824937316e-7,YGL191W/YLR038C/YPL271W/YMR145C/YBL030C/YJR121W/YKL085W/YHR001W-A/YHR051W,9,Upregulated,18. Far East Asia
GO:0007006,mitochondrial membrane organization,6/27,56/4976,0.10714285714285714,19.746031746031743,10.419347149387905,3.8119574394844493e-7,1.615066178307885e-6,9.081117445863231e-7,YDR322C-A/YLR295C/YPR020W/YBR185C/YNL121C/YNL070W,6,Upregulated,18. Far East Asia
GO:0007005,mitochondrion organization,9/27,199/4976,0.04522613065326633,8.33500837520938,7.799544303796046,5.478327638179083e-7,2.2615660249918778e-6,1.271622609671798e-6,YDR322C-A/YGL191W/YLR038C/YLR295C/YPR020W/YML081C-A/YBR185C/YNL121C/YNL070W,9,Upregulated,18. Far East Asia
GO:0007007,inner mitochondrial membrane organization,5/27,37/4976,0.13513513513513514,24.904904904904907,10.779238149577361,1.2321677948689096e-6,4.843406208000844e-6,2.7233274526843585e-6,YDR322C-A/YLR295C/YPR020W/YBR185C/YNL121C,5,Upregulated,18. Far East Asia
GO:0006753,nucleoside phosphate metabolic process,9/27,219/4976,0.0410958904109589,7.5738203957382035,7.348403814100736,1.233414003279718e-6,4.843406208000844e-6,2.7233274526843585e-6,YDR322C-A/YLR295C/YPL271W/YPR020W/YML081C-A/YMR145C/YBL099W/YJR121W/YKL016C,9,Upregulated,18. Far East Asia
GO:0055086,nucleobase-containing small molecule metabolic process,9/27,231/4976,0.03896103896103896,7.18037518037518,7.10431842828661,1.93126572376545e-6,7.403185274434226e-6,4.16262787578518e-6,YDR322C-A/YLR295C/YPL271W/YPR020W/YML081C-A/YMR145C/YBL099W/YJR121W/YKL016C,9,Upregulated,18. Far East Asia
GO:1901137,carbohydrate derivative biosynthetic process,8/27,208/4976,0.038461538461538464,7.088319088319088,6.624920141284616,9.10410465042173e-6,3.4087461598090664e-5,1.916653610615101e-5,YDR322C-A/YLR295C/YPL271W/YPR020W/YML081C-A/YBL099W/YJR121W/YKL016C,8,Upregulated,18. Far East Asia
GO:0042407,cristae formation,3/27,11/4976,0.2727272727272727,50.26262626262626,12.080195837122407,2.2844783828291153e-5,8.359114082624717e-5,4.700122988595788e-5,YDR322C-A/YLR295C/YPR020W,3,Upregulated,18. Far East Asia
GO:0090407,organophosphate biosynthetic process,8/27,251/4976,0.03187250996015936,5.873985539324185,5.85247932806515,3.6043345438115904e-5,1.2895508034525913e-4,7.250825047199924e-5,YDR322C-A/YLR295C/YPL271W/YPR020W/YML081C-A/YBL099W/YJR121W/YKL016C,8,Upregulated,18. Far East Asia
GO:1901135,carbohydrate derivative metabolic process,8/27,285/4976,0.028070175438596492,5.173229369720598,5.358974202182806,8.953646595123229e-5,3.13377630829313e-4,1.7620448676901549e-4,YDR322C-A/YLR295C/YPL271W/YPR020W/YML081C-A/YBL099W/YJR121W/YKL016C,8,Upregulated,18. Far East Asia
GO:0019637,organophosphate metabolic process,9/27,377/4976,0.023872679045092837,4.399646330680813,5.0709859497356335,1.0249839616297982e-4,3.5111152728169685e-4,1.9742132295669124e-4,YDR322C-A/YLR295C/YPL271W/YPR020W/YML081C-A/YMR145C/YBL099W/YJR121W/YKL016C,9,Upregulated,18. Far East Asia
GO:0033108,mitochondrial respiratory chain complex assembly,4/27,58/4976,0.06896551724137931,12.710089399744572,6.625209912439154,2.3887008648698226e-4,8.012100817584196e-4,4.5050060170790507e-4,YGL191W/YLR038C/YLR295C/YML081C-A,4,Upregulated,18. Far East Asia
GO:1990542,mitochondrial transmembrane transport,4/27,62/4976,0.06451612903225806,11.890083632019115,6.372783746083422,3.0944943500384165e-4,0.0010087669967978607,5.672047186964106e-4,YBL030C/YNL121C/YNL070W/YJR077C,4,Upregulated,18. Far East Asia
GO:0006796,phosphate-containing compound metabolic process,9/27,436/4976,0.020642201834862386,3.8042813455657494,4.52748060904502,3.132816760241803e-4,0.0010087669967978607,5.672047186964106e-4,YDR322C-A/YLR295C/YPL271W/YPR020W/YML081C-A/YMR145C/YBL099W/YJR121W/YKL016C,9,Upregulated,18. Far East Asia
GO:0019646,aerobic electron transport chain,3/27,26/4976,0.11538461538461539,21.264957264957268,7.651550773767487,3.409449696783732e-4,0.001076316472906237,6.051861174889597e-4,YGL191W/YHR001W-A/YHR051W,3,Upregulated,18. Far East Asia
GO:0042773,ATP synthesis coupled electron transport,3/27,27/4976,0.1111111111111111,20.477366255144034,7.495024964836739,3.8217748754704086e-4,0.0011609542546240298,6.527758476473787e-4,YGL191W/YHR001W-A/YHR051W,3,Upregulated,18. Far East Asia
GO:0042775,mitochondrial ATP synthesis coupled electron transport,3/27,27/4976,0.1111111111111111,20.477366255144034,7.495024964836739,3.8217748754704086e-4,0.0011609542546240298,6.527758476473787e-4,YGL191W/YHR001W-A/YHR051W,3,Upregulated,18. Far East Asia
GO:0006793,phosphorus metabolic process,9/27,449/4976,0.0200445434298441,3.694135115070527,4.4203534160631,3.909864667588344e-4,0.0011657189101513395,6.554548955411258e-4,YDR322C-A/YLR295C/YPL271W/YPR020W/YML081C-A/YMR145C/YBL099W/YJR121W/YKL016C,9,Upregulated,18. Far East Asia
GO:0022904,respiratory electron transport chain,3/27,30/4976,0.1,18.42962962962963,7.07198657782742,5.247482342466257e-4,0.001536081194794668,8.637004429705227e-4,YGL191W/YHR001W-A/YHR051W,3,Upregulated,18. Far East Asia
GO:0022900,electron transport chain,3/27,31/4976,0.0967741935483871,17.835125448028673,6.944384412316617,5.788732840409145e-4,0.0016642606916176294,9.357726020210272e-4,YGL191W/YHR001W-A/YHR051W,3,Upregulated,18. Far East Asia
GO:0061024,membrane organization,6/27,207/4976,0.028985507246376812,5.341921631776705,4.712736844177011,6.849154749532407e-4,0.0019345858152188026,0.0010877697293809547,YDR322C-A/YLR295C/YPR020W/YBR185C/YNL121C/YNL070W,6,Upregulated,18. Far East Asia
GO:0090151,establishment of protein localization to mitochondrial membrane,3/27,33/4976,0.09090909090909091,16.754208754208754,6.706222498187696,6.975676286756491e-4,0.0019363515209789572,0.0010887625420345885,YBR185C/YNL121C/YNL070W,3,Upregulated,18. Far East Asia
GO:0006839,mitochondrial transport,4/27,82/4976,0.04878048780487805,8.990063233965673,5.388214270421757,9.008749649971796e-4,0.002458319819738066,0.001382252399460436,YBL030C/YNL121C/YNL070W/YJR077C,4,Upregulated,18. Far East Asia
GO:0033615,mitochondrial proton-transporting ATP synthase complex assembly,2/27,10/4976,0.2,36.85925925925926,8.38335108429893,0.0012422985198959871,0.0032788534705451462,0.0018436181658508177,YLR295C/YML081C-A,2,Upregulated,18. Far East Asia
GO:0043461,proton-transporting ATP synthase complex assembly,2/27,10/4976,0.2,36.85925925925926,8.38335108429893,0.0012422985198959871,0.0032788534705451462,0.0018436181658508177,YLR295C/YML081C-A,2,Upregulated,18. Far East Asia
GO:0006123,"mitochondrial electron transport, cytochrome c to oxygen",2/27,11/4976,0.18181818181818182,33.50841750841751,7.971723792455529,0.001513288239022144,0.003929667846492987,0.002209554983971212,YGL191W/YHR051W,2,Upregulated,18. Far East Asia
GO:0070071,proton-transporting two-sector ATPase complex assembly,2/27,17/4976,0.11764705882352941,21.681917211328976,6.308671294134863,0.0036675782153472152,0.009372699883665105,0.005270037201668513,YLR295C/YML081C-A,2,Upregulated,18. Far East Asia
GO:0070585,protein localization to mitochondrion,3/27,74/4976,0.04054054054054054,7.471471471471472,4.142399160844674,0.00714781395833145,0.017704585342944053,0.009954850209174165,YBR185C/YNL121C/YNL070W,3,Upregulated,18. Far East Asia
GO:0072655,establishment of protein localization to mitochondrion,3/27,74/4976,0.04054054054054054,7.471471471471472,4.142399160844674,0.00714781395833145,0.017704585342944053,0.009954850209174165,YBR185C/YNL121C/YNL070W,3,Upregulated,18. Far East Asia
GO:0030150,protein import into mitochondrial matrix,2/27,25/4976,0.08,14.743703703703703,5.087999062886536,0.007876980543213279,0.019215058597838452,0.010804151941249474,YNL121C/YNL070W,2,Upregulated,18. Far East Asia
GO:0170036,import into the mitochondrion,2/27,31/4976,0.06451612903225806,11.890083632019115,4.4920916839305916,0.011967604968411327,0.028757976118122742,0.016169898307672806,YNL121C/YNL070W,2,Upregulated,18. Far East Asia
GO:0006915,apoptotic process,2/27,36/4976,0.05555555555555555,10.238683127572017,4.1088240621153895,0.01594664824563055,0.03775603481686057,0.021229284042170705,YMR145C/YBL030C,2,Upregulated,18. Far East Asia
GO:0008219,cell death,2/27,41/4976,0.04878048780487805,8.990063233965673,3.7941829135791845,0.02041398463449705,0.046952164659343217,0.026400040279199195,YMR145C/YBL030C,2,Upregulated,18. Far East Asia
GO:0012501,programmed cell death,2/27,41/4976,0.04878048780487805,8.990063233965673,3.7941829135791845,0.02041398463449705,0.046952164659343217,0.026400040279199195,YMR145C/YBL030C,2,Upregulated,18. Far East Asia
GO:0170034,L-amino acid biosynthetic process,10/50,100/4976,0.1,9.952,9.110087871852539,3.597835030161474e-8,8.295706879389166e-6,7.470426639182212e-6,YDL182W/YOL058W/YLR303W/YBR115C/YNR050C/YJL088W/YER091C/YHR018C/YIL116W/YIL094C,10,Downregulated,18. Far East Asia
GO:0170038,proteinogenic amino acid biosynthetic process,10/50,103/4976,0.0970873786407767,9.662135922330096,8.949107846185806,4.795206288664258e-8,8.295706879389166e-6,7.470426639182212e-6,YDL182W/YOL058W/YLR303W/YBR115C/YNR050C/YJL088W/YER091C/YHR018C/YIL116W/YIL094C,10,Downregulated,18. Far East Asia
GO:1901607,alpha-amino acid biosynthetic process,10/50,110/4976,0.09090909090909091,9.047272727272727,8.597919039077118,9.049108257747978e-8,1.0436638190602667e-5,9.398372085240005e-6,YDL182W/YOL058W/YLR303W/YBR115C/YNR050C/YJL088W/YER091C/YHR018C/YIL116W/YIL094C,10,Downregulated,18. Far East Asia
GO:0008652,amino acid biosynthetic process,10/50,118/4976,0.0847457627118644,8.433898305084746,8.233096486251634,1.7717681569192098e-7,1.5325794557351164e-5,1.3801141432844371e-5,YDL182W/YOL058W/YLR303W/YBR115C/YNR050C/YJL088W/YER091C/YHR018C/YIL116W/YIL094C,10,Downregulated,18. Far East Asia
GO:0170033,L-amino acid metabolic process,10/50,135/4976,0.07407407407407407,7.371851851851851,7.561350216653238,6.307805839290116e-7,3.897015217663192e-5,3.5093291890121846e-5,YDL182W/YOL058W/YLR303W/YBR115C/YNR050C/YJL088W/YER091C/YHR018C/YIL116W/YIL094C,10,Downregulated,18. Far East Asia
GO:0170039,proteinogenic amino acid metabolic process,10/50,136/4976,0.07352941176470588,7.317647058823529,7.525519307380841,6.757829857219409e-7,3.897015217663192e-5,3.5093291890121846e-5,YDL182W/YOL058W/YLR303W/YBR115C/YNR050C/YJL088W/YER091C/YHR018C/YIL116W/YIL094C,10,Downregulated,18. Far East Asia
GO:0016053,organic acid biosynthetic process,11/50,177/4976,0.062146892655367235,6.184858757062147,7.075913728933106,9.43506747446635e-7,4.080666682706697e-5,3.674710490055316e-5,YDL182W/YOL058W/YLR303W/YBR115C/YNR050C/YJL088W/YER091C/YHR018C/YIL116W/YIL094C/YIR033W,11,Downregulated,18. Far East Asia
GO:0046394,carboxylic acid biosynthetic process,11/50,177/4976,0.062146892655367235,6.184858757062147,7.075913728933106,9.43506747446635e-7,4.080666682706697e-5,3.674710490055316e-5,YDL182W/YOL058W/YLR303W/YBR115C/YNR050C/YJL088W/YER091C/YHR018C/YIL116W/YIL094C/YIR033W,11,Downregulated,18. Far East Asia
GO:1901605,alpha-amino acid metabolic process,10/50,150/4976,0.06666666666666667,6.634666666666667,7.059184633087587,1.6748634562908206e-6,6.438919509740265e-5,5.7983576966325496e-5,YDL182W/YOL058W/YLR303W/YBR115C/YNR050C/YJL088W/YER091C/YHR018C/YIL116W/YIL094C,10,Downregulated,18. Far East Asia
GO:0009067,aspartate family amino acid biosynthetic process,6/50,46/4976,0.13043478260869565,12.98086956521739,8.223905991823841,5.2207892564357096e-6,1.8063930827267555e-4,1.6266880209526e-4,YDL182W/YLR303W/YBR115C/YNR050C/YER091C/YIL094C,6,Downregulated,18. Far East Asia
GO:0019878,lysine biosynthetic process via aminoadipic acid,4/50,13/4976,0.3076923076923077,30.621538461538464,10.773119824903729,6.036610663519998e-6,1.8464933634149974e-4,1.6627990129931223e-4,YDL182W/YBR115C/YNR050C/YIL094C,4,Downregulated,18. Far East Asia
GO:0006520,amino acid metabolic process,11/50,215/4976,0.05116279069767442,5.091720930232558,6.178890314169211,6.404023225716754e-6,1.8464933634149974e-4,1.6627990129931223e-4,YDL182W/YDL168W/YOL058W/YLR303W/YBR115C/YNR050C/YJL088W/YER091C/YHR018C/YIL116W/YIL094C,11,Downregulated,18. Far East Asia
GO:0009085,lysine biosynthetic process,4/50,15/4976,0.26666666666666666,26.538666666666668,9.979150596418638,1.135471029535122e-5,3.0220998170704016e-4,2.721452831922236e-4,YDL182W/YBR115C/YNR050C/YIL094C,4,Downregulated,18. Far East Asia
GO:0006553,lysine metabolic process,4/50,16/4976,0.25,24.88,9.63801985176413,1.5027739756223047e-5,3.4800554817794664e-4,3.1338497797588137e-4,YDL182W/YBR115C/YNR050C/YIL094C,4,Downregulated,18. Far East Asia
GO:0009066,aspartate family amino acid metabolic process,6/50,55/4976,0.10909090909090909,10.856727272727271,7.404943400461702,1.5086945730257803e-5,3.4800554817794664e-4,3.1338497797588137e-4,YDL182W/YLR303W/YBR115C/YNR050C/YER091C/YIL094C,6,Downregulated,18. Far East Asia
GO:0019752,carboxylic acid metabolic process,12/50,307/4976,0.03908794788273615,3.890032573289902,5.2661633880814644,3.5554690106081864e-5,7.688701735440204e-4,6.923808073289627e-4,YDL182W/YDL078C/YOL058W/YLR303W/YBR115C/YNR050C/YJL088W/YER091C/YHR018C/YIL116W/YIL094C/YIR033W,12,Downregulated,18. Far East Asia
GO:0044283,small molecule biosynthetic process,12/50,309/4976,0.038834951456310676,3.864854368932038,5.23838278264339,3.792635440556101e-5,7.719128602543594e-4,6.9512079901214e-4,YDL182W/YDL168W/YOL058W/YLR303W/YBR115C/YNR050C/YJL088W/YER091C/YHR018C/YIL116W/YIL094C/YIR033W,12,Downregulated,18. Far East Asia
GO:0043436,oxoacid metabolic process,12/50,323/4976,0.03715170278637771,3.6973374613003096,5.050150954817364,5.8752488798499346e-5,0.0011028700451010522,9.931534327651704e-4,YDL182W/YDL078C/YOL058W/YLR303W/YBR115C/YNR050C/YJL088W/YER091C/YHR018C/YIL116W/YIL094C/YIR033W,12,Downregulated,18. Far East Asia
GO:0006082,organic acid metabolic process,12/50,324/4976,0.037037037037037035,3.6859259259259254,5.037105235946212,6.0562227910173394e-5,0.0011028700451010522,9.931534327651704e-4,YDL182W/YDL078C/YOL058W/YLR303W/YBR115C/YNR050C/YJL088W/YER091C/YHR018C/YIL116W/YIL094C/YIR033W,12,Downregulated,18. Far East Asia
GO:0009636,response to toxic substance,5/50,47/4976,0.10638297872340426,10.587234042553192,6.652688521820851,9.32321514970825e-5,0.0016129162208995274,0.0014524587812177064,YDL168W/YGR154C/YGR234W/YPL091W/YMR038C,5,Downregulated,18. Far East Asia
GO:0006526,L-arginine biosynthetic process,3/50,12/4976,0.25,24.88,8.343406435026399,1.9709789983696351e-4,0.003247422540170922,0.0029243598171298847,YOL058W/YJL088W/YHR018C,3,Downregulated,18. Far East Asia
GO:1990748,cellular detoxification,4/50,31/4976,0.12903225806451613,12.841290322580644,6.662405608754147,2.3248404617080655e-4,0.003656339998868139,0.0032925970175386957,YDL168W/YGR154C/YPL091W/YMR038C,4,Downregulated,18. Far East Asia
GO:0097237,cellular response to toxic substance,4/50,32/4976,0.125,12.44,6.54027671641816,2.637376251918905e-4,0.00396753123114757,0.0035728300712494095,YDL168W/YGR154C/YPL091W/YMR038C,4,Downregulated,18. Far East Asia
GO:0170041,non-proteinogenic amino acid metabolic process,4/50,34/4976,0.11764705882352941,11.708235294117646,6.3116125987035545,3.3513613629608795e-4,0.0048315459649352676,0.004350890190510616,YOL058W/YLR303W/YJL088W/YHR018C,4,Downregulated,18. Far East Asia
GO:0006525,arginine metabolic process,3/50,17/4976,0.17647058823529413,17.56235294117647,6.891024320189859,5.879984033555169e-4,0.008137897902440353,0.00732831694287297,YOL058W/YJL088W/YHR018C,3,Downregulated,18. Far East Asia
GO:0098754,detoxification,4/50,40/4976,0.1,9.952,5.726599811408518,6.317804653338202e-4,0.008407540038673146,0.007571134321409344,YDL168W/YGR154C/YPL091W/YMR038C,4,Downregulated,18. Far East Asia
GO:0006790,sulfur compound metabolic process,6/50,111/4976,0.05405405405405406,5.37945945945946,4.700834034898318,7.690884731977628e-4,0.009855726360237998,0.008875250996746112,YOR285W/YGR154C/YLR303W/YPL091W/YER091C/YFR030W,6,Downregulated,18. Far East Asia
GO:0009084,glutamine family amino acid biosynthetic process,3/50,24/4976,0.125,12.44,5.659468776756206,0.001665604321865058,0.020582110548761075,0.018534544333535987,YOL058W/YJL088W/YHR018C,3,Downregulated,18. Far East Asia
GO:0098869,cellular oxidant detoxification,3/50,28/4976,0.10714285714285714,10.662857142857142,5.165401330435874,0.0026208313017841538,0.0312692286350799,0.0281584778703488,YGR154C/YPL091W/YMR038C,3,Downregulated,18. Far East Asia
GO:0006623,protein targeting to vacuole,15/227,95/4976,0.15789473684210525,3.4611639230234172,5.294882481719588,2.0572619465468984e-5,0.005250671692761551,0.00477196507021182,YDL113C/YDL029W/YOL129W/YGL180W/YLL040C/YLR417W/YPL204W/YPL154C/YPL149W/YBL017C/YNL297C/YNR065C/YNR066C/YKL103C/YHR136C,15,Upregulated,2. Alpechin
GO:0030437,ascospore formation,12/227,64/4976,0.1875,4.110132158590308,5.474545103000025,2.4219493163262743e-5,0.005250671692761551,0.00477196507021182,YDL029W/YDR512C/YGL197W/YGR032W/YLL040C/YLR330W/YPL232W/YBR043C/YNL294C/YER133W/YHL027W/YIL017C,12,Upregulated,2. Alpechin
GO:0048468,cell development,12/227,64/4976,0.1875,4.110132158590308,5.474545103000025,2.4219493163262743e-5,0.005250671692761551,0.00477196507021182,YDL029W/YDR512C/YGL197W/YGR032W/YLL040C/YLR330W/YPL232W/YBR043C/YNL294C/YER133W/YHL027W/YIL017C,12,Upregulated,2. Alpechin
GO:0048869,cellular developmental process,13/227,75/4976,0.17333333333333334,3.7995888399412627,5.3406106859404945,2.6768505487434535e-5,0.005250671692761551,0.00477196507021182,YDL029W/YDR512C/YGL197W/YGR032W/YLL040C/YLR330W/YPL232W/YBR043C/YNL294C/YER133W/YHL027W/YIL017C/YIR002C,13,Upregulated,2. Alpechin
GO:0071852,fungal-type cell wall organization or biogenesis,19/227,147/4976,0.1292517006802721,2.8332883814318683,4.932524341213527,3.143096775483365e-5,0.005250671692761551,0.00477196507021182,YDL029W/YDR293C/YDR389W/YGR014W/YGR032W/YLR120C/YLR194C/YLR330W/YLR414C/YPR159W/YML057W/YBR043C/YNL294C/YJR066W/YKL129C/YKL126W/YKL046C/YHL027W/YHR103W,19,Upregulated,2. Alpechin
GO:0034293,sexual sporulation,12/227,66/4976,0.18181818181818182,3.985582699239087,5.337878859831878,3.3474227549481656e-5,0.005250671692761551,0.00477196507021182,YDL029W/YDR512C/YGL197W/YGR032W/YLL040C/YLR330W/YPL232W/YBR043C/YNL294C/YER133W/YHL027W/YIL017C,12,Upregulated,2. Alpechin
GO:0043935,sexual sporulation resulting in formation of a cellular spore,12/227,66/4976,0.18181818181818182,3.985582699239087,5.337878859831878,3.3474227549481656e-5,0.005250671692761551,0.00477196507021182,YDL029W/YDR512C/YGL197W/YGR032W/YLL040C/YLR330W/YPL232W/YBR043C/YNL294C/YER133W/YHL027W/YIL017C,12,Upregulated,2. Alpechin
GO:0072666,establishment of protein localization to vacuole,16/227,112/4976,0.14285714285714285,3.131529263687854,4.98783311204481,3.935794520875015e-5,0.005401877979900958,0.004909385797091466,YDL126C/YDL113C/YDL029W/YOL129W/YGL180W/YLL040C/YLR417W/YPL204W/YPL154C/YPL149W/YBL017C/YNL297C/YNR065C/YNR066C/YKL103C/YHR136C,16,Upregulated,2. Alpechin
GO:0030154,cell differentiation,12/227,68/4976,0.17647058823529413,3.8683596786732313,5.206479641559193,4.56575544477788e-5,0.005423417025514899,0.0049289611160848665,YDL029W/YDR512C/YGL197W/YGR032W/YLL040C/YLR330W/YPL232W/YBR043C/YNL294C/YER133W/YHL027W/YIL017C,12,Upregulated,2. Alpechin
GO:0045229,external encapsulating structure organization,20/227,166/4976,0.12048192771084337,2.6410487766042143,4.701228733766418,5.433295745051356e-5,0.005423417025514899,0.0049289611160848665,YDL029W/YDR293C/YDR389W/YGR014W/YGR032W/YLR120C/YLR194C/YLR330W/YLR414C/YPR159W/YML057W/YMR273C/YBR043C/YNL192W/YJL171C/YJR066W/YKL129C/YKL126W/YKL046C/YHR103W,20,Upregulated,2. Alpechin
GO:0071555,cell wall organization,20/227,166/4976,0.12048192771084337,2.6410487766042143,4.701228733766418,5.433295745051356e-5,0.005423417025514899,0.0049289611160848665,YDL029W/YDR293C/YDR389W/YGR014W/YGR032W/YLR120C/YLR194C/YLR330W/YLR414C/YPR159W/YML057W/YMR273C/YBR043C/YNL192W/YJL171C/YJR066W/YKL129C/YKL126W/YKL046C/YHR103W,20,Upregulated,2. Alpechin
GO:0071554,cell wall organization or biogenesis,22/227,202/4976,0.10891089108910891,2.387403498059057,4.400942039018001,1.0770132800585202e-4,0.009854671512535459,0.008956215697328745,YDL029W/YDR293C/YDR389W/YGR014W/YGR032W/YLR120C/YLR194C/YLR330W/YLR414C/YPR159W/YML057W/YMR273C/YBR043C/YNL294C/YNL192W/YJL171C/YJR066W/YKL129C/YKL126W/YKL046C/YHL027W/YHR103W,22,Upregulated,2. Alpechin
GO:0072665,protein localization to vacuole,16/227,123/4976,0.13008130081300814,2.8514738010816236,4.545413185566743,1.2487393264854252e-4,0.010547044465238438,0.009585464627596624,YDL126C/YDL113C/YDL029W/YOL129W/YGL180W/YLL040C/YLR417W/YPL204W/YPL154C/YPL149W/YBL017C/YNL297C/YNR065C/YNR066C/YKL103C/YHR136C,16,Upregulated,2. Alpechin
GO:0022413,reproductive process in single-celled organism,17/227,139/4976,0.1223021582733813,2.6809495135169397,4.394226234554382,1.6631982549735044e-4,0.013044226314006485,0.01185497703545024,YDL029W/YDR512C/YGL197W/YGR032W/YLL040C/YLL021W/YLR084C/YLR330W/YPL232W/YBR043C/YNL294C/YKL129C/YKL046C/YER133W/YHL027W/YIL017C/YIR002C,17,Upregulated,2. Alpechin
GO:0031505,fungal-type cell wall organization,16/227,127/4976,0.12598425196850394,2.7616636026223595,4.396500595583134,1.8299776504273154e-4,0.013395436401127949,0.012174167106000666,YDL029W/YDR293C/YDR389W/YGR014W/YGR032W/YLR120C/YLR194C/YLR330W/YLR414C/YPR159W/YML057W/YBR043C/YJR066W/YKL129C/YKL126W/YHR103W,16,Upregulated,2. Alpechin
GO:0003006,developmental process involved in reproduction,13/227,91/4976,0.14285714285714285,3.131529263687854,4.486297792651974,2.1156262296009133e-4,0.014518485000636266,0.013194826747774115,YDL029W/YDR512C/YGL197W/YGR032W/YLL040C/YLR330W/YPL232W/YBR043C/YNL294C/YER133W/YHL027W/YIL017C/YIR002C,13,Upregulated,2. Alpechin
GO:0061919,process utilizing autophagic mechanism,23/227,230/4976,0.1,2.192070484581498,4.046787245040343,2.7302497425520496e-4,0.017634201278365593,0.016026481460924724,YDL126C/YDL113C/YDL029W/YDL019C/YDR074W/YDR170C/YOL082W/YGL180W/YGL173C/YGL167C/YGR223C/YLL040C/YLR417W/YPL204W/YPL154C/YPL149W/YPL019C/YBL017C/YJR066W/YKL212W/YKL129C/YKL103C/YEL060C,23,Upregulated,2. Alpechin
GO:0007034,vacuolar transport,18/227,160/4976,0.1125,2.4660792951541852,4.120810077764504,3.1058034610036633e-4,0.018911479840745635,0.017187309835132645,YDL126C/YDL113C/YDL029W/YOL129W/YGL180W/YLL040C/YLR417W/YPL204W/YPL154C/YPL149W/YPL019C/YPR029C/YBL017C/YNL297C/YNR065C/YNR066C/YKL103C/YHR136C,18,Upregulated,2. Alpechin
GO:0006605,protein targeting,22/227,218/4976,0.10091743119266056,2.212181222972154,4.001215722628842,3.2724782966681883e-4,0.018911479840745635,0.017187309835132645,YDL113C/YDL029W/YOL129W/YOR027W/YGL180W/YLL040C/YLR099W-A/YLR417W/YPL204W/YPL154C/YPL149W/YBL017C/YNL297C/YNR065C/YNR066C/YJL054W/YKL195W/YKL103C/YKL073W/YER017C/YER154W/YHR136C,22,Upregulated,2. Alpechin
GO:0098657,import into cell,17/227,150/4976,0.11333333333333333,2.484346549192364,4.035484320632487,4.1849719498606065e-4,0.022975496004734728,0.02088080741298871,YDL019C/YDR093W/YOR109W/YGL045W/YGR055W/YGR217W/YPL204W/YBR214W/YNL297C/YNL183C/YKL129C/YKL126W/YER133W/YER166W/YHR016C/YHR161C/YAL030W,17,Upregulated,2. Alpechin
GO:0006897,endocytosis,15/227,127/4976,0.11811023622047244,2.589059627458462,3.9657410121538774,5.894991769049978e-4,0.030221083916531073,0.027465811094690304,YDL019C/YDR093W/YOR109W/YGL045W/YPL204W/YBR214W/YNL297C/YNL183C/YKL129C/YKL126W/YER133W/YER166W/YHR016C/YHR161C/YAL030W,15,Upregulated,2. Alpechin
GO:0016236,macroautophagy,18/227,169/4976,0.10650887573964497,2.334749628548341,3.8593528457605957,6.079763088971874e-4,0.030221083916531073,0.027465811094690304,YDL126C/YDL113C/YDL019C/YDR170C/YGL180W/YGL173C/YGL167C/YGR223C/YLL040C/YLR417W/YPL204W/YPL154C/YPL149W/YBL017C/YJR066W/YKL212W/YKL129C/YEL060C,18,Upregulated,2. Alpechin
GO:0030435,sporulation resulting in formation of a cellular spore,13/227,102/4976,0.12745098039215685,2.793815323486222,4.0016899762195575,6.605701402520453e-4,0.030221083916531073,0.027465811094690304,YDL029W/YDR512C/YGL197W/YGR032W/YLL040C/YLR330W/YPL232W/YBR043C/YNL294C/YEL060C/YER133W/YHL027W/YIL017C,13,Upregulated,2. Alpechin
GO:0048646,anatomical structure formation involved in morphogenesis,13/227,102/4976,0.12745098039215685,2.793815323486222,4.0016899762195575,6.605701402520453e-4,0.030221083916531073,0.027465811094690304,YDL029W/YDR512C/YGL197W/YGR032W/YLL040C/YLR330W/YPL232W/YBR043C/YNL294C/YEL060C/YER133W/YHL027W/YIL017C,13,Upregulated,2. Alpechin
GO:0009653,anatomical structure morphogenesis,15/227,130/4976,0.11538461538461539,2.529312097594036,3.862642206203153,7.559361357403078e-4,0.03192376450164838,0.029013257355538936,YDL126C/YDL029W/YDR512C/YGL197W/YGR032W/YLL040C/YLL021W/YLR330W/YPL232W/YBR043C/YNL294C/YEL060C/YER133W/YHL027W/YIL017C,15,Upregulated,2. Alpechin
GO:0048856,anatomical structure development,15/227,130/4976,0.11538461538461539,2.529312097594036,3.862642206203153,7.559361357403078e-4,0.03192376450164838,0.029013257355538936,YDL126C/YDL029W/YDR512C/YGL197W/YGR032W/YLL040C/YLL021W/YLR330W/YPL232W/YBR043C/YNL294C/YEL060C/YER133W/YHL027W/YIL017C,15,Upregulated,2. Alpechin
GO:0031669,cellular response to nutrient levels,15/227,131/4976,0.11450381679389313,2.5100043716582037,3.8289116742823484,8.19626288650256e-4,0.03333146907177707,0.030292620726722914,YDR074W/YOR173W/YOR198C/YGL195W/YGL180W/YGL173C/YGR130C/YGR233C/YLL040C/YLR270W/YPL149W/YMR140W/YBR214W/YJR066W/YKR011C,15,Upregulated,2. Alpechin
GO:0006914,autophagy,21/227,221/4976,0.09502262443438914,2.0829629039009707,3.600334424606163,9.963286987531143e-4,0.039070318258247125,0.035508255880374144,YDL126C/YDL113C/YDL019C/YDR074W/YDR170C/YOL082W/YGL180W/YGL173C/YGL167C/YGR223C/YLL040C/YLR417W/YPL204W/YPL154C/YPL149W/YPL019C/YBL017C/YJR066W/YKL212W/YKL129C/YEL060C,21,Upregulated,2. Alpechin
GO:0043934,sporulation,13/227,107/4976,0.12149532710280374,2.663263205566306,3.802256124882487,0.001044775047112355,0.03955734488721951,0.035950880024047636,YDL029W/YDR512C/YGL197W/YGR032W/YLL040C/YLR330W/YPL232W/YBR043C/YNL294C/YEL060C/YER133W/YHL027W/YIL017C,13,Upregulated,2. Alpechin
GO:0009267,cellular response to starvation,14/227,121/4976,0.11570247933884298,2.5362798995157827,3.740044785433911,0.0010999854385853707,0.040259467052224565,0.03658898932557654,YDR074W/YOR173W/YOR198C/YGL195W/YGL180W/YGL173C/YGR130C/YGR233C/YLL040C/YLR270W/YPL149W/YMR140W/YBR214W/YJR066W,14,Upregulated,2. Alpechin
GO:0006886,intracellular protein transport,28/227,336/4976,0.08333333333333333,1.8267254038179146,3.430680845204673,0.0012057219385750487,0.04196221849908964,0.03813649998766846,YDL126C/YDL115C/YDL113C/YDL029W/YDR335W/YDR411C/YOL129W/YGL180W/YLL040C/YLR099W-A/YLR417W/YPL232W/YPL204W/YPL154C/YPL149W/YPR029C/YBL017C/YNL329C/YNL297C/YNR065C/YNR066C/YJL154C/YJL054W/YKL103C/YKL073W/YER154W/YER166W/YHR136C,28,Upregulated,2. Alpechin
GO:0032258,cytoplasm to vacuole targeting by the Cvt pathway,8/227,48/4976,0.16666666666666666,3.653450807635829,4.038356880730181,0.0012854221016806431,0.04196221849908964,0.03813649998766846,YDL113C/YDL029W/YGL180W/YLR417W/YPL204W/YPL154C/YPL149W/YKL103C,8,Upregulated,2. Alpechin
GO:0031667,response to nutrient levels,16/227,151/4976,0.10596026490066225,2.322723692271786,3.608422097638498,0.0012895682299455117,0.04196221849908964,0.03813649998766846,YDR074W/YOR173W/YOR198C/YGL195W/YGL180W/YGL173C/YGR121C/YGR130C/YGR233C/YLL040C/YLR270W/YPL149W/YMR140W/YBR214W/YJR066W/YKR011C,16,Upregulated,2. Alpechin
GO:0042176,regulation of protein catabolic process,5/227,19/4976,0.2631578947368421,5.768606538372362,4.552680961453517,0.0012993765291157082,0.04196221849908964,0.03813649998766846,YDL007W/YER021W/YIL075C/YFL007W/YFR010W,5,Upregulated,2. Alpechin
GO:0031505,fungal-type cell wall organization,8/65,127/4976,0.06299212598425197,4.82228952150212,5.019582563972883,2.1485860985805916e-4,0.03891643440734152,0.03682290043697902,YDR144C/YDR261C/YOL030W/YLR121C/YMR215W/YMR307W/YBR067C/YIL011W,8,Downregulated,2. Alpechin
GO:0006074,(1->3)-beta-D-glucan metabolic process,3/65,10/4976,0.3,22.966153846153844,7.998690952555186,2.391755039553278e-4,0.03891643440734152,0.03682290043697902,YOL030W/YMR215W/YMR307W,3,Downregulated,2. Alpechin
GO:0006075,(1->3)-beta-D-glucan biosynthetic process,3/65,10/4976,0.3,22.966153846153844,7.998690952555186,2.391755039553278e-4,0.03891643440734152,0.03682290043697902,YOL030W/YMR215W/YMR307W,3,Downregulated,2. Alpechin
GO:0051278,fungal-type cell wall polysaccharide biosynthetic process,3/65,11/4976,0.2727272727272727,20.878321678321676,7.592497965144439,3.258014625368587e-4,0.03891643440734152,0.03682290043697902,YOL030W/YMR215W/YMR307W,3,Downregulated,2. Alpechin
GO:0071966,fungal-type cell wall polysaccharide metabolic process,3/65,11/4976,0.2727272727272727,20.878321678321676,7.592497965144439,3.258014625368587e-4,0.03891643440734152,0.03682290043697902,YOL030W/YMR215W/YMR307W,3,Downregulated,2. Alpechin
GO:0034406,cell wall beta-glucan metabolic process,3/65,12/4976,0.25,19.138461538461538,7.2367478182038765,4.30355514773129e-4,0.03891643440734152,0.03682290043697902,YOL030W/YMR215W/YMR307W,3,Downregulated,2. Alpechin
GO:0034410,cell wall beta-glucan biosynthetic process,3/65,12/4976,0.25,19.138461538461538,7.2367478182038765,4.30355514773129e-4,0.03891643440734152,0.03682290043697902,YOL030W/YMR215W/YMR307W,3,Downregulated,2. Alpechin
GO:0071852,fungal-type cell wall organization or biogenesis,8/65,147/4976,0.05442176870748299,4.166195709052852,4.482662834705067,5.812703573752864e-4,0.04599301702731954,0.04351879386138658,YDR144C/YDR261C/YOL030W/YLR121C/YMR215W/YMR307W/YBR067C/YIL011W,8,Downregulated,2. Alpechin
GO:1990748,cellular detoxification,4/11,31/4976,0.12903225806451613,58.36950146627566,15.080371264640284,3.9474806870544503e-7,2.9741637501725998e-5,2.110849870537172e-5,YDR453C/YGR154C/YEL066W/YIR038C,4,Upregulated,25. Sake
GO:0097237,cellular response to toxic substance,4/11,32/4976,0.125,56.54545454545455,14.836024502161976,4.506308712382727e-7,2.9741637501725998e-5,2.110849870537172e-5,YDR453C/YGR154C/YEL066W/YIR038C,4,Upregulated,25. Sake
GO:0098754,detoxification,4/11,40/4976,0.1,45.23636363636364,13.220719720988178,1.1349314802661977e-6,4.99369851317127e-5,3.544171991006722e-5,YDR453C/YGR154C/YEL066W/YIR038C,4,Upregulated,25. Sake
GO:0009636,response to toxic substance,4/11,47/4976,0.0851063829787234,38.499032882011605,12.156900042096538,2.19754861693701e-6,7.251910435892134e-5,5.146890181773524e-5,YDR453C/YGR154C/YEL066W/YIR038C,4,Upregulated,25. Sake
GO:0098869,cellular oxidant detoxification,3/11,28/4976,0.10714285714285714,48.467532467532465,11.854796002102283,2.555522858414983e-5,6.746580346215555e-4,4.788242829451231e-4,YDR453C/YGR154C/YIR038C,3,Upregulated,25. Sake
GO:0006790,sulfur compound metabolic process,4/11,111/4976,0.036036036036036036,16.3013923013923,7.673337062770029,6.860855280191345e-5,0.001509388161642096,0.0010712563507667187,YGR154C/YGR155W/YIR038C/YCR020C,4,Upregulated,25. Sake
GO:0006749,glutathione metabolic process,2/11,16/4976,0.125,56.54545454545455,10.473719454862612,5.242781906260579e-4,0.009886388737519949,0.00701665548356679,YGR154C/YIR038C,2,Upregulated,25. Sake
GO:0070887,cellular response to chemical stimulus,4/11,274/4976,0.014598540145985401,6.603848706038487,4.491109348691996,0.0021810793317910628,0.035175447297302556,0.024965030378468325,YDR453C/YGR154C/YEL066W/YIR038C,4,Upregulated,25. Sake
GO:0170041,non-proteinogenic amino acid metabolic process,2/11,34/4976,0.058823529411764705,26.609625668449198,7.052199298979845,0.0023983259520888108,0.035175447297302556,0.024965030378468325,YGR155W/YEL066W,2,Upregulated,25. Sake
GO:0006829,zinc ion transport,2/12,10/4976,0.2,82.93333333333334,12.750539041237696,2.3738510085696512e-4,0.03386037791226576,0.0275687869015249,YMR243C/YMR319C,2,Downregulated,25. Sake
GO:0000041,transition metal ion transport,3/12,62/4976,0.04838709677419355,20.06451612903226,7.426348656479642,3.7414782223498075e-4,0.03386037791226576,0.0275687869015249,YGR192C/YMR243C/YMR319C,3,Downregulated,25. Sake
GO:0002181,cytoplasmic translation,47/271,166/4976,0.28313253012048195,5.198772951584938,13.203992554045415,1.8515966383212937e-22,2.0719366382815277e-19,1.8730361783439614e-19,YDL184C/YDL133C-A/YDL081C/YDR447C/YDR471W/YOL139C/YOL127W/YOR096W/YOR234C/YOR293W/YGL147C/YGL135W/YGL076C/YGR027C/YGR034W/YLR048W/YLR075W/YLR262C-A/YLR264W/YLR287C-A/YLR325C/YLR388W/YLR441C/YPL143W/YPL079W/YPR163C/YML026C/YML024W/YMR230W/YMR309C/YNL255C/YNL244C/YNL175C/YNL067W/YJL190C/YJL189W/YJL138C/YJR094W-A/YKL056C/YKR059W/YKR094C/YER025W/YER117W/YHR010W/YHR141C/YIL018W/YFR032C-A,47,Upregulated,3. Brazilian bioethanol
GO:0006412,translation,62/271,447/4976,0.13870246085011187,2.546802380775486,8.226001931946504,9.625664822891466e-13,5.385559468407775e-10,4.868559944630894e-10,YDL184C/YDL133C-A/YDL081C/YDR447C/YDR471W/YOL139C/YOL127W/YOR063W/YOR096W/YOR167C/YOR234C/YOR276W/YOR293W/YOR369C/YGL147C/YGL135W/YGL129C/YGL076C/YGR027C/YGR034W/YLL018C/YLL013C/YLR048W/YLR075W/YLR150W/YLR167W/YLR262C-A/YLR264W/YLR287C-A/YLR325C/YLR388W/YLR441C/YPL143W/YPL079W/YPR163C/YML026C/YML024W/YMR080C/YMR230W/YMR309C/YBL032W/YNL255C/YNL244C/YNL175C/YNL067W/YNL016W/YJL190C/YJL189W/YJL138C/YJR094W-A/YKL056C/YKR057W/YKR059W/YKR094C/YER025W/YER117W/YHR010W/YHR021C/YHR141C/YIL018W/YFR009W/YFR032C-A,62,Upregulated,3. Brazilian bioethanol
GO:0009134,nucleoside diphosphate catabolic process,10/271,27/4976,0.37037037037037035,6.800601339346726,7.252663829407092,7.199136827631784e-7,2.6852780367066557e-4,2.4274984180189984e-4,YGR192C/YGR240C/YGR254W/YMR205C/YKL060C/YEL042W/YER005W/YHR174W/YCR012W/YAL038W,10,Upregulated,3. Brazilian bioethanol
GO:0009132,nucleoside diphosphate metabolic process,10/271,31/4976,0.3225806451612903,5.9231043923342455,6.598392079388574,3.1147330347240414e-6,8.713465664640506e-4,7.876995911499484e-4,YGR192C/YGR240C/YGR254W/YMR205C/YKL060C/YEL042W/YER005W/YHR174W/YCR012W/YAL038W,10,Upregulated,3. Brazilian bioethanol
GO:0009191,ribonucleoside diphosphate catabolic process,9/271,26/4976,0.34615384615384615,6.35594663638944,6.570852068653985,5.085656775486036e-6,0.0011131257849389443,0.0010062686414809515,YGR192C/YGR240C/YGR254W/YMR205C/YKL060C/YER005W/YHR174W/YCR012W/YAL038W,9,Upregulated,3. Brazilian bioethanol
GO:0022618,protein-RNA complex assembly,24/271,163/4976,0.147239263803681,2.703551943494895,5.306921037763262,6.0094665331054135e-6,0.0011131257849389443,0.0010062686414809515,YDR447C/YOL139C/YOL127W/YOR063W/YOR167C/YOR369C/YGR074W/YLR048W/YLR075W/YLR167W/YLR264W/YLR325C/YPL143W/YPL093W/YPR163C/YML024W/YMR309C/YNL244C/YNL175C/YJL138C/YKL183W/YKR094C/YER025W/YHR021C,24,Upregulated,3. Brazilian bioethanol
GO:1901292,nucleoside phosphate catabolic process,11/271,41/4976,0.2682926829268293,4.926289262892629,6.058038322789886,7.464597719366331e-6,0.0011131257849389443,0.0010062686414809515,YGR192C/YGR240C/YGR254W/YMR205C/YBR252W/YKL060C/YEL042W/YER005W/YHR174W/YCR012W/YAL038W,11,Upregulated,3. Brazilian bioethanol
GO:0009166,nucleotide catabolic process,10/271,34/4976,0.29411764705882354,5.4004775341871065,6.178588478177217,7.958003824407109e-6,0.0011131257849389443,0.0010062686414809515,YGR192C/YGR240C/YGR254W/YMR205C/YBR252W/YKL060C/YER005W/YHR174W/YCR012W/YAL038W,10,Upregulated,3. Brazilian bioethanol
GO:0009261,ribonucleotide catabolic process,9/271,28/4976,0.32142857142857145,5.90195044807591,6.242153743929256,1.0206285139497919e-5,0.0012689814523442412,0.0011471625753283626,YGR192C/YGR240C/YGR254W/YMR205C/YKL060C/YER005W/YHR174W/YCR012W/YAL038W,9,Upregulated,3. Brazilian bioethanol
GO:0071826,protein-RNA complex organization,24/271,170/4976,0.1411764705882353,2.592229216409811,5.069201331134423,1.257807850618887e-5,0.0014074869848425347,0.0012723719415207902,YDR447C/YOL139C/YOL127W/YOR063W/YOR167C/YOR369C/YGR074W/YLR048W/YLR075W/YLR167W/YLR264W/YLR325C/YPL143W/YPL093W/YPR163C/YML024W/YMR309C/YNL244C/YNL175C/YJL138C/YKL183W/YKR094C/YER025W/YHR021C,24,Upregulated,3. Brazilian bioethanol
GO:0009185,ribonucleoside diphosphate metabolic process,9/271,29/4976,0.3103448275862069,5.698434915383637,6.089513997305573,1.4101365945179847e-5,0.0014344934993323864,0.0012967859017529028,YGR192C/YGR240C/YGR254W/YMR205C/YKL060C/YER005W/YHR174W/YCR012W/YAL038W,9,Upregulated,3. Brazilian bioethanol
GO:0006195,purine nucleotide catabolic process,9/271,30/4976,0.3,5.508487084870849,5.943821729853036,1.9195411914973707e-5,0.0017899721610712981,0.001618139548271029,YGR192C/YGR240C/YGR254W/YMR205C/YBR252W/YKL060C/YHR174W/YCR012W/YAL038W,9,Upregulated,3. Brazilian bioethanol
GO:0072523,purine-containing compound catabolic process,10/271,38/4976,0.2631578947368421,4.83200621479899,5.69041360930915,2.362064448396518e-5,0.002033192398273618,0.001838011283327169,YGR192C/YGR240C/YGR254W/YMR205C/YBR252W/YNL141W/YKL060C/YHR174W/YCR012W/YAL038W,10,Upregulated,3. Brazilian bioethanol
GO:0000028,ribosomal small subunit assembly,8/271,25/4976,0.32,5.875719557195572,5.864940804315364,3.3528747559458335e-5,0.0020843704732796597,0.0018842763979321322,YDR447C/YOR167C/YOR369C/YLR048W/YLR167W/YLR264W/YML024W/YHR021C,8,Upregulated,3. Brazilian bioethanol
GO:0006096,glycolytic process,8/271,25/4976,0.32,5.875719557195572,5.864940804315364,3.3528747559458335e-5,0.0020843704732796597,0.0018842763979321322,YGR192C/YGR240C/YGR254W/YMR205C/YKL060C/YHR174W/YCR012W/YAL038W,8,Upregulated,3. Brazilian bioethanol
GO:0009137,purine nucleoside diphosphate catabolic process,8/271,25/4976,0.32,5.875719557195572,5.864940804315364,3.3528747559458335e-5,0.0020843704732796597,0.0018842763979321322,YGR192C/YGR240C/YGR254W/YMR205C/YKL060C/YHR174W/YCR012W/YAL038W,8,Upregulated,3. Brazilian bioethanol
GO:0009181,purine ribonucleoside diphosphate catabolic process,8/271,25/4976,0.32,5.875719557195572,5.864940804315364,3.3528747559458335e-5,0.0020843704732796597,0.0018842763979321322,YGR192C/YGR240C/YGR254W/YMR205C/YKL060C/YHR174W/YCR012W/YAL038W,8,Upregulated,3. Brazilian bioethanol
GO:0046032,ADP catabolic process,8/271,25/4976,0.32,5.875719557195572,5.864940804315364,3.3528747559458335e-5,0.0020843704732796597,0.0018842763979321322,YGR192C/YGR240C/YGR254W/YMR205C/YKL060C/YHR174W/YCR012W/YAL038W,8,Upregulated,3. Brazilian bioethanol
GO:0006753,nucleoside phosphate metabolic process,27/271,219/4976,0.1232876712328767,2.2637618157003487,4.590099341840881,4.4253052088856955e-5,0.002481854049425995,0.0022436025977126016,YDL125C/YDR531W/YOR311C/YOR317W/YGR192C/YGR240C/YGR254W/YLR153C/YPR074C/YML022W/YMR205C/YMR217W/YBR252W/YNL141W/YNR012W/YNR043W/YJR105W/YKL181W/YKL060C/YEL042W/YER005W/YHR074W/YHR174W/YCL050C/YCR012W/YFL045C/YAL038W,27,Upregulated,3. Brazilian bioethanol
GO:0046031,ADP metabolic process,8/271,26/4976,0.3076923076923077,5.649730343457281,5.70444261681175,4.617012124122371e-5,0.002481854049425995,0.0022436025977126016,YGR192C/YGR240C/YGR254W/YMR205C/YKL060C/YHR174W/YCR012W/YAL038W,8,Upregulated,3. Brazilian bioethanol
GO:1901136,carbohydrate derivative catabolic process,11/271,49/4976,0.22448979591836735,4.12199713833873,5.270364274661302,4.6576349453034756e-5,0.002481854049425995,0.0022436025977126016,YGR192C/YGR240C/YGR254W/YMR205C/YBR252W/YKL060C/YER005W/YHR174W/YCL050C/YCR012W/YAL038W,11,Upregulated,3. Brazilian bioethanol
GO:0019637,organophosphate metabolic process,39/271,377/4976,0.10344827586206896,1.8994783051278787,4.359443338200954,5.4162696084398205e-5,0.002692044549643545,0.002433615363536472,YDL125C/YDR072C/YDR531W/YOR311C/YOR317W/YGR192C/YGR216C/YGR240C/YGR254W/YLL031C/YLR153C/YLR347C/YPR074C/YPR113W/YML022W/YMR205C/YMR217W/YBR035C/YBR042C/YBR252W/YNL264C/YNL141W/YNR012W/YNR043W/YJR105W/YKL181W/YKL060C/YEL042W/YER005W/YER026C/YHR074W/YHR174W/YIL124W/YCL050C/YCR012W/YCR017C/YCR044C/YFL045C/YAL038W,39,Upregulated,3. Brazilian bioethanol
GO:0009135,purine nucleoside diphosphate metabolic process,8/271,27/4976,0.2962962962962963,5.440481071477381,5.552065133974174,6.254973931253991e-5,0.002692044549643545,0.002433615363536472,YGR192C/YGR240C/YGR254W/YMR205C/YKL060C/YHR174W/YCR012W/YAL038W,8,Upregulated,3. Brazilian bioethanol
GO:0009154,purine ribonucleotide catabolic process,8/271,27/4976,0.2962962962962963,5.440481071477381,5.552065133974174,6.254973931253991e-5,0.002692044549643545,0.002433615363536472,YGR192C/YGR240C/YGR254W/YMR205C/YKL060C/YHR174W/YCR012W/YAL038W,8,Upregulated,3. Brazilian bioethanol
GO:0009179,purine ribonucleoside diphosphate metabolic process,8/271,27/4976,0.2962962962962963,5.440481071477381,5.552065133974174,6.254973931253991e-5,0.002692044549643545,0.002433615363536472,YGR192C/YGR240C/YGR254W/YMR205C/YKL060C/YHR174W/YCR012W/YAL038W,8,Upregulated,3. Brazilian bioethanol
GO:0019364,pyridine nucleotide catabolic process,8/271,27/4976,0.2962962962962963,5.440481071477381,5.552065133974174,6.254973931253991e-5,0.002692044549643545,0.002433615363536472,YGR192C/YGR240C/YGR254W/YMR205C/YKL060C/YHR174W/YCR012W/YAL038W,8,Upregulated,3. Brazilian bioethanol
GO:0033750,ribosome localization,13/271,70/4976,0.18571428571428572,3.410015814443859,4.873113364215157,8.024889624679162e-5,0.0033258709222281414,0.0030065960738076703,YOR167C/YOR293W/YGL135W/YGR218W/YLR048W/YLR264W/YPL093W/YML026C/YMR230W/YBR230C/YKR094C/YER006W/YER125W,13,Upregulated,3. Brazilian bioethanol
GO:0002183,cytoplasmic translational initiation,8/271,28/4976,0.2857142857142857,5.246178176067474,5.407091989176272,8.348712098175689e-5,0.00333650315637807,0.0030162076414837736,YOL139C/YPR163C/YMR309C/YNL244C/YNL175C/YJL138C/YKR059W/YER025W,8,Upregulated,3. Brazilian bioethanol
GO:0031503,protein-containing complex localization,17/271,111/4976,0.15315315315315314,2.8121405538379705,4.633544312613766,8.656367554531736e-5,0.0033401638943175906,0.0030195169582232302,YOR167C/YOR293W/YGL135W/YGR218W/YLL023C/YLR048W/YLR208W/YLR264W/YPL093W/YPR165W/YML026C/YMR230W/YNL189W/YKR094C/YER006W/YER107C/YER125W,17,Upregulated,3. Brazilian bioethanol
GO:0072526,pyridine-containing compound catabolic process,8/271,29/4976,0.27586206896551724,5.06527548034101,5.268893234933399,1.0991978956711964e-4,0.003940369668637316,0.0035621045591086595,YGR192C/YGR240C/YGR254W/YMR205C/YKL060C/YHR174W/YCR012W/YAL038W,8,Upregulated,3. Brazilian bioethanol
GO:0042255,ribosome assembly,14/271,82/4976,0.17073170731707318,3.1349113491134912,4.677956335051566,1.1156595244201757e-4,0.003940369668637316,0.0035621045591086595,YDR447C/YOL127W/YOR063W/YOR167C/YOR369C/YLR048W/YLR075W/YLR167W/YLR264W/YPL143W/YPL093W/YML024W/YKR094C/YHR021C,14,Upregulated,3. Brazilian bioethanol
GO:0055086,nucleobase-containing small molecule metabolic process,27/271,231/4976,0.11688311688311688,2.1461637993003304,4.280908478369807,1.1268259999677757e-4,0.003940369668637316,0.0035621045591086595,YDL125C/YDR531W/YOR311C/YOR317W/YGR192C/YGR240C/YGR254W/YLR153C/YPR074C/YML022W/YMR205C/YMR217W/YBR252W/YNL141W/YNR012W/YNR043W/YJR105W/YKL181W/YKL060C/YEL042W/YER005W/YHR074W/YHR174W/YCL050C/YCR012W/YFL045C/YAL038W,27,Upregulated,3. Brazilian bioethanol
GO:0006793,phosphorus metabolic process,43/271,449/4976,0.0957683741648107,1.758462840753129,4.043464231335809,1.350917001876344e-4,0.00445184102105301,0.00402447600887253,YDL125C/YDR072C/YDR531W/YOR311C/YOR317W/YGR192C/YGR216C/YGR240C/YGR254W/YLL031C/YLR153C/YLR347C/YPL014W/YPR074C/YPR113W/YPR149W/YML022W/YMR205C/YMR217W/YBR035C/YBR042C/YBR252W/YNL264C/YNL141W/YNR012W/YNR043W/YJL198W/YJR105W/YKL181W/YKL060C/YEL042W/YER005W/YER026C/YER125W/YHR074W/YHR174W/YIL124W/YCL050C/YCR012W/YCR017C/YCR044C/YFL045C/YAL038W,43,Upregulated,3. Brazilian bioethanol
GO:1901135,carbohydrate derivative metabolic process,31/271,285/4976,0.10877192982456141,1.9972292354502492,4.160888611407031,1.3536480717553769e-4,0.00445184102105301,0.00402447600887253,YDR072C/YDR245W/YOR099W/YGR192C/YGR216C/YGR240C/YGR254W/YLL031C/YPR074C/YML022W/YML019W/YMR205C/YMR217W/YBR015C/YBR036C/YBR252W/YNR012W/YJL002C/YJR075W/YJR105W/YKL181W/YKL060C/YEL042W/YER005W/YHR174W/YCL050C/YCR012W/YCR017C/YCR044C/YFL045C/YAL038W,31,Upregulated,3. Brazilian bioethanol
GO:0046434,organophosphate catabolic process,11/271,55/4976,0.2,3.6723247232472325,4.782393043114767,1.427829344568371e-4,0.00445184102105301,0.00402447600887253,YGR192C/YGR240C/YGR254W/YMR205C/YBR252W/YKL060C/YEL042W/YER005W/YHR174W/YCR012W/YAL038W,11,Upregulated,3. Brazilian bioethanol
GO:0006796,phosphate-containing compound metabolic process,42/271,436/4976,0.0963302752293578,1.7687802566099056,4.032913561830377,1.432227674333408e-4,0.00445184102105301,0.00402447600887253,YDL125C/YDR072C/YDR531W/YOR311C/YOR317W/YGR192C/YGR216C/YGR240C/YGR254W/YLL031C/YLR153C/YLR347C/YPL014W/YPR074C/YPR113W/YPR149W/YML022W/YMR205C/YMR217W/YBR035C/YBR042C/YBR252W/YNL264C/YNL141W/YNR012W/YNR043W/YJR105W/YKL181W/YKL060C/YEL042W/YER005W/YER026C/YER125W/YHR074W/YHR174W/YIL124W/YCL050C/YCR012W/YCR017C/YCR044C/YFL045C/YAL038W,42,Upregulated,3. Brazilian bioethanol
GO:0072521,purine-containing compound metabolic process,21/271,165/4976,0.12727272727272726,2.3369339147936934,4.1911731979298565,2.0527785206172965e-4,0.006208268012353391,0.005612290635314999,YDR531W/YOR311C/YOR317W/YGR192C/YGR240C/YGR254W/YLR153C/YPR074C/YML022W/YMR205C/YMR217W/YBR252W/YNL141W/YNR043W/YJR105W/YKL181W/YKL060C/YHR074W/YHR174W/YCR012W/YAL038W,21,Upregulated,3. Brazilian bioethanol
GO:0006090,pyruvate metabolic process,9/271,40/4976,0.225,4.131365313653137,4.771748336813851,2.2665013543092253e-4,0.0066742500407158505,0.0060335396163190185,YGR192C/YGR240C/YGR254W/YLR153C/YMR205C/YKL060C/YHR174W/YCR012W/YAL038W,9,Upregulated,3. Brazilian bioethanol
GO:0001731,formation of translation preinitiation complex,6/271,18/4976,0.3333333333333333,6.120541205412054,5.222761941450865,2.628394904426738e-4,0.007541471533470564,0.006817510129970567,YOL139C/YPR163C/YNL244C/YNL175C/YJL138C/YER025W,6,Upregulated,3. Brazilian bioethanol
GO:0009141,nucleoside triphosphate metabolic process,11/271,59/4976,0.1864406779661017,3.423353555569454,4.493596328197639,2.7490584664713677e-4,0.007690491059953651,0.006952224174418381,YGR192C/YGR240C/YGR254W/YMR205C/YBR252W/YNR012W/YKL060C/YER005W/YHR174W/YCR012W/YAL038W,11,Upregulated,3. Brazilian bioethanol
GO:0000054,ribosomal subunit export from nucleus,12/271,69/4976,0.17391304347826086,3.193325846301941,4.402719801246036,2.8867464321268883e-4,0.007878705506219483,0.007122370529586495,YOR167C/YOR293W/YGL135W/YGR218W/YLR048W/YLR264W/YPL093W/YML026C/YMR230W/YKR094C/YER006W/YER125W,12,Upregulated,3. Brazilian bioethanol
GO:0019693,ribose phosphate metabolic process,14/271,90/4976,0.15555555555555556,2.856252562525625,4.264645770601841,3.094494582032539e-4,0.008244617707843835,0.00745315612364228,YGR192C/YGR240C/YGR254W/YML022W/YMR205C/YMR217W/YNR012W/YJR105W/YKL181W/YKL060C/YER005W/YHR174W/YCR012W/YAL038W,14,Upregulated,3. Brazilian bioethanol
GO:0009199,ribonucleoside triphosphate metabolic process,10/271,52/4976,0.19230769230769232,3.531081464660801,4.4030148200167,4.011636047995541e-4,0.010439583110946535,0.00943741062943382,YGR192C/YGR240C/YGR254W/YMR205C/YNR012W/YKL060C/YER005W/YHR174W/YCR012W/YAL038W,10,Upregulated,3. Brazilian bioethanol
GO:0022613,ribonucleoprotein complex biogenesis,43/271,474/4976,0.09071729957805907,1.6657169103336604,3.656599440774816,4.5232564556977966e-4,0.01150346357710417,0.01039916137302771,YDR447C/YOL139C/YOL127W/YOR063W/YOR096W/YOR167C/YOR234C/YOR293W/YOR369C/YGL135W/YGL078C/YGL076C/YGR034W/YGR063C/YGR074W/YGR103W/YGR218W/YLR048W/YLR075W/YLR167W/YLR186W/YLR264W/YLR325C/YLR441C/YPL143W/YPL093W/YPR163C/YML026C/YML024W/YMR230W/YMR309C/YBL026W/YNL244C/YNL175C/YJL138C/YKL183W/YKR057W/YKR094C/YER006W/YER025W/YER125W/YHR021C/YHR052W,43,Upregulated,3. Brazilian bioethanol
GO:0009259,ribonucleotide metabolic process,13/271,83/4976,0.1566265060240964,2.875916951940604,4.135865628463953,4.727388396549981e-4,0.011755439146087619,0.010626947951074928,YGR192C/YGR240C/YGR254W/YML022W/YMR205C/YMR217W/YNR012W/YJR105W/YKL060C/YER005W/YHR174W/YCR012W/YAL038W,13,Upregulated,3. Brazilian bioethanol
GO:0009117,nucleotide metabolic process,20/271,165/4976,0.12121212121212122,2.225651347422565,3.842311890275268,5.569422017047178e-4,0.013548224428425633,0.012247630568380635,YDL125C/YGR192C/YGR240C/YGR254W/YPR074C/YML022W/YMR205C/YMR217W/YBR252W/YNL141W/YNR012W/YJR105W/YKL181W/YKL060C/YER005W/YHR074W/YHR174W/YCL050C/YCR012W/YAL038W,20,Upregulated,3. Brazilian bioethanol
GO:0009150,purine ribonucleotide metabolic process,11/271,68/4976,0.16176470588235295,2.9702626438029087,3.9257955338876536,9.727851049930606e-4,0.023160564521004994,0.02093721133030977,YGR192C/YGR240C/YGR254W/YML022W/YMR205C/YMR217W/YJR105W/YKL060C/YHR174W/YCR012W/YAL038W,11,Upregulated,3. Brazilian bioethanol
GO:0009144,purine nucleoside triphosphate metabolic process,9/271,49/4976,0.1836734693877551,3.372543113186234,4.0051819107317055,0.0011061506837962305,0.025787137815999624,0.02331164050719688,YGR192C/YGR240C/YGR254W/YMR205C/YBR252W/YKL060C/YHR174W/YCR012W/YAL038W,9,Upregulated,3. Brazilian bioethanol
GO:0006874,intracellular calcium ion homeostasis,5/271,16/4976,0.3125,5.7380073800738005,4.555292409161368,0.0012271698563997501,0.028024552434924906,0.02533426921590032,YDL128W/YBR036C/YBR187W/YNL321W/YNR021W,5,Upregulated,3. Brazilian bioethanol
GO:0071554,cell wall organization or biogenesis,22/271,202/4976,0.10891089108910891,1.999780789887107,3.481293500722965,0.001292129864088697,0.02891786635830504,0.026141827355562905,YDR077W/YDR245W/YOL109W/YOR099W/YGR279C/YGR282C/YLL031C/YLR300W/YLR332W/YPL221W/YPR149W/YPR165W/YMR215W/YMR305C/YBR015C/YBR078W/YJL171C/YJL159W/YJR075W/YKR042W/YHR181W/YCR017C,22,Upregulated,3. Brazilian bioethanol
GO:0070588,calcium ion transmembrane transport,4/271,10/4976,0.4,7.344649446494465,4.819540654139242,0.0013916391548127024,0.02994700411991181,0.027072170602732936,YDL128W/YBR036C/YBR187W/YNL321W,4,Upregulated,3. Brazilian bioethanol
GO:1990145,maintenance of translational fidelity,4/271,10/4976,0.4,7.344649446494465,4.819540654139242,0.0013916391548127024,0.02994700411991181,0.027072170602732936,YOR063W/YOR369C/YLR167W/YNL244C,4,Upregulated,3. Brazilian bioethanol
GO:0016052,carbohydrate catabolic process,11/271,72/4976,0.1527777777777778,2.805248052480525,3.7027916585465994,0.0015799789330388496,0.033358423133405146,0.030156102376372087,YDR081C/YGR192C/YGR240C/YGR254W/YLR300W/YMR205C/YKL060C/YKR042W/YHR174W/YCR012W/YAL038W,11,Upregulated,3. Brazilian bioethanol
GO:0006643,membrane lipid metabolic process,12/271,84/4976,0.14285714285714285,2.623089088033737,3.6003121075077518,0.0017815611175554637,0.036917905380454884,0.033373883703134516,YDR072C/YGR216C/YLL031C/YLR350W/YPL221W/YPL145C/YMR110C/YBR036C/YER005W/YCR017C/YCR034W/YCR044C,12,Upregulated,3. Brazilian bioethanol
GO:0046034,ATP metabolic process,8/271,43/4976,0.18604651162790697,3.4161160216253323,3.8185442651697246,0.0019098361672682813,0.03885648493042194,0.03512636472238887,YGR192C/YGR240C/YGR254W/YMR205C/YKL060C/YHR174W/YCR012W/YAL038W,8,Upregulated,3. Brazilian bioethanol
GO:0034655,nucleobase-containing compound catabolic process,23/271,222/4976,0.1036036036036036,1.902330374655098,3.3007592548692943,0.001973146699559626,0.03942769922870039,0.03564274395257145,YOL139C/YOL123W/YOR167C/YGR192C/YGR240C/YGR254W/YLL013C/YLR264W/YLR270W/YMR080C/YMR205C/YBL032W/YBR252W/YNL023C/YNL016W/YKL060C/YEL042W/YER005W/YER125W/YHR174W/YCL050C/YCR012W/YAL038W,23,Upregulated,3. Brazilian bioethanol
GO:0006163,purine nucleotide metabolic process,15/271,121/4976,0.12396694214876033,2.27623433259126,3.410592759503494,0.002169801980371735,0.041733478429546736,0.03772717442339911,YGR192C/YGR240C/YGR254W/YPR074C/YML022W/YMR205C/YMR217W/YBR252W/YJR105W/YKL181W/YKL060C/YHR074W/YHR174W/YCR012W/YAL038W,15,Upregulated,3. Brazilian bioethanol
GO:0055074,calcium ion homeostasis,5/271,18/4976,0.2777777777777778,5.100451004510045,4.1823078049843945,0.0022001638676625926,0.041733478429546736,0.03772717442339911,YDL128W/YBR036C/YBR187W/YNL321W/YNR021W,5,Upregulated,3. Brazilian bioethanol
GO:0090407,organophosphate biosynthetic process,25/271,251/4976,0.099601593625498,1.8288469737287014,3.2337890381417935,0.002200424689314797,0.041733478429546736,0.03772717442339911,YDR531W/YOR311C/YGR216C/YLL031C/YLR153C/YLR347C/YPR113W/YML022W/YMR217W/YBR035C/YBR042C/YBR252W/YNL264C/YNL141W/YNR012W/YNR043W/YJR105W/YKL181W/YER026C/YHR074W/YIL124W/YCL050C/YCR017C/YCR044C/YFL045C,25,Upregulated,3. Brazilian bioethanol
GO:0002181,cytoplasmic translation,34/132,166/4976,0.20481927710843373,7.721066082511865,14.537881086950929,5.451130547714299e-22,4.273686349408011e-19,4.1084310233299353e-19,YDL130W/YDL075W/YDR152W/YDR418W/YOL040C/YOL039W/YOR091W/YOR361C/YGL189C/YGR148C/YGR162W/YGR214W/YLR185W/YLR340W/YLR406C/YPL249C-A/YPL131W/YMR142C/YBL027W/YBR079C/YBR084C-A/YNL096C/YJL177W/YJR014W/YJR145C/YKL180W/YER007C-A/YER074W/YER131W/YHL001W/YIL133C/YIL052C/YCR031C/YAL035W,34,Downregulated,3. Brazilian bioethanol
GO:0042254,ribosome biogenesis,43/132,399/4976,0.10776942355889724,4.062580694159641,10.528462946607345,1.3740010637663829e-16,5.386084169964221e-14,5.177814535035422e-14,YDL208W/YDR025W/YDR064W/YDR087C/YDR140W/YDR156W/YDR418W/YDR432W/YOL077C/YOL040C/YOR224C/YOR310C/YOR340C/YOR341W/YGL189C/YGL111W/YGR162W/YGR214W/YGR285C/YLR106C/YLR185W/YLR340W/YPL131W/YPL012W/YMR229C/YNL096C/YNR046W/YJL177W/YJL122W/YJL109C/YKL180W/YKL021C/YEL026W/YER002W/YER007C-A/YER074W/YER131W/YHL001W/YIL133C/YIL052C/YCR031C/YCR087C-A/YAL035W,43,Downregulated,3. Brazilian bioethanol
GO:0006412,translation,45/132,447/4976,0.10067114093959731,3.7949969493593656,10.223871452303483,3.023067705561419e-16,7.900283603867175e-14,7.594794656778863e-14,YDL130W/YDL075W/YDR025W/YDR049W/YDR064W/YDR140W/YDR152W/YDR418W/YDR432W/YOL040C/YOL039W/YOR091W/YOR361C/YGL189C/YGR054W/YGR094W/YGR148C/YGR162W/YGR214W/YGR285C/YLR185W/YLR340W/YLR406C/YPL249C-A/YPL131W/YPL013C/YPR129W/YMR142C/YBL027W/YBR079C/YBR084C-A/YBR121C/YNL096C/YJL177W/YJR014W/YJR145C/YKL180W/YER007C-A/YER074W/YER131W/YHL001W/YIL133C/YIL052C/YCR031C/YAL035W,45,Downregulated,3. Brazilian bioethanol
GO:0022613,ribonucleoprotein complex biogenesis,46/132,474/4976,0.0970464135021097,3.65835570898862,10.04340460645191,5.303020772145014e-16,1.0393920713404227e-13,9.99200756014692e-14,YDL208W/YDR025W/YDR064W/YDR087C/YDR140W/YDR156W/YDR418W/YDR432W/YOL077C/YOL040C/YOR224C/YOR310C/YOR340C/YOR341W/YOR361C/YGL189C/YGL111W/YGR162W/YGR214W/YGR285C/YLR106C/YLR185W/YLR340W/YPL131W/YPL012W/YMR229C/YBR079C/YNL096C/YNR046W/YJL177W/YJL122W/YJL109C/YJR014W/YKL180W/YKL021C/YEL026W/YER002W/YER007C-A/YER074W/YER131W/YHL001W/YIL133C/YIL052C/YCR031C/YCR087C-A/YAL035W,46,Downregulated,3. Brazilian bioethanol
GO:0042273,ribosomal large subunit biogenesis,20/132,125/4976,0.16,6.031515151515151,9.404151023077855,4.8673472530822336e-11,7.632000492832943e-9,7.33688554359343e-9,YDR140W/YDR418W/YOL077C/YGL189C/YGL111W/YGR162W/YLR106C/YLR185W/YLR340W/YPL131W/YMR229C/YNR046W/YJL177W/YJL122W/YKL180W/YKL021C/YER002W/YER131W/YHL001W/YIL133C,20,Downregulated,3. Brazilian bioethanol
GO:0016072,rRNA metabolic process,32/132,343/4976,0.09329446064139942,3.5169184556939657,7.973821255838071,1.353853952679027e-10,1.769035831500595e-8,1.7006305791547076e-8,YDL208W/YDR025W/YDR064W/YDR087C/YDR156W/YOL077C/YOR310C/YOR340C/YOR341W/YGL189C/YGL111W/YGR214W/YGR285C/YLR106C/YLR185W/YPL012W/YMR229C/YNL096C/YNR046W/YJL177W/YJL109C/YKL180W/YKL021C/YEL026W/YER002W/YER074W/YER131W/YHL001W/YIL133C/YCR031C/YCR087C-A/YAL035W,32,Downregulated,3. Brazilian bioethanol
GO:0006364,rRNA processing,29/132,286/4976,0.10139860139860139,3.822420004238186,8.115208411707693,1.6157652799405499e-10,1.809657113533416e-8,1.7396811134397503e-8,YDL208W/YDR025W/YDR064W/YDR087C/YOL077C/YOR310C/YGL189C/YGL111W/YGR214W/YGR285C/YLR106C/YLR185W/YPL012W/YMR229C/YNL096C/YNR046W/YJL177W/YJL109C/YKL180W/YKL021C/YEL026W/YER002W/YER074W/YER131W/YHL001W/YIL133C/YCR031C/YCR087C-A/YAL035W,29,Downregulated,3. Brazilian bioethanol
GO:0042255,ribosome assembly,15/132,82/4976,0.18292682926829268,6.8957871396895785,8.88583367883331,2.2473025767175205e-9,2.20235652518317e-7,2.1171955854338744e-7,YDR025W/YDR418W/YOL077C/YOL040C/YGL189C/YGR214W/YLR106C/YLR340W/YPL131W/YMR229C/YKL021C/YER131W/YHL001W/YCR031C/YAL035W,15,Downregulated,3. Brazilian bioethanol
GO:0022618,protein-RNA complex assembly,19/132,163/4976,0.1165644171779141,4.394125302100761,7.272691799865591,3.669374016069134e-8,3.1964324762202236e-6,3.072832509363158e-6,YDL208W/YDR025W/YDR418W/YOL077C/YOL040C/YOR361C/YGR162W/YGR214W/YLR106C/YLR340W/YPL131W/YMR229C/YBR079C/YJR014W/YKL021C/YER007C-A/YHL001W/YCR031C/YAL035W,19,Downregulated,3. Brazilian bioethanol
GO:0071826,protein-RNA complex organization,19/132,170/4976,0.11176470588235295,4.213190730837789,7.036400063235874,7.311628221289694e-8,5.73231652549112e-6,5.510658743624653e-6,YDL208W/YDR025W/YDR418W/YOL077C/YOL040C/YOR361C/YGR162W/YGR214W/YLR106C/YLR340W/YPL131W/YMR229C/YBR079C/YJR014W/YKL021C/YER007C-A/YHL001W/YCR031C/YAL035W,19,Downregulated,3. Brazilian bioethanol
GO:0140694,membraneless organelle assembly,18/132,164/4976,0.10975609756097561,4.137472283813747,6.744044908398047,2.2082962592007801e-7,1.5739129701940106e-5,1.5130527479308695e-5,YDR025W/YDR418W/YOL077C/YOL040C/YGL189C/YGR162W/YGR214W/YLR106C/YLR340W/YPL131W/YPR129W/YMR229C/YKL021C/YER131W/YHL001W/YCR031C/YFL007W/YAL035W,18,Downregulated,3. Brazilian bioethanol
GO:0070925,organelle assembly,20/132,207/4976,0.0966183574879227,3.6422192943932075,6.409465467623208,3.6634948901031156e-7,2.393483328200702e-5,2.3009318783454657e-5,YDR025W/YDR170C/YDR418W/YOL077C/YOL040C/YGL189C/YGR162W/YGR214W/YLR106C/YLR340W/YPL131W/YPR129W/YMR229C/YKL021C/YER131W/YHL001W/YCR031C/YFL038C/YFL007W/YAL035W,20,Downregulated,3. Brazilian bioethanol
GO:0000470,maturation of LSU-rRNA,11/132,64/4976,0.171875,6.479166666666667,7.2821020363611595,6.769665866420798e-7,4.082629260979928e-5,3.9247617492771595e-5,YOL077C/YGL189C/YLR185W/YMR229C/YNR046W/YJL177W/YKL180W/YKL021C/YER131W/YHL001W/YIL133C,11,Downregulated,3. Brazilian bioethanol
GO:0010499,proteasomal ubiquitin-independent protein catabolic process,6/132,17/4976,0.35294117647058826,13.304812834224599,8.388491322009326,3.028307884581464e-6,1.69585241536562e-4,1.630277026586713e-4,YOL038W/YGL011C/YGR253C/YBL041W/YER094C/YFL007W,6,Downregulated,3. Brazilian bioethanol
GO:0042274,ribosomal small subunit biogenesis,14/132,140/4976,0.1,3.76969696969697,5.486995051316091,1.618519581437441e-5,8.459462345646359e-4,8.132351019713739e-4,YDR025W/YDR064W/YOL040C/YOR310C/YGR214W/YPL012W/YMR229C/YNL096C/YNR046W/YJL109C/YEL026W/YER074W/YCR031C/YAL035W,14,Downregulated,3. Brazilian bioethanol
GO:0030490,maturation of SSU-rRNA,12/132,115/4976,0.10434782608695652,3.9335968379446635,5.253732778097687,4.417213917230214e-5,0.0021644348194428046,0.0020807402399584426,YDR025W/YDR064W/YOR310C/YGR214W/YPL012W/YMR229C/YNR046W/YJL109C/YEL026W/YER074W/YCR031C/YAL035W,12,Downregulated,3. Brazilian bioethanol
GO:0000462,"maturation of SSU-rRNA from tricistronic rRNA transcript (SSU-rRNA, 5.8S rRNA, LSU-rRNA)",11/132,101/4976,0.10891089108910891,4.105610561056106,5.204773235929374,6.271171430575412e-5,0.002801685430450089,0.002693349581367164,YDR025W/YDR064W/YOR310C/YGR214W/YPL012W/YMR229C/YJL109C/YEL026W/YER074W/YCR031C/YAL035W,11,Downregulated,3. Brazilian bioethanol
GO:0000463,"maturation of LSU-rRNA from tricistronic rRNA transcript (SSU-rRNA, 5.8S rRNA, LSU-rRNA)",8/132,53/4976,0.1509433962264151,5.69010863350486,5.666140769132164,6.432441039298674e-5,0.002801685430450089,0.002693349581367164,YOL077C/YGL189C/YLR185W/YMR229C/YJL177W/YKL180W/YKL021C/YER131W,8,Downregulated,3. Brazilian bioethanol
GO:0002183,cytoplasmic translational initiation,6/132,28/4976,0.21428571428571427,8.077922077922077,6.1994246843206415,7.248103742615975e-5,0.0028564658524321603,0.0027460117485787142,YOR361C/YGR162W/YBR079C/YJR014W/YER007C-A/YAL035W,6,Downregulated,3. Brazilian bioethanol
GO:0006413,translational initiation,9/132,69/4976,0.13043478260869565,4.916996047430829,5.408179412664953,7.286902684775919e-5,0.0028564658524321603,0.0027460117485787142,YOR361C/YGR054W/YGR148C/YGR162W/YPR129W/YBR079C/YJR014W/YER007C-A/YAL035W,9,Downregulated,3. Brazilian bioethanol
GO:0000479,"endonucleolytic cleavage of tricistronic rRNA transcript (SSU-rRNA, 5.8S rRNA, LSU-rRNA)",8/132,58/4976,0.13793103448275862,5.199582027168233,5.310155560749478,1.2443713571277918e-4,0.004645653066610423,0.004466014494754381,YOL077C/YOR310C/YGR214W/YLR185W/YMR229C/YJL177W/YJL109C/YKL180W,8,Downregulated,3. Brazilian bioethanol
GO:0000027,ribosomal large subunit assembly,7/132,46/4976,0.15217391304347827,5.736495388669302,5.327138841029064,1.780143415289441e-4,0.006343783807213279,0.006098481748072917,YDR418W/YOL077C/YLR106C/YLR340W/YPL131W/YKL021C/YHL001W,7,Downregulated,3. Brazilian bioethanol
GO:0000460,maturation of 5.8S rRNA,9/132,90/4976,0.1,3.76969696969697,4.376815302350178,5.672855004350149e-4,0.018531326347543817,0.017814755189099588,YOL077C/YOR310C/YGR214W/YLR185W/YMR229C/YJL177W/YJL109C/YKL180W/YKL021C,9,Downregulated,3. Brazilian bioethanol
GO:0000466,"maturation of 5.8S rRNA from tricistronic rRNA transcript (SSU-rRNA, 5.8S rRNA, LSU-rRNA)",9/132,90/4976,0.1,3.76969696969697,4.376815302350178,5.672855004350149e-4,0.018531326347543817,0.017814755189099588,YOL077C/YOR310C/YGR214W/YLR185W/YMR229C/YJL177W/YJL109C/YKL180W/YKL021C,9,Downregulated,3. Brazilian bioethanol
GO:0043161,proteasome-mediated ubiquitin-dependent protein catabolic process,10/132,114/4976,0.08771929824561403,3.306751727804359,4.112702014737154,8.010540934218666e-4,0.025121056369709738,0.024149672879581325,YDR049W/YOL038W/YGL011C/YGR253C/YBL041W/YBR082C/YBR158W/YER094C/YIL075C/YFR052W,10,Downregulated,3. Brazilian bioethanol
GO:0010498,proteasomal protein catabolic process,12/132,161/4976,0.07453416149068323,2.8097120271033313,3.853059413937994,0.001053212940935292,0.03175842098820265,0.030530383227112105,YDR049W/YDR177W/YOL038W/YGL011C/YGR253C/YBL041W/YBR082C/YBR158W/YER094C/YIL075C/YFL007W/YFR052W,12,Downregulated,3. Brazilian bioethanol
GO:0006458,'de novo' protein folding,5/132,33/4976,0.15151515151515152,5.711662075298439,4.482468440373514,0.0015901635829042656,0.046173638851738676,0.04438819202181108,YOR020C/YGR285C/YLR259C/YPL225W/YIL142W,5,Downregulated,3. Brazilian bioethanol
GO:0009165,nucleotide biosynthetic process,6/26,93/4976,0.06451612903225806,12.347394540942927,8.005249726548058,6.17291156852838e-6,0.0018086630895788154,0.0015334811896554712,YGL037C/YGR209C/YML056C/YBL098W/YJL130C/YJR025C,6,Upregulated,5. French dairy
GO:1901293,nucleoside phosphate biosynthetic process,6/26,120/4976,0.05,9.569230769230769,6.886106569678863,2.6920828407079425e-5,0.003943901361637136,0.0033438502653003917,YGL037C/YGR209C/YML056C/YBL098W/YJL130C/YJR025C,6,Upregulated,5. French dairy
GO:0019363,pyridine nucleotide biosynthetic process,3/26,16/4976,0.1875,35.88461538461539,10.128233594662557,6.781472894038459e-5,0.006623238526510895,0.005615535449098513,YGL037C/YBL098W/YJR025C,3,Upregulated,5. French dairy
GO:0006753,nucleoside phosphate metabolic process,7/26,219/4976,0.0319634703196347,6.117316473480856,5.61278458917013,9.337000335424316e-5,0.006839352745698311,0.0057987686293687855,YGL037C/YGR209C/YML056C/YBL098W/YJL130C/YJR025C/YKL127W,7,Upregulated,5. French dairy
GO:0055086,nucleobase-containing small molecule metabolic process,7/26,231/4976,0.030303030303030304,5.799533799533799,5.413368020996132,1.3081423482216525e-4,0.007665714160578884,0.006499401982743368,YGL037C/YGR209C/YML056C/YBL098W/YJL130C/YJR025C/YKL127W,7,Upregulated,5. French dairy
GO:0009117,nucleotide metabolic process,6/26,165/4976,0.03636363636363636,6.9594405594405595,5.641705384440572,1.609410565706556e-4,0.007859288262533683,0.006663524447486795,YGL037C/YGR209C/YML056C/YBL098W/YJL130C/YJR025C,6,Upregulated,5. French dairy
GO:0072525,pyridine-containing compound biosynthetic process,3/26,24/4976,0.125,23.923076923076923,8.157720692531512,2.383903579916899e-4,0.009978339270223591,0.008460169095644936,YGL037C/YBL098W/YJR025C,3,Upregulated,5. French dairy
GO:0019637,organophosphate metabolic process,8/26,377/4976,0.021220159151193633,4.06121199755152,4.480360854924188,4.667245383703031e-4,0.015649918332776805,0.013268836811695082,YOR120W/YGL037C/YGR209C/YML056C/YBL098W/YJL130C/YJR025C/YKL127W,8,Upregulated,5. French dairy
GO:1901135,carbohydrate derivative metabolic process,7/26,285/4976,0.02456140350877193,4.700674763832659,4.662847899132931,4.807142149999701e-4,0.015649918332776805,0.013268836811695082,YOR120W/YGR209C/YPL067C/YML056C/YJL130C/YKL127W/YEL040W,7,Upregulated,5. French dairy
GO:0055085,transmembrane transport,8/26,389/4976,0.02056555269922879,3.9359303935139405,4.370557140456448,5.770837088023221e-4,0.016908552667908038,0.014335974239720845,YDR277C/YDR342C/YOR161C/YOR254C/YGR260W/YMR319C/YBL042C/YER060W,8,Upregulated,5. French dairy
GO:0042537,benzene-containing compound metabolic process,2/26,10/4976,0.2,38.276923076923076,8.551008082714777,0.001151511570885635,0.026327353390345618,0.02232173666291204,YBL098W/YJR025C,2,Upregulated,5. French dairy
GO:0006796,phosphate-containing compound metabolic process,8/26,436/4976,0.01834862385321101,3.5116443189837687,3.97881799100423,0.0012341505261583105,0.026327353390345618,0.02232173666291204,YOR120W/YGL037C/YGR209C/YML056C/YBL098W/YJL130C/YJR025C/YKL127W,8,Upregulated,5. French dairy
GO:0009074,aromatic amino acid family catabolic process,2/26,11/4976,0.18181818181818182,34.7972027972028,8.132013499166536,0.0014028850201188957,0.026327353390345618,0.02232173666291204,YBL098W/YJR025C,2,Upregulated,5. French dairy
GO:0006793,phosphorus metabolic process,8/26,449/4976,0.017817371937639197,3.4099708754497176,3.879808895685102,0.0014960428769055613,0.026327353390345618,0.02232173666291204,YOR120W/YGL037C/YGR209C/YML056C/YBL098W/YJL130C/YJR025C/YKL127W,8,Upregulated,5. French dairy
GO:0090407,organophosphate biosynthetic process,6/26,251/4976,0.02390438247011952,4.574931045050567,4.211960025016633,0.0015205244689664745,0.026327353390345618,0.02232173666291204,YGL037C/YGR209C/YML056C/YBL098W/YJL130C/YJR025C,6,Upregulated,5. French dairy
GO:0008645,hexose transmembrane transport,2/26,12/4976,0.16666666666666666,31.897435897435894,7.765649654466709,0.0016780592062070514,0.026327353390345618,0.02232173666291204,YDR277C/YDR342C,2,Upregulated,5. French dairy
GO:0015749,monosaccharide transmembrane transport,2/26,12/4976,0.16666666666666666,31.897435897435894,7.765649654466709,0.0016780592062070514,0.026327353390345618,0.02232173666291204,YDR277C/YDR342C,2,Upregulated,5. French dairy
GO:0046365,monosaccharide catabolic process,2/26,12/4976,0.16666666666666666,31.897435897435894,7.765649654466709,0.0016780592062070514,0.026327353390345618,0.02232173666291204,YOR120W/YKL127W,2,Upregulated,5. French dairy
GO:0006568,L-tryptophan metabolic process,2/26,13/4976,0.15384615384615385,29.443786982248522,7.441621435157522,0.0019767978654867016,0.026327353390345618,0.02232173666291204,YBL098W/YJR025C,2,Upregulated,5. French dairy
GO:0006586,indolalkylamine metabolic process,2/26,13/4976,0.15384615384615385,29.443786982248522,7.441621435157522,0.0019767978654867016,0.026327353390345618,0.02232173666291204,YBL098W/YJR025C,2,Upregulated,5. French dairy
GO:0009435,NAD biosynthetic process,2/26,13/4976,0.15384615384615385,29.443786982248522,7.441621435157522,0.0019767978654867016,0.026327353390345618,0.02232173666291204,YBL098W/YJR025C,2,Upregulated,5. French dairy
GO:0042430,indole-containing compound metabolic process,2/26,13/4976,0.15384615384615385,29.443786982248522,7.441621435157522,0.0019767978654867016,0.026327353390345618,0.02232173666291204,YBL098W/YJR025C,2,Upregulated,5. French dairy
GO:0044282,small molecule catabolic process,4/26,107/4976,0.037383177570093455,7.1545650611071165,4.663908115143432,0.00209809148926591,0.026727861145865728,0.02266130853394759,YOR120W/YBL098W/YJR025C/YKL127W,4,Upregulated,5. French dairy
GO:0019359,nicotinamide nucleotide biosynthetic process,2/26,15/4976,0.13333333333333333,25.51794871794872,6.891690499793532,0.0026440318218957644,0.032279221825644126,0.02736804868278072,YBL098W/YJR025C,2,Upregulated,5. French dairy
GO:0006164,purine nucleotide biosynthetic process,3/26,62/4976,0.04838709677419355,9.260545905707197,4.74315846978995,0.0039050976808148543,0.045767744819150094,0.038804339059886554,YML056C/YBL098W/YJR025C,3,Upregulated,5. French dairy
GO:1902221,erythrose 4-phosphate/phosphoenolpyruvate family amino acid metabolic process,2/26,19/4976,0.10526315789473684,20.14574898785425,6.059270192900911,0.004251060483871076,0.04790618160670097,0.040617420007837,YBL098W/YJR025C,2,Upregulated,5. French dairy
GO:0170034,L-amino acid biosynthetic process,17/68,100/4976,0.17,12.440000000000001,13.601690794154358,6.87698496026852e-15,2.9360159308622253e-12,2.5319380481223205e-12,YOL064C/YGL026C/YGL009C/YLR303W/YLR355C/YPR167C/YBR248C/YJR016C/YKL001C/YKR069W/YER090W/YER091C/YHR208W/YIL094C/YIL074C/YIR034C/YCL018W,17,Upregulated,8. Mixed origin
GO:0170038,proteinogenic amino acid biosynthetic process,17/68,103/4976,0.1650485436893204,12.077669902912623,13.37111266668644,1.1536408372739588e-14,2.9360159308622253e-12,2.5319380481223205e-12,YOL064C/YGL026C/YGL009C/YLR303W/YLR355C/YPR167C/YBR248C/YJR016C/YKL001C/YKR069W/YER090W/YER091C/YHR208W/YIL094C/YIL074C/YIR034C/YCL018W,17,Upregulated,8. Mixed origin
GO:1901607,alpha-amino acid biosynthetic process,17/68,110/4976,0.15454545454545454,11.309090909090909,12.868543102981183,3.6155930534265263e-14,6.134456213980339e-12,5.290183520276707e-12,YOL064C/YGL026C/YGL009C/YLR303W/YLR355C/YPR167C/YBR248C/YJR016C/YKL001C/YKR069W/YER090W/YER091C/YHR208W/YIL094C/YIL074C/YIR034C/YCL018W,17,Upregulated,8. Mixed origin
GO:0016053,organic acid biosynthetic process,20/68,177/4976,0.11299435028248588,8.268527750083084,11.589279393379254,6.731968204081101e-14,6.85314363175456e-12,5.909959454951199e-12,YOL064C/YGL026C/YGL009C/YGR037C/YLR303W/YLR355C/YPL061W/YPR167C/YBR248C/YJR016C/YJR137C/YKL001C/YKR069W/YER090W/YER091C/YHR208W/YIL094C/YIL074C/YIR034C/YCL018W,20,Upregulated,8. Mixed origin
GO:0046394,carboxylic acid biosynthetic process,20/68,177/4976,0.11299435028248588,8.268527750083084,11.589279393379254,6.731968204081101e-14,6.85314363175456e-12,5.909959454951199e-12,YOL064C/YGL026C/YGL009C/YGR037C/YLR303W/YLR355C/YPL061W/YPR167C/YBR248C/YJR016C/YJR137C/YKL001C/YKR069W/YER090W/YER091C/YHR208W/YIL094C/YIL074C/YIR034C/YCL018W,20,Upregulated,8. Mixed origin
GO:0008652,amino acid biosynthetic process,17/68,118/4976,0.1440677966101695,10.542372881355933,12.347167890327578,1.2089534970806445e-13,1.0255955500234134e-11,8.844449268116296e-12,YOL064C/YGL026C/YGL009C/YLR303W/YLR355C/YPR167C/YBR248C/YJR016C/YKL001C/YKR069W/YER090W/YER091C/YHR208W/YIL094C/YIL074C/YIR034C/YCL018W,17,Upregulated,8. Mixed origin
GO:0170033,L-amino acid metabolic process,17/68,135/4976,0.1259259259259259,9.214814814814813,11.389268787422232,1.18004629688274e-12,8.119267581710787e-11,7.001829348719675e-11,YOL064C/YGL026C/YGL009C/YLR303W/YLR355C/YPR167C/YBR248C/YJR016C/YKL001C/YKR069W/YER090W/YER091C/YHR208W/YIL094C/YIL074C/YIR034C/YCL018W,17,Upregulated,8. Mixed origin
GO:0170039,proteinogenic amino acid metabolic process,17/68,136/4976,0.125,9.147058823529411,11.33825831830586,1.3352762010906423e-12,8.119267581710787e-11,7.001829348719675e-11,YOL064C/YGL026C/YGL009C/YLR303W/YLR355C/YPR167C/YBR248C/YJR016C/YKL001C/YKR069W/YER090W/YER091C/YHR208W/YIL094C/YIL074C/YIR034C/YCL018W,17,Upregulated,8. Mixed origin
GO:0043436,oxoacid metabolic process,24/68,323/4976,0.07430340557275542,5.4372609725004555,9.706181961773682,1.4904099433868813e-12,8.119267581710787e-11,7.001829348719675e-11,YOL136C/YOL064C/YOR347C/YGL026C/YGL009C/YGR037C/YLR303W/YLR355C/YPL061W/YPR167C/YBR248C/YJR010W/YJR016C/YJR137C/YKL001C/YKR069W/YER090W/YER091C/YHR208W/YIL094C/YIL074C/YIR034C/YCL018W/YCR037C,24,Upregulated,8. Mixed origin
GO:0006082,organic acid metabolic process,24/68,324/4976,0.07407407407407407,5.420479302832243,9.685470784301476,1.5951409787251057e-12,8.119267581710787e-11,7.001829348719675e-11,YOL136C/YOL064C/YOR347C/YGL026C/YGL009C/YGR037C/YLR303W/YLR355C/YPL061W/YPR167C/YBR248C/YJR010W/YJR016C/YJR137C/YKL001C/YKR069W/YER090W/YER091C/YHR208W/YIL094C/YIL074C/YIR034C/YCL018W/YCR037C,24,Upregulated,8. Mixed origin
GO:0019752,carboxylic acid metabolic process,23/68,307/4976,0.0749185667752443,5.482276298141407,9.542333625961207,4.251713334088168e-12,1.967383715500798e-10,1.696616708435183e-10,YOL136C/YOL064C/YOR347C/YGL026C/YGL009C/YGR037C/YLR303W/YLR355C/YPL061W/YPR167C/YBR248C/YJR010W/YJR016C/YJR137C/YKL001C/YKR069W/YER090W/YER091C/YHR208W/YIL094C/YIL074C/YIR034C/YCL018W,23,Upregulated,8. Mixed origin
GO:1901605,alpha-amino acid metabolic process,17/68,150/4976,0.11333333333333333,8.293333333333333,10.675218073215664,6.7978104059173e-12,2.883404580509921e-10,2.4865674905855384e-10,YOL064C/YGL026C/YGL009C/YLR303W/YLR355C/YPR167C/YBR248C/YJR016C/YKL001C/YKR069W/YER090W/YER091C/YHR208W/YIL094C/YIL074C/YIR034C/YCL018W,17,Upregulated,8. Mixed origin
GO:0000103,sulfate assimilation,7/68,10/4976,0.7,51.2235294117647,18.711241036420926,7.546310200570394e-12,2.954670686223331e-10,2.548025387561016e-10,YOL064C/YPR167C/YJR010W/YJR137C/YKL001C/YKR069W/YFR030W,7,Upregulated,8. Mixed origin
GO:0044283,small molecule biosynthetic process,22/68,309/4976,0.07119741100323625,5.209975252236817,8.993704290621917,3.960400143808364e-11,1.439888337998898e-9,1.2417194435850284e-9,YOL064C/YGL026C/YGL009C/YGR037C/YLR303W/YLR355C/YPL061W/YPR167C/YBR035C/YBR248C/YJR016C/YJR137C/YKL001C/YKR069W/YER090W/YER091C/YHR208W/YIL094C/YIL074C/YIR034C/YCL018W/YAL061W,22,Upregulated,8. Mixed origin
GO:0044272,sulfur compound biosynthetic process,11/68,69/4976,0.15942028985507245,11.665814151747654,10.500482372922633,1.316720197640995e-9,4.4680705373284426e-8,3.853139104675754e-8,YOL064C/YLR303W/YPR167C/YJL101C/YJR010W/YJR137C/YKL001C/YKR069W/YER091C/YHR208W/YFR030W,11,Upregulated,8. Mixed origin
GO:0006520,amino acid metabolic process,17/68,215/4976,0.07906976744186046,5.786046511627907,8.443952389956502,2.159741257415164e-9,6.870676875151991e-8,5.92507963382976e-8,YOL064C/YGL026C/YGL009C/YLR303W/YLR355C/YPR167C/YBR248C/YJR016C/YKL001C/YKR069W/YER090W/YER091C/YHR208W/YIL094C/YIL074C/YIR034C/YCL018W,17,Upregulated,8. Mixed origin
GO:0000096,sulfur amino acid metabolic process,9/68,41/4976,0.21951219512195122,16.06312769010043,11.398881250249529,2.391175708376445e-9,7.159461385668298e-8,6.174119321318748e-8,YOL064C/YLR303W/YPR167C/YJR010W/YJR137C/YKL001C/YKR069W/YER091C/YHR208W,9,Upregulated,8. Mixed origin
GO:0009067,aspartate family amino acid biosynthetic process,9/68,46/4976,0.1956521739130435,14.317135549872123,10.679846196725755,7.125118421343143e-9,2.0148251535909223e-7,1.7375288781871875e-7,YOL064C/YLR303W/YPR167C/YKL001C/YKR069W/YER091C/YHR208W/YIL094C/YIR034C,9,Upregulated,8. Mixed origin
GO:0000097,sulfur amino acid biosynthetic process,8/68,33/4976,0.24242424242424243,17.739750445632797,11.355581166873685,8.451929606738188e-9,2.264227457805125e-7,1.952606452083005e-7,YOL064C/YLR303W/YPR167C/YJR137C/YKL001C/YKR069W/YER091C/YHR208W,8,Upregulated,8. Mixed origin
GO:0009066,aspartate family amino acid metabolic process,9/68,55/4976,0.16363636363636364,11.97433155080214,9.632332393141587,3.7319857027133374e-8,9.497903613405444e-7,8.190726515955062e-7,YOL064C/YLR303W/YPR167C/YKL001C/YKR069W/YER091C/YHR208W/YIL094C/YIR034C,9,Upregulated,8. Mixed origin
GO:0009086,methionine biosynthetic process,7/68,29/4976,0.2413793103448276,17.663286004056797,10.592230284048165,7.994230283038703e-8,1.9376491495555712e-6,1.6709744501389168e-6,YOL064C/YLR303W/YPR167C/YKL001C/YKR069W/YER091C/YHR208W,7,Upregulated,8. Mixed origin
GO:0006555,methionine metabolic process,7/68,31/4976,0.22580645161290322,16.52371916508539,10.20451100233878,1.3180736316647956e-7,3.0495430841699137e-6,2.6298406909292818e-6,YOL064C/YLR303W/YPR167C/YKL001C/YKR069W/YER091C/YHR208W,7,Upregulated,8. Mixed origin
GO:0009079,pyruvate family amino acid biosynthetic process,5/68,11/4976,0.45454545454545453,33.26203208556149,12.607447165179396,1.7810533792339508e-7,3.941548565348178e-6,3.3990812775311557e-6,YGL009C/YLR355C/YJR016C/YHR208W/YCL018W,5,Upregulated,8. Mixed origin
GO:0006790,sulfur compound metabolic process,11/68,111/4976,0.0990990990990991,7.25172231054584,7.840043425300802,2.18272924669333e-7,4.629204944028771e-6,3.992096911715433e-6,YOL064C/YLR303W/YPR167C/YJL101C/YJR010W/YJR137C/YKL001C/YKR069W/YER091C/YHR208W/YFR030W,11,Upregulated,8. Mixed origin
GO:0009082,branched-chain amino acid biosynthetic process,5/68,13/4976,0.38461538461538464,28.1447963800905,11.534130177474362,4.857350972762725e-7,9.889566580544908e-6,8.528485707966555e-6,YGL009C/YLR355C/YJR016C/YHR208W/YCL018W,5,Upregulated,8. Mixed origin
GO:0009078,pyruvate family amino acid metabolic process,5/68,14/4976,0.35714285714285715,26.134453781512605,11.084186164752383,7.476166495301829e-7,1.463603363887935e-5,1.2621706188424547e-5,YGL009C/YLR355C/YJR016C/YHR208W/YCL018W,5,Upregulated,8. Mixed origin
GO:0009081,branched-chain amino acid metabolic process,5/68,21/4976,0.23809523809523808,17.42296918767507,8.87642765654043,7.0556011614860115e-6,1.3301114782208814e-4,1.147050949060299e-4,YGL009C/YLR355C/YJR016C/YHR208W/YCL018W,5,Upregulated,8. Mixed origin
GO:0009070,serine family amino acid biosynthetic process,4/68,22/4976,0.18181818181818182,13.304812834224599,6.807804463658206,1.9387831168178314e-4,0.003524430737358129,0.0030393705252369763,YLR303W/YPR167C/YKL001C/YIL074C,4,Upregulated,8. Mixed origin
GO:0006534,cysteine metabolic process,3/68,14/4976,0.21428571428571427,15.680672268907562,6.474113416858046,7.978243543191039e-4,0.01400319297753186,0.012075962096227456,YLR303W/YPR167C/YKL001C,3,Upregulated,8. Mixed origin
GO:0009069,serine family amino acid metabolic process,4/68,32/4976,0.125,9.147058823529411,5.441709228159025,8.599352915760474e-4,0.014590235447073604,0.01258221110832322,YLR303W/YPR167C/YKL001C/YIL074C,4,Upregulated,8. Mixed origin
GO:0000747,conjugation with cellular fusion,6/68,87/4976,0.06896551724137931,5.0466531440162266,4.481715771372049,0.0011033099126668928,0.018115636953143496,0.015622418797354645,YOR212W/YLR452C/YPR122W/YNR044W/YCL055W/YCR089W,6,Upregulated,8. Mixed origin
GO:1905039,carboxylic acid transmembrane transport,4/68,35/4976,0.11428571428571428,8.363025210084034,5.144955283831849,0.0012141473959107743,0.019312532016205752,0.016654587634697134,YGR243W/YLR348C/YBR291C/YKL120W,4,Upregulated,8. Mixed origin
GO:1903825,organic acid transmembrane transport,4/68,36/4976,0.1111111111111111,8.130718954248366,5.053820556269547,0.0013519747721230052,0.02085318663668514,0.017983205102880165,YGR243W/YLR348C/YBR291C/YKL120W,4,Upregulated,8. Mixed origin
GO:0007155,cell adhesion,3/68,17/4976,0.17647058823529413,12.913494809688581,5.791156592117897,0.0014473004782443767,0.021666939512540815,0.018684962830585298,YNR044W/YCR089W/YFL014W,3,Upregulated,8. Mixed origin
GO:0019236,response to pheromone,5/68,68/4976,0.07352941176470588,5.380622837370242,4.2809165708464,0.002200911450745392,0.0320075408122687,0.0276024082694986,YOR212W/YLR452C/YNR044W/YKL209C/YCR089W,5,Upregulated,8. Mixed origin
GO:0098661,inorganic anion transmembrane transport,3/68,21/4976,0.14285714285714285,10.45378151260504,5.1096611531338825,0.0027222305982321383,0.03848931595833773,0.033192109925812924,YLR348C/YKL120W/YCR037C,3,Upregulated,8. Mixed origin
GO:0006412,translation,13/18,447/4976,0.029082774049217,8.039771314939099,9.399195579305706,1.1856416999697316e-10,1.5176213759612564e-8,1.2355634557579309e-8,YDL075W/YDR064W/YGL189C/YGR148C/YLR061W/YLR340W/YPR080W/YBL087C/YBL072C/YBR189W/YNL178W/YKL006W/YER074W,13,Downregulated,8. Mixed origin
GO:0002181,cytoplasmic translation,9/18,166/4976,0.05421686746987952,14.987951807228917,11.043714404843517,1.5503255531513319e-9,9.922083540168524e-8,8.078012092735888e-8,YDL075W/YGL189C/YGR148C/YLR061W/YLR340W/YBL087C/YNL178W/YKL006W/YER074W,9,Downregulated,8. Mixed origin
GO:0042254,ribosome biogenesis,8/18,399/4976,0.020050125313283207,5.542745753272069,5.700250699690741,3.402210743062588e-5,0.0014516099170400374,0.0011818205739059515,YDR064W/YGL189C/YLR340W/YBL072C/YBR189W/YNL178W/YKL006W/YER074W,8,Downregulated,8. Mixed origin
GO:0016072,rRNA metabolic process,7/18,343/4976,0.02040816326530612,5.64172335600907,5.367532676178912,1.1393330599286746e-4,0.003025691618327629,0.002463350906368711,YDR064W/YGL189C/YBL072C/YBR189W/YNL178W/YKL006W/YER074W,7,Downregulated,8. Mixed origin
GO:0022613,ribonucleoprotein complex biogenesis,8/18,474/4976,0.016877637130801686,4.6657290201594,5.055060027176148,1.18191078840923e-4,0.003025691618327629,0.002463350906368711,YDR064W/YGL189C/YLR340W/YBL072C/YBR189W/YNL178W/YKL006W/YER074W,8,Downregulated,8. Mixed origin
GO:0006364,rRNA processing,6/18,286/4976,0.02097902097902098,5.7995337995338,5.037037492912455,3.526661084509666e-4,0.007189377805946725,0.005853194101880969,YDR064W/YGL189C/YBL072C/YBR189W/YKL006W/YER074W,6,Downregulated,8. Mixed origin
GO:0000462,"maturation of SSU-rRNA from tricistronic rRNA transcript (SSU-rRNA, 5.8S rRNA, LSU-rRNA)",4/18,101/4976,0.039603960396039604,10.948294829482949,6.085574148508654,3.9316909876271157e-4,0.007189377805946725,0.005853194101880969,YDR064W/YBL072C/YBR189W/YER074W,4,Downregulated,8. Mixed origin
GO:0030490,maturation of SSU-rRNA,4/18,115/4976,0.034782608695652174,9.615458937198067,5.631758981945583,6.44889365656218e-4,0.010318229850499488,0.008400532526311262,YDR064W/YBL072C/YBR189W/YER074W,4,Downregulated,8. Mixed origin
GO:0042274,ribosomal small subunit biogenesis,4/18,140/4976,0.02857142857142857,7.898412698412699,4.988265700364325,0.0013509386907875375,0.01921335026897831,0.015642447998592542,YDR064W/YBL072C/YBR189W/YER074W,4,Downregulated,8. Mixed origin
GO:0042255,ribosome assembly,3/18,82/4976,0.036585365853658534,10.113821138211382,5.013661150495533,0.002944280393358254,0.03768678903498565,0.03068250094131233,YGL189C/YLR340W/YKL006W,3,Downregulated,8. Mixed origin
