"Gene","N_variants","Mean_abs_beta_cond1","Mean_abs_beta_cond2","Pearson_r","N_concordant","Pct_concordant","Has_high_correlation"
"YAL001C",1,0.393205154078061,0.207898285102454,NA,1,100,NA
"YAL005C",1,0.556208694818457,0.384584450856839,NA,1,100,NA
"YAL007C",2,0.702634045599334,0.170264322834616,1,2,100,TRUE
"YAL012W",1,0.519643235673015,0.213096489596757,NA,1,100,NA
"YAL017W",1,0.49065870051437,0.0512127284943811,NA,1,100,NA
"YAL020C",1,0.390045619760079,0.217444115342111,NA,1,100,NA
"YAL027W",1,0.411335476411399,0.0271597822209256,NA,1,100,NA
"YAL029C",1,0.486602181978452,0.233870118119243,NA,1,100,NA
"YAL031C",1,0.477905731552619,0.214078936953004,NA,1,100,NA
"YAL037W",1,0.488010120397353,0.319868785315235,NA,1,100,NA
"YAL038W",1,0.526053164325677,0.0664086469466224,NA,1,100,NA
"YAL042W",1,0.499303416359084,0.132467193034211,NA,1,100,NA
"YAL044C",1,0.527941525155464,0.103528106399219,NA,1,100,NA
"YAL046C",1,0.557814441316466,0.314211886383246,NA,1,100,NA
"YAL051W",1,0.373577054336124,0.023659337781654,NA,1,100,NA
"YAL060W",2,0.545182429724568,0.271253369461975,1,2,100,TRUE
"YAL062W",2,0.521573472753594,0.0474763644790312,-1,2,100,TRUE
"YAR002C.A",1,0.644390642798827,0.0815505495474823,NA,1,100,NA
"YAR015W",3,0.538818832684269,0.166535636580702,0.970114756134764,3,100,TRUE
"YAR018C",1,0.611058198869888,0.0271302119253542,NA,1,100,NA
"YAR023C",1,0.451239670522206,0.0739594200413773,NA,1,100,NA
"YAR027W",3,0.512247434252093,0.306205428712665,0.629390419717303,3,100,TRUE
"YAR029W",1,0.48123245988422,0.478415138076406,NA,1,100,NA
"YAR031W",4,0.628924770029558,0.397176198109708,0.996918805469965,4,100,TRUE
"YAR033W",1,0.374515504932067,0.198576752936066,NA,1,100,NA
"YAR050W",4,0.561185764541993,0.199364178546206,0.903041315590034,4,100,TRUE
"YAR068W",11,0.510994848045695,0.341706996599917,0.987913777454412,11,100,TRUE
"YBL001C",2,0.603011620763492,0.125142039530156,1,2,100,TRUE
"YBL004W",1,0.445385230591441,0.132521538918984,NA,1,100,NA
"YBL008W",1,0.502801570867031,0.234449980191823,NA,1,100,NA
"YBL011W",1,0.518848379588598,0.193873834637517,NA,1,100,NA
"YBL014C",1,0.46533108295258,0.0877204706949186,NA,1,100,NA
"YBL019W",3,0.374429471670892,0.348779098731206,1,3,100,TRUE
"YBL021C",1,0.602409949339588,0.255782520884358,NA,1,100,NA
"YBL024W",1,0.536300149485337,0.0485831395357202,NA,1,100,NA
"YBL025W",1,0.461340858495249,0.0507264182449876,NA,1,100,NA
"YBL028C",1,0.461039302661845,0.216043090200137,NA,1,100,NA
"YBL029W",1,0.480061442813373,0.278686531585013,NA,1,100,NA
"YBL030C",5,0.38376162123936,0.275333588418814,0.980800900658726,5,100,TRUE
"YBL037W",1,0.460764909846531,0.0647347655138267,NA,1,100,NA
"YBL040C",5,0.55251752251723,0.138984095996408,0.822426339387768,5,100,TRUE
"YBL041W",1,0.580143798207508,0.0188761609395052,NA,1,100,NA
"YBL042C",1,0.42018827506784,0.20144590223934,NA,1,100,NA
"YBL056W",2,0.646964593519999,0.0461270448969074,1,2,100,TRUE
"YBL060W",1,0.631167679808143,0.0501487761598272,NA,1,100,NA
"YBL064C",1,0.426535174428722,0.197824311406796,NA,1,100,NA
"YBL066C",1,0.488713696138024,0.0738313915660896,NA,1,100,NA
"YBL068W",1,0.47681051424751,0.092092555034582,NA,1,100,NA
"YBL081W",1,0.51264108840043,0.353536651118787,NA,1,100,NA
"YBL082C",1,0.573021075363554,0.110442575179558,NA,1,100,NA
"YBL085W",2,0.678112300763649,0.220266520148379,-1,2,100,TRUE
"YBL088C",1,0.425271697145868,0.0504445982265574,NA,1,100,NA
"YBL090W",3,0.469219095748363,0.142485108545461,1,3,100,TRUE
"YBL093C",2,0.455407359483628,0.203698501037174,1,2,100,TRUE
"YBL098W",1,0.796469063291881,0.355273632351127,NA,1,100,NA
"YBL102W",3,0.754633914742764,0.106138371931243,1,3,100,TRUE
"YBR003W",2,0.435200906934569,0.02698931228913,1,2,100,TRUE
"YBR005W",1,0.485872358207784,0.102251278389977,NA,1,100,NA
"YBR006W",1,0.461412638420157,0.207947104928121,NA,1,100,NA
"YBR007C",1,0.553774007822442,0.283526278638319,NA,1,100,NA
"YBR009C",6,0.607734499684082,0.222299315826903,0.798508438159351,6,100,TRUE
"YBR010W",2,0.454110172391973,0.153469756022837,-1,2,100,TRUE
"YBR011C",1,0.601758543390945,0.112992831142064,NA,1,100,NA
"YBR014C",1,0.663630924942169,0.153542541904674,NA,1,100,NA
"YBR017C",1,0.462497399017504,0.0783994488557444,NA,1,100,NA
"YBR023C",1,0.434873295703916,0.0307487998630203,NA,1,100,NA
"YBR026C",3,0.570832145048681,0.130108543760276,0.988442595003753,3,100,TRUE
"YBR035C",1,0.481318703034999,0.259155073040146,NA,1,100,NA
"YBR036C",2,0.675141263682744,0.0913652306890344,-1,2,100,TRUE
"YBR037C",1,0.565365595353398,0.266001215480882,NA,1,100,NA
"YBR042C",3,0.410695343455815,0.224167258797372,1,3,100,TRUE
"YBR046C",1,0.594969079587624,0.0513488414673413,NA,1,100,NA
"YBR049C",1,0.417028956391923,0.070999942191488,NA,1,100,NA
"YBR056W.A",1,0.44711612436217,0.373194261658002,NA,1,100,NA
"YBR057C",2,0.478212235954527,0.0378449418680222,1,2,100,TRUE
"YBR058C.A",1,0.565892835122238,0.270558928342102,NA,1,100,NA
"YBR060C",1,0.53685137106768,0.100367402831714,NA,1,100,NA
"YBR061C",1,0.407434388807024,0.131232632866238,NA,1,100,NA
"YBR062C",2,0.545678408046434,0.0673872831628324,1,2,100,TRUE
"YBR065C",1,0.474095216833449,0.0599352739712598,NA,1,100,NA
"YBR067C",3,0.379811906945864,0.201497222694468,0.93690640691524,3,100,TRUE
"YBR068C",1,0.875902316003577,0.17766021095636,NA,1,100,NA
"YBR069C",2,0.624528163424034,0.181324044256547,1,2,100,TRUE
"YBR070C",2,0.705372160715318,0.331665448620267,1,2,100,TRUE
"YBR077C",1,0.653596640765696,0.253691983387198,NA,1,100,NA
"YBR078W",3,0.549082835145432,0.210540138799351,-0.955535853882033,3,100,TRUE
"YBR083W",4,0.668257635106069,0.308268181233648,0.992454397075024,4,100,TRUE
"YBR084C.A",1,0.374294199963007,0.241273333996325,NA,1,100,NA
"YBR084W",3,0.546436071799921,0.141972377337882,0.939256269608391,3,100,TRUE
"YBR085W",2,0.451590847413422,0.313893767618149,1,2,100,TRUE
"YBR086C",2,0.434276651035496,0.141785840869103,1,2,100,TRUE
"YBR092C",2,0.442218858487727,0.228555824417111,1,2,100,TRUE
"YBR093C",5,0.525302246312108,0.0973083016038865,0.975516478950697,5,100,TRUE
"YBR094W",1,0.430378531430997,0.017649278137297,NA,1,100,NA
"YBR097W",1,0.417764007185762,0.2794939712841,NA,1,100,NA
"YBR101C",1,0.517447055586856,0.0452371791500565,NA,1,100,NA
"YBR103W",1,0.700084205194101,0.197408830850851,NA,1,100,NA
"YBR107C",3,0.413780033410353,0.100104419214976,-1,3,100,TRUE
"YBR110W",2,0.698598154277831,0.166073774368459,1,2,100,TRUE
"YBR114W",1,0.493835196101745,0.0697060101135098,NA,1,100,NA
"YBR115C",2,0.44482029286645,0.188799361462349,-1,2,100,TRUE
"YBR117C",1,0.360700391648207,0.137534863434517,NA,1,100,NA
"YBR119W",2,0.735923641539476,0.104339249471539,1,2,100,TRUE
"YBR120C",2,0.546895221537876,0.055181683421885,1,2,100,TRUE
"YBR121C",1,0.83472262826351,0.159357945817183,NA,1,100,NA
"YBR122C",2,0.597662025462392,0.308256326023066,1,2,100,TRUE
"YBR125C",1,0.4717336323082,0.191254477304298,NA,1,100,NA
"YBR126C",1,0.451886375332541,0.185730778754323,NA,1,100,NA
"YBR132C",1,0.516018290975149,0.223064046452596,NA,1,100,NA
"YBR133C",1,0.412321440779955,0.100725336020159,NA,1,100,NA
"YBR135W",1,0.607262182060072,0.106143895943457,NA,1,100,NA
"YBR150C",1,0.515521824714101,0.0304778539966202,NA,1,100,NA
"YBR151W",1,0.386368993310236,0.319042771617469,NA,1,100,NA
"YBR155W",1,0.551608236776621,0.0234806562174875,NA,1,100,NA
"YBR159W",2,0.674887803719638,0.0968738203847472,-1,2,100,TRUE
"YBR164C",1,0.451249180984209,0.0256267635151943,NA,1,100,NA
"YBR166C",2,0.495491303087359,0.293641908705794,1,2,100,TRUE
"YBR181C",2,0.474877989624228,0.168585053531271,1,2,100,TRUE
"YBR187W",3,0.48314329775822,0.200528391182543,0.993482924455473,3,100,TRUE
"YBR188C",2,0.64356713308494,0.178722700447461,1,2,100,TRUE
"YBR191W",1,0.52558024835605,0.150480942680771,NA,1,100,NA
"YBR192W",1,0.441981155605965,0.0168291137718248,NA,1,100,NA
"YBR193C",2,0.574239603700261,0.107427797875226,-1,2,100,TRUE
"YBR198C",1,0.405711399682007,0.0652946098498399,NA,1,100,NA
"YBR201C.A",1,0.370380168968059,0.159408812066801,NA,1,100,NA
"YBR201W",1,0.46287188863937,0.0291664825687963,NA,1,100,NA
"YBR204C",1,0.426101330744865,0.0408167370910867,NA,1,100,NA
"YBR217W",1,0.520330664216143,0.0673999303438281,NA,1,100,NA
"YBR218C",4,0.64395583285083,0.0726497860985533,0.743987364102847,4,100,TRUE
"YBR219C",1,0.592735848724787,0.128389713603628,NA,1,100,NA
"YBR220C",2,0.473008936307371,0.0534925366903889,-1,2,100,TRUE
"YBR221C",1,0.490898851751767,0.107729322939596,NA,1,100,NA
"YBR227C",1,0.714946383669643,0.00711616632477494,NA,1,100,NA
"YBR230W.A",1,0.533776465712632,0.10393455244786,NA,1,100,NA
"YBR231C",1,0.479655550491255,0.0783541886312993,NA,1,100,NA
"YBR234C",1,0.649571907647154,0.25306697544834,NA,1,100,NA
"YBR235W",1,0.712757871301474,0.12251749428542,NA,1,100,NA
"YBR237W",1,0.384557790208789,0.0710198484497708,NA,1,100,NA
"YBR238C",3,0.558618938521175,0.194497538336676,0.684244192275364,3,100,TRUE
"YBR243C",1,0.415162700515764,0.170436464835211,NA,1,100,NA
"YBR247C",1,0.475823961680516,0.255327028471682,NA,1,100,NA
"YBR248C",1,0.418853434604389,0.101222781364785,NA,1,100,NA
"YBR249C",1,0.486882099951735,0.0929557628226884,NA,1,100,NA
"YBR251W",3,0.466774942997437,0.0612815577718356,NA,3,100,NA
"YBR252W",1,0.41226800109969,0.0421234309593219,NA,1,100,NA
"YBR253W",4,0.509840841508797,0.302076312513168,NA,4,100,NA
"YBR256C",3,0.487067199563688,0.223616357789986,0.978354569526074,3,100,TRUE
"YBR257W",1,0.510231288155104,0.0270589119792685,NA,1,100,NA
"YBR258C",5,0.639032384529704,0.123802541787349,-0.229979405803833,5,100,FALSE
"YBR261C",1,0.484826415095415,0.122960756085421,NA,1,100,NA
"YBR265W",3,0.510246355360201,0.149489604479448,0.967047724466331,3,100,TRUE
"YBR269C",1,0.614022090704923,0.214588476481239,NA,1,100,NA
"YBR273C",1,0.5023756865165,0.20148447118482,NA,1,100,NA
"YBR278W",1,0.554642335947975,0.022069471127071,NA,1,100,NA
"YBR279W",2,0.463882680453915,0.0537026308161618,1,2,100,TRUE
"YBR283C",1,0.667910512487321,0.399764878235318,NA,1,100,NA
"YBR286W",2,0.679875261809496,0.166313474903977,1,2,100,TRUE
"YBR287W",1,0.739999928665939,0.149380310896166,NA,1,100,NA
"YBR291C",2,0.573852041901511,0.144983875979947,1,2,100,TRUE
"YBR293W",1,0.389561061662681,0.265889333607921,NA,1,100,NA
"YBR295W",10,0.661642701861949,0.356207564455453,0.972984053299865,10,100,TRUE
"YBR297W",4,0.624829298073664,0.543262640232415,0.997720669620603,4,100,TRUE
"YBR298C",3,0.43133048060062,0.367091978080265,-1,3,100,TRUE
"YCL002C",4,0.488251185088921,0.174696516171426,-0.344135711709732,4,100,FALSE
"YCL004W",1,0.625656251981537,0.0997546223518745,NA,1,100,NA
"YCL005W",1,0.718001502646235,0.0186576183156607,NA,1,100,NA
"YCL005W.A",1,0.64934350724663,0.0684985437878043,NA,1,100,NA
"YCL011C",1,0.391104686795521,0.0553421561828151,NA,1,100,NA
"YCL018W",1,0.416849207387051,0.0932705878514964,NA,1,100,NA
"YCL025C",3,0.519536410153278,0.199623213808328,0.689717560646896,3,100,TRUE
"YCL026C.B",2,0.521258911941051,0.376240363471222,1,2,100,TRUE
"YCL029C",1,0.389791517056576,0.132290383331139,NA,1,100,NA
"YCL031C",1,0.447255362018304,0.192788931956167,NA,1,100,NA
"YCL034W",2,0.602846659812694,0.0800888569645355,1,2,100,TRUE
"YCL035C",2,0.494623740482055,0.109233395886442,1,2,100,TRUE
"YCL038C",1,0.433633460053239,0.346898715349723,NA,1,100,NA
"YCL039W",1,0.470931056363909,0.160572238324806,NA,1,100,NA
"YCL040W",1,0.627787875953081,0.352054093992373,NA,1,100,NA
"YCL047C",1,0.472635489371107,0.120253960607266,NA,1,100,NA
"YCL049C",2,0.567192968957181,0.385630716486775,1,2,100,TRUE
"YCL057W",1,0.452115663691387,0.2036908714587,NA,1,100,NA
"YCL058W.A",1,0.402308830186929,0.0786470219571929,NA,1,100,NA
"YCL059C",1,0.45367204222846,0.0756226789077398,NA,1,100,NA
"YCL063W",1,0.507990822147671,0.0918298045157079,NA,1,100,NA
"YCL064C",1,0.403498775844537,0.0151771722805387,NA,1,100,NA
"YCR005C",1,0.550978392574622,0.0359902676978038,NA,1,100,NA
"YCR012W",1,0.57753334565895,0.176877545793496,NA,1,100,NA
"YCR017C",1,0.4709924595986,0.123595883145041,NA,1,100,NA
"YCR020C",2,0.621958885477863,0.22603005910455,1,2,100,TRUE
"YCR024C.B",6,0.727530025440218,0.342248838028528,0.999495499986021,6,100,TRUE
"YCR027C",1,0.449038168094006,0.0122383483339783,NA,1,100,NA
"YCR028C",2,0.588074268469243,0.0888201535111005,-1,2,100,TRUE
"YCR028C.A",2,0.621505415324064,0.039878089015518,1,2,100,TRUE
"YCR031C",2,0.579874113786659,0.308842569972708,-1,2,100,TRUE
"YCR033W",1,0.385125396161729,0.0884939521285889,NA,1,100,NA
"YCR035C",1,0.425344477017244,0.199224065365693,NA,1,100,NA
"YCR036W",2,0.511577050876279,0.0848919405496102,NA,2,100,NA
"YCR041W",1,0.420447327846028,0.0852180486002177,NA,1,100,NA
"YCR051W",1,0.638882294653699,0.368500206064308,NA,1,100,NA
"YCR052W",1,0.508844056703504,0.204043423258771,NA,1,100,NA
"YCR059C",1,0.486797097300404,0.131477858107853,NA,1,100,NA
"YCR060W",3,0.632388703572206,0.140090758326624,-0.751069851065923,3,100,TRUE
"YCR061W",2,0.825583629346904,0.193382629000561,1,2,100,TRUE
"YCR063W",1,0.493070176839405,0.220973705574925,NA,1,100,NA
"YCR072C",4,0.660151870632517,0.18633468852394,0.269318773280285,4,100,FALSE
"YCR075W.A",2,0.522856200409432,0.0341913612074573,1,2,100,TRUE
"YCR077C",1,0.473675298255898,0.175552027474758,NA,1,100,NA
"YCR082W",2,0.643855568465516,0.249899224924376,1,2,100,TRUE
"YCR084C",1,0.561262680978333,0.108815507514921,NA,1,100,NA
"YCR086W",2,0.378337137549868,0.109235514592222,1,2,100,TRUE
"YCR088W",1,0.518611286519903,0.215296297678051,NA,1,100,NA
"YCR090C",1,0.405678245480978,0.0782180509973757,NA,1,100,NA
"YCR093W",1,0.616221746081389,0.104072870385952,NA,1,100,NA
"YCR095W.A",1,0.414213202620406,0.0356860307535414,NA,1,100,NA
"YCR098C",2,0.633852035852682,0.231135255928081,1,2,100,TRUE
"YCR105W",1,0.399398646478235,0.292064568655262,NA,1,100,NA
"YCR106W",10,0.59545070104734,0.480485012551592,0.988592361520977,10,100,TRUE
"YDL003W",1,0.398796088317236,0.137897999038477,NA,1,100,NA
"YDL004W",2,0.470111391515785,0.342321944625302,1,2,100,TRUE
"YDL012C",1,0.524135981778129,0.153500968252127,NA,1,100,NA
"YDL014W",1,0.486519209736751,0.323963059527307,NA,1,100,NA
"YDL015C",1,0.571196486625,0.263033085646102,NA,1,100,NA
"YDL020C",1,0.369371261829122,0.178360630312328,NA,1,100,NA
"YDL021W",8,0.539697940264223,0.121171758136781,0.770740259548141,8,100,TRUE
"YDL035C",2,0.478019370716405,0.0198777386130383,NA,2,100,NA
"YDL036C",2,0.463395416397574,0.131630812311718,-1,2,100,TRUE
"YDL037C",5,0.735924111661391,0.131074771270255,0.463960035377592,5,100,FALSE
"YDL040C",1,0.428925434556471,0.152430399020635,NA,1,100,NA
"YDL045C",1,0.383477071288889,0.0139948117086105,NA,1,100,NA
"YDL046W",1,0.458847825628551,0.354586885093557,NA,1,100,NA
"YDL048C",2,0.604238714639289,0.0733544359421459,1,2,100,TRUE
"YDL051W",1,0.559388861212544,0.0089905535729955,NA,1,100,NA
"YDL053C",2,0.475948034540324,0.136049455577906,1,2,100,TRUE
"YDL055C",2,0.636660565477963,0.128486258223906,1,2,100,TRUE
"YDL059C",2,0.468515378808817,0.154770281388782,1,2,100,TRUE
"YDL061C",1,0.509789399128911,0.111840516486412,NA,1,100,NA
"YDL064W",1,0.505561454285641,0.0384433076997459,NA,1,100,NA
"YDL065C",1,0.406432974936176,0.137629655056157,NA,1,100,NA
"YDL067C",1,0.463844069355241,0.269239542024783,NA,1,100,NA
"YDL070W",1,0.410939480281033,0.0962395064498345,NA,1,100,NA
"YDL073W",1,0.428393345869664,0.202816088400552,NA,1,100,NA
"YDL078C",1,0.640002234101501,0.188258726357268,NA,1,100,NA
"YDL079C",2,0.683239190323604,0.0879174228882666,1,2,100,TRUE
"YDL080C",1,0.512725438899831,0.0221310010683781,NA,1,100,NA
"YDL081C",2,0.504920782439761,0.183846811246402,1,2,100,TRUE
"YDL086W",9,0.639373802027542,0.340671078511703,0.858779892836424,9,100,TRUE
"YDL087C",1,0.377717427121416,0.0790900655154623,NA,1,100,NA
"YDL089W",1,0.45592661632131,0.14540973821695,NA,1,100,NA
"YDL092W",2,0.644910594921737,0.120193519258375,1,2,100,TRUE
"YDL097C",1,0.707009263344141,0.0296013348401125,NA,1,100,NA
"YDL102W",1,0.500406233331718,0.0389967746933799,NA,1,100,NA
"YDL110C",1,0.448521299097333,0.113618299503539,NA,1,100,NA
"YDL116W",7,0.455299720616214,0.229308275700965,1,7,100,TRUE
"YDL125C",1,0.500894436626169,0.171122216148991,NA,1,100,NA
"YDL130W",1,0.626170322655464,0.186705470686317,NA,1,100,NA
"YDL131W",3,0.498933310823383,0.178613257110773,0.995792267901766,3,100,TRUE
"YDL132W",1,0.411796715229829,0.353896356808728,NA,1,100,NA
"YDL133C.A",1,0.888650606543424,0.31388268854714,NA,1,100,NA
"YDL133W",3,0.559000691931245,0.1113164464074,0.741692537139869,3,100,TRUE
"YDL135C",1,0.64831815633034,0.27527113180924,NA,1,100,NA
"YDL137W",1,1.0343327480542,0.27388801903184,NA,1,100,NA
"YDL138W",1,0.414605956646556,0.040395579917431,NA,1,100,NA
"YDL148C",1,0.683131087160931,0.254091166535438,NA,1,100,NA
"YDL150W",1,0.487715096469599,0.0396519981172949,NA,1,100,NA
"YDL156W",1,0.563811769195937,0.0101131669467395,NA,1,100,NA
"YDL160C",1,0.510486199937385,0.156978588222632,NA,1,100,NA
"YDL160C.A",1,0.424195369586175,0.330380296795896,NA,1,100,NA
"YDL168W",1,0.50233304803647,0.406298710048738,NA,1,100,NA
"YDL170W",2,0.468776081308255,0.252374757933926,1,2,100,TRUE
"YDL171C",2,0.373495304862787,0.271776079964993,NA,2,100,NA
"YDL174C",1,0.617532832409719,0.0421988230706062,NA,1,100,NA
"YDL177C",1,0.484603461756676,0.0930253348262578,NA,1,100,NA
"YDL178W",1,0.704875636894547,0.0157254792112081,NA,1,100,NA
"YDL181W",1,0.416323640463935,0.261899516111813,NA,1,100,NA
"YDL182W",3,0.638338716254105,0.25378503242004,-0.0404812739796261,3,100,FALSE
"YDL188C",1,0.485224334536274,0.143039524084682,NA,1,100,NA
"YDL195W",1,0.594910650452011,0.0251767942656405,NA,1,100,NA
"YDL197C",1,0.459608272903097,0.0145109321572356,NA,1,100,NA
"YDL198C",1,0.587617221269788,0.40970433997538,NA,1,100,NA
"YDL201W",1,0.568354486748213,0.0655859171084102,NA,1,100,NA
"YDL206W",1,0.502544354089264,0.127431185931828,NA,1,100,NA
"YDL208W",3,0.52227526859054,0.0786630349419853,0.600955664186138,3,100,TRUE
"YDL209C",1,0.44666136237634,0.0993612427051835,NA,1,100,NA
"YDL212W",2,0.385305148195276,0.0267709463963439,1,2,100,TRUE
"YDL215C",1,0.547454240519647,0.0400679411289016,NA,1,100,NA
"YDL225W",1,0.447724094546187,0.0910854934944263,NA,1,100,NA
"YDL230W",3,0.5863453115106,0.238720946747163,-0.74414823277713,3,100,TRUE
"YDL231C",1,0.657658433875756,0.287778440669362,NA,1,100,NA
"YDL241W",1,0.589676942493292,0.0236265233520384,NA,1,100,NA
"YDL243C",3,0.526719547622974,0.191463216140896,-0.139024639109082,3,100,FALSE
"YDL248W",6,0.603298346025549,0.520133682459221,0.999074586395533,6,100,TRUE
"YDR002W",3,0.62901883040563,0.147880298541891,0.658977380208049,3,100,TRUE
"YDR011W",1,0.659398640028927,0.377152675456721,NA,1,100,NA
"YDR012W",1,0.611995854222203,0.163000085419496,NA,1,100,NA
"YDR014W",2,0.703110950405712,0.166659043215901,-1,2,100,TRUE
"YDR023W",3,0.444906663430502,0.188891162429169,0.978339885944298,3,100,TRUE
"YDR025W",1,0.519662268788763,0.0236277846962974,NA,1,100,NA
"YDR032C",1,0.666791082306238,0.0904233255075842,NA,1,100,NA
"YDR033W",1,0.415184715166897,0.187240697013583,NA,1,100,NA
"YDR038C",60,0.664891937757081,0.713668608961592,0.993158151533104,60,100,TRUE
"YDR041W",1,0.518039187004764,0.164652198209324,NA,1,100,NA
"YDR043C",1,0.48447722946573,0.163144694129936,NA,1,100,NA
"YDR044W",5,0.524225158085084,0.385547917840011,0.977493885313334,5,100,TRUE
"YDR047W",5,0.49686230222389,0.160986547085126,0.925718112233937,5,100,TRUE
"YDR050C",2,0.436141502335547,0.174992220634831,NA,2,100,NA
"YDR055W",2,0.436576831572791,0.0116033149254588,1,2,100,TRUE
"YDR059C",1,0.471703313404974,0.13478150464796,NA,1,100,NA
"YDR063W",1,0.533733996112312,0.0554132918789061,NA,1,100,NA
"YDR064W",1,0.513528054811934,0.0177153523843538,NA,1,100,NA
"YDR065W",1,0.494127738868746,0.0628181334446707,NA,1,100,NA
"YDR070C",1,0.486544536510611,0.10107368341534,NA,1,100,NA
"YDR073W",4,0.588113471976144,0.279461661120544,0.90635520108438,4,100,TRUE
"YDR078C",4,0.604302854916781,0.0481922364038097,-0.354523852226899,4,100,FALSE
"YDR079C.A",4,0.470157317771683,0.26587142033492,0.998344092950121,4,100,TRUE
"YDR085C",1,0.667872950709577,0.139577214387958,NA,1,100,NA
"YDR086C",1,0.393780701585439,0.0678195708673594,NA,1,100,NA
"YDR087C",2,0.408478720767616,0.0384765228916493,1,2,100,TRUE
"YDR089W",4,0.476684084358963,0.138430288191657,0.936905009229825,4,100,TRUE
"YDR091C",1,0.48343884432854,0.251222515988294,NA,1,100,NA
"YDR092W",1,0.604101925950006,0.0770970614691413,NA,1,100,NA
"YDR098C",1,0.494429004112904,0.211654943135215,NA,1,100,NA
"YDR099W",2,0.524588673540811,0.230267512032111,1,2,100,TRUE
"YDR104C",1,0.481129477726472,0.26692332630796,NA,1,100,NA
"YDR105C",1,0.43597680286413,0.0691786079717568,NA,1,100,NA
"YDR108W",2,0.478461300332279,0.0705798352636226,NA,2,100,NA
"YDR115W",1,0.501433864949247,0.0778369933314701,NA,1,100,NA
"YDR119W.A",1,0.385126719420648,0.261645493857779,NA,1,100,NA
"YDR122W",1,0.435014233412853,0.0336896338009422,NA,1,100,NA
"YDR132C",1,0.415786519787625,0.233804238565549,NA,1,100,NA
"YDR135C",2,0.474373590808389,0.16009699442517,1,2,100,TRUE
"YDR143C",1,0.52731831292707,0.216762068460599,NA,1,100,NA
"YDR144C",3,0.641953841682817,0.322155612500607,1,3,100,TRUE
"YDR145W",1,0.494708730865473,0.0604900357506925,NA,1,100,NA
"YDR148C",4,0.450593161766039,0.0697358305554084,-0.499764370269018,4,100,FALSE
"YDR152W",1,0.394182465009879,0.0824998841228254,NA,1,100,NA
"YDR155C",2,0.496609719886053,0.0977131681590894,-1,2,100,TRUE
"YDR158W",1,0.382119447482741,0.216148868847769,NA,1,100,NA
"YDR166C",1,0.43075379618804,0.198001805703918,NA,1,100,NA
"YDR167W",1,0.598363072441815,0.12613815781132,NA,1,100,NA
"YDR168W",4,0.508050328736588,0.0862703575183832,-0.951541626243812,4,100,TRUE
"YDR170C",1,0.510648203508477,0.141628475837253,NA,1,100,NA
"YDR172W",1,0.523922278854778,0.289773957900474,NA,1,100,NA
"YDR174W",2,0.652958496327072,0.367720927091556,1,2,100,TRUE
"YDR176W",2,0.541968455024041,0.0714590241638507,1,2,100,TRUE
"YDR178W",1,0.430446919496628,0.0225937443549032,NA,1,100,NA
"YDR179C",1,0.526724570198945,0.0453720822028372,NA,1,100,NA
"YDR184C",1,0.515144969488091,0.0638876221232428,NA,1,100,NA
"YDR185C",1,0.371466547905919,0.0602168510786505,NA,1,100,NA
"YDR186C",1,0.511740956510096,0.084285405271964,NA,1,100,NA
"YDR188W",2,0.431094789179632,0.268081273186751,NA,2,100,NA
"YDR190C",1,0.557294154211835,0.00088065241123729,NA,1,100,NA
"YDR195W",1,0.362612105009628,0.0392586386125646,NA,1,100,NA
"YDR198C",1,0.67721628697437,0.322087353415268,NA,1,100,NA
"YDR207C",1,0.605904190645419,0.251439756071049,NA,1,100,NA
"YDR210W",2,0.430635277078285,0.214258330569195,1,2,100,TRUE
"YDR214W",1,0.422726253713898,0.155907509063102,NA,1,100,NA
"YDR226W",1,0.476745396114061,0.257279343617038,NA,1,100,NA
"YDR231C",1,0.43838777855394,0.248904246467742,NA,1,100,NA
"YDR233C",2,0.739337273277984,0.190931744006392,1,2,100,TRUE
"YDR234W",3,0.59936605308417,0.163651919528545,1,3,100,TRUE
"YDR235W",3,0.532565331886366,0.228339884689705,-0.69537005233251,3,100,TRUE
"YDR237W",1,0.437783673398645,0.130659873104184,NA,1,100,NA
"YDR243C",2,0.596145764840069,0.0850973725707136,1,2,100,TRUE
"YDR248C",3,0.566300985114263,0.256090169087092,0.993185324625039,3,100,TRUE
"YDR251W",2,0.406334330585277,0.127988257518185,-1,2,100,TRUE
"YDR252W",1,0.43079869938502,0.100301293057042,NA,1,100,NA
"YDR253C",1,0.478166393822635,0.239481473780827,NA,1,100,NA
"YDR254W",3,0.747534714509338,0.249867574927382,1,3,100,TRUE
"YDR257C",1,0.394259886199719,0.126304898175367,NA,1,100,NA
"YDR259C",1,0.468600650184471,0.272786655178211,NA,1,100,NA
"YDR261C",1,0.406729188132171,0.00618947393485981,NA,1,100,NA
"YDR266C",1,0.567146491997073,0.227674725735306,NA,1,100,NA
"YDR268W",1,0.524871049862221,0.09219601179445,NA,1,100,NA
"YDR270W",1,0.383900336972595,0.0250182552188756,NA,1,100,NA
"YDR276C",1,0.425328192321556,0.366442177048999,NA,1,100,NA
"YDR287W",1,0.486609961400265,0.0968486380740951,NA,1,100,NA
"YDR288W",1,0.427265914282957,0.205424803961638,NA,1,100,NA
"YDR295C",1,0.381237273899888,0.0317371210283726,NA,1,100,NA
"YDR297W",2,0.615916083462733,0.0902890276790037,-1,2,100,TRUE
"YDR298C",2,0.523962178252369,0.322545474306825,1,2,100,TRUE
"YDR309C",2,0.555393150772359,0.25811492941429,-1,2,100,TRUE
"YDR316W",1,0.529763898096296,0.136062386794654,NA,1,100,NA
"YDR322W",1,0.520301709542468,0.136382946121978,NA,1,100,NA
"YDR326C",3,0.43016587300796,0.153420142468804,0.995415439065311,3,100,TRUE
"YDR328C",3,0.65419005240921,0.0655318344639404,0.964491252681331,3,100,TRUE
"YDR329C",2,0.416917158863764,0.181162343262889,1,2,100,TRUE
"YDR331W",1,0.445526443493686,0.222498072329921,NA,1,100,NA
"YDR334W",2,0.544448463446918,0.16260034690885,1,2,100,TRUE
"YDR338C",2,0.458021665782762,0.10242400666599,NA,2,100,NA
"YDR342C",4,0.687907956022668,0.258141574812183,0.450944006092192,4,100,FALSE
"YDR345C",1,0.439896223597074,0.164186271772286,NA,1,100,NA
"YDR346C",3,0.659904157917922,0.104780866800794,-0.993585477832752,3,100,TRUE
"YDR347W",4,0.582647575177167,0.105684097446333,-0.910306714312923,4,100,TRUE
"YDR350C",7,0.539450365824392,0.099500023957448,0.834337472662283,7,100,TRUE
"YDR352W",1,0.464202836142734,0.0320872625394055,NA,1,100,NA
"YDR353W",1,0.597624072497359,0.0478752643195284,NA,1,100,NA
"YDR357C",1,0.496342530474607,0.033877611828425,NA,1,100,NA
"YDR361C",1,0.669485600873935,0.0286634119910467,NA,1,100,NA
"YDR364C",4,0.404645739132845,0.214066566146662,0.239768785092492,4,100,FALSE
"YDR367W",1,0.635425302857723,0.00830290234099378,NA,1,100,NA
"YDR374W.A",2,0.558638146010009,0.277310746415969,NA,2,100,NA
"YDR377W",3,0.50480149128848,0.444738430804263,0.982082837581994,3,100,TRUE
"YDR385W",1,0.557138347048029,0.170785105262284,NA,1,100,NA
"YDR390C",1,0.428812124292079,0.0223553524685224,NA,1,100,NA
"YDR393W",1,0.418826357491748,0.0880070639869017,NA,1,100,NA
"YDR395W",2,0.695325385939719,0.154673852990874,1,2,100,TRUE
"YDR397C",5,0.748266854268872,0.127084531844122,-0.566462588854804,5,100,TRUE
"YDR399W",4,0.549095054926478,0.291834684115856,0.996842828808689,4,100,TRUE
"YDR407C",2,0.500112264579964,0.069373365247385,1,2,100,TRUE
"YDR408C",1,0.755954644132574,0.0398333652641851,NA,1,100,NA
"YDR410C",3,0.44187876348652,0.10296904996063,0.745070776491049,3,100,TRUE
"YDR411C",1,0.486092691415184,0.0101503739711011,NA,1,100,NA
"YDR414C",1,0.403348125552279,0.211552324350852,NA,1,100,NA
"YDR416W",1,0.43921688992845,0.180786101115559,NA,1,100,NA
"YDR418W",1,0.774603855737931,0.167264913136369,NA,1,100,NA
"YDR419W",2,0.495417384186289,0.150905005510794,1,2,100,TRUE
"YDR422C",1,0.462678521328956,0.137032562695807,NA,1,100,NA
"YDR423C",1,0.432414133511821,0.072205815402427,NA,1,100,NA
"YDR427W",2,0.495598696962214,0.240036142145071,1,2,100,TRUE
"YDR428C",1,0.513475984728033,0.091300860871183,NA,1,100,NA
"YDR432W",1,0.498275665043599,0.23240221226264,NA,1,100,NA
"YDR435C",1,0.481958156204288,0.0278651249309879,NA,1,100,NA
"YDR439W",1,0.401013711670002,0.0628796932531579,NA,1,100,NA
"YDR441C",1,0.441626308592984,0.162686127941774,NA,1,100,NA
"YDR447C",6,0.527885195836312,0.20792460446055,0.925512772599192,6,100,TRUE
"YDR452W",6,0.585084802883482,0.355092689823044,0.219126581229425,6,100,FALSE
"YDR454C",2,0.657813585083037,0.0877249552888953,-1,2,100,TRUE
"YDR460W",2,0.45498735184104,0.186695355801951,-1,2,100,TRUE
"YDR462W",1,0.451192387951995,0.313483949925415,NA,1,100,NA
"YDR473C",1,0.421688002385953,0.0246252111472678,NA,1,100,NA
"YDR476C",3,0.502616624565966,0.13305945365542,-0.477460925464643,3,100,FALSE
"YDR477W",1,0.498563427932957,0.00761431501512676,NA,1,100,NA
"YDR483W",1,0.382294968452692,0.275328263470865,NA,1,100,NA
"YDR485C",1,0.448452884897288,0.0781193007741623,NA,1,100,NA
"YDR487C",3,0.595852843717906,0.219498586470553,-0.0520698643139616,3,100,FALSE
"YDR488C",1,0.450459823829794,0.191819512552437,NA,1,100,NA
"YDR489W",2,0.41359965344356,0.172112996973606,NA,2,100,NA
"YDR492W",1,0.496723241317114,0.233106952425418,NA,1,100,NA
"YDR495C",1,0.474610019926508,0.062281832062131,NA,1,100,NA
"YDR496C",1,0.425282035249557,0.170156533790921,NA,1,100,NA
"YDR498C",1,0.518382698039521,0.133880309987847,NA,1,100,NA
"YDR502C",1,0.503143885403201,0.2653061594987,NA,1,100,NA
"YDR505C",1,0.450871302629729,0.0886803896956301,NA,1,100,NA
"YDR508C",2,0.655596681187546,0.350718955531433,1,2,100,TRUE
"YDR512C",1,0.411177318957419,0.100754863458328,NA,1,100,NA
"YDR513W",2,0.559266996989727,0.0852331052130232,-1,2,100,TRUE
"YDR514C",4,0.654109286042599,0.194026070690626,0.0305814325930213,4,100,FALSE
"YDR524C",2,0.506765621987885,0.23213640006674,1,2,100,TRUE
"YDR524C.B",2,0.412276131756214,0.178120529597554,1,2,100,TRUE
"YDR532C",1,0.462238564389951,0.0732175175039272,NA,1,100,NA
"YDR533C",1,0.541899547320988,0.313875265472292,NA,1,100,NA
"YDR539W",1,0.708810327153303,0.411138539244594,NA,1,100,NA
"YEL001C",2,0.544986888573722,0.126064750707119,1,2,100,TRUE
"YEL002C",1,0.396350507739585,0.0579452431936373,NA,1,100,NA
"YEL013W",1,0.518182816667995,0.00358350767363228,NA,1,100,NA
"YEL017C.A",1,0.485828897988132,0.208628330861444,NA,1,100,NA
"YEL020W.A",4,0.463689434123748,0.169526841970445,-0.850947685774822,4,100,TRUE
"YEL030W",1,0.545278557188739,0.114040140767519,NA,1,100,NA
"YEL031W",2,0.593905963125782,0.10238981063934,1,2,100,TRUE
"YEL033W",2,0.600964275806729,0.400812563884312,1,2,100,TRUE
"YEL034W",1,0.506269989513671,0.272565175844958,NA,1,100,NA
"YEL036C",1,0.670397511276469,0.0980834939756725,NA,1,100,NA
"YEL038W",5,0.596897263509343,0.115796678100644,0.934372830728222,5,100,TRUE
"YEL039C",2,0.381020221878466,0.218262549188347,1,2,100,TRUE
"YEL040W",3,0.473929553443076,0.224090245538154,0.864950593787247,3,100,TRUE
"YEL044W",2,0.604144115039713,0.187739042542923,1,2,100,TRUE
"YEL050C",2,0.524845424246636,0.174999938763528,1,2,100,TRUE
"YEL051W",1,0.457522211392705,0.234428674967136,NA,1,100,NA
"YEL053C",1,0.519742351670647,0.101932208710636,NA,1,100,NA
"YEL055C",1,0.666504212278468,0.0826634249141485,NA,1,100,NA
"YEL062W",1,0.433746698637679,0.0359540771001284,NA,1,100,NA
"YEL065W",1,0.553795329241316,0.10764779052308,NA,1,100,NA
"YEL066W",6,0.595496909471299,0.355086661687355,0.900496628172419,6,100,TRUE
"YEL068C",4,0.412640423361181,0.122024093403204,0.304305388282544,4,100,FALSE
"YEL071W",2,0.505020915205366,0.260634833548089,-1,2,100,TRUE
"YEL077C",4,0.512112434333623,0.257611227342433,0.899488649480392,4,100,TRUE
"YER002W",1,0.509559280493673,0.0457182777234609,NA,1,100,NA
"YER004W",2,0.770508614485301,0.333426527628937,1,2,100,TRUE
"YER006W",1,0.589471554338258,0.146008151966992,NA,1,100,NA
"YER007C.A",3,0.435346210418585,0.0765459195337722,0.812515279529106,3,100,TRUE
"YER007W",1,0.51841425304621,0.0270991970142933,NA,1,100,NA
"YER011W",2,0.391082421997989,0.236728807045037,1,2,100,TRUE
"YER019C.A",2,0.460955400338116,0.295546136659229,1,2,100,TRUE
"YER025W",2,0.836608178615563,0.291331319600793,-1,2,100,TRUE
"YER026C",1,0.475838196656301,0.133552534743664,NA,1,100,NA
"YER027C",3,0.799201874242645,0.0424475932559903,1,3,100,TRUE
"YER029C",1,0.49585791147357,0.179771184037921,NA,1,100,NA
"YER036C",2,0.542354983409872,0.183707314070729,1,2,100,TRUE
"YER037W",1,0.42834647454399,0.0530357168485208,NA,1,100,NA
"YER041W",1,0.411794130649223,0.134252982611804,NA,1,100,NA
"YER043C",1,0.45731019311056,0.274781000491724,NA,1,100,NA
"YER045C",1,0.525981091456975,0.0775899524668977,NA,1,100,NA
"YER046W",1,0.567287235731253,0.141129368695696,NA,1,100,NA
"YER049W",3,0.571732885001655,0.153223314946589,0.919320450595533,3,100,TRUE
"YER050C",2,0.554201800478427,0.182679004856791,1,2,100,TRUE
"YER056C",1,0.586102658503212,0.280709369234964,NA,1,100,NA
"YER057C",1,0.440570304543029,0.0381681224940635,NA,1,100,NA
"YER058W",1,0.688371715900483,0.2742443747471,NA,1,100,NA
"YER060W",1,0.462116571396297,0.415660425918046,NA,1,100,NA
"YER064C",1,0.488426467829678,0.146597153517093,NA,1,100,NA
"YER069W",1,0.532368443510346,0.285615989866776,NA,1,100,NA
"YER070W",1,0.507595026733245,0.146663587124144,NA,1,100,NA
"YER073W",1,0.492500513641597,0.0951294026473627,NA,1,100,NA
"YER074W.A",1,0.43773516653677,0.0905615390623919,NA,1,100,NA
"YER092W",1,0.456089028944648,0.137321404245993,NA,1,100,NA
"YER093C.A",1,0.526552446524667,0.0161915970030914,NA,1,100,NA
"YER095W",1,0.393223336526017,0.0987979525026921,NA,1,100,NA
"YER100W",1,0.451793644398636,0.429542183029724,NA,1,100,NA
"YER101C",1,0.398850628101653,0.142379533299268,NA,1,100,NA
"YER110C",1,0.583986968835953,0.188991916121943,NA,1,100,NA
"YER113C",1,0.519664802005645,0.0164584184165617,NA,1,100,NA
"YER115C",7,0.689106044589066,0.129419462287587,0.994367073494722,7,100,TRUE
"YER122C",1,0.577884171871416,0.026782235812265,NA,1,100,NA
"YER125W",1,0.60010818019458,0.318869720088505,NA,1,100,NA
"YER126C",2,0.576255964454659,0.136740124594689,1,2,100,TRUE
"YER127W",2,0.708223851853054,0.0993081119555712,-1,2,100,TRUE
"YER129W",2,0.42421484692139,0.127284396183837,-1,2,100,TRUE
"YER137C",1,0.436548754346092,0.0852980679777982,NA,1,100,NA
"YER139C",2,0.617001903147822,0.0672091535240506,-1,2,100,TRUE
"YER140W",1,0.492532762593999,0.0359831216006188,NA,1,100,NA
"YER143W",1,0.628335826441697,0.0616083987745966,NA,1,100,NA
"YER145C",4,0.580437736215528,0.190493370184891,0.996624866744632,4,100,TRUE
"YER146W",1,0.541551085433526,0.0296517371706451,NA,1,100,NA
"YER148W",2,0.554167576353919,0.107400768023211,-1,2,100,TRUE
"YER150W",5,0.452024882411077,0.220239693620018,0.636907824614097,5,100,TRUE
"YER151C",1,0.45857804526711,0.234577963203716,NA,1,100,NA
"YER152C",1,0.419984155728912,0.152337999366264,NA,1,100,NA
"YER154W",5,0.647755939997284,0.199717685698782,0.124084160742886,5,100,FALSE
"YER158C",3,0.551469418062633,0.055217931217842,0.914243978723787,3,100,TRUE
"YER163C",1,0.424425329893433,0.0808855843895522,NA,1,100,NA
"YER177W",3,0.570920249659833,0.358018194591472,0.997594061246521,3,100,TRUE
"YER183C",1,0.473167195827799,0.0519180807944181,NA,1,100,NA
"YER185W",5,0.594578465943225,0.161768625567508,0.699162398435128,5,100,TRUE
"YER186C",9,0.646110627446477,0.420963073383903,0.0281284900206071,9,100,FALSE
"YER187W",7,0.579986013442337,0.329155663859442,0.834264719430086,7,100,TRUE
"YFL002C",3,0.563124664993308,0.162165568971343,0.998331412002541,3,100,TRUE
"YFL004W",1,0.713575318185824,0.237254681237026,NA,1,100,NA
"YFL005W",1,0.535539664104529,0.344037860148447,NA,1,100,NA
"YFL010C",3,0.487478712527086,0.281752073102888,0.782080411362485,3,100,TRUE
"YFL013C",1,0.478669787580254,0.140164886191968,NA,1,100,NA
"YFL017W.A",1,0.746423206326101,0.0174002038320312,NA,1,100,NA
"YFL018C",1,0.466429254062405,0.375653325416226,NA,1,100,NA
"YFL020C",3,0.535612400700845,0.0532936180449529,-1,3,100,TRUE
"YFL021W",2,0.610504409033533,0.142342988008591,-1,2,100,TRUE
"YFL037W",1,0.472709017986425,0.0117976421358798,NA,1,100,NA
"YFL038C",3,0.744458981083879,0.248689159080743,0.988300209412568,3,100,TRUE
"YFL045C",1,0.540501201079326,0.260295958301831,NA,1,100,NA
"YFL046W",1,0.546178794239484,0.0782431488597889,NA,1,100,NA
"YFL047W",1,0.537192843860795,0.238580814315466,NA,1,100,NA
"YFL051C",2,0.550226255802053,0.0520736490806912,1,2,100,TRUE
"YFL062W",3,0.551216903096105,0.44376775234189,0.286685156150497,3,100,FALSE
"YFR004W",1,0.612430106445916,0.124441360892251,NA,1,100,NA
"YFR006W",4,0.487777111430105,0.150251473741135,-0.473548856255495,4,100,FALSE
"YFR009W",1,0.451989300276958,0.18347059409134,NA,1,100,NA
"YFR013W",3,0.423193365769827,0.0716286007081679,-1,3,100,TRUE
"YFR016C",1,0.474790321160247,0.0638058880154174,NA,1,100,NA
"YFR017C",2,0.498368461305261,0.100573555140187,1,2,100,TRUE
"YFR018C",1,0.532144991026469,0.0156793209106704,NA,1,100,NA
"YFR020W",5,0.543174405211533,0.315382580927272,0.877296738587547,5,100,TRUE
"YFR022W",1,0.546540398801834,0.0585653035227521,NA,1,100,NA
"YFR026C",1,0.591593542063186,0.255706208864422,NA,1,100,NA
"YFR030W",7,0.51057832595813,0.348528431574293,0.936116469010714,7,100,TRUE
"YFR031C.A",2,0.464127255512783,0.123053959584448,-1,2,100,TRUE
"YFR032C.A",1,0.744382922626942,0.290125669856674,NA,1,100,NA
"YFR033C",1,0.527256787527633,0.442976013722717,NA,1,100,NA
"YFR042W",1,0.398225439984705,0.167197517402504,NA,1,100,NA
"YFR048W",2,0.514924440733582,0.302622439923893,-1,2,100,TRUE
"YFR051C",1,0.600329904383219,0.241490739528394,NA,1,100,NA
"YFR053C",2,0.532213395306295,0.436084245762487,1,2,100,TRUE
"YFR055W",2,0.558083927433631,0.0620413489457071,-1,2,100,TRUE
"YGL001C",1,0.464343781395027,0.102480012239125,NA,1,100,NA
"YGL003C",1,0.527894342129796,0.130602840543881,NA,1,100,NA
"YGL005C",1,0.430261823837671,0.0852338418205001,NA,1,100,NA
"YGL008C",3,0.67165361531794,0.137982355624501,NA,3,100,NA
"YGL009C",3,0.563521215292525,0.0451609853720722,1,3,100,TRUE
"YGL010W",1,0.500058321377787,0.171888955169656,NA,1,100,NA
"YGL011C",1,0.726127081928788,0.222398521974524,NA,1,100,NA
"YGL012W",2,0.535344286030875,0.22317513830215,1,2,100,TRUE
"YGL020C",1,0.48419235502121,0.112665528511626,NA,1,100,NA
"YGL023C",2,0.412843044576862,0.121363358350169,1,2,100,TRUE
"YGL028C",1,0.415187186210538,0.215609435958992,NA,1,100,NA
"YGL029W",3,0.58800895484744,0.0325157720161827,-0.637787836496871,3,100,TRUE
"YGL037C",2,0.523086801188475,0.150857389508997,1,2,100,TRUE
"YGL039W",1,0.471898494878733,0.151150761511142,NA,1,100,NA
"YGL043W",2,0.463861012277077,0.122591522437929,-1,2,100,TRUE
"YGL044C",1,0.590710370280993,0.28015386290796,NA,1,100,NA
"YGL045W",7,0.520562308772482,0.187483652509787,0.847772963588665,7,100,TRUE
"YGL047W",2,0.697066553857361,0.25116817172133,1,2,100,TRUE
"YGL050W",1,0.452379016949469,0.190339237982017,NA,1,100,NA
"YGL055W",1,0.604206327074578,0.279576581967813,NA,1,100,NA
"YGL058W",2,0.436342265635129,0.0840190252818711,1,2,100,TRUE
"YGL060W",1,0.464080144571574,0.0192943808604502,NA,1,100,NA
"YGL064C",1,0.457169297844557,0.0324157266955008,NA,1,100,NA
"YGL067W",2,0.396317075192384,0.0339005154127766,NA,2,100,NA
"YGL068W",3,0.580502993287713,0.25499076628191,0.928437943503114,3,100,TRUE
"YGL071W",1,0.508005030440291,0.153109167113967,NA,1,100,NA
"YGL077C",1,0.428583691017188,0.0445094684278263,NA,1,100,NA
"YGL078C",4,0.606206829316268,0.110022971472717,0.403089969986905,4,100,FALSE
"YGL084C",1,0.484455429812457,0.0595201119687305,NA,1,100,NA
"YGL095C",2,0.487685610340854,0.0792906201313963,-1,2,100,TRUE
"YGL097W",2,0.524729723867976,0.0293451851927623,1,2,100,TRUE
"YGL098W",2,0.429853469648169,0.0450822860737478,-1,2,100,TRUE
"YGL100W",1,0.633006701839548,0.126893415498892,NA,1,100,NA
"YGL104C",2,0.433810118590135,0.0174336703279451,NA,2,100,NA
"YGL105W",2,0.539697373173296,0.0776119969432438,1,2,100,TRUE
"YGL106W",1,0.487429522505103,0.421771533500581,NA,1,100,NA
"YGL112C",1,0.381990520701378,0.263230577109515,NA,1,100,NA
"YGL113W",1,0.455682771827902,0.170537685976008,NA,1,100,NA
"YGL115W",1,0.490280440135558,0.0265853164903975,NA,1,100,NA
"YGL116W",3,0.446944433314905,0.0706257316609356,-0.867557197101419,3,100,TRUE
"YGL117W",1,0.422597718714587,0.310436681678671,NA,1,100,NA
"YGL120C",1,0.439519201069899,0.0570700479434875,NA,1,100,NA
"YGL121C",3,0.520388057813839,0.178604434135974,0.967042398488995,3,100,TRUE
"YGL123W",2,0.673747396612881,0.106085107895622,1,2,100,TRUE
"YGL124C",3,0.570871553107204,0.0445490574492904,-0.999791673987874,3,100,TRUE
"YGL126W",1,0.406005270322518,0.00837739166327277,NA,1,100,NA
"YGL127C",6,0.633751845686206,0.144275642145023,0.936513759127784,6,100,TRUE
"YGL128C",1,0.448274968971695,0.0906205797700565,NA,1,100,NA
"YGL134W",1,0.413307076069213,0.184336544731227,NA,1,100,NA
"YGL140C",1,0.486940909985841,0.219922262199753,NA,1,100,NA
"YGL148W",1,0.589854667189084,0.238410551956651,NA,1,100,NA
"YGL153W",1,0.448772957769513,0.214652932147737,NA,1,100,NA
"YGL156W",2,0.485540501931998,0.150436533720606,1,2,100,TRUE
"YGL157W",1,0.453733715460555,0.198846330382896,NA,1,100,NA
"YGL161C",1,0.476193793055409,0.0181689969285441,NA,1,100,NA
"YGL162W",2,0.495542566615877,0.328790187438963,1,2,100,TRUE
"YGL163C",2,0.44648835139102,0.124735110717811,1,2,100,TRUE
"YGL171W",1,0.661433945330055,0.0221984594569629,NA,1,100,NA
"YGL175C",1,0.39262546613158,0.047821490971128,NA,1,100,NA
"YGL178W",1,0.418465121577259,0.171644683713089,NA,1,100,NA
"YGL179C",1,0.504701303851036,0.105967409544465,NA,1,100,NA
"YGL187C",1,0.554480824824755,0.311596870545607,NA,1,100,NA
"YGL191W",1,0.574099340563277,0.356297004034709,NA,1,100,NA
"YGL192W",1,0.388658065159959,0.296530002198197,NA,1,100,NA
"YGL196W",1,0.427716042448425,0.146451227148344,NA,1,100,NA
"YGL207W",1,0.515622505385186,0.0648203358244499,NA,1,100,NA
"YGL208W",2,0.527946189356379,0.11585810902763,1,2,100,TRUE
"YGL210W",2,0.619690232764073,0.0364556108433805,-1,2,100,TRUE
"YGL215W",2,0.478198602209608,0.0819050008557015,1,2,100,TRUE
"YGL220W",2,0.476548961776138,0.159554966922594,-1,2,100,TRUE
"YGL225W",2,0.431551376859055,0.184862449300589,NA,2,100,NA
"YGL226C.A",3,0.548503507357999,0.252141843934883,0.994570773537776,3,100,TRUE
"YGL231C",1,0.378533979201801,0.125025339694257,NA,1,100,NA
"YGL232W",1,0.529488737042668,0.165015973832331,NA,1,100,NA
"YGL233W",1,0.465986258628668,0.0446752602994611,NA,1,100,NA
"YGL234W",1,0.739985855057114,0.0661259277087326,NA,1,100,NA
"YGL236C",1,0.488872983658062,0.129190528159931,NA,1,100,NA
"YGL238W",1,0.460527877560834,0.104659425985456,NA,1,100,NA
"YGL245W",2,0.629504135635319,0.250623950358878,1,2,100,TRUE
"YGL251C",1,0.669872144775487,0.140770866751063,NA,1,100,NA
"YGL255W",4,0.583961104734976,0.204852988695506,0.975848634141617,4,100,TRUE
"YGL257C",3,0.473961151992881,0.133982321342948,0.932989346246856,3,100,TRUE
"YGR003W",1,0.527749560848762,0.0264997777174415,NA,1,100,NA
"YGR004W",1,0.518922725404632,0.207193545463996,NA,1,100,NA
"YGR008C",1,0.542211123510871,0.0278545701924681,NA,1,100,NA
"YGR010W",1,1.01605599800714,0.202919848892419,NA,1,100,NA
"YGR014W",1,0.587270079383288,0.416137947064513,NA,1,100,NA
"YGR016W",1,0.441806019447471,0.173434335856387,NA,1,100,NA
"YGR019W",1,0.616544895745696,0.401241940109076,NA,1,100,NA
"YGR027C",1,0.547589351982058,0.129500225030924,NA,1,100,NA
"YGR029W",1,0.425728631630435,0.000579905410885245,NA,1,100,NA
"YGR033C",2,0.520212977470307,0.278547298853412,-1,2,100,TRUE
"YGR038W",1,0.486358811694695,0.318010954304999,NA,1,100,NA
"YGR048W",1,0.672370680808061,0.312268868426265,NA,1,100,NA
"YGR050C",1,0.48576102617858,0.162103185810694,NA,1,100,NA
"YGR054W",1,0.585886660347021,0.257186806103494,NA,1,100,NA
"YGR071C",2,0.57973319758296,0.112060131767884,-1,2,100,TRUE
"YGR078C",2,0.421705535561895,0.13132798986699,-1,2,100,TRUE
"YGR079W",6,0.370426165687509,0.0858078945953251,NA,6,100,NA
"YGR086C",2,0.477854949818401,0.423143544821647,1,2,100,TRUE
"YGR095C",2,0.550270931074264,0.292000927681006,-1,2,100,TRUE
"YGR098C",3,0.576101880521778,0.145401029427199,-0.992502241282128,3,100,TRUE
"YGR099W",1,0.381709909096063,0.185982199617996,NA,1,100,NA
"YGR104C",3,0.572149018864149,0.0504269961741804,0.00488613743939886,3,100,FALSE
"YGR106C",3,0.483833721915216,0.146793341019355,0.956724244359773,3,100,TRUE
"YGR110W",2,0.458871779655275,0.123173921407856,1,2,100,TRUE
"YGR116W",2,0.523677685305132,0.10796646946905,-1,2,100,TRUE
"YGR118W",3,0.683461154971628,0.147589208415633,0.878252022058863,3,100,TRUE
"YGR120C",1,0.569188120385878,0.265614792141356,NA,1,100,NA
"YGR128C",1,0.520050544058964,0.0825225120136698,NA,1,100,NA
"YGR129W",2,0.525749756662257,0.250681951244169,NA,2,100,NA
"YGR130C",1,0.448064881134372,0.137788339646066,NA,1,100,NA
"YGR131W",1,0.414418478747072,0.0618105857165912,NA,1,100,NA
"YGR133W",2,0.594112234972688,0.0348522736269155,NA,2,100,NA
"YGR134W",1,0.461565166865258,0.215818186468994,NA,1,100,NA
"YGR135W",1,0.593904842563625,0.0646440520499145,NA,1,100,NA
"YGR138C",4,0.578059197236108,0.125943833817688,0.17289536830758,4,100,FALSE
"YGR141W",1,0.518858382268077,0.0091166593047495,NA,1,100,NA
"YGR142W",1,0.381982860149242,0.168373330553965,NA,1,100,NA
"YGR146C.A",1,0.446188250033183,0.0230633711967525,NA,1,100,NA
"YGR147C",1,0.479828818642927,0.230938445534299,NA,1,100,NA
"YGR148C",1,0.778063435355893,0.140304715873972,NA,1,100,NA
"YGR150C",1,0.396334942817016,0.162128147433406,NA,1,100,NA
"YGR153W",1,0.385787113262448,0.0234166046257377,NA,1,100,NA
"YGR154C",4,0.460370072391684,0.241937511898235,0.988115527070792,4,100,TRUE
"YGR155W",3,0.485406095468571,0.148441045848585,-1,3,100,TRUE
"YGR157W",2,0.68508799906144,0.104018216570695,1,2,100,TRUE
"YGR159C",2,0.515001065406452,0.0734939273613417,1,2,100,TRUE
"YGR161C",1,0.413879168510817,0.00186346174331933,NA,1,100,NA
"YGR163W",1,0.66389490586083,0.0185190559151742,NA,1,100,NA
"YGR165W",4,0.439214034875603,0.168315288770599,-0.901635926673259,4,100,TRUE
"YGR166W",1,0.43255835360634,0.143802336870075,NA,1,100,NA
"YGR167W",1,0.378580620158895,0.0360259339129229,NA,1,100,NA
"YGR169C",1,0.428931242226737,0.0374623098967272,NA,1,100,NA
"YGR175C",1,0.613409033031105,0.106235086527224,NA,1,100,NA
"YGR177C",5,0.647606780154118,0.294730102218209,0.897377026762102,5,100,TRUE
"YGR178C",4,0.516797618885058,0.111917897594795,-0.201788595564356,4,100,FALSE
"YGR181W",1,0.413432742519488,0.251286212739825,NA,1,100,NA
"YGR183C",1,0.552376457176765,0.225456229431336,NA,1,100,NA
"YGR189C",1,0.534633282172856,0.101241948273867,NA,1,100,NA
"YGR191W",1,0.523615889576874,0.10036894399164,NA,1,100,NA
"YGR192C",7,0.498765915507038,0.231849817931592,0.97484111208682,7,100,TRUE
"YGR197C",1,0.476087387267862,0.0752985148489679,NA,1,100,NA
"YGR201C",7,0.582145513675956,0.146613635480252,0.868227392214347,7,100,TRUE
"YGR203W",1,0.530589636605795,0.0975448139274176,NA,1,100,NA
"YGR205W",1,0.418255124078886,0.265134598822006,NA,1,100,NA
"YGR206W",2,0.645063384286895,0.208359073719731,1,2,100,TRUE
"YGR209C",1,0.475150488398222,0.217354859138093,NA,1,100,NA
"YGR214W",1,0.678294777504869,0.00608669723701317,NA,1,100,NA
"YGR215W",2,0.582443529727771,0.278323180886438,-1,2,100,TRUE
"YGR230W",8,0.57020107917587,0.19563039426833,0.870271334268251,8,100,TRUE
"YGR231C",2,0.72689146037897,0.138549719646879,-1,2,100,TRUE
"YGR232W",2,0.634213143147814,0.238363231097008,-1,2,100,TRUE
"YGR234W",3,0.495089148822287,0.355696034940612,0.445631683387751,3,100,FALSE
"YGR235C",1,0.489999886558558,0.000970595411035899,NA,1,100,NA
"YGR238C",4,0.586218518135268,0.135228538285612,-0.95931179455779,4,100,TRUE
"YGR240C",1,0.458737309357313,0.1657053088038,NA,1,100,NA
"YGR243W",2,0.519391948157534,0.0393435259461687,-1,2,100,TRUE
"YGR249W",1,0.429608109039079,0.0854215979987121,NA,1,100,NA
"YGR253C",2,0.544942258587039,0.158079542585583,1,2,100,TRUE
"YGR256W",1,0.547761337345111,0.0955883191878301,NA,1,100,NA
"YGR260W",2,0.437329240415152,0.0620725356140616,1,2,100,TRUE
"YGR264C",1,0.52841273142124,0.0723199905301532,NA,1,100,NA
"YGR270W",1,0.547202853361552,0.0601827264219898,NA,1,100,NA
"YGR271C.A",1,0.472640764387734,0.134143835102477,NA,1,100,NA
"YGR274C",1,0.423033138893439,0.109434340299071,NA,1,100,NA
"YGR279C",4,0.642903909700856,0.189680887915926,-1,4,100,TRUE
"YGR280C",2,0.648166074271304,0.0959117398950242,1,2,100,TRUE
"YGR281W",1,0.8081354075412,0.00430905734850146,NA,1,100,NA
"YGR285C",1,0.598386075988248,0.206185126423579,NA,1,100,NA
"YGR287C",1,0.507112486868489,0.0613045644401143,NA,1,100,NA
"YGR295C",3,0.49186506059602,0.314579406318033,0.449914158536891,3,100,FALSE
"YHL002W",1,0.461774910751702,0.0282439573479623,NA,1,100,NA
"YHL003C",3,0.504675352503572,0.143087296636119,0.999549041346911,3,100,TRUE
"YHL004W",3,0.41429925365915,0.155825901744509,1,3,100,TRUE
"YHL008C",4,0.47016126591608,0.182722552476141,0.999607917855037,4,100,TRUE
"YHL011C",1,0.415966330446743,0.0384526812489649,NA,1,100,NA
"YHL013C",1,0.54641433150799,0.153967651200711,NA,1,100,NA
"YHL014C",3,0.551705539613421,0.0510968446342159,-0.847284582891674,3,100,TRUE
"YHL015W",1,0.54144708266489,0.288933295930306,NA,1,100,NA
"YHL018W",1,0.356358063725003,0.0831919366009778,NA,1,100,NA
"YHL019C",1,0.458949889263515,0.129269435367975,NA,1,100,NA
"YHL020C",2,0.485530676176978,0.195748925232084,1,2,100,TRUE
"YHL021C",1,0.626596767565444,0.0882870126838942,NA,1,100,NA
"YHL023C",1,0.487965483157608,0.146878668713092,NA,1,100,NA
"YHL038C",1,0.391153907475121,0.140435003219723,NA,1,100,NA
"YHL039W",1,0.457015943734763,0.116896686374416,NA,1,100,NA
"YHL047C",3,0.499698344052772,0.201028613146962,0.985315598621049,3,100,TRUE
"YHL048W",1,0.505239120316187,0.425968654437721,NA,1,100,NA
"YHR001W.A",1,0.514034795550349,0.493446883048919,NA,1,100,NA
"YHR008C",1,0.660440326741835,0.161349076667457,NA,1,100,NA
"YHR009C",1,0.676762843433597,0.0206779771684607,NA,1,100,NA
"YHR011W",1,0.388431503044478,0.256728401872185,NA,1,100,NA
"YHR012W",1,0.489206674313515,0.0648613485360447,NA,1,100,NA
"YHR018C",2,0.519411150965527,0.21334664777113,1,2,100,TRUE
"YHR019C",1,0.524416555582494,0.240997394181363,NA,1,100,NA
"YHR020W",2,0.451413055534065,0.198581943620072,-1,2,100,TRUE
"YHR025W",2,0.581769925868246,0.205831428430199,-1,2,100,TRUE
"YHR029C",6,0.555975939593226,0.198100090972841,0.912631661714752,6,100,TRUE
"YHR030C",1,0.609905238618522,0.0934987664666037,NA,1,100,NA
"YHR036W",1,0.53247399765939,0.0121671140567646,NA,1,100,NA
"YHR037W",2,0.613235649993624,0.23575408359002,1,2,100,TRUE
"YHR043C",5,0.622208070204238,0.322835317901491,0.966334667797451,5,100,TRUE
"YHR044C",1,0.379842899811982,0.495562274178974,NA,1,100,NA
"YHR046C",1,0.50559916808877,0.22996932238909,NA,1,100,NA
"YHR047C",4,0.589662373492814,0.252713162401611,0.99783329450522,4,100,TRUE
"YHR049W",1,0.427475099261994,0.216013085638161,NA,1,100,NA
"YHR051W",1,0.57285221623838,0.35037976865181,NA,1,100,NA
"YHR058C",1,0.604711824886472,0.218552771355396,NA,1,100,NA
"YHR066W",3,0.643887375218729,0.11007356686048,0.962471733806867,3,100,TRUE
"YHR070W",2,0.601475209633802,0.318370735410077,1,2,100,TRUE
"YHR071W",2,0.515228200140336,0.100076440320283,-1,2,100,TRUE
"YHR073W",1,0.505733107972127,0.0469280196636871,NA,1,100,NA
"YHR076W",1,0.518630851779651,0.140133044360681,NA,1,100,NA
"YHR078W",1,0.427725176168857,0.242891809537807,NA,1,100,NA
"YHR081W",1,0.550806936782914,0.00726580344372232,NA,1,100,NA
"YHR085W",1,0.617243060719513,0.02034418384973,NA,1,100,NA
"YHR086W",1,0.439961864113781,0.151081064697301,NA,1,100,NA
"YHR092C",2,0.521428677764936,0.261302511156146,1,2,100,TRUE
"YHR097C",4,0.478666792686791,0.1634394856918,0.944842532172346,4,100,TRUE
"YHR102W",1,0.555400824951602,0.0459896124751693,NA,1,100,NA
"YHR103W",1,0.466245510278394,0.163851213632466,NA,1,100,NA
"YHR109W",1,0.435345469802852,0.221154889913098,NA,1,100,NA
"YHR110W",1,0.495193045642626,0.00129653447576646,NA,1,100,NA
"YHR113W",1,0.691934891724691,0.0242777941507503,NA,1,100,NA
"YHR115C",1,0.407310475262156,0.0651974246591079,NA,1,100,NA
"YHR117W",1,0.496734214123166,0.348265322184767,NA,1,100,NA
"YHR120W",1,0.590140483423945,0.0549043375630674,NA,1,100,NA
"YHR124W",6,0.515859446944447,0.080517269848671,0.826393818639804,6,100,TRUE
"YHR127W",1,0.575237033557434,0.100589634444213,NA,1,100,NA
"YHR132W.A",4,0.644130226597612,0.105716529348292,0.689584776679645,4,100,TRUE
"YHR138C",1,0.410246719614785,0.126448382400298,NA,1,100,NA
"YHR143W",1,0.406415347519863,0.100127512546619,NA,1,100,NA
"YHR146W",1,0.437648637853792,0.16044068881058,NA,1,100,NA
"YHR147C",5,0.529925312877528,0.183638405579014,0.937078557964163,5,100,TRUE
"YHR148W",2,0.442303909163186,0.0339110055089026,1,2,100,TRUE
"YHR150W",1,0.569245128771275,0.0410067703698234,NA,1,100,NA
"YHR152W",3,0.618481996700869,0.138573752902645,1,3,100,TRUE
"YHR158C",1,0.559184335162405,0.0105123576299778,NA,1,100,NA
"YHR169W",2,0.543021164487876,0.107722991484776,-1,2,100,TRUE
"YHR170W",1,0.42733160015707,0.0843125507228794,NA,1,100,NA
"YHR174W",1,0.467148899009434,0.248598082798921,NA,1,100,NA
"YHR186C",1,0.413579569916406,0.0512099934971905,NA,1,100,NA
"YHR187W",2,0.42382170195742,0.0700811474652125,1,2,100,TRUE
"YHR190W",2,0.520808002695364,0.0525782601606008,1,2,100,TRUE
"YHR191C",4,0.612756457915522,0.119112817849548,-0.97681823231933,4,100,TRUE
"YHR192W",1,0.455876641097788,0.0318085924065294,NA,1,100,NA
"YHR197W",1,0.494076164497685,0.0954635441548443,NA,1,100,NA
"YHR199C",1,0.441999701507253,0.114948482832915,NA,1,100,NA
"YHR200W",1,0.538719115429269,0.11869958249019,NA,1,100,NA
"YHR202W",1,0.415989660628054,0.162797671377952,NA,1,100,NA
"YHR203C",4,0.608354754958678,0.230525669593218,0.932647562011443,4,100,TRUE
"YHR208W",1,0.499159832169806,0.086707975701215,NA,1,100,NA
"YHR209W",1,0.52660248947213,0.131748709524002,NA,1,100,NA
"YHR216W",3,0.442671506386259,0.286368422539053,0.948267261139015,3,100,TRUE
"YIL002C",1,0.480106944156223,0.0520624376788875,NA,1,100,NA
"YIL003W",1,0.495608899248127,0.0597705925263583,NA,1,100,NA
"YIL004C",1,0.434932535274124,0.128855810399561,NA,1,100,NA
"YIL008W",1,0.58619320631832,0.285937814999923,NA,1,100,NA
"YIL010W",2,0.660320915965412,0.145341841044207,-1,2,100,TRUE
"YIL011W",2,0.482453040020232,0.234031013830976,1,2,100,TRUE
"YIL014W",2,0.493799138830407,0.134961599863438,1,2,100,TRUE
"YIL018W",2,0.499631915037767,0.137485205668352,-1,2,100,TRUE
"YIL019W",2,0.601474058491337,0.070690543674977,1,2,100,TRUE
"YIL021W",1,0.462219204741769,0.102823508475435,NA,1,100,NA
"YIL026C",2,0.59878310312087,0.203349393175519,NA,2,100,NA
"YIL029C",3,0.614033348035167,0.424851710516529,0.962009525501271,3,100,TRUE
"YIL031W",1,0.574351872799471,0.128753669348402,NA,1,100,NA
"YIL033C",3,0.643845762780012,0.152945687914438,0.783842618492864,3,100,TRUE
"YIL035C",1,0.510813285058259,0.14652676494668,NA,1,100,NA
"YIL038C",1,0.514958896548412,0.101808962779955,NA,1,100,NA
"YIL041W",3,0.55724967867164,0.228745598500377,1,3,100,TRUE
"YIL043C",2,0.524540922957171,0.297339238894501,1,2,100,TRUE
"YIL051C",1,0.73478668905353,0.105865314258075,NA,1,100,NA
"YIL056W",1,0.482118383008562,0.31415542594813,NA,1,100,NA
"YIL065C",1,0.637793021381647,0.523631728131438,NA,1,100,NA
"YIL069C",2,0.503212722705182,0.199687525619899,-1,2,100,TRUE
"YIL070C",3,0.530579958581462,0.195693337555356,0.932207396046234,3,100,TRUE
"YIL074C",1,0.507590423149366,0.133740245913013,NA,1,100,NA
"YIL078W",2,0.527622495169172,0.0910174608084892,1,2,100,TRUE
"YIL088C",2,0.471282826470503,0.128104470731065,1,2,100,TRUE
"YIL091C",1,0.453364965496506,0.125577430019618,NA,1,100,NA
"YIL092W",2,0.668800455822135,0.160382059948758,1,2,100,TRUE
"YIL093C",2,0.447297464943515,0.17108108680589,1,2,100,TRUE
"YIL094C",2,0.544891691069213,0.206658188877795,1,2,100,TRUE
"YIL096C",3,0.52830991319607,0.154645623467915,0.975243121251099,3,100,TRUE
"YIL097W",1,0.399378573332824,0.00196115399019252,NA,1,100,NA
"YIL098C",6,0.386047652452293,0.214546656675645,NA,6,100,NA
"YIL102C.A",2,0.580669733901328,0.178476316143887,1,2,100,TRUE
"YIL105C",1,0.386426629723566,0.1045766872277,NA,1,100,NA
"YIL110W",3,0.448203950126276,0.12362365713165,-1,3,100,TRUE
"YIL114C",5,0.544655446795005,0.103101365982143,1,5,100,TRUE
"YIL118W",1,0.509960160592106,0.178502354026621,NA,1,100,NA
"YIL119C",1,0.545005497123904,0.2924447955538,NA,1,100,NA
"YIL120W",2,0.537007302927823,0.134325052136769,1,2,100,TRUE
"YIL124W",1,0.635105954906102,0.0316098350233533,NA,1,100,NA
"YIL126W",1,0.450819924683784,0.133286233298284,NA,1,100,NA
"YIL135C",1,0.413362307154026,0.00921784507087528,NA,1,100,NA
"YIL138C",5,0.53546121531776,0.128975653928269,0.813182544591215,5,100,TRUE
"YIL145C",1,0.447995454505836,0.205571870527386,NA,1,100,NA
"YIL148W",1,0.457136468231625,0.151271248036319,NA,1,100,NA
"YIL156W",1,0.40127557783112,0.197032933366902,NA,1,100,NA
"YIL158W",1,0.440329171313607,0.165029387375676,NA,1,100,NA
"YIL159W",1,0.412169202092294,0.122785527194607,NA,1,100,NA
"YIL161W",2,0.567892905457969,0.112012366200228,-1,2,100,TRUE
"YIL169C",3,0.537336629263565,0.315687624848691,0.991227004389229,3,100,TRUE
"YIR004W",4,0.582523933848777,0.110560496739893,0.970970751285446,4,100,TRUE
"YIR008C",1,0.420804663958307,0.0623740285367783,NA,1,100,NA
"YIR010W",2,0.448751714197451,0.145758349460721,-1,2,100,TRUE
"YIR016W",2,0.50396313376551,0.377187142082611,1,2,100,TRUE
"YIR017C",1,0.43034630080122,0.0915729213971511,NA,1,100,NA
"YIR021W",1,0.511492285316908,0.0623238590985938,NA,1,100,NA
"YIR022W",1,0.668986419667661,0.336849871697481,NA,1,100,NA
"YIR026C",3,0.505070793545035,0.201013102304226,-0.806081866410508,3,100,TRUE
"YIR028W",1,0.362999487694977,0.0213214149232952,NA,1,100,NA
"YIR029W",2,0.405244788761779,0.235645760391654,NA,2,100,NA
"YIR030C",1,0.517234015796179,0.0749261113266662,NA,1,100,NA
"YIR033W",2,0.657979504187985,0.40210111512344,1,2,100,TRUE
"YIR035C",3,0.631504380665971,0.285295903859093,0.320756848260526,3,100,FALSE
"YIR042C",10,0.481632515214294,0.305722698173087,0.62289130538806,10,100,TRUE
"YJL001W",1,0.424285862923977,0.129571516561104,NA,1,100,NA
"YJL002C",1,0.426143920317128,0.271791968889606,NA,1,100,NA
"YJL008C",2,0.545483951943597,0.144069314321678,1,2,100,TRUE
"YJL012C",1,0.431797398182708,0.012212509133961,NA,1,100,NA
"YJL014W",1,0.503002215937572,0.373453007678634,NA,1,100,NA
"YJL019W",2,0.475814838989847,0.24583198707337,NA,2,100,NA
"YJL020C",2,0.461977358051878,0.082666479712432,-1,2,100,TRUE
"YJL025W",2,0.481810751602696,0.11061351291964,1,2,100,TRUE
"YJL026W",3,0.643772909786514,0.542193432508699,0.995483957245073,3,100,TRUE
"YJL031C",2,0.71798288408774,0.0803089998287729,1,2,100,TRUE
"YJL033W",1,0.441294081876717,0.0354972569209317,NA,1,100,NA
"YJL034W",1,0.378321938305878,0.0635380797411028,NA,1,100,NA
"YJL039C",1,0.386282937152502,0.170176466484851,NA,1,100,NA
"YJL044C",1,0.394130723968211,0.115824223563927,NA,1,100,NA
"YJL046W",1,0.433572810116214,0.0610510566784353,NA,1,100,NA
"YJL047C",2,0.507776314508548,0.132920208401366,1,2,100,TRUE
"YJL052W",1,0.487600526979969,0.21576861913576,NA,1,100,NA
"YJL055W",2,0.500759572426995,0.112249163215253,-1,2,100,TRUE
"YJL059W",1,0.473703822620839,0.130197696988029,NA,1,100,NA
"YJL063C",2,0.598364072116104,0.0730313579876141,NA,2,100,NA
"YJL065C",3,0.889290499785428,0.395382462052334,0.984480208919482,3,100,TRUE
"YJL073W",1,0.456128274968898,0.0216552799456644,NA,1,100,NA
"YJL076W",3,0.49802572814031,0.0766835925273488,0.482547700608795,3,100,FALSE
"YJL077W.A",1,0.544713091350759,0.213977910743659,NA,1,100,NA
"YJL079C",1,0.615243024728913,0.227931482683807,NA,1,100,NA
"YJL080C",1,0.551921305941446,0.0323521274823792,NA,1,100,NA
"YJL085W",2,0.494370495952157,0.108099039781601,1,2,100,TRUE
"YJL090C",2,0.448927019979944,0.0943844497032876,1,2,100,TRUE
"YJL091C",1,0.483718825022077,0.143972333589499,NA,1,100,NA
"YJL094C",5,0.616163353803309,0.240131840448821,0.911647968300072,5,100,TRUE
"YJL095W",1,0.623136478968094,0.0215169608917675,NA,1,100,NA
"YJL096W",1,0.613807437798136,0.411014137844672,NA,1,100,NA
"YJL097W",1,0.47285510770041,0.00851388169578271,NA,1,100,NA
"YJL101C",1,0.486615750705374,0.208286907006064,NA,1,100,NA
"YJL110C",6,0.546649462596249,0.24021322236168,0.908138955584884,6,100,TRUE
"YJL112W",1,0.429209924760814,0.0521709709186538,NA,1,100,NA
"YJL123C",1,0.472631199902575,0.0270553233703507,NA,1,100,NA
"YJL124C",2,0.496135026176706,0.124688122971094,-1,2,100,TRUE
"YJL127C",1,0.51833479122518,0.015958741591566,NA,1,100,NA
"YJL127C.B",1,0.640589723553878,0.369688284923571,NA,1,100,NA
"YJL128C",1,0.695365726357412,0.0596511062616523,NA,1,100,NA
"YJL134W",2,0.509536733488782,0.0322683839882737,-1,2,100,TRUE
"YJL138C",1,0.579896916210792,0.263043757321169,NA,1,100,NA
"YJL144W",3,0.566749420950028,0.0521324098665436,0.511124129026064,3,100,TRUE
"YJL145W",1,0.749274778640698,0.379167818634875,NA,1,100,NA
"YJL147C",1,0.490562552268356,0.159475406638735,NA,1,100,NA
"YJL148W",1,0.648669196293952,0.0868377101568909,NA,1,100,NA
"YJL159W",1,0.421315660612744,0.0393014070320131,NA,1,100,NA
"YJL161W",3,0.528285304547891,0.104126699609048,0.453124539914221,3,100,FALSE
"YJL164C",1,0.486583368912507,0.0843956285856528,NA,1,100,NA
"YJL165C",5,0.729982289158308,0.121398271317903,-1,5,100,TRUE
"YJL167W",1,0.590717990267743,0.283441752534731,NA,1,100,NA
"YJL171C",2,0.509307794261366,0.21461956800906,1,2,100,TRUE
"YJL174W",2,0.444185880057872,0.07050166220737,-1,2,100,TRUE
"YJL179W",1,0.496833129588311,0.18147391140482,NA,1,100,NA
"YJL180C",1,0.445588173049499,0.235130651945444,NA,1,100,NA
"YJL184W",1,0.458048471188145,0.253432134157522,NA,1,100,NA
"YJL185C",2,0.413527220091519,0.246595803976408,1,2,100,TRUE
"YJL186W",1,0.486849152442838,0.164914992223223,NA,1,100,NA
"YJL189W",3,0.595312328258727,0.146902230096561,0.980106939605846,3,100,TRUE
"YJL190C",1,0.562594443944456,0.148182390366405,NA,1,100,NA
"YJL191W",1,0.498080111460602,0.0421408629738177,NA,1,100,NA
"YJL194W",1,0.534754044940132,0.133317585554204,NA,1,100,NA
"YJL200C",2,0.516251150144529,0.128106474464977,1,2,100,TRUE
"YJL205C",6,0.55556457782018,0.299836637107134,0.0184222527624987,6,100,FALSE
"YJL210W",1,0.550988956523326,0.193794242707856,NA,1,100,NA
"YJL212C",1,0.421530120153614,0.262274030574764,NA,1,100,NA
"YJR002W",1,0.673460001774182,0.015688522655568,NA,1,100,NA
"YJR006W",2,0.544749724955337,0.268338995035029,-1,2,100,TRUE
"YJR009C",3,0.573622669953347,0.306691384714914,0.987659148756488,3,100,TRUE
"YJR011C",1,0.450069261926014,0.0937955445724516,NA,1,100,NA
"YJR012C",1,0.485709479748285,0.00560477152591738,NA,1,100,NA
"YJR015W",2,0.526862440590477,0.185235609919,1,2,100,TRUE
"YJR017C",1,0.555716206449316,0.255089469844707,NA,1,100,NA
"YJR024C",2,0.801798000673213,0.185188226962503,-1,2,100,TRUE
"YJR043C",1,0.406042375346645,0.0789700820851852,NA,1,100,NA
"YJR046W",1,0.475858137080354,0.143486360966249,NA,1,100,NA
"YJR047C",5,0.479921042757702,0.347316194308195,0.988223645873952,5,100,TRUE
"YJR048W",1,0.458943441989665,0.320027480825576,NA,1,100,NA
"YJR052W",1,0.680549626309738,0.193243895772343,NA,1,100,NA
"YJR058C",6,0.831663891316273,0.184668494147829,-0.196574065711959,6,100,FALSE
"YJR059W",1,0.401321822089755,0.0673751436355327,NA,1,100,NA
"YJR064W",1,0.649362943886366,0.420898682403411,NA,1,100,NA
"YJR069C",2,0.556316011803212,0.216322185206197,1,2,100,TRUE
"YJR072C",3,0.523503594942546,0.0682772603673453,-1,3,100,TRUE
"YJR076C",2,0.603490291986313,0.188891309462798,1,2,100,TRUE
"YJR077C",3,0.451403453897646,0.2004178678813,-1,3,100,TRUE
"YJR080C",1,0.530086894704793,0.165671568490437,NA,1,100,NA
"YJR082C",2,0.46230770049793,0.080265524291403,1,2,100,TRUE
"YJR085C",1,0.513019748434351,0.0399593560001437,NA,1,100,NA
"YJR093C",1,0.444608804385556,0.00186814047410329,NA,1,100,NA
"YJR094W.A",2,0.660431755124363,0.24034704147684,NA,2,100,NA
"YJR096W",3,0.438417767711007,0.137589575777691,0.764324762343206,3,100,TRUE
"YJR098C",1,0.401989948947832,0.054252764668071,NA,1,100,NA
"YJR099W",1,0.433525718990747,0.038030933415919,NA,1,100,NA
"YJR100C",1,0.46943818366369,0.118563502365004,NA,1,100,NA
"YJR104C",2,0.544387826073705,0.053891539337123,1,2,100,TRUE
"YJR116W",2,0.453241661618736,0.250751611912997,1,2,100,TRUE
"YJR118C",1,0.624763484393173,0.118577351050717,NA,1,100,NA
"YJR120W",3,0.532290157536733,0.379812064023869,0.995168968339313,3,100,TRUE
"YJR121W",1,0.590407265352102,0.481655765480159,NA,1,100,NA
"YJR122W",1,0.420082640856997,0.0438783952951354,NA,1,100,NA
"YJR125C",1,0.532891538472879,0.102210723952409,NA,1,100,NA
"YJR126C",2,0.445352106213029,0.0777874441777202,1,2,100,TRUE
"YJR127C",2,0.663614899185087,0.168222118999654,1,2,100,TRUE
"YJR129C",3,0.633135671118194,0.285499047090963,-0.966968382329894,3,100,TRUE
"YJR130C",1,0.458883408482083,0.0331612827290653,NA,1,100,NA
"YJR131W",1,0.569039468904349,0.0772538344233428,NA,1,100,NA
"YJR133W",1,0.452915853991274,0.00961692856732056,NA,1,100,NA
"YJR135C",2,0.676392586963755,0.058062513867361,1,2,100,TRUE
"YJR137C",2,0.690930382295356,0.211945218902639,1,2,100,TRUE
"YJR139C",1,0.530211092012329,0.0791922642421093,NA,1,100,NA
"YJR143C",3,0.572112438924515,0.103938457151363,0.845781733464127,3,100,TRUE
"YJR144W",5,0.509747818582073,0.16453772942522,0.641026021533972,5,100,TRUE
"YJR145C",4,0.607199834560231,0.174902574923955,0.99208564533403,4,100,TRUE
"YJR148W",1,0.590869115803697,0.282330065055944,NA,1,100,NA
"YJR152W",1,0.540332678434918,0.106820139806214,NA,1,100,NA
"YJR153W",1,0.312241116112733,0.217149233623024,NA,1,100,NA
"YJR155W",10,0.585827003955038,0.326191014106841,0.894835513370234,10,100,TRUE
"YKL001C",1,0.465119686783035,0.0529013474360594,NA,1,100,NA
"YKL007W",3,0.498070979184523,0.152499317321475,0.999071978235263,3,100,TRUE
"YKL008C",2,0.548298579026326,0.300786843662705,1,2,100,TRUE
"YKL009W",1,0.461581342691549,0.332560094817027,NA,1,100,NA
"YKL011C",1,0.468157090607709,0.0990034020259003,NA,1,100,NA
"YKL012W",1,0.469689694311203,0.133935603519673,NA,1,100,NA
"YKL014C",1,0.676641856399237,0.0863562975334311,NA,1,100,NA
"YKL015W",1,0.603783341031734,0.149279309298814,NA,1,100,NA
"YKL018W",2,0.495749472830781,0.119284938762009,1,2,100,TRUE
"YKL025C",2,0.424325461663458,0.21618014228476,1,2,100,TRUE
"YKL029C",1,0.702230337449075,0.262913407310462,NA,1,100,NA
"YKL033W.A",5,0.510505358534667,0.11843881728427,0.866640344961644,5,100,TRUE
"YKL040C",2,0.539981657614324,0.214670008386908,1,2,100,TRUE
"YKL041W",2,0.407956318548804,0.0861808601382388,1,2,100,TRUE
"YKL043W",4,0.418374005425008,0.112238450047408,0.987312997309273,4,100,TRUE
"YKL047W",2,0.719815801732848,0.100438944572873,-1,2,100,TRUE
"YKL048C",3,0.431126328059944,0.174821632862577,0.82326412205611,3,100,TRUE
"YKL051W",1,0.525521666778129,0.103288870357005,NA,1,100,NA
"YKL053C.A",1,0.477334133571773,0.295433325956658,NA,1,100,NA
"YKL056C",1,0.728133994494634,0.061099306460059,NA,1,100,NA
"YKL061W",2,0.539565762743007,0.126095336530412,1,2,100,TRUE
"YKL062W",1,0.397122290403609,0.0200101335990654,NA,1,100,NA
"YKL065C",1,0.508575015727838,0.149420539879563,NA,1,100,NA
"YKL068W",1,0.571717917932987,0.00886858324716133,NA,1,100,NA
"YKL068W.A",1,0.539629998983722,0.226099966788803,NA,1,100,NA
"YKL072W",1,0.448040093661542,0.018551675432686,NA,1,100,NA
"YKL074C",6,0.478637234707109,0.0336148568084451,NA,6,100,NA
"YKL075C",2,0.574579985611298,0.0444115784184533,1,2,100,TRUE
"YKL077W",5,0.638545590727592,0.0747968306909575,0.959360038642636,5,100,TRUE
"YKL085W",1,0.442473073606153,0.489245340402006,NA,1,100,NA
"YKL087C",4,0.51474436477366,0.225793307568647,0.977720440961191,4,100,TRUE
"YKL089W",1,0.44111648523699,0.0204985442392741,NA,1,100,NA
"YKL090W",1,0.414438527768511,0.162874742301366,NA,1,100,NA
"YKL091C",3,0.613123187312915,0.196658812014038,-0.787813045805296,3,100,TRUE
"YKL094W",1,0.408863109305676,0.206945911145712,NA,1,100,NA
"YKL096W",4,0.468800062631034,0.314901008863653,0.960499243389712,4,100,TRUE
"YKL098W",1,0.411379950718803,0.0782960887661961,NA,1,100,NA
"YKL104C",1,0.478113457627291,0.272163987080511,NA,1,100,NA
"YKL108W",1,0.398082108966622,0.138877828491004,NA,1,100,NA
"YKL110C",1,0.452396769373023,0.218277036682923,NA,1,100,NA
"YKL112W",1,0.653875218008765,0.104594415750185,NA,1,100,NA
"YKL117W",1,0.734561203260884,0.198630818223981,NA,1,100,NA
"YKL122C",1,0.64602949838084,0.345794292948111,NA,1,100,NA
"YKL138C.A",1,0.594865482004015,0.244135880742013,NA,1,100,NA
"YKL139W",1,0.589269389723055,0.0775991897935031,NA,1,100,NA
"YKL140W",1,0.521317080002478,0.0642725845361174,NA,1,100,NA
"YKL141W",3,0.454519597929337,0.257754379566446,0.986201998879501,3,100,TRUE
"YKL142W",1,0.524732309062325,0.169306835186066,NA,1,100,NA
"YKL143W",2,0.545330040131595,0.311179897984129,-1,2,100,TRUE
"YKL150W",2,0.498851906313707,0.132258713585345,-1,2,100,TRUE
"YKL151C",1,0.582296340265502,0.143144263037858,NA,1,100,NA
"YKL152C",3,0.395344917054649,0.242793168321204,1,3,100,TRUE
"YKL156W",2,0.546693673369222,0.0970525242679139,-1,2,100,TRUE
"YKL161C",1,0.545015226047455,0.118140664909363,NA,1,100,NA
"YKL163W",2,0.582156802059925,0.0901649008930282,-1,2,100,TRUE
"YKL166C",1,0.515394466411679,0.0775600011120673,NA,1,100,NA
"YKL170W",1,0.460035326021585,0.150898722664121,NA,1,100,NA
"YKL174C",2,0.480102401778869,0.278456671713146,-1,2,100,TRUE
"YKL176C",1,0.708424952016636,0.115259192044952,NA,1,100,NA
"YKL179C",1,0.419562470332282,0.174603197236468,NA,1,100,NA
"YKL180W",1,0.522425438375509,0.0776132987765672,NA,1,100,NA
"YKL186C",2,0.50256552695594,0.138188910548133,1,2,100,TRUE
"YKL187C",1,0.456916538194476,0.0072244278365992,NA,1,100,NA
"YKL188C",1,0.470037101377709,0.0549367798922558,NA,1,100,NA
"YKL190W",1,0.515923614006259,0.233091549121151,NA,1,100,NA
"YKL191W",3,0.537984544059693,0.0573011081892441,0.983652196859003,3,100,TRUE
"YKL192C",2,0.840266459655489,0.166366445027143,1,2,100,TRUE
"YKL196C",1,0.415519877324658,0.2049523324404,NA,1,100,NA
"YKL201C",1,0.526638949060819,0.334128986721045,NA,1,100,NA
"YKL203C",1,0.390843494944945,0.0389214509055065,NA,1,100,NA
"YKL204W",1,0.438117693300617,0.02428396775487,NA,1,100,NA
"YKL207W",1,0.589670117515234,0.0647899008169318,NA,1,100,NA
"YKL208W",1,0.379237655540707,0.162167282612571,NA,1,100,NA
"YKL215C",1,0.416261847420915,0.013269877118961,NA,1,100,NA
"YKL216W",2,0.492237838353708,0.178658383121172,-1,2,100,TRUE
"YKL217W",2,0.426466966252196,0.0868318454494645,1,2,100,TRUE
"YKL219W",3,0.612056583830634,0.13476868048693,0.977827134722395,3,100,TRUE
"YKL222C",1,0.507269545425596,0.0706090808665919,NA,1,100,NA
"YKR001C",1,0.596821617603261,0.0495343458892471,NA,1,100,NA
"YKR002W",1,0.44778408469889,0.288024908338653,NA,1,100,NA
"YKR008W",1,0.488577006936916,0.0853205632304631,NA,1,100,NA
"YKR009C",1,0.424817117823619,0.191268515683553,NA,1,100,NA
"YKR013W",1,0.506565726432589,0.168898829396134,NA,1,100,NA
"YKR014C",1,0.394254586015254,0.230724844975694,NA,1,100,NA
"YKR023W",1,0.479464355248367,0.0124977124417681,NA,1,100,NA
"YKR028W",1,0.563905842210794,0.0598445817202117,NA,1,100,NA
"YKR038C",1,0.643711368183544,0.153814195258173,NA,1,100,NA
"YKR041W",1,0.405425322605282,0.173324229239156,NA,1,100,NA
"YKR042W",2,0.605533634140061,0.439646684157859,-1,2,100,TRUE
"YKR046C",4,0.611556435050035,0.2254116805935,0.737248209564452,4,100,TRUE
"YKR049C",2,0.551847285841432,0.187075979492538,1,2,100,TRUE
"YKR052C",1,0.506590613418412,0.272068856529133,NA,1,100,NA
"YKR054C",2,0.428905014718746,0.134027174909492,-1,2,100,TRUE
"YKR056W",1,0.572131084408476,0.0108181316386524,NA,1,100,NA
"YKR058W",2,0.54393970137025,0.150764154700425,1,2,100,TRUE
"YKR061W",1,0.652637981580073,0.0208149611681775,NA,1,100,NA
"YKR070W",1,0.465606226978475,0.029608182022912,NA,1,100,NA
"YKR071C",7,0.470646908389868,0.356725022898,0.940621293405253,7,100,TRUE
"YKR072C",1,0.467411705232946,0.0939459360809724,NA,1,100,NA
"YKR075C",4,0.561880245353119,0.2266784079539,-0.919442565532806,4,100,TRUE
"YKR078W",2,0.456733647514578,0.0847972381242097,1,2,100,TRUE
"YKR079C",1,0.769550758684082,0.13561688142794,NA,1,100,NA
"YKR084C",1,0.479458789441779,0.0839382418392509,NA,1,100,NA
"YKR086W",1,0.519349658207162,0.148624346311108,NA,1,100,NA
"YKR087C",5,0.575372298788901,0.251242246103493,-0.0263626607193811,5,100,FALSE
"YKR090W",2,0.592395302204106,0.138078901559497,1,2,100,TRUE
"YKR091W",5,0.649674398260198,0.119874302624138,-0.731159829598264,5,100,TRUE
"YKR093W",2,0.840410653483276,0.36088778595419,1,2,100,TRUE
"YKR099W",1,0.538601001193952,0.205529155484618,NA,1,100,NA
"YKR103W",8,0.486455963653099,0.2277588774213,0.986223921020679,8,100,TRUE
"YLL003W",1,0.656823002007088,0.232353326210136,NA,1,100,NA
"YLL008W",1,0.746853649384321,0.1013145787209,NA,1,100,NA
"YLL009C",2,0.543564022970499,0.278894384522079,1,2,100,TRUE
"YLL011W",2,0.478278367395084,0.04524390049365,NA,2,100,NA
"YLL015W",1,0.458526120278968,0.0683698357983564,NA,1,100,NA
"YLL025W",1,0.416989616491211,0.0162926608797307,NA,1,100,NA
"YLL028W",2,0.661318020913804,0.0791857688457014,-1,2,100,TRUE
"YLL029W",1,0.606388119355981,0.0547788526776586,NA,1,100,NA
"YLL032C",1,0.532421168796003,0.0338595669552803,NA,1,100,NA
"YLL039C",1,0.429636224149677,0.00819875818005707,NA,1,100,NA
"YLL041C",2,0.51853361933717,0.35468481556773,NA,2,100,NA
"YLL045C",1,0.441874526209823,0.338437364430419,NA,1,100,NA
"YLL048C",1,0.545208595184395,0.17810385226401,NA,1,100,NA
"YLL049W",3,0.53518072291473,0.145855141931525,0.00773645401710344,3,100,FALSE
"YLL053C",3,0.5796345950733,0.406853446124384,0.814356602587201,3,100,TRUE
"YLL054C",9,0.50166181701996,0.143827875549972,0.532886758556489,9,100,TRUE
"YLL055W",2,0.474126337702687,0.108355374842551,-1,2,100,TRUE
"YLL058W",1,0.488252377775047,0.113813117345056,NA,1,100,NA
"YLL061W",6,0.465117621418643,0.350372036901087,0.992052879076686,6,100,TRUE
"YLL062C",3,0.394695704832678,0.0401353976703296,NA,3,100,NA
"YLR006C",2,0.652811253730885,0.0886106680330186,1,2,100,TRUE
"YLR010C",1,0.469504342507811,0.0522021886565061,NA,1,100,NA
"YLR023C",1,0.70020632985318,0.0365888457617551,NA,1,100,NA
"YLR025W",3,0.691124478675263,0.0975380824087307,0.939736993086647,3,100,TRUE
"YLR027C",4,0.471205661200965,0.0708151176036016,0.71082282500655,4,100,TRUE
"YLR038C",2,0.428954449852121,0.37911464455489,1,2,100,TRUE
"YLR040C",3,0.529757616304115,0.215220163796637,0.682895562452017,3,100,TRUE
"YLR044C",2,0.513899945595462,0.232912443359225,1,2,100,TRUE
"YLR046C",1,0.524058580834814,0.199480487356945,NA,1,100,NA
"YLR050C",2,0.447243342191495,0.122832160087536,1,2,100,TRUE
"YLR058C",4,0.526978850321168,0.231473241443486,1,4,100,TRUE
"YLR060W",2,0.522537006361615,0.0409609180202158,-1,2,100,TRUE
"YLR068W",2,0.622610162532473,0.0852303797652537,-1,2,100,TRUE
"YLR070C",1,0.580199383664227,0.147750980531488,NA,1,100,NA
"YLR074C",2,0.545471364000744,0.0969765596312818,-1,2,100,TRUE
"YLR075W",1,0.489947189737722,0.31924777796734,NA,1,100,NA
"YLR078C",1,0.492118355741772,0.199384308497013,NA,1,100,NA
"YLR079W",2,0.590200951042185,0.1663422745483,-1,2,100,TRUE
"YLR080W",1,0.484131143227722,0.108433775425531,NA,1,100,NA
"YLR083C",1,0.75392257852781,0.00975617640375785,NA,1,100,NA
"YLR089C",1,0.466643602722953,0.199009269110842,NA,1,100,NA
"YLR091W",1,0.702068406937588,0.174976021898994,NA,1,100,NA
"YLR096W",1,0.404694153749864,0.0204451636316056,NA,1,100,NA
"YLR100W",2,0.559169878720579,0.0623923879230533,1,2,100,TRUE
"YLR108C",1,0.483297602455845,0.266536268640359,NA,1,100,NA
"YLR110C",7,0.576449892191143,0.27361844602646,0.279208696789328,7,100,FALSE
"YLR118C",1,0.484375386128574,0.254847966254084,NA,1,100,NA
"YLR120C",1,0.646069453332872,0.0474676775429425,NA,1,100,NA
"YLR121C",2,0.459893094557089,0.20494120950335,1,2,100,TRUE
"YLR129W",5,0.620048049444696,0.153881053323401,0.174441714431627,5,100,FALSE
"YLR130C",2,0.55323898070279,0.131144736775804,1,2,100,TRUE
"YLR131C",3,0.42531053492551,0.184009485327331,0.290019347634596,3,100,FALSE
"YLR134W",3,0.550221489292469,0.358207761360308,-0.999969192960039,3,100,TRUE
"YLR136C",4,0.527134777850535,0.110751529441755,0.902165352706869,4,100,TRUE
"YLR139C",6,0.77047815193575,0.0517772958471377,0.749108746417569,6,100,TRUE
"YLR141W",1,0.451231191733385,0.0981414828954395,NA,1,100,NA
"YLR143W",1,0.419144981686702,0.0360921374793637,NA,1,100,NA
"YLR151C",1,0.456367377493742,0.334254945314714,NA,1,100,NA
"YLR152C",1,0.633819862265986,0.0401299146549252,NA,1,100,NA
"YLR153C",1,0.993772444113511,0.0790388885767421,NA,1,100,NA
"YLR154C",1,0.689874418655894,0.567019076727212,NA,1,100,NA
"YLR163C",1,0.431662976188251,0.140840270194493,NA,1,100,NA
"YLR166C",3,0.533310203288964,0.00697977158544288,1,3,100,TRUE
"YLR167W",1,0.485202594568909,0.308800456077458,NA,1,100,NA
"YLR175W",2,0.470249903531607,0.101735571123365,1,2,100,TRUE
"YLR179C",10,0.635961767933638,0.604230665226961,0.930412579228556,10,100,TRUE
"YLR186W",1,0.562633944551628,0.249435290405661,NA,1,100,NA
"YLR187W",2,0.537758522058915,0.191555348277563,1,2,100,TRUE
"YLR188W",1,0.407557283810276,0.0890631498911428,NA,1,100,NA
"YLR192C",2,0.539562896058464,0.186824310887595,1,2,100,TRUE
"YLR194C",1,0.468432539968002,0.203738519284221,NA,1,100,NA
"YLR197W",1,0.449932931543723,0.376639860606518,NA,1,100,NA
"YLR204W",1,0.491545641821605,0.240738919999718,NA,1,100,NA
"YLR205C",1,0.481989954779513,0.108199229566182,NA,1,100,NA
"YLR209C",1,0.681839903339018,0.130295721694825,NA,1,100,NA
"YLR213C",1,0.438903782129725,0.00544090150167614,NA,1,100,NA
"YLR214W",2,0.580491069514988,0.0213073030150278,1,2,100,TRUE
"YLR216C",1,0.696063886831658,0.262075863097743,NA,1,100,NA
"YLR221C",3,0.560834805014816,0.179475539158464,0.755107374233039,3,100,TRUE
"YLR222C",1,0.49742730664591,0.0703254894451772,NA,1,100,NA
"YLR227C",2,0.429660282398455,0.0226578356790842,NA,2,100,NA
"YLR237W",1,0.831861633546652,0.132077706715825,NA,1,100,NA
"YLR243W",1,0.605998070801235,0.205720846879579,NA,1,100,NA
"YLR246W",3,0.596793327811221,0.123435528789123,0.994563930383825,3,100,TRUE
"YLR247C",3,0.6835184855515,0.0764498098247958,0.0944115227207034,3,100,FALSE
"YLR248W",2,0.52603886233982,0.130819195598191,1,2,100,TRUE
"YLR249W",2,0.664918130359048,0.0976817021075049,1,2,100,TRUE
"YLR250W",2,0.674188106795,0.0707478415419901,1,2,100,TRUE
"YLR254C",2,0.450233147153779,0.264019259066244,1,2,100,TRUE
"YLR258W",1,0.495100595592006,0.156015255081865,NA,1,100,NA
"YLR259C",1,0.466313306103188,0.344609110420854,NA,1,100,NA
"YLR268W",3,0.431424558445077,0.243409344768199,1,3,100,TRUE
"YLR276C",1,0.676440292228411,0.0636302207750772,NA,1,100,NA
"YLR278C",2,0.627019612331226,0.126077400605114,1,2,100,TRUE
"YLR283W",2,0.527264771652991,0.126372633969647,1,2,100,TRUE
"YLR285W",1,0.459120527713759,0.111961889990281,NA,1,100,NA
"YLR287C",1,0.60072082957192,0.0352127692115748,NA,1,100,NA
"YLR287C.A",1,0.389350277921376,0.278882781544632,NA,1,100,NA
"YLR292C",1,0.508653295796222,0.193761466472932,NA,1,100,NA
"YLR293C",1,0.460884812465303,0.141789851437008,NA,1,100,NA
"YLR295C",2,0.604094378157093,0.293156623742057,1,2,100,TRUE
"YLR297W",1,0.435974706966444,0.173276971954084,NA,1,100,NA
"YLR300W",2,0.615547776335218,0.502252366822839,-1,2,100,TRUE
"YLR304C",1,0.514557868295277,0.132038070821076,NA,1,100,NA
"YLR306W",1,0.45664757926633,0.105603492177552,NA,1,100,NA
"YLR325C",1,0.541016238991955,0.0511927112439482,NA,1,100,NA
"YLR327C",2,0.532730455744017,0.116776364872074,1,2,100,TRUE
"YLR328W",4,0.527517065661034,0.203727326447277,0.929141350088651,4,100,TRUE
"YLR330W",3,0.576674920887979,0.358261538644752,0.999795565998194,3,100,TRUE
"YLR337C",1,0.617147489819967,0.192142949442794,NA,1,100,NA
"YLR342W",1,0.495223382568908,0.0987961989528863,NA,1,100,NA
"YLR343W",1,0.519706410915273,0.294331468549042,NA,1,100,NA
"YLR344W",1,0.428102945837609,0.0338526196099145,NA,1,100,NA
"YLR346C",1,0.541840067096597,0.326911447405069,NA,1,100,NA
"YLR348C",2,0.476458196026795,0.132725881452042,-1,2,100,TRUE
"YLR351C",2,0.557380637376196,0.134804108114356,1,2,100,TRUE
"YLR353W",1,0.459038006314449,0.0827550757206325,NA,1,100,NA
"YLR354C",1,0.419293815345686,0.0885899157398476,NA,1,100,NA
"YLR355C",1,0.624685140737853,0.299006935496912,NA,1,100,NA
"YLR359W",1,0.511087361254217,0.260576691028699,NA,1,100,NA
"YLR363W.A",1,0.578616576903537,0.10626327302328,NA,1,100,NA
"YLR364W",1,0.529475415514832,0.117465556073219,NA,1,100,NA
"YLR370C",1,0.496307919092522,0.023060005715179,NA,1,100,NA
"YLR378C",2,0.624773785259072,0.0588930814656394,1,2,100,TRUE
"YLR380W",2,0.475881309734924,0.195960223624103,1,2,100,TRUE
"YLR383W",1,0.423727025366518,0.0290033528296395,NA,1,100,NA
"YLR384C",1,0.529899214971019,0.28209933645042,NA,1,100,NA
"YLR387C",3,0.445706250523948,0.143080142377772,0.957003959450313,3,100,TRUE
"YLR388W",1,0.647310406552873,0.220420566759395,NA,1,100,NA
"YLR389C",2,0.435349214848482,0.122210455255237,1,2,100,TRUE
"YLR390W",1,0.439162966220993,0.402705650307117,NA,1,100,NA
"YLR390W.A",2,0.63821477286677,0.197385181767341,1,2,100,TRUE
"YLR395C",5,0.660611742833243,0.419576564900062,0.994668634744123,5,100,TRUE
"YLR398C",2,0.420043745036017,0.28970935242791,NA,2,100,NA
"YLR406C",1,0.407146315808632,0.202174060908903,NA,1,100,NA
"YLR409C",1,0.619480483917259,0.0389946801483697,NA,1,100,NA
"YLR411W",1,0.435960050679316,0.112822090708309,NA,1,100,NA
"YLR413W",1,0.549643179934069,0.400572603076368,NA,1,100,NA
"YLR414C",4,0.518250196862893,0.167113215299668,-0.15543340561283,4,100,FALSE
"YLR421C",2,0.707047998517715,0.305969887791035,1,2,100,TRUE
"YLR423C",1,0.404159037799074,0.100686014825969,NA,1,100,NA
"YLR426W",1,0.425288315051826,0.0939187889908748,NA,1,100,NA
"YLR429W",1,0.646723389454864,0.159255969484022,NA,1,100,NA
"YLR430W",3,0.670210804038356,0.084112001611218,-0.971944500563081,3,100,TRUE
"YLR432W",2,0.470680228496894,0.0612545711467817,-1,2,100,TRUE
"YLR433C",1,0.419375259995828,0.0375595578139624,NA,1,100,NA
"YLR441C",2,0.444583796895874,0.294915419707746,-1,2,100,TRUE
"YLR448W",1,0.458723098998227,0.188670156466097,NA,1,100,NA
"YLR449W",1,0.427374380102732,0.239807748049587,NA,1,100,NA
"YLR452C",1,0.536523110397517,0.0890769143112911,NA,1,100,NA
"YML001W",2,0.386044561789113,0.233439456578323,1,2,100,TRUE
"YML007C.A",3,0.575530451344153,0.113976565436288,0.873929091813448,3,100,TRUE
"YML008C",1,0.644826275882366,0.117851637111654,NA,1,100,NA
"YML012W",1,0.525758041275319,0.0514902100566561,NA,1,100,NA
"YML018C",1,0.475981303601803,0.194095715032815,NA,1,100,NA
"YML021C",1,0.411499539344918,0.0326011545691742,NA,1,100,NA
"YML025C",3,0.52780909567053,0.190768180477385,0.92386402304387,3,100,TRUE
"YML035C",2,0.704603614533,0.18856907123953,1,2,100,TRUE
"YML037C",1,0.480819884504367,0.024777780300303,NA,1,100,NA
"YML049C",2,0.579356340690901,0.134701998410337,1,2,100,TRUE
"YML053C",2,0.477658435216309,0.0240709167735508,1,2,100,TRUE
"YML055W",1,0.602120046906343,0.104108139037515,NA,1,100,NA
"YML057W",2,0.523222267205016,0.084273596174593,1,2,100,TRUE
"YML059C",1,0.416467096972183,0.238986422975628,NA,1,100,NA
"YML060W",5,0.404595860301941,0.0704591984421246,0.980718472754272,5,100,TRUE
"YML067C",1,0.390756591947281,0.316635020769594,NA,1,100,NA
"YML073C",1,0.744585408114918,0.0736483133825335,NA,1,100,NA
"YML075C",2,0.603422245250254,0.139429168597926,-1,2,100,TRUE
"YML078W",3,0.474525546857616,0.18283556756875,0.618339814989476,3,100,TRUE
"YML081C.A",1,0.420001337865044,0.196727235234102,NA,1,100,NA
"YML081W",2,0.533183268114531,0.139903917669154,-1,2,100,TRUE
"YML086C",4,0.554307701321697,0.249415640239792,0.887608519647528,4,100,TRUE
"YML091C",1,0.485847245656474,0.192467736314764,NA,1,100,NA
"YML092C",2,0.577311789771933,0.147200310571027,1,2,100,TRUE
"YML097C",1,0.370225539268064,0.349756802118219,NA,1,100,NA
"YML100W",2,0.482632994669931,0.155851891679744,-1,2,100,TRUE
"YML114C",1,0.443326402494932,0.0694875134158706,NA,1,100,NA
"YML116W",1,0.466663139032968,0.233297138324134,NA,1,100,NA
"YML124C",2,0.465103007525316,0.310326767926512,NA,2,100,NA
"YML125C",1,0.394886001719046,0.131826975965025,NA,1,100,NA
"YML126C",3,0.612763854312123,0.353146110227766,0.524794739883162,3,100,TRUE
"YMR001C.A",3,0.638813255603026,0.0184349764361028,1,3,100,TRUE
"YMR002W",11,0.755475842435473,0.476860753137456,1,11,100,TRUE
"YMR003W",1,0.412717591387863,0.0849258131310916,NA,1,100,NA
"YMR005W",2,0.435401894542712,0.0528865020164975,1,2,100,TRUE
"YMR006C",2,0.52043270346619,0.309776187641658,1,2,100,TRUE
"YMR008C",2,0.562674184870059,0.0596250323055533,1,2,100,TRUE
"YMR011W",5,0.622680088547204,0.384048947324367,1,5,100,TRUE
"YMR012W",1,0.463849692858483,0.0867124226940871,NA,1,100,NA
"YMR014W",1,0.392604838771444,0.160988765229146,NA,1,100,NA
"YMR015C",1,0.635129833558888,0.16661728024889,NA,1,100,NA
"YMR020W",1,0.611707242132767,0.0775444952000195,NA,1,100,NA
"YMR023C",2,0.49849465391007,0.0516284059734935,-1,2,100,TRUE
"YMR024W",3,0.477341489189419,0.0836906353988381,0.998344821364395,3,100,TRUE
"YMR027W",1,0.476478729315384,0.297544037877993,NA,1,100,NA
"YMR029C",1,0.43809562830329,0.0423502110125247,NA,1,100,NA
"YMR030W.A",1,0.467500228730704,0.00430058929301279,NA,1,100,NA
"YMR034C",3,0.583863202317109,0.154931587744593,0.998042690477987,3,100,TRUE
"YMR037C",1,0.479228137005692,0.114380439310074,NA,1,100,NA
"YMR038C",3,0.514476239843177,0.318939791691214,-0.836867760463608,3,100,TRUE
"YMR039C",4,0.622644014343423,0.28177465513316,0.992350738239174,4,100,TRUE
"YMR042W",3,0.598830279528687,0.0925833824788433,0.910132415513848,3,100,TRUE
"YMR043W",3,0.475412844224627,0.303515322778768,0.99999136286813,3,100,TRUE
"YMR049C",1,0.425377192568889,0.0513641879933917,NA,1,100,NA
"YMR058W",2,0.581789752933803,0.195809912787791,1,2,100,TRUE
"YMR060C",1,0.460114573859014,0.142275950048071,NA,1,100,NA
"YMR070W",3,0.707330576556794,0.101919447914432,0.7487484856323,3,100,TRUE
"YMR081C",2,0.667173839970469,0.205620870521223,1,2,100,TRUE
"YMR083W",3,0.550897349126691,0.131987019967637,0.999931287989895,3,100,TRUE
"YMR086W",2,0.448124590236305,0.119649590160561,-1,2,100,TRUE
"YMR089C",3,0.517553204201417,0.300161706142107,-1,3,100,TRUE
"YMR108W",1,0.657085062833543,0.0931027057090935,NA,1,100,NA
"YMR110C",1,0.383404845853167,0.0583117480017218,NA,1,100,NA
"YMR111C",1,0.472271145689047,0.0791393397190804,NA,1,100,NA
"YMR115W",3,0.423796470696823,0.0995327413295505,1,3,100,TRUE
"YMR116C",1,0.536482190057663,0.202284720155343,NA,1,100,NA
"YMR120C",4,0.478975608930012,0.0929522416596854,1,4,100,TRUE
"YMR121C",1,0.445950353630867,0.00924472023593434,NA,1,100,NA
"YMR124W",4,0.581308309058249,0.104731915342087,0.909615257749242,4,100,TRUE
"YMR128W",2,0.507136681237346,0.0474569260086744,-1,2,100,TRUE
"YMR129W",1,0.451670819405551,0.171670494522727,NA,1,100,NA
"YMR134W",2,0.559489502381935,0.201352868706726,1,2,100,TRUE
"YMR135C",1,0.420354757625938,0.0634940903284246,NA,1,100,NA
"YMR137C",1,0.452958363534864,0.0170847087063146,NA,1,100,NA
"YMR145C",2,0.461481995965649,0.424694614274664,1,2,100,TRUE
"YMR150C",1,0.540348848404442,0.141521049318609,NA,1,100,NA
"YMR152W",1,0.418777238069529,0.246140848039925,NA,1,100,NA
"YMR157C",2,0.54146848009643,0.0867419396181147,1,2,100,TRUE
"YMR160W",1,0.504275330737962,0.177107724075196,NA,1,100,NA
"YMR162C",1,0.631376946753213,0.175653033913458,NA,1,100,NA
"YMR166C",4,0.437473118460485,0.0968146834406792,0.999235584238539,4,100,TRUE
"YMR170C",1,0.450300663545264,0.264395339887687,NA,1,100,NA
"YMR173W",1,0.474338811157378,0.390820216244223,NA,1,100,NA
"YMR177W",1,0.49195610458654,0.164755438823149,NA,1,100,NA
"YMR178W",8,0.782532124587784,0.223744308064418,0.66564286688226,8,100,TRUE
"YMR180C",2,0.414690862856346,0.166618141486072,-1,2,100,TRUE
"YMR181C",1,0.695256346936498,0.0766833902558409,NA,1,100,NA
"YMR183C",3,0.55092475189179,0.217516993685536,0.929272422138957,3,100,TRUE
"YMR184W",1,0.42109911840272,0.066951735231837,NA,1,100,NA
"YMR185W",1,0.412264399810791,0.10195955129779,NA,1,100,NA
"YMR188C",1,0.508220219870183,0.27832776069898,NA,1,100,NA
"YMR192W",1,0.451194756009686,0.191910412017519,NA,1,100,NA
"YMR194C.B",1,0.402371319144893,0.116676998498209,NA,1,100,NA
"YMR198W",2,0.372547621166291,0.0227235747003522,NA,2,100,NA
"YMR200W",1,0.490683868008899,0.069827119890057,NA,1,100,NA
"YMR203W",1,0.433309201768429,0.1202623507425,NA,1,100,NA
"YMR205C",1,0.569913395640562,0.188692531596351,NA,1,100,NA
"YMR207C",1,0.38156506727725,0.00302964655809087,NA,1,100,NA
"YMR211W",10,0.616093052196376,0.0756508522198779,0.61646544238294,10,100,TRUE
"YMR214W",2,0.561200763059534,0.247632108205559,-1,2,100,TRUE
"YMR215W",4,0.4792151772542,0.217897570992717,0.89004332536279,4,100,TRUE
"YMR216C",1,0.828403210126652,0.301711754414468,NA,1,100,NA
"YMR217W",2,0.519557436516086,0.258423355989994,1,2,100,TRUE
"YMR230W.A",1,0.509099907331483,0.171190755876637,NA,1,100,NA
"YMR234W",1,0.39237469524234,0.142860194397564,NA,1,100,NA
"YMR236W",1,0.59510097299512,0.102837938697341,NA,1,100,NA
"YMR241W",1,0.584229749849664,0.510901506241573,NA,1,100,NA
"YMR243C",2,0.655167252929569,0.102790318936004,-1,2,100,TRUE
"YMR246W",5,0.602729346939772,0.287650801557506,0.0551395319631059,5,100,FALSE
"YMR251W.A",2,0.546504693277118,0.209304765794379,-1,2,100,TRUE
"YMR255W",1,0.420631832135342,0.0755820536895206,NA,1,100,NA
"YMR256C",1,0.549538015761395,0.445975314713675,NA,1,100,NA
"YMR257C",1,0.443962481727739,0.158135192654,NA,1,100,NA
"YMR259C",1,0.374570464171319,0.15111749990468,NA,1,100,NA
"YMR260C",1,0.485246738053589,0.144116307717788,NA,1,100,NA
"YMR262W",1,0.39500275672495,0.0801399933736169,NA,1,100,NA
"YMR265C",5,0.634783820258163,0.264505350357982,0.730621535845627,5,100,TRUE
"YMR266W",5,0.433802131842828,0.331827583329814,0.978132146096873,5,100,TRUE
"YMR274C",3,0.526304479350784,0.0947539597863664,0.84780674154015,3,100,TRUE
"YMR278W",1,0.524318261718146,0.0492717850302875,NA,1,100,NA
"YMR280C",1,0.385171117128628,0.0728263241917794,NA,1,100,NA
"YMR281W",1,0.459747163911876,0.018528322812214,NA,1,100,NA
"YMR282C",2,0.469897845308084,0.0332712208540061,NA,2,100,NA
"YMR283C",1,0.407269261775833,0.0564238482710985,NA,1,100,NA
"YMR284W",1,0.418635329960882,0.00835009616871443,NA,1,100,NA
"YMR286W",1,0.534758496190541,0.199657260361357,NA,1,100,NA
"YMR290C",1,0.517189661367026,0.0269620450470907,NA,1,100,NA
"YMR293C",1,0.443677357518265,0.00921598256310742,NA,1,100,NA
"YMR297W",1,0.46907740170482,0.101061122518554,NA,1,100,NA
"YMR301C",1,0.411089207622806,0.0849689572122262,NA,1,100,NA
"YMR302C",1,0.452594267221442,0.102857603218478,NA,1,100,NA
"YMR303C",8,0.600885410103235,0.204384467285375,0.897166808305092,8,100,TRUE
"YMR307W",4,0.512134897316031,0.100824139082955,0.992125455015418,4,100,TRUE
"YMR309C",3,0.636198857878523,0.217197521254986,-0.82843008129351,3,100,TRUE
"YMR310C",2,0.428964981417265,0.0800585982365926,1,2,100,TRUE
"YMR314W",3,0.610781405979434,0.0758691680746821,1,3,100,TRUE
"YMR316W",3,0.612674546324497,0.182296471250031,0.960899236468652,3,100,TRUE
"YMR317W",5,0.510511177933288,0.0460994805789443,0.973423046420998,5,100,TRUE
"YMR318C",1,0.386503310040806,0.418774086001135,NA,1,100,NA
"YMR319C",2,0.440316039038615,0.0969584132593047,1,2,100,TRUE
"YMR321C",1,0.580326436313908,0.50183150386136,NA,1,100,NA
"YNL005C",3,0.566185511359315,0.105644879721518,-1,3,100,TRUE
"YNL006W",2,0.6244090594859,0.0278359821576018,NA,2,100,NA
"YNL007C",8,0.502182003262578,0.24449181369212,0.953894976665984,8,100,TRUE
"YNL015W",2,0.453266775147815,0.338161980335311,1,2,100,TRUE
"YNL016W",1,0.482873936704927,0.158439714389187,NA,1,100,NA
"YNL021W",1,0.458448327071573,0.105118278046224,NA,1,100,NA
"YNL022C",1,0.379830900277074,0.00771660904203987,NA,1,100,NA
"YNL023C",2,0.633705217285454,0.0519584310491129,NA,2,100,NA
"YNL024C",1,0.522395035202693,0.0277674447853627,NA,1,100,NA
"YNL024C.A",1,0.380457262980184,0.263760788133536,NA,1,100,NA
"YNL025C",1,0.63391481815508,0.0411757059460212,NA,1,100,NA
"YNL027W",1,0.489547352050711,0.092066693615201,NA,1,100,NA
"YNL029C",1,0.403813767243663,0.03381622554047,NA,1,100,NA
"YNL035C",1,0.559170134201989,0.0520516366152524,NA,1,100,NA
"YNL040W",3,0.689781520110831,0.161011697233789,0.949229330969965,3,100,TRUE
"YNL042W",1,0.661195579233688,0.0952958251280448,NA,1,100,NA
"YNL045W",1,0.445879132744272,0.422391258688975,NA,1,100,NA
"YNL046W",1,0.385981389810751,0.0224363469020392,NA,1,100,NA
"YNL052W",1,0.457535478014668,0.2087672048171,NA,1,100,NA
"YNL055C",1,0.486235411928127,0.0604863987041481,NA,1,100,NA
"YNL056W",1,0.53006420637157,0.486760743277569,NA,1,100,NA
"YNL061W",1,0.60965770849126,0.031716628202634,NA,1,100,NA
"YNL065W",4,0.599127711831115,0.13677888905905,0.896686342577278,4,100,TRUE
"YNL066W",4,0.501572804625584,0.130298636154753,0.980478271236809,4,100,TRUE
"YNL067W",1,0.680427446640131,0.277167427169118,NA,1,100,NA
"YNL070W",1,0.522595108061276,0.0756887003431071,NA,1,100,NA
"YNL074C",2,0.438564082464201,0.169436672692187,1,2,100,TRUE
"YNL079C",2,0.416376906804307,0.272223571178765,-1,2,100,TRUE
"YNL085W",3,0.596868264763589,0.132598537128457,-0.617383569106086,3,100,TRUE
"YNL087W",1,0.485980499485805,0.260310373703189,NA,1,100,NA
"YNL088W",3,0.418027253699288,0.146884984313067,1,3,100,TRUE
"YNL090W",2,0.67813304609556,0.23608762589495,1,2,100,TRUE
"YNL098C",4,0.596405988371567,0.0880612445817753,0.788817164317747,4,100,TRUE
"YNL100W",1,0.545616757169311,0.261675236409348,NA,1,100,NA
"YNL106C",2,0.431242456418363,0.0964125146656654,1,2,100,TRUE
"YNL108C",1,0.480156997100737,0.139127247566926,NA,1,100,NA
"YNL111C",3,0.608400024997184,0.179281215950184,-1,3,100,TRUE
"YNL119W",1,0.545407595886314,0.0171586120575703,NA,1,100,NA
"YNL130C",1,0.599482172498185,0.00709648132440997,NA,1,100,NA
"YNL131W",1,0.516564655363756,0.0222589565456796,NA,1,100,NA
"YNL132W",1,0.578096350170567,0.237850494778563,NA,1,100,NA
"YNL134C",1,0.653677196237734,0.422449198553171,NA,1,100,NA
"YNL136W",1,0.48684982707016,0.0487860041479945,NA,1,100,NA
"YNL139C",2,0.41333833353708,0.0558599281752798,1,2,100,TRUE
"YNL141W",2,0.432106459297156,0.259794242929131,1,2,100,TRUE
"YNL142W",1,0.54473648356421,0.543675861829054,NA,1,100,NA
"YNL148C",1,0.352013596029879,0.0358310325849951,NA,1,100,NA
"YNL149C",1,0.522307337477168,0.216671639386988,NA,1,100,NA
"YNL151C",1,0.644639634242342,0.0265498645150891,NA,1,100,NA
"YNL154C",1,0.579131557737745,0.231114329506205,NA,1,100,NA
"YNL155W",1,0.549839275625521,0.193888593577774,NA,1,100,NA
"YNL156C",1,0.578352620343209,0.108796065137933,NA,1,100,NA
"YNL162W",1,0.542530736248513,0.0660476452984298,NA,1,100,NA
"YNL162W.A",1,0.504184750812058,0.0450344163111053,NA,1,100,NA
"YNL164C",1,0.592643595285942,0.116135598384272,NA,1,100,NA
"YNL165W",2,0.355364014883009,0.115382860111146,NA,2,100,NA
"YNL168C",1,0.600492423320524,0.157508878035327,NA,1,100,NA
"YNL169C",1,0.518087858557298,0.0393423534206748,NA,1,100,NA
"YNL175C",1,0.540226647422277,0.0972714217542717,NA,1,100,NA
"YNL182C",1,0.500402170669915,0.219999221761445,NA,1,100,NA
"YNL190W",1,0.670185423514296,0.136120047580953,NA,1,100,NA
"YNL191W",1,0.488659340113047,0.0398208476288113,NA,1,100,NA
"YNL192W",3,0.452826801056325,0.153693783760909,0.99538661164025,3,100,TRUE
"YNL193W",1,0.529745934857799,0.0652913218468957,NA,1,100,NA
"YNL197C",1,0.476312937960731,0.280070161070939,NA,1,100,NA
"YNL200C",1,0.666960269449364,0.0902419122522449,NA,1,100,NA
"YNL207W",2,0.472424267400422,0.181311855036713,1,2,100,TRUE
"YNL208W",1,0.763500293962624,0.295579895447756,NA,1,100,NA
"YNL209W",1,0.560156548780943,0.0837735814403428,NA,1,100,NA
"YNL211C",1,0.449873501122278,0.0288483510963155,NA,1,100,NA
"YNL212W",1,0.536479263144605,0.158399078850176,NA,1,100,NA
"YNL217W",3,0.627888221935074,0.156467831910123,1,3,100,TRUE
"YNL219C",1,0.484228162463902,0.0477543660544805,NA,1,100,NA
"YNL220W",1,0.584549000242334,0.132242752256989,NA,1,100,NA
"YNL222W",2,0.560945467831432,0.0992621258984881,-1,2,100,TRUE
"YNL229C",1,0.586086700201403,0.166805695588033,NA,1,100,NA
"YNL231C",3,0.616607149057562,0.134204105775272,0.0581757447517079,3,100,FALSE
"YNL236W",1,0.559115332650481,0.0664842214768702,NA,1,100,NA
"YNL237W",1,0.403416850709851,0.108557306247742,NA,1,100,NA
"YNL240C",4,0.524045912246891,0.321063988332546,0.803184067008701,4,100,TRUE
"YNL241C",1,0.479866231939175,0.108218342770562,NA,1,100,NA
"YNL243W",1,0.422036451383493,0.271558331015844,NA,1,100,NA
"YNL244C",1,0.589164997354006,0.230740790566187,NA,1,100,NA
"YNL246W",1,0.781938680794245,0.0853412176881445,NA,1,100,NA
"YNL247W",1,0.512473968292142,0.0955730647326136,NA,1,100,NA
"YNL248C",1,0.464491907878256,0.0995330308430578,NA,1,100,NA
"YNL252C",1,0.460933692841455,0.020429830277383,NA,1,100,NA
"YNL254C",1,0.564917175191202,0.0141544436488126,NA,1,100,NA
"YNL256W",1,0.486578104987967,0.195834568558114,NA,1,100,NA
"YNL257C",1,0.445694790463959,0.056797973110679,NA,1,100,NA
"YNL268W",2,0.486285645993124,0.119692045082484,-1,2,100,TRUE
"YNL280C",2,0.529251671551877,0.068651908562129,-1,2,100,TRUE
"YNL282W",1,0.379347964091514,0.130671521129645,NA,1,100,NA
"YNL289W",1,0.483554954097336,0.025909534600654,NA,1,100,NA
"YNL291C",1,0.417864482088368,0.0358623604579303,NA,1,100,NA
"YNL293W",2,0.644035001676544,0.0498982658368555,NA,2,100,NA
"YNL294C",2,0.613397356299653,0.231493628405322,1,2,100,TRUE
"YNL308C",2,0.433582884323783,0.135481633795752,1,2,100,TRUE
"YNL311C",2,0.452247026218092,0.103591564090692,1,2,100,TRUE
"YNL312W",3,0.563281307882461,0.0924648493220083,-1,3,100,TRUE
"YNL315C",1,0.471491033675548,0.16446938807146,NA,1,100,NA
"YNL316C",2,0.542749018615877,0.167661525290699,NA,2,100,NA
"YNL323W",1,0.43602687552395,0.239650079378171,NA,1,100,NA
"YNL331C",1,0.451171661721217,0.212319858564083,NA,1,100,NA
"YNL336W",4,0.557704440661913,0.301417597751546,-0.10995454239443,4,100,FALSE
"YNR001C",2,0.52055145965128,0.284734375084514,1,2,100,TRUE
"YNR004W",1,0.679242952340847,0.0130018519855686,NA,1,100,NA
"YNR013C",1,0.637002511867068,0.255360541788718,NA,1,100,NA
"YNR014W",1,0.40409235274969,0.455797194687714,NA,1,100,NA
"YNR016C",1,0.658641515430103,0.340529437482269,NA,1,100,NA
"YNR018W",2,0.500724557414574,0.475260749679002,1,2,100,TRUE
"YNR019W",1,0.444550596890474,0.25247949758204,NA,1,100,NA
"YNR020C",1,0.481951613809512,0.0174456793067601,NA,1,100,NA
"YNR022C",1,0.571810515317037,0.00305107671617131,NA,1,100,NA
"YNR028W",1,0.464440632230288,0.0675539356455133,NA,1,100,NA
"YNR030W",3,0.474423076031493,0.128987324787227,-0.928963260787506,3,100,TRUE
"YNR033W",1,0.481073409710487,0.116812488952289,NA,1,100,NA
"YNR034W.A",1,0.336548444422848,0.169366113352015,NA,1,100,NA
"YNR035C",3,0.532919942546406,0.121191835341011,0.998958331665221,3,100,TRUE
"YNR036C",1,0.380744871547012,0.155022423899199,NA,1,100,NA
"YNR044W",2,0.609385322476602,0.10673331518326,1,2,100,TRUE
"YNR045W",1,0.510363163722388,0.152037188394874,NA,1,100,NA
"YNR050C",1,0.437093709980487,0.170355717195127,NA,1,100,NA
"YNR051C",2,0.592760251167437,0.19097726488577,1,2,100,TRUE
"YNR052C",1,0.436534202649254,0.146029748261305,NA,1,100,NA
"YNR054C",1,0.481781113171035,0.0596462241655163,NA,1,100,NA
"YNR058W",1,0.389802957043181,0.115883228918615,NA,1,100,NA
"YNR061C",3,0.520794106520193,0.339239488494304,0.999664315123098,3,100,TRUE
"YNR065C",1,0.655976233592586,0.145839627855778,NA,1,100,NA
"YNR066C",2,0.468997294253781,0.120212363620864,-1,2,100,TRUE
"YNR067C",1,0.590623572006255,0.16488350776797,NA,1,100,NA
"YNR070W",1,0.429388519300018,0.143696280875138,NA,1,100,NA
"YNR074C",4,0.572747491537712,0.351458382847612,0.791699960674812,4,100,TRUE
"YOL001W",1,0.399610154998864,0.0268573603533297,NA,1,100,NA
"YOL002C",1,0.668713658814111,0.169595577142217,NA,1,100,NA
"YOL003C",1,0.430295533371946,0.0505203018290776,NA,1,100,NA
"YOL005C",1,0.482077486215208,0.451911307362319,NA,1,100,NA
"YOL013C",3,0.434072072543043,0.0422681278091543,0.998990906496556,3,100,TRUE
"YOL014W",4,0.496304237640653,0.179744541163368,0.920682872105863,4,100,TRUE
"YOL015W",1,0.541448202526448,0.00354964656094561,NA,1,100,NA
"YOL016C",1,0.386139633862408,0.229384230447251,NA,1,100,NA
"YOL019W",1,0.627048826240829,0.22233165642024,NA,1,100,NA
"YOL023W",1,0.450645824078935,0.0655153947682728,NA,1,100,NA
"YOL029C",3,0.568874467988148,0.162844594962564,0.999085602875551,3,100,TRUE
"YOL030W",2,0.610162922909362,0.496747949935365,1,2,100,TRUE
"YOL036W",1,0.56498869293944,0.0111940855632482,NA,1,100,NA
"YOL039W",1,0.502822598618278,0.20336291295061,NA,1,100,NA
"YOL042W",1,0.428013279371772,0.192712037068264,NA,1,100,NA
"YOL048C",1,0.578706477293689,0.466413627275405,NA,1,100,NA
"YOL049W",2,0.678102237639117,0.236787430301411,-1,2,100,TRUE
"YOL052C",1,0.465173387397191,0.0801215155650841,NA,1,100,NA
"YOL053W",1,0.363470579360279,0.0890322954910185,NA,1,100,NA
"YOL054W",1,0.492234470568526,0.232068114256445,NA,1,100,NA
"YOL055C",1,0.654633338446438,0.0347288846793957,NA,1,100,NA
"YOL057W",1,0.652478629385844,0.112992187299078,NA,1,100,NA
"YOL058W",3,0.451485954600566,0.200726868448361,0.983802536922801,3,100,TRUE
"YOL059W",7,0.631620628082277,0.163318994790339,0.897706478802238,7,100,TRUE
"YOL063C",1,0.417300092500292,0.093389664718458,NA,1,100,NA
"YOL064C",4,0.472787201838575,0.358823188780573,0.843079630712014,4,100,TRUE
"YOL067C",1,0.473430749235232,0.225667246450567,NA,1,100,NA
"YOL071W",4,0.502994694719677,0.120029401077028,0.988743753285442,4,100,TRUE
"YOL075C",2,0.45765498269898,0.371370662996953,NA,2,100,NA
"YOL077W.A",1,0.569311956344657,0.355711441938291,NA,1,100,NA
"YOL081W",2,0.734883471090982,0.133450088186654,1,2,100,TRUE
"YOL082W",1,0.559209802232644,0.152923821163092,NA,1,100,NA
"YOL086C",1,0.393477959781502,0.211964625183839,NA,1,100,NA
"YOL091W",4,0.589532055702478,0.199817355130594,0.97397343796025,4,100,TRUE
"YOL092W",1,0.548583641612915,0.197675760176018,NA,1,100,NA
"YOL097C",1,0.497036277709666,0.103121130792647,NA,1,100,NA
"YOL105C",2,0.537947981769625,0.165091214732853,-1,2,100,TRUE
"YOL107W",1,0.412397866715828,0.145885025543118,NA,1,100,NA
"YOL110W",1,0.405573195866183,0.0792692521201724,NA,1,100,NA
"YOL113W",1,0.52177265788005,0.0683283487685338,NA,1,100,NA
"YOL119C",2,0.418056564116264,0.14228678384662,1,2,100,TRUE
"YOL122C",2,0.495989709898789,0.221088988479158,1,2,100,TRUE
"YOL124C",1,0.405388290554532,0.231192580633491,NA,1,100,NA
"YOL127W",1,0.594948442687165,0.246155222805837,NA,1,100,NA
"YOL128C",3,0.551028444839524,0.0929061682044341,0.518917604815751,3,100,TRUE
"YOL137W",1,0.665539690632099,0.14210513493626,NA,1,100,NA
"YOL142W",2,0.468810147815536,0.242990979329821,NA,2,100,NA
"YOL145C",1,0.441938912973126,0.112824576397537,NA,1,100,NA
"YOL146W",2,0.492732915972618,0.0370110200436093,-1,2,100,TRUE
"YOL151W",3,0.693945523771483,0.257633314669906,0.991982790455254,3,100,TRUE
"YOL154W",3,0.522819322500605,0.207341896381596,0.997622981281833,3,100,TRUE
"YOL155C",3,0.767470996302632,0.519802687732832,0.99990369346602,3,100,TRUE
"YOL158C",1,0.483158798694341,0.192711488168761,NA,1,100,NA
"YOR002W",1,0.434050432417383,0.0871036860946711,NA,1,100,NA
"YOR005C",1,0.509094144926129,0.290069236577418,NA,1,100,NA
"YOR007C",1,0.545740966517542,0.34688927709681,NA,1,100,NA
"YOR009W",1,0.370445202211678,0.048323475432903,NA,1,100,NA
"YOR010C",1,0.620680618886834,0.434594393369752,NA,1,100,NA
"YOR014W",1,0.396760784006648,0.00970714119838295,NA,1,100,NA
"YOR016C",1,0.536627266842286,0.159248283607995,NA,1,100,NA
"YOR019W",1,0.437131045908468,0.0679343948953884,NA,1,100,NA
"YOR030W",2,0.389468436218317,0.0986110489797059,1,2,100,TRUE
"YOR032C",1,0.363251708926824,0.0847339056597404,NA,1,100,NA
"YOR034C",1,0.40147938964849,0.0811626525781518,NA,1,100,NA
"YOR036W",1,0.769186303935332,0.214541852274302,NA,1,100,NA
"YOR040W",1,0.638546503455453,0.245326492233026,NA,1,100,NA
"YOR044W",1,0.496538944415283,0.199105276875534,NA,1,100,NA
"YOR046C",1,0.437285733679673,0.224590154955402,NA,1,100,NA
"YOR048C",3,0.66792782401265,0.0900054895204206,0.9999475701175,3,100,TRUE
"YOR051C",2,0.532028189942519,0.209494332897839,-1,2,100,TRUE
"YOR052C",1,0.703229371425011,0.317411590498497,NA,1,100,NA
"YOR057W",3,0.650785854218491,0.252967700017495,1,3,100,TRUE
"YOR061W",1,0.484495883637187,0.160884762615353,NA,1,100,NA
"YOR062C",1,0.5860591965245,0.50526980364864,NA,1,100,NA
"YOR067C",1,0.447108241614195,0.00935219596198811,NA,1,100,NA
"YOR069W",1,0.39632005056673,0.0451053341769634,NA,1,100,NA
"YOR071C",1,0.359235884713764,0.111291281990557,NA,1,100,NA
"YOR073W",5,0.547722145011841,0.0770991192393975,0.74442856241196,5,100,TRUE
"YOR076C",1,0.540482577463452,0.0475617922590679,NA,1,100,NA
"YOR079C",2,0.470610645810398,0.131973046032809,1,2,100,TRUE
"YOR080W",1,0.586433734870918,0.0717807586635446,NA,1,100,NA
"YOR081C",2,0.376173193208825,0.178713945652566,NA,2,100,NA
"YOR092W",1,0.527519044850112,0.362913643908542,NA,1,100,NA
"YOR098C",1,0.420868124509052,0.0975319468313289,NA,1,100,NA
"YOR104W",1,0.545737754737894,0.129727234251388,NA,1,100,NA
"YOR107W",2,0.462391703737972,0.0904919429491249,-1,2,100,TRUE
"YOR108W",1,0.463813659875107,0.132569146462466,NA,1,100,NA
"YOR117W",1,0.535147113631058,0.0772785717551674,NA,1,100,NA
"YOR122C",1,0.491451621473415,0.174251303073028,NA,1,100,NA
"YOR123C",1,0.447250366755676,0.0954323052558296,NA,1,100,NA
"YOR126C",4,0.544265540081821,0.147385897219531,0.954910745582041,4,100,TRUE
"YOR128C",1,0.590211032893013,0.0157264090151215,NA,1,100,NA
"YOR130C",2,0.557118269903416,0.244090123211153,1,2,100,TRUE
"YOR131C",1,0.459593131228691,0.0768984014160994,NA,1,100,NA
"YOR133W",1,0.83436017960631,0.115514306377188,NA,1,100,NA
"YOR136W",1,0.552023832130097,0.207076136575517,NA,1,100,NA
"YOR140W",1,0.382817700093414,0.145038720047916,NA,1,100,NA
"YOR148C",2,0.459263855964612,0.00256447146368689,-1,2,100,TRUE
"YOR151C",3,0.558644524381495,0.0534726212301191,-0.664802065223112,3,100,TRUE
"YOR152C",1,0.656208269730546,0.159840787740086,NA,1,100,NA
"YOR157C",1,0.628340029945642,0.0721997008502882,NA,1,100,NA
"YOR160W",1,0.367844308844243,0.246650520814428,NA,1,100,NA
"YOR163W",1,0.39681984982506,0.320916279718456,NA,1,100,NA
"YOR164C",1,0.627304472966006,0.322157732478946,NA,1,100,NA
"YOR168W",4,0.585603260915245,0.0887260746034593,0.675288886391634,4,100,TRUE
"YOR171C",1,0.47202716338035,0.255670467498828,NA,1,100,NA
"YOR172W",1,0.430589782098731,0.171368188575247,NA,1,100,NA
"YOR179C",2,0.471182638626581,0.204402524400387,-1,2,100,TRUE
"YOR182C",1,0.573862732225583,0.248313682074841,NA,1,100,NA
"YOR184W",3,0.554895696455656,0.218951631255719,0.942274845996994,3,100,TRUE
"YOR187W",1,0.360604707271146,0.213141164239329,NA,1,100,NA
"YOR189W",1,0.75455120476301,0.260394797238099,NA,1,100,NA
"YOR198C",1,0.432124666503716,0.238913574970899,NA,1,100,NA
"YOR201C",1,0.404341106582938,0.0233426895489945,NA,1,100,NA
"YOR204W",1,0.456923250531546,0.0591558931481304,NA,1,100,NA
"YOR207C",1,0.528801622228897,0.0697924174412189,NA,1,100,NA
"YOR209C",3,0.574714234972874,0.270946880900725,0.993702622979519,3,100,TRUE
"YOR210W",1,0.426981320636276,0.124462113068877,NA,1,100,NA
"YOR212W",1,0.582706507706322,0.259288967596369,NA,1,100,NA
"YOR217W",1,0.496778734078693,0.1610939042797,NA,1,100,NA
"YOR221C",1,0.450368169526609,0.155437799987951,NA,1,100,NA
"YOR224C",1,0.383239458493045,0.180843355848214,NA,1,100,NA
"YOR226C",1,0.716397294513554,0.401001762193561,NA,1,100,NA
"YOR231W",1,0.454490059834196,0.00253357775400941,NA,1,100,NA
"YOR233W",1,0.495272500762823,0.075349692045677,NA,1,100,NA
"YOR236W",1,0.410262028479659,0.433768864127921,NA,1,100,NA
"YOR237W",1,0.562290850864486,0.180502141937301,NA,1,100,NA
"YOR238W",1,0.456005087224727,0.175645550816076,NA,1,100,NA
"YOR243C",1,0.591914003277921,0.0323391357932917,NA,1,100,NA
"YOR244W",1,0.50965533597864,0.0422838545673617,NA,1,100,NA
"YOR247W",1,0.468536392425358,0.18779206007704,NA,1,100,NA
"YOR254C",1,0.531076541218394,0.190004044783587,NA,1,100,NA
"YOR257W",2,0.516981063858478,0.130926341715116,1,2,100,TRUE
"YOR258W",2,0.438791086697142,0.05514554168526,1,2,100,TRUE
"YOR259C",1,0.654953362549312,0.000568973571525362,NA,1,100,NA
"YOR261C",2,0.674973802088507,0.184037937172275,-1,2,100,TRUE
"YOR265W",1,0.380319504362158,0.358509969845911,NA,1,100,NA
"YOR272W",2,0.653687668140641,0.090660393047433,1,2,100,TRUE
"YOR273C",1,0.53401263504804,0.123515610940511,NA,1,100,NA
"YOR280C",1,0.379219291251055,0.146679558130366,NA,1,100,NA
"YOR284W",9,0.537568897473441,0.167283285664906,0.91467670069209,9,100,TRUE
"YOR285W",1,0.344473118993865,0.151043510896219,NA,1,100,NA
"YOR286W",1,0.362458423379415,0.113487584495327,NA,1,100,NA
"YOR287C",1,0.499504456598595,0.102784446426433,NA,1,100,NA
"YOR298C.A",2,0.396577054102727,0.221280637958502,1,2,100,TRUE
"YOR299W",1,0.400465282923793,0.0342615368657342,NA,1,100,NA
"YOR303W",3,0.6633106031975,0.166324497477862,0.996372961761965,3,100,TRUE
"YOR306C",3,0.570735922582334,0.334830485205364,0.999473961355324,3,100,TRUE
"YOR308C",1,0.509901883636188,0.0157839852836639,NA,1,100,NA
"YOR312C",1,0.426510442522538,0.150394746792572,NA,1,100,NA
"YOR315W",3,0.672589775963353,0.242991317963055,-1,3,100,TRUE
"YOR323C",1,0.555647903124699,0.247959762172267,NA,1,100,NA
"YOR326W",2,0.546761884651345,0.0954433773737891,1,2,100,TRUE
"YOR327C",8,0.517057618890601,0.12835505949929,0.918070694661587,8,100,TRUE
"YOR328W",1,0.474602106379665,0.0791104610073983,NA,1,100,NA
"YOR332W",1,0.614940263180518,0.097837008738601,NA,1,100,NA
"YOR335C",2,0.548519393543449,0.047278005465683,1,2,100,TRUE
"YOR337W",2,0.494155473454032,0.0995099468898118,1,2,100,TRUE
"YOR338W",2,0.494632805038321,0.210840856065338,1,2,100,TRUE
"YOR341W",1,0.394356503463033,0.0811411842816224,NA,1,100,NA
"YOR342C",1,0.382741610223237,0.0928179366629476,NA,1,100,NA
"YOR344C",1,0.542813142295771,0.054456060879449,NA,1,100,NA
"YOR348C",1,0.862463065966926,0.000813087509293006,NA,1,100,NA
"YOR352W",1,0.690936176560411,0.0101628770198643,NA,1,100,NA
"YOR354C",1,0.416263596690856,0.0744934875288121,NA,1,100,NA
"YOR356W",1,0.58177954667986,0.0519553204427837,NA,1,100,NA
"YOR359W",1,0.569889631287649,0.144463436455905,NA,1,100,NA
"YOR360C",1,0.510925362876307,0.0880108501137237,NA,1,100,NA
"YOR367W",1,0.436333405173815,0.0147208704762028,NA,1,100,NA
"YOR368W",1,0.508226987019739,0.0219711231883634,NA,1,100,NA
"YOR369C",1,0.577106239655555,0.0209850539160902,NA,1,100,NA
"YOR374W",1,0.551650190091655,0.364598237855579,NA,1,100,NA
"YOR375C",2,0.660243070679753,0.172662234130015,1,2,100,TRUE
"YOR382W",2,0.568536039801646,0.436873676235802,1,2,100,TRUE
"YOR383C",3,0.5073771202716,0.310139200413225,0.854821159311307,3,100,TRUE
"YOR385W",1,0.469034931475115,0.328376050234794,NA,1,100,NA
"YPL001W",3,0.646664106135774,0.0219448145026062,-0.532634815655681,3,100,TRUE
"YPL006W",1,0.410755133258279,0.104447986081856,NA,1,100,NA
"YPL009C",3,0.389093906472526,0.164005009222601,1,3,100,TRUE
"YPL012W",2,0.66816583013554,0.138569351405786,1,2,100,TRUE
"YPL014W",1,1.00200802038583,0.13316697972605,NA,1,100,NA
"YPL015C",4,0.759508044858479,0.283806214178263,0.890188330023041,4,100,TRUE
"YPL018W",2,0.489945336786147,0.0243612859382595,1,2,100,TRUE
"YPL024W",1,0.449612982912733,0.0459909010733176,NA,1,100,NA
"YPL028W",3,0.419550999570398,0.0821724242963371,0.990518849990632,3,100,TRUE
"YPL031C",1,0.610007685065804,0.00547778840449587,NA,1,100,NA
"YPL034W",2,0.794856947377411,0.206335619656079,1,2,100,TRUE
"YPL040C",2,0.533512918181538,0.158781622769679,1,2,100,TRUE
"YPL041C",2,0.495721165954498,0.219428691654099,1,2,100,TRUE
"YPL042C",1,0.48939600218614,0.00465953354952512,NA,1,100,NA
"YPL048W",1,0.608689707207042,0.272714740775889,NA,1,100,NA
"YPL053C",1,0.48184477884779,0.112945480318151,NA,1,100,NA
"YPL055C",1,0.425922016894108,0.0515925048414436,NA,1,100,NA
"YPL057C",1,0.474873650052285,0.0175149340420032,NA,1,100,NA
"YPL058C",3,0.573766719551389,0.0877662404364402,0.999446775247219,3,100,TRUE
"YPL060W",1,0.467466816273034,0.0153330022091856,NA,1,100,NA
"YPL067C",2,0.50026719938908,0.418436078146194,-1,2,100,TRUE
"YPL068C",2,0.524516514745399,0.193683682409967,1,2,100,TRUE
"YPL069C",2,0.53568938914626,0.172434060695271,-1,2,100,TRUE
"YPL070W",1,0.474625144142833,0.289185269169268,NA,1,100,NA
"YPL072W",2,0.43423708510584,0.289163199777172,NA,2,100,NA
"YPL075W",1,0.593339379326384,0.0379944202750273,NA,1,100,NA
"YPL077C",3,0.425934238091265,0.095735203893146,-0.894940570071511,3,100,TRUE
"YPL086C",1,0.534753200301449,0.00479388776455589,NA,1,100,NA
"YPL088W",2,0.735010531870152,0.143799280856516,-1,2,100,TRUE
"YPL090C",4,0.577249806089284,0.415151128683885,0.944025163473982,4,100,TRUE
"YPL091W",5,0.606750153281746,0.368373229944325,0.983384516973436,5,100,TRUE
"YPL092W",1,0.418211120333126,0.353120531426694,NA,1,100,NA
"YPL093W",2,0.59789088725055,0.276122526227579,-1,2,100,TRUE
"YPL096C.A",1,0.499140178873023,0.292214762778041,NA,1,100,NA
"YPL101W",1,0.517506032188765,0.195971067290651,NA,1,100,NA
"YPL105C",1,0.546555046760491,0.146283511043856,NA,1,100,NA
"YPL108W",2,0.442224898216768,0.209560905666505,1,2,100,TRUE
"YPL111W",2,0.533825058095738,0.174550339119973,1,2,100,TRUE
"YPL117C",1,0.397356386208861,0.0785099873100254,NA,1,100,NA
"YPL119C.A",1,0.440706235192655,0.0984717453946019,NA,1,100,NA
"YPL126W",1,0.549026459878926,0.107214789270851,NA,1,100,NA
"YPL134C",1,0.476837693146619,0.137518703382823,NA,1,100,NA
"YPL143W",1,0.533827777014167,0.127489075756301,NA,1,100,NA
"YPL145C",2,0.571742074850121,0.366664053856952,1,2,100,TRUE
"YPL146C",1,0.444813071994421,0.0377481246199761,NA,1,100,NA
"YPL147W",2,0.48453962378715,0.159466576825132,-1,2,100,TRUE
"YPL152W",1,0.502303128954378,0.0828231359423988,NA,1,100,NA
"YPL154C",1,0.484637769744312,0.138866138741149,NA,1,100,NA
"YPL155C",1,0.504230850362626,0.2780597873585,NA,1,100,NA
"YPL156C",3,0.837644380158707,0.181771874412453,0.900965724803523,3,100,TRUE
"YPL161C",1,0.419504184409055,0.0116759310539016,NA,1,100,NA
"YPL167C",1,0.453561718784626,0.182231255633322,NA,1,100,NA
"YPL171C",4,0.550830665192533,0.228806926872354,0.990832922914608,4,100,TRUE
"YPL172C",3,0.601131660154205,0.0115168774578546,1,3,100,TRUE
"YPL174C",1,0.423013379593794,0.0799121945519673,NA,1,100,NA
"YPL177C",1,0.414219697977415,0.0914958031587647,NA,1,100,NA
"YPL183W.A",1,0.47850502082733,0.0993131002845849,NA,1,100,NA
"YPL184C",1,0.387193575460989,0.268352544141343,NA,1,100,NA
"YPL186C",1,0.418136973814384,0.0461129363443325,NA,1,100,NA
"YPL189C.A",5,0.492417812807861,0.195841903897405,0.841902987891277,5,100,TRUE
"YPL189W",1,0.491144993409728,0.164797679823483,NA,1,100,NA
"YPL193W",3,0.449775583840579,0.011353386713744,1,3,100,TRUE
"YPL206C",1,0.533186761412745,0.201265404363129,NA,1,100,NA
"YPL208W",2,0.661563148806305,0.0634778478173364,NA,2,100,NA
"YPL210C",1,0.604085576460193,0.166268220706606,NA,1,100,NA
"YPL212C",1,0.467176167064201,0.301870993490468,NA,1,100,NA
"YPL216W",1,0.710026542855688,0.107370083606815,NA,1,100,NA
"YPL217C",1,0.723798086504522,0.465729358342208,NA,1,100,NA
"YPL222W",2,0.475703687081963,0.0354532581815477,1,2,100,TRUE
"YPL225W",2,0.572539918791037,0.379095804992948,1,2,100,TRUE
"YPL231W",2,0.467526340232735,0.1179849621322,-1,2,100,TRUE
"YPL232W",4,0.496799043749117,0.0415707541680822,0.830948255015382,4,100,TRUE
"YPL233W",1,0.461935483731936,0.174830518859717,NA,1,100,NA
"YPL236C",2,0.44637912701273,0.0413113903736378,-1,2,100,TRUE
"YPL240C",2,0.539951397568187,0.556774180006219,1,2,100,TRUE
"YPL255W",1,0.48714643656289,0.123458432002224,NA,1,100,NA
"YPL259C",1,0.60797153144201,0.14754716184105,NA,1,100,NA
"YPL263C",1,0.499496415382499,0.0135435137168543,NA,1,100,NA
"YPL265W",1,0.465924282570391,0.181041285682814,NA,1,100,NA
"YPL272C",1,0.700911890153811,0.0268203984598015,NA,1,100,NA
"YPL273W",5,0.618261759393735,0.352982277844701,0.994782381524469,5,100,TRUE
"YPL274W",4,0.607155997773767,0.348398226237764,0.952334310811455,4,100,TRUE
"YPR003C",1,0.579777836082701,0.0771206820681312,NA,1,100,NA
"YPR004C",1,0.425514630490946,0.168075617089383,NA,1,100,NA
"YPR009W",1,0.398215441045488,0.27651150392161,NA,1,100,NA
"YPR010C.A",2,0.483379299385967,0.375002486685604,1,2,100,TRUE
"YPR011C",2,0.596397112237428,0.128899288196363,-1,2,100,TRUE
"YPR015C",1,0.412612702558113,0.0102262391298168,NA,1,100,NA
"YPR017C",1,0.792162367222232,0.121035653274143,NA,1,100,NA
"YPR018W",2,0.39437997814112,0.129280564726775,1,2,100,TRUE
"YPR019W",1,0.40846974160881,0.239368021632,NA,1,100,NA
"YPR020W",1,0.55531264170322,0.227091417271446,NA,1,100,NA
"YPR031W",1,0.43666930407788,0.122776365595277,NA,1,100,NA
"YPR033C",1,0.702801347328078,0.308587679315182,NA,1,100,NA
"YPR035W",1,0.436499324846852,0.240398417047411,NA,1,100,NA
"YPR036W",1,0.409647434660525,0.0263949491770516,NA,1,100,NA
"YPR041W",2,0.591064040964958,0.103352974024443,1,2,100,TRUE
"YPR045C",1,0.39724126001678,0.0509320446261719,NA,1,100,NA
"YPR056W",3,0.492060292929573,0.209638022111471,0.996979557433274,3,100,TRUE
"YPR060C",1,0.786788953292784,0.14337181072664,NA,1,100,NA
"YPR062W",1,0.572262358621044,0.504276092108505,NA,1,100,NA
"YPR069C",1,0.436299479407998,0.236580342689943,NA,1,100,NA
"YPR071W",1,0.493424616714783,0.0633777731153311,NA,1,100,NA
"YPR073C",1,0.83338969774848,0.166978053670222,NA,1,100,NA
"YPR074C",1,0.552130641896618,0.186704818115662,NA,1,100,NA
"YPR079W",1,0.418792245262553,0.194685231344835,NA,1,100,NA
"YPR082C",1,0.457311319742206,0.208987767255886,NA,1,100,NA
"YPR085C",1,0.577921976926878,0.186123914310584,NA,1,100,NA
"YPR089W",3,0.48771733544951,0.0169575713780781,1,3,100,TRUE
"YPR100W",1,0.47764533860038,0.257611646192755,NA,1,100,NA
"YPR102C",1,0.746866054152992,0.395291488771012,NA,1,100,NA
"YPR108W",1,0.399402737354204,0.0340338694740021,NA,1,100,NA
"YPR109W",1,0.454300157938868,0.203027091956967,NA,1,100,NA
"YPR111W",1,0.476586711774575,0.0591482779341855,NA,1,100,NA
"YPR112C",1,0.648777030233368,0.0718685525790086,NA,1,100,NA
"YPR113W",1,0.619640934320994,0.107536430827546,NA,1,100,NA
"YPR118W",3,0.741791551203615,0.0182418257987139,-0.846956882091844,3,100,TRUE
"YPR119W",1,0.448246229155489,0.193952258933853,NA,1,100,NA
"YPR121W",1,0.479089353347861,0.152307024744359,NA,1,100,NA
"YPR122W",3,0.473204711261946,0.221138631205217,NA,3,100,NA
"YPR131C",1,0.621915374279307,0.381136165730008,NA,1,100,NA
"YPR132W",1,0.448644919980293,0.162317288722335,NA,1,100,NA
"YPR133C",1,0.53754310189754,0.0518341895863627,NA,1,100,NA
"YPR133W.A",1,0.472453511973019,0.104563658147732,NA,1,100,NA
"YPR134W",1,0.367780648430518,0.0481408424644146,NA,1,100,NA
"YPR139C",3,0.486187874754862,0.119319158831308,-0.944461685003496,3,100,TRUE
"YPR144C",1,0.493879410517056,0.380827443130249,NA,1,100,NA
"YPR145W",1,0.659682908516183,0.0681638458485738,NA,1,100,NA
"YPR149W",1,0.336147518216667,0.27001625513432,NA,1,100,NA
"YPR154W",2,0.62883110167842,0.150659049871193,1,2,100,TRUE
"YPR158W",1,0.378146645283774,0.0436390576415836,NA,1,100,NA
"YPR163C",3,0.42595088603008,0.152093389000792,0.997990175748811,3,100,TRUE
"YPR167C",1,0.437363529558443,0.191417097734368,NA,1,100,NA
"YPR175W",1,0.389763706323803,0.152263383196039,NA,1,100,NA
"YPR178W",6,0.534744409214362,0.130382049002813,-0.91080858921264,6,100,TRUE
"YPR183W",1,0.385575347354243,0.195262322557358,NA,1,100,NA
"YPR185W",2,0.375763181149076,0.165120349375308,-1,2,100,TRUE
"YPR186C",1,0.423431945156551,0.0996659701904993,NA,1,100,NA
"YPR187W",1,0.428689529660755,0.244452461421627,NA,1,100,NA
"YPR191W",1,0.419905035633243,0.128443871922429,NA,1,100,NA
"YPR192W",8,0.468096623702911,0.447595770487968,0.116521429689934,8,100,FALSE
"YPR193C",1,0.430913740578515,0.0841049472188482,NA,1,100,NA
"YPR196W",1,0.35474597775057,0.246395474785423,NA,1,100,NA
"YPR199C",2,0.524759489120486,0.200453558142892,-1,2,100,TRUE
