"Gene","N_variants","Mean_abs_beta_cond1","Mean_abs_beta_cond2","Pearson_r","N_concordant","Pct_concordant","Has_high_correlation"
"YAL001C",1,0.393205154078061,0.0853666088235994,NA,1,100,NA
"YAL005C",1,0.556208694818457,0.526644908368282,NA,1,100,NA
"YAL007C",5,0.519521060946318,0.107552754531063,0.97615177217438,5,100,TRUE
"YAL012W",1,0.519643235673015,0.247729607616375,NA,1,100,NA
"YAL017W",1,0.49065870051437,0.0278032068953517,NA,1,100,NA
"YAL019W",1,0.471695841549597,0.0474398135990366,NA,1,100,NA
"YAL020C",1,0.390045619760079,0.0343013446946764,NA,1,100,NA
"YAL027W",2,0.40893790400593,0.0651804737679026,-1,2,100,TRUE
"YAL029C",2,0.519540204378998,0.102221518965973,1,2,100,TRUE
"YAL031C",1,0.477905731552619,0.101501684375477,NA,1,100,NA
"YAL035W",2,0.566859584396287,0.290546463791315,1,2,100,TRUE
"YAL038W",1,0.526053164325677,0.388474882660626,NA,1,100,NA
"YAL042W",1,0.499303416359084,0.273778633027334,NA,1,100,NA
"YAL044C",1,0.527941525155464,0.145220498347105,NA,1,100,NA
"YAL046C",1,0.557814441316466,0.529224765981426,NA,1,100,NA
"YAL047C",2,0.364240814341803,0.135512157953634,NA,2,100,NA
"YAL059W",2,0.706157231499416,0.036517924685253,-1,2,100,TRUE
"YAL060W",2,0.545182429724568,0.359500245429126,1,2,100,TRUE
"YAL062W",2,0.521573472753594,0.31377628327049,-1,2,100,TRUE
"YAR002C.A",1,0.644390642798827,0.195393351913746,NA,1,100,NA
"YAR014C",1,0.581725708415259,0.394230366703705,NA,1,100,NA
"YAR015W",2,0.502452458335638,0.198732230178852,1,2,100,TRUE
"YAR018C",1,0.611058198869888,0.0327795918632355,NA,1,100,NA
"YAR023C",2,0.430933291029304,0.0769174896335473,1,2,100,TRUE
"YAR027W",3,0.512247434252093,0.492108201437622,0.806740632293974,3,100,TRUE
"YAR029W",1,0.48123245988422,0.468124364047657,NA,1,100,NA
"YAR031W",4,0.628924770029558,0.455655114040929,0.994121864701291,4,100,TRUE
"YAR033W",1,0.374515504932067,0.146683949212051,NA,1,100,NA
"YAR035W",1,0.379142443056097,0.101628090732889,NA,1,100,NA
"YAR050W",5,0.555840052990302,0.310300508537392,0.986061602024827,5,100,TRUE
"YAR068W",11,0.510994848045695,0.489091370050861,0.996410855477976,11,100,TRUE
"YBL001C",2,0.603011620763492,0.355861267966314,1,2,100,TRUE
"YBL004W",2,0.524176881238362,0.139273793513677,1,2,100,TRUE
"YBL011W",1,0.518848379588598,0.0963980574629452,NA,1,100,NA
"YBL019W",3,0.374429471670892,0.133364477090467,1,3,100,TRUE
"YBL024W",1,0.536300149485337,0.100279387736973,NA,1,100,NA
"YBL025W",1,0.444157890915934,0.182056713183704,NA,1,100,NA
"YBL029W",1,0.480061442813373,0.260401187090092,NA,1,100,NA
"YBL030C",5,0.38376162123936,0.300785527737328,0.99082635296045,5,100,TRUE
"YBL037W",2,0.522846108656251,0.103360564130602,1,2,100,TRUE
"YBL039C",1,0.620172600498246,0.182195483134575,NA,1,100,NA
"YBL040C",5,0.55251752251723,0.341816146038178,0.968476568855848,5,100,TRUE
"YBL041W",2,0.612822614446677,0.169450847100941,1,2,100,TRUE
"YBL042C",1,0.42018827506784,0.382962374158772,NA,1,100,NA
"YBL043W",1,0.382563147179339,0.0303741482880808,NA,1,100,NA
"YBL056W",3,0.628607991005972,0.0595450657373668,0.260784452519577,3,100,FALSE
"YBL064C",1,0.426535174428722,0.0621116645386174,NA,1,100,NA
"YBL066C",1,0.488713696138024,0.0406286789685033,NA,1,100,NA
"YBL067C",1,0.43475503935148,0.0396149506927579,NA,1,100,NA
"YBL074C",1,0.414416106879426,0.209557366761392,NA,1,100,NA
"YBL078C",1,0.444972796616439,0.0423399894455484,NA,1,100,NA
"YBL082C",1,0.573021075363554,0.152840358540018,NA,1,100,NA
"YBL085W",2,0.678112300763649,0.0764044897756434,1,2,100,TRUE
"YBL088C",1,0.425271697145868,0.178312543874428,NA,1,100,NA
"YBL090W",3,0.469219095748363,0.186365750041636,1,3,100,TRUE
"YBL091C",2,0.459906104646864,0.0363116354954003,1,2,100,TRUE
"YBL093C",3,0.49578874343032,0.101570987803281,-0.148365467775752,3,100,FALSE
"YBL098W",1,0.796469063291881,0.524060435932138,NA,1,100,NA
"YBL102W",3,0.754633914742764,0.342309030307291,1,3,100,TRUE
"YBL103C",2,0.473872983879806,0.0745636010315817,1,2,100,TRUE
"YBL105C",4,0.48290524272737,0.216068230284159,NA,4,100,NA
"YBR003W",2,0.435200906934569,0.228503191912539,1,2,100,TRUE
"YBR005W",1,0.485872358207784,0.0652715007755109,NA,1,100,NA
"YBR006W",1,0.461412638420157,0.157553692784893,NA,1,100,NA
"YBR007C",1,0.553774007822442,0.101234688134559,NA,1,100,NA
"YBR008C",1,0.413899101324407,0.0943516395106036,NA,1,100,NA
"YBR009C",6,0.607734499684082,0.295136026369529,-0.0878790150459553,6,100,FALSE
"YBR010W",2,0.454110172391973,0.242295212972726,1,2,100,TRUE
"YBR011C",1,0.601758543390945,0.304871738880166,NA,1,100,NA
"YBR014C",1,0.663630924942169,0.158107094200517,NA,1,100,NA
"YBR017C",1,0.462497399017504,0.251881047130573,NA,1,100,NA
"YBR023C",1,0.434873295703916,0.0869497806575626,NA,1,100,NA
"YBR026C",3,0.570832145048681,0.0867958419885098,0.863331562629128,3,100,TRUE
"YBR034C",1,0.46431672556129,0.105556283571034,NA,1,100,NA
"YBR035C",1,0.481318703034999,0.110784553185703,NA,1,100,NA
"YBR036C",2,0.675141263682744,0.106735995467114,1,2,100,TRUE
"YBR037C",1,0.565365595353398,0.674476308819252,NA,1,100,NA
"YBR043C",1,0.372211720092765,0.0434477442068969,NA,1,100,NA
"YBR046C",1,0.594969079587624,0.555262377707409,NA,1,100,NA
"YBR049C",1,0.417028956391923,0.162918243438963,NA,1,100,NA
"YBR056W.A",1,0.44711612436217,0.0211688321910037,NA,1,100,NA
"YBR057C",2,0.558743841048936,0.173193298856976,1,2,100,TRUE
"YBR058C.A",1,0.565892835122238,0.299933839525825,NA,1,100,NA
"YBR060C",1,0.53685137106768,0.0601711155711631,NA,1,100,NA
"YBR062C",2,0.545678408046434,0.0213078536865313,1,2,100,TRUE
"YBR065C",1,0.474095216833449,0.165936146594233,NA,1,100,NA
"YBR067C",3,0.379811906945864,0.322296714128532,0.999956844977154,3,100,TRUE
"YBR068C",1,0.875902316003577,0.677824309045244,NA,1,100,NA
"YBR069C",2,0.624528163424034,0.634344810021526,1,2,100,TRUE
"YBR070C",2,0.705372160715318,0.377068795255725,1,2,100,TRUE
"YBR073W",1,0.396437789890235,0.401048492558865,NA,1,100,NA
"YBR077C",1,0.653596640765696,0.276920880636788,NA,1,100,NA
"YBR078W",4,0.50191135713358,0.448873300569677,0.977164871120772,4,100,TRUE
"YBR083W",5,0.622762510233457,0.216396705207227,0.912339809329391,5,100,TRUE
"YBR084C.A",1,0.374294199963007,0.137581789353509,NA,1,100,NA
"YBR084W",1,0.584235678317229,0.12082134093014,NA,1,100,NA
"YBR085W",2,0.451590847413422,0.252026965582661,-1,2,100,TRUE
"YBR086C",2,0.434276651035496,0.253007453990384,1,2,100,TRUE
"YBR091C",3,0.472736959621813,0.202137209930831,0.900409624431595,3,100,TRUE
"YBR092C",3,0.466758113096596,0.369349002355743,0.963873272250129,3,100,TRUE
"YBR093C",5,0.525302246312108,0.266053470932896,0.998161933552028,5,100,TRUE
"YBR094W",4,0.409917582298628,0.110199284333344,-0.112642840038552,4,100,FALSE
"YBR095C",1,0.621456707765423,0.12329139217048,NA,1,100,NA
"YBR101C",1,0.517447055586856,0.246937354889195,NA,1,100,NA
"YBR103W",1,0.700084205194101,0.111608654753703,NA,1,100,NA
"YBR107C",4,0.403291237151901,0.0860147970476885,0.999942447199536,4,100,TRUE
"YBR108W",1,0.558400486242565,0.171058019247603,NA,1,100,NA
"YBR109C",1,0.499539952956516,0.134047248344511,NA,1,100,NA
"YBR110W",1,0.866190763298505,0.524805793158957,NA,1,100,NA
"YBR111W.A",2,0.542465272758224,0.192577898831609,-1,2,100,TRUE
"YBR112C",1,0.487004321591669,0.160808458877334,NA,1,100,NA
"YBR115C",2,0.44482029286645,0.220437783578253,-1,2,100,TRUE
"YBR117C",1,0.360700391648207,0.210596462485933,NA,1,100,NA
"YBR118W",1,0.585348618380526,0.0724709426153442,NA,1,100,NA
"YBR119W",1,0.79330272698099,0.0593831407352619,NA,1,100,NA
"YBR120C",2,0.546895221537876,0.278741395221596,1,2,100,TRUE
"YBR121C",1,0.83472262826351,0.317822968227249,NA,1,100,NA
"YBR122C",2,0.597662025462392,0.416956868157949,1,2,100,TRUE
"YBR125C",1,0.4717336323082,0.0236868502771492,NA,1,100,NA
"YBR131W",1,0.497627712924805,0.141036790324581,NA,1,100,NA
"YBR132C",1,0.516018290975149,0.153692979875049,NA,1,100,NA
"YBR133C",1,0.412321440779955,0.224794500871761,NA,1,100,NA
"YBR135W",1,0.607262182060072,0.170345238358727,NA,1,100,NA
"YBR150C",1,0.515521824714101,0.336254421808539,NA,1,100,NA
"YBR151W",1,0.386368993310236,0.162484132071282,NA,1,100,NA
"YBR155W",2,0.622339082346064,0.0964708481365897,-1,2,100,TRUE
"YBR159W",3,0.63315378665385,0.203306545204643,-0.91797675249108,3,100,TRUE
"YBR162W.A",1,0.636361660935799,0.0313152788353448,NA,1,100,NA
"YBR164C",2,0.42232988838904,0.141016698430191,-1,2,100,TRUE
"YBR166C",2,0.495491303087359,0.0945562869901241,1,2,100,TRUE
"YBR167C",1,0.436568128237134,0.192159705289128,NA,1,100,NA
"YBR181C",2,0.474877989624228,0.279315563419211,1,2,100,TRUE
"YBR183W",1,0.386323568692542,0.238633578827039,NA,1,100,NA
"YBR187W",3,0.48314329775822,0.304339228592242,0.999981292813786,3,100,TRUE
"YBR188C",2,0.64356713308494,0.318493132957375,-1,2,100,TRUE
"YBR191W",1,0.52558024835605,0.127416963015023,NA,1,100,NA
"YBR193C",2,0.537935417382072,0.0569354233001313,-1,2,100,TRUE
"YBR198C",1,0.405711399682007,0.119022413082888,NA,1,100,NA
"YBR201W",1,0.46287188863937,0.162602553699676,NA,1,100,NA
"YBR202W",3,0.449608358750998,0.129990830180609,NA,3,100,NA
"YBR204C",2,0.518919001281413,0.0808600815438713,1,2,100,TRUE
"YBR211C",1,0.401197029646808,0.00961505335277783,NA,1,100,NA
"YBR217W",1,0.520330664216143,0.185523498459987,NA,1,100,NA
"YBR218C",4,0.661840184036596,0.15139084631049,0.957690389724538,4,100,TRUE
"YBR221C",1,0.490898851751767,0.118111635230028,NA,1,100,NA
"YBR222C",1,0.736658128943337,0.284435398030848,NA,1,100,NA
"YBR227C",1,0.714946383669643,0.0373560983762313,NA,1,100,NA
"YBR230W.A",1,0.533776465712632,0.150188961331441,NA,1,100,NA
"YBR231C",3,0.505250736094493,0.120929647351506,0.99941339517867,3,100,TRUE
"YBR234C",1,0.649571907647154,0.45148968523696,NA,1,100,NA
"YBR235W",1,0.712757871301474,0.113659944122595,NA,1,100,NA
"YBR238C",3,0.558618938521175,0.100077779832911,0.212496074965044,3,100,FALSE
"YBR246W",1,0.500588993540249,0.120271322130161,NA,1,100,NA
"YBR247C",3,0.483184510600462,0.186332434580371,0.996067247984777,3,100,TRUE
"YBR249C",2,0.489431785897451,0.20855125736324,1,2,100,TRUE
"YBR251W",3,0.466774942997437,0.0517336671668094,NA,3,100,NA
"YBR253W",4,0.509840841508797,0.470011425793133,NA,4,100,NA
"YBR256C",3,0.487067199563688,0.451765366896728,0.997313047477216,3,100,TRUE
"YBR257W",1,0.510231288155104,0.0802493291954339,NA,1,100,NA
"YBR258C",1,0.731644572220517,0.144743660072143,NA,1,100,NA
"YBR261C",1,0.484826415095415,0.172758106159799,NA,1,100,NA
"YBR263W",1,0.475294722862313,0.272179322171046,NA,1,100,NA
"YBR265W",2,0.472578964693962,0.210743782662533,1,2,100,TRUE
"YBR269C",1,0.614022090704923,0.473274852654988,NA,1,100,NA
"YBR271W",2,0.426695542804424,0.0756371987969622,1,2,100,TRUE
"YBR273C",1,0.5023756865165,0.155795964141424,NA,1,100,NA
"YBR278W",1,0.554642335947975,0.149758087383264,NA,1,100,NA
"YBR279W",1,0.468657583816047,0.0532262609657622,NA,1,100,NA
"YBR283C",1,0.667910512487321,0.541367588248197,NA,1,100,NA
"YBR286W",2,0.679875261809496,0.447432273276762,1,2,100,TRUE
"YBR287W",1,0.739999928665939,0.301703247241326,NA,1,100,NA
"YBR291C",2,0.573852041901511,0.356147716874663,1,2,100,TRUE
"YBR293W",1,0.389561061662681,0.217526542545948,NA,1,100,NA
"YBR295W",10,0.661642701861949,0.285029615686024,0.948531113089445,10,100,TRUE
"YBR297W",4,0.624829298073664,0.582701835295455,0.996502331527618,4,100,TRUE
"YBR298C",3,0.43133048060062,0.447945031847189,-1,3,100,TRUE
"YBR301W",1,0.42067220454038,0.140893593542822,NA,1,100,NA
"YCL002C",4,0.488251185088921,0.0787807151519088,-0.031592411185687,4,100,FALSE
"YCL004W",1,0.625656251981537,0.0507169096685799,NA,1,100,NA
"YCL005W.A",1,0.64934350724663,0.179556653698052,NA,1,100,NA
"YCL010C",1,0.492609731606099,0.322304354419325,NA,1,100,NA
"YCL011C",1,0.391104686795521,0.292441018942038,NA,1,100,NA
"YCL018W",2,0.437961997509343,0.326121780879612,1,2,100,TRUE
"YCL025C",3,0.519536410153278,0.241203406679164,0.750990473820878,3,100,TRUE
"YCL026C.B",2,0.521258911941051,0.286768579959285,1,2,100,TRUE
"YCL029C",1,0.389791517056576,0.133956751323814,NA,1,100,NA
"YCL031C",1,0.447255362018304,0.211075072669698,NA,1,100,NA
"YCL034W",2,0.602846659812694,0.256760156438602,1,2,100,TRUE
"YCL035C",1,0.513392662366592,0.0867793360432428,NA,1,100,NA
"YCL036W",1,0.649282207832883,0.0787583967682782,NA,1,100,NA
"YCL038C",1,0.433633460053239,0.0669306281700474,NA,1,100,NA
"YCL039W",2,0.454366891922568,0.0797605823063146,1,2,100,TRUE
"YCL040W",1,0.627787875953081,0.31067942138237,NA,1,100,NA
"YCL047C",1,0.472635489371107,0.184479207795855,NA,1,100,NA
"YCL049C",2,0.567192968957181,0.309908721273216,1,2,100,TRUE
"YCL058W.A",1,0.402308830186929,0.028032344274959,NA,1,100,NA
"YCL059C",1,0.45367204222846,0.0577935237101269,NA,1,100,NA
"YCL061C",3,0.507439631825863,0.0711010722013648,0.941444471193729,3,100,TRUE
"YCL063W",2,0.561231630546878,0.162114507242934,1,2,100,TRUE
"YCL064C",1,0.403498775844537,0.115467737692286,NA,1,100,NA
"YCR008W",1,0.48900150872021,0.351397116017905,NA,1,100,NA
"YCR012W",1,0.57753334565895,0.290928357226777,NA,1,100,NA
"YCR015C",1,0.462598203202743,0.149696788057151,NA,1,100,NA
"YCR017C",1,0.4709924595986,0.093143411062637,NA,1,100,NA
"YCR020C",3,0.586397986185544,0.228190803299961,0.140086915617855,3,100,FALSE
"YCR020C.A",1,0.515129136078275,0.110319229966955,NA,1,100,NA
"YCR024C.B",6,0.727530025440218,0.242899257184174,0.954137996819947,6,100,TRUE
"YCR027C",1,0.449038168094006,0.0693421182124802,NA,1,100,NA
"YCR028C.A",2,0.621505415324064,0.166204075314316,1,2,100,TRUE
"YCR030C",1,0.428330353576845,0.0356554528582229,NA,1,100,NA
"YCR031C",2,0.579874113786659,0.294374975544514,1,2,100,TRUE
"YCR032W",1,0.481067965385379,0.0436742571433906,NA,1,100,NA
"YCR033W",1,0.385125396161729,0.36723645393765,NA,1,100,NA
"YCR035C",1,0.425344477017244,0.0534454002305125,NA,1,100,NA
"YCR041W",1,0.420447327846028,0.232770792770467,NA,1,100,NA
"YCR044C",1,0.492496186802299,0.350456803918898,NA,1,100,NA
"YCR051W",4,0.606061338364599,0.187252484087759,0.789690887309987,4,100,TRUE
"YCR052W",1,0.508844056703504,0.0968026268102846,NA,1,100,NA
"YCR059C",1,0.486797097300404,0.301137595407792,NA,1,100,NA
"YCR060W",5,0.623756236833442,0.158681958446126,0.825307700341,5,100,TRUE
"YCR061W",1,0.885521462496815,0.219454462784357,NA,1,100,NA
"YCR063W",1,0.493070176839405,0.0528737667801037,NA,1,100,NA
"YCR065W",2,0.440945688814117,0.0686990155342903,-1,2,100,TRUE
"YCR066W",1,0.477009978844812,0.0528967700099465,NA,1,100,NA
"YCR071C",1,0.503035051153055,0.177294839309839,NA,1,100,NA
"YCR072C",3,0.655213410491994,0.189179138609021,0.470579354211126,3,100,FALSE
"YCR075W.A",1,0.673174643821531,0.0537460245509817,NA,1,100,NA
"YCR077C",1,0.473675298255898,0.129412732142294,NA,1,100,NA
"YCR082W",2,0.643855568465516,0.344923498611732,1,2,100,TRUE
"YCR084C",1,0.561262680978333,0.13590881717041,NA,1,100,NA
"YCR086W",2,0.384884976760498,0.0709737330790702,1,2,100,TRUE
"YCR087C.A",1,0.513294831466505,0.10712523972493,NA,1,100,NA
"YCR088W",1,0.518611286519903,0.141119604086544,NA,1,100,NA
"YCR090C",1,0.405678245480978,0.138651882586424,NA,1,100,NA
"YCR093W",1,0.616221746081389,0.0227439913755945,NA,1,100,NA
"YCR095C",1,0.485990235953297,0.0982164610021208,NA,1,100,NA
"YCR095W.A",1,0.414213202620406,0.315619344013871,NA,1,100,NA
"YCR098C",2,0.633852035852682,0.326534586202885,1,2,100,TRUE
"YCR105W",1,0.399398646478235,0.433207357510323,NA,1,100,NA
"YCR106W",10,0.59545070104734,0.598053172997906,0.999565398197687,10,100,TRUE
"YDL003W",1,0.398796088317236,0.14471979818036,NA,1,100,NA
"YDL004W",2,0.470111391515785,0.416689668787548,1,2,100,TRUE
"YDL006W",2,0.428484188483185,0.159566439470927,NA,2,100,NA
"YDL012C",1,0.524135981778129,0.0444492746780556,NA,1,100,NA
"YDL014W",1,0.486519209736751,0.0217634022109188,NA,1,100,NA
"YDL015C",1,0.571196486625,0.432210044753531,NA,1,100,NA
"YDL020C",2,0.37881156691175,0.161844158421222,1,2,100,TRUE
"YDL021W",8,0.539697940264223,0.196245270233665,0.791254849599465,8,100,TRUE
"YDL029W",1,0.619623869281637,0.142722330720951,NA,1,100,NA
"YDL030W",1,0.484506337733699,0.0563214662590543,NA,1,100,NA
"YDL035C",3,0.535271685527158,0.107277655551514,1,3,100,TRUE
"YDL036C",1,0.44104975057343,0.0471208079555352,NA,1,100,NA
"YDL037C",5,0.735924111661391,0.396675657992936,-0.451475404785314,5,100,FALSE
"YDL040C",1,0.428925434556471,0.298689960189381,NA,1,100,NA
"YDL044C",2,0.516806425962102,0.0511523306870221,-1,2,100,TRUE
"YDL045C",1,0.383477071288889,0.0293120374159924,NA,1,100,NA
"YDL046W",1,0.458847825628551,0.366548843192572,NA,1,100,NA
"YDL048C",2,0.604238714639289,0.196610171443212,1,2,100,TRUE
"YDL049C",1,0.474366005163343,0.103235892421384,NA,1,100,NA
"YDL051W",1,0.559388861212544,0.29210391274437,NA,1,100,NA
"YDL053C",2,0.475948034540324,0.290336314300954,1,2,100,TRUE
"YDL055C",3,0.613461868875986,0.227049650696445,0.996510095615332,3,100,TRUE
"YDL059C",2,0.468515378808817,0.146312265432332,1,2,100,TRUE
"YDL060W",3,0.603035225503422,0.185588996368924,-0.871914971926757,3,100,TRUE
"YDL063C",1,0.528901953239437,0.0665108783364578,NA,1,100,NA
"YDL064W",1,0.505561454285641,0.0887343450604386,NA,1,100,NA
"YDL065C",1,0.406432974936176,0.0982371276762344,NA,1,100,NA
"YDL067C",1,0.463844069355241,0.340734330622364,NA,1,100,NA
"YDL073W",1,0.428393345869664,0.313859858625136,NA,1,100,NA
"YDL074C",1,0.596329003475895,0.422675367306738,NA,1,100,NA
"YDL078C",1,0.640002234101501,0.399660254855389,NA,1,100,NA
"YDL079C",3,0.521303217912449,0.0428363340503441,-0.993598220349673,3,100,TRUE
"YDL080C",1,0.512725438899831,0.234073634948458,NA,1,100,NA
"YDL081C",2,0.504920782439761,0.265334223896903,1,2,100,TRUE
"YDL085C.A",1,0.600025193769847,0.290799819062773,NA,1,100,NA
"YDL086W",7,0.650286510854014,0.167905278504044,0.700149693076096,7,100,TRUE
"YDL087C",1,0.377717427121416,0.0874143486572694,NA,1,100,NA
"YDL091C",1,0.491447650961601,0.0295600264586442,NA,1,100,NA
"YDL092W",4,0.631851316753607,0.146853407410947,0.826208637300368,4,100,TRUE
"YDL097C",3,0.62883368883642,0.114365796436521,0.897443077976372,3,100,TRUE
"YDL101C",2,0.646452431703937,0.371664007949764,1,2,100,TRUE
"YDL107W",1,0.598987930088842,0.0878019772418955,NA,1,100,NA
"YDL110C",1,0.448521299097333,0.181853278950845,NA,1,100,NA
"YDL116W",6,0.455128989581873,0.0489976795479325,NA,6,100,NA
"YDL120W",4,0.535285932718806,0.0561037812350403,0.985382131228512,4,100,TRUE
"YDL125C",1,0.500894436626169,0.4187412608452,NA,1,100,NA
"YDL130W",1,0.626170322655464,0.202236025517087,NA,1,100,NA
"YDL131W",3,0.498933310823383,0.296479592058461,0.998213991899082,3,100,TRUE
"YDL132W",1,0.411796715229829,0.0953398193840044,NA,1,100,NA
"YDL133C.A",1,0.888650606543424,0.22288724934278,NA,1,100,NA
"YDL133W",3,0.559000691931245,0.123626743186309,-0.165557689821911,3,100,FALSE
"YDL135C",1,0.64831815633034,0.133921052733473,NA,1,100,NA
"YDL137W",1,1.0343327480542,0.449449811550899,NA,1,100,NA
"YDL138W",1,0.414605956646556,0.332976881718922,NA,1,100,NA
"YDL140C",1,0.69703393816934,0.279675653453917,NA,1,100,NA
"YDL141W",2,0.585520388308843,0.258559021595045,1,2,100,TRUE
"YDL143W",2,0.48958047884833,0.0585370633526814,1,2,100,TRUE
"YDL146W",1,0.445032852950071,0.214799882886253,NA,1,100,NA
"YDL148C",2,0.54043047527725,0.0698193363142313,1,2,100,TRUE
"YDL150W",1,0.487715096469599,0.124599332019391,NA,1,100,NA
"YDL153C",1,0.573407652156424,0.175318923328493,NA,1,100,NA
"YDL160C",2,0.496642211192527,0.100321408448208,1,2,100,TRUE
"YDL160C.A",1,0.424195369586175,0.33327164146659,NA,1,100,NA
"YDL168W",1,0.50233304803647,0.44322245831482,NA,1,100,NA
"YDL170W",2,0.468776081308255,0.212837999347427,1,2,100,TRUE
"YDL171C",2,0.373495304862787,0.255912690543263,-1,2,100,TRUE
"YDL173W",1,0.456294042108998,0.187600743071109,NA,1,100,NA
"YDL174C",1,0.617532832409719,0.204111391145314,NA,1,100,NA
"YDL177C",1,0.484603461756676,0.164667610689792,NA,1,100,NA
"YDL178W",1,0.704875636894547,0.025524217130405,NA,1,100,NA
"YDL181W",1,0.416323640463935,0.326331009419011,NA,1,100,NA
"YDL182W",3,0.638338716254105,0.332018596025802,0.584309049921961,3,100,TRUE
"YDL188C",1,0.485224334536274,0.279517992482245,NA,1,100,NA
"YDL193W",2,0.57476531058703,0.101036640139805,-1,2,100,TRUE
"YDL195W",3,0.507714147872454,0.133540654659273,0.929023326357369,3,100,TRUE
"YDL197C",1,0.459608272903097,0.0710651029589037,NA,1,100,NA
"YDL198C",2,0.503329172586609,0.184646545300386,1,2,100,TRUE
"YDL201W",2,0.482428512075849,0.0828675172819304,-1,2,100,TRUE
"YDL202W",1,0.570419503958464,0.151777402499157,NA,1,100,NA
"YDL206W",4,0.473159732100575,0.126480185309404,-0.946450522320149,4,100,TRUE
"YDL208W",3,0.52227526859054,0.281780276073959,0.324759125718868,3,100,FALSE
"YDL209C",1,0.44666136237634,0.170665319870353,NA,1,100,NA
"YDL212W",3,0.441370910606687,0.116038410582681,0.992649864067703,3,100,TRUE
"YDL214C",1,0.407100069238598,0.0520707397408583,NA,1,100,NA
"YDL225W",1,0.426219062084339,0.216348760159239,NA,1,100,NA
"YDL230W",2,0.571360008341491,0.212207691638986,-1,2,100,TRUE
"YDL231C",2,0.53916091584975,0.172971837727823,1,2,100,TRUE
"YDL232W",1,0.418519284985264,0.178565657591694,NA,1,100,NA
"YDL233W",1,0.459096049590275,0.107847678983329,NA,1,100,NA
"YDL241W",2,0.510651931862949,0.0576014037118184,1,2,100,TRUE
"YDL243C",3,0.526719547622974,0.355480078738495,-0.169917536960896,3,100,FALSE
"YDL248W",6,0.603298346025549,0.52043786152058,0.99462085376528,6,100,TRUE
"YDR002W",2,0.659945252832602,0.111956119145013,1,2,100,TRUE
"YDR011W",1,0.659398640028927,0.508896271756319,NA,1,100,NA
"YDR012W",1,0.611995854222203,0.148743778257821,NA,1,100,NA
"YDR014W",1,0.680312810098089,0.153236938281134,NA,1,100,NA
"YDR017C",1,0.363425400195854,0.168066309550438,NA,1,100,NA
"YDR023W",4,0.469467555633409,0.306473775214702,0.983416609481242,4,100,TRUE
"YDR032C",1,0.666791082306238,0.114084829829714,NA,1,100,NA
"YDR033W",1,0.415184715166897,0.264973199826083,NA,1,100,NA
"YDR041W",2,0.502058287870381,0.207233848006528,1,2,100,TRUE
"YDR043C",1,0.48447722946573,0.120614634686454,NA,1,100,NA
"YDR044W",5,0.524225158085084,0.261410518113608,0.99546532659692,5,100,TRUE
"YDR047W",5,0.49686230222389,0.234801766344903,0.96538124441868,5,100,TRUE
"YDR050C",2,0.436141502335547,0.255843833367243,NA,2,100,NA
"YDR055W",2,0.436576831572791,0.0437595556215786,1,2,100,TRUE
"YDR059C",1,0.471703313404974,0.186208566504649,NA,1,100,NA
"YDR063W",1,0.533733996112312,0.498255375494621,NA,1,100,NA
"YDR065W",1,0.494127738868746,0.0444627078439004,NA,1,100,NA
"YDR071C",1,0.630728810663838,0.356073077520572,NA,1,100,NA
"YDR073W",4,0.588113471976144,0.31234907487266,0.969359401130621,4,100,TRUE
"YDR075W",3,0.623797278799746,0.0600464448910573,0.994319982504042,3,100,TRUE
"YDR078C",10,0.591115609461082,0.111460638363894,-0.552450900516667,10,100,TRUE
"YDR079C.A",4,0.470157317771683,0.268397204375892,0.958694138866163,4,100,TRUE
"YDR079W",1,0.51502499330181,0.0526436716783264,NA,1,100,NA
"YDR082W",1,0.38772766038271,0.109714423874952,NA,1,100,NA
"YDR083W",1,0.38140828634834,0.00330781550581857,NA,1,100,NA
"YDR085C",1,0.667872950709577,0.0302536735804863,NA,1,100,NA
"YDR086C",1,0.393780701585439,0.053479154812099,NA,1,100,NA
"YDR087C",2,0.408478720767616,0.0675119266451233,1,2,100,TRUE
"YDR089W",4,0.476684084358963,0.324798293782018,-0.467155152888319,4,100,FALSE
"YDR091C",2,0.465876710439097,0.354463905498868,1,2,100,TRUE
"YDR092W",1,0.604101925950006,0.251439388483534,NA,1,100,NA
"YDR098C",1,0.494429004112904,0.259910131633802,NA,1,100,NA
"YDR099W",3,0.549726270231062,0.0753222872781134,-0.0707083210390118,3,100,FALSE
"YDR108W",2,0.478461300332279,0.0675918114663732,NA,2,100,NA
"YDR111C",3,0.465147094217327,0.100046375624442,0.823945817298545,3,100,TRUE
"YDR115W",1,0.501433864949247,0.224614992155542,NA,1,100,NA
"YDR119W.A",1,0.385126719420648,0.2556983673727,NA,1,100,NA
"YDR122W",1,0.435014233412853,0.118601748723961,NA,1,100,NA
"YDR132C",1,0.415786519787625,0.305808275856754,NA,1,100,NA
"YDR135C",2,0.474373590808389,0.181801368554924,1,2,100,TRUE
"YDR143C",1,0.52731831292707,0.0626285460903848,NA,1,100,NA
"YDR144C",3,0.641953841682817,0.456862824999879,1,3,100,TRUE
"YDR145W",1,0.494708730865473,0.134215711091857,NA,1,100,NA
"YDR148C",4,0.450593161766039,0.164038794840627,0.00658413559486549,4,100,FALSE
"YDR152W",2,0.444065451626658,0.145522559049317,-1,2,100,TRUE
"YDR155C",2,0.496609719886053,0.261290252107231,1,2,100,TRUE
"YDR158W",1,0.382119447482741,0.358098270141423,NA,1,100,NA
"YDR160W",1,0.44179076195171,0.100323595315344,NA,1,100,NA
"YDR167W",2,0.525281380822845,0.0970833447360915,1,2,100,TRUE
"YDR168W",4,0.508050328736588,0.187768704790703,0.0843486090475658,4,100,FALSE
"YDR169C",1,0.452284911203577,0.23741008190756,NA,1,100,NA
"YDR170C",1,0.510648203508477,0.264680316974552,NA,1,100,NA
"YDR172W",1,0.523922278854778,0.0987800429990787,NA,1,100,NA
"YDR174W",2,0.652958496327072,0.378260920615408,1,2,100,TRUE
"YDR176W",2,0.541968455024041,0.178764786210236,1,2,100,TRUE
"YDR178W",1,0.430446919496628,0.156078942132334,NA,1,100,NA
"YDR179C",4,0.472033877547604,0.118441444511973,0.877670429241193,4,100,TRUE
"YDR180W",1,0.538178228024958,0.202976349512178,NA,1,100,NA
"YDR182W",2,0.488232885758282,0.0475264594272679,-1,2,100,TRUE
"YDR186C",1,0.511740956510096,0.100285141096792,NA,1,100,NA
"YDR188W",2,0.431094789179632,0.0372823559516876,NA,2,100,NA
"YDR190C",2,0.565081262825583,0.0855453291214718,-1,2,100,TRUE
"YDR194C",3,0.564822527325095,0.21345651889681,0.424960409786529,3,100,FALSE
"YDR204W",1,0.479654471260955,0.161234853665846,NA,1,100,NA
"YDR208W",1,0.50964677049417,0.285535048412079,NA,1,100,NA
"YDR210W",2,0.430635277078285,0.317894700786732,1,2,100,TRUE
"YDR214W",1,0.422726253713898,0.142767875292215,NA,1,100,NA
"YDR226W",1,0.476745396114061,0.230541138003428,NA,1,100,NA
"YDR227W",6,0.570980629304447,0.129603355815587,0.0998711563079946,6,100,FALSE
"YDR231C",1,0.43838777855394,0.0237055014250393,NA,1,100,NA
"YDR233C",2,0.739337273277984,0.337318233812904,1,2,100,TRUE
"YDR234W",3,0.59936605308417,0.22248534216861,1,3,100,TRUE
"YDR235W",4,0.52385776024074,0.124289951562778,0.980006877523044,4,100,TRUE
"YDR236C",2,0.671887691930067,0.188509083602771,1,2,100,TRUE
"YDR237W",1,0.437783673398645,0.104311564390751,NA,1,100,NA
"YDR238C",1,0.486712036167883,0.12994138899058,NA,1,100,NA
"YDR243C",3,0.587307422947248,0.108865941126498,0.203469944022279,3,100,FALSE
"YDR248C",4,0.583560276175613,0.0974609004093436,0.827604409038709,4,100,TRUE
"YDR251W",2,0.406334330585277,0.0311344290644619,1,2,100,TRUE
"YDR252W",1,0.43079869938502,0.136268549693132,NA,1,100,NA
"YDR253C",2,0.464569923181477,0.344862489292436,1,2,100,TRUE
"YDR254W",3,0.747534714509338,0.420409445116509,1,3,100,TRUE
"YDR256C",1,0.360464047002402,0.0223193082042712,NA,1,100,NA
"YDR257C",1,0.394259886199719,0.0612570642040775,NA,1,100,NA
"YDR258C",1,0.502743674548377,0.184450081588251,NA,1,100,NA
"YDR259C",1,0.468600650184471,0.131588238468976,NA,1,100,NA
"YDR261C",4,0.408674697115076,0.157448304503318,0.454151833868765,4,100,FALSE
"YDR265W",1,0.434914288000429,0.142526995236164,NA,1,100,NA
"YDR266C",2,0.559462816846247,0.177715073316145,1,2,100,TRUE
"YDR268W",2,0.542472275867046,0.0700026313486041,-1,2,100,TRUE
"YDR270W",1,0.383900336972595,0.0490000596577223,NA,1,100,NA
"YDR275W",1,0.511256520547995,0.236564002327763,NA,1,100,NA
"YDR276C",1,0.425328192321556,0.342265663803229,NA,1,100,NA
"YDR284C",1,0.3958246891992,0.130561815813676,NA,1,100,NA
"YDR287W",1,0.486609961400265,0.0409773212691882,NA,1,100,NA
"YDR297W",3,0.645438389102412,0.318324149171044,0.939859349567459,3,100,TRUE
"YDR298C",2,0.523962178252369,0.493330286198518,1,2,100,TRUE
"YDR309C",2,0.555393150772359,0.283842780729004,-1,2,100,TRUE
"YDR316W",1,0.529763898096296,0.296851777597289,NA,1,100,NA
"YDR319C",1,0.560963216885957,0.154006639098889,NA,1,100,NA
"YDR321W",1,0.533426634839586,0.00703754758429404,NA,1,100,NA
"YDR322W",2,0.498317001516156,0.256480662596452,1,2,100,TRUE
"YDR326C",2,0.425502860855596,0.0157021018601587,1,2,100,TRUE
"YDR328C",3,0.65419005240921,0.0664893877522411,0.988228378348792,3,100,TRUE
"YDR329C",1,0.38610405461053,0.164468611806284,NA,1,100,NA
"YDR331W",1,0.445526443493686,0.197595128883413,NA,1,100,NA
"YDR334W",1,0.51917335603953,0.0652587557121296,NA,1,100,NA
"YDR338C",3,0.569596524021127,0.162537295167137,0.999881840000813,3,100,TRUE
"YDR341C",1,0.460772908928441,0.179264386831499,NA,1,100,NA
"YDR342C",4,0.687907956022668,0.360868021471747,0.937766490110259,4,100,TRUE
"YDR345C",1,0.439896223597074,0.110400701756117,NA,1,100,NA
"YDR346C",3,0.659904157917922,0.118929188311847,0.836097322599439,3,100,TRUE
"YDR347W",5,0.573032631157706,0.151090826332475,0.848151316931238,5,100,TRUE
"YDR350C",6,0.544576531974573,0.0794096422934736,0.885795035559132,6,100,TRUE
"YDR352W",1,0.464202836142734,0.169038497506207,NA,1,100,NA
"YDR353W",1,0.597624072497359,0.271310819854523,NA,1,100,NA
"YDR357C",1,0.496342530474607,0.199533580217392,NA,1,100,NA
"YDR361C",2,0.603062823839983,0.0359259147785699,-1,2,100,TRUE
"YDR364C",1,0.537085891187637,0.116040927438563,NA,1,100,NA
"YDR365C",2,0.567929545827602,0.163353418323588,1,2,100,TRUE
"YDR367W",1,0.635425302857723,0.402842989937812,NA,1,100,NA
"YDR370C",1,0.509744138747782,0.0203556581214008,NA,1,100,NA
"YDR374W.A",2,0.558638146010009,0.120731084297022,NA,2,100,NA
"YDR377W",3,0.50480149128848,0.46269045703529,0.991965695674295,3,100,TRUE
"YDR378C",3,0.673198429289289,0.183631843636027,1,3,100,TRUE
"YDR384C",1,0.355348952101733,0.240125102294145,NA,1,100,NA
"YDR385W",1,0.557138347048029,0.192880112398477,NA,1,100,NA
"YDR389W",1,0.413290944432173,0.136777293523441,NA,1,100,NA
"YDR390C",1,0.428812124292079,0.0281100585833973,NA,1,100,NA
"YDR393W",1,0.418826357491748,0.161955457721089,NA,1,100,NA
"YDR395W",1,0.624448253214566,0.0335323637163861,NA,1,100,NA
"YDR397C",6,0.688813570295932,0.189563635522746,0.672676737426848,6,100,TRUE
"YDR399W",4,0.549095054926478,0.23029958055339,0.984969590658321,4,100,TRUE
"YDR400W",4,0.609008355285173,0.152375079225522,0.983550865142382,4,100,TRUE
"YDR407C",1,0.511318589209871,0.0168918868138985,NA,1,100,NA
"YDR408C",1,0.755954644132574,0.198309001574024,NA,1,100,NA
"YDR410C",3,0.44187876348652,0.247084801653698,0.939609015268108,3,100,TRUE
"YDR411C",1,0.486092691415184,0.0667323802459688,NA,1,100,NA
"YDR414C",1,0.403348125552279,0.0868515609874871,NA,1,100,NA
"YDR416W",1,0.43921688992845,0.0611017909066036,NA,1,100,NA
"YDR418W",1,0.774603855737931,0.409937407154934,NA,1,100,NA
"YDR419W",2,0.495417384186289,0.128355765299404,1,2,100,TRUE
"YDR422C",1,0.462678521328956,0.0807485131267041,NA,1,100,NA
"YDR423C",1,0.432414133511821,0.17814037825533,NA,1,100,NA
"YDR425W",2,0.462847186685688,0.2010163941768,NA,2,100,NA
"YDR427W",2,0.495598696962214,0.215958817837054,1,2,100,TRUE
"YDR428C",1,0.513475984728033,0.222041965889235,NA,1,100,NA
"YDR432W",1,0.498275665043599,0.0344358804709171,NA,1,100,NA
"YDR435C",2,0.509264010238947,0.0497505354484068,1,2,100,TRUE
"YDR439W",1,0.401013711670002,0.173317850189602,NA,1,100,NA
"YDR441C",1,0.441626308592984,0.267687341936858,NA,1,100,NA
"YDR443C",1,0.371211431840146,0.137370508240257,NA,1,100,NA
"YDR447C",6,0.527885195836312,0.130666331701694,0.947841323053556,6,100,TRUE
"YDR448W",2,0.400683022190114,0.0635889729846547,1,2,100,TRUE
"YDR452W",6,0.585084802883482,0.405552683567335,0.611281787008584,6,100,TRUE
"YDR454C",2,0.657813585083037,0.078995657871346,-1,2,100,TRUE
"YDR459C",4,0.660019838122308,0.118712911003019,1,4,100,TRUE
"YDR462W",1,0.451192387951995,0.107041582911006,NA,1,100,NA
"YDR464W",1,0.424608733205764,0.0251252189661023,NA,1,100,NA
"YDR468C",2,0.493009921266914,0.120390280730619,1,2,100,TRUE
"YDR476C",4,0.484002004514673,0.0815408762125399,0.670025533286972,4,100,TRUE
"YDR483W",1,0.382294968452692,0.196869040978195,NA,1,100,NA
"YDR487C",3,0.595852843717906,0.279232076241735,-0.953684334586204,3,100,TRUE
"YDR488C",1,0.450459823829794,0.207071375097142,NA,1,100,NA
"YDR489W",2,0.41359965344356,0.0786969121936403,NA,2,100,NA
"YDR492W",1,0.496723241317114,0.138154816435744,NA,1,100,NA
"YDR495C",1,0.474610019926508,0.0368396220778477,NA,1,100,NA
"YDR496C",4,0.510492106131782,0.11654280099926,0.791287203987746,4,100,TRUE
"YDR498C",1,0.518382698039521,0.291814548526481,NA,1,100,NA
"YDR502C",1,0.503143885403201,0.317713889621725,NA,1,100,NA
"YDR505C",1,0.450871302629729,0.0438636271339558,NA,1,100,NA
"YDR508C",2,0.655596681187546,0.449787464717146,1,2,100,TRUE
"YDR512C",1,0.411177318957419,0.192467987830068,NA,1,100,NA
"YDR513W",2,0.559266996989727,0.385033367830121,1,2,100,TRUE
"YDR514C",4,0.654109286042599,0.27715989969194,0.428299211459846,4,100,FALSE
"YDR524C",2,0.506765621987885,0.163130761137331,1,2,100,TRUE
"YDR524C.B",2,0.412276131756214,0.316174935328874,1,2,100,TRUE
"YDR527W",1,0.534384716023821,0.286410884388095,NA,1,100,NA
"YDR531W",1,0.606397789710633,0.332989323184484,NA,1,100,NA
"YDR532C",1,0.462238564389951,0.0287705181363228,NA,1,100,NA
"YDR533C",1,0.541899547320988,0.502358113402506,NA,1,100,NA
"YDR534C",1,0.573021277065318,0.284655626243656,NA,1,100,NA
"YDR539W",1,0.708810327153303,0.819152912229904,NA,1,100,NA
"YEL001C",2,0.544986888573722,0.29608747704139,1,2,100,TRUE
"YEL002C",1,0.396350507739585,0.192773922066897,NA,1,100,NA
"YEL009C",2,0.646156266406538,0.0956946530909927,1,2,100,TRUE
"YEL013W",3,0.52687665876099,0.0597423088602084,0.97623409134553,3,100,TRUE
"YEL017C.A",1,0.485828897988132,0.17829761222178,NA,1,100,NA
"YEL017W",2,0.584392461372193,0.292560546820766,NA,2,100,NA
"YEL020W.A",4,0.463689434123748,0.416129779302926,0.719136020170016,4,100,TRUE
"YEL021W",1,0.52640445092837,0.275624402875092,NA,1,100,NA
"YEL030W",2,0.437480888184588,0.271638628872044,1,2,100,TRUE
"YEL031W",5,0.603227995442554,0.169156220222132,0.771078002804868,5,100,TRUE
"YEL032W",1,0.586450044112269,0.0126798704857836,NA,1,100,NA
"YEL033W",2,0.600964275806729,0.285955102021704,-1,2,100,TRUE
"YEL034W",1,0.506269989513671,0.122276485168186,NA,1,100,NA
"YEL036C",1,0.670397511276469,0.1996494845626,NA,1,100,NA
"YEL038W",5,0.596897263509343,0.411474659048396,0.988008440114251,5,100,TRUE
"YEL039C",2,0.381020221878466,0.192286171662588,1,2,100,TRUE
"YEL040W",3,0.473929553443076,0.196260939481869,0.995376504385631,3,100,TRUE
"YEL044W",2,0.604144115039713,0.31910899197315,1,2,100,TRUE
"YEL050C",2,0.524845424246636,0.379643908566569,1,2,100,TRUE
"YEL051W",1,0.457522211392705,0.456453268467405,NA,1,100,NA
"YEL053C",1,0.422504541217788,0.0523615507919127,NA,1,100,NA
"YEL055C",1,0.666504212278468,0.0255152421165743,NA,1,100,NA
"YEL062W",1,0.433746698637679,0.166237622564183,NA,1,100,NA
"YEL065W",1,0.553795329241316,0.609911643722766,NA,1,100,NA
"YEL066W",6,0.595496909471299,0.391660685764446,0.925832052724365,6,100,TRUE
"YEL068C",4,0.412640423361181,0.241177898530882,-0.930353837507287,4,100,TRUE
"YEL071W",2,0.505020915205366,0.290171498451109,-1,2,100,TRUE
"YEL077C",4,0.512112434333623,0.335866975591054,0.958622712504108,4,100,TRUE
"YER002W",1,0.509559280493673,0.0516519359985744,NA,1,100,NA
"YER004W",2,0.770508614485301,0.595682776865069,1,2,100,TRUE
"YER007C.A",3,0.435346210418585,0.0593071847608041,0.953156110244351,3,100,TRUE
"YER007W",1,0.51841425304621,0.029692831660372,NA,1,100,NA
"YER008C",1,0.556132281115118,0.189110963808352,NA,1,100,NA
"YER011W",2,0.391082421997989,0.29427490063258,1,2,100,TRUE
"YER019C.A",2,0.460955400338116,0.28018724407327,1,2,100,TRUE
"YER020W",1,0.509287100914033,0.0335173296944493,NA,1,100,NA
"YER025W",1,0.797165317729613,0.0546423211391658,NA,1,100,NA
"YER026C",1,0.475838196656301,0.25546995846076,NA,1,100,NA
"YER027C",2,0.87518883733974,0.154435489479584,NA,2,100,NA
"YER035W",1,0.479473886178281,0.00918688879369972,NA,1,100,NA
"YER036C",5,0.557619848802688,0.124546075438464,0.996300236889095,5,100,TRUE
"YER038C",1,0.431102878791129,0.113034968609654,NA,1,100,NA
"YER039C",1,0.578768501719438,0.0479108801160961,NA,1,100,NA
"YER041W",1,0.411794130649223,0.155146158757328,NA,1,100,NA
"YER042W",3,0.4346723888113,0.173283133265108,NA,3,100,NA
"YER043C",1,0.45731019311056,0.333879311942402,NA,1,100,NA
"YER045C",1,0.525981091456975,0.300666768935827,NA,1,100,NA
"YER046W",1,0.567287235731253,0.0482857086472273,NA,1,100,NA
"YER048C",1,0.713712511862928,0.228110073213794,NA,1,100,NA
"YER049W",3,0.571732885001655,0.310781662540228,0.991949573111819,3,100,TRUE
"YER050C",2,0.554201800478427,0.243177675675382,1,2,100,TRUE
"YER051W",1,0.542359714217523,0.0543054283275959,NA,1,100,NA
"YER053C.A",1,0.739571940845314,0.135278020292919,NA,1,100,NA
"YER056C",1,0.586102658503212,0.250846826224076,NA,1,100,NA
"YER057C",1,0.440570304543029,0.344605894276021,NA,1,100,NA
"YER058W",1,0.688371715900483,0.0245724701666877,NA,1,100,NA
"YER060W",1,0.462116571396297,0.392924935480531,NA,1,100,NA
"YER061C",1,0.412302355971229,0.0847206839783872,NA,1,100,NA
"YER063W",1,0.529209992014739,0.166445505996532,NA,1,100,NA
"YER064C",1,0.488426467829678,0.277674302631814,NA,1,100,NA
"YER069W",1,0.532368443510346,0.187607409510791,NA,1,100,NA
"YER073W",1,0.492500513641597,0.275230196999388,NA,1,100,NA
"YER074W.A",1,0.43773516653677,0.243444202111965,NA,1,100,NA
"YER082C",1,0.673344936747523,0.103305019093368,NA,1,100,NA
"YER092W",1,0.456089028944648,0.0614330572101513,NA,1,100,NA
"YER093C.A",1,0.526552446524667,0.253919555747989,NA,1,100,NA
"YER095W",1,0.393223336526017,0.382767402216731,NA,1,100,NA
"YER101C",1,0.398850628101653,0.0114692484698375,NA,1,100,NA
"YER105C",1,0.425917276127312,0.144018980498079,NA,1,100,NA
"YER113C",1,0.519664802005645,0.066803822363037,NA,1,100,NA
"YER115C",7,0.689106044589066,0.399746136151192,0.991408780703474,7,100,TRUE
"YER122C",1,0.577884171871416,0.191351755560726,NA,1,100,NA
"YER125W",1,0.60010818019458,0.276316251167691,NA,1,100,NA
"YER126C",3,0.525584362956842,0.152484811780358,0.95559364116645,3,100,TRUE
"YER127W",3,0.732749304902742,0.131254055842107,0.999652252329649,3,100,TRUE
"YER129W",2,0.42421484692139,0.0906041418313215,1,2,100,TRUE
"YER137C",1,0.436548754346092,0.0719658128901934,NA,1,100,NA
"YER139C",6,0.650644251547663,0.259423888306992,0.999367654233288,6,100,TRUE
"YER140W",1,0.492532762593999,0.0703946300158031,NA,1,100,NA
"YER143W",2,0.517559706795776,0.395296563163863,1,2,100,TRUE
"YER144C",1,0.517052295809167,0.189454666354615,NA,1,100,NA
"YER145C",4,0.580437736215528,0.243567779125488,0.981292575322061,4,100,TRUE
"YER146W",1,0.541551085433526,0.156567039775743,NA,1,100,NA
"YER150W",5,0.452024882411077,0.142719758612904,-0.312502016937271,5,100,FALSE
"YER151C",1,0.45857804526711,0.160440986494997,NA,1,100,NA
"YER152C",1,0.419984155728912,0.0393657421235096,NA,1,100,NA
"YER154W",6,0.602630244004919,0.26163475211576,0.718246245936824,6,100,TRUE
"YER158C",3,0.551469418062633,0.194814053001114,0.0922728766507241,3,100,FALSE
"YER163C",1,0.424425329893433,0.00553197830649051,NA,1,100,NA
"YER177W",4,0.547125805036056,0.216075853383517,0.0327627914577345,4,100,FALSE
"YER180C.A",1,0.526307424286384,0.128861098034542,NA,1,100,NA
"YER182W",1,0.441890163854051,0.135513926783603,NA,1,100,NA
"YER183C",1,0.473167195827799,0.234544363989978,NA,1,100,NA
"YER185W",4,0.634218401035164,0.193255015323434,0.94537852282955,4,100,TRUE
"YER186C",9,0.646110627446477,0.505312075137827,0.00367306440843951,9,100,FALSE
"YER187W",7,0.579986013442337,0.342091100041376,0.958014337559563,7,100,TRUE
"YFL002C",3,0.570501235399928,0.104497463071943,0.960442116144948,3,100,TRUE
"YFL004W",1,0.713575318185824,0.513059319435101,NA,1,100,NA
"YFL005W",1,0.535539664104529,0.100007920503932,NA,1,100,NA
"YFL010C",3,0.487478712527086,0.290028561616516,0.932042765851038,3,100,TRUE
"YFL013C",1,0.478669787580254,0.178333136178908,NA,1,100,NA
"YFL017C",1,0.378711652556116,0.0405177231275475,NA,1,100,NA
"YFL017W.A",1,0.746423206326101,0.219072594724342,NA,1,100,NA
"YFL018C",1,0.466429254062405,0.315014250548327,NA,1,100,NA
"YFL021W",2,0.610504409033533,0.316486901584372,-1,2,100,TRUE
"YFL034C.B",1,0.543815644906191,0.119406612258933,NA,1,100,NA
"YFL034W",1,0.597095617696591,0.00744213376611528,NA,1,100,NA
"YFL037W",1,0.472709017986425,0.322268603084114,NA,1,100,NA
"YFL038C",3,0.744458981083879,0.0947806171633129,0.397837409800191,3,100,FALSE
"YFL045C",1,0.540501201079326,0.154593698430343,NA,1,100,NA
"YFL047W",1,0.537192843860795,0.179150968548456,NA,1,100,NA
"YFL051C",2,0.550226255802053,0.196304234962095,1,2,100,TRUE
"YFL062W",3,0.551216903096105,0.516962121704276,0.974407979637389,3,100,TRUE
"YFR001W",1,0.419462623745288,0.0961354749539866,NA,1,100,NA
"YFR006W",4,0.487777111430105,0.158677545788539,-0.285036818786674,4,100,FALSE
"YFR009W",1,0.451989300276958,0.0732495036377185,NA,1,100,NA
"YFR013W",5,0.422531247762711,0.214874332457067,0.788398468474903,5,100,TRUE
"YFR016C",2,0.431635134333817,0.054346183287514,1,2,100,TRUE
"YFR017C",1,0.443211582433013,0.0104620399330049,NA,1,100,NA
"YFR018C",1,0.532144991026469,0.165518664657797,NA,1,100,NA
"YFR020W",5,0.543174405211533,0.452563616310901,0.921883746233935,5,100,TRUE
"YFR022W",1,0.546540398801834,0.19796701787592,NA,1,100,NA
"YFR025C",1,0.394877366038341,0.132957672688437,NA,1,100,NA
"YFR026C",1,0.591593542063186,0.197458469937508,NA,1,100,NA
"YFR030W",7,0.51057832595813,0.363625627383472,0.950079301590155,7,100,TRUE
"YFR031C.A",2,0.464127255512783,0.129400075956959,1,2,100,TRUE
"YFR033C",1,0.527256787527633,0.448794370826761,NA,1,100,NA
"YFR038W",1,0.454002911756718,0.194799481531269,NA,1,100,NA
"YFR048W",1,0.508681880038639,0.0604232180037652,NA,1,100,NA
"YFR050C",1,0.596265556328761,0.287053143866759,NA,1,100,NA
"YFR055W",2,0.558083927433631,0.424302460464016,1,2,100,TRUE
"YGL001C",1,0.464343781395027,0.0706139565259219,NA,1,100,NA
"YGL004C",2,0.436695025207929,0.0681050592455582,-1,2,100,TRUE
"YGL005C",1,0.430261823837671,0.0632782204812462,NA,1,100,NA
"YGL008C",3,0.67165361531794,0.0538336398437659,NA,3,100,NA
"YGL009C",3,0.563521215292525,0.262318724203686,1,3,100,TRUE
"YGL011C",2,0.66890735118532,0.166031680547311,1,2,100,TRUE
"YGL012W",2,0.535344286030875,0.320732954744383,1,2,100,TRUE
"YGL020C",1,0.48419235502121,0.125693636768874,NA,1,100,NA
"YGL023C",1,0.382728708742307,0.00761964126010897,NA,1,100,NA
"YGL029W",2,0.654484388676142,0.119084798835462,1,2,100,TRUE
"YGL033W",1,0.418976173512715,0.0883932051980088,NA,1,100,NA
"YGL037C",1,0.613620014652429,0.278902809047427,NA,1,100,NA
"YGL039W",1,0.471898494878733,0.380777050946103,NA,1,100,NA
"YGL043W",2,0.463861012277077,0.108320680140338,-1,2,100,TRUE
"YGL044C",1,0.590710370280993,0.273266710275368,NA,1,100,NA
"YGL045W",6,0.526293805156149,0.169179850808185,0.960771815466566,6,100,TRUE
"YGL047W",2,0.697066553857361,0.207420518267941,1,2,100,TRUE
"YGL055W",2,0.800324937869052,0.419971581842087,1,2,100,TRUE
"YGL058W",2,0.436342265635129,0.200400465120225,1,2,100,TRUE
"YGL060W",1,0.464080144571574,0.27508011012872,NA,1,100,NA
"YGL064C",1,0.457169297844557,0.136767514480074,NA,1,100,NA
"YGL067W",2,0.396317075192384,0.260610003730904,NA,2,100,NA
"YGL068W",3,0.580502993287713,0.291000458584197,0.999219678078115,3,100,TRUE
"YGL071W",1,0.508005030440291,0.359117589064585,NA,1,100,NA
"YGL073W",1,0.400506558965528,0.0998525020075278,NA,1,100,NA
"YGL077C",1,0.428583691017188,0.267616217680041,NA,1,100,NA
"YGL078C",4,0.606206829316268,0.0572935675274186,0.527994024892154,4,100,TRUE
"YGL084C",1,0.484455429812457,0.0500094980265718,NA,1,100,NA
"YGL091C",1,0.700209855883966,0.138056461144011,NA,1,100,NA
"YGL095C",2,0.487685610340854,0.132690207097502,1,2,100,TRUE
"YGL097W",1,0.57955224080857,0.181579624648857,NA,1,100,NA
"YGL098W",2,0.429853469648169,0.103779459837828,-1,2,100,TRUE
"YGL099W",1,0.707694430269518,0.138889638022602,NA,1,100,NA
"YGL100W",1,0.633006701839548,0.1688858254795,NA,1,100,NA
"YGL101W",4,0.619986286029182,0.155474523352007,0.204809814785478,4,100,FALSE
"YGL104C",2,0.433810118590135,0.159471114079076,NA,2,100,NA
"YGL105W",3,0.559364008443472,0.168825908243945,0.927202497966453,3,100,TRUE
"YGL106W",1,0.487429522505103,0.461886038596431,NA,1,100,NA
"YGL113W",1,0.455682771827902,0.0318041973626191,NA,1,100,NA
"YGL115W",1,0.490280440135558,0.119910864183811,NA,1,100,NA
"YGL116W",3,0.446944433314905,0.0572923339516622,-0.599904443681342,3,100,TRUE
"YGL117W",1,0.422597718714587,0.239535213401641,NA,1,100,NA
"YGL120C",1,0.439519201069899,0.0412763800593819,NA,1,100,NA
"YGL121C",1,0.529450264301804,0.149896915675431,NA,1,100,NA
"YGL123W",2,0.673747396612881,0.232042584962826,1,2,100,TRUE
"YGL124C",3,0.54497857347358,0.0415335324536336,0.889302485527331,3,100,TRUE
"YGL127C",7,0.646187475732151,0.145825657104747,0.861289125652822,7,100,TRUE
"YGL128C",1,0.448274968971695,0.0890383647439839,NA,1,100,NA
"YGL134W",2,0.418784159953489,0.24686025969311,1,2,100,TRUE
"YGL140C",1,0.486940909985841,0.338881934262899,NA,1,100,NA
"YGL144C",1,0.480779348173242,0.0768359087765946,NA,1,100,NA
"YGL148W",1,0.589854667189084,0.251103077340734,NA,1,100,NA
"YGL153W",3,0.59253533878918,0.122452920187869,0.997562038256709,3,100,TRUE
"YGL156W",1,0.544731614354324,0.00565982021665182,NA,1,100,NA
"YGL161C",1,0.476193793055409,0.257585768500982,NA,1,100,NA
"YGL162W",2,0.495542566615877,0.200938718297054,1,2,100,TRUE
"YGL163C",2,0.44648835139102,0.0996341587165306,1,2,100,TRUE
"YGL166W",3,0.699247959623913,0.203241137765944,0.89565880111521,3,100,TRUE
"YGL171W",1,0.661433945330055,0.300523821741055,NA,1,100,NA
"YGL173C",1,0.538450845318923,0.14018585444205,NA,1,100,NA
"YGL174W",2,0.5598584970608,0.306188960016316,NA,2,100,NA
"YGL175C",1,0.39262546613158,0.0159398682830577,NA,1,100,NA
"YGL178W",1,0.418465121577259,0.129856531019684,NA,1,100,NA
"YGL180W",1,0.459363508995294,0.083052197895749,NA,1,100,NA
"YGL187C",1,0.554480824824755,0.225640794878188,NA,1,100,NA
"YGL191W",1,0.574099340563277,0.401441244777647,NA,1,100,NA
"YGL192W",1,0.388658065159959,0.229113848177375,NA,1,100,NA
"YGL195W",1,0.547544266838765,0.141274342082383,NA,1,100,NA
"YGL196W",1,0.427716042448425,0.214369291768271,NA,1,100,NA
"YGL201C",2,0.461852751531301,0.0542595740169572,1,2,100,TRUE
"YGL206C",1,0.521630064719921,0.111837038347071,NA,1,100,NA
"YGL207W",1,0.515622505385186,0.166215090388535,NA,1,100,NA
"YGL208W",1,0.539517567466915,0.124078981005841,NA,1,100,NA
"YGL210W",2,0.619690232764073,0.218176488168169,-1,2,100,TRUE
"YGL211W",1,0.426103343589193,0.136961346587678,NA,1,100,NA
"YGL215W",2,0.478198602209608,0.201425504916487,1,2,100,TRUE
"YGL220W",1,0.514431029444611,0.0338044184360366,NA,1,100,NA
"YGL222C",1,0.48197662572361,0.131224797606087,NA,1,100,NA
"YGL225W",2,0.431551376859055,0.314305675867185,NA,2,100,NA
"YGL231C",1,0.378533979201801,0.00513351697446018,NA,1,100,NA
"YGL232W",1,0.529488737042668,0.163153182285438,NA,1,100,NA
"YGL233W",1,0.465986258628668,0.184751188794011,NA,1,100,NA
"YGL234W",3,0.569260997307603,0.117084042761746,-0.779242978352878,3,100,TRUE
"YGL236C",2,0.481806526367212,0.062173315333967,1,2,100,TRUE
"YGL238W",1,0.460527877560834,0.0988640535934552,NA,1,100,NA
"YGL245W",2,0.629504135635319,0.210267625169602,1,2,100,TRUE
"YGL246C",1,0.502147396986117,0.110255476481367,NA,1,100,NA
"YGL251C",1,0.669872144775487,0.423819543856024,NA,1,100,NA
"YGL255W",4,0.583961104734976,0.446071002884247,0.977752384715492,4,100,TRUE
"YGL257C",4,0.471861052799442,0.157462141714282,-0.134431699167952,4,100,FALSE
"YGR002C",1,0.631935859206626,0.0357852109264085,NA,1,100,NA
"YGR003W",1,0.527749560848762,0.0492760301302872,NA,1,100,NA
"YGR004W",1,0.518922725404632,0.159454123680926,NA,1,100,NA
"YGR008C",1,0.525089128553029,0.0756083401087747,NA,1,100,NA
"YGR010W",1,1.01605599800714,0.149099256964133,NA,1,100,NA
"YGR014W",1,0.587270079383288,0.0318495290511217,NA,1,100,NA
"YGR016W",5,0.46192710147345,0.0635157783602135,-0.633505336593121,5,100,TRUE
"YGR019W",1,0.616544895745696,0.250031419761674,NA,1,100,NA
"YGR020C",2,0.648292166158287,0.289186257602793,1,2,100,TRUE
"YGR029W",1,0.425728631630435,0.266422421204036,NA,1,100,NA
"YGR033C",2,0.520212977470307,0.308869800225889,-1,2,100,TRUE
"YGR038W",3,0.504290087844875,0.161704048216447,1,3,100,TRUE
"YGR048W",1,0.672370680808061,0.0524563892601613,NA,1,100,NA
"YGR054W",1,0.585886660347021,0.0376662161312827,NA,1,100,NA
"YGR065C",1,0.599832314751149,0.244106598823774,NA,1,100,NA
"YGR068C",1,0.538035456032531,0.041990421426444,NA,1,100,NA
"YGR071C",2,0.57973319758296,0.0621946088737689,-1,2,100,TRUE
"YGR078C",2,0.421705535561895,0.213252762439582,-1,2,100,TRUE
"YGR079W",6,0.370426165687509,0.298239662780278,NA,6,100,NA
"YGR086C",2,0.477854949818401,0.296590933377862,1,2,100,TRUE
"YGR090W",1,0.461119402746141,0.00467552671522014,NA,1,100,NA
"YGR095C",2,0.550270931074264,0.175640341806492,1,2,100,TRUE
"YGR096W",3,0.543493362505349,0.168207562448687,0.999944615782443,3,100,TRUE
"YGR098C",1,0.604023388807053,0.0698054504264025,NA,1,100,NA
"YGR101W",1,0.446323635461475,0.103963550822941,NA,1,100,NA
"YGR103W",1,0.5190213374832,0.112359326107875,NA,1,100,NA
"YGR104C",9,0.592642374018262,0.157189831260189,0.433200029907852,9,100,FALSE
"YGR106C",3,0.483833721915216,0.179688792167348,0.997026461439677,3,100,TRUE
"YGR110W",2,0.458871779655275,0.283272900441003,1,2,100,TRUE
"YGR111W",1,0.379560297203597,0.0674536119910373,NA,1,100,NA
"YGR116W",2,0.523677685305132,0.328098869096493,1,2,100,TRUE
"YGR118W",3,0.683461154971628,0.369492816282994,0.999496150599871,3,100,TRUE
"YGR124W",1,0.457146252184886,0.272009868781015,NA,1,100,NA
"YGR128C",1,0.520050544058964,0.150409622539044,NA,1,100,NA
"YGR129W",2,0.525749756662257,0.0210920059686758,NA,2,100,NA
"YGR130C",1,0.448064881134372,0.151642796643266,NA,1,100,NA
"YGR131W",1,0.414418478747072,0.216961931667785,NA,1,100,NA
"YGR133W",6,0.603211196641845,0.195484949316546,0.989419454256112,6,100,TRUE
"YGR134W",1,0.461565166865258,0.147978448698136,NA,1,100,NA
"YGR135W",1,0.593904842563625,0.193208728079083,NA,1,100,NA
"YGR136W",1,0.441135121675225,0.0732460692309951,NA,1,100,NA
"YGR138C",2,0.573384520397932,0.101388269654253,1,2,100,TRUE
"YGR141W",1,0.518858382268077,0.0484687610003846,NA,1,100,NA
"YGR142W",1,0.381982860149242,0.239536085414327,NA,1,100,NA
"YGR146C",1,0.425802081584792,0.199603984870354,NA,1,100,NA
"YGR146C.A",1,0.446188250033183,0.0804541322491577,NA,1,100,NA
"YGR147C",1,0.479828818642927,0.227952605192913,NA,1,100,NA
"YGR148C",1,0.778063435355893,0.270020286288018,NA,1,100,NA
"YGR150C",1,0.396334942817016,0.116136988655919,NA,1,100,NA
"YGR153W",1,0.385787113262448,0.107128104686903,NA,1,100,NA
"YGR154C",4,0.460370072391684,0.218514153278437,0.92920920013863,4,100,TRUE
"YGR155W",3,0.485406095468571,0.312163843848364,1,3,100,TRUE
"YGR157W",5,0.604772994182989,0.370932185990204,0.986205179249631,5,100,TRUE
"YGR159C",2,0.515001065406452,0.283350440251642,1,2,100,TRUE
"YGR161C",1,0.413879168510817,0.135998447836309,NA,1,100,NA
"YGR163W",1,0.770152005292716,0.144330887251463,NA,1,100,NA
"YGR165W",5,0.450283733376181,0.22071777145296,0.998492297398297,5,100,TRUE
"YGR167W",1,0.378580620158895,0.05768367994951,NA,1,100,NA
"YGR169C",1,0.428931242226737,0.163249957209597,NA,1,100,NA
"YGR170W",1,0.524011641706833,0.0193684126844818,NA,1,100,NA
"YGR173W",1,0.418406057781024,0.149322630998321,NA,1,100,NA
"YGR175C",1,0.613409033031105,0.333660985127403,NA,1,100,NA
"YGR177C",5,0.647606780154118,0.362676045283834,0.989996210771924,5,100,TRUE
"YGR178C",2,0.563208901595676,0.0400498765964062,1,2,100,TRUE
"YGR181W",1,0.413432742519488,0.288097589169144,NA,1,100,NA
"YGR183C",1,0.552376457176765,0.378310466466873,NA,1,100,NA
"YGR185C",2,0.607553229812142,0.255308472692014,-1,2,100,TRUE
"YGR192C",7,0.498765915507038,0.284006498313539,0.974772675127049,7,100,TRUE
"YGR195W",1,0.445823807974781,0.0192639635090833,NA,1,100,NA
"YGR197C",1,0.476087387267862,0.173730430997418,NA,1,100,NA
"YGR201C",8,0.581640198696273,0.163975981663954,0.746612993061605,8,100,TRUE
"YGR203W",1,0.530589636605795,0.227595199554611,NA,1,100,NA
"YGR204W",1,0.574162311454688,0.0732553815111246,NA,1,100,NA
"YGR205W",1,0.418255124078886,0.131719471034002,NA,1,100,NA
"YGR206W",2,0.645063384286895,0.13697216078628,1,2,100,TRUE
"YGR209C",1,0.475150488398222,0.233599556567511,NA,1,100,NA
"YGR214W",1,0.678294777504869,0.413704856964841,NA,1,100,NA
"YGR215W",2,0.582443529727771,0.34567620789422,-1,2,100,TRUE
"YGR217W",1,0.474490094084766,0.0179351063681813,NA,1,100,NA
"YGR218W",1,0.387290486707856,0.111424879700166,NA,1,100,NA
"YGR229C",1,0.578970242879583,0.206779244322193,NA,1,100,NA
"YGR230W",8,0.57020107917587,0.244460874885583,0.905033043006185,8,100,TRUE
"YGR231C",2,0.72689146037897,0.326793353460458,1,2,100,TRUE
"YGR232W",2,0.634213143147814,0.151129169750051,1,2,100,TRUE
"YGR234W",3,0.495089148822287,0.381997852296902,0.935656139852411,3,100,TRUE
"YGR235C",1,0.489999886558558,0.0847804490924356,NA,1,100,NA
"YGR238C",4,0.586218518135268,0.285849533951397,-0.0744819406818771,4,100,FALSE
"YGR240C",1,0.458737309357313,0.109161366921026,NA,1,100,NA
"YGR243W",2,0.519391948157534,0.343667993604924,1,2,100,TRUE
"YGR253C",2,0.544942258587039,0.200161087043216,1,2,100,TRUE
"YGR260W",3,0.460229147732217,0.303839456112491,0.988859559897938,3,100,TRUE
"YGR264C",1,0.52841273142124,0.287188087028976,NA,1,100,NA
"YGR267C",1,0.490855471454429,0.0855361478711862,NA,1,100,NA
"YGR270W",1,0.547202853361552,0.228457888558762,NA,1,100,NA
"YGR279C",4,0.642903909700856,0.252832952309535,-1,4,100,TRUE
"YGR280C",2,0.648166074271304,0.240184338920855,1,2,100,TRUE
"YGR281W",1,0.8081354075412,0.197579549258701,NA,1,100,NA
"YGR283C",1,0.532562034906921,0.135467203433223,NA,1,100,NA
"YGR285C",1,0.598386075988248,0.377715761170885,NA,1,100,NA
"YGR287C",1,0.507112486868489,0.0535025176499377,NA,1,100,NA
"YGR295C",3,0.49186506059602,0.360740759556024,0.39635282356427,3,100,FALSE
"YHL002W",1,0.483631011648737,0.0360046576308659,NA,1,100,NA
"YHL003C",2,0.515696130332359,0.124639801005821,1,2,100,TRUE
"YHL004W",3,0.41429925365915,0.312439952652343,1,3,100,TRUE
"YHL008C",4,0.47016126591608,0.112115348250104,0.999991693976459,4,100,TRUE
"YHL011C",1,0.415966330446743,0.222979251578242,NA,1,100,NA
"YHL013C",1,0.54641433150799,0.170958888747551,NA,1,100,NA
"YHL014C",2,0.506061360374085,0.0731869904399574,1,2,100,TRUE
"YHL015W",1,0.54144708266489,0.245810270851602,NA,1,100,NA
"YHL017W",1,0.44703291906048,0.141178827723888,NA,1,100,NA
"YHL019C",1,0.458949889263515,0.0362757852091672,NA,1,100,NA
"YHL020C",2,0.505295226776346,0.154823024334515,1,2,100,TRUE
"YHL021C",1,0.626596767565444,0.284748208857266,NA,1,100,NA
"YHL023C",2,0.510555413320284,0.101638847054305,1,2,100,TRUE
"YHL042W",3,0.404205595150371,0.157803371023776,0.988164953311545,3,100,TRUE
"YHL044W",1,0.519988874291734,0.105243836415421,NA,1,100,NA
"YHL047C",3,0.499698344052772,0.314689854544476,0.936319753063218,3,100,TRUE
"YHL048W",1,0.505239120316187,0.510150812770084,NA,1,100,NA
"YHR001W.A",1,0.514034795550349,0.384237626131464,NA,1,100,NA
"YHR004C",1,0.386690145059893,0.136264327796579,NA,1,100,NA
"YHR008C",1,0.660440326741835,0.37001869086817,NA,1,100,NA
"YHR009C",1,0.676762843433597,0.43562042327871,NA,1,100,NA
"YHR011W",1,0.388431503044478,0.0901270820838064,NA,1,100,NA
"YHR012W",1,0.489206674313515,0.297777078084338,NA,1,100,NA
"YHR018C",2,0.519411150965527,0.423557153493588,1,2,100,TRUE
"YHR019C",2,0.547177223576742,0.131049680150075,1,2,100,TRUE
"YHR020W",1,0.464651602918895,0.156538226431326,NA,1,100,NA
"YHR023W",1,0.513073114533564,0.0109298909004372,NA,1,100,NA
"YHR025W",2,0.581769925868246,0.196810752132471,1,2,100,TRUE
"YHR029C",6,0.555975939593226,0.32302660175902,0.980960669933851,6,100,TRUE
"YHR030C",1,0.609905238618522,0.178976097758998,NA,1,100,NA
"YHR036W",1,0.53247399765939,0.208880571192272,NA,1,100,NA
"YHR037W",4,0.590571391719007,0.390157890756986,0.983515633521815,4,100,TRUE
"YHR043C",5,0.622208070204238,0.346256919009145,0.946215719684957,5,100,TRUE
"YHR044C",1,0.379842899811982,0.27983694082901,NA,1,100,NA
"YHR046C",2,0.455172086831946,0.0597918914401393,1,2,100,TRUE
"YHR047C",4,0.589662373492814,0.494303519984604,0.998689333633407,4,100,TRUE
"YHR049W",1,0.427475099261994,0.346275407487244,NA,1,100,NA
"YHR051W",1,0.57285221623838,0.353316547934486,NA,1,100,NA
"YHR052W",1,0.401157834804881,0.182682093183342,NA,1,100,NA
"YHR058C",1,0.604711824886472,0.0641483135332465,NA,1,100,NA
"YHR066W",2,0.706485281481686,0.0408555781397205,1,2,100,TRUE
"YHR070W",2,0.601475209633802,0.363793023996079,1,2,100,TRUE
"YHR071W",2,0.515228200140336,0.250882624936797,-1,2,100,TRUE
"YHR072W",1,0.464607577164353,0.132908694846801,NA,1,100,NA
"YHR073W",1,0.505733107972127,0.126763009124541,NA,1,100,NA
"YHR076W",1,0.518630851779651,0.119488025996659,NA,1,100,NA
"YHR078W",1,0.427725176168857,0.0971597617974766,NA,1,100,NA
"YHR081W",1,0.550806936782914,0.17371796944922,NA,1,100,NA
"YHR086W",1,0.439961864113781,0.381736173428538,NA,1,100,NA
"YHR089C",1,0.430319566018816,0.104534897390473,NA,1,100,NA
"YHR092C",2,0.521428677764936,0.335923415424982,-1,2,100,TRUE
"YHR097C",2,0.465035024552013,0.143936051156737,-1,2,100,TRUE
"YHR099W",1,0.579980544142227,0.284984639980038,NA,1,100,NA
"YHR102W",2,0.482042997182974,0.0990784153002921,-1,2,100,TRUE
"YHR103W",1,0.466245510278394,0.102239857412148,NA,1,100,NA
"YHR110W",2,0.488881627749405,0.248552524868247,1,2,100,TRUE
"YHR113W",1,0.691934891724691,0.242313502732898,NA,1,100,NA
"YHR117W",1,0.496734214123166,0.160787562127702,NA,1,100,NA
"YHR120W",1,0.590140483423945,0.176920876474731,NA,1,100,NA
"YHR123W",1,0.501300911721774,0.0294693951136318,NA,1,100,NA
"YHR124W",4,0.505656111911248,0.176737561041894,0.909029303092634,4,100,TRUE
"YHR132W.A",3,0.571729113008842,0.185258856672597,-0.357711564063345,3,100,FALSE
"YHR135C",2,0.464200056163318,0.173183942246347,1,2,100,TRUE
"YHR136C",2,0.636730033254568,0.252559594799342,1,2,100,TRUE
"YHR142W",4,0.506560165061691,0.0627196780095691,0.903575611939151,4,100,TRUE
"YHR143W",1,0.406415347519863,0.106045928671301,NA,1,100,NA
"YHR146W",1,0.437648637853792,0.295780696500657,NA,1,100,NA
"YHR147C",5,0.529925312877528,0.307060996312809,0.99273556960616,5,100,TRUE
"YHR148W",2,0.442303909163186,0.0892913992885652,1,2,100,TRUE
"YHR150W",1,0.569245128771275,0.095831586723533,NA,1,100,NA
"YHR152W",3,0.618481996700869,0.164989156931386,1,3,100,TRUE
"YHR158C",2,0.575361311317535,0.122670066900651,-1,2,100,TRUE
"YHR161C",1,0.46769572218085,0.0275117650414889,NA,1,100,NA
"YHR169W",3,0.574524007267599,0.0876761254538744,-0.0265180095500024,3,100,FALSE
"YHR170W",1,0.42733160015707,0.407591556106037,NA,1,100,NA
"YHR171W",2,0.448296471988179,0.0962310985214097,-1,2,100,TRUE
"YHR174W",1,0.467148899009434,0.242530880930734,NA,1,100,NA
"YHR186C",1,0.413579569916406,0.0869956954075255,NA,1,100,NA
"YHR187W",1,0.373113679985029,0.110140814828925,NA,1,100,NA
"YHR190W",2,0.520808002695364,0.364636055275505,1,2,100,TRUE
"YHR191C",4,0.612756457915522,0.175684756236938,-0.935468482956633,4,100,TRUE
"YHR197W",1,0.494076164497685,0.156879510868659,NA,1,100,NA
"YHR199C",1,0.441999701507253,0.0994508341117298,NA,1,100,NA
"YHR200W",1,0.538719115429269,0.162725592213104,NA,1,100,NA
"YHR201C",1,0.404881892668595,0.216101955762441,NA,1,100,NA
"YHR202W",1,0.415989660628054,0.0423270088857871,NA,1,100,NA
"YHR203C",4,0.608354754958678,0.434383706413468,0.960053129421606,4,100,TRUE
"YHR208W",1,0.499159832169806,0.23664465517889,NA,1,100,NA
"YHR209W",2,0.559385702219068,0.0294578427226409,1,2,100,TRUE
"YHR215W",2,0.685087496475765,0.180551635711945,1,2,100,TRUE
"YHR216W",3,0.442671506386259,0.421584037110068,0.999916082666876,3,100,TRUE
"YIL002C",1,0.480106944156223,0.170766680266633,NA,1,100,NA
"YIL003W",2,0.481368190449847,0.235900706120033,1,2,100,TRUE
"YIL004C",1,0.434932535274124,0.207851223358937,NA,1,100,NA
"YIL007C",1,0.478125581362518,0.248840187401788,NA,1,100,NA
"YIL008W",1,0.58619320631832,0.282879495400129,NA,1,100,NA
"YIL010W",2,0.660320915965412,0.175514021266466,-1,2,100,TRUE
"YIL011W",2,0.482453040020232,0.365068469866399,1,2,100,TRUE
"YIL014W",2,0.493799138830407,0.168596253321972,1,2,100,TRUE
"YIL017C",1,0.37931203640092,0.105224447941072,NA,1,100,NA
"YIL018W",2,0.499631915037767,0.228272216571526,1,2,100,TRUE
"YIL019W",3,0.639313360325178,0.162229962169742,0.99176484962818,3,100,TRUE
"YIL020C",1,0.712205541972798,0.24182818295437,NA,1,100,NA
"YIL021W",1,0.462219204741769,0.147036632796831,NA,1,100,NA
"YIL026C",2,0.59878310312087,0.0889223987396114,NA,2,100,NA
"YIL029C",3,0.614033348035167,0.489574138560567,0.996978554594727,3,100,TRUE
"YIL033C",3,0.643845762780012,0.218104888258206,0.957166422011621,3,100,TRUE
"YIL035C",1,0.510813285058259,0.228083760990949,NA,1,100,NA
"YIL038C",2,0.482351959038867,0.145584120118258,1,2,100,TRUE
"YIL041W",3,0.55724967867164,0.448439739221978,1,3,100,TRUE
"YIL043C",2,0.524540922957171,0.265935575273206,1,2,100,TRUE
"YIL051C",1,0.73478668905353,0.597952401868567,NA,1,100,NA
"YIL056W",1,0.482118383008562,0.408398107836126,NA,1,100,NA
"YIL062C",1,0.413199603293446,0.0893108948340469,NA,1,100,NA
"YIL065C",1,0.637793021381647,0.214770351484718,NA,1,100,NA
"YIL069C",2,0.503212722705182,0.309474393082264,1,2,100,TRUE
"YIL070C",3,0.530579958581462,0.240469597223326,0.74462190725715,3,100,TRUE
"YIL076W",1,0.514968898410134,0.210405422157314,NA,1,100,NA
"YIL078W",2,0.527622495169172,0.285142321250824,1,2,100,TRUE
"YIL088C",2,0.471282826470503,0.10768134643847,1,2,100,TRUE
"YIL091C",1,0.453364965496506,0.309389062832469,NA,1,100,NA
"YIL092W",2,0.668800455822135,0.270948945428932,1,2,100,TRUE
"YIL093C",2,0.447297464943515,0.230192279694681,1,2,100,TRUE
"YIL094C",2,0.544891691069213,0.285311871437431,-1,2,100,TRUE
"YIL096C",5,0.520115950861649,0.288070953113333,0.91596686005653,5,100,TRUE
"YIL097W",1,0.399378573332824,0.0645298446155588,NA,1,100,NA
"YIL098C",6,0.386047652452293,0.28421028026496,NA,6,100,NA
"YIL102C.A",2,0.580669733901328,0.342003875659218,1,2,100,TRUE
"YIL103W",1,0.438197138041426,0.131035207694508,NA,1,100,NA
"YIL105C",1,0.386426629723566,0.03456675228248,NA,1,100,NA
"YIL107C",1,0.519598221714567,0.123260715519855,NA,1,100,NA
"YIL110W",3,0.448203950126276,0.224726499149927,-1,3,100,TRUE
"YIL113W",2,0.420940066951173,0.0738338155770735,NA,2,100,NA
"YIL114C",5,0.544655446795005,0.262019504783697,1,5,100,TRUE
"YIL115C",1,0.459019736418892,0.0384354277493349,NA,1,100,NA
"YIL118W",1,0.509960160592106,0.160308906776673,NA,1,100,NA
"YIL119C",1,0.545005497123904,0.420650165832116,NA,1,100,NA
"YIL120W",2,0.537007302927823,0.418467331216412,1,2,100,TRUE
"YIL124W",1,0.635105954906102,0.161535515919169,NA,1,100,NA
"YIL126W",1,0.450819924683784,0.264167679822774,NA,1,100,NA
"YIL138C",5,0.53546121531776,0.275585331691076,0.983377188679706,5,100,TRUE
"YIL145C",1,0.447995454505836,0.150371259861458,NA,1,100,NA
"YIL148W",1,0.457136468231625,0.347861362499351,NA,1,100,NA
"YIL156W",1,0.40127557783112,0.314066210026368,NA,1,100,NA
"YIL157C",1,0.425644595014947,0.311629960235126,NA,1,100,NA
"YIL158W",1,0.440329171313607,0.117448605222994,NA,1,100,NA
"YIL159W",1,0.412169202092294,0.0912744660435583,NA,1,100,NA
"YIL169C",3,0.537336629263565,0.437329190139223,0.999542969887284,3,100,TRUE
"YIR003W",4,0.519249373260441,0.0877181745656783,0.971460262114602,4,100,TRUE
"YIR004W",3,0.610303911505111,0.192834568361383,-1,3,100,TRUE
"YIR008C",4,0.452643418959964,0.205232146905593,0.964991329095285,4,100,TRUE
"YIR010W",1,0.407984632957528,0.193372385252651,NA,1,100,NA
"YIR016W",2,0.50396313376551,0.129927163210141,1,2,100,TRUE
"YIR017C",1,0.43034630080122,0.058317056718731,NA,1,100,NA
"YIR021W",2,0.496813656353041,0.131936077862945,-1,2,100,TRUE
"YIR022W",1,0.668986419667661,0.139098538918887,NA,1,100,NA
"YIR026C",3,0.521694341064107,0.294933189213921,0.998921499729741,3,100,TRUE
"YIR028W",1,0.362999487694977,0.109341627409415,NA,1,100,NA
"YIR029W",2,0.405244788761779,0.160175538582973,NA,2,100,NA
"YIR030C",1,0.517234015796179,0.326023254152594,NA,1,100,NA
"YIR033W",2,0.657979504187985,0.112311227254178,1,2,100,TRUE
"YIR035C",3,0.631504380665971,0.274421995142522,0.865518512303501,3,100,TRUE
"YIR042C",10,0.481632515214294,0.538688804311047,0.253553046448056,10,100,FALSE
"YJL001W",1,0.424285862923977,0.328600684112749,NA,1,100,NA
"YJL008C",2,0.545483951943597,0.112133207056004,1,2,100,TRUE
"YJL010C",2,0.445097886116418,0.0925504555456671,1,2,100,TRUE
"YJL012C",1,0.431797398182708,0.147197817566911,NA,1,100,NA
"YJL013C",1,0.431845474800378,0.125602789867029,NA,1,100,NA
"YJL014W",1,0.503002215937572,0.101593816415673,NA,1,100,NA
"YJL019W",2,0.475814838989847,0.200215555832053,NA,2,100,NA
"YJL020C",1,0.431783232106985,0.082617725692721,NA,1,100,NA
"YJL025W",2,0.481810751602696,0.125422539210794,1,2,100,TRUE
"YJL026W",3,0.643772909786514,0.473465959694993,0.966494079511859,3,100,TRUE
"YJL031C",2,0.71798288408774,0.0645162963506126,1,2,100,TRUE
"YJL033W",1,0.441294081876717,0.0890916994418989,NA,1,100,NA
"YJL034W",1,0.378321938305878,0.197211399489801,NA,1,100,NA
"YJL039C",2,0.524781836094487,0.150497075693429,1,2,100,TRUE
"YJL044C",1,0.394130723968211,0.118571420082323,NA,1,100,NA
"YJL046W",1,0.433572810116214,0.187885710594186,NA,1,100,NA
"YJL047C",2,0.507776314508548,0.189056903695101,1,2,100,TRUE
"YJL050W",1,0.392391212823758,0.129519962987756,NA,1,100,NA
"YJL052W",1,0.487600526979969,0.150258074723501,NA,1,100,NA
"YJL053W",1,0.484113321015877,0.0225197869243353,NA,1,100,NA
"YJL055W",2,0.500759572426995,0.266205702046722,-1,2,100,TRUE
"YJL059W",1,0.473703822620839,0.178361633820482,NA,1,100,NA
"YJL063C",3,0.594689297533095,0.573809549620797,1,3,100,TRUE
"YJL065C",1,0.859825217540962,0.183068348690871,NA,1,100,NA
"YJL073W",1,0.456128274968898,0.0266959746312919,NA,1,100,NA
"YJL076W",3,0.49802572814031,0.246746006847829,0.617526501023446,3,100,TRUE
"YJL077W.A",2,0.455749935712786,0.329574448869906,1,2,100,TRUE
"YJL079C",2,0.568174281899354,0.227033965113876,1,2,100,TRUE
"YJL080C",2,0.522615197008199,0.0812744317396354,1,2,100,TRUE
"YJL085W",2,0.494370495952157,0.143434857726772,1,2,100,TRUE
"YJL090C",2,0.479251741525681,0.146031462396576,1,2,100,TRUE
"YJL093C",1,0.436938115188762,0.1847109684424,NA,1,100,NA
"YJL094C",5,0.616163353803309,0.28999375963923,0.867652355901374,5,100,TRUE
"YJL095W",1,0.623136478968094,0.235521601283576,NA,1,100,NA
"YJL096W",2,0.577916809670022,0.276962061796935,1,2,100,TRUE
"YJL097W",1,0.47285510770041,0.143348507672566,NA,1,100,NA
"YJL101C",1,0.486615750705374,0.172420584742361,NA,1,100,NA
"YJL110C",6,0.546649462596249,0.209772053723928,0.919018218321631,6,100,TRUE
"YJL112W",1,0.429209924760814,0.0426269296495304,NA,1,100,NA
"YJL123C",1,0.472631199902575,0.0381364938016083,NA,1,100,NA
"YJL124C",2,0.496135026176706,0.319591613006131,1,2,100,TRUE
"YJL127C",3,0.547475981345442,0.0674921151709988,-1,3,100,TRUE
"YJL127C.B",1,0.640589723553878,0.473498843203319,NA,1,100,NA
"YJL128C",2,0.578139583152617,0.0642899651412728,1,2,100,TRUE
"YJL134W",3,0.550232794083725,0.00481952561914434,-0.128290193456892,3,100,FALSE
"YJL138C",1,0.579896916210792,0.0511802653353793,NA,1,100,NA
"YJL140W",1,0.539470006908514,0.104611614360462,NA,1,100,NA
"YJL145W",1,0.749274778640698,0.21953374107899,NA,1,100,NA
"YJL147C",1,0.490562552268356,0.203501436285329,NA,1,100,NA
"YJL148W",4,0.581138943447423,0.162836986052866,0.9828393232936,4,100,TRUE
"YJL159W",1,0.421315660612744,0.111010543123072,NA,1,100,NA
"YJL161W",2,0.486656540532455,0.0643029834364998,1,2,100,TRUE
"YJL164C",1,0.486583368912507,0.0130382229566646,NA,1,100,NA
"YJL165C",7,0.661953984350086,0.133373426777615,0.941516437828855,7,100,TRUE
"YJL167W",1,0.590717990267743,0.593685880962447,NA,1,100,NA
"YJL171C",2,0.509307794261366,0.128013009181272,1,2,100,TRUE
"YJL179W",1,0.496833129588311,0.0833790036342304,NA,1,100,NA
"YJL180C",1,0.445588173049499,0.0565675312910594,NA,1,100,NA
"YJL184W",2,0.444060021504352,0.147353612924771,1,2,100,TRUE
"YJL185C",2,0.413527220091519,0.122779315976729,1,2,100,TRUE
"YJL186W",1,0.486849152442838,0.112919838882572,NA,1,100,NA
"YJL189W",1,0.484765785647766,0.298076171077889,NA,1,100,NA
"YJL190C",1,0.562594443944456,0.0583744893187579,NA,1,100,NA
"YJL191W",1,0.498080111460602,0.328360858827958,NA,1,100,NA
"YJL194W",1,0.534754044940132,0.193835430711655,NA,1,100,NA
"YJL197W",1,0.596824886216192,0.285483368424185,NA,1,100,NA
"YJL200C",3,0.479581280578334,0.304091528549754,0.999993751524505,3,100,TRUE
"YJL205C",6,0.55556457782018,0.284096392796533,0.038729307644212,6,100,FALSE
"YJL208C",1,0.439364382455732,0.0583990916955737,NA,1,100,NA
"YJL210W",1,0.550988956523326,0.0226531777080257,NA,1,100,NA
"YJL212C",1,0.421530120153614,0.192478869157967,NA,1,100,NA
"YJL216C",1,0.660321272329087,0.334547557094443,NA,1,100,NA
"YJL217W",4,0.470055917302025,0.353583596224206,0.927718260299872,4,100,TRUE
"YJR002W",1,0.673460001774182,0.116734828192484,NA,1,100,NA
"YJR006W",2,0.544749724955337,0.34376881095281,1,2,100,TRUE
"YJR009C",3,0.573622669953347,0.56052042820541,0.997427725168306,3,100,TRUE
"YJR011C",1,0.450069261926014,0.0693252310393407,NA,1,100,NA
"YJR015W",2,0.526862440590477,0.254636872247507,-1,2,100,TRUE
"YJR017C",1,0.555716206449316,0.331151341309429,NA,1,100,NA
"YJR019C",1,0.616531712988992,0.0540230096476158,NA,1,100,NA
"YJR024C",2,0.801798000673213,0.50496691797649,1,2,100,TRUE
"YJR034W",2,0.465788407527908,0.126462596981506,NA,2,100,NA
"YJR042W",1,0.46135093562069,0.151637341104002,NA,1,100,NA
"YJR047C",5,0.479921042757702,0.453252499834874,0.996772787085727,5,100,TRUE
"YJR048W",1,0.458943441989665,0.433613873779235,NA,1,100,NA
"YJR052W",1,0.680549626309738,0.083542003595377,NA,1,100,NA
"YJR058C",6,0.831663891316273,0.301056559377077,-0.193506873488033,6,100,FALSE
"YJR064W",1,0.649362943886366,0.0667235586244814,NA,1,100,NA
"YJR069C",3,0.642011922311025,0.394159954157036,0.942114854666289,3,100,TRUE
"YJR072C",3,0.523503594942546,0.105529862760732,-1,3,100,TRUE
"YJR076C",2,0.603490291986313,0.28716379647135,-1,2,100,TRUE
"YJR077C",3,0.451403453897646,0.211856465479138,-1,3,100,TRUE
"YJR080C",1,0.530086894704793,0.0691604006410516,NA,1,100,NA
"YJR082C",3,0.441834447103228,0.068619311736944,0.925252234165241,3,100,TRUE
"YJR085C",1,0.513019748434351,0.270997766623501,NA,1,100,NA
"YJR092W",1,0.433528545671163,0.0980058955348793,NA,1,100,NA
"YJR094W.A",2,0.660431755124363,0.516821345821421,NA,2,100,NA
"YJR096W",2,0.437392538952814,0.0999250400404345,1,2,100,TRUE
"YJR098C",1,0.401989948947832,0.116164860536719,NA,1,100,NA
"YJR099W",1,0.433525718990747,0.0843166596025734,NA,1,100,NA
"YJR100C",1,0.46943818366369,0.288721248602987,NA,1,100,NA
"YJR104C",2,0.544387826073705,0.355363185842364,-1,2,100,TRUE
"YJR116W",2,0.453241661618736,0.166151865367238,1,2,100,TRUE
"YJR120W",3,0.532290157536733,0.40099209151786,0.999329688991167,3,100,TRUE
"YJR121W",1,0.590407265352102,0.636697056920518,NA,1,100,NA
"YJR122W",1,0.420082640856997,0.00950329040224709,NA,1,100,NA
"YJR124C",1,0.412488514248725,0.0969464918478362,NA,1,100,NA
"YJR126C",3,0.429276258136506,0.214553205645137,0.93054270034112,3,100,TRUE
"YJR127C",2,0.663614899185087,0.0664048933338922,1,2,100,TRUE
"YJR129C",3,0.633135671118194,0.246962538867897,-0.599198769424002,3,100,TRUE
"YJR130C",1,0.458883408482083,0.17003246494262,NA,1,100,NA
"YJR131W",1,0.518830309250803,0.128973661989544,NA,1,100,NA
"YJR133W",1,0.452915853991274,0.268193486265452,NA,1,100,NA
"YJR137C",2,0.690930382295356,0.655783850924222,1,2,100,TRUE
"YJR139C",1,0.530211092012329,0.0165817656516856,NA,1,100,NA
"YJR143C",2,0.5783639178323,0.141030865784291,1,2,100,TRUE
"YJR144W",5,0.509747818582073,0.0872496093039899,0.499584664663763,5,100,FALSE
"YJR145C",4,0.607199834560231,0.416528088505337,0.995366004654915,4,100,TRUE
"YJR148W",1,0.590869115803697,0.727723506408205,NA,1,100,NA
"YJR152W",1,0.540332678434918,0.0708859851104999,NA,1,100,NA
"YJR153W",1,0.312241116112733,0.0738643067984323,NA,1,100,NA
"YJR155W",10,0.585827003955038,0.331499880775028,0.899365706663014,10,100,TRUE
"YKL001C",3,0.536010856888097,0.266910734884045,0.997873019442342,3,100,TRUE
"YKL007W",3,0.498070979184523,0.175755710722215,0.994696573951984,3,100,TRUE
"YKL008C",2,0.548298579026326,0.513061769946243,1,2,100,TRUE
"YKL009W",1,0.461581342691549,0.307443535237191,NA,1,100,NA
"YKL011C",1,0.468157090607709,0.258640689095792,NA,1,100,NA
"YKL012W",1,0.469689694311203,0.328997932947725,NA,1,100,NA
"YKL014C",1,0.676641856399237,0.121203090115257,NA,1,100,NA
"YKL015W",1,0.603783341031734,0.0394529770925927,NA,1,100,NA
"YKL017C",1,0.434134761802871,0.142362585508788,NA,1,100,NA
"YKL018W",2,0.495749472830781,0.156504472516878,1,2,100,TRUE
"YKL022C",1,0.418517286949569,0.140018325335316,NA,1,100,NA
"YKL029C",1,0.702230337449075,0.582282182211852,NA,1,100,NA
"YKL033W.A",5,0.510505358534667,0.420823659947593,0.731982211454651,5,100,TRUE
"YKL040C",2,0.539981657614324,0.365976866050097,1,2,100,TRUE
"YKL041W",1,0.424187369469334,0.110818301908679,NA,1,100,NA
"YKL043W",4,0.418374005425008,0.23774860703213,-0.260113172033658,4,100,FALSE
"YKL047W",3,0.714944101561603,0.110677949034074,0.634442763758597,3,100,TRUE
"YKL051W",1,0.525521666778129,0.240455855499751,NA,1,100,NA
"YKL053C.A",1,0.477334133571773,0.219371934899885,NA,1,100,NA
"YKL056C",1,0.728133994494634,0.130037547671017,NA,1,100,NA
"YKL061W",1,0.525291370104158,0.115647185027422,NA,1,100,NA
"YKL062W",1,0.397122290403609,0.0222120390034777,NA,1,100,NA
"YKL065C",1,0.508575015727838,0.00703457827605333,NA,1,100,NA
"YKL068W",1,0.571717917932987,0.119625879767402,NA,1,100,NA
"YKL068W.A",1,0.539629998983722,0.383842334159593,NA,1,100,NA
"YKL072W",1,0.448040093661542,0.380432446553522,NA,1,100,NA
"YKL075C",1,0.543233414224035,0.0331254228725399,NA,1,100,NA
"YKL077W",3,0.721020002189383,0.0716321322744,0.965703012629318,3,100,TRUE
"YKL078W",1,0.479298296298749,0.295386299618512,NA,1,100,NA
"YKL085W",1,0.442473073606153,0.304518802091225,NA,1,100,NA
"YKL087C",4,0.51474436477366,0.357997770242961,0.944442081750902,4,100,TRUE
"YKL089W",1,0.44111648523699,0.0848202029851551,NA,1,100,NA
"YKL090W",1,0.414438527768511,0.472454801898476,NA,1,100,NA
"YKL091C",3,0.613123187312915,0.2023405625791,0.809664899316844,3,100,TRUE
"YKL093W",1,0.398858092193557,0.206235935521116,NA,1,100,NA
"YKL094W",2,0.419494937251839,0.168956262367629,1,2,100,TRUE
"YKL096W",4,0.468800062631034,0.283752690036042,0.891435888225544,4,100,TRUE
"YKL104C",1,0.478113457627291,0.14962864819054,NA,1,100,NA
"YKL108W",1,0.398082108966622,0.0669343970433046,NA,1,100,NA
"YKL110C",1,0.452396769373023,0.312642885845384,NA,1,100,NA
"YKL112W",1,0.653875218008765,0.179467150528583,NA,1,100,NA
"YKL113C",1,0.399761228701074,0.042621434822318,NA,1,100,NA
"YKL114C",1,0.456335232605404,0.140512489621674,NA,1,100,NA
"YKL122C",1,0.64602949838084,0.378602014279935,NA,1,100,NA
"YKL129C",1,0.465158953037583,0.149348587575576,NA,1,100,NA
"YKL138C.A",1,0.594865482004015,0.184844498575527,NA,1,100,NA
"YKL139W",1,0.589269389723055,0.135334231898306,NA,1,100,NA
"YKL140W",2,0.447617983747666,0.183496907180537,1,2,100,TRUE
"YKL141W",3,0.454519597929337,0.26172751441794,0.89676587764112,3,100,TRUE
"YKL143W",2,0.545330040131595,0.252453883879091,1,2,100,TRUE
"YKL145W",2,0.584482336836809,0.0995449410022468,1,2,100,TRUE
"YKL148C",2,0.470202213833015,0.135495611365508,1,2,100,TRUE
"YKL150W",2,0.498851906313707,0.32243042843861,1,2,100,TRUE
"YKL152C",3,0.395344917054649,0.208378275950334,-1,3,100,TRUE
"YKL156W",2,0.546693673369222,0.145521887159225,-1,2,100,TRUE
"YKL161C",1,0.545015226047455,0.196520133104751,NA,1,100,NA
"YKL162C",2,0.471156349664388,0.144032680623739,-1,2,100,TRUE
"YKL163W",2,0.582156802059925,0.181360043497907,-1,2,100,TRUE
"YKL165C",1,0.413115323225838,0.195431499888167,NA,1,100,NA
"YKL166C",1,0.515394466411679,0.062218063249573,NA,1,100,NA
"YKL170W",1,0.460035326021585,0.270244334313353,NA,1,100,NA
"YKL176C",1,0.708424952016636,0.250498542778105,NA,1,100,NA
"YKL179C",1,0.419562470332282,0.132797529364783,NA,1,100,NA
"YKL186C",2,0.50256552695594,0.466058392838064,1,2,100,TRUE
"YKL188C",1,0.470037101377709,0.142604016726878,NA,1,100,NA
"YKL190W",1,0.515923614006259,0.173123626816266,NA,1,100,NA
"YKL191W",2,0.518373809746952,0.0699324078106028,1,2,100,TRUE
"YKL192C",1,0.979128486909397,0.193213241473067,NA,1,100,NA
"YKL196C",1,0.415519877324658,0.268874910989281,NA,1,100,NA
"YKL201C",1,0.526638949060819,0.421671281185297,NA,1,100,NA
"YKL203C",1,0.390843494944945,0.091842594554925,NA,1,100,NA
"YKL204W",4,0.515234386432088,0.0898754338675427,1,4,100,TRUE
"YKL205W",1,0.553150492716754,0.00808356782829306,NA,1,100,NA
"YKL207W",1,0.589670117515234,0.103988089943266,NA,1,100,NA
"YKL208W",1,0.379237655540707,0.00395785085175071,NA,1,100,NA
"YKL211C",1,0.446550709206164,0.0420390129793134,NA,1,100,NA
"YKL216W",2,0.492237838353708,0.368070756892808,-1,2,100,TRUE
"YKL217W",1,0.448633175981292,0.0240765607443288,NA,1,100,NA
"YKL219W",3,0.612056583830634,0.300824445952611,0.13801184792008,3,100,FALSE
"YKL222C",1,0.507269545425596,0.156774136685374,NA,1,100,NA
"YKR001C",1,0.596821617603261,0.0166835715158816,NA,1,100,NA
"YKR008W",1,0.488577006936916,0.0666336115877109,NA,1,100,NA
"YKR013W",1,0.506565726432589,0.196762017156783,NA,1,100,NA
"YKR014C",1,0.394254586015254,0.203287690092192,NA,1,100,NA
"YKR020W",1,0.43198150502375,0.128608593745022,NA,1,100,NA
"YKR023W",1,0.479464355248367,0.0827715776812305,NA,1,100,NA
"YKR024C",1,0.531605963552974,0.01018508023007,NA,1,100,NA
"YKR037C",1,0.706732386338238,0.384553229779374,NA,1,100,NA
"YKR038C",1,0.643711368183544,0.226318980825198,NA,1,100,NA
"YKR042W",2,0.605533634140061,0.405655871141356,-1,2,100,TRUE
"YKR046C",4,0.611556435050035,0.353772810597208,0.804989756662527,4,100,TRUE
"YKR049C",2,0.551847285841432,0.130224691268668,-1,2,100,TRUE
"YKR052C",1,0.506590613418412,0.312551362605335,NA,1,100,NA
"YKR054C",2,0.428905014718746,0.16603912911769,1,2,100,TRUE
"YKR056W",8,0.769707786856061,0.0403252417594532,0.61012694992869,8,100,TRUE
"YKR058W",1,0.495277041146032,0.14439554572379,NA,1,100,NA
"YKR060W",1,0.485120392481222,0.0226684973809837,NA,1,100,NA
"YKR062W",2,0.553756952349198,0.170518514370542,1,2,100,TRUE
"YKR070W",1,0.465606226978475,0.0177544233882329,NA,1,100,NA
"YKR071C",7,0.470646908389868,0.424478170200779,0.995229155433863,7,100,TRUE
"YKR072C",1,0.467411705232946,0.0604404845796954,NA,1,100,NA
"YKR075C",3,0.601669170909685,0.0584275657234666,1,3,100,TRUE
"YKR078W",2,0.456733647514578,0.137358701094556,1,2,100,TRUE
"YKR081C",2,0.411610449916546,0.138005926780841,-1,2,100,TRUE
"YKR086W",1,0.519349658207162,0.0839443964537458,NA,1,100,NA
"YKR087C",6,0.555476525135521,0.29373484256135,0.800237485274709,6,100,TRUE
"YKR090W",6,0.631619218482984,0.155284478589354,0.957715355775378,6,100,TRUE
"YKR091W",1,0.7408723138655,0.00105916949457022,NA,1,100,NA
"YKR092C",1,0.479090138327489,0.359763060148286,NA,1,100,NA
"YKR093W",2,0.668940953115984,0.176806526918054,1,2,100,TRUE
"YKR099W",1,0.538601001193952,0.0378496472309405,NA,1,100,NA
"YKR103W",8,0.486455963653099,0.370418336213667,0.994560352225793,8,100,TRUE
"YLL001W",2,0.524828910213992,0.0480044060884498,1,2,100,TRUE
"YLL003W",1,0.656823002007088,0.0767882447943537,NA,1,100,NA
"YLL008W",2,0.716185760835311,0.239980302332969,1,2,100,TRUE
"YLL009C",2,0.543564022970499,0.257895443628548,1,2,100,TRUE
"YLL011W",2,0.478278367395084,0.0749830055897863,NA,2,100,NA
"YLL025W",1,0.416989616491211,0.0951879046730158,NA,1,100,NA
"YLL028W",2,0.661318020913804,0.450178595626184,1,2,100,TRUE
"YLL029W",1,0.606388119355981,0.106752906494793,NA,1,100,NA
"YLL031C",1,0.494770594834132,0.155267273830013,NA,1,100,NA
"YLL032C",6,0.462890645875595,0.253317219878174,0.94088944198292,6,100,TRUE
"YLL034C",1,0.535634902241954,0.0767454407207246,NA,1,100,NA
"YLL035W",1,0.35367756104265,0.100136164877612,NA,1,100,NA
"YLL038C",1,0.404907177965576,0.00650384539784209,NA,1,100,NA
"YLL041C",2,0.51853361933717,0.285090255426185,NA,2,100,NA
"YLL043W",2,0.427726772604818,0.0351174064333398,-1,2,100,TRUE
"YLL045C",1,0.441874526209823,0.354684908851187,NA,1,100,NA
"YLL048C",2,0.634912052773679,0.243940896202973,1,2,100,TRUE
"YLL049W",3,0.53518072291473,0.243653778488109,0.863438096548224,3,100,TRUE
"YLL053C",3,0.5796345950733,0.442622672365675,0.983791890816748,3,100,TRUE
"YLL054C",9,0.50166181701996,0.334532095498126,0.87100418821633,9,100,TRUE
"YLL055W",2,0.474126337702687,0.123023715677694,-1,2,100,TRUE
"YLL058W",1,0.488252377775047,0.094092282517486,NA,1,100,NA
"YLL061W",6,0.465117621418643,0.369321514169877,0.992155297638128,6,100,TRUE
"YLL062C",3,0.394695704832678,0.195133751907915,NA,3,100,NA
"YLR003C",1,0.526138202217026,0.223749899479453,NA,1,100,NA
"YLR006C",1,0.589110190907608,0.0261318451079409,NA,1,100,NA
"YLR009W",2,0.427278467469655,0.280036825404281,1,2,100,TRUE
"YLR023C",1,0.70020632985318,0.252340170985391,NA,1,100,NA
"YLR024C",1,0.479357750107932,0.182904329024013,NA,1,100,NA
"YLR025W",4,0.733561496947331,0.239711931084993,0.971323290938145,4,100,TRUE
"YLR026C",1,0.457851978676342,0.16228572908097,NA,1,100,NA
"YLR027C",6,0.513417225561793,0.284482476641826,0.901290489575339,6,100,TRUE
"YLR032W",2,0.698300946775495,0.0691847071617173,1,2,100,TRUE
"YLR038C",2,0.428954449852121,0.371275996148011,1,2,100,TRUE
"YLR040C",2,0.52931564506923,0.188671088469306,1,2,100,TRUE
"YLR044C",2,0.513899945595462,0.391673588407731,1,2,100,TRUE
"YLR046C",1,0.524058580834814,0.0457075720689004,NA,1,100,NA
"YLR050C",2,0.447243342191495,0.278658509947679,-1,2,100,TRUE
"YLR058C",4,0.526978850321168,0.356948545512137,1,4,100,TRUE
"YLR059C",2,0.522129821516174,0.192925335239196,1,2,100,TRUE
"YLR060W",3,0.497942831042024,0.178814727133829,0.990264212663981,3,100,TRUE
"YLR067C",1,0.45290233840179,0.206622435135714,NA,1,100,NA
"YLR068W",3,0.636664829321017,0.175122967982421,0.360005658150271,3,100,FALSE
"YLR072W",1,0.442913210073152,0.0537495829432114,NA,1,100,NA
"YLR074C",2,0.545471364000744,0.320935644753354,-1,2,100,TRUE
"YLR075W",1,0.489947189737722,0.201061113597096,NA,1,100,NA
"YLR078C",1,0.492118355741772,0.257554430801645,NA,1,100,NA
"YLR079W",1,0.583249175168394,0.0767414937188626,NA,1,100,NA
"YLR080W",1,0.484131143227722,0.165790211633856,NA,1,100,NA
"YLR083C",1,0.75392257852781,0.216611682573135,NA,1,100,NA
"YLR089C",1,0.466643602722953,0.0997855438559358,NA,1,100,NA
"YLR091W",1,0.702068406937588,0.0623881462119196,NA,1,100,NA
"YLR094C",1,0.388668704169927,0.23870051147612,NA,1,100,NA
"YLR095C",1,0.420453680836526,0.0570738260737322,NA,1,100,NA
"YLR096W",1,0.530167619135999,0.0305744870347986,NA,1,100,NA
"YLR098C",1,0.470172084118441,0.155251243531852,NA,1,100,NA
"YLR099C",2,0.632172230542453,0.126800850111563,1,2,100,TRUE
"YLR100W",2,0.559169878720579,0.241180915854943,1,2,100,TRUE
"YLR102C",1,0.522785845747495,0.173528949231844,NA,1,100,NA
"YLR106C",1,0.586311155503975,0.254365657884314,NA,1,100,NA
"YLR108C",1,0.483297602455845,0.290214121101526,NA,1,100,NA
"YLR110C",7,0.576449892191143,0.216180533671409,-0.678114703084986,7,100,TRUE
"YLR118C",2,0.438712941733185,0.0783711296556657,1,2,100,TRUE
"YLR119W",1,0.391501275483568,0.0603497556580411,NA,1,100,NA
"YLR120C",1,0.646069453332872,0.219963410808928,NA,1,100,NA
"YLR121C",2,0.459893094557089,0.0214818378631877,1,2,100,TRUE
"YLR129W",4,0.665522960000184,0.0856224086256614,-0.635298618848432,4,100,TRUE
"YLR130C",1,0.524522744386128,0.311292512314248,NA,1,100,NA
"YLR131C",1,0.394483604775578,0.153646185451026,NA,1,100,NA
"YLR134W",3,0.550221489292469,0.373564603399015,0.999768885299682,3,100,TRUE
"YLR136C",5,0.53132356420638,0.274996352890354,0.988120856504466,5,100,TRUE
"YLR139C",6,0.792148824084838,0.174625560710304,0.93024911088175,6,100,TRUE
"YLR141W",1,0.451231191733385,0.371564524387193,NA,1,100,NA
"YLR143W",2,0.490538499949463,0.276349990920262,1,2,100,TRUE
"YLR151C",1,0.456367377493742,0.251272884301741,NA,1,100,NA
"YLR152C",1,0.633819862265986,0.245146461251918,NA,1,100,NA
"YLR153C",1,0.993772444113511,0.358108837710498,NA,1,100,NA
"YLR154C",1,0.689874418655894,0.381202161163825,NA,1,100,NA
"YLR163C",1,0.431662976188251,0.0538236178468711,NA,1,100,NA
"YLR166C",3,0.533310203288964,0.100693705262498,-1,3,100,TRUE
"YLR167W",1,0.485202594568909,0.0748203442239781,NA,1,100,NA
"YLR168C",1,0.466317626644215,0.0975608160588416,NA,1,100,NA
"YLR175W",3,0.564780304185698,0.218341912672846,0.861842037148632,3,100,TRUE
"YLR176C",1,0.413057539636591,0.00159210823652608,NA,1,100,NA
"YLR179C",10,0.635961767933638,0.526616051664154,0.27366568952037,10,100,FALSE
"YLR186W",1,0.562633944551628,0.158163393733118,NA,1,100,NA
"YLR187W",1,0.669107123256993,0.234169305308977,NA,1,100,NA
"YLR188W",1,0.407557283810276,0.0255483064904687,NA,1,100,NA
"YLR192C",2,0.539562896058464,0.347916526502902,1,2,100,TRUE
"YLR194C",1,0.468432539968002,0.198250017577072,NA,1,100,NA
"YLR197W",2,0.449076532823406,0.181812588967051,1,2,100,TRUE
"YLR204W",1,0.491545641821605,0.352489822020338,NA,1,100,NA
"YLR205C",1,0.481989954779513,0.382401959178061,NA,1,100,NA
"YLR213C",1,0.438903782129725,0.191943850217099,NA,1,100,NA
"YLR214W",3,0.546101415723622,0.331605013483099,0.931430370457283,3,100,TRUE
"YLR216C",1,0.696063886831658,0.24526075289262,NA,1,100,NA
"YLR218C",1,0.453499790865675,0.0133476127431336,NA,1,100,NA
"YLR219W",1,0.437827670376956,0.0672002312273747,NA,1,100,NA
"YLR221C",3,0.560834805014816,0.245345823554499,0.612352439772372,3,100,TRUE
"YLR222C",1,0.49742730664591,0.144635800195131,NA,1,100,NA
"YLR223C",1,0.414852926947116,0.172412616255328,NA,1,100,NA
"YLR227C",2,0.429660282398455,0.0929716396025041,NA,2,100,NA
"YLR233C",1,0.522899895122276,0.194870702800553,NA,1,100,NA
"YLR237W",1,0.831861633546652,0.373030473135572,NA,1,100,NA
"YLR241W",1,0.541765212307544,0.0247415648655627,NA,1,100,NA
"YLR243W",1,0.605998070801235,0.404542054435645,NA,1,100,NA
"YLR244C",1,0.601456687886801,0.326836378628295,NA,1,100,NA
"YLR246W",5,0.588772473586425,0.162305719633703,0.889506425732403,5,100,TRUE
"YLR247C",4,0.689880553398262,0.0638402064810641,-0.638432950681482,4,100,TRUE
"YLR248W",2,0.52603886233982,0.240095620144787,1,2,100,TRUE
"YLR249W",2,0.664918130359048,0.204969189529079,1,2,100,TRUE
"YLR250W",2,0.674188106795,0.0476880420991021,1,2,100,TRUE
"YLR254C",2,0.450233147153779,0.162333547157249,1,2,100,TRUE
"YLR258W",1,0.495100595592006,0.17956912272261,NA,1,100,NA
"YLR259C",1,0.466313306103188,0.267478615937567,NA,1,100,NA
"YLR261C",1,0.453476352291163,0.063581532656222,NA,1,100,NA
"YLR265C",3,0.465605516405473,0.181768613295652,-1,3,100,TRUE
"YLR268W",2,0.460050430427959,0.179919965056962,NA,2,100,NA
"YLR276C",1,0.676440292228411,0.0729388603519918,NA,1,100,NA
"YLR278C",3,0.711954817399322,0.105071815138566,0.779543946962925,3,100,TRUE
"YLR283W",3,0.513316499140952,0.163814875446554,0.189315012886841,3,100,FALSE
"YLR285C.A",1,0.410824141746092,0.208725955916457,NA,1,100,NA
"YLR285W",2,0.429310899996705,0.197270226833521,1,2,100,TRUE
"YLR287C",1,0.60072082957192,0.108455869064609,NA,1,100,NA
"YLR292C",1,0.508653295796222,0.246870779039385,NA,1,100,NA
"YLR293C",1,0.460884812465303,0.416478279055481,NA,1,100,NA
"YLR295C",2,0.604094378157093,0.599170233418324,1,2,100,TRUE
"YLR297W",5,0.391923814368958,0.27202567387271,0.997406589060373,5,100,TRUE
"YLR300W",2,0.615547776335218,0.547573611748301,1,2,100,TRUE
"YLR304C",1,0.514557868295277,0.26635626487393,NA,1,100,NA
"YLR306W",1,0.45664757926633,0.111866654530377,NA,1,100,NA
"YLR327C",2,0.532730455744017,0.13901762166796,1,2,100,TRUE
"YLR328W",4,0.527517065661034,0.207751069859717,0.887030062601982,4,100,TRUE
"YLR330W",3,0.576674920887979,0.214754558630479,0.999180770470323,3,100,TRUE
"YLR337C",3,0.557882953502702,0.219854752950069,0.940112047021774,3,100,TRUE
"YLR342W",1,0.495223382568908,0.104956270853001,NA,1,100,NA
"YLR343W",1,0.519706410915273,0.228121862369711,NA,1,100,NA
"YLR344W",1,0.428102945837609,0.251951581575318,NA,1,100,NA
"YLR346C",1,0.541840067096597,0.175066314394283,NA,1,100,NA
"YLR348C",2,0.476458196026795,0.210567792903429,1,2,100,TRUE
"YLR351C",1,0.45034630893854,0.141595648681278,NA,1,100,NA
"YLR353W",1,0.459038006314449,0.194649217885671,NA,1,100,NA
"YLR354C",1,0.419293815345686,0.312035428350302,NA,1,100,NA
"YLR355C",1,0.624685140737853,0.63524307003753,NA,1,100,NA
"YLR359W",1,0.511087361254217,0.309689191327339,NA,1,100,NA
"YLR363W.A",2,0.581175854827814,0.106321460044776,1,2,100,TRUE
"YLR364W",2,0.480799501673377,0.111474436707368,1,2,100,TRUE
"YLR370C",1,0.496307919092522,0.0163985566737286,NA,1,100,NA
"YLR371W",1,0.437397622449953,0.277648591545874,NA,1,100,NA
"YLR378C",2,0.624773785259072,0.212712933242228,1,2,100,TRUE
"YLR380W",2,0.475881309734924,0.291266185983284,1,2,100,TRUE
"YLR383W",1,0.423727025366518,0.266123056463545,NA,1,100,NA
"YLR384C",1,0.529899214971019,0.0821487169593391,NA,1,100,NA
"YLR387C",3,0.445706250523948,0.107657428276811,0.998862597966515,3,100,TRUE
"YLR388W",1,0.647310406552873,0.0792275004477385,NA,1,100,NA
"YLR389C",2,0.435349214848482,0.196934228431322,1,2,100,TRUE
"YLR390W",2,0.448917395436943,0.31981127898156,1,2,100,TRUE
"YLR390W.A",2,0.63821477286677,0.174405503061835,1,2,100,TRUE
"YLR394W",2,0.415314148360276,0.0762957734070558,NA,2,100,NA
"YLR395C",5,0.660611742833243,0.470413225126619,0.995400665146357,5,100,TRUE
"YLR398C",2,0.420043745036017,0.157180245477246,NA,2,100,NA
"YLR401C",1,0.60347709510658,0.0901613354818333,NA,1,100,NA
"YLR404W",1,0.426301447284969,0.224460713022625,NA,1,100,NA
"YLR405W",1,0.634119300633628,0.0688615675762317,NA,1,100,NA
"YLR406C",1,0.407146315808632,0.33522188573174,NA,1,100,NA
"YLR408C",2,0.410106575872393,0.255755852727456,1,2,100,TRUE
"YLR409C",1,0.619480483917259,0.112868604644927,NA,1,100,NA
"YLR411W",1,0.435960050679316,0.287597639380174,NA,1,100,NA
"YLR413W",1,0.549643179934069,0.308299588874714,NA,1,100,NA
"YLR414C",4,0.518250196862893,0.0619033694926965,0.490328666933956,4,100,FALSE
"YLR419W",1,0.745354216765874,0.139707481415301,NA,1,100,NA
"YLR421C",2,0.707047998517715,0.348177133112483,1,2,100,TRUE
"YLR423C",1,0.62922771775857,0.154184367946408,NA,1,100,NA
"YLR429W",1,0.646723389454864,0.191289339495385,NA,1,100,NA
"YLR430W",5,0.72322219506462,0.199566568005398,0.929389956796782,5,100,TRUE
"YLR432W",3,0.449121365753418,0.181181595314461,0.970617684154458,3,100,TRUE
"YLR433C",2,0.449151065589562,0.262683582428175,1,2,100,TRUE
"YLR439W",1,0.374290635555152,0.199195683394708,NA,1,100,NA
"YLR441C",2,0.444583796895874,0.101841043525876,1,2,100,TRUE
"YLR443W",1,0.576316361214179,0.107216922019095,NA,1,100,NA
"YLR448W",1,0.458723098998227,0.0874449030821943,NA,1,100,NA
"YLR449W",1,0.427374380102732,0.133182935925255,NA,1,100,NA
"YLR452C",1,0.635988041437494,0.0738711281682845,NA,1,100,NA
"YML001W",2,0.386044561789113,0.141075053718951,1,2,100,TRUE
"YML002W",1,0.429352206944151,0.0908863949194683,NA,1,100,NA
"YML005W",1,0.56992601940738,0.120943266371858,NA,1,100,NA
"YML007C.A",3,0.575530451344153,0.292154498595865,0.769125185032029,3,100,TRUE
"YML007W",1,0.777629936944433,0.126959213782051,NA,1,100,NA
"YML008C",1,0.644826275882366,0.177096657019044,NA,1,100,NA
"YML009C",2,0.573343384606126,0.54016937603035,1,2,100,TRUE
"YML012W",5,0.624748849669159,0.29826489788128,0.783556932163606,5,100,TRUE
"YML018C",1,0.475981303601803,0.208088317034219,NA,1,100,NA
"YML021C",1,0.411499539344918,0.224821059426177,NA,1,100,NA
"YML025C",3,0.52780909567053,0.195828942699351,0.89605036791192,3,100,TRUE
"YML035C",2,0.704603614533,0.170620314811731,1,2,100,TRUE
"YML043C",4,0.501025852177664,0.0843293444880567,0.999822835946376,4,100,TRUE
"YML049C",2,0.579356340690901,0.0795165156942317,-1,2,100,TRUE
"YML051W",1,0.437047505033907,0.259321263402635,NA,1,100,NA
"YML053C",1,0.427489046992681,0.0604187916897019,NA,1,100,NA
"YML054C",2,0.355736885367978,0.185992228072041,NA,2,100,NA
"YML055W",1,0.602120046906343,0.141098436160301,NA,1,100,NA
"YML057W",1,0.5463402407579,0.118486830969106,NA,1,100,NA
"YML059C",1,0.416467096972183,0.27088505445333,NA,1,100,NA
"YML060W",5,0.404595860301941,0.148969490703814,-0.966373463570796,5,100,TRUE
"YML067C",1,0.390756591947281,0.335414961348076,NA,1,100,NA
"YML071C",1,0.412206792700225,0.121286562924367,NA,1,100,NA
"YML073C",1,0.744585408114918,0.484583389075562,NA,1,100,NA
"YML075C",2,0.603422245250254,0.0947689013924595,-1,2,100,TRUE
"YML078W",3,0.474525546857616,0.24589091282508,0.318378538349022,3,100,FALSE
"YML079W",1,0.429976101843768,0.111878716486405,NA,1,100,NA
"YML080W",1,0.442358727726832,0.159792001244224,NA,1,100,NA
"YML081C.A",1,0.420001337865044,0.354108402918872,NA,1,100,NA
"YML081W",2,0.533183268114531,0.220421223363966,-1,2,100,TRUE
"YML086C",2,0.586548805313339,0.0727700743734632,1,2,100,TRUE
"YML091C",1,0.485847245656474,0.43667829030737,NA,1,100,NA
"YML092C",3,0.619531377554914,0.192021819092416,0.987551621587875,3,100,TRUE
"YML097C",1,0.370225539268064,0.036622328325207,NA,1,100,NA
"YML100W",2,0.482632994669931,0.0388314632187966,1,2,100,TRUE
"YML104C",1,0.688079972615939,0.167371613131462,NA,1,100,NA
"YML114C",1,0.443326402494932,0.235675870953195,NA,1,100,NA
"YML115C",1,0.393292675574955,0.304956891844031,NA,1,100,NA
"YML116W",1,0.466663139032968,0.218746003787498,NA,1,100,NA
"YML124C",2,0.465103007525316,0.0352195095860617,NA,2,100,NA
"YML125C",1,0.394886001719046,0.270335702320627,NA,1,100,NA
"YML126C",3,0.612763854312123,0.373873012829896,-0.0898841697774052,3,100,FALSE
"YMR001C.A",4,0.652256582183222,0.0120063789384702,0.428371696140897,4,100,FALSE
"YMR002W",11,0.755475842435473,0.691928395122393,1,11,100,TRUE
"YMR003W",2,0.436670416097765,0.235380369967133,-1,2,100,TRUE
"YMR005W",2,0.435401894542712,0.22597123837201,-1,2,100,TRUE
"YMR006C",2,0.52043270346619,0.40045545475968,1,2,100,TRUE
"YMR008C",2,0.562674184870059,0.211844146721174,1,2,100,TRUE
"YMR010W",1,0.430286773616776,0.0392770714971496,NA,1,100,NA
"YMR011W",5,0.622680088547204,0.400245493124458,1,5,100,TRUE
"YMR012W",1,0.463849692858483,0.103833417528783,NA,1,100,NA
"YMR015C",1,0.635129833558888,0.408014862664059,NA,1,100,NA
"YMR020W",1,0.611707242132767,0.10307899979956,NA,1,100,NA
"YMR023C",4,0.535875270267336,0.21654189593152,0.959502703541781,4,100,TRUE
"YMR024W",3,0.477341489189419,0.159664141570746,0.923803287562842,3,100,TRUE
"YMR027W",1,0.476478729315384,0.109927616597701,NA,1,100,NA
"YMR034C",3,0.583863202317109,0.0698630625813024,0.920762719696736,3,100,TRUE
"YMR037C",2,0.4803067447561,0.184425190283481,-1,2,100,TRUE
"YMR038C",3,0.514476239843177,0.367319486795699,0.636666132229931,3,100,TRUE
"YMR039C",3,0.58331010800674,0.226876520621127,0.801437518002881,3,100,TRUE
"YMR042W",3,0.583214561454769,0.206944897562378,0.998194487322558,3,100,TRUE
"YMR043W",4,0.471230103189189,0.209288472419943,0.998157933532149,4,100,TRUE
"YMR048W",1,0.541460127691635,0.0741818980780002,NA,1,100,NA
"YMR049C",1,0.425377192568889,0.245219735017525,NA,1,100,NA
"YMR058W",2,0.581789752933803,0.310599900635025,1,2,100,TRUE
"YMR060C",1,0.460114573859014,0.0769559244537434,NA,1,100,NA
"YMR061W",1,0.534278251537128,0.170433929571016,NA,1,100,NA
"YMR070W",2,0.625116362858583,0.0453530219462402,1,2,100,TRUE
"YMR073C",1,0.557468857620229,0.36460253922595,NA,1,100,NA
"YMR076C",1,0.423603630950204,0.182590922586282,NA,1,100,NA
"YMR078C",2,0.395556362838629,0.227657547270262,1,2,100,TRUE
"YMR080C",1,0.490569245706899,0.0723602764038588,NA,1,100,NA
"YMR081C",2,0.667173839970469,0.170985722906534,1,2,100,TRUE
"YMR083W",5,0.519939516651713,0.233313863537769,0.0680316441362724,5,100,FALSE
"YMR085W",1,0.456324707613509,0.200455473322594,NA,1,100,NA
"YMR086W",2,0.448124590236305,0.0678317983763336,-1,2,100,TRUE
"YMR089C",4,0.482430330683541,0.0688798316971077,0.0365581852021493,4,100,FALSE
"YMR093W",2,0.530457654273814,0.0866407346480227,-1,2,100,TRUE
"YMR097C",1,0.426488332984583,0.0837146374129149,NA,1,100,NA
"YMR108W",1,0.657085062833543,0.0829523781869507,NA,1,100,NA
"YMR109W",1,0.518803407690319,0.279648715665201,NA,1,100,NA
"YMR110C",1,0.383404845853167,0.229205389161144,NA,1,100,NA
"YMR115W",3,0.423796470696823,0.243726500452554,-1,3,100,TRUE
"YMR116C",1,0.536482190057663,0.338701049686981,NA,1,100,NA
"YMR120C",5,0.527104811928692,0.188865370209289,0.664686471127601,5,100,TRUE
"YMR121C",1,0.445950353630867,0.0772245930186651,NA,1,100,NA
"YMR124W",1,0.535139755862229,0.171544449958931,NA,1,100,NA
"YMR128W",2,0.507136681237346,0.131350495805177,1,2,100,TRUE
"YMR129W",1,0.451670819405551,0.0617976349062439,NA,1,100,NA
"YMR134W",2,0.559489502381935,0.254033724596104,1,2,100,TRUE
"YMR137C",1,0.452958363534864,0.0108193845726477,NA,1,100,NA
"YMR145C",2,0.461481995965649,0.349912053034846,-1,2,100,TRUE
"YMR146C",1,0.507456171493014,0.0854967069826029,NA,1,100,NA
"YMR150C",1,0.540348848404442,0.110515255299967,NA,1,100,NA
"YMR152W",1,0.418777238069529,0.234967936668757,NA,1,100,NA
"YMR157C",2,0.54146848009643,0.299296689180741,-1,2,100,TRUE
"YMR160W",2,0.485369925880466,0.0221793236891859,1,2,100,TRUE
"YMR162C",1,0.660968769072156,0.00880154084916516,NA,1,100,NA
"YMR166C",2,0.62414443830157,0.128706267033299,-1,2,100,TRUE
"YMR170C",1,0.450300663545264,0.151506750107758,NA,1,100,NA
"YMR173W",1,0.474338811157378,0.210308896546532,NA,1,100,NA
"YMR177W",1,0.49195610458654,0.0423816342529179,NA,1,100,NA
"YMR178W",8,0.782532124587784,0.143811489463201,0.332560111075035,8,100,FALSE
"YMR181C",1,0.695256346936498,0.473721532136503,NA,1,100,NA
"YMR183C",3,0.55092475189179,0.449709362314548,0.998402895853377,3,100,TRUE
"YMR184W",1,0.42109911840272,0.127549036624167,NA,1,100,NA
"YMR185W",1,0.412264399810791,0.0366521914561345,NA,1,100,NA
"YMR188C",1,0.508220219870183,0.263972689338342,NA,1,100,NA
"YMR194C.B",1,0.402371319144893,0.229572363178407,NA,1,100,NA
"YMR198W",2,0.372547621166291,0.0717638287579316,1,2,100,TRUE
"YMR200W",1,0.490683868008899,0.135343619914901,NA,1,100,NA
"YMR203W",1,0.433309201768429,0.133000028555468,NA,1,100,NA
"YMR205C",1,0.569913395640562,0.228988244669754,NA,1,100,NA
"YMR207C",1,0.38156506727725,0.0181757978920893,NA,1,100,NA
"YMR211W",12,0.619862633709536,0.149422908162378,0.82399606505553,12,100,TRUE
"YMR212C",1,0.432460313662265,0.15590212513364,NA,1,100,NA
"YMR214W",2,0.561200763059534,0.0879547679515992,1,2,100,TRUE
"YMR215W",4,0.4792151772542,0.184864733772811,0.890567759292612,4,100,TRUE
"YMR216C",1,0.828403210126652,0.281929630485424,NA,1,100,NA
"YMR217W",2,0.519557436516086,0.118373771610344,1,2,100,TRUE
"YMR229C",1,0.594319152348047,0.410758828484002,NA,1,100,NA
"YMR230W.A",2,0.60528775121187,0.330423969635628,1,2,100,TRUE
"YMR234W",1,0.39237469524234,0.00321913006080903,NA,1,100,NA
"YMR236W",1,0.59510097299512,0.111522442189139,NA,1,100,NA
"YMR241W",1,0.584229749849664,0.526427167231497,NA,1,100,NA
"YMR243C",2,0.655167252929569,0.434780677199663,-1,2,100,TRUE
"YMR246W",7,0.579308064872493,0.23788921882546,0.905982391389235,7,100,TRUE
"YMR247C",1,0.52597158582453,0.136689104162658,NA,1,100,NA
"YMR251W.A",2,0.546504693277118,0.353838733418488,1,2,100,TRUE
"YMR256C",1,0.549538015761395,0.252951888944906,NA,1,100,NA
"YMR257C",4,0.450355547076706,0.110012141174748,-0.265725909315053,4,100,FALSE
"YMR259C",1,0.374570464171319,0.0847311180444096,NA,1,100,NA
"YMR260C",1,0.485246738053589,0.168553515337444,NA,1,100,NA
"YMR263W",1,0.61214968187729,0.00123676838612012,NA,1,100,NA
"YMR265C",7,0.579008578726769,0.276453487875086,0.91296132678238,7,100,TRUE
"YMR266W",5,0.433802131842828,0.342221788691692,0.981550243691463,5,100,TRUE
"YMR272C",1,0.371618187293154,0.0460772573549727,NA,1,100,NA
"YMR274C",3,0.526304479350784,0.148066231990548,0.456429024874923,3,100,FALSE
"YMR277W",1,0.547457091005705,0.268038014362775,NA,1,100,NA
"YMR278W",1,0.524318261718146,0.17850257908263,NA,1,100,NA
"YMR280C",2,0.356478677159458,0.0981166566562094,1,2,100,TRUE
"YMR283C",1,0.407269261775833,0.0323198469902037,NA,1,100,NA
"YMR284W",1,0.418635329960882,0.0528128048332906,NA,1,100,NA
"YMR286W",1,0.534758496190541,0.201660978053628,NA,1,100,NA
"YMR289W",1,0.44478408862363,0.27503440744254,NA,1,100,NA
"YMR290C",1,0.517189661367026,0.168763329975997,NA,1,100,NA
"YMR293C",2,0.457818708535482,0.0581819833132796,1,2,100,TRUE
"YMR297W",1,0.46907740170482,0.153105957204795,NA,1,100,NA
"YMR299C",1,0.421962647815736,0.089521038338191,NA,1,100,NA
"YMR301C",1,0.411089207622806,0.0717063818541386,NA,1,100,NA
"YMR302C",2,0.457612365680127,0.0381660824134101,1,2,100,TRUE
"YMR303C",10,0.58919844022819,0.251598730641752,0.969062625410254,10,100,TRUE
"YMR304W",1,0.571027800586395,0.176178078234445,NA,1,100,NA
"YMR307W",4,0.512134897316031,0.0686319695026429,0.789282091954103,4,100,TRUE
"YMR309C",2,0.626078520966775,0.0736618229957899,-1,2,100,TRUE
"YMR310C",6,0.460613893998716,0.172529495297747,-0.659680283222092,6,100,TRUE
"YMR314W",3,0.610781405979434,0.32972600344883,1,3,100,TRUE
"YMR316W",3,0.612674546324497,0.121938411104623,0.961596783126454,3,100,TRUE
"YMR317W",6,0.520767405681118,0.182119709685389,0.640062804530529,6,100,TRUE
"YMR318C",1,0.386503310040806,0.26192002421605,NA,1,100,NA
"YMR319C",3,0.467961172598694,0.249210823621664,0.892455351317491,3,100,TRUE
"YMR321C",1,0.580326436313908,0.466349271645112,NA,1,100,NA
"YNL001W",3,0.505043898516937,0.207010357790078,0.0680540097869138,3,100,FALSE
"YNL005C",3,0.566185511359315,0.187871931390472,1,3,100,TRUE
"YNL006W",2,0.6244090594859,0.120013274283739,NA,2,100,NA
"YNL007C",7,0.506870163044059,0.307780560478823,0.963500638480497,7,100,TRUE
"YNL012W",1,0.638061285148497,0.0983039964901894,NA,1,100,NA
"YNL015W",2,0.453266775147815,0.230077289155681,1,2,100,TRUE
"YNL016W",2,0.53721196869374,0.0338001750782243,-1,2,100,TRUE
"YNL021W",1,0.458448327071573,0.136146347051423,NA,1,100,NA
"YNL022C",2,0.426930052070852,0.17678412256319,1,2,100,TRUE
"YNL023C",2,0.633705217285454,0.316005022729092,NA,2,100,NA
"YNL024C.A",1,0.380457262980184,0.13934478927231,NA,1,100,NA
"YNL025C",1,0.63391481815508,0.00661975172116622,NA,1,100,NA
"YNL029C",1,0.403813767243663,0.068421336751901,NA,1,100,NA
"YNL031C",1,0.486056184674428,0.0530328663838362,NA,1,100,NA
"YNL035C",1,0.559170134201989,0.148914835268661,NA,1,100,NA
"YNL040W",3,0.689781520110831,0.218601514584759,0.973918114050785,3,100,TRUE
"YNL042W",1,0.661195579233688,0.142158185988644,NA,1,100,NA
"YNL045W",1,0.445879132744272,0.249912187389292,NA,1,100,NA
"YNL048W",1,0.368178978080862,0.138828384976245,NA,1,100,NA
"YNL051W",1,0.366978814800411,0.148903570841172,NA,1,100,NA
"YNL052W",1,0.457535478014668,0.287879240410862,NA,1,100,NA
"YNL055C",1,0.486235411928127,0.24839024044702,NA,1,100,NA
"YNL056W",1,0.53006420637157,0.350680183848374,NA,1,100,NA
"YNL059C",1,0.479897282092855,0.158506181861792,NA,1,100,NA
"YNL062C",2,0.602072785935572,0.21450965301553,1,2,100,TRUE
"YNL065W",5,0.56761856064192,0.11664736099929,0.776422182256002,5,100,TRUE
"YNL066W",6,0.517229519911434,0.324709571669191,0.991497022048921,6,100,TRUE
"YNL067W",1,0.680427446640131,0.311660796184018,NA,1,100,NA
"YNL070W",1,0.522595108061276,0.0957857898292482,NA,1,100,NA
"YNL074C",2,0.438564082464201,0.131278608688032,1,2,100,TRUE
"YNL079C",3,0.397699745596447,0.272718036542544,0.998752461863462,3,100,TRUE
"YNL080C",1,0.494512598058578,0.151908549384327,NA,1,100,NA
"YNL085W",7,0.605144358848391,0.0777858627759498,0.730995724420259,7,100,TRUE
"YNL086W",1,0.47130722551302,0.195035080904266,NA,1,100,NA
"YNL087W",1,0.485980499485805,0.132444209443191,NA,1,100,NA
"YNL088W",3,0.492669046582537,0.154380332757157,0.930361325271996,3,100,TRUE
"YNL090W",2,0.67813304609556,0.0852353602946435,1,2,100,TRUE
"YNL098C",5,0.566176309148003,0.41807063666196,0.98031950998738,5,100,TRUE
"YNL100W",1,0.545616757169311,0.378589226003732,NA,1,100,NA
"YNL101W",1,0.420533308586421,0.380049025602488,NA,1,100,NA
"YNL102W",1,0.495128174500215,0.242938859870354,NA,1,100,NA
"YNL108C",1,0.480156997100737,0.157443527895318,NA,1,100,NA
"YNL111C",3,0.608400024997184,0.408558259197708,1,3,100,TRUE
"YNL112W",1,0.585593100829987,0.171279700897834,NA,1,100,NA
"YNL119W",1,0.545407595886314,0.226170472460733,NA,1,100,NA
"YNL130C",3,0.583323074072391,0.218442688746583,0.999296087394212,3,100,TRUE
"YNL131W",1,0.516564655363756,0.345257829623177,NA,1,100,NA
"YNL133C",1,0.406790568756998,0.183592390654439,NA,1,100,NA
"YNL134C",1,0.653677196237734,0.454466069006685,NA,1,100,NA
"YNL136W",1,0.48684982707016,0.388724965496356,NA,1,100,NA
"YNL139C",1,0.415284391130626,0.227132084618029,NA,1,100,NA
"YNL141W",2,0.432106459297156,0.226084801989315,-1,2,100,TRUE
"YNL142W",1,0.54473648356421,0.559133876422299,NA,1,100,NA
"YNL149C",1,0.522307337477168,0.363208753973645,NA,1,100,NA
"YNL151C",5,0.58543971436601,0.177333363117065,0.734700402313144,5,100,TRUE
"YNL152W",1,0.41693216363736,0.0827328731528268,NA,1,100,NA
"YNL154C",1,0.579131557737745,0.278140472608612,NA,1,100,NA
"YNL155W",1,0.549839275625521,0.0689942897777804,NA,1,100,NA
"YNL156C",1,0.578352620343209,0.248686906297253,NA,1,100,NA
"YNL162W.A",2,0.54244954091046,0.0944794622403772,1,2,100,TRUE
"YNL165W",3,0.463846558381725,0.161990363477349,0.999924457871662,3,100,TRUE
"YNL166C",1,0.483414909033664,0.00961305801986886,NA,1,100,NA
"YNL168C",1,0.600492423320524,0.175706006335238,NA,1,100,NA
"YNL169C",2,0.496465810855437,0.0603877550433934,1,2,100,TRUE
"YNL175C",1,0.540226647422277,0.221019478750604,NA,1,100,NA
"YNL182C",2,0.458968561820097,0.175100807729082,1,2,100,TRUE
"YNL189W",1,0.377717972475653,0.04558613011978,NA,1,100,NA
"YNL190W",1,0.670185423514296,0.0819823259519522,NA,1,100,NA
"YNL191W",1,0.488659340113047,0.124074337162927,NA,1,100,NA
"YNL192W",2,0.472464948695488,0.0649142866553077,-1,2,100,TRUE
"YNL193W",1,0.529745934857799,0.126276573702612,NA,1,100,NA
"YNL197C",1,0.476312937960731,0.0999696463400829,NA,1,100,NA
"YNL207W",4,0.490869619612081,0.198979742553052,0.881103955387559,4,100,TRUE
"YNL208W",1,0.763500293962624,0.28766415059356,NA,1,100,NA
"YNL209W",1,0.560156548780943,0.0478460881780502,NA,1,100,NA
"YNL212W",1,0.536479263144605,0.123506109493172,NA,1,100,NA
"YNL217W",3,0.627888221935074,0.321811487130011,1,3,100,TRUE
"YNL220W",1,0.584549000242334,0.143130795150445,NA,1,100,NA
"YNL222W",2,0.560945467831432,0.011029319738428,1,2,100,TRUE
"YNL229C",1,0.586086700201403,0.138924784892536,NA,1,100,NA
"YNL231C",4,0.57439975018021,0.266287988426267,0.882090281314036,4,100,TRUE
"YNL236W",2,0.556240429039331,0.0456118954553734,-1,2,100,TRUE
"YNL237W",1,0.403416850709851,0.125017142520793,NA,1,100,NA
"YNL240C",4,0.524045912246891,0.276531364944105,0.474396492603901,4,100,FALSE
"YNL241C",1,0.479866231939175,0.275998158991066,NA,1,100,NA
"YNL243W",1,0.422036451383493,0.201242108478256,NA,1,100,NA
"YNL244C",1,0.589164997354006,0.0963170827482978,NA,1,100,NA
"YNL246W",3,0.631661201931692,0.108156173252142,0.948279402209148,3,100,TRUE
"YNL248C",2,0.524559182662893,0.213260365874104,1,2,100,TRUE
"YNL254C",1,0.564917175191202,0.138993638490166,NA,1,100,NA
"YNL256W",1,0.486578104987967,0.161073533613245,NA,1,100,NA
"YNL268W",2,0.486285645993124,0.362822879451672,-1,2,100,TRUE
"YNL271C",1,0.474685081748636,0.0966766266017657,NA,1,100,NA
"YNL272C",1,0.370677845153552,0.101721347274011,NA,1,100,NA
"YNL275W",1,0.539195326402492,0.299123074334271,NA,1,100,NA
"YNL280C",1,0.552968866911662,0.0567994426074146,NA,1,100,NA
"YNL282W",6,0.629880011112538,0.174394251927423,0.984731264965541,6,100,TRUE
"YNL289W",1,0.483554954097336,0.0316078625362927,NA,1,100,NA
"YNL291C",1,0.417864482088368,0.0753815430368666,NA,1,100,NA
"YNL293W",3,0.559671056060792,0.28566294321325,1,3,100,TRUE
"YNL294C",4,0.672819194841522,0.0618542776653483,0.70847425819937,4,100,TRUE
"YNL305C",2,0.446122177474732,0.114040560863794,NA,2,100,NA
"YNL307C",1,0.634687773685956,0.409576802746414,NA,1,100,NA
"YNL308C",3,0.490633327717405,0.277121836879375,0.159153815670625,3,100,FALSE
"YNL309W",1,0.468390922466508,0.0296116809944747,NA,1,100,NA
"YNL311C",2,0.452247026218092,0.103349911836303,1,2,100,TRUE
"YNL312W",3,0.563281307882461,0.234848197308504,-1,3,100,TRUE
"YNL315C",3,0.509930001880763,0.218074434621578,-0.551911097933132,3,100,TRUE
"YNL316C",2,0.542749018615877,0.102507747901147,NA,2,100,NA
"YNL323W",1,0.43602687552395,0.281804729527547,NA,1,100,NA
"YNL331C",1,0.451171661721217,0.307874036739838,NA,1,100,NA
"YNL336W",4,0.557704440661913,0.427010787399378,0.0120680813127651,4,100,FALSE
"YNR001C",2,0.52055145965128,0.334612227527605,1,2,100,TRUE
"YNR004W",4,0.579411625910861,0.100835246283342,0.958812629343316,4,100,TRUE
"YNR013C",1,0.637002511867068,0.292552366735002,NA,1,100,NA
"YNR016C",2,0.628341330614745,0.200920459302363,1,2,100,TRUE
"YNR018W",2,0.500724557414574,0.358414636190593,-1,2,100,TRUE
"YNR019W",1,0.444550596890474,0.173130075227489,NA,1,100,NA
"YNR020C",2,0.494416672159843,0.173280329062337,1,2,100,TRUE
"YNR022C",1,0.571810515317037,0.303254931631759,NA,1,100,NA
"YNR023W",1,0.434104198325005,0.146276865689234,NA,1,100,NA
"YNR028W",1,0.464440632230288,0.295253336398915,NA,1,100,NA
"YNR030W",3,0.474423076031493,0.092082027775501,0.5937652912058,3,100,TRUE
"YNR033W",1,0.481073409710487,0.019789000048107,NA,1,100,NA
"YNR034W.A",1,0.336548444422848,0.0144190782201394,NA,1,100,NA
"YNR035C",2,0.508710794706456,0.179563455156067,-1,2,100,TRUE
"YNR036C",2,0.408528940813288,0.105400317898929,1,2,100,TRUE
"YNR043W",2,0.517193581864336,0.149452820051943,1,2,100,TRUE
"YNR044W",2,0.609385322476602,0.207696834717138,-1,2,100,TRUE
"YNR046W",1,0.402054940852967,0.295907698405296,NA,1,100,NA
"YNR050C",2,0.625862934803457,0.359721138424236,1,2,100,TRUE
"YNR051C",2,0.592760251167437,0.365754179264002,1,2,100,TRUE
"YNR052C",1,0.436534202649254,0.231018846978021,NA,1,100,NA
"YNR054C",2,0.483927528090036,0.088699325409564,-1,2,100,TRUE
"YNR057C",1,0.570142254248113,0.156736466818689,NA,1,100,NA
"YNR061C",3,0.520794106520193,0.332204762244366,0.998774793462309,3,100,TRUE
"YNR065C",1,0.655976233592586,0.301767695843105,NA,1,100,NA
"YNR066C",2,0.468997294253781,0.195200570279324,1,2,100,TRUE
"YNR067C",1,0.590623572006255,0.324681695450215,NA,1,100,NA
"YNR070W",1,0.429388519300018,0.260226134909339,NA,1,100,NA
"YNR074C",4,0.572747491537712,0.421290036708887,0.962931644103347,4,100,TRUE
"YOL001W",1,0.399610154998864,0.00726040078408543,NA,1,100,NA
"YOL002C",1,0.668713658814111,0.42573815018161,NA,1,100,NA
"YOL003C",1,0.430295533371946,0.153888691384996,NA,1,100,NA
"YOL005C",1,0.482077486215208,0.295848314621072,NA,1,100,NA
"YOL006C",1,0.678155417266456,0.147114105123287,NA,1,100,NA
"YOL013C",1,0.453095668154094,0.0433318234976022,NA,1,100,NA
"YOL013W.A",6,0.380951365923037,0.103514126615755,NA,6,100,NA
"YOL014W",4,0.496304237640653,0.256705445126399,0.994375694877552,4,100,TRUE
"YOL015W",1,0.541448202526448,0.0490796887161809,NA,1,100,NA
"YOL016C",1,0.386139633862408,0.165577903644863,NA,1,100,NA
"YOL021C",1,0.378024648336704,0.0237129008677445,NA,1,100,NA
"YOL029C",4,0.572458551508396,0.241730648728032,0.945338775769589,4,100,TRUE
"YOL030W",2,0.610162922909362,0.474533773999221,1,2,100,TRUE
"YOL036W",1,0.56498869293944,0.280490371285704,NA,1,100,NA
"YOL039W",1,0.502822598618278,0.476798004738411,NA,1,100,NA
"YOL042W",1,0.428013279371772,0.0995199225850203,NA,1,100,NA
"YOL048C",1,0.578706477293689,0.259731482539699,NA,1,100,NA
"YOL049W",2,0.678102237639117,0.324745329514552,-1,2,100,TRUE
"YOL052C",2,0.463203364852295,0.10252950092144,-1,2,100,TRUE
"YOL054W",1,0.492234470568526,0.0349738587814075,NA,1,100,NA
"YOL055C",2,0.605188733482618,0.104044695849807,1,2,100,TRUE
"YOL057W",2,0.528079255327098,0.0915453125685355,1,2,100,TRUE
"YOL058W",3,0.451485954600566,0.381843734672169,0.995948779865771,3,100,TRUE
"YOL059W",9,0.637755371249027,0.340701488948488,0.975899009898477,9,100,TRUE
"YOL063C",1,0.417300092500292,0.0456733329627152,NA,1,100,NA
"YOL064C",4,0.472787201838575,0.206860833623909,0.853717893048277,4,100,TRUE
"YOL067C",1,0.473430749235232,0.1962462373363,NA,1,100,NA
"YOL071W",6,0.529236636618219,0.231576974590443,0.964016359741762,6,100,TRUE
"YOL075C",2,0.45765498269898,0.198426756124263,NA,2,100,NA
"YOL077W.A",1,0.569311956344657,0.394103418767976,NA,1,100,NA
"YOL080C",1,0.573227431462449,0.37082797488034,NA,1,100,NA
"YOL081W",2,0.734883471090982,0.0759156288746331,-1,2,100,TRUE
"YOL086C",1,0.393477959781502,0.38290395362872,NA,1,100,NA
"YOL089C",1,0.435931580054419,0.166806358222288,NA,1,100,NA
"YOL091W",4,0.589532055702478,0.248231576165645,0.987078701280837,4,100,TRUE
"YOL092W",2,0.527135143997458,0.120179883265759,-1,2,100,TRUE
"YOL097C",3,0.521720663523382,0.138898994506866,0.904772045642037,3,100,TRUE
"YOL105C",1,0.53409250926221,0.18302840823447,NA,1,100,NA
"YOL107W",1,0.489210817401496,0.0270725336031288,NA,1,100,NA
"YOL110W",1,0.405573195866183,0.0734716483348803,NA,1,100,NA
"YOL113W",1,0.52177265788005,0.190496317497744,NA,1,100,NA
"YOL115W",2,0.457115754537522,0.0842223866404414,1,2,100,TRUE
"YOL119C",2,0.418056564116264,0.106508359926021,1,2,100,TRUE
"YOL122C",2,0.495989709898789,0.210239414520136,-1,2,100,TRUE
"YOL123W",1,0.41452729610988,0.121041145716738,NA,1,100,NA
"YOL128C",3,0.551028444839524,0.117893625212055,0.908315518197669,3,100,TRUE
"YOL136C",1,0.714105596818667,0.108310440542661,NA,1,100,NA
"YOL142W",2,0.468810147815536,0.368447541449775,NA,2,100,NA
"YOL145C",1,0.441938912973126,0.123213240519301,NA,1,100,NA
"YOL146W",2,0.492732915972618,0.1937684868661,-1,2,100,TRUE
"YOL151W",3,0.693945523771483,0.492990218686273,0.973536320120118,3,100,TRUE
"YOL154W",5,0.519119569484656,0.157329772991863,0.809414629164753,5,100,TRUE
"YOL155C",3,0.767470996302632,0.718092272761755,0.994690395920798,3,100,TRUE
"YOL158C",1,0.483158798694341,0.342987649566163,NA,1,100,NA
"YOR005C",1,0.509094144926129,0.0524509868959022,NA,1,100,NA
"YOR006C",1,0.605709101473626,0.297955320788596,NA,1,100,NA
"YOR007C",3,0.412608963487419,0.2028233798108,0.997753247037019,3,100,TRUE
"YOR009W",1,0.370445202211678,0.270965351739392,NA,1,100,NA
"YOR010C",1,0.620680618886834,0.266424573459157,NA,1,100,NA
"YOR012W",1,0.579801404930635,0.14258201980197,NA,1,100,NA
"YOR014W",2,0.486969895698649,0.0662198117423509,1,2,100,TRUE
"YOR016C",1,0.536627266842286,0.0947052950799086,NA,1,100,NA
"YOR019W",2,0.453714243630696,0.149982748269434,-1,2,100,TRUE
"YOR026W",1,0.422267059332432,0.105745789767796,NA,1,100,NA
"YOR028C",1,0.574012638069363,0.273347619264772,NA,1,100,NA
"YOR030W",2,0.389468436218317,0.119932151382029,1,2,100,TRUE
"YOR032C",1,0.363251708926824,0.0493196737079242,NA,1,100,NA
"YOR033C",2,0.393456120773039,0.319513925766188,1,2,100,TRUE
"YOR034C",1,0.40147938964849,0.0554654364376943,NA,1,100,NA
"YOR040W",1,0.638546503455453,0.623087497477657,NA,1,100,NA
"YOR044W",1,0.496538944415283,0.235791632412084,NA,1,100,NA
"YOR046C",1,0.437285733679673,0.128090152014052,NA,1,100,NA
"YOR048C",1,0.677859451127062,0.0992210200285794,NA,1,100,NA
"YOR051C",2,0.532028189942519,0.203742228480381,1,2,100,TRUE
"YOR052C",1,0.703229371425011,0.160903015889869,NA,1,100,NA
"YOR057W",3,0.650785854218491,0.329694060408585,1,3,100,TRUE
"YOR058C",1,0.51375332248305,0.210689678287171,NA,1,100,NA
"YOR061W",1,0.484495883637187,0.152430126823109,NA,1,100,NA
"YOR062C",1,0.5860591965245,0.0588854503376714,NA,1,100,NA
"YOR064C",1,0.54219571777965,0.134276212672932,NA,1,100,NA
"YOR067C",3,0.548570288654251,0.146686312626195,0.399878270286346,3,100,FALSE
"YOR069W",1,0.39632005056673,0.0407345445430434,NA,1,100,NA
"YOR071C",1,0.359235884713764,0.0316184142827676,NA,1,100,NA
"YOR073W",9,0.570492574714942,0.160841323801239,-0.159344540816415,9,100,FALSE
"YOR075W",1,0.555283404983337,0.0151435620640663,NA,1,100,NA
"YOR076C",1,0.540482577463452,0.0918519591645535,NA,1,100,NA
"YOR080W",1,0.586433734870918,0.462401634701323,NA,1,100,NA
"YOR081C",2,0.376173193208825,0.0715996204254005,NA,2,100,NA
"YOR092W",1,0.527519044850112,0.190439912097247,NA,1,100,NA
"YOR097C",1,0.497753792451223,0.140296261353724,NA,1,100,NA
"YOR098C",1,0.420868124509052,0.11567262053737,NA,1,100,NA
"YOR104W",1,0.545737754737894,0.124079191998057,NA,1,100,NA
"YOR107W",1,0.491672243750116,0.193489670067193,NA,1,100,NA
"YOR108W",1,0.463813659875107,0.0691103274355909,NA,1,100,NA
"YOR116C",1,0.651289863538185,0.0682765744677227,NA,1,100,NA
"YOR117W",2,0.560870154702997,0.253570117490108,-1,2,100,TRUE
"YOR118W",1,0.513869945040285,0.0263434776233808,NA,1,100,NA
"YOR122C",1,0.491451621473415,0.451691460272607,NA,1,100,NA
"YOR123C",1,0.447250366755676,0.0247603535214725,NA,1,100,NA
"YOR126C",4,0.544265540081821,0.311773355146051,0.983885095190276,4,100,TRUE
"YOR128C",1,0.590211032893013,0.105446339303673,NA,1,100,NA
"YOR130C",2,0.557118269903416,0.240849215344177,1,2,100,TRUE
"YOR133W",1,0.83436017960631,0.477470583150368,NA,1,100,NA
"YOR136W",1,0.552023832130097,0.29884704309617,NA,1,100,NA
"YOR138C",2,0.397410394870312,0.133678502678539,1,2,100,TRUE
"YOR140W",1,0.382817700093414,0.207309238106635,NA,1,100,NA
"YOR148C",3,0.459681739336919,0.0292070469302363,-0.962938787178207,3,100,TRUE
"YOR151C",3,0.558644524381495,0.23447001010714,-0.706046061561992,3,100,TRUE
"YOR152C",4,0.698918248953224,0.173414823443261,0.959658222682648,4,100,TRUE
"YOR163W",1,0.39681984982506,0.0900917475738291,NA,1,100,NA
"YOR164C",1,0.627304472966006,0.381923175445043,NA,1,100,NA
"YOR168W",4,0.585603260915245,0.207371158740678,0.450735262911154,4,100,FALSE
"YOR171C",1,0.47202716338035,0.410335491234776,NA,1,100,NA
"YOR172W",1,0.430589782098731,0.152716747120498,NA,1,100,NA
"YOR179C",2,0.471182638626581,0.322079593728388,1,2,100,TRUE
"YOR184W",3,0.554895696455656,0.0726918854482532,0.806472753597641,3,100,TRUE
"YOR187W",1,0.360604707271146,0.178263273533779,NA,1,100,NA
"YOR189W",1,0.75455120476301,0.104862992247627,NA,1,100,NA
"YOR197W",1,0.527338563245582,0.268155977503443,NA,1,100,NA
"YOR198C",1,0.432124666503716,0.175430977487342,NA,1,100,NA
"YOR201C",1,0.404341106582938,0.0599838120442141,NA,1,100,NA
"YOR204W",1,0.456923250531546,0.063465045611211,NA,1,100,NA
"YOR207C",1,0.528801622228897,0.0390562178797908,NA,1,100,NA
"YOR209C",3,0.574714234972874,0.363805498316487,0.998268031115974,3,100,TRUE
"YOR212W",1,0.582706507706322,0.394112366779051,NA,1,100,NA
"YOR217W",1,0.496778734078693,0.244304395915982,NA,1,100,NA
"YOR221C",1,0.450368169526609,0.390834881685074,NA,1,100,NA
"YOR224C",1,0.383239458493045,0.193599701179927,NA,1,100,NA
"YOR226C",1,0.716397294513554,0.385476483745523,NA,1,100,NA
"YOR233W",2,0.444376941424752,0.108547311663491,1,2,100,TRUE
"YOR236W",1,0.410262028479659,0.251068389560669,NA,1,100,NA
"YOR238W",1,0.456005087224727,0.106609595904956,NA,1,100,NA
"YOR243C",1,0.47909141972688,0.162800166352947,NA,1,100,NA
"YOR244W",1,0.50965533597864,0.210189944214791,NA,1,100,NA
"YOR247W",1,0.468536392425358,0.413975560564536,NA,1,100,NA
"YOR250C",2,0.45826417174541,0.030960223566689,-1,2,100,TRUE
"YOR257W",3,0.48700715444014,0.126280034699509,-0.0548070568996727,3,100,FALSE
"YOR259C",1,0.654953362549312,0.161021116614826,NA,1,100,NA
"YOR260W",2,0.642986084580228,0.288437280033481,1,2,100,TRUE
"YOR261C",1,0.523605601910967,0.107104114732146,NA,1,100,NA
"YOR265W",1,0.380319504362158,0.188494290917893,NA,1,100,NA
"YOR270C",1,0.398050390265442,0.174393293132873,NA,1,100,NA
"YOR271C",1,0.541000816126368,0.161802112089981,NA,1,100,NA
"YOR272W",1,0.540720139447195,0.0798396969031494,NA,1,100,NA
"YOR279C",1,0.490662602301296,0.114347621038923,NA,1,100,NA
"YOR280C",1,0.379219291251055,0.319692814788882,NA,1,100,NA
"YOR284W",9,0.537568897473441,0.32732115033901,0.981119778258615,9,100,TRUE
"YOR285W",1,0.344473118993865,0.114441018950602,NA,1,100,NA
"YOR286W",1,0.362458423379415,0.251589078183607,NA,1,100,NA
"YOR287C",1,0.499504456598595,0.24022654100696,NA,1,100,NA
"YOR290C",1,0.482807535357865,0.0471734752985907,NA,1,100,NA
"YOR298C.A",2,0.437974221580722,0.0994297102218019,1,2,100,TRUE
"YOR299W",1,0.400465282923793,0.0226899756003401,NA,1,100,NA
"YOR301W",1,0.470721652394925,0.109758694600865,NA,1,100,NA
"YOR303W",4,0.666069035420406,0.447860947730405,0.905295084058258,4,100,TRUE
"YOR306C",3,0.570735922582334,0.332884735589403,0.996705754168256,3,100,TRUE
"YOR307C",1,0.468040946619505,0.00819770305141094,NA,1,100,NA
"YOR308C",1,0.509901883636188,0.22806953730575,NA,1,100,NA
"YOR310C",1,0.615098727145675,0.253324923551301,NA,1,100,NA
"YOR315W",3,0.672589775963353,0.284032160724426,1,3,100,TRUE
"YOR316C",1,0.628613213926729,0.180066185647565,NA,1,100,NA
"YOR321W",1,0.538202895824442,0.0758350855290428,NA,1,100,NA
"YOR323C",1,0.555647903124699,0.227988735891368,NA,1,100,NA
"YOR326W",3,0.526676228062585,0.217284134365482,-0.781853907627074,3,100,TRUE
"YOR327C",7,0.515217514921468,0.186616923899293,0.977205356465916,7,100,TRUE
"YOR328W",2,0.456183247651205,0.167846804222438,1,2,100,TRUE
"YOR332W",2,0.666477548476069,0.183029956618733,1,2,100,TRUE
"YOR335C",1,0.625034374618467,0.0707981825992866,NA,1,100,NA
"YOR337W",2,0.494155473454032,0.183837052025791,1,2,100,TRUE
"YOR338W",2,0.494632805038321,0.298201039494934,1,2,100,TRUE
"YOR341W",1,0.394356503463033,0.10134040772705,NA,1,100,NA
"YOR342C",1,0.382741610223237,0.141662340692809,NA,1,100,NA
"YOR348C",2,0.725405585429261,0.0539205155538892,-1,2,100,TRUE
"YOR352W",1,0.690936176560411,0.017299059096997,NA,1,100,NA
"YOR354C",1,0.416263596690856,0.128609927470799,NA,1,100,NA
"YOR356W",1,0.58177954667986,0.242995570528979,NA,1,100,NA
"YOR359W",1,0.569889631287649,0.100688319258412,NA,1,100,NA
"YOR360C",1,0.510925362876307,0.100404643882309,NA,1,100,NA
"YOR367W",1,0.436333405173815,0.0480329151552536,NA,1,100,NA
"YOR368W",3,0.465027889606951,0.0696875886353892,1,3,100,TRUE
"YOR372C",1,0.385084360276815,0.176062635131889,NA,1,100,NA
"YOR374W",1,0.551650190091655,0.4384336561105,NA,1,100,NA
"YOR375C",2,0.660243070679753,0.492052744998826,1,2,100,TRUE
"YOR382W",2,0.568536039801646,0.351170126066953,1,2,100,TRUE
"YOR383C",3,0.5073771202716,0.415036401109142,0.955785382113473,3,100,TRUE
"YOR385W",1,0.469034931475115,0.182217319141542,NA,1,100,NA
"YPL001W",4,0.667346282201592,0.16973778106624,0.828482461164609,4,100,TRUE
"YPL006W",1,0.410755133258279,0.119417366102607,NA,1,100,NA
"YPL009C",3,0.389093906472526,0.0862044984788345,1,3,100,TRUE
"YPL011C",2,0.477228905321112,0.061243887212342,1,2,100,TRUE
"YPL012W",2,0.57167755569335,0.128317729166883,-1,2,100,TRUE
"YPL015C",4,0.759508044858479,0.397904459393395,-0.136190330447895,4,100,FALSE
"YPL018W",2,0.482852280071884,0.0684956872128959,1,2,100,TRUE
"YPL024W",1,0.449612982912733,0.436267667060549,NA,1,100,NA
"YPL028W",3,0.419550999570398,0.252877737779222,0.871921293934184,3,100,TRUE
"YPL031C",1,0.610007685065804,0.158320044566348,NA,1,100,NA
"YPL032C",1,0.469704552832899,0.267397478633792,NA,1,100,NA
"YPL034W",2,0.794856947377411,0.186573589887703,1,2,100,TRUE
"YPL040C",2,0.533512918181538,0.128857312049553,1,2,100,TRUE
"YPL041C",2,0.495721165954498,0.277949185063706,-1,2,100,TRUE
"YPL042C",1,0.48939600218614,0.0309511940228067,NA,1,100,NA
"YPL043W",3,0.59795272711947,0.15445969826508,0.993573149622081,3,100,TRUE
"YPL047W",1,0.406367902167291,0.200526533892123,NA,1,100,NA
"YPL048W",1,0.608689707207042,0.321852710202076,NA,1,100,NA
"YPL051W",1,0.539503722919491,0.215246631932821,NA,1,100,NA
"YPL053C",1,0.48184477884779,0.375394556300388,NA,1,100,NA
"YPL057C",2,0.676458169669063,0.135100002918524,1,2,100,TRUE
"YPL058C",3,0.573766719551389,0.230511048027469,0.999521975523202,3,100,TRUE
"YPL067C",2,0.50026719938908,0.271287663486113,-1,2,100,TRUE
"YPL068C",2,0.524516514745399,0.046306073360878,1,2,100,TRUE
"YPL069C",2,0.53568938914626,0.0453241999154426,-1,2,100,TRUE
"YPL070W",1,0.474625144142833,0.215098515146554,NA,1,100,NA
"YPL071C",1,0.506564957376079,0.122809250558337,NA,1,100,NA
"YPL072W",2,0.43423708510584,0.11083475776355,NA,2,100,NA
"YPL075W",4,0.594512406982642,0.129239531426567,0.792425368503579,4,100,TRUE
"YPL077C",2,0.404717556484376,0.113707428916073,-1,2,100,TRUE
"YPL082C",1,0.611791550614434,0.0801749422667867,NA,1,100,NA
"YPL088W",2,0.735010531870152,0.186717798602375,-1,2,100,TRUE
"YPL090C",4,0.577249806089284,0.238036184460599,0.904688118676977,4,100,TRUE
"YPL091W",6,0.569889344928723,0.44924829436393,0.98601084337658,6,100,TRUE
"YPL092W",1,0.418211120333126,0.247671178227925,NA,1,100,NA
"YPL093W",1,0.6147923090018,0.159111350883878,NA,1,100,NA
"YPL096C.A",1,0.499140178873023,0.0206999058857847,NA,1,100,NA
"YPL101W",1,0.517506032188765,0.0943257643188712,NA,1,100,NA
"YPL105C",2,0.532323285782463,0.286470447297612,1,2,100,TRUE
"YPL108W",2,0.442224898216768,0.230078853380247,1,2,100,TRUE
"YPL110C",1,0.56103675207181,0.127383202338955,NA,1,100,NA
"YPL111W",3,0.495939351820065,0.288946291544564,0.999929118070482,3,100,TRUE
"YPL119C.A",1,0.393835087671795,0.208994208818971,NA,1,100,NA
"YPL120W",1,0.414325411689638,0.0775493048702476,NA,1,100,NA
"YPL126W",2,0.549202471496861,0.0508741271013601,1,2,100,TRUE
"YPL134C",1,0.476837693146619,0.143993910152672,NA,1,100,NA
"YPL145C",2,0.571742074850121,0.46098055943412,1,2,100,TRUE
"YPL146C",1,0.444813071994421,0.00386970122762072,NA,1,100,NA
"YPL147W",1,0.459671476034817,0.0407765453029744,NA,1,100,NA
"YPL148C",1,0.47193063668567,0.0780577666248663,NA,1,100,NA
"YPL149W",1,0.458819033836035,0.168110722706771,NA,1,100,NA
"YPL152W",2,0.432970589514771,0.0384464925861275,1,2,100,TRUE
"YPL155C",1,0.504230850362626,0.121883864765433,NA,1,100,NA
"YPL156C",3,0.837644380158707,0.315260811944862,0.983943975766979,3,100,TRUE
"YPL167C",1,0.453561718784626,0.0450775118918661,NA,1,100,NA
"YPL171C",4,0.550830665192533,0.368186906178704,0.952634793309316,4,100,TRUE
"YPL172C",2,0.599259344726574,0.0580797651178396,1,2,100,TRUE
"YPL177C",1,0.414219697977415,0.465384748847911,NA,1,100,NA
"YPL183W.A",1,0.47850502082733,0.20467617100974,NA,1,100,NA
"YPL184C",1,0.387193575460989,0.0448915340252835,NA,1,100,NA
"YPL186C",1,0.418136973814384,0.041818865165161,NA,1,100,NA
"YPL189C.A",5,0.492417812807861,0.377055385509852,0.876419960972636,5,100,TRUE
"YPL189W",3,0.594213322760475,0.11184947964048,0.997970037970751,3,100,TRUE
"YPL193W",3,0.449775583840579,0.0241846622894094,-1,3,100,TRUE
"YPL206C",2,0.565466413022942,0.177091964261143,1,2,100,TRUE
"YPL208W",2,0.661563148806305,0.0414330108967419,NA,2,100,NA
"YPL210C",1,0.604085576460193,0.181200975421172,NA,1,100,NA
"YPL212C",1,0.467176167064201,0.0560022676172086,NA,1,100,NA
"YPL218W",1,0.538079907141302,0.107890343481472,NA,1,100,NA
"YPL222W",1,0.48589480955219,0.0083968556036776,NA,1,100,NA
"YPL225W",2,0.572539918791037,0.395255698046712,1,2,100,TRUE
"YPL226W",1,0.527898995423938,0.180331995070373,NA,1,100,NA
"YPL231W",3,0.556882072627023,0.0986697418473774,-0.260344882607703,3,100,FALSE
"YPL232W",4,0.496799043749117,0.158597065552958,0.888716671022477,4,100,TRUE
"YPL233W",1,0.461935483731936,0.141699746368754,NA,1,100,NA
"YPL235W",2,0.522814838399914,0.0638951865632208,1,2,100,TRUE
"YPL236C",1,0.390088958443079,0.223060076463896,NA,1,100,NA
"YPL240C",2,0.539951397568187,0.248664850389626,1,2,100,TRUE
"YPL243W",1,0.44666015401873,0.00393514883839369,NA,1,100,NA
"YPL248C",1,0.502406045420847,0.445564111447603,NA,1,100,NA
"YPL252C",1,0.446285245481459,0.183289454603619,NA,1,100,NA
"YPL255W",1,0.48714643656289,0.0630411341834042,NA,1,100,NA
"YPL259C",1,0.60797153144201,0.23793476131581,NA,1,100,NA
"YPL260W",1,0.489372341440865,0.177467380424571,NA,1,100,NA
"YPL265W",1,0.465924282570391,0.242039047664642,NA,1,100,NA
"YPL267W",2,0.436624781598982,0.110237502829793,1,2,100,TRUE
"YPL273W",5,0.618261759393735,0.291024573037037,0.994634558866936,5,100,TRUE
"YPL274W",3,0.661961300375504,0.12403552042017,-1,3,100,TRUE
"YPR003C",1,0.51915843455641,0.0377121735216939,NA,1,100,NA
"YPR004C",1,0.425514630490946,0.141230963895419,NA,1,100,NA
"YPR009W",1,0.398215441045488,0.269244799843388,NA,1,100,NA
"YPR010C.A",2,0.483379299385967,0.342790633598412,1,2,100,TRUE
"YPR011C",2,0.596397112237428,0.183232917489584,1,2,100,TRUE
"YPR015C",1,0.412612702558113,0.0762322185695746,NA,1,100,NA
"YPR017C",1,0.792162367222232,0.640716530142567,NA,1,100,NA
"YPR018W",1,0.408128017911976,0.144366781172912,NA,1,100,NA
"YPR019W",1,0.40846974160881,0.0923629183814978,NA,1,100,NA
"YPR020W",1,0.55531264170322,0.351122191238667,NA,1,100,NA
"YPR022C",1,0.492418689811109,0.168794586231378,NA,1,100,NA
"YPR031W",1,0.43666930407788,0.114857217048514,NA,1,100,NA
"YPR033C",1,0.702801347328078,0.325118918754861,NA,1,100,NA
"YPR034W",3,0.47561893637931,0.145658191386714,-1,3,100,TRUE
"YPR035W",1,0.436499324846852,0.18952997129051,NA,1,100,NA
"YPR036W",1,0.409647434660525,0.122961528554959,NA,1,100,NA
"YPR041W",3,0.568452028278528,0.169969084261898,0.999485373586625,3,100,TRUE
"YPR045C",1,0.39724126001678,0.0471502305053012,NA,1,100,NA
"YPR056W",3,0.492060292929573,0.248957408768684,0.277664981044665,3,100,FALSE
"YPR060C",2,0.585475893328417,0.113070446997189,1,2,100,TRUE
"YPR062W",2,0.507770691747281,0.269564699665033,1,2,100,TRUE
"YPR068C",1,0.450172305131939,0.146823025454136,NA,1,100,NA
"YPR069C",1,0.436299479407998,0.216852583455864,NA,1,100,NA
"YPR071W",1,0.493424616714783,0.378112227214808,NA,1,100,NA
"YPR073C",1,0.83338969774848,0.39342621742018,NA,1,100,NA
"YPR074C",1,0.552130641896618,0.13850740979148,NA,1,100,NA
"YPR078C",1,0.660242515987276,0.154247568133209,NA,1,100,NA
"YPR079W",1,0.418792245262553,0.113698699668011,NA,1,100,NA
"YPR082C",1,0.457311319742206,0.170174709331489,NA,1,100,NA
"YPR085C",1,0.577921976926878,0.0448480168318928,NA,1,100,NA
"YPR088C",1,0.596388341848605,0.253887249326466,NA,1,100,NA
"YPR089W",3,0.48771733544951,0.193672914336943,1,3,100,TRUE
"YPR093C",2,0.459829187338562,0.190842459345839,NA,2,100,NA
"YPR100W",1,0.47764533860038,0.39749146022862,NA,1,100,NA
"YPR102C",1,0.746866054152992,0.107012240449976,NA,1,100,NA
"YPR105C",1,0.495110578990254,0.027519683002197,NA,1,100,NA
"YPR108W",1,0.399402737354204,0.0324009436342371,NA,1,100,NA
"YPR109W",1,0.454300157938868,0.152544062972191,NA,1,100,NA
"YPR111W",1,0.476586711774575,0.00837295010971013,NA,1,100,NA
"YPR112C",2,0.521526627206704,0.129136114320141,1,2,100,TRUE
"YPR113W",1,0.619640934320994,0.506738260708736,NA,1,100,NA
"YPR118W",1,0.636446588722564,0.0885903752422655,NA,1,100,NA
"YPR121W",1,0.479089353347861,0.010847246605518,NA,1,100,NA
"YPR122W",3,0.473204711261946,0.0745796386180119,NA,3,100,NA
"YPR131C",1,0.621915374279307,0.0322055251227035,NA,1,100,NA
"YPR132W",1,0.448644919980293,0.281888321425423,NA,1,100,NA
"YPR133C",2,0.584894809094484,0.110450727130206,1,2,100,TRUE
"YPR133W.A",1,0.472453511973019,0.396872624027632,NA,1,100,NA
"YPR134W",2,0.402763901133876,0.0432436632602092,1,2,100,TRUE
"YPR138C",2,0.669536991523495,0.199567522626915,1,2,100,TRUE
"YPR139C",1,0.407641058054938,0.171293215839872,NA,1,100,NA
"YPR141C",1,0.44463508611985,0.0617212876547677,NA,1,100,NA
"YPR144C",1,0.392809389265903,0.0768246483436552,NA,1,100,NA
"YPR145W",1,0.659682908516183,0.405778399909174,NA,1,100,NA
"YPR149W",1,0.336147518216667,0.212240882131722,NA,1,100,NA
"YPR154W",1,0.674866862063302,0.168089118390941,NA,1,100,NA
"YPR159W",1,0.687148234726467,0.14637298606855,NA,1,100,NA
"YPR163C",2,0.430746662238334,0.104633207610484,1,2,100,TRUE
"YPR167C",1,0.437363529558443,0.245739564733293,NA,1,100,NA
"YPR170W.B",2,0.643944715876953,0.173161114701096,1,2,100,TRUE
"YPR178W",6,0.535058191209001,0.0412597240620403,0.189717665076968,6,100,FALSE
"YPR183W",1,0.385575347354243,0.328286935266444,NA,1,100,NA
"YPR185W",2,0.375763181149076,0.167728926344967,-1,2,100,TRUE
"YPR186C",1,0.423431945156551,0.168599616289352,NA,1,100,NA
"YPR191W",1,0.419905035633243,0.38911169734868,NA,1,100,NA
"YPR192W",8,0.468096623702911,0.36987582430549,0.851497051850238,8,100,TRUE
"YPR193C",1,0.430913740578515,0.200237608634776,NA,1,100,NA
"YPR196W",1,0.35474597775057,0.185097591889248,NA,1,100,NA
"YPR199C",2,0.524759489120486,0.333433633418648,1,2,100,TRUE
"YPR200C",1,0.387589270085239,0.346594458466455,NA,1,100,NA
