SNP	CHR	BP	P
rs_chromosome7_345530	7	345530	3.22657203867588e-06
rs_chromosome16_168031	16	168031	2.50063923871529e-06
rs_chromosome4_895577	4	895577	1.7969168170944e-05
rs_chromosome11_112929	11	112929	1.8855938605242e-05
rs_chromosome2_532850	2	532850	2.87039765825816e-05
rs_chromosome2_578954	2	578954	9.59240480069829e-06
rs_chromosome2_592634	2	592634	2.24690468450004e-05
rs_chromosome7_995575	7	995575	2.63875481314674e-05
rs_chromosome4_1214632	4	1214632	8.60480573136711e-06
rs_chromosome11_199676	11	199676	2.1745475916461e-05
rs_chromosome12_302004	12	302004	1.34746150682117e-05
rs_chromosome4_217435	4	217435	2.43689612579007e-05
rs_chromosome9_260123	9	260123	1.43073389406465e-05
rs_chromosome9_252351	9	252351	2.65544945534229e-06
rs_chromosome11_172796	11	172796	4.70675202512354e-06
rs_chromosome12_870993	12	870993	9.24037868296335e-06
rs_chromosome14_256739	14	256739	2.26007910143821e-05
rs_chromosome4_340962	4	340962	8.70533102687769e-06
rs_chromosome14_428659	14	428659	7.16800693834092e-06
rs_chromosome12_395431	12	395431	1.88014997809589e-05
rs_chromosome7_221031	7	221031	1.09427414381045e-05
rs_chromosome7_1003534	7	1003534	2.09063202600905e-05
rs_chromosome14_588575	14	588575	2.49358181102619e-06
rs_chromosome12_205188	12	205188	1.97444577945062e-05
rs_chromosome14_754526	14	754526	3.73820013630302e-06
rs_chromosome14_754562	14	754562	6.25397786377824e-06
rs_chromosome14_301887	14	301887	1.11050720725307e-05
rs_chromosome5_343588	5	343588	3.60470474181904e-06
rs_chromosome5_343502	5	343502	3.60470474181904e-06
rs_chromosome13_314771	13	314771	9.28423915581176e-06
rs_chromosome4_86904	4	86904	1.81526989536343e-05
rs_chromosome5_26417	5	26417	2.140515424836e-05
rs_chromosome14_680022	14	680022	5.72244692901977e-06
rs_chromosome2_40179	2	40179	1.82693987463222e-06
rs_chromosome4_1121893	4	1121893	1.17456865991566e-05
rs_chromosome12_745185	12	745185	8.15442100449189e-07
rs_chromosome8_425219	8	425219	5.37086460605453e-06
rs_chromosome15_269497	15	269497	1.2206378954e-05
rs_chromosome5_499716	5	499716	1.86556366864167e-05
rs_chromosome9_37543	9	37543	1.28237551361712e-05
rs_chromosome1_99545	1	99545	1.1000970410759e-05
rs_chromosome16_892306	16	892306	2.47077060310542e-05
rs_chromosome14_82505	14	82505	6.25360538212097e-06
rs_chromosome4_354989	4	354989	1.79013364905939e-05
rs_chromosome2_654025	2	654025	2.29260878122463e-05
rs_chromosome8_371744	8	371744	6.36811384419804e-06
rs_chromosome12_690475	12	690475	9.88653237065464e-06
rs_chromosome4_1170836	4	1170836	3.41508760408735e-06
rs_chromosome10_342956	10	342956	4.14592645006354e-06
rs_chromosome15_583109	15	583109	1.13932312718158e-05
rs_chromosome13_321097	13	321097	5.64090794764115e-06
rs_chromosome11_479989	11	479989	1.56570587449288e-05
rs_chromosome8_388130	8	388130	6.13315679176938e-06
rs_chromosome11_112929	11	112929	1.83301425387277e-05
rs_chromosome11_572739	11	572739	3.27069075617845e-05
rs_chromosome5_100108	5	100108	2.25111269148908e-06
rs_chromosome15_499249	15	499249	4.79049397933177e-06
rs_chromosome15_499909	15	499909	4.79049397933177e-06
rs_chromosome2_208543	2	208543	5.46852171075139e-06
rs_chromosome15_621669	15	621669	4.20813467308941e-06
rs_chromosome4_1411608	4	1411608	1.15109808689468e-05
rs_chromosome3_31414	3	31414	1.40666895362361e-05
rs_chromosome2_372958	2	372958	1.08017049793665e-05
rs_chromosome5_312348	5	312348	7.44335179027407e-07
rs_chromosome15_379289	15	379289	9.44272417097338e-06
rs_chromosome10_580212	10	580212	1.99849670913536e-05
rs_chromosome13_130073	13	130073	2.01840291655418e-05
rs_chromosome15_479565	15	479565	6.74747658976865e-06
rs_chromosome15_463444	15	463444	8.8346759717277e-06
rs_chromosome4_1278468	4	1278468	2.04138029594917e-05
rs_chromosome12_722593	12	722593	1.4057103864626e-05
rs_chromosome8_515681	8	515681	1.4891164165203e-05
rs_chromosome13_677046	13	677046	2.36025131476291e-06
rs_chromosome12_182314	12	182314	1.58696676496819e-05
rs_chromosome12_827901	12	827901	7.02931789123511e-06
rs_chromosome14_742451	14	742451	1.33088571247005e-05
rs_chromosome7_620225	7	620225	1.47173631426399e-05
rs_chromosome12_143164	12	143164	1.69224225208121e-05
rs_chromosome8_134240	8	134240	1.30447247777602e-05
rs_chromosome4_72373	4	72373	1.08231614947135e-05
rs_chromosome2_405577	2	405577	1.4582400939295e-05
rs_chromosome2_328908	2	328908	1.39945025519662e-05
rs_chromosome7_999559	7	999559	1.1267109439527e-06
rs_chromosome1_198604	1	198604	6.88961635857803e-07
rs_chromosome4_566055	4	566055	2.47368817601159e-05
rs_chromosome13_365100	13	365100	6.96956309546345e-06
rs_chromosome14_480343	14	480343	1.78742299243143e-05
rs_chromosome4_770153	4	770153	5.79990359340105e-06
rs_chromosome5_312348	5	312348	6.91817603948397e-06
rs_chromosome9_189896	9	189896	5.05109221030697e-09
rs_chromosome16_444899	16	444899	3.12341469544035e-06
rs_chromosome7_46545	7	46545	5.41654926039853e-06
rs_chromosome11_358522	11	358522	1.4380220177332e-05
rs_chromosome11_173024	11	173024	1.36492509952314e-05
rs_chromosome5_94534	5	94534	2.3063150376837e-05
rs_chromosome12_288347	12	288347	8.53374014633517e-07
rs_chromosome11_87176	11	87176	1.15686934692768e-05
rs_chromosome6_94480	6	94480	2.80658227416511e-06
rs_chromosome14_748598	14	748598	1.67100377193153e-05
rs_chromosome14_647815	14	647815	8.33752895468695e-06
rs_chromosome8_221591	8	221591	1.1643147167304e-05
rs_chromosome14_146052	14	146052	1.73759789062042e-05
rs_chromosome11_112929	11	112929	1.07476425426475e-06
rs_chromosome8_336133	8	336133	2.63251410308477e-07
rs_chromosome5_503931	5	503931	7.06042073036252e-06
rs_chromosome8_336130	8	336130	1.58962007987173e-05
rs_chromosome4_927625	4	927625	1.84463181026261e-05
rs_chromosome7_363152	7	363152	1.90255076654897e-05
rs_chromosome15_933254	15	933254	1.63123608942211e-05
rs_chromosome4_423680	4	423680	2.05044263138572e-05
rs_chromosome12_225795	12	225795	1.53944096777785e-05
rs_chromosome2_40179	2	40179	3.48297821271013e-06
rs_chromosome16_277322	16	277322	1.05390350081127e-05
rs_chromosome15_400072	15	400072	1.12386720883005e-05
rs_chromosome7_624532	7	624532	1.0558996149399e-05
rs_chromosome13_811654	13	811654	2.31617542278095e-06
rs_chromosome13_811655	13	811655	4.66513501017162e-06
rs_chromosome1_39963	1	39963	1.59553671147656e-05
rs_chromosome16_455724	16	455724	1.63502520521517e-05
rs_chromosome16_158555	16	158555	7.1983858880929e-06
rs_chromosome4_124321	4	124321	8.71873228156364e-06
rs_chromosome2_679168	2	679168	6.00808502596355e-06
rs_chromosome4_28853	4	28853	8.46181781207851e-06
rs_chromosome13_831873	13	831873	1.49507414274023e-05
rs_chromosome8_419882	8	419882	7.96909146459514e-06
rs_chromosome1_52632	1	52632	7.37071155326198e-06
rs_chromosome4_527905	4	527905	9.50349714131286e-06
rs_chromosome4_527910	4	527910	9.50349714131286e-06
rs_chromosome4_527907	4	527907	9.50349714131286e-06
rs_chromosome11_200581	11	200581	4.88006189825473e-06
rs_chromosome16_832790	16	832790	1.03434416631633e-06
rs_chromosome8_501245	8	501245	4.46379964550828e-06
rs_chromosome8_501271	8	501271	4.46379964550828e-06
rs_chromosome13_501911	13	501911	4.5943300714519e-06
rs_chromosome9_130876	9	130876	4.86912627810929e-06
rs_chromosome2_268167	2	268167	8.00728727917794e-06
rs_chromosome2_40179	2	40179	1.52726142500538e-05
rs_chromosome9_72177	9	72177	5.19752252255722e-06
rs_chromosome7_853451	7	853451	2.38872834668478e-05
rs_chromosome14_266924	14	266924	1.28684612262893e-05
rs_chromosome5_312966	5	312966	2.30197166588031e-05
rs_chromosome15_80586	15	80586	6.48106697004232e-06
rs_chromosome10_419759	10	419759	1.72441257598194e-05
rs_chromosome10_546884	10	546884	6.82418774457166e-06
rs_chromosome16_887622	16	887622	1.77326648542286e-05
rs_chromosome2_49031	2	49031	1.37001276621648e-07
rs_chromosome4_1075858	4	1075858	5.23568542341618e-06
rs_chromosome15_486135	15	486135	5.47852650044942e-06
rs_chromosome2_175784	2	175784	9.6716449106871e-06
rs_chromosome16_33951	16	33951	1.0767801409143e-05
rs_chromosome16_33858	16	33858	1.0767801409143e-05
rs_chromosome12_300946	12	300946	1.18324276722547e-05
rs_chromosome5_160729	5	160729	2.85158362581868e-06
rs_chromosome14_119174	14	119174	1.88305674916175e-05
rs_chromosome2_764239	2	764239	1.64014195243129e-05
rs_chromosome4_887192	4	887192	1.33626091348687e-05
rs_chromosome8_142302	8	142302	1.56702606559401e-06
rs_chromosome16_82817	16	82817	2.76945277154615e-06
rs_chromosome4_1199672	4	1199672	8.86432527998849e-06
rs_chromosome11_114400	11	114400	1.3447303643055e-05
rs_chromosome8_167156	8	167156	1.60723019841214e-05
rs_chromosome11_112929	11	112929	1.06329453234367e-05
rs_chromosome12_519688	12	519688	1.93982880726425e-05
rs_chromosome13_897927	13	897927	1.14215648636738e-05
rs_chromosome9_147411	9	147411	1.17037678594081e-05
rs_chromosome9_308190	9	308190	2.15777899224171e-06
rs_chromosome2_304737	2	304737	1.7295254874966e-05
rs_chromosome7_1068740	7	1068740	9.84450537472511e-06
rs_chromosome7_394523	7	394523	3.12460028562596e-06
rs_chromosome7_394369	7	394369	1.64254008149407e-05
rs_chromosome15_680922	15	680922	1.90615190428305e-05
rs_chromosome8_201705	8	201705	1.04225986358741e-06
rs_chromosome8_201817	8	201817	4.59221493936792e-06
rs_chromosome12_428405	12	428405	8.39889718210827e-06
rs_chromosome2_36517	2	36517	1.1965996842406e-05
rs_chromosome2_36518	2	36518	1.1965996842406e-05
rs_chromosome7_524258	7	524258	2.20135994046252e-05
rs_chromosome16_528975	16	528975	2.95260597343366e-05
rs_chromosome10_629316	10	629316	1.2340988637941e-05
rs_chromosome6_52838	6	52838	1.20094399121188e-05
rs_chromosome4_217435	4	217435	7.2092453583695e-06
rs_chromosome3_135665	3	135665	1.1829265575027e-05
rs_chromosome14_691878	14	691878	5.73822572725849e-06
rs_chromosome9_150030	9	150030	8.69978311001827e-06
rs_chromosome12_22753	12	22753	9.36278474348289e-07
rs_chromosome12_22642	12	22642	1.54702341342256e-06
rs_chromosome12_22395	12	22395	3.17197532371161e-06
rs_chromosome5_85578	5	85578	7.62623857114249e-07
rs_chromosome15_678027	15	678027	1.65873067237081e-05
rs_chromosome16_416230	16	416230	2.49338589309433e-06
rs_chromosome16_415381	16	415381	2.9131352151674e-06
rs_chromosome5_97752	5	97752	2.98344249897909e-06
rs_chromosome9_83707	9	83707	5.53086452314894e-06
rs_chromosome11_124690	11	124690	7.36489413750927e-06
rs_chromosome1_52632	1	52632	1.75489840681509e-05
rs_chromosome8_441789	8	441789	2.92000181973987e-06
rs_chromosome4_1182406	4	1182406	1.22460514709882e-05
rs_chromosome14_307827	14	307827	4.26474095483568e-06
rs_chromosome10_286569	10	286569	2.14398339226874e-05
rs_chromosome4_1179516	4	1179516	5.68029517541645e-07
rs_chromosome4_1181379	4	1181379	2.4687102298213e-06
rs_chromosome4_1185640	4	1185640	2.95530308796212e-06
rs_chromosome4_1167451	4	1167451	4.26574625591852e-06
rs_chromosome4_1167562	4	1167562	4.26574625591852e-06
rs_chromosome4_1167790	4	1167790	4.26574625591852e-06
rs_chromosome4_1188878	4	1188878	8.89082431850808e-06
rs_chromosome4_1177557	4	1177557	1.07676107817805e-05
rs_chromosome11_580030	11	580030	2.60127143045e-06
rs_chromosome2_579131	2	579131	5.09670059564219e-06
rs_chromosome2_582470	2	582470	1.07189006187035e-05
rs_chromosome8_206103	8	206103	1.61279265715584e-05
rs_chromosome16_892306	16	892306	1.01005957348101e-05
rs_chromosome13_740818	13	740818	1.78140393155459e-05
rs_chromosome7_391624	7	391624	1.58382567351338e-05
rs_chromosome11_439634	11	439634	2.2879582639165e-05
rs_chromosome11_440589	11	440589	2.2879582639165e-05
rs_chromosome11_439943	11	439943	2.2879582639165e-05
rs_chromosome11_440375	11	440375	2.2879582639165e-05
rs_chromosome16_705129	16	705129	4.25180913421569e-06
rs_chromosome7_646051	7	646051	7.95219719184686e-06
rs_chromosome5_441532	5	441532	8.60556611559706e-06
rs_chromosome5_441625	5	441625	1.57816167468979e-05
rs_chromosome12_610544	12	610544	2.70050005702251e-05
rs_chromosome15_604256	15	604256	4.42052349471571e-06
rs_chromosome15_768001	15	768001	9.52358234828279e-06
rs_chromosome11_284721	11	284721	1.13271500151211e-05
rs_chromosome4_94379	4	94379	1.81962945094953e-05
rs_chromosome2_40179	2	40179	1.07286663710758e-06
rs_chromosome2_513067	2	513067	1.86515559883922e-05
rs_chromosome3_27744	3	27744	1.90806778313672e-05
rs_chromosome7_946383	7	946383	2.31593367425773e-05
rs_chromosome13_234544	13	234544	8.51490371332557e-06
rs_chromosome1_112207	1	112207	1.93725092888025e-05
rs_chromosome12_80023	12	80023	1.86416532752065e-06
rs_chromosome11_201496	11	201496	1.73167067166334e-06
rs_chromosome13_190760	13	190760	1.98463583086064e-06
rs_chromosome4_30545	4	30545	2.05560917205373e-05
rs_chromosome4_680614	4	680614	2.7678343432954e-06
rs_chromosome15_893597	15	893597	3.78278202921409e-06
rs_chromosome1_70621	1	70621	5.75681121024101e-06
rs_chromosome8_194824	8	194824	6.68168876506679e-06
rs_chromosome4_629639	4	629639	6.7454705255171e-06
rs_chromosome4_629643	4	629643	6.7454705255171e-06
rs_chromosome14_675306	14	675306	1.10325549391128e-05
rs_chromosome13_823644	13	823644	1.35667456775131e-05
rs_chromosome4_416675	4	416675	1.1912916756355e-05
rs_chromosome15_781897	15	781897	2.33848504761538e-05
rs_chromosome3_151761	3	151761	1.60237377044185e-05
rs_chromosome2_552684	2	552684	2.15234927023936e-05
rs_chromosome15_547969	15	547969	4.0414771645043e-06
rs_chromosome7_781239	7	781239	4.66228506292147e-06
rs_chromosome12_20402	12	20402	5.60213433996436e-06
rs_chromosome2_40179	2	40179	4.17776326688053e-06
rs_chromosome8_335925	8	335925	1.27649718504411e-05
rs_chromosome8_335951	8	335951	1.27649718504411e-05
rs_chromosome8_365187	8	365187	1.71944621896268e-05
rs_chromosome15_505528	15	505528	2.63766121463422e-05
rs_chromosome14_146766	14	146766	2.52032769702128e-05
rs_chromosome4_1442387	4	1442387	1.76134457368528e-06
rs_chromosome8_500412	8	500412	2.66576611970315e-06
rs_chromosome12_163192	12	163192	1.09488144226388e-06
rs_chromosome2_614683	2	614683	9.68904096955506e-06
rs_chromosome13_307396	13	307396	1.49674943695128e-05
rs_chromosome14_357088	14	357088	1.66029580998497e-05
rs_chromosome16_306698	16	306698	1.77710419280604e-05
rs_chromosome15_723816	15	723816	1.20258736860302e-05
rs_chromosome2_110335	2	110335	1.62037993247602e-05
rs_chromosome13_831873	13	831873	6.23783473088238e-06
rs_chromosome10_240782	10	240782	6.11397370977588e-06
rs_chromosome15_269497	15	269497	1.48799561690351e-05
rs_chromosome10_49357	10	49357	9.58304375024997e-06
rs_chromosome11_225168	11	225168	1.99813065889638e-05
rs_chromosome6_112003	6	112003	2.36649395468826e-06
rs_chromosome4_722306	4	722306	1.33767342627987e-05
rs_chromosome10_456997	10	456997	2.66800671934401e-07
rs_chromosome3_268753	3	268753	8.77325551532787e-06
rs_chromosome16_101890	16	101890	1.24482038631115e-05
rs_chromosome7_855067	7	855067	6.0311252507122e-06
rs_chromosome15_583109	15	583109	1.23491751210474e-05
rs_chromosome11_464063	11	464063	8.43843460447904e-06
rs_chromosome2_40179	2	40179	1.3679941957807e-05
rs_chromosome14_437395	14	437395	7.49032381591112e-06
rs_chromosome15_855498	15	855498	6.39151713278887e-06
rs_chromosome10_272177	10	272177	1.58931237682315e-05
rs_chromosome5_97752	5	97752	7.58720933779279e-06
rs_chromosome12_607457	12	607457	2.06171225507226e-05
rs_chromosome4_1460763	4	1460763	1.24170878551456e-05
rs_chromosome12_148252	12	148252	1.66806604983676e-05
rs_chromosome15_875652	15	875652	3.85417279053687e-06
rs_chromosome15_836294	15	836294	8.12972653113527e-06
rs_chromosome4_131084	4	131084	7.22430903070436e-06
rs_chromosome15_1009965	15	1009965	5.51042373594062e-06
rs_chromosome15_1014504	15	1014504	6.18258154502643e-06
rs_chromosome8_315358	8	315358	1.70795561042793e-05
rs_chromosome8_315367	8	315367	1.70795561042793e-05
rs_chromosome1_93466	1	93466	1.79981809363982e-05
rs_chromosome8_500412	8	500412	5.63423644176714e-06
rs_chromosome16_524127	16	524127	7.55607135730863e-06
rs_chromosome11_86346	11	86346	3.89108956811477e-06
rs_chromosome7_429941	7	429941	1.32513116048934e-05
rs_chromosome7_995395	7	995395	1.37868650663832e-05
rs_chromosome12_373243	12	373243	3.00926529683109e-07
rs_chromosome5_503931	5	503931	1.32175960530093e-05
rs_chromosome12_405138	12	405138	6.98266707160292e-06
rs_chromosome4_525757	4	525757	2.54845070344388e-05
rs_chromosome4_525766	4	525766	2.54845070344388e-05
rs_chromosome4_526087	4	526087	2.54845070344388e-05
rs_chromosome4_525718	4	525718	2.54845070344388e-05
rs_chromosome4_526215	4	526215	2.54845070344388e-05
rs_chromosome4_526183	4	526183	2.54845070344388e-05
rs_chromosome4_526111	4	526111	2.54845070344388e-05
rs_chromosome4_526063	4	526063	2.54845070344388e-05
rs_chromosome4_525679	4	525679	2.54845070344388e-05
rs_chromosome4_525754	4	525754	2.54845070344388e-05
rs_chromosome4_526042	4	526042	2.54845070344388e-05
rs_chromosome4_525574	4	525574	2.54845070344388e-05
rs_chromosome4_525658	4	525658	2.54845070344388e-05
rs_chromosome4_525883	4	525883	2.54845070344388e-05
rs_chromosome4_525916	4	525916	2.54845070344388e-05
rs_chromosome4_525760	4	525760	2.54845070344388e-05
rs_chromosome4_526135	4	526135	2.54845070344388e-05
rs_chromosome4_525715	4	525715	2.54845070344388e-05
rs_chromosome4_525924	4	525924	2.54845070344388e-05
rs_chromosome4_525511	4	525511	2.54845070344388e-05
rs_chromosome4_525940	4	525940	2.54845070344388e-05
rs_chromosome4_525488	4	525488	2.54845070344388e-05
rs_chromosome4_526246	4	526246	2.54845070344388e-05
rs_chromosome4_526267	4	526267	2.54845070344388e-05
rs_chromosome4_526285	4	526285	2.54845070344388e-05
rs_chromosome4_526297	4	526297	2.54845070344388e-05
rs_chromosome4_525919	4	525919	2.54845070344388e-05
rs_chromosome4_526222	4	526222	2.54845070344388e-05
rs_chromosome4_525641	4	525641	2.54845070344388e-05
rs_chromosome4_525499	4	525499	2.54845070344388e-05
rs_chromosome4_525595	4	525595	2.54845070344388e-05
rs_chromosome4_525655	4	525655	2.54845070344388e-05
rs_chromosome4_526099	4	526099	2.54845070344388e-05
rs_chromosome4_526102	4	526102	2.54845070344388e-05
rs_chromosome4_526186	4	526186	2.54845070344388e-05
rs_chromosome4_526090	4	526090	2.54845070344388e-05
rs_chromosome4_525850	4	525850	2.54845070344388e-05
rs_chromosome4_525862	4	525862	2.54845070344388e-05
rs_chromosome4_525868	4	525868	2.54845070344388e-05
rs_chromosome4_525877	4	525877	2.54845070344388e-05
rs_chromosome4_525946	4	525946	2.54845070344388e-05
rs_chromosome4_525805	4	525805	2.54845070344388e-05
rs_chromosome4_525988	4	525988	2.54845070344388e-05
rs_chromosome4_526117	4	526117	2.54845070344388e-05
rs_chromosome4_525637	4	525637	2.54845070344388e-05
rs_chromosome4_525793	4	525793	2.54845070344388e-05
rs_chromosome4_525504	4	525504	2.54845070344388e-05
rs_chromosome4_525967	4	525967	2.54845070344389e-05
rs_chromosome4_525955	4	525955	2.54845070344389e-05
rs_chromosome4_525976	4	525976	2.54845070344389e-05
rs_chromosome10_436354	10	436354	1.38755672925851e-05
rs_chromosome12_790301	12	790301	6.4096843333191e-06
rs_chromosome12_790484	12	790484	6.4096843333191e-06
rs_chromosome12_790500	12	790500	1.19680670270525e-05
rs_chromosome12_743013	12	743013	1.54333442875118e-05
rs_chromosome2_195009	2	195009	6.2062051998832e-06
rs_chromosome8_165797	8	165797	2.95133859049867e-05
rs_chromosome5_503931	5	503931	1.03918844891899e-05
rs_chromosome8_336133	8	336133	1.59022545041003e-05
rs_chromosome2_159926	2	159926	1.48695672037833e-05
rs_chromosome4_36103	4	36103	1.6141679504498e-05
rs_chromosome16_425055	16	425055	1.57158625932768e-05
rs_chromosome4_820419	4	820419	4.98944388624724e-06
rs_chromosome7_847143	7	847143	5.46351677049733e-06
rs_chromosome9_404297	9	404297	7.50810173497163e-06
rs_chromosome4_480887	4	480887	8.42525321754863e-06
rs_chromosome5_249177	5	249177	9.84939705083247e-06
rs_chromosome7_785851	7	785851	1.25268244158473e-05
rs_chromosome5_298006	5	298006	1.31276329186884e-05
rs_chromosome5_297816	5	297816	1.31276329186884e-05
rs_chromosome5_297869	5	297869	1.31276329186884e-05
rs_chromosome7_480515	7	480515	5.62880173495472e-06
rs_chromosome9_263911	9	263911	1.14594920878969e-05
rs_chromosome12_765047	12	765047	7.11787010648604e-06
rs_chromosome14_428364	14	428364	1.68207074490228e-05
rs_chromosome4_458851	4	458851	4.04454370402098e-06
rs_chromosome11_467777	11	467777	1.18908293381878e-05
rs_chromosome11_467744	11	467744	1.18908293381878e-05
rs_chromosome15_289218	15	289218	3.56444042554124e-06
rs_chromosome9_260120	9	260120	2.4689988019475e-05
rs_chromosome7_59802	7	59802	2.87939552878095e-05
rs_chromosome4_1489546	4	1489546	2.67499285127972e-06
rs_chromosome5_443177	5	443177	1.37273085516439e-05
rs_chromosome5_443176	5	443176	1.37273085516439e-05
rs_chromosome5_409300	5	409300	1.99932797257528e-05
rs_chromosome2_40179	2	40179	2.92196891347863e-06
rs_chromosome14_26681	14	26681	1.0617244447917e-05
rs_chromosome7_616811	7	616811	1.04613504083299e-05
rs_chromosome6_240613	6	240613	1.22585212014691e-05
rs_chromosome6_240610	6	240610	1.22585212014691e-05
rs_chromosome6_227693	6	227693	1.65233855218679e-05
rs_chromosome14_479912	14	479912	2.16903925328487e-05
rs_chromosome16_552585	16	552585	2.70823293927595e-06
rs_chromosome15_213488	15	213488	6.03796854403119e-07
rs_chromosome11_378458	11	378458	5.04502975680076e-06
rs_chromosome7_567877	7	567877	1.72572880660152e-05
rs_chromosome7_567850	7	567850	1.72572880660152e-05
rs_chromosome4_1312613	4	1312613	1.72736651772628e-05
rs_chromosome14_168676	14	168676	1.59905798538879e-05
rs_chromosome5_503931	5	503931	3.46859610273113e-06
rs_chromosome10_240782	10	240782	1.14237742440789e-05
rs_chromosome16_446280	16	446280	2.01248081455265e-05
rs_chromosome11_439872	11	439872	6.30215676765108e-06
rs_chromosome15_269497	15	269497	1.51289013423076e-05
rs_chromosome13_790712	13	790712	9.86082336064246e-06
rs_chromosome15_280401	15	280401	1.28521705556347e-05
rs_chromosome12_80907	12	80907	7.31279902315976e-06
rs_chromosome4_1474570	4	1474570	7.42983433178582e-06
rs_chromosome8_28477	8	28477	9.58134727279482e-06
rs_chromosome16_542211	16	542211	1.21875200794605e-05
rs_chromosome16_542076	16	542076	1.21875200794605e-05
rs_chromosome16_221325	16	221325	9.80499725097631e-06
rs_chromosome16_225486	16	225486	9.96619052271782e-06
rs_chromosome4_410363	4	410363	1.38023226051627e-05
rs_chromosome13_164021	13	164021	5.66445862918637e-06
rs_chromosome11_180074	11	180074	1.48164160506215e-05
rs_chromosome6_44835	6	44835	1.20622978102524e-05
rs_chromosome13_80403	13	80403	1.21596980689523e-05
rs_chromosome14_71660	14	71660	1.31111798731631e-05
rs_chromosome16_671824	16	671824	1.01054777011279e-05
rs_chromosome11_270096	11	270096	1.29324216198942e-05
rs_chromosome11_427643	11	427643	1.70285282362475e-05
rs_chromosome4_1364228	4	1364228	4.19718835073055e-06
rs_chromosome2_525483	2	525483	3.10911236486131e-06
rs_chromosome10_137522	10	137522	1.6304340913842e-05
rs_chromosome10_167997	10	167997	1.95097580628146e-05
rs_chromosome13_845605	13	845605	9.07156740549103e-06
rs_chromosome8_59916	8	59916	1.11272428983881e-06
rs_chromosome4_423680	4	423680	3.89214199601421e-06
rs_chromosome4_849849	4	849849	5.07894272390071e-06
rs_chromosome14_468720	14	468720	1.17807858014732e-05
rs_chromosome14_468702	14	468702	1.17807858014732e-05
rs_chromosome5_441415	5	441415	4.19898930138586e-06
rs_chromosome5_441329	5	441329	4.19898930138586e-06
rs_chromosome5_203839	5	203839	1.01757278395046e-05
rs_chromosome2_40179	2	40179	1.49752261501591e-05
rs_chromosome6_89173	6	89173	3.41563222618442e-07
rs_chromosome6_89110	6	89110	1.60913742740867e-06
rs_chromosome15_271903	15	271903	6.61622781604941e-06
rs_chromosome5_198880	5	198880	3.79123631031464e-06
rs_chromosome4_642755	4	642755	1.36528946031349e-05
rs_chromosome5_66258	5	66258	7.99582569289543e-06
rs_chromosome11_235406	11	235406	1.16914927247327e-05
rs_chromosome3_71223	3	71223	1.32786806331324e-05
rs_chromosome3_257531	3	257531	1.62691848555671e-05
rs_chromosome13_856578	13	856578	1.94545887215164e-05
rs_chromosome7_306325	7	306325	2.05074862551805e-05
rs_chromosome9_311489	9	311489	2.21952796227472e-05
rs_chromosome11_235400	11	235400	2.2613763059052e-05
rs_chromosome15_442592	15	442592	1.440262286289e-05
rs_chromosome12_179688	12	179688	3.49575111289975e-06
rs_chromosome9_252351	9	252351	1.74926409053328e-05
rs_chromosome12_93274	12	93274	7.6639334709652e-06
rs_chromosome12_532984	12	532984	4.34375516315156e-06
rs_chromosome14_323947	14	323947	2.60277820810464e-06
rs_chromosome8_436654	8	436654	1.06500121322609e-05
rs_chromosome8_436695	8	436695	1.06500121322609e-05
rs_chromosome6_243163	6	243163	2.77726973456374e-06
rs_chromosome2_493930	2	493930	3.4916160171933e-06
rs_chromosome2_493999	2	493999	3.4916160171933e-06
rs_chromosome4_35807	4	35807	2.16836178336641e-05
rs_chromosome10_86690	10	86690	5.20848411056992e-06
rs_chromosome13_164021	13	164021	6.41659884962036e-06
rs_chromosome11_35874	11	35874	1.10877335238321e-05
rs_chromosome7_151811	7	151811	6.70278842575718e-06
rs_chromosome7_150923	7	150923	9.04365223262469e-06
rs_chromosome7_150964	7	150964	9.04365223262469e-06
rs_chromosome7_150806	7	150806	9.04365223262469e-06
rs_chromosome2_538121	2	538121	2.14328327910841e-06
rs_chromosome3_98617	3	98617	3.98090237440569e-06
rs_chromosome7_860141	7	860141	5.23041063249186e-06
rs_chromosome3_98578	3	98578	1.24300472516781e-05
rs_chromosome13_632030	13	632030	3.83278216852859e-06
rs_chromosome12_869859	12	869859	6.46023901853747e-06
rs_chromosome11_173024	11	173024	1.57604336236962e-05
rs_chromosome16_369483	16	369483	1.52351540987665e-05
rs_chromosome16_560353	16	560353	2.2715033544797e-06
rs_chromosome5_169452	5	169452	2.62399112898643e-05
rs_chromosome9_303266	9	303266	4.73791462221548e-06
rs_chromosome12_714020	12	714020	6.67232031077836e-06
rs_chromosome15_485898	15	485898	4.62293814067663e-06
rs_chromosome14_351884	14	351884	9.03741403524319e-06
rs_chromosome14_405028	14	405028	2.37687375731867e-05
rs_chromosome2_112527	2	112527	4.60018037942392e-06
rs_chromosome7_23383	7	23383	1.10408310788669e-05
rs_chromosome11_169345	11	169345	1.34645248395443e-05
rs_chromosome2_117595	2	117595	1.35889770254309e-05
rs_chromosome7_734123	7	734123	2.08684298397819e-05
rs_chromosome14_153029	14	153029	2.02575803841954e-06
rs_chromosome14_152990	14	152990	2.02575803841954e-06
rs_chromosome14_152793	14	152793	2.02575803841954e-06
rs_chromosome15_976993	15	976993	1.78442318669076e-05
rs_chromosome8_525838	8	525838	2.84382363531088e-05
rs_chromosome7_136222	7	136222	6.4253087971921e-06
rs_chromosome2_382644	2	382644	8.13797074174071e-06
rs_chromosome11_552941	11	552941	1.12844061828676e-05
rs_chromosome11_552953	11	552953	1.12844061828676e-05
rs_chromosome4_179726	4	179726	1.34674362488805e-05
rs_chromosome8_419882	8	419882	1.52975882026128e-05
rs_chromosome11_35758	11	35758	2.18426221641294e-05
rs_chromosome4_831279	4	831279	3.74923011112471e-05
rs_chromosome11_610214	11	610214	1.65408122357936e-06
rs_chromosome14_165771	14	165771	1.01405550354839e-05
rs_chromosome12_21995	12	21995	7.9846983800458e-06
rs_chromosome15_203923	15	203923	1.19073705942089e-05
rs_chromosome4_806233	4	806233	7.10373108373738e-07
rs_chromosome10_531989	10	531989	3.19802254449966e-06
rs_chromosome4_802878	4	802878	7.41785066717111e-06
rs_chromosome2_660402	2	660402	9.81237591574586e-07
rs_chromosome13_769791	13	769791	1.02348163780178e-05
rs_chromosome8_490863	8	490863	1.11313761323299e-05
rs_chromosome13_644092	13	644092	1.17892806463915e-05
rs_chromosome15_625649	15	625649	1.20204680555263e-06
rs_chromosome15_625559	15	625559	1.38467043003509e-06
rs_chromosome15_461659	15	461659	1.09236482231911e-05
rs_chromosome15_461660	15	461660	1.09236482231911e-05
rs_chromosome4_1388592	4	1388592	8.01717371551671e-06
rs_chromosome11_112929	11	112929	2.5445001802778e-06
rs_chromosome4_622891	4	622891	9.66272073220616e-06
rs_chromosome7_865578	7	865578	9.9010778098531e-06
rs_chromosome8_193045	8	193045	1.14130113512844e-05
rs_chromosome7_858611	7	858611	1.15164598709265e-05
rs_chromosome7_306325	7	306325	5.18128094747123e-06
rs_chromosome12_745185	12	745185	3.59815176714529e-06
rs_chromosome9_390679	9	390679	4.47394290875129e-06
rs_chromosome10_250419	10	250419	5.40255070009646e-06
rs_chromosome15_805025	15	805025	7.27864669623044e-06
rs_chromosome4_1501442	4	1501442	3.79639181217158e-06
rs_chromosome12_173951	12	173951	1.15634460780996e-05
rs_chromosome16_48893	16	48893	1.48397073174019e-06
rs_chromosome13_831873	13	831873	1.38494795849799e-05
rs_chromosome15_723816	15	723816	9.08639131230117e-07
rs_chromosome12_364537	12	364537	4.89944743092213e-06
rs_chromosome12_112232	12	112232	6.71650381144438e-06
rs_chromosome5_65944	5	65944	1.11268897405121e-05
rs_chromosome15_236985	15	236985	1.22132113395998e-05
rs_chromosome6_250073	6	250073	2.43332081611212e-05
rs_chromosome6_71083	6	71083	4.85402454613545e-06
rs_chromosome13_841599	13	841599	8.39240906292306e-06
rs_chromosome14_426290	14	426290	8.58872555721684e-06
rs_chromosome14_300959	14	300959	6.66255775716609e-06
rs_chromosome15_523782	15	523782	7.02590192838884e-06
rs_chromosome4_1255467	4	1255467	3.01768562198137e-05
rs_chromosome4_1419993	4	1419993	1.11108027630828e-05
rs_chromosome8_490863	8	490863	6.56256925951096e-06
rs_chromosome8_500412	8	500412	1.67995460191384e-05
rs_chromosome12_777907	12	777907	3.2202228086129e-05
rs_chromosome12_427051	12	427051	5.16081728465808e-06
rs_chromosome12_427050	12	427050	5.16081728465808e-06
rs_chromosome7_556181	7	556181	8.34056328998756e-06
rs_chromosome13_801754	13	801754	7.75043306137267e-06
rs_chromosome13_801808	13	801808	1.38849295636111e-05
rs_chromosome13_801732	13	801732	1.38849295636111e-05
rs_chromosome2_110335	2	110335	1.77983503416139e-05
rs_chromosome16_566096	16	566096	1.36254176370283e-05
rs_chromosome11_148284	11	148284	1.69768321565566e-05
rs_chromosome14_428364	14	428364	6.21145807703148e-06
rs_chromosome8_419882	8	419882	6.98813776750469e-06
rs_chromosome12_93274	12	93274	2.27368882629756e-05
rs_chromosome6_198427	6	198427	5.60503246223284e-06
rs_chromosome6_60218	6	60218	6.75321973396339e-07
rs_chromosome6_221904	6	221904	1.1657062771434e-05
rs_chromosome5_79231	5	79231	1.90421230630601e-06
rs_chromosome12_284978	12	284978	1.22038766285099e-05
rs_chromosome11_180074	11	180074	2.52532220483267e-06
rs_chromosome5_312786	5	312786	3.72567228935861e-06
rs_chromosome12_735833	12	735833	1.26115652974344e-05
rs_chromosome16_689032	16	689032	6.12488624383091e-06
rs_chromosome12_633302	12	633302	5.72462952850343e-06
rs_chromosome12_633199	12	633199	5.72462952850343e-06
rs_chromosome12_633149	12	633149	5.72462952850343e-06
rs_chromosome12_643914	12	643914	8.00619583582235e-06
rs_chromosome12_635025	12	635025	1.43518248208455e-05
rs_chromosome12_644551	12	644551	2.17951010087757e-05
rs_chromosome16_206880	16	206880	1.93528854411415e-05
rs_chromosome9_226523	9	226523	8.78330119399207e-06
rs_chromosome4_1489545	4	1489545	1.34903766088634e-05
rs_chromosome6_94480	6	94480	3.01374807215199e-06
rs_chromosome16_229960	16	229960	6.91662072508307e-06
rs_chromosome5_97752	5	97752	2.54658175540487e-05
rs_chromosome14_527225	14	527225	7.82106225878887e-06
rs_chromosome14_527207	14	527207	7.82106225878887e-06
rs_chromosome15_138539	15	138539	8.93099776531786e-06
rs_chromosome4_1213821	4	1213821	1.27332943931682e-05
rs_chromosome4_1213825	4	1213825	1.73710080449511e-05
rs_chromosome11_628967	11	628967	7.64768552267412e-06
rs_chromosome11_212630	11	212630	4.29452952047512e-06
rs_chromosome12_545221	12	545221	9.60195506585786e-07
rs_chromosome12_545104	12	545104	9.60195506585786e-07
rs_chromosome12_517614	12	517614	4.07502450532068e-06
rs_chromosome16_515185	16	515185	5.02694076473093e-06
rs_chromosome4_142603	4	142603	8.27810168173397e-06
rs_chromosome2_365126	2	365126	1.44696133877937e-06
rs_chromosome8_108134	8	108134	1.32729980020931e-05
rs_chromosome2_362702	2	362702	1.61258282928761e-05
rs_chromosome2_367200	2	367200	2.56764288554761e-05
rs_chromosome2_368084	2	368084	2.56764288554761e-05
rs_chromosome10_130889	10	130889	2.65414609082854e-05
rs_chromosome11_78422	11	78422	1.57040745854428e-05
rs_chromosome13_68077	13	68077	9.81686816370707e-06
rs_chromosome3_71241	3	71241	7.29779794787269e-06
rs_chromosome4_1460763	4	1460763	1.01379465214049e-06
rs_chromosome10_639365	10	639365	1.73463477353569e-05
rs_chromosome11_397941	11	397941	1.70450353936009e-05
rs_chromosome12_728027	12	728027	4.23400491860949e-06
rs_chromosome2_528793	2	528793	1.00080810437538e-05
rs_chromosome2_530521	2	530521	1.00080810437538e-05
rs_chromosome15_997162	15	997162	1.45814498537878e-05
rs_chromosome11_562850	11	562850	7.35433265290845e-06
rs_chromosome10_252286	10	252286	1.49709840971294e-05
rs_chromosome8_419882	8	419882	1.84197541171373e-05
rs_chromosome14_648473	14	648473	2.88385002406717e-06
rs_chromosome1_155541	1	155541	7.36682936304794e-06
rs_chromosome11_84139	11	84139	9.06590139080467e-06
rs_chromosome6_120366	6	120366	4.76783649222622e-06
rs_chromosome4_456343	4	456343	4.98630651848207e-06
rs_chromosome10_419759	10	419759	1.93355984535539e-06
rs_chromosome2_489778	2	489778	3.43123389720054e-06
rs_chromosome11_146689	11	146689	3.57099435401812e-06
rs_chromosome16_524127	16	524127	9.70112081422371e-06
rs_chromosome15_464594	15	464594	2.02487869913215e-05
rs_chromosome4_696199	4	696199	1.61118470129822e-05
rs_chromosome8_434588	8	434588	1.44502404089231e-06
rs_chromosome4_399900	4	399900	1.0649038972948e-05
rs_chromosome2_40179	2	40179	3.40201272083148e-06
rs_chromosome4_1496077	4	1496077	1.33904859080053e-06
rs_chromosome7_254363	7	254363	1.58207250599281e-05
rs_chromosome4_1300146	4	1300146	1.92983015481426e-05
rs_chromosome4_172151	4	172151	2.88954410406373e-05
rs_chromosome4_946452	4	946452	2.92312905549564e-05
rs_chromosome12_28285	12	28285	3.67769559746624e-06
rs_chromosome11_172796	11	172796	2.23114018303514e-05
rs_chromosome4_1501321	4	1501321	1.71223942230569e-05
rs_chromosome11_155092	11	155092	7.28716137688635e-06
rs_chromosome15_941769	15	941769	8.86287923093798e-06
rs_chromosome2_40179	2	40179	1.13551263892384e-05
rs_chromosome3_28567	3	28567	1.11384172235076e-05
rs_chromosome4_470229	4	470229	1.43826363423912e-05
rs_chromosome15_166055	15	166055	6.38898718990214e-06
rs_chromosome15_166008	15	166008	6.38898718990214e-06
rs_chromosome15_165953	15	165953	6.38898718990214e-06
rs_chromosome2_40179	2	40179	4.75923237756631e-06
rs_chromosome9_112143	9	112143	2.04351347497275e-05
rs_chromosome16_689032	16	689032	9.85618246976414e-07
rs_chromosome15_269497	15	269497	7.96682221520101e-06
rs_chromosome14_430032	14	430032	9.61830468281521e-06
rs_chromosome14_352081	14	352081	1.610682085939e-05
rs_chromosome8_219303	8	219303	1.92933232056347e-05
rs_chromosome14_323947	14	323947	1.11279546732073e-07
rs_chromosome11_562850	11	562850	4.67666163524111e-06
rs_chromosome14_707029	14	707029	5.95283258479676e-06
rs_chromosome2_110335	2	110335	1.07327641348068e-05
rs_chromosome14_323309	14	323309	1.42364485026228e-05
rs_chromosome8_441789	8	441789	1.45053011805977e-05
rs_chromosome5_504050	5	504050	1.61645880234709e-05
rs_chromosome6_94480	6	94480	1.31247073287452e-05
rs_chromosome12_545707	12	545707	5.72068691908113e-06
rs_chromosome12_442034	12	442034	1.10931640103257e-05
rs_chromosome12_545828	12	545828	2.18295669769863e-05
rs_chromosome6_248849	6	248849	2.1838824692647e-05
rs_chromosome6_248810	6	248810	2.1838824692647e-05
rs_chromosome8_519079	8	519079	2.30968338709339e-05
rs_chromosome13_871042	13	871042	2.56357310337196e-05
rs_chromosome14_356473	14	356473	6.29994308363482e-06
rs_chromosome7_780500	7	780500	9.82276963558522e-06
rs_chromosome12_115108	12	115108	4.22484481699652e-06
rs_chromosome13_319040	13	319040	7.67898806020671e-06
rs_chromosome10_393850	10	393850	9.40745992306916e-06
rs_chromosome16_447294	16	447294	2.65404019003002e-05
rs_chromosome7_199882	7	199882	2.97147206078835e-05
rs_chromosome7_210122	7	210122	3.23446584805869e-05
rs_chromosome14_102681	14	102681	8.21830954812838e-06
rs_chromosome7_328565	7	328565	9.27565070178646e-06
rs_chromosome14_600311	14	600311	1.36571085862606e-05
rs_chromosome4_847680	4	847680	3.65362113607464e-05
rs_chromosome11_35758	11	35758	9.77434177763278e-06
rs_chromosome10_80223	10	80223	8.71813564615933e-06
rs_chromosome16_697315	16	697315	9.58305555311297e-06
rs_chromosome7_788947	7	788947	1.20294719239564e-05
rs_chromosome16_571582	16	571582	1.44257787626104e-05
rs_chromosome2_172223	2	172223	2.05197497595604e-05
rs_chromosome2_172262	2	172262	2.05197497595604e-05
rs_chromosome15_269497	15	269497	5.14005905690965e-06
rs_chromosome2_480324	2	480324	5.87262989909044e-06
rs_chromosome2_40179	2	40179	1.35566909684669e-05
rs_chromosome10_523373	10	523373	1.64715707133393e-05
rs_chromosome11_90118	11	90118	2.49752889105235e-06
rs_chromosome2_99849	2	99849	1.23475908762361e-05
rs_chromosome10_415069	10	415069	2.30763470899933e-05
rs_chromosome11_173024	11	173024	4.05940099699722e-06
rs_chromosome4_1442387	4	1442387	3.03373425020669e-05
rs_chromosome8_469573	8	469573	1.22363953622066e-06
rs_chromosome6_133441	6	133441	9.17942750762184e-06
rs_chromosome4_950937	4	950937	9.43266855268095e-06
rs_chromosome11_35874	11	35874	2.41072400283398e-06
rs_chromosome16_802139	16	802139	3.58357150609493e-06
rs_chromosome11_35758	11	35758	8.44871954202483e-06
rs_chromosome16_561671	16	561671	9.6601637103603e-06
rs_chromosome2_40179	2	40179	9.44704092817118e-06
rs_chromosome1_36574	1	36574	1.29408339189383e-05
rs_chromosome10_120754	10	120754	2.01203456074882e-06
rs_chromosome11_172796	11	172796	2.98771888237057e-05
rs_chromosome12_865827	12	865827	7.08471811045607e-06
rs_chromosome6_154989	6	154989	7.24431866657109e-06
rs_chromosome12_549369	12	549369	7.73333978438826e-06
rs_chromosome12_305614	12	305614	1.08556918507351e-05
rs_chromosome12_521643	12	521643	1.38929922448136e-05
rs_chromosome15_143989	15	143989	9.72479854366193e-06
rs_chromosome11_112929	11	112929	4.69545461077695e-06
rs_chromosome5_194501	5	194501	2.65967859666497e-05
rs_chromosome5_194498	5	194498	2.65967859666497e-05
rs_chromosome14_571940	14	571940	6.00191210655511e-06
rs_chromosome11_112929	11	112929	7.82028608641364e-07
rs_chromosome4_353794	4	353794	6.16523796596358e-06
rs_chromosome10_613133	10	613133	5.0194552377215e-06
rs_chromosome14_70291	14	70291	2.08624430775502e-07
rs_chromosome2_53037	2	53037	2.75842372942377e-05
rs_chromosome2_313673	2	313673	3.07950662001154e-06
rs_chromosome9_112038	9	112038	6.57335358925251e-06
rs_chromosome14_170317	14	170317	2.54458797006823e-05
rs_chromosome15_700948	15	700948	1.45157725084728e-05
rs_chromosome3_246171	3	246171	1.70260229986315e-05
rs_chromosome15_189504	15	189504	2.13237335682285e-05
rs_chromosome10_191353	10	191353	8.5217058856259e-06
rs_chromosome4_509821	4	509821	1.035675885375e-05
rs_chromosome5_39238	5	39238	1.58463725535312e-05
rs_chromosome13_423901	13	423901	1.42154809912067e-05
rs_chromosome8_127010	8	127010	7.73556759083319e-07
rs_chromosome14_296142	14	296142	6.37567365991879e-06
rs_chromosome2_656467	2	656467	2.43247506534914e-05
rs_chromosome4_1496077	4	1496077	2.10251023767676e-05
rs_chromosome9_252351	9	252351	2.86438981630973e-06
rs_chromosome1_52632	1	52632	1.56925589236094e-06
rs_chromosome12_204536	12	204536	5.73874646466476e-06
rs_chromosome9_377587	9	377587	7.14822567478821e-06
rs_chromosome14_318057	14	318057	1.35880691050157e-05
rs_chromosome2_629692	2	629692	3.12298778796496e-06
rs_chromosome2_629684	2	629684	9.4376007921769e-06
rs_chromosome8_93832	8	93832	1.02549887315161e-05
rs_chromosome1_93745	1	93745	9.40360810010877e-09
rs_chromosome14_323309	14	323309	4.75211345373246e-06
rs_chromosome16_708647	16	708647	3.03077790482037e-06
rs_chromosome16_708641	16	708641	5.2207265801294e-06
rs_chromosome15_438163	15	438163	1.86688043373708e-05
rs_chromosome8_419882	8	419882	8.82058032602609e-06
rs_chromosome14_683297	14	683297	9.18954392728015e-06
rs_chromosome15_1000996	15	1000996	9.48277866983349e-06
rs_chromosome5_40520	5	40520	9.84711130332714e-06
rs_chromosome12_422424	12	422424	1.03256926823461e-05
rs_chromosome11_467333	11	467333	1.06056111199724e-05
rs_chromosome4_1302821	4	1302821	1.122351675471e-05
rs_chromosome12_586163	12	586163	1.20472804823474e-05
rs_chromosome12_770243	12	770243	1.34271757131702e-05
rs_chromosome13_875532	13	875532	2.37105497883348e-05
rs_chromosome11_611206	11	611206	1.10824065132121e-05
rs_chromosome11_172796	11	172796	1.24249279749854e-05
rs_chromosome15_161134	15	161134	1.88539632849699e-05
rs_chromosome11_173024	11	173024	2.59872818727527e-05
rs_chromosome15_711743	15	711743	9.12477863518735e-06
rs_chromosome14_155327	14	155327	1.63493421263911e-05
rs_chromosome14_155190	14	155190	1.63493421263911e-05
rs_chromosome11_502906	11	502906	4.41150071094532e-06
rs_chromosome12_967333	12	967333	1.14252900571859e-05
rs_chromosome5_95237	5	95237	6.53527773430848e-06
rs_chromosome8_134240	8	134240	2.3473955504683e-05
rs_chromosome11_172796	11	172796	6.04780580682992e-06
rs_chromosome11_130801	11	130801	1.71851652803093e-06
rs_chromosome16_44755	16	44755	9.02416533292618e-06
rs_chromosome7_555174	7	555174	5.17054038122177e-06
rs_chromosome11_279467	11	279467	3.06726141257144e-05
rs_chromosome2_640153	2	640153	4.75153896861995e-07
rs_chromosome7_1004379	7	1004379	3.49504977641986e-06
rs_chromosome7_1004378	7	1004378	3.49504977641986e-06
rs_chromosome10_508627	10	508627	6.91715096288597e-06
rs_chromosome8_127010	8	127010	1.40465447505435e-05
rs_chromosome11_441121	11	441121	5.71317879001244e-06
rs_chromosome9_252351	9	252351	8.91628908833443e-06
rs_chromosome10_43846	10	43846	5.32216629164398e-06
rs_chromosome14_86022	14	86022	1.38552747810997e-05
rs_chromosome5_206288	5	206288	1.57885202135945e-06
rs_chromosome12_649258	12	649258	2.06215177397235e-06
rs_chromosome16_45370	16	45370	7.38105389367891e-06
rs_chromosome12_741422	12	741422	1.38814506539868e-05
rs_chromosome4_1102082	4	1102082	1.85074086849648e-05
rs_chromosome15_1070645	15	1070645	3.28521106402288e-05
rs_chromosome4_497525	4	497525	3.75256335294575e-06
rs_chromosome4_396862	4	396862	1.21649359332895e-05
rs_chromosome6_194505	6	194505	2.11738556031613e-05
rs_chromosome10_427445	10	427445	2.23804049364155e-05
rs_chromosome3_70491	3	70491	2.37018812528564e-05
rs_chromosome12_256166	12	256166	2.80699800349528e-05
rs_chromosome12_975673	12	975673	2.98888499318451e-05
rs_chromosome3_185221	3	185221	1.83327923200748e-05
rs_chromosome5_166422	5	166422	1.50546157873235e-05
rs_chromosome11_172796	11	172796	2.34307577307393e-05
rs_chromosome2_541025	2	541025	8.55402221559094e-06
rs_chromosome4_1385991	4	1385991	8.11883700753591e-06
rs_chromosome6_94480	6	94480	2.39265270367601e-06
rs_chromosome12_610430	12	610430	6.47775307339315e-06
rs_chromosome15_150756	15	150756	1.13051956678575e-05
rs_chromosome16_21070	16	21070	1.50582841466682e-05
rs_chromosome12_610544	12	610544	1.51799555304451e-05
rs_chromosome1_198601	1	198601	5.90249018109858e-06
rs_chromosome1_198604	1	198604	8.97773031329915e-06
rs_chromosome3_151761	3	151761	3.21938100947993e-07
rs_chromosome1_198621	1	198621	1.03468556756393e-05
rs_chromosome1_198625	1	198625	1.03468556756393e-05
rs_chromosome3_151761	3	151761	4.04291369870737e-05
rs_chromosome9_252351	9	252351	1.66812602353586e-05
rs_chromosome15_984011	15	984011	7.81609359341925e-06
rs_chromosome2_541574	2	541574	1.00476322276619e-05
rs_chromosome15_269497	15	269497	8.99109716745261e-06
rs_chromosome13_78806	13	78806	3.96723316276112e-06
rs_chromosome15_166008	15	166008	7.55719886668718e-06
rs_chromosome15_165953	15	165953	7.55719886668718e-06
rs_chromosome15_166055	15	166055	7.55719886668718e-06
rs_chromosome8_436859	8	436859	1.34845779891845e-05
rs_chromosome14_271772	14	271772	1.24164579319125e-05
rs_chromosome10_406673	10	406673	1.03347297614234e-05
rs_chromosome6_148756	6	148756	9.66709037568739e-07
rs_chromosome6_148751	6	148751	9.66709037568739e-07
rs_chromosome6_148623	6	148623	9.66709037568739e-07
rs_chromosome6_148676	6	148676	9.66709037568739e-07
rs_chromosome6_148828	6	148828	1.03723807945824e-06
rs_chromosome6_146341	6	146341	1.92340274899913e-06
rs_chromosome6_146074	6	146074	1.92340274899913e-06
rs_chromosome6_146545	6	146545	2.02994504008943e-06
rs_chromosome4_755458	4	755458	2.98970205946951e-06
rs_chromosome6_148605	6	148605	3.98064282410205e-06
rs_chromosome2_255743	2	255743	1.26298034645646e-05
rs_chromosome6_146049	6	146049	1.42483599035355e-05
rs_chromosome15_61748	15	61748	1.97712803708068e-05
rs_chromosome13_769401	13	769401	7.8873126247133e-06
rs_chromosome12_460659	12	460659	1.01286448615855e-05
rs_chromosome7_154496	7	154496	1.76041706392997e-05
rs_chromosome15_966610	15	966610	1.66111511002719e-05
rs_chromosome10_86690	10	86690	1.57276585385426e-06
rs_chromosome4_1489545	4	1489545	8.22378181660456e-06
rs_chromosome10_560201	10	560201	1.48150595481515e-06
rs_chromosome6_70009	6	70009	1.81262363201289e-06
rs_chromosome15_161134	15	161134	3.10769191778354e-06
rs_chromosome11_172796	11	172796	4.2594780824465e-06
rs_chromosome15_194515	15	194515	7.98533567486241e-06
rs_chromosome15_194853	15	194853	1.85317108883586e-05
rs_chromosome13_863507	13	863507	1.3541258162575e-05
rs_chromosome15_819414	15	819414	1.41668035198825e-05
rs_chromosome7_492468	7	492468	1.59878827628991e-05
rs_chromosome13_841599	13	841599	7.98414419357086e-06
rs_chromosome4_359743	4	359743	1.78987230526677e-05
rs_chromosome6_94480	6	94480	1.02147205048046e-07
rs_chromosome9_260123	9	260123	1.56007584520278e-06
rs_chromosome16_515196	16	515196	3.11926033407502e-06
rs_chromosome15_591684	15	591684	4.69703926425054e-06
rs_chromosome16_515185	16	515185	1.59883010901693e-05
rs_chromosome6_94481	6	94481	1.74404993736048e-05
rs_chromosome6_94477	6	94477	1.74404993736048e-05
rs_chromosome9_347117	9	347117	1.76175740365203e-05
rs_chromosome8_315385	8	315385	2.5558790722683e-05
rs_chromosome11_508894	11	508894	1.11623809351643e-05
rs_chromosome15_77697	15	77697	4.62041872912034e-07
rs_chromosome2_40179	2	40179	7.29096834011855e-07
rs_chromosome2_316923	2	316923	3.8884002163316e-06
rs_chromosome4_1455696	4	1455696	1.3364326773015e-05
rs_chromosome13_479345	13	479345	1.07865695002195e-05
rs_chromosome4_757414	4	757414	4.18090595777255e-06
rs_chromosome4_757412	4	757412	4.18090595777255e-06
rs_chromosome12_975883	12	975883	2.91125668757633e-06
rs_chromosome3_66483	3	66483	9.91998654068421e-06
rs_chromosome10_523980	10	523980	9.94790228485614e-07
rs_chromosome13_448688	13	448688	6.83933651465168e-06
rs_chromosome13_446362	13	446362	1.37153247196532e-05
rs_chromosome6_234593	6	234593	2.11494924423691e-05
rs_chromosome5_118809	5	118809	3.52181110446644e-06
rs_chromosome11_35758	11	35758	8.08737401802774e-06
rs_chromosome16_447294	16	447294	1.39474293152209e-05
rs_chromosome10_415097	10	415097	4.51269454673153e-06
rs_chromosome11_594987	11	594987	1.03948233358745e-05
rs_chromosome16_682423	16	682423	8.21490161610556e-06
rs_chromosome8_336133	8	336133	1.28717966806962e-05
rs_chromosome12_823217	12	823217	1.79635710085026e-05
rs_chromosome2_36517	2	36517	7.73305697185231e-06
rs_chromosome2_36518	2	36518	7.73305697185231e-06
rs_chromosome14_87310	14	87310	9.2427873153431e-06
rs_chromosome12_428405	12	428405	1.40750165276797e-05
rs_chromosome16_356993	16	356993	1.22827494243657e-05
rs_chromosome8_441789	8	441789	2.64160290261855e-05
rs_chromosome7_371244	7	371244	2.30999700417586e-06
rs_chromosome7_370870	7	370870	1.59066924864211e-05
rs_chromosome8_419882	8	419882	3.52122439841444e-06
rs_chromosome16_749875	16	749875	2.44020641412554e-05
rs_chromosome12_223519	12	223519	6.10810711378906e-06
rs_chromosome12_221376	12	221376	2.47957565493709e-05
rs_chromosome10_702324	10	702324	2.48076117882298e-05
rs_chromosome4_1460724	4	1460724	7.03810969167355e-06
rs_chromosome15_203923	15	203923	1.38090370016955e-05
rs_chromosome13_387084	13	387084	6.83221033550763e-06
rs_chromosome2_501990	2	501990	7.85097221596799e-06
rs_chromosome8_177113	8	177113	2.23313227919428e-05
rs_chromosome11_172796	11	172796	2.55707869908957e-06
rs_chromosome12_227193	12	227193	7.2689637146547e-06
rs_chromosome3_151761	3	151761	8.09622975434342e-07
rs_chromosome14_428364	14	428364	2.04763049697481e-06
rs_chromosome2_239625	2	239625	9.95849438580625e-06
rs_chromosome10_325758	10	325758	7.20627237193342e-06
rs_chromosome10_325860	10	325860	7.20627237193342e-06
rs_chromosome7_1039568	7	1039568	1.8420553299938e-05
rs_chromosome4_1088723	4	1088723	7.79596538679774e-06
rs_chromosome1_193131	1	193131	2.568021793484e-06
rs_chromosome10_84907	10	84907	1.87020812799991e-05
rs_chromosome15_802722	15	802722	1.5213199978167e-05
rs_chromosome14_282805	14	282805	1.17570359477132e-05
rs_chromosome14_282787	14	282787	1.17570359477132e-05
rs_chromosome13_225572	13	225572	1.90359401073874e-05
rs_chromosome10_382079	10	382079	1.58949587166744e-05
rs_chromosome13_853001	13	853001	1.33543859732058e-05
rs_chromosome9_294090	9	294090	1.32592292757991e-05
rs_chromosome16_82817	16	82817	1.45614624500584e-05
rs_chromosome4_353794	4	353794	1.78881014354897e-05
rs_chromosome7_548923	7	548923	1.03081578212628e-05
rs_chromosome16_231144	16	231144	8.43877397692451e-06
rs_chromosome8_49098	8	49098	1.18082736540006e-05
rs_chromosome13_856554	13	856554	2.37132414186957e-06
rs_chromosome7_879882	7	879882	2.45557902497677e-05
rs_chromosome4_1417489	4	1417489	3.34268691760741e-07
rs_chromosome1_47206	1	47206	3.31396259057305e-06
rs_chromosome8_469751	8	469751	1.79679514396375e-05
rs_chromosome8_469805	8	469805	1.79679514396375e-05
rs_chromosome10_574310	10	574310	2.80018599214372e-05
rs_chromosome15_400099	15	400099	6.96953369201229e-06
rs_chromosome7_278806	7	278806	7.87087425964505e-07
rs_chromosome11_98608	11	98608	5.80337877167865e-06
rs_chromosome15_774129	15	774129	4.7917889855716e-06
rs_chromosome15_774112	15	774112	4.7917889855716e-06
rs_chromosome5_240764	5	240764	8.17537890755423e-06
rs_chromosome15_774269	15	774269	8.93179750988041e-06
rs_chromosome8_417002	8	417002	3.58893088067697e-06
rs_chromosome11_28551	11	28551	2.36264548439397e-05
rs_chromosome4_423869	4	423869	6.39513778422305e-06
rs_chromosome16_908156	16	908156	6.94163594021591e-06
rs_chromosome2_782243	2	782243	1.37324860272643e-05
rs_chromosome15_768001	15	768001	8.73237756753333e-06
rs_chromosome5_95237	5	95237	1.47534476379858e-05
rs_chromosome2_75965	2	75965	2.15591267313231e-06
rs_chromosome2_75941	2	75941	2.15998971218084e-06
rs_chromosome2_76078	2	76078	5.27248578778626e-06
rs_chromosome7_611730	7	611730	2.27653681225507e-05
rs_chromosome12_1022290	12	1022290	2.64745452997543e-05
rs_chromosome8_419882	8	419882	1.64437209056211e-05
rs_chromosome15_592238	15	592238	7.74797078563674e-06
rs_chromosome11_364711	11	364711	8.64156940965151e-06
rs_chromosome10_110637	10	110637	5.14668336535908e-06
rs_chromosome4_1071771	4	1071771	1.60297978026682e-05
rs_chromosome6_221849	6	221849	8.49357463321916e-06
rs_chromosome12_830741	12	830741	6.76592372272785e-06
rs_chromosome7_47512	7	47512	8.68395747624617e-06
rs_chromosome7_1059621	7	1059621	1.57033941604439e-05
rs_chromosome7_1058963	7	1058963	2.04489196161168e-05
rs_chromosome7_1058948	7	1058948	2.04489196161168e-05
rs_chromosome2_609073	2	609073	4.37571315878244e-06
rs_chromosome2_606494	2	606494	9.17154356949764e-06
rs_chromosome15_713325	15	713325	9.84372290796913e-06
rs_chromosome2_40179	2	40179	5.4202341559417e-06
rs_chromosome15_132965	15	132965	1.86182170299829e-06
rs_chromosome3_151761	3	151761	9.9109273012678e-06
rs_chromosome2_537282	2	537282	1.08524385710507e-05
rs_chromosome2_40179	2	40179	2.8594921410568e-05
rs_chromosome3_152950	3	152950	1.76336085043357e-05
rs_chromosome10_359301	10	359301	2.42818942345595e-05
rs_chromosome14_45224	14	45224	1.65161063358634e-05
rs_chromosome7_1068740	7	1068740	1.14793274623473e-05
rs_chromosome4_909727	4	909727	2.9417528598173e-05
rs_chromosome4_628955	4	628955	2.2121463831908e-05
rs_chromosome12_308379	12	308379	2.43091789559201e-05
rs_chromosome5_100108	5	100108	6.97209265591103e-06
rs_chromosome13_544897	13	544897	1.7620699028919e-05
rs_chromosome4_1339488	4	1339488	1.19616230099435e-05
rs_chromosome8_371481	8	371481	3.77984782995336e-06
rs_chromosome16_813225	16	813225	5.08131209952345e-06
rs_chromosome14_468702	14	468702	5.95325219087952e-06
rs_chromosome14_468720	14	468720	5.95325219087952e-06
rs_chromosome13_396782	13	396782	1.52635271134856e-05
rs_chromosome4_912700	4	912700	2.24249416916122e-05
rs_chromosome2_682968	2	682968	1.56249209735485e-05
rs_chromosome2_746583	2	746583	1.64107235763724e-05
rs_chromosome2_746619	2	746619	1.64107235763724e-05
rs_chromosome13_562796	13	562796	3.76859835323504e-05
rs_chromosome10_618157	10	618157	7.50628701199299e-06
rs_chromosome7_394959	7	394959	6.2019607160746e-06
rs_chromosome12_37762	12	37762	7.74106420845581e-06
rs_chromosome2_218039	2	218039	9.82145595540748e-06
rs_chromosome4_1357475	4	1357475	3.95168259166029e-07
rs_chromosome7_306325	7	306325	3.39080124993536e-06
rs_chromosome8_123306	8	123306	1.66289400107979e-05
rs_chromosome16_914319	16	914319	8.45913173893801e-06
rs_chromosome10_83271	10	83271	2.2035645774112e-06
rs_chromosome6_94480	6	94480	1.46005173976374e-06
rs_chromosome14_680022	14	680022	6.54964654906429e-06
rs_chromosome9_113561	9	113561	4.48780417415313e-06
rs_chromosome7_545844	7	545844	7.54432170803139e-06
rs_chromosome13_307396	13	307396	1.32181029999115e-06
rs_chromosome11_440055	11	440055	3.97326108390849e-06
rs_chromosome11_440066	11	440066	3.97326108390849e-06
rs_chromosome11_440078	11	440078	3.97326108390849e-06
rs_chromosome11_440077	11	440077	3.97326108390849e-06
rs_chromosome4_1143838	4	1143838	5.12666038900139e-06
rs_chromosome4_601524	4	601524	9.24529075803934e-06
rs_chromosome4_1497552	4	1497552	1.47593652684833e-05
rs_chromosome16_689032	16	689032	1.17301624947697e-05
rs_chromosome5_366524	5	366524	2.32971818112373e-06
rs_chromosome13_888637	13	888637	1.59685692269761e-05
rs_chromosome13_888449	13	888449	1.93572421940238e-05
rs_chromosome6_118097	6	118097	3.04801638035848e-05
rs_chromosome16_826929	16	826929	3.18407020314772e-05
rs_chromosome16_49036	16	49036	1.09042837055793e-05
rs_chromosome13_703828	13	703828	2.97222222016768e-06
rs_chromosome5_433628	5	433628	9.52932732388427e-06
rs_chromosome16_759355	16	759355	1.55771093124703e-05
rs_chromosome10_450273	10	450273	1.68690658041621e-05
rs_chromosome12_797627	12	797627	8.61716417779027e-06
rs_chromosome12_184645	12	184645	1.56413566119229e-05
rs_chromosome9_39822	9	39822	1.53348712216829e-05
rs_chromosome10_367390	10	367390	1.255636593782e-05
rs_chromosome10_285038	10	285038	1.6188381692432e-06
rs_chromosome2_240963	2	240963	8.96244506568173e-06
rs_chromosome7_531976	7	531976	9.57323352924093e-06
rs_chromosome5_157792	5	157792	2.04919759037098e-05
rs_chromosome5_157769	5	157769	2.04919759037098e-05
rs_chromosome9_72177	9	72177	7.7286730794203e-06
rs_chromosome16_111979	16	111979	3.15637736259592e-07
rs_chromosome8_315653	8	315653	1.67337571868221e-06
rs_chromosome9_294090	9	294090	8.5040964453465e-06
rs_chromosome13_389517	13	389517	9.69626186775975e-06
rs_chromosome13_673147	13	673147	1.15226436374684e-05
rs_chromosome13_68665	13	68665	2.18163417215088e-05
rs_chromosome15_879097	15	879097	2.69306317975301e-05
rs_chromosome12_146347	12	146347	3.84781511449908e-06
rs_chromosome15_485898	15	485898	7.73431992418533e-06
rs_chromosome13_801808	13	801808	9.14450667266506e-06
rs_chromosome13_801732	13	801732	9.14450667266506e-06
rs_chromosome13_801754	13	801754	1.95106679261177e-05
rs_chromosome4_560715	4	560715	1.12963945235605e-05
rs_chromosome8_42222	8	42222	1.32424911670449e-05
rs_chromosome16_692423	16	692423	2.09188264206826e-06
rs_chromosome7_873805	7	873805	1.00048285033396e-05
rs_chromosome13_167959	13	167959	1.50065471144058e-05
rs_chromosome5_490207	5	490207	7.32194190491006e-06
rs_chromosome5_96428	5	96428	1.10617419282335e-05
rs_chromosome16_708647	16	708647	2.44074712189682e-05
rs_chromosome3_196646	3	196646	2.52453788944465e-05
rs_chromosome12_118322	12	118322	7.2281387635843e-06
rs_chromosome12_146506	12	146506	9.19528268897991e-06
rs_chromosome1_37369	1	37369	1.93282686695704e-06
rs_chromosome7_1066308	7	1066308	9.68581545574306e-06
rs_chromosome8_484477	8	484477	1.03535835618437e-05
rs_chromosome16_172579	16	172579	1.04366576299151e-05
rs_chromosome11_479989	11	479989	5.27249683097256e-06
rs_chromosome16_186190	16	186190	9.33106124157066e-06
rs_chromosome4_1380091	4	1380091	1.81473485895337e-05
rs_chromosome2_434484	2	434484	5.47574400180854e-06
rs_chromosome13_82308	13	82308	1.01195536667474e-05
rs_chromosome4_241406	4	241406	1.22653516903722e-05
rs_chromosome16_722572	16	722572	1.61038523562882e-05
rs_chromosome15_269497	15	269497	2.43698750636323e-06
rs_chromosome13_307396	13	307396	3.9086864692901e-06
rs_chromosome11_440055	11	440055	4.2973035664032e-06
rs_chromosome11_440077	11	440077	4.2973035664032e-06
rs_chromosome11_440066	11	440066	4.2973035664032e-06
rs_chromosome11_440078	11	440078	4.2973035664032e-06
rs_chromosome4_1496788	4	1496788	1.26283082804519e-05
rs_chromosome1_36005	1	36005	8.53779042508073e-06
rs_chromosome5_84821	5	84821	1.51160722246932e-05
rs_chromosome11_457945	11	457945	1.88876886445845e-05
rs_chromosome16_220163	16	220163	6.65083391629161e-06
rs_chromosome16_55232	16	55232	3.79453086681452e-06
rs_chromosome4_523113	4	523113	4.09227527607836e-06
rs_chromosome16_508697	16	508697	7.52362650536019e-06
rs_chromosome4_586838	4	586838	1.07587582591004e-05
rs_chromosome10_502798	10	502798	1.42369743923888e-05
rs_chromosome10_502696	10	502696	1.42369743923888e-05
rs_chromosome5_63726	5	63726	1.58356394204607e-05
rs_chromosome12_232216	12	232216	1.86252934642696e-05
rs_chromosome7_335798	7	335798	1.14648942643511e-05
rs_chromosome15_463444	15	463444	2.03623673669383e-05
rs_chromosome1_94682	1	94682	1.30018728908301e-05
rs_chromosome2_668867	2	668867	6.80267982629365e-06
rs_chromosome2_532850	2	532850	9.95020423631134e-06
rs_chromosome13_831873	13	831873	1.22352417226515e-05
rs_chromosome14_332293	14	332293	3.81283692230275e-06
rs_chromosome15_639334	15	639334	1.49373473581069e-05
rs_chromosome11_42807	11	42807	1.90026083266039e-06
rs_chromosome11_42834	11	42834	6.39580107644434e-06
rs_chromosome11_42835	11	42835	6.39580107644434e-06
rs_chromosome11_42738	11	42738	6.39580107644434e-06
rs_chromosome15_609109	15	609109	1.14345386384376e-05
rs_chromosome7_32862	7	32862	3.98850530147058e-06
rs_chromosome7_122499	7	122499	4.02828930060272e-06
rs_chromosome2_571349	2	571349	4.15010641190631e-06
rs_chromosome12_748497	12	748497	9.41443619576871e-06
rs_chromosome8_500412	8	500412	1.36193011207865e-05
rs_chromosome8_197020	8	197020	1.48688157342951e-05
rs_chromosome2_40179	2	40179	6.26039399172802e-06
rs_chromosome12_949225	12	949225	2.05174608610555e-06
rs_chromosome1_177726	1	177726	1.72443129825634e-05
rs_chromosome12_338892	12	338892	1.98013915946754e-05
rs_chromosome10_514490	10	514490	1.4560915978469e-06
rs_chromosome8_220140	8	220140	5.25189938166777e-06
rs_chromosome16_570943	16	570943	1.2449710958663e-05
rs_chromosome15_240089	15	240089	1.53918424819113e-05
rs_chromosome13_195744	13	195744	1.7743802890328e-05
rs_chromosome12_149035	12	149035	1.82007371616292e-05
rs_chromosome13_433052	13	433052	1.93251902222616e-05
rs_chromosome5_369728	5	369728	2.06509560220068e-05
rs_chromosome8_388130	8	388130	1.29238507223996e-05
rs_chromosome10_49501	10	49501	6.95609266313903e-07
rs_chromosome10_49357	10	49357	3.31725547597904e-06
rs_chromosome4_372546	4	372546	1.41525057760547e-06
rs_chromosome10_508627	10	508627	4.23169593991723e-06
rs_chromosome12_111423	12	111423	3.23875862110882e-06
rs_chromosome4_1248985	4	1248985	3.62198969268662e-06
rs_chromosome10_86690	10	86690	1.25307901297033e-05
rs_chromosome12_300802	12	300802	9.11399798616765e-06
rs_chromosome4_388954	4	388954	1.69179504135962e-05
rs_chromosome11_455980	11	455980	1.07645418498721e-05
rs_chromosome10_294494	10	294494	6.69674819183581e-06
rs_chromosome16_242224	16	242224	5.87059267195876e-06
rs_chromosome16_242326	16	242326	6.349479480711e-06
rs_chromosome3_93512	3	93512	3.69832891847989e-06
rs_chromosome4_839141	4	839141	1.02329817863099e-05
rs_chromosome2_110335	2	110335	9.7159192789593e-06
rs_chromosome12_722593	12	722593	6.53782296730194e-06
rs_chromosome5_503931	5	503931	1.14177410244824e-05
rs_chromosome7_937838	7	937838	8.77102587473209e-06
rs_chromosome2_537282	2	537282	1.12492476740272e-05
rs_chromosome15_713325	15	713325	5.04979548327583e-06
rs_chromosome11_464063	11	464063	1.06796440574132e-05
rs_chromosome14_602287	14	602287	1.9978441665408e-05
rs_chromosome11_42738	11	42738	1.61201316848666e-05
rs_chromosome11_42834	11	42834	1.61201316848666e-05
rs_chromosome11_42835	11	42835	1.61201316848666e-05
rs_chromosome2_532850	2	532850	5.93361459166087e-06
rs_chromosome8_419882	8	419882	9.96462371130906e-06
rs_chromosome1_140397	1	140397	1.13287742577766e-05
rs_chromosome4_681125	4	681125	3.03543624584817e-05
rs_chromosome15_493331	15	493331	4.77344146109796e-06
rs_chromosome16_892306	16	892306	1.32868701646303e-05
rs_chromosome12_204524	12	204524	1.03356224099406e-05
rs_chromosome8_403115	8	403115	4.82016325896908e-06
rs_chromosome4_1163794	4	1163794	4.67519098250543e-06
rs_chromosome11_414399	11	414399	1.66624343638049e-05
rs_chromosome7_545226	7	545226	6.4450210874463e-08
rs_chromosome7_545191	7	545191	6.4450210874463e-08
rs_chromosome7_545279	7	545279	4.81332254503977e-07
rs_chromosome7_545319	7	545319	4.81332254503977e-07
rs_chromosome16_124436	16	124436	3.24372585387806e-06
rs_chromosome14_588959	14	588959	7.54952681208351e-06
rs_chromosome11_66285	11	66285	7.92322012152793e-06
rs_chromosome4_614789	4	614789	1.30537824541285e-05
rs_chromosome11_497389	11	497389	2.05846267067692e-05
rs_chromosome16_891344	16	891344	7.8797515142185e-06
rs_chromosome11_279188	11	279188	6.46545537013084e-06
rs_chromosome13_350595	13	350595	1.74904704363331e-05
rs_chromosome4_1425476	4	1425476	1.9507735140389e-05
rs_chromosome13_889183	13	889183	2.39365688306851e-05
rs_chromosome6_94477	6	94477	1.10585422394376e-06
rs_chromosome6_94481	6	94481	1.10585422394376e-06
rs_chromosome5_485189	5	485189	8.34028990363183e-06
rs_chromosome7_700627	7	700627	5.669930829221e-06
rs_chromosome9_247623	9	247623	6.55641419943724e-06
rs_chromosome9_247613	9	247613	8.48956186259583e-06
rs_chromosome9_247608	9	247608	8.48956186259583e-06
rs_chromosome10_576959	10	576959	9.68471920799452e-06
rs_chromosome7_994670	7	994670	2.40227377989587e-06
rs_chromosome14_598446	14	598446	1.14206243561663e-05
rs_chromosome14_331067	14	331067	1.38185432530954e-05
rs_chromosome14_623559	14	623559	1.76940983174403e-05
rs_chromosome14_602111	14	602111	2.02008021530416e-05
rs_chromosome7_994688	7	994688	2.32760961981314e-05
rs_chromosome7_994687	7	994687	2.32760961981314e-05
rs_chromosome9_252351	9	252351	5.4642461554295e-06
rs_chromosome10_43846	10	43846	5.56845981750832e-06
rs_chromosome7_460823	7	460823	1.16868865339022e-05
rs_chromosome10_606841	10	606841	1.51833616279215e-05
rs_chromosome9_37987	9	37987	1.76497812886788e-05
rs_chromosome15_463444	15	463444	2.11459859743445e-05
rs_chromosome16_747815	16	747815	2.24984562899753e-05
rs_chromosome4_307671	4	307671	2.66142682088945e-05
rs_chromosome10_126262	10	126262	2.16299858684672e-05
rs_chromosome14_751090	14	751090	9.66668718434533e-06
rs_chromosome9_211652	9	211652	1.177244512787e-05
rs_chromosome5_97752	5	97752	4.27306045783099e-08
rs_chromosome10_49357	10	49357	9.59807604985312e-06
rs_chromosome16_707295	16	707295	3.14468744680689e-05
rs_chromosome4_672136	4	672136	3.80183483525105e-05
rs_chromosome11_616020	11	616020	9.81539368544942e-06
rs_chromosome11_616059	11	616059	9.81539368544942e-06
rs_chromosome13_693352	13	693352	1.46395471209885e-05
rs_chromosome4_1371004	4	1371004	2.80158983258523e-06
rs_chromosome12_728790	12	728790	2.26715227062951e-05
rs_chromosome15_289536	15	289536	2.32235936955734e-05
rs_chromosome14_86022	14	86022	9.39491734911342e-08
rs_chromosome4_1371004	4	1371004	4.41224641536609e-05
rs_chromosome8_134240	8	134240	1.57211922981953e-06
rs_chromosome4_1422008	4	1422008	3.03433187746064e-06
rs_chromosome10_247175	10	247175	3.102124862925e-06
rs_chromosome16_248288	16	248288	7.67839008042694e-06
rs_chromosome15_625649	15	625649	4.47324747267371e-06
rs_chromosome15_625559	15	625559	1.68851138917727e-05
rs_chromosome16_457330	16	457330	5.75862904699502e-06
rs_chromosome4_1421240	4	1421240	8.40711544407489e-06
rs_chromosome4_1421307	4	1421307	8.40711544407489e-06
rs_chromosome10_555691	10	555691	8.4594099096235e-08
rs_chromosome14_303243	14	303243	1.62264454565493e-06
rs_chromosome15_933254	15	933254	1.3086314593811e-05
rs_chromosome1_107001	1	107001	1.37668297229628e-05
rs_chromosome2_384458	2	384458	1.47990158774038e-06
rs_chromosome4_806121	4	806121	2.11593373037429e-05
rs_chromosome3_151761	3	151761	1.41401433348068e-05
rs_chromosome15_269497	15	269497	1.46433218918145e-05
rs_chromosome14_559455	14	559455	1.72364715795343e-05
rs_chromosome13_421865	13	421865	3.71414703099075e-06
rs_chromosome16_485045	16	485045	4.01972300422603e-06
rs_chromosome14_654448	14	654448	5.93276787734234e-06
rs_chromosome15_585728	15	585728	1.94630354637975e-05
rs_chromosome3_25463	3	25463	6.32141920243072e-06
rs_chromosome3_29388	3	29388	9.62548070002829e-06
rs_chromosome10_60697	10	60697	2.00819389349811e-06
rs_chromosome12_93274	12	93274	8.77555218591279e-07
rs_chromosome14_271772	14	271772	8.36802988406999e-06
rs_chromosome11_23064	11	23064	5.4387316678679e-06
rs_chromosome12_140874	12	140874	4.84405900860086e-06
rs_chromosome12_134269	12	134269	6.66815553686265e-06
rs_chromosome15_768001	15	768001	6.55488857488287e-06
rs_chromosome12_691842	12	691842	4.97763811811062e-06
rs_chromosome15_566126	15	566126	7.32599565784047e-06
rs_chromosome2_532850	2	532850	6.54308006356101e-06
rs_chromosome11_172796	11	172796	1.07502975188946e-05
rs_chromosome16_163842	16	163842	1.3243532098844e-05
rs_chromosome6_168665	6	168665	8.05280051250223e-06
rs_chromosome2_40179	2	40179	6.64108402911222e-06
rs_chromosome8_433331	8	433331	3.9394836032887e-05
rs_chromosome2_636372	2	636372	9.79334744518469e-06
rs_chromosome13_711514	13	711514	1.64813919775498e-05
rs_chromosome11_153726	11	153726	2.69350747051761e-05
rs_chromosome8_419882	8	419882	2.48255888487958e-07
rs_chromosome12_93274	12	93274	2.49499289219671e-06
rs_chromosome12_93019	12	93019	9.1754763881289e-06
rs_chromosome2_532850	2	532850	1.97194756834549e-05
rs_chromosome2_76164	2	76164	7.45077708532755e-06
rs_chromosome12_121537	12	121537	9.97979118126564e-06
rs_chromosome2_185762	2	185762	1.41678650822672e-05
rs_chromosome11_179783	11	179783	9.22163642486848e-07
rs_chromosome11_98597	11	98597	1.28230411104914e-06
rs_chromosome12_835400	12	835400	1.289673424683e-06
rs_chromosome12_835412	12	835412	1.289673424683e-06
rs_chromosome14_601790	14	601790	1.98344929645894e-06
rs_chromosome14_617566	14	617566	2.55833808428028e-06
rs_chromosome11_149332	11	149332	6.016608388396e-06
rs_chromosome11_149575	11	149575	6.016608388396e-06
rs_chromosome14_615483	14	615483	6.05984653356902e-06
rs_chromosome9_136584	9	136584	9.52149212507111e-06
rs_chromosome7_866494	7	866494	1.57220785098976e-06
rs_chromosome4_432926	4	432926	1.31355593172263e-05
rs_chromosome7_325784	7	325784	8.08733692008829e-06
rs_chromosome14_418291	14	418291	7.33051892344655e-06
rs_chromosome14_418324	14	418324	7.33051892344655e-06
rs_chromosome6_223558	6	223558	1.6636100583055e-05
rs_chromosome11_35758	11	35758	1.53269134900339e-05
rs_chromosome13_644092	13	644092	1.75963570546226e-05
rs_chromosome8_419882	8	419882	1.88644485599371e-05
rs_chromosome12_514845	12	514845	1.04053119240016e-09
rs_chromosome12_514634	12	514634	1.84382734068881e-06
rs_chromosome5_170676	5	170676	2.45171603035286e-06
rs_chromosome15_583591	15	583591	2.71537215905309e-05
rs_chromosome5_166089	5	166089	2.91954363532811e-05
rs_chromosome12_515081	12	515081	2.93231135779759e-05
rs_chromosome16_21070	16	21070	2.7798222163462e-06
rs_chromosome4_959371	4	959371	2.34130072339336e-05
rs_chromosome16_229960	16	229960	1.70611198696214e-05
rs_chromosome2_186424	2	186424	1.46942601317117e-05
rs_chromosome13_556437	13	556437	7.293295345687e-06
rs_chromosome14_680022	14	680022	3.51689908452362e-06
rs_chromosome16_747815	16	747815	3.22636050893658e-06
rs_chromosome11_414399	11	414399	7.49069598448293e-06
rs_chromosome5_396344	5	396344	1.25861470671988e-06
rs_chromosome5_396523	5	396523	2.69191429009216e-06
rs_chromosome7_286192	7	286192	7.25380200485396e-06
rs_chromosome13_632030	13	632030	2.03162986066951e-05
rs_chromosome7_369700	7	369700	2.49761241030822e-05
rs_chromosome13_447556	13	447556	3.40465908880349e-07
rs_chromosome13_447319	13	447319	7.53160173279345e-06
rs_chromosome7_129312	7	129312	1.11775268641269e-05
rs_chromosome15_295077	15	295077	1.87301465881607e-05
rs_chromosome2_40179	2	40179	6.95732771017566e-07
rs_chromosome8_134240	8	134240	4.39376147859164e-06
rs_chromosome10_403403	10	403403	8.82786842786017e-06
rs_chromosome10_651838	10	651838	1.43105004029719e-05
rs_chromosome9_386399	9	386399	2.04085000252319e-05
rs_chromosome9_395275	9	395275	3.65804589635854e-06
rs_chromosome10_227070	10	227070	8.90529208567449e-06
rs_chromosome2_489703	2	489703	5.90100237773119e-07
rs_chromosome2_40179	2	40179	5.07010614814347e-06
rs_chromosome11_35758	11	35758	9.96953833369312e-06
rs_chromosome2_728657	2	728657	2.25304355361937e-06
rs_chromosome16_171898	16	171898	1.70623429367705e-05
rs_chromosome7_1054476	7	1054476	8.5097663635133e-07
rs_chromosome13_632030	13	632030	6.97005282851419e-06
rs_chromosome6_110330	6	110330	1.37424489115572e-05
rs_chromosome11_20142	11	20142	1.56395609005402e-05
rs_chromosome15_463444	15	463444	3.42731936652747e-05
rs_chromosome15_734535	15	734535	2.16144315589276e-06
rs_chromosome4_1072576	4	1072576	1.37288277180861e-06
rs_chromosome2_85060	2	85060	1.74017343052291e-05
rs_chromosome2_525492	2	525492	1.22250985940251e-05
rs_chromosome9_376864	9	376864	9.61904777512526e-06
rs_chromosome10_240782	10	240782	5.51844720833661e-06
rs_chromosome16_515196	16	515196	7.19113124632284e-06
rs_chromosome4_1336491	4	1336491	1.54315921860067e-05
rs_chromosome12_1046803	12	1046803	7.09888035658423e-06
rs_chromosome5_312348	5	312348	1.19299264739113e-05
rs_chromosome4_1442387	4	1442387	6.98079656490107e-06
rs_chromosome14_209095	14	209095	1.58303923199604e-05
rs_chromosome4_113151	4	113151	1.19319899975801e-05
rs_chromosome14_169984	14	169984	8.40955455799636e-06
rs_chromosome7_1066557	7	1066557	8.63967773995748e-06
rs_chromosome7_1061003	7	1061003	9.50085518314575e-06
rs_chromosome7_1056872	7	1056872	1.29864096280871e-05
rs_chromosome2_40179	2	40179	4.38500849971089e-06
rs_chromosome3_26923	3	26923	5.63572717312082e-06
rs_chromosome14_282640	14	282640	2.30526158899916e-06
rs_chromosome12_633347	12	633347	3.99102360303871e-07
rs_chromosome7_829683	7	829683	4.71416239669663e-06
rs_chromosome9_93433	9	93433	1.17576427479451e-05
rs_chromosome13_422449	13	422449	1.09378399342932e-05
rs_chromosome9_310815	9	310815	1.24772680440995e-05
rs_chromosome5_251581	5	251581	2.5587386272254e-06
rs_chromosome8_134240	8	134240	3.0485850242867e-06
rs_chromosome14_282964	14	282964	9.88147645388675e-06
rs_chromosome11_35874	11	35874	1.12101877922709e-05
rs_chromosome15_723816	15	723816	1.1760825981895e-05
rs_chromosome2_328908	2	328908	2.11156405196897e-05
rs_chromosome4_1221481	4	1221481	7.72413966283029e-06
rs_chromosome16_45370	16	45370	2.87665092312523e-05
rs_chromosome4_1088898	4	1088898	4.16037616626375e-05
rs_chromosome7_385495	7	385495	9.20372385719909e-06
rs_chromosome11_255050	11	255050	2.80399423204038e-05
rs_chromosome4_1002119	4	1002119	4.94132306619177e-06
rs_chromosome2_742660	2	742660	5.87999935601366e-06
rs_chromosome8_125108	8	125108	1.71421500824992e-05
rs_chromosome14_526433	14	526433	3.74705531878385e-06
rs_chromosome10_165714	10	165714	2.40854481777702e-05
rs_chromosome15_269497	15	269497	2.64846419015407e-06
rs_chromosome11_439568	11	439568	6.24319749264558e-06
rs_chromosome11_440346	11	440346	6.24319749264558e-06
rs_chromosome3_149347	3	149347	1.48188409149865e-05
rs_chromosome14_150092	14	150092	1.84788080755621e-06
rs_chromosome14_149990	14	149990	7.22000035686532e-06
rs_chromosome14_150443	14	150443	1.17070777873e-05
rs_chromosome2_289906	2	289906	1.31992371846397e-06
rs_chromosome12_79465	12	79465	3.11410558320173e-06
rs_chromosome9_38542	9	38542	1.35644067294801e-05
rs_chromosome9_38533	9	38533	1.35644067294801e-05
rs_chromosome9_38629	9	38629	1.4169362410123e-05
rs_chromosome4_91201	4	91201	1.43146147912666e-05
rs_chromosome12_297293	12	297293	1.21635562716046e-05
rs_chromosome4_909727	4	909727	2.05639035361844e-05
rs_chromosome13_519591	13	519591	1.02142281316667e-05
rs_chromosome12_223880	12	223880	1.98351396807327e-05
rs_chromosome4_1489545	4	1489545	2.68589154451381e-05
rs_chromosome11_173024	11	173024	9.90737763558791e-06
rs_chromosome8_134240	8	134240	1.33959086627565e-05
rs_chromosome8_125108	8	125108	8.67412545437099e-06
rs_chromosome9_273421	9	273421	6.18399511722209e-06
rs_chromosome4_471217	4	471217	7.33588329892758e-06
rs_chromosome5_499716	5	499716	1.28144535633238e-05
rs_chromosome11_118559	11	118559	1.42345088955689e-05
rs_chromosome2_40179	2	40179	7.32880819553333e-06
rs_chromosome13_644092	13	644092	1.10015911701296e-05
rs_chromosome15_531421	15	531421	1.13365892569102e-05
rs_chromosome9_299901	9	299901	1.45510418166474e-05
rs_chromosome9_299898	9	299898	1.45510418166474e-05
rs_chromosome8_38056	8	38056	1.0778708945406e-07
rs_chromosome14_319642	14	319642	4.8697536642189e-06
rs_chromosome10_681414	10	681414	7.15799198096498e-06
rs_chromosome12_428405	12	428405	5.38734462395215e-06
rs_chromosome2_36518	2	36518	6.88288858564895e-06
rs_chromosome2_36517	2	36517	6.88288858564895e-06
rs_chromosome16_297484	16	297484	1.27968006699799e-05
rs_chromosome4_524081	4	524081	4.91665592455238e-06
rs_chromosome4_524036	4	524036	4.91665592455238e-06
rs_chromosome4_524086	4	524086	4.91665592455238e-06
rs_chromosome4_524111	4	524111	4.91665592455238e-06
rs_chromosome4_524096	4	524096	4.91665592455238e-06
rs_chromosome4_524135	4	524135	4.91665592455238e-06
rs_chromosome4_524137	4	524137	4.91665592455238e-06
rs_chromosome4_524048	4	524048	4.91665592455238e-06
rs_chromosome4_524038	4	524038	4.91665592455238e-06
rs_chromosome4_524117	4	524117	4.91665592455238e-06
rs_chromosome13_279942	13	279942	3.96706554704083e-06
rs_chromosome12_818817	12	818817	9.50757821632138e-06
rs_chromosome12_818791	12	818791	9.50757821632138e-06
rs_chromosome12_818808	12	818808	9.50757821632138e-06
rs_chromosome12_818807	12	818807	9.50757821632138e-06
rs_chromosome11_311338	11	311338	5.26464565709564e-06
rs_chromosome14_287304	14	287304	5.97880957068758e-06
rs_chromosome14_287246	14	287246	9.94463398303062e-06
rs_chromosome2_766137	2	766137	3.03785577705988e-05
rs_chromosome4_389027	4	389027	1.60509351995287e-05
rs_chromosome7_684644	7	684644	1.7742406834965e-05
rs_chromosome7_55419	7	55419	2.54340378421275e-06
rs_chromosome13_796885	13	796885	1.69126922315847e-05
rs_chromosome15_873804	15	873804	1.73955459419699e-05
rs_chromosome11_497389	11	497389	1.53207231134333e-05
rs_chromosome2_418183	2	418183	1.44161179422572e-05
rs_chromosome2_408107	2	408107	2.34306008502777e-05
rs_chromosome7_968262	7	968262	3.7227672767351e-05
rs_chromosome13_538764	13	538764	1.52570592084511e-05
rs_chromosome12_545130	12	545130	7.49221250344254e-07
rs_chromosome12_647936	12	647936	6.76418091125337e-06
rs_chromosome11_87764	11	87764	7.14101004446039e-06
rs_chromosome15_277819	15	277819	1.89210802494171e-06
rs_chromosome1_76030	1	76030	3.20834562149683e-06
rs_chromosome1_117669	1	117669	1.12096506834837e-05
rs_chromosome10_299577	10	299577	2.35487407183543e-05
rs_chromosome16_548026	16	548026	5.53280047625594e-06
rs_chromosome5_95237	5	95237	8.80483927601528e-06
rs_chromosome4_1344013	4	1344013	1.72588447689103e-05
rs_chromosome8_128119	8	128119	2.60964345345732e-05
rs_chromosome8_134240	8	134240	2.47743922129761e-05
rs_chromosome9_92414	9	92414	1.74198929134788e-05
rs_chromosome11_464840	11	464840	5.77035479510792e-06
rs_chromosome11_515611	11	515611	3.87458995491419e-06
rs_chromosome8_433331	8	433331	1.03161845706192e-05
rs_chromosome1_48815	1	48815	1.38595240323381e-05
rs_chromosome5_262877	5	262877	1.52297745256529e-05
rs_chromosome3_272348	3	272348	1.08164340004945e-05
rs_chromosome1_114070	1	114070	6.62877449197699e-06
rs_chromosome2_418183	2	418183	1.54618779763732e-05
rs_chromosome4_381701	4	381701	4.22190325904388e-06
rs_chromosome4_340962	4	340962	2.4239501262174e-05
rs_chromosome4_210797	4	210797	2.72472645488021e-05
rs_chromosome2_727938	2	727938	4.13493138811416e-06
rs_chromosome14_510285	14	510285	9.01457558447982e-06
rs_chromosome4_322657	4	322657	1.0280453091838e-06
rs_chromosome15_801098	15	801098	1.31756306694747e-05
rs_chromosome8_267475	8	267475	8.35877761283993e-06
rs_chromosome15_81436	15	81436	1.67038342159361e-05
rs_chromosome15_81364	15	81364	1.67038342159361e-05
rs_chromosome15_81416	15	81416	1.68982636427494e-05
rs_chromosome11_311338	11	311338	1.86262032304523e-05
rs_chromosome8_267488	8	267488	1.9370712086856e-05
rs_chromosome1_126468	1	126468	2.27662004520919e-05
rs_chromosome12_541159	12	541159	2.63939447615899e-05
rs_chromosome13_352504	13	352504	1.24550171116533e-05
rs_chromosome13_628821	13	628821	9.82795705459208e-06
rs_chromosome13_627939	13	627939	9.82795705459208e-06
rs_chromosome12_491842	12	491842	1.32266184966704e-05
rs_chromosome8_425219	8	425219	9.98385745262705e-06
rs_chromosome11_358522	11	358522	4.82618409097431e-06
rs_chromosome11_471654	11	471654	9.80836031131517e-08
rs_chromosome7_529158	7	529158	1.49377994003797e-06
rs_chromosome4_918408	4	918408	1.52086814238409e-06
rs_chromosome12_427079	12	427079	2.49121530983025e-06
rs_chromosome8_335925	8	335925	5.42529592206491e-06
rs_chromosome8_335951	8	335951	5.42529592206491e-06
rs_chromosome8_333572	8	333572	8.19897185517961e-06
rs_chromosome1_76030	1	76030	2.14007759977426e-05
rs_chromosome4_275562	4	275562	5.48440129630654e-06
rs_chromosome8_500412	8	500412	4.99666342947006e-06
rs_chromosome2_40179	2	40179	2.16799308145709e-06
rs_chromosome12_801245	12	801245	4.35042616427687e-06
rs_chromosome11_579126	11	579126	1.4737105351781e-05
rs_chromosome10_401648	10	401648	2.10675460732184e-05
rs_chromosome4_388668	4	388668	1.20831131079189e-06
rs_chromosome4_388954	4	388954	1.52122864728946e-06
rs_chromosome15_1030332	15	1030332	4.86400653622363e-06
rs_chromosome16_920178	16	920178	8.09920548740094e-06
rs_chromosome10_60842	10	60842	1.25028795197875e-05
rs_chromosome16_688416	16	688416	4.36706873576521e-06
rs_chromosome8_419882	8	419882	2.46206796914959e-06
rs_chromosome10_379232	10	379232	5.11705474668722e-07
rs_chromosome13_207880	13	207880	8.27222477491718e-06
rs_chromosome4_375354	4	375354	8.37704627037308e-06
rs_chromosome9_192670	9	192670	2.57409645236503e-05
rs_chromosome2_321867	2	321867	9.93242673551183e-06
rs_chromosome8_341676	8	341676	5.06257619163824e-06
rs_chromosome9_260123	9	260123	3.44052832567828e-05
rs_chromosome5_97752	5	97752	7.10517620678611e-06
rs_chromosome8_22697	8	22697	8.08598561295268e-06
rs_chromosome14_301979	14	301979	2.13872368436712e-06
rs_chromosome14_301978	14	301978	2.13872368436712e-06
rs_chromosome2_727716	2	727716	2.74565302916423e-07
rs_chromosome7_1031287	7	1031287	9.38773107658984e-07
rs_chromosome7_1030970	7	1030970	2.86162678664557e-06
rs_chromosome2_727866	2	727866	3.0554950819762e-06
rs_chromosome2_57674	2	57674	8.27554333339247e-06
rs_chromosome16_48923	16	48923	8.81931434371694e-06
rs_chromosome12_110958	12	110958	9.28121820350854e-06
rs_chromosome13_370701	13	370701	1.03669230759909e-05
rs_chromosome2_56602	2	56602	2.24925893602672e-05
rs_chromosome16_48893	16	48893	2.5495068407418e-05
rs_chromosome10_364569	10	364569	2.05901210810612e-05
rs_chromosome14_85954	14	85954	1.5930602749739e-05
rs_chromosome7_210122	7	210122	6.89859688311416e-06
rs_chromosome7_199882	7	199882	1.26342595224594e-05
rs_chromosome16_515196	16	515196	1.14917091335205e-05
rs_chromosome1_198621	1	198621	1.36951165260108e-05
rs_chromosome1_198625	1	198625	1.36951165260108e-05
rs_chromosome7_865578	7	865578	1.77652933476389e-05
rs_chromosome3_165706	3	165706	1.89217442922359e-05
rs_chromosome5_23160	5	23160	2.9259768754435e-06
rs_chromosome12_553802	12	553802	1.02711553220936e-05
rs_chromosome13_220900	13	220900	1.09344535870179e-05
rs_chromosome13_355419	13	355419	6.2454141366087e-06
rs_chromosome15_532438	15	532438	2.46238074013581e-05
rs_chromosome4_1462526	4	1462526	1.22107440720489e-05
rs_chromosome4_1462703	4	1462703	1.22107440720489e-05
rs_chromosome5_353807	5	353807	8.66070886480165e-06
rs_chromosome12_756805	12	756805	1.61162372935995e-05
rs_chromosome3_71241	3	71241	5.44035182095746e-06
rs_chromosome4_576713	4	576713	1.13650056741446e-05
rs_chromosome4_576707	4	576707	1.13650056741446e-05
rs_chromosome4_1197117	4	1197117	4.73287321248859e-06
rs_chromosome14_76856	14	76856	1.06783244526376e-05
rs_chromosome14_299515	14	299515	1.55548001574399e-05
rs_chromosome4_1254866	4	1254866	9.14841509784573e-06
rs_chromosome2_405577	2	405577	9.79869259745152e-06
rs_chromosome15_385051	15	385051	1.00347762250836e-05
rs_chromosome15_91150	15	91150	3.81274064558209e-06
rs_chromosome11_368313	11	368313	1.17659017105856e-05
rs_chromosome14_137806	14	137806	1.34970843226836e-05
rs_chromosome10_252286	10	252286	2.3225762775605e-05
rs_chromosome8_328956	8	328956	6.70818575760997e-06
rs_chromosome7_345912	7	345912	8.82273855789746e-06
rs_chromosome10_34681	10	34681	1.1651274375835e-05
rs_chromosome5_312966	5	312966	1.39330375854511e-05
rs_chromosome15_1030332	15	1030332	2.91427138640327e-07
rs_chromosome5_134795	5	134795	6.43440560614078e-06
rs_chromosome2_336747	2	336747	7.10667529190796e-06
rs_chromosome16_558028	16	558028	1.35849921330247e-05
rs_chromosome5_251581	5	251581	1.38479710700471e-05
rs_chromosome13_214608	13	214608	1.56522720546156e-05
rs_chromosome2_171570	2	171570	1.67849575913199e-05
rs_chromosome1_194831	1	194831	2.33477870343742e-05
rs_chromosome15_735970	15	735970	2.21500486107727e-05
rs_chromosome12_503086	12	503086	1.75474952837374e-05
rs_chromosome11_112929	11	112929	6.50034654838674e-06
rs_chromosome11_38739	11	38739	7.3852973822906e-06
rs_chromosome5_524961	5	524961	1.43504807836006e-05
rs_chromosome4_59797	4	59797	4.52959874913734e-06
rs_chromosome6_94480	6	94480	1.86255534106821e-06
rs_chromosome9_260123	9	260123	2.69244255743059e-06
rs_chromosome14_271772	14	271772	1.76174651222733e-05
rs_chromosome11_248004	11	248004	1.02068878225417e-05
rs_chromosome14_656734	14	656734	1.29624423272166e-05
rs_chromosome7_972181	7	972181	1.04227642009457e-05
rs_chromosome3_99209	3	99209	1.81276049107649e-05
rs_chromosome13_396793	13	396793	4.35870428176177e-06
rs_chromosome4_1333205	4	1333205	1.78813702749656e-05
rs_chromosome10_86690	10	86690	1.21681857675957e-05
rs_chromosome7_739273	7	739273	1.09980022193156e-05
rs_chromosome13_802829	13	802829	1.91216859505075e-05
rs_chromosome2_102050	2	102050	4.50144682599502e-06
rs_chromosome2_40179	2	40179	6.63076951368185e-06
rs_chromosome16_843881	16	843881	1.89749548083106e-06
rs_chromosome16_885753	16	885753	6.57767264227759e-07
rs_chromosome1_138793	1	138793	1.14543402085492e-05
rs_chromosome1_138791	1	138791	1.14543402085492e-05
rs_chromosome11_251490	11	251490	1.77438166974065e-05
rs_chromosome2_760904	2	760904	1.62775621748178e-05
rs_chromosome2_181033	2	181033	1.63596506635598e-05
rs_chromosome16_480383	16	480383	1.22401798925097e-05
rs_chromosome4_1095472	4	1095472	1.71048693525915e-05
rs_chromosome13_450012	13	450012	1.04467969750079e-05
rs_chromosome14_599953	14	599953	1.85457774075588e-05
rs_chromosome14_658012	14	658012	1.15849504012814e-05
rs_chromosome13_831873	13	831873	9.99625456744275e-07
rs_chromosome13_587075	13	587075	2.31572080088488e-05
rs_chromosome4_1003272	4	1003272	1.3657780318223e-05
rs_chromosome10_240782	10	240782	3.28015243238881e-06
rs_chromosome10_393850	10	393850	1.10581866740426e-05
rs_chromosome13_164021	13	164021	8.97343948562363e-06
rs_chromosome8_134240	8	134240	1.38370404169922e-05
rs_chromosome8_273274	8	273274	1.029577208826e-05
rs_chromosome8_441789	8	441789	9.06706982586516e-06
rs_chromosome14_266924	14	266924	2.16755787497779e-05
rs_chromosome3_27744	3	27744	3.2207491180176e-05
rs_chromosome16_181334	16	181334	9.08625413154134e-08
rs_chromosome16_347814	16	347814	1.38933865621527e-05
rs_chromosome16_347437	16	347437	1.38933865621527e-05
rs_chromosome16_347399	16	347399	1.38933865621528e-05
rs_chromosome11_201496	11	201496	7.90280271719791e-06
rs_chromosome10_707550	10	707550	9.86889857756923e-06
rs_chromosome10_707549	10	707549	9.86889857756923e-06
rs_chromosome3_185221	3	185221	5.70573366775332e-06
rs_chromosome16_515196	16	515196	6.35671721210309e-06
rs_chromosome16_747815	16	747815	8.31939913634236e-06
rs_chromosome16_515185	16	515185	2.75033154230463e-05
rs_chromosome11_616020	11	616020	3.37174524785429e-05
rs_chromosome11_616059	11	616059	3.37174524785429e-05
rs_chromosome1_127881	1	127881	3.32172129057518e-05
rs_chromosome5_97752	5	97752	4.86512505713568e-06
rs_chromosome13_897430	13	897430	6.60858671428475e-06
rs_chromosome16_511583	16	511583	8.07755438274254e-06
rs_chromosome16_161945	16	161945	1.13193403092576e-05
rs_chromosome12_891875	12	891875	6.91736756465478e-06
rs_chromosome12_891881	12	891881	6.91736756465478e-06
rs_chromosome2_689912	2	689912	7.24907257932886e-06
rs_chromosome2_690123	2	690123	7.24907257932886e-06
rs_chromosome7_228955	7	228955	1.38472646881962e-05
rs_chromosome9_394293	9	394293	4.19381057601155e-06
rs_chromosome13_192147	13	192147	2.65339102506072e-05
rs_chromosome16_88582	16	88582	6.43236344991818e-06
rs_chromosome11_566551	11	566551	3.99430849367873e-06
rs_chromosome15_67147	15	67147	1.3500315724044e-05
rs_chromosome11_335340	11	335340	8.24817194306549e-06
rs_chromosome9_283914	9	283914	9.19885983167353e-06
rs_chromosome10_325332	10	325332	9.71849067501415e-06
rs_chromosome13_170932	13	170932	3.02038048906677e-06
rs_chromosome11_258001	11	258001	2.99038341136355e-07
rs_chromosome3_268753	3	268753	8.61768035053749e-07
rs_chromosome3_279416	3	279416	1.41899812422048e-05
rs_chromosome8_441789	8	441789	1.0328915944669e-05
rs_chromosome9_145407	9	145407	1.26993713604105e-05
rs_chromosome13_565610	13	565610	5.57526063102923e-06
rs_chromosome4_255722	4	255722	2.37218642059209e-05
rs_chromosome13_564094	13	564094	1.37365888559953e-05
rs_chromosome2_678941	2	678941	5.01947857799777e-06
rs_chromosome5_187705	5	187705	1.50910173209623e-05
rs_chromosome15_610660	15	610660	7.7859707689196e-06
rs_chromosome15_610549	15	610549	1.43439935035784e-05
rs_chromosome12_166036	12	166036	1.3161664020096e-05
rs_chromosome2_40179	2	40179	5.86847352648764e-06
rs_chromosome14_333289	14	333289	8.19911535679529e-06
rs_chromosome13_350595	13	350595	5.27807169597328e-06
rs_chromosome15_239353	15	239353	1.70154054845139e-05
rs_chromosome2_637861	2	637861	4.50094524477373e-06
rs_chromosome15_604256	15	604256	8.72687272181337e-06
rs_chromosome11_172796	11	172796	7.70636024097279e-06
rs_chromosome10_468087	10	468087	2.73610431736975e-06
rs_chromosome12_69497	12	69497	1.46053592107134e-05
rs_chromosome8_441789	8	441789	1.74078516540236e-05
rs_chromosome11_414399	11	414399	2.09890377436882e-05
rs_chromosome5_213949	5	213949	2.42518458475318e-06
rs_chromosome4_831279	4	831279	3.03314740076403e-06
rs_chromosome5_49341	5	49341	6.44857664651448e-06
rs_chromosome11_270096	11	270096	2.41774936489715e-05
rs_chromosome11_467651	11	467651	2.44402820494218e-05
rs_chromosome13_723828	13	723828	1.5751634870031e-05
rs_chromosome11_440078	11	440078	1.61747960690736e-05
rs_chromosome11_440066	11	440066	1.61747960690736e-05
rs_chromosome11_440055	11	440055	1.61747960690736e-05
rs_chromosome11_440077	11	440077	1.61747960690736e-05
rs_chromosome13_218786	13	218786	1.77815584427542e-05
rs_chromosome12_722593	12	722593	2.10905055869479e-05
rs_chromosome4_153712	4	153712	9.30678153478914e-06
rs_chromosome12_722593	12	722593	1.3748821861616e-05
rs_chromosome11_358522	11	358522	1.4071716483192e-05
rs_chromosome16_21070	16	21070	2.33821413499942e-05
rs_chromosome4_105898	4	105898	2.57878277692313e-05
rs_chromosome16_141255	16	141255	3.85088231551156e-06
rs_chromosome16_141213	16	141213	4.47061546680361e-06
rs_chromosome11_414399	11	414399	7.19995584426624e-06
rs_chromosome5_102203	5	102203	6.19427762838218e-06
rs_chromosome10_523349	10	523349	9.91788826953021e-06
rs_chromosome6_227693	6	227693	7.31403083930844e-06
rs_chromosome13_644092	13	644092	5.19074084820127e-06
rs_chromosome8_419882	8	419882	9.45663059528868e-06
rs_chromosome12_727539	12	727539	5.84800034222028e-06
rs_chromosome15_991846	15	991846	1.50781447536355e-05
rs_chromosome14_209095	14	209095	8.45942913620424e-06
rs_chromosome10_607523	10	607523	4.72404908922322e-06
rs_chromosome2_532976	2	532976	3.43634271006801e-06
rs_chromosome16_126544	16	126544	1.36774742126918e-05
rs_chromosome12_827901	12	827901	1.22571952819577e-05
rs_chromosome11_633329	11	633329	1.22506292018081e-05
rs_chromosome4_857522	4	857522	1.53324836588143e-05
rs_chromosome5_222941	5	222941	1.31718422602226e-05
rs_chromosome6_168117	6	168117	1.41988952855384e-05
rs_chromosome6_168122	6	168122	1.41988952855384e-05
rs_chromosome15_269497	15	269497	1.76018068625196e-05
rs_chromosome12_80907	12	80907	6.41599726569683e-06
rs_chromosome11_173024	11	173024	3.75614217535834e-06
rs_chromosome15_1053380	15	1053380	6.67083378284864e-06
rs_chromosome3_166247	3	166247	7.08582513298515e-06
rs_chromosome8_230165	8	230165	1.1337170658327e-05
rs_chromosome10_38387	10	38387	4.70424044411942e-06
rs_chromosome10_38301	10	38301	1.80285970784474e-05
rs_chromosome16_566096	16	566096	1.12020901106222e-05
rs_chromosome10_80649	10	80649	1.15868519650439e-05
rs_chromosome2_590853	2	590853	1.81675563267296e-05
rs_chromosome5_187939	5	187939	2.68777762280052e-06
rs_chromosome4_1496077	4	1496077	1.43433679506355e-05
rs_chromosome5_542721	5	542721	9.690397661723e-06
rs_chromosome10_86690	10	86690	1.76472387182642e-07
rs_chromosome15_407687	15	407687	9.43572217968221e-06
rs_chromosome9_217854	9	217854	4.89742737496183e-06
rs_chromosome8_23964	8	23964	1.16799958066952e-06
rs_chromosome10_453323	10	453323	7.79326330071827e-06
rs_chromosome9_306340	9	306340	9.28302595231564e-06
rs_chromosome12_81010	12	81010	1.42504514639378e-05
rs_chromosome2_785196	2	785196	3.19888387074163e-06
rs_chromosome2_785248	2	785248	3.19888387074163e-06
rs_chromosome4_388668	4	388668	3.00106420747184e-06
rs_chromosome4_700614	4	700614	1.58496742589569e-05
rs_chromosome16_920779	16	920779	7.20642134979676e-07
rs_chromosome16_920829	16	920829	3.39166432556344e-05
rs_chromosome4_1419993	4	1419993	1.77504870342421e-07
rs_chromosome16_881189	16	881189	2.93738831842419e-07
rs_chromosome16_881145	16	881145	2.93738831842419e-07
rs_chromosome3_118631	3	118631	7.67870671316789e-07
rs_chromosome4_749663	4	749663	1.98197143480266e-06
rs_chromosome4_940217	4	940217	7.71154343907512e-06
rs_chromosome10_302979	10	302979	7.95452442611325e-06
rs_chromosome12_1000826	12	1000826	1.01150883930834e-05
rs_chromosome10_290043	10	290043	7.45575701127846e-06
rs_chromosome15_464594	15	464594	1.50459271969986e-05
rs_chromosome9_390679	9	390679	1.49704428100567e-06
rs_chromosome3_151761	3	151761	4.51091879185179e-06
rs_chromosome8_441789	8	441789	2.05802994594431e-06
rs_chromosome5_542706	5	542706	9.03854659036962e-06
rs_chromosome12_500806	12	500806	1.99385939149761e-05
rs_chromosome8_391049	8	391049	8.72894105482113e-06
rs_chromosome13_869412	13	869412	1.1139060277697e-05
rs_chromosome1_49103	1	49103	2.2997983316103e-05
rs_chromosome5_362305	5	362305	8.85157847841504e-06
rs_chromosome3_279416	3	279416	1.11113236289599e-06
rs_chromosome11_467786	11	467786	3.87818918767343e-06
rs_chromosome3_98617	3	98617	1.84466648165577e-05
rs_chromosome9_112038	9	112038	1.12069683331108e-05
rs_chromosome11_112929	11	112929	1.58128679096369e-05
rs_chromosome10_49357	10	49357	4.28037957240439e-07
rs_chromosome16_733707	16	733707	5.37348104211088e-06
rs_chromosome3_220575	3	220575	1.42931324051846e-05
rs_chromosome10_49501	10	49501	1.73091578912458e-05
rs_chromosome11_370412	11	370412	7.64467522253672e-06
rs_chromosome2_407450	2	407450	1.1133712194827e-05
rs_chromosome13_831873	13	831873	2.82334946286165e-06
rs_chromosome15_269497	15	269497	8.89696816488498e-06
rs_chromosome16_126544	16	126544	2.57975093541102e-05
rs_chromosome15_323605	15	323605	7.63569598975898e-06
rs_chromosome4_288597	4	288597	1.4490746198075e-05
rs_chromosome8_500412	8	500412	1.1259700671193e-05
rs_chromosome16_467054	16	467054	2.39947130253711e-05
rs_chromosome14_727725	14	727725	2.47745207603695e-05
rs_chromosome16_327765	16	327765	5.34518246262547e-06
rs_chromosome6_149493	6	149493	2.22254278077986e-06
rs_chromosome10_576959	10	576959	9.24224815925863e-06
rs_chromosome12_288347	12	288347	8.73423910492561e-06
rs_chromosome4_1442387	4	1442387	9.80456560480411e-07
rs_chromosome11_112929	11	112929	2.36170104178518e-05
rs_chromosome8_419882	8	419882	7.89328797701734e-06
rs_chromosome4_1200630	4	1200630	1.17358054373923e-05
rs_chromosome4_386121	4	386121	9.83633171523525e-06
rs_chromosome1_108813	1	108813	1.05892098028089e-05
rs_chromosome16_560337	16	560337	1.86021809870386e-05
rs_chromosome15_584993	15	584993	1.01936388981481e-05
rs_chromosome15_585188	15	585188	2.12179020707464e-05
rs_chromosome4_1233625	4	1233625	8.94910588472918e-06
rs_chromosome13_32504	13	32504	1.0545395737489e-05
rs_chromosome12_93274	12	93274	1.22123725519087e-05
rs_chromosome10_86690	10	86690	5.52466880462444e-06
rs_chromosome7_1067414	7	1067414	1.32006161132051e-05
rs_chromosome6_161506	6	161506	1.59380774142999e-05
rs_chromosome13_869412	13	869412	1.66515777715826e-05
rs_chromosome1_38689	1	38689	1.72133714190542e-05
rs_chromosome12_372524	12	372524	8.41366308487332e-06
rs_chromosome14_157216	14	157216	7.82374436993129e-06
rs_chromosome9_252351	9	252351	1.44906009178583e-05
rs_chromosome4_202229	4	202229	4.92106215669707e-06
rs_chromosome2_36518	2	36518	1.45583750954576e-05
rs_chromosome2_36517	2	36517	1.45583750954576e-05
rs_chromosome14_67383	14	67383	5.27967743379895e-07
rs_chromosome8_441789	8	441789	6.4737143343432e-06
rs_chromosome4_421455	4	421455	7.81143711281642e-06
rs_chromosome7_855067	7	855067	1.03885228155387e-05
rs_chromosome12_743291	12	743291	2.05070264431647e-06
rs_chromosome12_111423	12	111423	9.4969516046896e-06
rs_chromosome15_194961	15	194961	4.53517264293854e-06
rs_chromosome16_911554	16	911554	4.29144705811784e-06
rs_chromosome13_632030	13	632030	9.1249188081953e-06
rs_chromosome5_206288	5	206288	5.58139254363678e-06
rs_chromosome2_784794	2	784794	1.90961861481063e-06
rs_chromosome16_302673	16	302673	6.91266647815843e-06
rs_chromosome8_211042	8	211042	1.62821729991654e-05
rs_chromosome4_359718	4	359718	2.24410278751898e-05
rs_chromosome16_512149	16	512149	9.46980916573257e-06
rs_chromosome2_532976	2	532976	1.21949310388303e-05
rs_chromosome16_163842	16	163842	1.64784026523037e-05
rs_chromosome12_613292	12	613292	9.85959910510976e-06
rs_chromosome4_1486110	4	1486110	2.26812705109572e-05
rs_chromosome2_542175	2	542175	4.63946267483137e-07
rs_chromosome2_542664	2	542664	3.45686544099179e-06
rs_chromosome10_135996	10	135996	2.39422928358178e-05
rs_chromosome10_126262	10	126262	1.91576981324543e-06
rs_chromosome9_51897	9	51897	4.3200919510782e-06
rs_chromosome14_544744	14	544744	5.18832963513827e-06
rs_chromosome14_134870	14	134870	5.39596917221121e-06
rs_chromosome4_1485210	4	1485210	2.34376693467821e-05
rs_chromosome14_469131	14	469131	1.38283205529886e-06
rs_chromosome8_441789	8	441789	7.38341051860887e-06
rs_chromosome10_43846	10	43846	1.79318613808457e-05
rs_chromosome13_49768	13	49768	2.21247135824798e-05
rs_chromosome7_838381	7	838381	1.97289032703223e-06
rs_chromosome8_482671	8	482671	2.11185805932182e-06
rs_chromosome2_589436	2	589436	3.50020808758011e-05
rs_chromosome1_101471	1	101471	7.12152691231662e-06
rs_chromosome12_623494	12	623494	8.88519282574894e-06
rs_chromosome14_306600	14	306600	6.87566386510382e-06
rs_chromosome8_419882	8	419882	6.92696003809756e-06
rs_chromosome2_40179	2	40179	7.14677734246574e-06
rs_chromosome7_1011474	7	1011474	9.91484579937971e-07
rs_chromosome12_37123	12	37123	2.93400955493416e-06
rs_chromosome13_206980	13	206980	4.08945980093778e-06
rs_chromosome8_431945	8	431945	7.81011820456723e-06
rs_chromosome6_184513	6	184513	8.40614532431399e-06
rs_chromosome2_40179	2	40179	6.37946901958362e-06
rs_chromosome13_479345	13	479345	1.57161319721194e-05
rs_chromosome2_530473	2	530473	1.94107367628734e-05
rs_chromosome10_343856	10	343856	1.65142569182069e-05
rs_chromosome5_31273	5	31273	1.96755185569506e-05
rs_chromosome10_256372	10	256372	2.02702657691215e-05
rs_chromosome16_431368	16	431368	9.92344036805117e-06
rs_chromosome16_375375	16	375375	1.89889456169158e-06
rs_chromosome8_240144	8	240144	7.38999108631949e-06
rs_chromosome9_136845	9	136845	1.23919419270328e-05
rs_chromosome13_788971	13	788971	1.59365733290531e-05
rs_chromosome13_644092	13	644092	3.5359009497447e-07
rs_chromosome15_312151	15	312151	9.66068850042112e-06
rs_chromosome13_801754	13	801754	4.93717938638133e-06
rs_chromosome9_38470	9	38470	3.65337493588426e-06
rs_chromosome10_88585	10	88585	1.58629188293081e-05
rs_chromosome4_302207	4	302207	1.82880411172621e-05
rs_chromosome13_897927	13	897927	9.12804225780605e-06
rs_chromosome16_82074	16	82074	6.76817034377491e-06
rs_chromosome10_658561	10	658561	3.236999186237e-06
rs_chromosome16_639626	16	639626	1.37739179544185e-05
rs_chromosome8_134240	8	134240	1.49201290874392e-05
rs_chromosome10_620583	10	620583	2.43699530675013e-06
rs_chromosome16_672797	16	672797	3.15408855402225e-06
rs_chromosome16_672779	16	672779	3.15408855402225e-06
rs_chromosome9_161795	9	161795	5.32287322840501e-06
rs_chromosome2_515878	2	515878	4.91149824125189e-06
rs_chromosome2_515987	2	515987	5.34782620971832e-06
rs_chromosome12_173985	12	173985	9.9543400698851e-06
rs_chromosome16_209982	16	209982	1.70895427769733e-05
rs_chromosome16_209844	16	209844	1.70895427769733e-05
rs_chromosome14_330503	14	330503	1.40005123757904e-06
rs_chromosome14_323947	14	323947	2.03548661044851e-05
rs_chromosome16_689032	16	689032	2.0650433064957e-05
rs_chromosome8_32115	8	32115	1.27732324204121e-05
rs_chromosome9_112038	9	112038	3.04437923213879e-06
rs_chromosome11_112929	11	112929	2.14241358163072e-05
rs_chromosome8_201705	8	201705	1.11847718461755e-05
rs_chromosome15_1070494	15	1070494	2.54286765162861e-05
rs_chromosome9_303266	9	303266	3.14671530220717e-05
rs_chromosome3_213768	3	213768	1.30323605530941e-05
rs_chromosome8_441789	8	441789	5.53727678029424e-06
rs_chromosome10_523373	10	523373	6.42735497129317e-06
rs_chromosome14_715815	14	715815	3.39732758770146e-06
rs_chromosome5_491556	5	491556	2.82575955976625e-05
rs_chromosome10_576959	10	576959	1.28293793758006e-05
rs_chromosome7_553492	7	553492	9.73236052066001e-06
rs_chromosome13_695300	13	695300	4.96572299464815e-06
rs_chromosome2_787939	2	787939	5.98847765243912e-06
rs_chromosome11_26422	11	26422	2.283497852875e-05
rs_chromosome11_26672	11	26672	2.283497852875e-05
rs_chromosome2_20520	2	20520	1.36690985849909e-05
rs_chromosome2_20268	2	20268	1.36690985849909e-05
rs_chromosome15_610660	15	610660	3.26923082348684e-06
rs_chromosome9_60065	9	60065	1.33148018116204e-05
rs_chromosome8_428018	8	428018	1.4020812997843e-05
rs_chromosome5_542706	5	542706	1.65390453471511e-05
rs_chromosome5_94534	5	94534	1.02254804813514e-05
rs_chromosome16_596886	16	596886	2.00177364224865e-05
rs_chromosome12_903374	12	903374	9.21689397859231e-06
rs_chromosome11_168140	11	168140	7.28249659880107e-06
rs_chromosome14_284715	14	284715	3.70592830133755e-06
rs_chromosome14_284646	14	284646	3.70592830133755e-06
rs_chromosome7_137665	7	137665	1.45581022424457e-05
rs_chromosome8_441789	8	441789	2.27530083708372e-06
rs_chromosome12_224760	12	224760	9.82942348082812e-06
rs_chromosome11_47241	11	47241	4.98925518366144e-06
rs_chromosome1_79085	1	79085	5.36830030577781e-06
rs_chromosome6_41842	6	41842	1.56432073986586e-06
rs_chromosome12_843685	12	843685	1.41249652309977e-05
rs_chromosome4_131941	4	131941	9.78039465165982e-06
rs_chromosome15_367292	15	367292	1.10538297985185e-05
rs_chromosome7_144298	7	144298	1.0679596933096e-06
rs_chromosome12_284978	12	284978	1.38296875249008e-06
rs_chromosome1_47254	1	47254	1.55029767006849e-05
rs_chromosome7_655397	7	655397	3.69745681804494e-06
rs_chromosome4_1203473	4	1203473	1.62995576561955e-05
rs_chromosome4_1203503	4	1203503	1.62995576561955e-05
rs_chromosome15_477610	15	477610	2.01543489255e-05
rs_chromosome15_477611	15	477611	2.01543489255e-05
rs_chromosome12_223519	12	223519	3.05592858482827e-05
rs_chromosome6_94480	6	94480	1.49934824351887e-05
rs_chromosome8_236191	8	236191	2.11767239843093e-05
rs_chromosome10_596360	10	596360	7.88839997621726e-07
rs_chromosome10_128403	10	128403	1.61244755022463e-05
rs_chromosome7_306325	7	306325	1.83114018713759e-05
rs_chromosome9_328196	9	328196	1.41852033424345e-05
rs_chromosome16_124718	16	124718	9.89141165121939e-06
rs_chromosome13_541852	13	541852	1.19274863537574e-05
rs_chromosome4_674365	4	674365	4.33806852175659e-06
rs_chromosome11_136268	11	136268	1.28271456478091e-05
rs_chromosome11_613391	11	613391	5.85374816593787e-08
rs_chromosome14_168745	14	168745	1.17118624607524e-05
rs_chromosome3_92671	3	92671	9.64334188313284e-06
rs_chromosome12_837543	12	837543	9.09980903663996e-07
rs_chromosome3_185604	3	185604	6.88453695969028e-06
rs_chromosome7_894432	7	894432	2.17283952730633e-05
rs_chromosome10_163580	10	163580	2.17465893260433e-05
rs_chromosome9_116742	9	116742	2.55556778918042e-05
rs_chromosome3_185468	3	185468	2.77955519926823e-05
rs_chromosome7_791092	7	791092	3.20811924112636e-05
rs_chromosome13_807655	13	807655	1.06496774004113e-05
